Date,SKUID,ForecastQty,ActualQty
2025-01-01,SKU100,239,218
2025-01-01,SKU101,344,365
2025-01-01,SKU102,499,473
2025-01-01,SKU103,101,96
2025-01-01,SKU104,106,113
2025-01-01,SKU105,430,447
2025-01-01,SKU106,303,282
2025-01-01,SKU107,145,153
2025-01-01,SKU108,369,367
2025-01-01,SKU109,322,299
2025-01-01,SKU110,211,192
2025-01-01,SKU111,304,332
2025-01-01,SKU112,126,136
2025-01-01,SKU113,421,428
2025-01-01,SKU114,280,275
2025-01-01,SKU115,227,208
2025-01-01,SKU116,414,449
2025-01-01,SKU117,227,216
2025-01-01,SKU118,226,230
2025-01-01,SKU119,482,449
2025-01-01,SKU120,439,470
2025-01-01,SKU121,383,400
2025-01-01,SKU122,367,391
2025-01-01,SKU123,163,162
2025-01-01,SKU124,81,80
2025-01-01,SKU125,148,137
2025-01-01,SKU126,103,109
2025-01-01,SKU127,110,120
2025-01-01,SKU128,125,115
2025-01-01,SKU129,133,144
2025-01-02,SKU100,194,206
2025-01-02,SKU101,385,381
2025-01-02,SKU102,75,83
2025-01-02,SKU103,179,197
2025-01-02,SKU104,227,249
2025-01-02,SKU105,420,422
2025-01-02,SKU106,489,450
2025-01-02,SKU107,305,322
2025-01-02,SKU108,270,288
2025-01-02,SKU109,291,300
2025-01-02,SKU110,412,453
2025-01-02,SKU111,118,130
2025-01-02,SKU112,524,489
2025-01-02,SKU113,178,177
2025-01-02,SKU114,165,173
2025-01-02,SKU115,116,118
2025-01-02,SKU116,108,105
2025-01-02,SKU117,95,87
2025-01-02,SKU118,287,288
2025-01-02,SKU119,307,285
2025-01-02,SKU120,88,81
2025-01-02,SKU121,508,481
2025-01-02,SKU122,475,436
2025-01-02,SKU123,445,447
2025-01-02,SKU124,208,191
2025-01-02,SKU125,325,357
2025-01-02,SKU126,106,105
2025-01-02,SKU127,326,351
2025-01-02,SKU128,159,175
2025-01-02,SKU129,196,200
2025-01-03,SKU100,302,314
2025-01-03,SKU101,321,314
2025-01-03,SKU102,117,117
2025-01-03,SKU103,159,147
2025-01-03,SKU104,199,205
2025-01-03,SKU105,372,358
2025-01-03,SKU106,416,414
2025-01-03,SKU107,348,363
2025-01-03,SKU108,141,148
2025-01-03,SKU109,337,363
2025-01-03,SKU110,195,187
2025-01-03,SKU111,432,404
2025-01-03,SKU112,224,208
2025-01-03,SKU113,397,404
2025-01-03,SKU114,78,81
2025-01-03,SKU115,199,214
2025-01-03,SKU116,434,441
2025-01-03,SKU117,128,118
2025-01-03,SKU118,157,156
2025-01-03,SKU119,336,362
2025-01-03,SKU120,230,237
2025-01-03,SKU121,247,263
2025-01-03,SKU122,128,132
2025-01-03,SKU123,315,288
2025-01-03,SKU124,215,201
2025-01-03,SKU125,263,291
2025-01-03,SKU126,264,250
2025-01-03,SKU127,452,422
2025-01-03,SKU128,170,161
2025-01-03,SKU129,106,99
2025-01-04,SKU100,266,259
2025-01-04,SKU101,342,354
2025-01-04,SKU102,199,213
2025-01-04,SKU103,137,135
2025-01-04,SKU104,464,482
2025-01-04,SKU105,135,139
2025-01-04,SKU106,190,210
2025-01-04,SKU107,375,346
2025-01-04,SKU108,487,448
2025-01-04,SKU109,175,180
2025-01-04,SKU110,455,420
2025-01-04,SKU111,448,419
2025-01-04,SKU112,233,233
2025-01-04,SKU113,242,247
2025-01-04,SKU114,136,145
2025-01-04,SKU115,283,274
2025-01-04,SKU116,356,371
2025-01-04,SKU117,76,80
2025-01-04,SKU118,489,482
2025-01-04,SKU119,314,318
2025-01-04,SKU120,339,341
2025-01-04,SKU121,382,417
2025-01-04,SKU122,413,404
2025-01-04,SKU123,439,464
2025-01-04,SKU124,462,492
2025-01-04,SKU125,224,205
2025-01-04,SKU126,432,473
2025-01-04,SKU127,408,402
2025-01-04,SKU128,275,276
2025-01-04,SKU129,430,415
2025-01-05,SKU100,502,466
2025-01-05,SKU101,483,448
2025-01-05,SKU102,356,360
2025-01-05,SKU103,319,323
2025-01-05,SKU104,387,406
2025-01-05,SKU105,379,400
2025-01-05,SKU106,425,445
2025-01-05,SKU107,262,243
2025-01-05,SKU108,148,157
2025-01-05,SKU109,415,441
2025-01-05,SKU110,251,249
2025-01-05,SKU111,197,185
2025-01-05,SKU112,481,474
2025-01-05,SKU113,478,471
2025-01-05,SKU114,249,260
2025-01-05,SKU115,296,294
2025-01-05,SKU116,499,489
2025-01-05,SKU117,183,192
2025-01-05,SKU118,269,279
2025-01-05,SKU119,299,287
2025-01-05,SKU120,158,145
2025-01-05,SKU121,286,281
2025-01-05,SKU122,125,122
2025-01-05,SKU123,295,316
2025-01-05,SKU124,232,247
2025-01-05,SKU125,504,469
2025-01-05,SKU126,280,295
2025-01-05,SKU127,93,89
2025-01-05,SKU128,244,259
2025-01-05,SKU129,375,413
2025-01-06,SKU100,168,165
2025-01-06,SKU101,145,138
2025-01-06,SKU102,137,135
2025-01-06,SKU103,460,426
2025-01-06,SKU104,419,446
2025-01-06,SKU105,380,401
2025-01-06,SKU106,250,234
2025-01-06,SKU107,149,141
2025-01-06,SKU108,97,101
2025-01-06,SKU109,245,269
2025-01-06,SKU110,92,86
2025-01-06,SKU111,328,301
2025-01-06,SKU112,328,315
2025-01-06,SKU113,456,455
2025-01-06,SKU114,419,395
2025-01-06,SKU115,324,327
2025-01-06,SKU116,209,217
2025-01-06,SKU117,118,124
2025-01-06,SKU118,460,464
2025-01-06,SKU119,265,274
2025-01-06,SKU120,230,246
2025-01-06,SKU121,464,488
2025-01-06,SKU122,400,385
2025-01-06,SKU123,85,85
2025-01-06,SKU124,211,203
2025-01-06,SKU125,443,468
2025-01-06,SKU126,443,444
2025-01-06,SKU127,217,230
2025-01-06,SKU128,243,236
2025-01-06,SKU129,365,363
2025-01-07,SKU100,456,458
2025-01-07,SKU101,471,469
2025-01-07,SKU102,171,179
2025-01-07,SKU103,211,234
2025-01-07,SKU104,200,220
2025-01-07,SKU105,238,229
2025-01-07,SKU106,464,465
2025-01-07,SKU107,223,225
2025-01-07,SKU108,190,174
2025-01-07,SKU109,298,324
2025-01-07,SKU110,302,331
2025-01-07,SKU111,99,107
2025-01-07,SKU112,215,235
2025-01-07,SKU113,384,365
2025-01-07,SKU114,495,484
2025-01-07,SKU115,335,310
2025-01-07,SKU116,418,381
2025-01-07,SKU117,362,397
2025-01-07,SKU118,442,470
2025-01-07,SKU119,382,418
2025-01-07,SKU120,331,362
2025-01-07,SKU121,321,310
2025-01-07,SKU122,90,96
2025-01-07,SKU123,470,439
2025-01-07,SKU124,215,199
2025-01-07,SKU125,443,418
2025-01-07,SKU126,139,138
2025-01-07,SKU127,230,216
2025-01-07,SKU128,173,164
2025-01-07,SKU129,402,371
2025-01-08,SKU100,369,389
2025-01-08,SKU101,453,425
2025-01-08,SKU102,98,90
2025-01-08,SKU103,220,217
2025-01-08,SKU104,355,345
2025-01-08,SKU105,374,379
2025-01-08,SKU106,310,320
2025-01-08,SKU107,389,423
2025-01-08,SKU108,301,290
2025-01-08,SKU109,302,285
2025-01-08,SKU110,286,312
2025-01-08,SKU111,152,139
2025-01-08,SKU112,365,343
2025-01-08,SKU113,354,357
2025-01-08,SKU114,335,345
2025-01-08,SKU115,321,306
2025-01-08,SKU116,334,361
2025-01-08,SKU117,435,437
2025-01-08,SKU118,414,391
2025-01-08,SKU119,241,239
2025-01-08,SKU120,120,127
2025-01-08,SKU121,144,140
2025-01-08,SKU122,427,446
2025-01-08,SKU123,311,292
2025-01-08,SKU124,316,313
2025-01-08,SKU125,386,386
2025-01-08,SKU126,109,115
2025-01-08,SKU127,483,483
2025-01-08,SKU128,432,451
2025-01-08,SKU129,416,417
2025-01-09,SKU100,98,102
2025-01-09,SKU101,483,495
2025-01-09,SKU102,515,500
2025-01-09,SKU103,90,98
2025-01-09,SKU104,140,131
2025-01-09,SKU105,377,349
2025-01-09,SKU106,150,153
2025-01-09,SKU107,117,118
2025-01-09,SKU108,414,399
2025-01-09,SKU109,265,248
2025-01-09,SKU110,248,242
2025-01-09,SKU111,323,357
2025-01-09,SKU112,417,403
2025-01-09,SKU113,424,462
2025-01-09,SKU114,420,404
2025-01-09,SKU115,171,165
2025-01-09,SKU116,260,246
2025-01-09,SKU117,267,271
2025-01-09,SKU118,293,290
2025-01-09,SKU119,154,169
2025-01-09,SKU120,406,429
2025-01-09,SKU121,196,198
2025-01-09,SKU122,217,210
2025-01-09,SKU123,235,227
2025-01-09,SKU124,333,306
2025-01-09,SKU125,444,407
2025-01-09,SKU126,334,313
2025-01-09,SKU127,301,327
2025-01-09,SKU128,266,263
2025-01-09,SKU129,99,91
2025-01-10,SKU100,448,427
2025-01-10,SKU101,153,150
2025-01-10,SKU102,96,100
2025-01-10,SKU103,365,376
2025-01-10,SKU104,222,231
2025-01-10,SKU105,168,182
2025-01-10,SKU106,268,267
2025-01-10,SKU107,156,164
2025-01-10,SKU108,242,231
2025-01-10,SKU109,137,138
2025-01-10,SKU110,509,466
2025-01-10,SKU111,465,425
2025-01-10,SKU112,133,126
2025-01-10,SKU113,327,354
2025-01-10,SKU114,478,463
2025-01-10,SKU115,441,406
2025-01-10,SKU116,197,199
2025-01-10,SKU117,354,367
2025-01-10,SKU118,375,411
2025-01-10,SKU119,420,438
2025-01-10,SKU120,137,151
2025-01-10,SKU121,306,332
2025-01-10,SKU122,329,355
2025-01-10,SKU123,461,423
2025-01-10,SKU124,350,356
2025-01-10,SKU125,171,159
2025-01-10,SKU126,337,330
2025-01-10,SKU127,421,433
2025-01-10,SKU128,214,200
2025-01-10,SKU129,270,268
2025-01-11,SKU100,122,115
2025-01-11,SKU101,358,380
2025-01-11,SKU102,442,476
2025-01-11,SKU103,236,221
2025-01-11,SKU104,338,356
2025-01-11,SKU105,448,418
2025-01-11,SKU106,278,263
2025-01-11,SKU107,221,245
2025-01-11,SKU108,150,144
2025-01-11,SKU109,420,461
2025-01-11,SKU110,265,265
2025-01-11,SKU111,318,337
2025-01-11,SKU112,477,452
2025-01-11,SKU113,232,234
2025-01-11,SKU114,347,325
2025-01-11,SKU115,134,135
2025-01-11,SKU116,116,121
2025-01-11,SKU117,137,144
2025-01-11,SKU118,375,360
2025-01-11,SKU119,336,351
2025-01-11,SKU120,275,300
2025-01-11,SKU121,427,415
2025-01-11,SKU122,187,190
2025-01-11,SKU123,269,253
2025-01-11,SKU124,416,453
2025-01-11,SKU125,399,420
2025-01-11,SKU126,294,322
2025-01-11,SKU127,276,301
2025-01-11,SKU128,458,495
2025-01-11,SKU129,371,367
2025-01-12,SKU100,207,194
2025-01-12,SKU101,354,364
2025-01-12,SKU102,206,195
2025-01-12,SKU103,511,499
2025-01-12,SKU104,330,365
2025-01-12,SKU105,414,435
2025-01-12,SKU106,462,439
2025-01-12,SKU107,77,83
2025-01-12,SKU108,407,416
2025-01-12,SKU109,442,404
2025-01-12,SKU110,331,351
2025-01-12,SKU111,236,254
2025-01-12,SKU112,259,246
2025-01-12,SKU113,132,123
2025-01-12,SKU114,476,466
2025-01-12,SKU115,216,219
2025-01-12,SKU116,385,390
2025-01-12,SKU117,467,466
2025-01-12,SKU118,130,136
2025-01-12,SKU119,330,329
2025-01-12,SKU120,187,192
2025-01-12,SKU121,78,83
2025-01-12,SKU122,157,150
2025-01-12,SKU123,127,141
2025-01-12,SKU124,156,169
2025-01-12,SKU125,197,197
2025-01-12,SKU126,238,261
2025-01-12,SKU127,273,303
2025-01-12,SKU128,243,240
2025-01-12,SKU129,455,443
2025-01-13,SKU100,318,348
2025-01-13,SKU101,238,253
2025-01-13,SKU102,350,341
2025-01-13,SKU103,193,179
2025-01-13,SKU104,493,452
2025-01-13,SKU105,146,155
2025-01-13,SKU106,169,181
2025-01-13,SKU107,482,468
2025-01-13,SKU108,487,475
2025-01-13,SKU109,387,368
2025-01-13,SKU110,379,369
2025-01-13,SKU111,386,401
2025-01-13,SKU112,316,320
2025-01-13,SKU113,224,220
2025-01-13,SKU114,112,117
2025-01-13,SKU115,106,109
2025-01-13,SKU116,439,410
2025-01-13,SKU117,384,384
2025-01-13,SKU118,395,363
2025-01-13,SKU119,99,101
2025-01-13,SKU120,169,176
2025-01-13,SKU121,171,157
2025-01-13,SKU122,534,495
2025-01-13,SKU123,123,123
2025-01-13,SKU124,214,206
2025-01-13,SKU125,354,347
2025-01-13,SKU126,218,224
2025-01-13,SKU127,351,386
2025-01-13,SKU128,229,251
2025-01-13,SKU129,417,427
2025-01-14,SKU100,459,496
2025-01-14,SKU101,503,458
2025-01-14,SKU102,423,410
2025-01-14,SKU103,86,89
2025-01-14,SKU104,183,189
2025-01-14,SKU105,214,195
2025-01-14,SKU106,246,231
2025-01-14,SKU107,477,474
2025-01-14,SKU108,316,349
2025-01-14,SKU109,483,472
2025-01-14,SKU110,147,158
2025-01-14,SKU111,423,399
2025-01-14,SKU112,276,304
2025-01-14,SKU113,424,448
2025-01-14,SKU114,236,225
2025-01-14,SKU115,334,353
2025-01-14,SKU116,174,179
2025-01-14,SKU117,333,316
2025-01-14,SKU118,344,350
2025-01-14,SKU119,192,182
2025-01-14,SKU120,189,208
2025-01-14,SKU121,272,270
2025-01-14,SKU122,368,344
2025-01-14,SKU123,438,470
2025-01-14,SKU124,317,342
2025-01-14,SKU125,205,193
2025-01-14,SKU126,91,93
2025-01-14,SKU127,256,271
2025-01-14,SKU128,175,194
2025-01-14,SKU129,458,445
2025-01-15,SKU100,391,360
2025-01-15,SKU101,272,296
2025-01-15,SKU102,216,234
2025-01-15,SKU103,430,407
2025-01-15,SKU104,145,136
2025-01-15,SKU105,319,354
2025-01-15,SKU106,211,203
2025-01-15,SKU107,81,80
2025-01-15,SKU108,274,293
2025-01-15,SKU109,381,348
2025-01-15,SKU110,358,358
2025-01-15,SKU111,88,90
2025-01-15,SKU112,395,405
2025-01-15,SKU113,417,462
2025-01-15,SKU114,212,203
2025-01-15,SKU115,482,475
2025-01-15,SKU116,98,102
2025-01-15,SKU117,382,409
2025-01-15,SKU118,434,436
2025-01-15,SKU119,135,149
2025-01-15,SKU120,216,230
2025-01-15,SKU121,97,101
2025-01-15,SKU122,310,283
2025-01-15,SKU123,189,209
2025-01-15,SKU124,219,226
2025-01-15,SKU125,401,415
2025-01-15,SKU126,264,268
2025-01-15,SKU127,329,305
2025-01-15,SKU128,174,175
2025-01-15,SKU129,489,488
2025-01-16,SKU100,171,165
2025-01-16,SKU101,105,101
2025-01-16,SKU102,288,302
2025-01-16,SKU103,434,423
2025-01-16,SKU104,514,490
2025-01-16,SKU105,88,95
2025-01-16,SKU106,474,480
2025-01-16,SKU107,211,200
2025-01-16,SKU108,300,276
2025-01-16,SKU109,163,158
2025-01-16,SKU110,323,307
2025-01-16,SKU111,341,351
2025-01-16,SKU112,210,222
2025-01-16,SKU113,427,456
2025-01-16,SKU114,338,367
2025-01-16,SKU115,290,308
2025-01-16,SKU116,471,435
2025-01-16,SKU117,131,142
2025-01-16,SKU118,181,168
2025-01-16,SKU119,511,494
2025-01-16,SKU120,267,257
2025-01-16,SKU121,245,228
2025-01-16,SKU122,480,443
2025-01-16,SKU123,472,486
2025-01-16,SKU124,192,182
2025-01-16,SKU125,300,332
2025-01-16,SKU126,266,268
2025-01-16,SKU127,423,393
2025-01-16,SKU128,311,283
2025-01-16,SKU129,342,349
2025-01-17,SKU100,301,301
2025-01-17,SKU101,143,143
2025-01-17,SKU102,156,162
2025-01-17,SKU103,280,257
2025-01-17,SKU104,240,225
2025-01-17,SKU105,441,405
2025-01-17,SKU106,384,400
2025-01-17,SKU107,346,337
2025-01-17,SKU108,350,377
2025-01-17,SKU109,484,448
2025-01-17,SKU110,334,368
2025-01-17,SKU111,112,103
2025-01-17,SKU112,389,413
2025-01-17,SKU113,407,396
2025-01-17,SKU114,404,401
2025-01-17,SKU115,310,327
2025-01-17,SKU116,229,232
2025-01-17,SKU117,158,160
2025-01-17,SKU118,178,184
2025-01-17,SKU119,430,447
2025-01-17,SKU120,153,146
2025-01-17,SKU121,129,134
2025-01-17,SKU122,213,216
2025-01-17,SKU123,100,105
2025-01-17,SKU124,388,395
2025-01-17,SKU125,268,247
2025-01-17,SKU126,186,177
2025-01-17,SKU127,318,319
2025-01-17,SKU128,83,91
2025-01-17,SKU129,343,314
2025-01-18,SKU100,461,471
2025-01-18,SKU101,107,106
2025-01-18,SKU102,347,363
2025-01-18,SKU103,326,310
2025-01-18,SKU104,413,399
2025-01-18,SKU105,126,129
2025-01-18,SKU106,280,267
2025-01-18,SKU107,333,340
2025-01-18,SKU108,91,99
2025-01-18,SKU109,323,322
2025-01-18,SKU110,318,343
2025-01-18,SKU111,159,163
2025-01-18,SKU112,237,233
2025-01-18,SKU113,342,340
2025-01-18,SKU114,231,233
2025-01-18,SKU115,257,249
2025-01-18,SKU116,251,237
2025-01-18,SKU117,443,432
2025-01-18,SKU118,235,215
2025-01-18,SKU119,204,196
2025-01-18,SKU120,167,167
2025-01-18,SKU121,508,476
2025-01-18,SKU122,405,428
2025-01-18,SKU123,403,438
2025-01-18,SKU124,236,240
2025-01-18,SKU125,180,184
2025-01-18,SKU126,344,321
2025-01-18,SKU127,115,111
2025-01-18,SKU128,354,367
2025-01-18,SKU129,340,349
2025-01-19,SKU100,414,440
2025-01-19,SKU101,241,242
2025-01-19,SKU102,508,487
2025-01-19,SKU103,386,373
2025-01-19,SKU104,299,282
2025-01-19,SKU105,96,101
2025-01-19,SKU106,278,257
2025-01-19,SKU107,460,462
2025-01-19,SKU108,338,355
2025-01-19,SKU109,203,219
2025-01-19,SKU110,360,380
2025-01-19,SKU111,331,351
2025-01-19,SKU112,128,131
2025-01-19,SKU113,135,131
2025-01-19,SKU114,395,361
2025-01-19,SKU115,450,414
2025-01-19,SKU116,388,413
2025-01-19,SKU117,232,226
2025-01-19,SKU118,353,373
2025-01-19,SKU119,107,99
2025-01-19,SKU120,184,170
2025-01-19,SKU121,299,283
2025-01-19,SKU122,505,463
2025-01-19,SKU123,89,99
2025-01-19,SKU124,145,134
2025-01-19,SKU125,342,312
2025-01-19,SKU126,357,332
2025-01-19,SKU127,335,338
2025-01-19,SKU128,132,137
2025-01-19,SKU129,391,411
2025-01-20,SKU100,190,174
2025-01-20,SKU101,186,207
2025-01-20,SKU102,323,308
2025-01-20,SKU103,394,378
2025-01-20,SKU104,402,414
2025-01-20,SKU105,388,421
2025-01-20,SKU106,297,287
2025-01-20,SKU107,248,239
2025-01-20,SKU108,224,231
2025-01-20,SKU109,147,148
2025-01-20,SKU110,380,390
2025-01-20,SKU111,337,321
2025-01-20,SKU112,201,191
2025-01-20,SKU113,413,385
2025-01-20,SKU114,309,308
2025-01-20,SKU115,339,368
2025-01-20,SKU116,317,338
2025-01-20,SKU117,158,164
2025-01-20,SKU118,144,139
2025-01-20,SKU119,303,330
2025-01-20,SKU120,450,494
2025-01-20,SKU121,289,292
2025-01-20,SKU122,326,316
2025-01-20,SKU123,89,91
2025-01-20,SKU124,193,191
2025-01-20,SKU125,266,256
2025-01-20,SKU126,126,115
2025-01-20,SKU127,221,226
2025-01-20,SKU128,447,408
2025-01-20,SKU129,297,271
2025-01-21,SKU100,85,81
2025-01-21,SKU101,442,424
2025-01-21,SKU102,291,274
2025-01-21,SKU103,239,257
2025-01-21,SKU104,474,451
2025-01-21,SKU105,411,418
2025-01-21,SKU106,168,185
2025-01-21,SKU107,314,308
2025-01-21,SKU108,98,104
2025-01-21,SKU109,287,304
2025-01-21,SKU110,434,477
2025-01-21,SKU111,211,199
2025-01-21,SKU112,246,243
2025-01-21,SKU113,231,244
2025-01-21,SKU114,326,346
2025-01-21,SKU115,112,111
2025-01-21,SKU116,493,456
2025-01-21,SKU117,301,298
2025-01-21,SKU118,423,409
2025-01-21,SKU119,428,436
2025-01-21,SKU120,254,272
2025-01-21,SKU121,217,203
2025-01-21,SKU122,410,442
2025-01-21,SKU123,110,109
2025-01-21,SKU124,325,351
2025-01-21,SKU125,177,184
2025-01-21,SKU126,331,310
2025-01-21,SKU127,479,450
2025-01-21,SKU128,282,273
2025-01-21,SKU129,109,117
2025-01-22,SKU100,445,436
2025-01-22,SKU101,204,202
2025-01-22,SKU102,320,318
2025-01-22,SKU103,207,213
2025-01-22,SKU104,137,130
2025-01-22,SKU105,500,469
2025-01-22,SKU106,235,240
2025-01-22,SKU107,202,193
2025-01-22,SKU108,394,363
2025-01-22,SKU109,280,293
2025-01-22,SKU110,192,197
2025-01-22,SKU111,372,361
2025-01-22,SKU112,222,211
2025-01-22,SKU113,427,408
2025-01-22,SKU114,481,455
2025-01-22,SKU115,452,448
2025-01-22,SKU116,392,357
2025-01-22,SKU117,103,97
2025-01-22,SKU118,514,498
2025-01-22,SKU119,160,150
2025-01-22,SKU120,411,442
2025-01-22,SKU121,305,313
2025-01-22,SKU122,457,421
2025-01-22,SKU123,297,329
2025-01-22,SKU124,261,290
2025-01-22,SKU125,221,220
2025-01-22,SKU126,358,337
2025-01-22,SKU127,535,492
2025-01-22,SKU128,129,129
2025-01-22,SKU129,399,397
2025-01-23,SKU100,267,274
2025-01-23,SKU101,366,406
2025-01-23,SKU102,358,335
2025-01-23,SKU103,252,249
2025-01-23,SKU104,379,350
2025-01-23,SKU105,467,434
2025-01-23,SKU106,111,103
2025-01-23,SKU107,240,223
2025-01-23,SKU108,89,96
2025-01-23,SKU109,189,186
2025-01-23,SKU110,307,283
2025-01-23,SKU111,348,368
2025-01-23,SKU112,344,356
2025-01-23,SKU113,531,484
2025-01-23,SKU114,352,336
2025-01-23,SKU115,128,130
2025-01-23,SKU116,409,389
2025-01-23,SKU117,459,476
2025-01-23,SKU118,528,481
2025-01-23,SKU119,264,262
2025-01-23,SKU120,181,175
2025-01-23,SKU121,129,123
2025-01-23,SKU122,214,206
2025-01-23,SKU123,154,158
2025-01-23,SKU124,447,458
2025-01-23,SKU125,113,126
2025-01-23,SKU126,277,264
2025-01-23,SKU127,116,124
2025-01-23,SKU128,364,364
2025-01-23,SKU129,121,125
2025-01-24,SKU100,154,166
2025-01-24,SKU101,308,332
2025-01-24,SKU102,217,221
2025-01-24,SKU103,115,119
2025-01-24,SKU104,399,400
2025-01-24,SKU105,289,314
2025-01-24,SKU106,272,282
2025-01-24,SKU107,526,491
2025-01-24,SKU108,318,300
2025-01-24,SKU109,143,149
2025-01-24,SKU110,408,435
2025-01-24,SKU111,309,283
2025-01-24,SKU112,446,435
2025-01-24,SKU113,196,204
2025-01-24,SKU114,471,482
2025-01-24,SKU115,345,368
2025-01-24,SKU116,451,429
2025-01-24,SKU117,448,452
2025-01-24,SKU118,322,304
2025-01-24,SKU119,533,499
2025-01-24,SKU120,310,335
2025-01-24,SKU121,215,209
2025-01-24,SKU122,472,484
2025-01-24,SKU123,330,325
2025-01-24,SKU124,426,434
2025-01-24,SKU125,274,264
2025-01-24,SKU126,439,406
2025-01-24,SKU127,213,207
2025-01-24,SKU128,420,411
2025-01-24,SKU129,438,426
2025-01-25,SKU100,152,157
2025-01-25,SKU101,127,133
2025-01-25,SKU102,420,453
2025-01-25,SKU103,330,313
2025-01-25,SKU104,256,258
2025-01-25,SKU105,431,436
2025-01-25,SKU106,108,102
2025-01-25,SKU107,262,255
2025-01-25,SKU108,178,164
2025-01-25,SKU109,321,344
2025-01-25,SKU110,360,366
2025-01-25,SKU111,478,488
2025-01-25,SKU112,419,407
2025-01-25,SKU113,467,457
2025-01-25,SKU114,377,383
2025-01-25,SKU115,177,189
2025-01-25,SKU116,444,487
2025-01-25,SKU117,331,354
2025-01-25,SKU118,289,314
2025-01-25,SKU119,331,330
2025-01-25,SKU120,376,385
2025-01-25,SKU121,133,138
2025-01-25,SKU122,178,168
2025-01-25,SKU123,251,232
2025-01-25,SKU124,392,424
2025-01-25,SKU125,217,236
2025-01-25,SKU126,152,152
2025-01-25,SKU127,152,150
2025-01-25,SKU128,337,329
2025-01-25,SKU129,445,410
2025-01-26,SKU100,485,497
2025-01-26,SKU101,413,414
2025-01-26,SKU102,304,292
2025-01-26,SKU103,151,165
2025-01-26,SKU104,442,469
2025-01-26,SKU105,196,195
2025-01-26,SKU106,318,314
2025-01-26,SKU107,314,341
2025-01-26,SKU108,480,476
2025-01-26,SKU109,424,467
2025-01-26,SKU110,338,359
2025-01-26,SKU111,486,456
2025-01-26,SKU112,95,96
2025-01-26,SKU113,456,498
2025-01-26,SKU114,468,495
2025-01-26,SKU115,419,432
2025-01-26,SKU116,397,403
2025-01-26,SKU117,452,481
2025-01-26,SKU118,111,110
2025-01-26,SKU119,387,385
2025-01-26,SKU120,219,229
2025-01-26,SKU121,376,343
2025-01-26,SKU122,118,128
2025-01-26,SKU123,120,110
2025-01-26,SKU124,471,439
2025-01-26,SKU125,428,444
2025-01-26,SKU126,416,426
2025-01-26,SKU127,384,403
2025-01-26,SKU128,284,311
2025-01-26,SKU129,360,343
2025-01-27,SKU100,208,191
2025-01-27,SKU101,209,217
2025-01-27,SKU102,365,360
2025-01-27,SKU103,346,328
2025-01-27,SKU104,94,104
2025-01-27,SKU105,284,315
2025-01-27,SKU106,281,313
2025-01-27,SKU107,467,432
2025-01-27,SKU108,173,161
2025-01-27,SKU109,403,415
2025-01-27,SKU110,453,420
2025-01-27,SKU111,289,282
2025-01-27,SKU112,441,466
2025-01-27,SKU113,404,440
2025-01-27,SKU114,110,119
2025-01-27,SKU115,423,428
2025-01-27,SKU116,271,255
2025-01-27,SKU117,146,147
2025-01-27,SKU118,130,125
2025-01-27,SKU119,233,240
2025-01-27,SKU120,290,275
2025-01-27,SKU121,395,426
2025-01-27,SKU122,85,84
2025-01-27,SKU123,270,259
2025-01-27,SKU124,170,157
2025-01-27,SKU125,328,306
2025-01-27,SKU126,121,131
2025-01-27,SKU127,442,453
2025-01-27,SKU128,450,485
2025-01-27,SKU129,116,123
2025-01-28,SKU100,325,333
2025-01-28,SKU101,413,406
2025-01-28,SKU102,94,86
2025-01-28,SKU103,298,278
2025-01-28,SKU104,269,267
2025-01-28,SKU105,350,321
2025-01-28,SKU106,347,380
2025-01-28,SKU107,108,100
2025-01-28,SKU108,231,226
2025-01-28,SKU109,287,292
2025-01-28,SKU110,409,407
2025-01-28,SKU111,203,222
2025-01-28,SKU112,201,184
2025-01-28,SKU113,241,247
2025-01-28,SKU114,426,412
2025-01-28,SKU115,431,437
2025-01-28,SKU116,188,205
2025-01-28,SKU117,319,312
2025-01-28,SKU118,441,421
2025-01-28,SKU119,127,141
2025-01-28,SKU120,79,85
2025-01-28,SKU121,363,344
2025-01-28,SKU122,160,165
2025-01-28,SKU123,227,217
2025-01-28,SKU124,91,95
2025-01-28,SKU125,317,348
2025-01-28,SKU126,367,401
2025-01-28,SKU127,240,264
2025-01-28,SKU128,249,268
2025-01-28,SKU129,385,373
2025-01-29,SKU100,187,194
2025-01-29,SKU101,431,448
2025-01-29,SKU102,249,270
2025-01-29,SKU103,99,106
2025-01-29,SKU104,260,285
2025-01-29,SKU105,236,224
2025-01-29,SKU106,125,124
2025-01-29,SKU107,174,182
2025-01-29,SKU108,377,398
2025-01-29,SKU109,365,332
2025-01-29,SKU110,377,359
2025-01-29,SKU111,90,83
2025-01-29,SKU112,346,357
2025-01-29,SKU113,91,84
2025-01-29,SKU114,405,416
2025-01-29,SKU115,218,237
2025-01-29,SKU116,293,294
2025-01-29,SKU117,424,444
2025-01-29,SKU118,213,198
2025-01-29,SKU119,472,438
2025-01-29,SKU120,124,123
2025-01-29,SKU121,431,406
2025-01-29,SKU122,337,370
2025-01-29,SKU123,192,201
2025-01-29,SKU124,479,490
2025-01-29,SKU125,239,242
2025-01-29,SKU126,169,183
2025-01-29,SKU127,146,159
2025-01-29,SKU128,235,240
2025-01-29,SKU129,446,474
2025-01-30,SKU100,311,342
2025-01-30,SKU101,547,499
2025-01-30,SKU102,307,287
2025-01-30,SKU103,342,361
2025-01-30,SKU104,519,491
2025-01-30,SKU105,118,111
2025-01-30,SKU106,192,181
2025-01-30,SKU107,437,402
2025-01-30,SKU108,361,380
2025-01-30,SKU109,106,113
2025-01-30,SKU110,457,494
2025-01-30,SKU111,109,101
2025-01-30,SKU112,368,373
2025-01-30,SKU113,302,334
2025-01-30,SKU114,163,168
2025-01-30,SKU115,220,223
2025-01-30,SKU116,403,394
2025-01-30,SKU117,230,231
2025-01-30,SKU118,101,111
2025-01-30,SKU119,276,294
2025-01-30,SKU120,441,402
2025-01-30,SKU121,97,89
2025-01-30,SKU122,327,325
2025-01-30,SKU123,369,369
2025-01-30,SKU124,155,172
2025-01-30,SKU125,102,95
2025-01-30,SKU126,542,494
2025-01-30,SKU127,479,472
2025-01-30,SKU128,124,131
2025-01-30,SKU129,375,353
2025-01-31,SKU100,374,370
2025-01-31,SKU101,187,176
2025-01-31,SKU102,222,238
2025-01-31,SKU103,102,108
2025-01-31,SKU104,347,349
2025-01-31,SKU105,370,394
2025-01-31,SKU106,418,447
2025-01-31,SKU107,84,91
2025-01-31,SKU108,160,152
2025-01-31,SKU109,290,266
2025-01-31,SKU110,410,419
2025-01-31,SKU111,225,234
2025-01-31,SKU112,320,303
2025-01-31,SKU113,226,242
2025-01-31,SKU114,416,394
2025-01-31,SKU115,404,381
2025-01-31,SKU116,472,455
2025-01-31,SKU117,407,453
2025-01-31,SKU118,364,373
2025-01-31,SKU119,176,173
2025-01-31,SKU120,412,407
2025-01-31,SKU121,261,249
2025-01-31,SKU122,226,243
2025-01-31,SKU123,457,442
2025-01-31,SKU124,248,251
2025-01-31,SKU125,214,207
2025-01-31,SKU126,444,482
2025-01-31,SKU127,273,277
2025-01-31,SKU128,290,291
2025-01-31,SKU129,350,359
2025-02-01,SKU100,169,162
2025-02-01,SKU101,122,127
2025-02-01,SKU102,340,327
2025-02-01,SKU103,386,414
2025-02-01,SKU104,98,107
2025-02-01,SKU105,300,289
2025-02-01,SKU106,456,453
2025-02-01,SKU107,219,232
2025-02-01,SKU108,375,372
2025-02-01,SKU109,104,107
2025-02-01,SKU110,244,230
2025-02-01,SKU111,305,325
2025-02-01,SKU112,171,167
2025-02-01,SKU113,133,139
2025-02-01,SKU114,356,330
2025-02-01,SKU115,411,408
2025-02-01,SKU116,267,275
2025-02-01,SKU117,211,214
2025-02-01,SKU118,219,217
2025-02-01,SKU119,450,436
2025-02-01,SKU120,271,256
2025-02-01,SKU121,360,381
2025-02-01,SKU122,295,278
2025-02-01,SKU123,462,431
2025-02-01,SKU124,199,200
2025-02-01,SKU125,403,445
2025-02-01,SKU126,364,344
2025-02-01,SKU127,143,155
2025-02-01,SKU128,180,165
2025-02-01,SKU129,99,101
2025-02-02,SKU100,90,86
2025-02-02,SKU101,366,347
2025-02-02,SKU102,145,156
2025-02-02,SKU103,511,468
2025-02-02,SKU104,135,134
2025-02-02,SKU105,242,226
2025-02-02,SKU106,276,290
2025-02-02,SKU107,380,372
2025-02-02,SKU108,216,221
2025-02-02,SKU109,444,428
2025-02-02,SKU110,258,249
2025-02-02,SKU111,350,323
2025-02-02,SKU112,267,252
2025-02-02,SKU113,238,223
2025-02-02,SKU114,142,130
2025-02-02,SKU115,255,233
2025-02-02,SKU116,232,244
2025-02-02,SKU117,376,410
2025-02-02,SKU118,301,288
2025-02-02,SKU119,288,271
2025-02-02,SKU120,147,161
2025-02-02,SKU121,265,286
2025-02-02,SKU122,336,371
2025-02-02,SKU123,194,182
2025-02-02,SKU124,284,313
2025-02-02,SKU125,172,181
2025-02-02,SKU126,290,283
2025-02-02,SKU127,90,95
2025-02-02,SKU128,288,308
2025-02-02,SKU129,351,362
2025-02-03,SKU100,223,217
2025-02-03,SKU101,523,479
2025-02-03,SKU102,348,322
2025-02-03,SKU103,410,387
2025-02-03,SKU104,414,391
2025-02-03,SKU105,455,443
2025-02-03,SKU106,291,272
2025-02-03,SKU107,189,191
2025-02-03,SKU108,390,399
2025-02-03,SKU109,375,341
2025-02-03,SKU110,418,411
2025-02-03,SKU111,396,430
2025-02-03,SKU112,227,221
2025-02-03,SKU113,432,415
2025-02-03,SKU114,163,176
2025-02-03,SKU115,115,109
2025-02-03,SKU116,402,418
2025-02-03,SKU117,95,93
2025-02-03,SKU118,288,294
2025-02-03,SKU119,393,378
2025-02-03,SKU120,171,177
2025-02-03,SKU121,433,431
2025-02-03,SKU122,411,423
2025-02-03,SKU123,178,167
2025-02-03,SKU124,211,230
2025-02-03,SKU125,221,212
2025-02-03,SKU126,188,173
2025-02-03,SKU127,118,125
2025-02-03,SKU128,233,237
2025-02-03,SKU129,216,213
2025-02-04,SKU100,164,150
2025-02-04,SKU101,400,371
2025-02-04,SKU102,258,241
2025-02-04,SKU103,120,121
2025-02-04,SKU104,246,240
2025-02-04,SKU105,207,220
2025-02-04,SKU106,438,471
2025-02-04,SKU107,388,394
2025-02-04,SKU108,326,299
2025-02-04,SKU109,99,99
2025-02-04,SKU110,93,87
2025-02-04,SKU111,92,89
2025-02-04,SKU112,195,207
2025-02-04,SKU113,134,146
2025-02-04,SKU114,220,236
2025-02-04,SKU115,225,228
2025-02-04,SKU116,336,348
2025-02-04,SKU117,280,255
2025-02-04,SKU118,435,464
2025-02-04,SKU119,185,196
2025-02-04,SKU120,411,455
2025-02-04,SKU121,139,143
2025-02-04,SKU122,96,99
2025-02-04,SKU123,477,474
2025-02-04,SKU124,107,104
2025-02-04,SKU125,81,90
2025-02-04,SKU126,299,307
2025-02-04,SKU127,335,322
2025-02-04,SKU128,442,431
2025-02-04,SKU129,384,418
2025-02-05,SKU100,379,347
2025-02-05,SKU101,277,289
2025-02-05,SKU102,361,334
2025-02-05,SKU103,314,326
2025-02-05,SKU104,388,423
2025-02-05,SKU105,385,373
2025-02-05,SKU106,133,126
2025-02-05,SKU107,414,450
2025-02-05,SKU108,196,198
2025-02-05,SKU109,288,317
2025-02-05,SKU110,107,100
2025-02-05,SKU111,410,426
2025-02-05,SKU112,136,128
2025-02-05,SKU113,154,150
2025-02-05,SKU114,283,263
2025-02-05,SKU115,417,455
2025-02-05,SKU116,135,138
2025-02-05,SKU117,287,277
2025-02-05,SKU118,303,295
2025-02-05,SKU119,152,147
2025-02-05,SKU120,148,161
2025-02-05,SKU121,496,490
2025-02-05,SKU122,382,392
2025-02-05,SKU123,100,94
2025-02-05,SKU124,145,146
2025-02-05,SKU125,286,290
2025-02-05,SKU126,399,415
2025-02-05,SKU127,429,427
2025-02-05,SKU128,455,450
2025-02-05,SKU129,253,253
2025-02-06,SKU100,150,164
2025-02-06,SKU101,196,203
2025-02-06,SKU102,320,339
2025-02-06,SKU103,304,286
2025-02-06,SKU104,325,307
2025-02-06,SKU105,331,335
2025-02-06,SKU106,475,461
2025-02-06,SKU107,263,291
2025-02-06,SKU108,133,126
2025-02-06,SKU109,253,235
2025-02-06,SKU110,429,415
2025-02-06,SKU111,113,107
2025-02-06,SKU112,385,366
2025-02-06,SKU113,460,446
2025-02-06,SKU114,126,138
2025-02-06,SKU115,78,81
2025-02-06,SKU116,231,229
2025-02-06,SKU117,121,134
2025-02-06,SKU118,160,151
2025-02-06,SKU119,266,289
2025-02-06,SKU120,162,176
2025-02-06,SKU121,334,314
2025-02-06,SKU122,233,253
2025-02-06,SKU123,431,404
2025-02-06,SKU124,512,475
2025-02-06,SKU125,415,381
2025-02-06,SKU126,82,82
2025-02-06,SKU127,321,301
2025-02-06,SKU128,359,340
2025-02-06,SKU129,351,376
2025-02-07,SKU100,248,233
2025-02-07,SKU101,250,240
2025-02-07,SKU102,179,191
2025-02-07,SKU103,236,228
2025-02-07,SKU104,456,443
2025-02-07,SKU105,370,357
2025-02-07,SKU106,146,139
2025-02-07,SKU107,383,378
2025-02-07,SKU108,303,293
2025-02-07,SKU109,314,296
2025-02-07,SKU110,89,92
2025-02-07,SKU111,101,108
2025-02-07,SKU112,407,429
2025-02-07,SKU113,461,481
2025-02-07,SKU114,279,263
2025-02-07,SKU115,445,425
2025-02-07,SKU116,416,411
2025-02-07,SKU117,509,481
2025-02-07,SKU118,448,434
2025-02-07,SKU119,319,293
2025-02-07,SKU120,329,362
2025-02-07,SKU121,187,183
2025-02-07,SKU122,211,195
2025-02-07,SKU123,400,411
2025-02-07,SKU124,467,458
2025-02-07,SKU125,227,230
2025-02-07,SKU126,191,175
2025-02-07,SKU127,137,141
2025-02-07,SKU128,346,364
2025-02-07,SKU129,189,210
2025-02-08,SKU100,174,174
2025-02-08,SKU101,294,292
2025-02-08,SKU102,243,258
2025-02-08,SKU103,240,249
2025-02-08,SKU104,476,465
2025-02-08,SKU105,509,465
2025-02-08,SKU106,409,422
2025-02-08,SKU107,417,408
2025-02-08,SKU108,103,100
2025-02-08,SKU109,530,487
2025-02-08,SKU110,371,356
2025-02-08,SKU111,366,344
2025-02-08,SKU112,491,491
2025-02-08,SKU113,249,231
2025-02-08,SKU114,314,343
2025-02-08,SKU115,478,475
2025-02-08,SKU116,106,113
2025-02-08,SKU117,202,189
2025-02-08,SKU118,125,133
2025-02-08,SKU119,484,459
2025-02-08,SKU120,121,116
2025-02-08,SKU121,328,315
2025-02-08,SKU122,106,117
2025-02-08,SKU123,117,116
2025-02-08,SKU124,208,212
2025-02-08,SKU125,283,287
2025-02-08,SKU126,391,424
2025-02-08,SKU127,458,448
2025-02-08,SKU128,107,103
2025-02-08,SKU129,310,337
2025-02-09,SKU100,375,404
2025-02-09,SKU101,522,487
2025-02-09,SKU102,85,85
2025-02-09,SKU103,129,143
2025-02-09,SKU104,283,281
2025-02-09,SKU105,196,187
2025-02-09,SKU106,184,188
2025-02-09,SKU107,317,342
2025-02-09,SKU108,421,395
2025-02-09,SKU109,177,172
2025-02-09,SKU110,114,107
2025-02-09,SKU111,414,410
2025-02-09,SKU112,108,114
2025-02-09,SKU113,376,377
2025-02-09,SKU114,149,145
2025-02-09,SKU115,230,225
2025-02-09,SKU116,324,328
2025-02-09,SKU117,245,236
2025-02-09,SKU118,359,370
2025-02-09,SKU119,149,166
2025-02-09,SKU120,201,193
2025-02-09,SKU121,236,221
2025-02-09,SKU122,439,455
2025-02-09,SKU123,299,308
2025-02-09,SKU124,333,362
2025-02-09,SKU125,129,121
2025-02-09,SKU126,333,355
2025-02-09,SKU127,366,400
2025-02-09,SKU128,95,89
2025-02-09,SKU129,504,496
2025-02-10,SKU100,336,336
2025-02-10,SKU101,304,337
2025-02-10,SKU102,539,492
2025-02-10,SKU103,468,467
2025-02-10,SKU104,173,171
2025-02-10,SKU105,161,154
2025-02-10,SKU106,238,263
2025-02-10,SKU107,106,112
2025-02-10,SKU108,397,422
2025-02-10,SKU109,346,320
2025-02-10,SKU110,397,412
2025-02-10,SKU111,430,404
2025-02-10,SKU112,379,376
2025-02-10,SKU113,403,414
2025-02-10,SKU114,119,119
2025-02-10,SKU115,194,194
2025-02-10,SKU116,255,256
2025-02-10,SKU117,350,389
2025-02-10,SKU118,155,164
2025-02-10,SKU119,210,223
2025-02-10,SKU120,270,265
2025-02-10,SKU121,193,197
2025-02-10,SKU122,137,138
2025-02-10,SKU123,190,187
2025-02-10,SKU124,262,290
2025-02-10,SKU125,379,373
2025-02-10,SKU126,310,342
2025-02-10,SKU127,100,108
2025-02-10,SKU128,292,287
2025-02-10,SKU129,95,89
2025-02-11,SKU100,411,399
2025-02-11,SKU101,466,450
2025-02-11,SKU102,349,382
2025-02-11,SKU103,135,147
2025-02-11,SKU104,350,338
2025-02-11,SKU105,120,129
2025-02-11,SKU106,106,99
2025-02-11,SKU107,429,465
2025-02-11,SKU108,157,146
2025-02-11,SKU109,86,80
2025-02-11,SKU110,301,300
2025-02-11,SKU111,106,102
2025-02-11,SKU112,488,490
2025-02-11,SKU113,404,381
2025-02-11,SKU114,128,130
2025-02-11,SKU115,446,472
2025-02-11,SKU116,415,386
2025-02-11,SKU117,158,176
2025-02-11,SKU118,84,83
2025-02-11,SKU119,80,83
2025-02-11,SKU120,472,491
2025-02-11,SKU121,156,159
2025-02-11,SKU122,228,213
2025-02-11,SKU123,272,267
2025-02-11,SKU124,438,466
2025-02-11,SKU125,363,365
2025-02-11,SKU126,362,364
2025-02-11,SKU127,270,256
2025-02-11,SKU128,160,150
2025-02-11,SKU129,437,462
2025-02-12,SKU100,348,321
2025-02-12,SKU101,106,112
2025-02-12,SKU102,354,391
2025-02-12,SKU103,291,285
2025-02-12,SKU104,485,444
2025-02-12,SKU105,506,476
2025-02-12,SKU106,274,304
2025-02-12,SKU107,492,491
2025-02-12,SKU108,490,481
2025-02-12,SKU109,202,198
2025-02-12,SKU110,250,264
2025-02-12,SKU111,136,124
2025-02-12,SKU112,413,422
2025-02-12,SKU113,311,345
2025-02-12,SKU114,127,126
2025-02-12,SKU115,396,366
2025-02-12,SKU116,474,497
2025-02-12,SKU117,338,312
2025-02-12,SKU118,199,213
2025-02-12,SKU119,334,366
2025-02-12,SKU120,147,139
2025-02-12,SKU121,377,355
2025-02-12,SKU122,430,435
2025-02-12,SKU123,344,327
2025-02-12,SKU124,325,314
2025-02-12,SKU125,93,94
2025-02-12,SKU126,282,275
2025-02-12,SKU127,415,439
2025-02-12,SKU128,260,260
2025-02-12,SKU129,203,214
2025-02-13,SKU100,202,215
2025-02-13,SKU101,220,207
2025-02-13,SKU102,440,478
2025-02-13,SKU103,418,419
2025-02-13,SKU104,389,357
2025-02-13,SKU105,382,397
2025-02-13,SKU106,219,220
2025-02-13,SKU107,267,283
2025-02-13,SKU108,107,107
2025-02-13,SKU109,322,356
2025-02-13,SKU110,454,431
2025-02-13,SKU111,438,437
2025-02-13,SKU112,75,84
2025-02-13,SKU113,346,377
2025-02-13,SKU114,198,212
2025-02-13,SKU115,215,217
2025-02-13,SKU116,250,267
2025-02-13,SKU117,305,294
2025-02-13,SKU118,272,285
2025-02-13,SKU119,161,147
2025-02-13,SKU120,456,496
2025-02-13,SKU121,202,200
2025-02-13,SKU122,163,154
2025-02-13,SKU123,341,322
2025-02-13,SKU124,310,335
2025-02-13,SKU125,368,353
2025-02-13,SKU126,210,208
2025-02-13,SKU127,260,283
2025-02-13,SKU128,201,190
2025-02-13,SKU129,369,402
2025-02-14,SKU100,424,424
2025-02-14,SKU101,117,120
2025-02-14,SKU102,439,403
2025-02-14,SKU103,535,493
2025-02-14,SKU104,398,393
2025-02-14,SKU105,156,162
2025-02-14,SKU106,396,414
2025-02-14,SKU107,401,410
2025-02-14,SKU108,278,265
2025-02-14,SKU109,271,291
2025-02-14,SKU110,428,452
2025-02-14,SKU111,478,460
2025-02-14,SKU112,161,165
2025-02-14,SKU113,325,322
2025-02-14,SKU114,284,283
2025-02-14,SKU115,219,214
2025-02-14,SKU116,268,279
2025-02-14,SKU117,222,225
2025-02-14,SKU118,372,349
2025-02-14,SKU119,407,419
2025-02-14,SKU120,320,323
2025-02-14,SKU121,221,219
2025-02-14,SKU122,440,437
2025-02-14,SKU123,321,313
2025-02-14,SKU124,363,368
2025-02-14,SKU125,339,353
2025-02-14,SKU126,336,356
2025-02-14,SKU127,230,237
2025-02-14,SKU128,211,235
2025-02-14,SKU129,500,468
2025-02-15,SKU100,350,360
2025-02-15,SKU101,362,367
2025-02-15,SKU102,467,446
2025-02-15,SKU103,257,273
2025-02-15,SKU104,379,400
2025-02-15,SKU105,451,435
2025-02-15,SKU106,462,460
2025-02-15,SKU107,188,176
2025-02-15,SKU108,210,228
2025-02-15,SKU109,296,311
2025-02-15,SKU110,169,176
2025-02-15,SKU111,319,353
2025-02-15,SKU112,200,217
2025-02-15,SKU113,79,84
2025-02-15,SKU114,313,332
2025-02-15,SKU115,510,482
2025-02-15,SKU116,461,436
2025-02-15,SKU117,505,464
2025-02-15,SKU118,466,477
2025-02-15,SKU119,161,172
2025-02-15,SKU120,293,275
2025-02-15,SKU121,422,445
2025-02-15,SKU122,502,457
2025-02-15,SKU123,480,456
2025-02-15,SKU124,184,186
2025-02-15,SKU125,228,245
2025-02-15,SKU126,501,461
2025-02-15,SKU127,208,209
2025-02-15,SKU128,284,264
2025-02-15,SKU129,129,137
2025-02-16,SKU100,192,207
2025-02-16,SKU101,383,396
2025-02-16,SKU102,106,110
2025-02-16,SKU103,374,354
2025-02-16,SKU104,191,199
2025-02-16,SKU105,431,410
2025-02-16,SKU106,160,178
2025-02-16,SKU107,417,450
2025-02-16,SKU108,435,441
2025-02-16,SKU109,435,436
2025-02-16,SKU110,347,358
2025-02-16,SKU111,236,220
2025-02-16,SKU112,338,363
2025-02-16,SKU113,297,310
2025-02-16,SKU114,264,267
2025-02-16,SKU115,286,274
2025-02-16,SKU116,280,266
2025-02-16,SKU117,409,449
2025-02-16,SKU118,260,278
2025-02-16,SKU119,476,472
2025-02-16,SKU120,240,245
2025-02-16,SKU121,129,129
2025-02-16,SKU122,136,146
2025-02-16,SKU123,133,134
2025-02-16,SKU124,382,372
2025-02-16,SKU125,331,330
2025-02-16,SKU126,191,211
2025-02-16,SKU127,408,447
2025-02-16,SKU128,359,331
2025-02-16,SKU129,503,490
2025-02-17,SKU100,317,345
2025-02-17,SKU101,343,352
2025-02-17,SKU102,395,416
2025-02-17,SKU103,172,171
2025-02-17,SKU104,425,462
2025-02-17,SKU105,272,263
2025-02-17,SKU106,320,298
2025-02-17,SKU107,173,172
2025-02-17,SKU108,387,416
2025-02-17,SKU109,280,260
2025-02-17,SKU110,265,270
2025-02-17,SKU111,435,451
2025-02-17,SKU112,338,359
2025-02-17,SKU113,438,461
2025-02-17,SKU114,254,283
2025-02-17,SKU115,347,385
2025-02-17,SKU116,210,234
2025-02-17,SKU117,217,241
2025-02-17,SKU118,239,221
2025-02-17,SKU119,403,372
2025-02-17,SKU120,98,99
2025-02-17,SKU121,209,215
2025-02-17,SKU122,189,199
2025-02-17,SKU123,364,372
2025-02-17,SKU124,124,119
2025-02-17,SKU125,350,329
2025-02-17,SKU126,398,375
2025-02-17,SKU127,391,408
2025-02-17,SKU128,366,375
2025-02-17,SKU129,458,474
2025-02-18,SKU100,412,437
2025-02-18,SKU101,499,454
2025-02-18,SKU102,389,384
2025-02-18,SKU103,288,301
2025-02-18,SKU104,142,147
2025-02-18,SKU105,419,461
2025-02-18,SKU106,120,123
2025-02-18,SKU107,404,437
2025-02-18,SKU108,343,366
2025-02-18,SKU109,349,372
2025-02-18,SKU110,330,348
2025-02-18,SKU111,470,477
2025-02-18,SKU112,343,374
2025-02-18,SKU113,288,296
2025-02-18,SKU114,260,256
2025-02-18,SKU115,220,236
2025-02-18,SKU116,549,500
2025-02-18,SKU117,152,154
2025-02-18,SKU118,419,430
2025-02-18,SKU119,113,123
2025-02-18,SKU120,430,397
2025-02-18,SKU121,264,255
2025-02-18,SKU122,308,310
2025-02-18,SKU123,461,458
2025-02-18,SKU124,364,347
2025-02-18,SKU125,416,398
2025-02-18,SKU126,451,437
2025-02-18,SKU127,421,419
2025-02-18,SKU128,105,110
2025-02-18,SKU129,198,218
2025-02-19,SKU100,240,241
2025-02-19,SKU101,117,125
2025-02-19,SKU102,398,367
2025-02-19,SKU103,223,206
2025-02-19,SKU104,322,330
2025-02-19,SKU105,266,257
2025-02-19,SKU106,221,234
2025-02-19,SKU107,451,495
2025-02-19,SKU108,299,278
2025-02-19,SKU109,396,364
2025-02-19,SKU110,274,254
2025-02-19,SKU111,129,124
2025-02-19,SKU112,422,393
2025-02-19,SKU113,277,293
2025-02-19,SKU114,258,239
2025-02-19,SKU115,330,357
2025-02-19,SKU116,380,377
2025-02-19,SKU117,144,150
2025-02-19,SKU118,376,348
2025-02-19,SKU119,440,474
2025-02-19,SKU120,154,160
2025-02-19,SKU121,413,448
2025-02-19,SKU122,160,154
2025-02-19,SKU123,317,291
2025-02-19,SKU124,500,461
2025-02-19,SKU125,437,458
2025-02-19,SKU126,137,147
2025-02-19,SKU127,220,216
2025-02-19,SKU128,364,385
2025-02-19,SKU129,240,263
2025-02-20,SKU100,237,218
2025-02-20,SKU101,464,423
2025-02-20,SKU102,184,170
2025-02-20,SKU103,394,395
2025-02-20,SKU104,338,314
2025-02-20,SKU105,433,477
2025-02-20,SKU106,286,274
2025-02-20,SKU107,466,460
2025-02-20,SKU108,438,408
2025-02-20,SKU109,133,135
2025-02-20,SKU110,205,205
2025-02-20,SKU111,101,100
2025-02-20,SKU112,439,402
2025-02-20,SKU113,298,305
2025-02-20,SKU114,224,226
2025-02-20,SKU115,425,393
2025-02-20,SKU116,150,152
2025-02-20,SKU117,131,126
2025-02-20,SKU118,486,478
2025-02-20,SKU119,145,149
2025-02-20,SKU120,86,92
2025-02-20,SKU121,479,444
2025-02-20,SKU122,200,208
2025-02-20,SKU123,470,444
2025-02-20,SKU124,131,143
2025-02-20,SKU125,392,404
2025-02-20,SKU126,288,276
2025-02-20,SKU127,157,161
2025-02-20,SKU128,441,473
2025-02-20,SKU129,447,417
2025-02-21,SKU100,85,86
2025-02-21,SKU101,444,493
2025-02-21,SKU102,194,191
2025-02-21,SKU103,285,289
2025-02-21,SKU104,78,83
2025-02-21,SKU105,407,397
2025-02-21,SKU106,161,174
2025-02-21,SKU107,91,98
2025-02-21,SKU108,400,375
2025-02-21,SKU109,112,124
2025-02-21,SKU110,167,162
2025-02-21,SKU111,451,434
2025-02-21,SKU112,343,367
2025-02-21,SKU113,365,376
2025-02-21,SKU114,454,473
2025-02-21,SKU115,291,274
2025-02-21,SKU116,329,361
2025-02-21,SKU117,147,142
2025-02-21,SKU118,342,349
2025-02-21,SKU119,191,187
2025-02-21,SKU120,496,453
2025-02-21,SKU121,341,327
2025-02-21,SKU122,529,483
2025-02-21,SKU123,418,391
2025-02-21,SKU124,411,374
2025-02-21,SKU125,149,146
2025-02-21,SKU126,464,453
2025-02-21,SKU127,185,172
2025-02-21,SKU128,249,228
2025-02-21,SKU129,91,92
2025-02-22,SKU100,227,237
2025-02-22,SKU101,425,472
2025-02-22,SKU102,248,254
2025-02-22,SKU103,100,94
2025-02-22,SKU104,274,253
2025-02-22,SKU105,341,322
2025-02-22,SKU106,303,326
2025-02-22,SKU107,382,354
2025-02-22,SKU108,487,496
2025-02-22,SKU109,332,346
2025-02-22,SKU110,243,241
2025-02-22,SKU111,388,375
2025-02-22,SKU112,149,156
2025-02-22,SKU113,278,272
2025-02-22,SKU114,381,390
2025-02-22,SKU115,504,480
2025-02-22,SKU116,251,241
2025-02-22,SKU117,123,124
2025-02-22,SKU118,331,311
2025-02-22,SKU119,334,348
2025-02-22,SKU120,436,481
2025-02-22,SKU121,125,127
2025-02-22,SKU122,353,327
2025-02-22,SKU123,275,254
2025-02-22,SKU124,334,348
2025-02-22,SKU125,508,473
2025-02-22,SKU126,138,147
2025-02-22,SKU127,289,278
2025-02-22,SKU128,78,82
2025-02-22,SKU129,412,384
2025-02-23,SKU100,469,475
2025-02-23,SKU101,145,156
2025-02-23,SKU102,402,398
2025-02-23,SKU103,346,357
2025-02-23,SKU104,165,152
2025-02-23,SKU105,191,205
2025-02-23,SKU106,255,253
2025-02-23,SKU107,93,94
2025-02-23,SKU108,130,134
2025-02-23,SKU109,262,280
2025-02-23,SKU110,392,383
2025-02-23,SKU111,315,308
2025-02-23,SKU112,467,498
2025-02-23,SKU113,323,353
2025-02-23,SKU114,135,147
2025-02-23,SKU115,127,129
2025-02-23,SKU116,466,443
2025-02-23,SKU117,180,194
2025-02-23,SKU118,260,266
2025-02-23,SKU119,405,420
2025-02-23,SKU120,298,329
2025-02-23,SKU121,257,259
2025-02-23,SKU122,458,473
2025-02-23,SKU123,312,340
2025-02-23,SKU124,129,134
2025-02-23,SKU125,465,485
2025-02-23,SKU126,375,382
2025-02-23,SKU127,335,360
2025-02-23,SKU128,109,113
2025-02-23,SKU129,317,300
2025-02-24,SKU100,262,287
2025-02-24,SKU101,505,496
2025-02-24,SKU102,342,333
2025-02-24,SKU103,203,191
2025-02-24,SKU104,478,466
2025-02-24,SKU105,159,155
2025-02-24,SKU106,223,229
2025-02-24,SKU107,169,180
2025-02-24,SKU108,392,371
2025-02-24,SKU109,315,302
2025-02-24,SKU110,340,378
2025-02-24,SKU111,155,145
2025-02-24,SKU112,394,361
2025-02-24,SKU113,389,366
2025-02-24,SKU114,240,224
2025-02-24,SKU115,446,439
2025-02-24,SKU116,433,444
2025-02-24,SKU117,338,359
2025-02-24,SKU118,141,151
2025-02-24,SKU119,281,264
2025-02-24,SKU120,391,423
2025-02-24,SKU121,371,411
2025-02-24,SKU122,339,329
2025-02-24,SKU123,154,150
2025-02-24,SKU124,337,313
2025-02-24,SKU125,304,297
2025-02-24,SKU126,300,297
2025-02-24,SKU127,246,261
2025-02-24,SKU128,84,83
2025-02-24,SKU129,444,444
2025-02-25,SKU100,319,318
2025-02-25,SKU101,359,392
2025-02-25,SKU102,474,459
2025-02-25,SKU103,441,430
2025-02-25,SKU104,357,393
2025-02-25,SKU105,431,478
2025-02-25,SKU106,324,320
2025-02-25,SKU107,283,260
2025-02-25,SKU108,149,165
2025-02-25,SKU109,245,235
2025-02-25,SKU110,113,111
2025-02-25,SKU111,339,373
2025-02-25,SKU112,468,457
2025-02-25,SKU113,112,122
2025-02-25,SKU114,459,481
2025-02-25,SKU115,212,223
2025-02-25,SKU116,423,459
2025-02-25,SKU117,400,382
2025-02-25,SKU118,285,269
2025-02-25,SKU119,414,438
2025-02-25,SKU120,375,350
2025-02-25,SKU121,156,154
2025-02-25,SKU122,349,333
2025-02-25,SKU123,261,276
2025-02-25,SKU124,378,406
2025-02-25,SKU125,233,256
2025-02-25,SKU126,460,499
2025-02-25,SKU127,282,284
2025-02-25,SKU128,504,465
2025-02-25,SKU129,446,429
2025-02-26,SKU100,424,392
2025-02-26,SKU101,207,218
2025-02-26,SKU102,421,415
2025-02-26,SKU103,446,425
2025-02-26,SKU104,401,381
2025-02-26,SKU105,442,426
2025-02-26,SKU106,324,360
2025-02-26,SKU107,102,114
2025-02-26,SKU108,137,133
2025-02-26,SKU109,431,451
2025-02-26,SKU110,94,92
2025-02-26,SKU111,396,384
2025-02-26,SKU112,396,386
2025-02-26,SKU113,132,124
2025-02-26,SKU114,437,416
2025-02-26,SKU115,536,491
2025-02-26,SKU116,165,174
2025-02-26,SKU117,121,118
2025-02-26,SKU118,309,298
2025-02-26,SKU119,457,474
2025-02-26,SKU120,111,117
2025-02-26,SKU121,268,278
2025-02-26,SKU122,472,496
2025-02-26,SKU123,362,331
2025-02-26,SKU124,262,281
2025-02-26,SKU125,154,153
2025-02-26,SKU126,405,394
2025-02-26,SKU127,195,212
2025-02-26,SKU128,388,372
2025-02-26,SKU129,310,334
2025-02-27,SKU100,305,286
2025-02-27,SKU101,175,195
2025-02-27,SKU102,477,479
2025-02-27,SKU103,254,263
2025-02-27,SKU104,110,108
2025-02-27,SKU105,268,267
2025-02-27,SKU106,331,315
2025-02-27,SKU107,171,183
2025-02-27,SKU108,392,418
2025-02-27,SKU109,137,134
2025-02-27,SKU110,132,123
2025-02-27,SKU111,164,177
2025-02-27,SKU112,492,448
2025-02-27,SKU113,254,279
2025-02-27,SKU114,236,237
2025-02-27,SKU115,94,98
2025-02-27,SKU116,407,449
2025-02-27,SKU117,508,493
2025-02-27,SKU118,458,427
2025-02-27,SKU119,466,459
2025-02-27,SKU120,423,456
2025-02-27,SKU121,347,321
2025-02-27,SKU122,212,204
2025-02-27,SKU123,172,168
2025-02-27,SKU124,446,486
2025-02-27,SKU125,348,382
2025-02-27,SKU126,340,334
2025-02-27,SKU127,118,112
2025-02-27,SKU128,528,495
2025-02-27,SKU129,274,285
2025-02-28,SKU100,338,363
2025-02-28,SKU101,342,377
2025-02-28,SKU102,412,403
2025-02-28,SKU103,301,329
2025-02-28,SKU104,130,125
2025-02-28,SKU105,221,225
2025-02-28,SKU106,135,144
2025-02-28,SKU107,343,347
2025-02-28,SKU108,172,169
2025-02-28,SKU109,179,172
2025-02-28,SKU110,128,125
2025-02-28,SKU111,264,294
2025-02-28,SKU112,153,140
2025-02-28,SKU113,284,265
2025-02-28,SKU114,190,192
2025-02-28,SKU115,177,186
2025-02-28,SKU116,452,487
2025-02-28,SKU117,158,170
2025-02-28,SKU118,398,410
2025-02-28,SKU119,201,208
2025-02-28,SKU120,139,133
2025-02-28,SKU121,169,160
2025-02-28,SKU122,127,139
2025-02-28,SKU123,312,307
2025-02-28,SKU124,189,181
2025-02-28,SKU125,440,478
2025-02-28,SKU126,210,201
2025-02-28,SKU127,175,192
2025-02-28,SKU128,115,107
2025-02-28,SKU129,388,392
2025-03-01,SKU100,308,314
2025-03-01,SKU101,235,231
2025-03-01,SKU102,424,393
2025-03-01,SKU103,180,197
2025-03-01,SKU104,193,190
2025-03-01,SKU105,91,87
2025-03-01,SKU106,195,206
2025-03-01,SKU107,208,193
2025-03-01,SKU108,168,156
2025-03-01,SKU109,92,102
2025-03-01,SKU110,473,473
2025-03-01,SKU111,279,281
2025-03-01,SKU112,128,130
2025-03-01,SKU113,383,365
2025-03-01,SKU114,313,288
2025-03-01,SKU115,218,231
2025-03-01,SKU116,335,325
2025-03-01,SKU117,337,315
2025-03-01,SKU118,100,92
2025-03-01,SKU119,161,150
2025-03-01,SKU120,519,484
2025-03-01,SKU121,451,440
2025-03-01,SKU122,298,277
2025-03-01,SKU123,92,96
2025-03-01,SKU124,396,393
2025-03-01,SKU125,393,430
2025-03-01,SKU126,108,108
2025-03-01,SKU127,97,106
2025-03-01,SKU128,359,396
2025-03-01,SKU129,415,411
2025-03-02,SKU100,349,337
2025-03-02,SKU101,109,112
2025-03-02,SKU102,337,336
2025-03-02,SKU103,445,443
2025-03-02,SKU104,226,229
2025-03-02,SKU105,461,424
2025-03-02,SKU106,288,314
2025-03-02,SKU107,163,171
2025-03-02,SKU108,156,164
2025-03-02,SKU109,310,334
2025-03-02,SKU110,362,401
2025-03-02,SKU111,387,357
2025-03-02,SKU112,291,295
2025-03-02,SKU113,214,229
2025-03-02,SKU114,463,490
2025-03-02,SKU115,246,251
2025-03-02,SKU116,433,410
2025-03-02,SKU117,436,420
2025-03-02,SKU118,301,314
2025-03-02,SKU119,465,484
2025-03-02,SKU120,318,327
2025-03-02,SKU121,96,104
2025-03-02,SKU122,168,165
2025-03-02,SKU123,338,354
2025-03-02,SKU124,459,442
2025-03-02,SKU125,147,158
2025-03-02,SKU126,245,242
2025-03-02,SKU127,252,269
2025-03-02,SKU128,100,97
2025-03-02,SKU129,267,270
2025-03-03,SKU100,347,322
2025-03-03,SKU101,164,155
2025-03-03,SKU102,296,306
2025-03-03,SKU103,351,325
2025-03-03,SKU104,334,362
2025-03-03,SKU105,422,396
2025-03-03,SKU106,122,127
2025-03-03,SKU107,181,179
2025-03-03,SKU108,451,472
2025-03-03,SKU109,379,355
2025-03-03,SKU110,135,124
2025-03-03,SKU111,318,331
2025-03-03,SKU112,116,108
2025-03-03,SKU113,161,155
2025-03-03,SKU114,269,277
2025-03-03,SKU115,249,259
2025-03-03,SKU116,336,367
2025-03-03,SKU117,321,307
2025-03-03,SKU118,293,306
2025-03-03,SKU119,310,297
2025-03-03,SKU120,387,380
2025-03-03,SKU121,233,235
2025-03-03,SKU122,122,113
2025-03-03,SKU123,249,272
2025-03-03,SKU124,215,219
2025-03-03,SKU125,449,443
2025-03-03,SKU126,186,175
2025-03-03,SKU127,300,331
2025-03-03,SKU128,364,379
2025-03-03,SKU129,299,317
2025-03-04,SKU100,404,386
2025-03-04,SKU101,364,369
2025-03-04,SKU102,428,431
2025-03-04,SKU103,137,141
2025-03-04,SKU104,94,88
2025-03-04,SKU105,101,109
2025-03-04,SKU106,402,434
2025-03-04,SKU107,212,219
2025-03-04,SKU108,238,262
2025-03-04,SKU109,442,407
2025-03-04,SKU110,484,472
2025-03-04,SKU111,434,465
2025-03-04,SKU112,256,241
2025-03-04,SKU113,223,234
2025-03-04,SKU114,243,265
2025-03-04,SKU115,138,153
2025-03-04,SKU116,285,270
2025-03-04,SKU117,150,163
2025-03-04,SKU118,205,193
2025-03-04,SKU119,461,433
2025-03-04,SKU120,366,352
2025-03-04,SKU121,452,490
2025-03-04,SKU122,109,119
2025-03-04,SKU123,87,88
2025-03-04,SKU124,245,265
2025-03-04,SKU125,386,385
2025-03-04,SKU126,425,443
2025-03-04,SKU127,132,140
2025-03-04,SKU128,408,432
2025-03-04,SKU129,160,146
2025-03-05,SKU100,295,320
2025-03-05,SKU101,108,113
2025-03-05,SKU102,136,129
2025-03-05,SKU103,410,380
2025-03-05,SKU104,234,259
2025-03-05,SKU105,502,462
2025-03-05,SKU106,242,260
2025-03-05,SKU107,463,453
2025-03-05,SKU108,104,114
2025-03-05,SKU109,87,87
2025-03-05,SKU110,209,224
2025-03-05,SKU111,414,451
2025-03-05,SKU112,361,338
2025-03-05,SKU113,444,437
2025-03-05,SKU114,125,134
2025-03-05,SKU115,280,297
2025-03-05,SKU116,144,137
2025-03-05,SKU117,293,318
2025-03-05,SKU118,456,470
2025-03-05,SKU119,407,449
2025-03-05,SKU120,135,139
2025-03-05,SKU121,438,456
2025-03-05,SKU122,356,363
2025-03-05,SKU123,124,115
2025-03-05,SKU124,415,427
2025-03-05,SKU125,342,331
2025-03-05,SKU126,358,347
2025-03-05,SKU127,149,153
2025-03-05,SKU128,138,132
2025-03-05,SKU129,291,266
2025-03-06,SKU100,328,328
2025-03-06,SKU101,287,312
2025-03-06,SKU102,316,334
2025-03-06,SKU103,136,130
2025-03-06,SKU104,386,427
2025-03-06,SKU105,402,389
2025-03-06,SKU106,407,398
2025-03-06,SKU107,465,464
2025-03-06,SKU108,299,318
2025-03-06,SKU109,331,331
2025-03-06,SKU110,529,494
2025-03-06,SKU111,426,471
2025-03-06,SKU112,136,140
2025-03-06,SKU113,268,272
2025-03-06,SKU114,171,170
2025-03-06,SKU115,411,441
2025-03-06,SKU116,249,239
2025-03-06,SKU117,137,136
2025-03-06,SKU118,376,363
2025-03-06,SKU119,327,323
2025-03-06,SKU120,105,108
2025-03-06,SKU121,279,273
2025-03-06,SKU122,216,225
2025-03-06,SKU123,95,103
2025-03-06,SKU124,517,494
2025-03-06,SKU125,387,400
2025-03-06,SKU126,281,256
2025-03-06,SKU127,111,108
2025-03-06,SKU128,395,411
2025-03-06,SKU129,394,432
2025-03-07,SKU100,344,381
2025-03-07,SKU101,363,372
2025-03-07,SKU102,491,493
2025-03-07,SKU103,178,185
2025-03-07,SKU104,486,471
2025-03-07,SKU105,226,233
2025-03-07,SKU106,343,334
2025-03-07,SKU107,333,354
2025-03-07,SKU108,255,232
2025-03-07,SKU109,199,195
2025-03-07,SKU110,345,376
2025-03-07,SKU111,115,114
2025-03-07,SKU112,280,298
2025-03-07,SKU113,234,234
2025-03-07,SKU114,422,419
2025-03-07,SKU115,270,285
2025-03-07,SKU116,445,423
2025-03-07,SKU117,91,89
2025-03-07,SKU118,177,175
2025-03-07,SKU119,500,460
2025-03-07,SKU120,408,406
2025-03-07,SKU121,511,473
2025-03-07,SKU122,364,400
2025-03-07,SKU123,293,316
2025-03-07,SKU124,452,430
2025-03-07,SKU125,260,243
2025-03-07,SKU126,196,184
2025-03-07,SKU127,232,226
2025-03-07,SKU128,366,387
2025-03-07,SKU129,146,156
2025-03-08,SKU100,421,417
2025-03-08,SKU101,110,101
2025-03-08,SKU102,81,90
2025-03-08,SKU103,372,388
2025-03-08,SKU104,310,288
2025-03-08,SKU105,123,126
2025-03-08,SKU106,143,151
2025-03-08,SKU107,365,336
2025-03-08,SKU108,410,377
2025-03-08,SKU109,359,334
2025-03-08,SKU110,149,142
2025-03-08,SKU111,396,379
2025-03-08,SKU112,217,200
2025-03-08,SKU113,125,134
2025-03-08,SKU114,274,289
2025-03-08,SKU115,333,331
2025-03-08,SKU116,131,137
2025-03-08,SKU117,407,429
2025-03-08,SKU118,523,481
2025-03-08,SKU119,434,446
2025-03-08,SKU120,448,410
2025-03-08,SKU121,472,458
2025-03-08,SKU122,499,483
2025-03-08,SKU123,265,276
2025-03-08,SKU124,513,495
2025-03-08,SKU125,215,201
2025-03-08,SKU126,305,281
2025-03-08,SKU127,136,126
2025-03-08,SKU128,200,187
2025-03-08,SKU129,311,304
2025-03-09,SKU100,416,437
2025-03-09,SKU101,301,295
2025-03-09,SKU102,244,247
2025-03-09,SKU103,108,106
2025-03-09,SKU104,324,307
2025-03-09,SKU105,267,285
2025-03-09,SKU106,342,374
2025-03-09,SKU107,358,344
2025-03-09,SKU108,156,146
2025-03-09,SKU109,527,485
2025-03-09,SKU110,422,456
2025-03-09,SKU111,408,383
2025-03-09,SKU112,120,123
2025-03-09,SKU113,297,273
2025-03-09,SKU114,98,90
2025-03-09,SKU115,402,393
2025-03-09,SKU116,172,181
2025-03-09,SKU117,291,285
2025-03-09,SKU118,143,156
2025-03-09,SKU119,341,370
2025-03-09,SKU120,318,302
2025-03-09,SKU121,423,424
2025-03-09,SKU122,172,184
2025-03-09,SKU123,461,462
2025-03-09,SKU124,188,185
2025-03-09,SKU125,399,426
2025-03-09,SKU126,450,485
2025-03-09,SKU127,204,200
2025-03-09,SKU128,391,378
2025-03-09,SKU129,84,85
2025-03-10,SKU100,347,321
2025-03-10,SKU101,462,423
2025-03-10,SKU102,491,463
2025-03-10,SKU103,346,338
2025-03-10,SKU104,412,423
2025-03-10,SKU105,352,377
2025-03-10,SKU106,360,332
2025-03-10,SKU107,120,125
2025-03-10,SKU108,144,152
2025-03-10,SKU109,144,145
2025-03-10,SKU110,286,264
2025-03-10,SKU111,218,214
2025-03-10,SKU112,236,240
2025-03-10,SKU113,502,457
2025-03-10,SKU114,427,416
2025-03-10,SKU115,163,176
2025-03-10,SKU116,97,98
2025-03-10,SKU117,314,319
2025-03-10,SKU118,297,306
2025-03-10,SKU119,325,328
2025-03-10,SKU120,480,448
2025-03-10,SKU121,119,127
2025-03-10,SKU122,174,166
2025-03-10,SKU123,426,419
2025-03-10,SKU124,367,349
2025-03-10,SKU125,112,119
2025-03-10,SKU126,137,128
2025-03-10,SKU127,469,428
2025-03-10,SKU128,275,271
2025-03-10,SKU129,228,245
2025-03-11,SKU100,259,245
2025-03-11,SKU101,392,360
2025-03-11,SKU102,270,284
2025-03-11,SKU103,260,284
2025-03-11,SKU104,293,278
2025-03-11,SKU105,507,465
2025-03-11,SKU106,231,232
2025-03-11,SKU107,533,492
2025-03-11,SKU108,142,147
2025-03-11,SKU109,268,268
2025-03-11,SKU110,276,278
2025-03-11,SKU111,271,296
2025-03-11,SKU112,274,268
2025-03-11,SKU113,273,298
2025-03-11,SKU114,328,317
2025-03-11,SKU115,414,445
2025-03-11,SKU116,413,402
2025-03-11,SKU117,315,319
2025-03-11,SKU118,171,156
2025-03-11,SKU119,248,233
2025-03-11,SKU120,234,231
2025-03-11,SKU121,103,103
2025-03-11,SKU122,267,291
2025-03-11,SKU123,394,371
2025-03-11,SKU124,347,379
2025-03-11,SKU125,144,138
2025-03-11,SKU126,451,482
2025-03-11,SKU127,119,122
2025-03-11,SKU128,244,240
2025-03-11,SKU129,418,423
2025-03-12,SKU100,327,315
2025-03-12,SKU101,405,388
2025-03-12,SKU102,543,496
2025-03-12,SKU103,463,424
2025-03-12,SKU104,471,491
2025-03-12,SKU105,81,87
2025-03-12,SKU106,188,176
2025-03-12,SKU107,382,412
2025-03-12,SKU108,428,400
2025-03-12,SKU109,119,124
2025-03-12,SKU110,316,322
2025-03-12,SKU111,165,158
2025-03-12,SKU112,290,321
2025-03-12,SKU113,191,204
2025-03-12,SKU114,254,280
2025-03-12,SKU115,429,402
2025-03-12,SKU116,348,333
2025-03-12,SKU117,399,363
2025-03-12,SKU118,283,284
2025-03-12,SKU119,427,393
2025-03-12,SKU120,405,445
2025-03-12,SKU121,361,375
2025-03-12,SKU122,404,411
2025-03-12,SKU123,341,333
2025-03-12,SKU124,321,309
2025-03-12,SKU125,237,227
2025-03-12,SKU126,287,304
2025-03-12,SKU127,416,430
2025-03-12,SKU128,460,446
2025-03-12,SKU129,240,230
2025-03-13,SKU100,389,390
2025-03-13,SKU101,318,332
2025-03-13,SKU102,114,104
2025-03-13,SKU103,206,213
2025-03-13,SKU104,305,337
2025-03-13,SKU105,276,300
2025-03-13,SKU106,346,367
2025-03-13,SKU107,467,481
2025-03-13,SKU108,348,365
2025-03-13,SKU109,465,433
2025-03-13,SKU110,138,133
2025-03-13,SKU111,343,314
2025-03-13,SKU112,490,480
2025-03-13,SKU113,333,367
2025-03-13,SKU114,371,402
2025-03-13,SKU115,246,265
2025-03-13,SKU116,322,306
2025-03-13,SKU117,121,130
2025-03-13,SKU118,462,499
2025-03-13,SKU119,307,292
2025-03-13,SKU120,491,494
2025-03-13,SKU121,153,167
2025-03-13,SKU122,458,466
2025-03-13,SKU123,190,205
2025-03-13,SKU124,456,483
2025-03-13,SKU125,312,289
2025-03-13,SKU126,417,429
2025-03-13,SKU127,162,154
2025-03-13,SKU128,374,344
2025-03-13,SKU129,236,241
2025-03-14,SKU100,230,256
2025-03-14,SKU101,357,350
2025-03-14,SKU102,282,286
2025-03-14,SKU103,366,358
2025-03-14,SKU104,318,306
2025-03-14,SKU105,448,477
2025-03-14,SKU106,98,98
2025-03-14,SKU107,469,448
2025-03-14,SKU108,340,356
2025-03-14,SKU109,348,362
2025-03-14,SKU110,377,405
2025-03-14,SKU111,490,487
2025-03-14,SKU112,457,476
2025-03-14,SKU113,142,136
2025-03-14,SKU114,401,401
2025-03-14,SKU115,481,467
2025-03-14,SKU116,235,232
2025-03-14,SKU117,277,253
2025-03-14,SKU118,384,369
2025-03-14,SKU119,377,353
2025-03-14,SKU120,222,233
2025-03-14,SKU121,393,424
2025-03-14,SKU122,433,457
2025-03-14,SKU123,354,378
2025-03-14,SKU124,120,130
2025-03-14,SKU125,265,290
2025-03-14,SKU126,145,146
2025-03-14,SKU127,278,269
2025-03-14,SKU128,367,366
2025-03-14,SKU129,218,215
2025-03-15,SKU100,145,140
2025-03-15,SKU101,100,96
2025-03-15,SKU102,142,140
2025-03-15,SKU103,137,141
2025-03-15,SKU104,322,347
2025-03-15,SKU105,260,271
2025-03-15,SKU106,450,485
2025-03-15,SKU107,113,104
2025-03-15,SKU108,212,225
2025-03-15,SKU109,74,81
2025-03-15,SKU110,100,102
2025-03-15,SKU111,365,369
2025-03-15,SKU112,271,273
2025-03-15,SKU113,361,390
2025-03-15,SKU114,401,405
2025-03-15,SKU115,287,309
2025-03-15,SKU116,132,125
2025-03-15,SKU117,282,289
2025-03-15,SKU118,323,356
2025-03-15,SKU119,320,306
2025-03-15,SKU120,170,164
2025-03-15,SKU121,513,487
2025-03-15,SKU122,379,410
2025-03-15,SKU123,194,178
2025-03-15,SKU124,425,467
2025-03-15,SKU125,184,176
2025-03-15,SKU126,82,89
2025-03-15,SKU127,84,89
2025-03-15,SKU128,470,441
2025-03-15,SKU129,130,123
2025-03-16,SKU100,333,357
2025-03-16,SKU101,221,210
2025-03-16,SKU102,298,288
2025-03-16,SKU103,230,246
2025-03-16,SKU104,226,232
2025-03-16,SKU105,313,291
2025-03-16,SKU106,128,141
2025-03-16,SKU107,391,385
2025-03-16,SKU108,465,465
2025-03-16,SKU109,106,111
2025-03-16,SKU110,112,113
2025-03-16,SKU111,215,199
2025-03-16,SKU112,396,363
2025-03-16,SKU113,216,206
2025-03-16,SKU114,138,144
2025-03-16,SKU115,130,122
2025-03-16,SKU116,524,480
2025-03-16,SKU117,175,166
2025-03-16,SKU118,323,296
2025-03-16,SKU119,90,101
2025-03-16,SKU120,380,397
2025-03-16,SKU121,119,110
2025-03-16,SKU122,366,386
2025-03-16,SKU123,276,259
2025-03-16,SKU124,326,341
2025-03-16,SKU125,357,353
2025-03-16,SKU126,293,282
2025-03-16,SKU127,400,364
2025-03-16,SKU128,392,392
2025-03-16,SKU129,467,429
2025-03-17,SKU100,88,82
2025-03-17,SKU101,294,291
2025-03-17,SKU102,347,330
2025-03-17,SKU103,519,483
2025-03-17,SKU104,321,355
2025-03-17,SKU105,392,424
2025-03-17,SKU106,376,387
2025-03-17,SKU107,502,473
2025-03-17,SKU108,307,316
2025-03-17,SKU109,79,84
2025-03-17,SKU110,231,223
2025-03-17,SKU111,163,178
2025-03-17,SKU112,249,235
2025-03-17,SKU113,363,332
2025-03-17,SKU114,358,332
2025-03-17,SKU115,168,187
2025-03-17,SKU116,146,136
2025-03-17,SKU117,310,332
2025-03-17,SKU118,464,458
2025-03-17,SKU119,345,369
2025-03-17,SKU120,420,461
2025-03-17,SKU121,397,371
2025-03-17,SKU122,458,480
2025-03-17,SKU123,449,434
2025-03-17,SKU124,433,428
2025-03-17,SKU125,306,298
2025-03-17,SKU126,241,245
2025-03-17,SKU127,147,142
2025-03-17,SKU128,265,265
2025-03-17,SKU129,424,449
2025-03-18,SKU100,167,180
2025-03-18,SKU101,410,400
2025-03-18,SKU102,319,301
2025-03-18,SKU103,434,400
2025-03-18,SKU104,134,135
2025-03-18,SKU105,113,107
2025-03-18,SKU106,218,201
2025-03-18,SKU107,320,304
2025-03-18,SKU108,347,376
2025-03-18,SKU109,94,97
2025-03-18,SKU110,444,480
2025-03-18,SKU111,239,234
2025-03-18,SKU112,136,132
2025-03-18,SKU113,246,230
2025-03-18,SKU114,415,396
2025-03-18,SKU115,408,386
2025-03-18,SKU116,304,312
2025-03-18,SKU117,406,397
2025-03-18,SKU118,449,425
2025-03-18,SKU119,252,248
2025-03-18,SKU120,87,86
2025-03-18,SKU121,516,484
2025-03-18,SKU122,406,406
2025-03-18,SKU123,340,326
2025-03-18,SKU124,189,204
2025-03-18,SKU125,139,145
2025-03-18,SKU126,434,413
2025-03-18,SKU127,376,357
2025-03-18,SKU128,242,238
2025-03-18,SKU129,84,84
2025-03-19,SKU100,418,421
2025-03-19,SKU101,401,387
2025-03-19,SKU102,256,251
2025-03-19,SKU103,150,163
2025-03-19,SKU104,208,192
2025-03-19,SKU105,410,434
2025-03-19,SKU106,201,202
2025-03-19,SKU107,446,458
2025-03-19,SKU108,80,83
2025-03-19,SKU109,96,95
2025-03-19,SKU110,286,305
2025-03-19,SKU111,457,471
2025-03-19,SKU112,173,181
2025-03-19,SKU113,223,214
2025-03-19,SKU114,344,363
2025-03-19,SKU115,181,170
2025-03-19,SKU116,395,426
2025-03-19,SKU117,131,136
2025-03-19,SKU118,296,313
2025-03-19,SKU119,181,167
2025-03-19,SKU120,324,302
2025-03-19,SKU121,164,153
2025-03-19,SKU122,166,177
2025-03-19,SKU123,261,271
2025-03-19,SKU124,222,205
2025-03-19,SKU125,188,176
2025-03-19,SKU126,150,156
2025-03-19,SKU127,465,487
2025-03-19,SKU128,371,340
2025-03-19,SKU129,414,452
2025-03-20,SKU100,486,446
2025-03-20,SKU101,369,377
2025-03-20,SKU102,92,98
2025-03-20,SKU103,195,200
2025-03-20,SKU104,276,273
2025-03-20,SKU105,331,361
2025-03-20,SKU106,308,307
2025-03-20,SKU107,100,101
2025-03-20,SKU108,295,298
2025-03-20,SKU109,284,268
2025-03-20,SKU110,248,275
2025-03-20,SKU111,221,215
2025-03-20,SKU112,116,122
2025-03-20,SKU113,369,359
2025-03-20,SKU114,180,196
2025-03-20,SKU115,99,99
2025-03-20,SKU116,410,425
2025-03-20,SKU117,523,497
2025-03-20,SKU118,450,441
2025-03-20,SKU119,485,465
2025-03-20,SKU120,192,213
2025-03-20,SKU121,271,257
2025-03-20,SKU122,305,287
2025-03-20,SKU123,330,321
2025-03-20,SKU124,267,283
2025-03-20,SKU125,186,187
2025-03-20,SKU126,487,482
2025-03-20,SKU127,492,496
2025-03-20,SKU128,173,176
2025-03-20,SKU129,184,187
2025-03-21,SKU100,250,246
2025-03-21,SKU101,104,96
2025-03-21,SKU102,252,249
2025-03-21,SKU103,396,391
2025-03-21,SKU104,200,184
2025-03-21,SKU105,259,277
2025-03-21,SKU106,405,371
2025-03-21,SKU107,215,235
2025-03-21,SKU108,339,363
2025-03-21,SKU109,298,330
2025-03-21,SKU110,265,277
2025-03-21,SKU111,419,417
2025-03-21,SKU112,268,268
2025-03-21,SKU113,283,290
2025-03-21,SKU114,348,354
2025-03-21,SKU115,304,279
2025-03-21,SKU116,177,185
2025-03-21,SKU117,300,323
2025-03-21,SKU118,242,238
2025-03-21,SKU119,426,430
2025-03-21,SKU120,151,153
2025-03-21,SKU121,468,493
2025-03-21,SKU122,399,371
2025-03-21,SKU123,339,374
2025-03-21,SKU124,441,410
2025-03-21,SKU125,468,438
2025-03-21,SKU126,418,393
2025-03-21,SKU127,193,207
2025-03-21,SKU128,298,301
2025-03-21,SKU129,442,437
2025-03-22,SKU100,429,466
2025-03-22,SKU101,289,310
2025-03-22,SKU102,101,102
2025-03-22,SKU103,450,435
2025-03-22,SKU104,267,255
2025-03-22,SKU105,89,99
2025-03-22,SKU106,143,149
2025-03-22,SKU107,325,328
2025-03-22,SKU108,394,416
2025-03-22,SKU109,341,321
2025-03-22,SKU110,90,89
2025-03-22,SKU111,143,143
2025-03-22,SKU112,123,119
2025-03-22,SKU113,203,219
2025-03-22,SKU114,198,190
2025-03-22,SKU115,187,190
2025-03-22,SKU116,430,405
2025-03-22,SKU117,460,446
2025-03-22,SKU118,416,433
2025-03-22,SKU119,74,82
2025-03-22,SKU120,198,183
2025-03-22,SKU121,189,202
2025-03-22,SKU122,103,94
2025-03-22,SKU123,184,178
2025-03-22,SKU124,136,129
2025-03-22,SKU125,420,450
2025-03-22,SKU126,143,135
2025-03-22,SKU127,375,400
2025-03-22,SKU128,349,357
2025-03-22,SKU129,186,198
2025-03-23,SKU100,187,191
2025-03-23,SKU101,137,132
2025-03-23,SKU102,227,208
2025-03-23,SKU103,418,403
2025-03-23,SKU104,492,474
2025-03-23,SKU105,426,405
2025-03-23,SKU106,419,421
2025-03-23,SKU107,423,391
2025-03-23,SKU108,350,341
2025-03-23,SKU109,395,380
2025-03-23,SKU110,92,90
2025-03-23,SKU111,210,201
2025-03-23,SKU112,109,120
2025-03-23,SKU113,217,231
2025-03-23,SKU114,370,408
2025-03-23,SKU115,321,307
2025-03-23,SKU116,213,222
2025-03-23,SKU117,531,485
2025-03-23,SKU118,238,227
2025-03-23,SKU119,439,455
2025-03-23,SKU120,324,356
2025-03-23,SKU121,508,490
2025-03-23,SKU122,420,391
2025-03-23,SKU123,171,173
2025-03-23,SKU124,302,331
2025-03-23,SKU125,443,404
2025-03-23,SKU126,117,126
2025-03-23,SKU127,529,487
2025-03-23,SKU128,118,120
2025-03-23,SKU129,171,164
2025-03-24,SKU100,300,305
2025-03-24,SKU101,316,301
2025-03-24,SKU102,458,470
2025-03-24,SKU103,237,233
2025-03-24,SKU104,422,452
2025-03-24,SKU105,233,236
2025-03-24,SKU106,388,390
2025-03-24,SKU107,443,446
2025-03-24,SKU108,159,177
2025-03-24,SKU109,439,451
2025-03-24,SKU110,317,292
2025-03-24,SKU111,275,276
2025-03-24,SKU112,113,116
2025-03-24,SKU113,139,143
2025-03-24,SKU114,188,179
2025-03-24,SKU115,484,464
2025-03-24,SKU116,338,330
2025-03-24,SKU117,112,109
2025-03-24,SKU118,195,206
2025-03-24,SKU119,482,496
2025-03-24,SKU120,97,94
2025-03-24,SKU121,217,213
2025-03-24,SKU122,199,210
2025-03-24,SKU123,447,419
2025-03-24,SKU124,435,474
2025-03-24,SKU125,270,276
2025-03-24,SKU126,121,121
2025-03-24,SKU127,276,296
2025-03-24,SKU128,416,434
2025-03-24,SKU129,279,275
2025-03-25,SKU100,73,80
2025-03-25,SKU101,342,348
2025-03-25,SKU102,280,300
2025-03-25,SKU103,407,440
2025-03-25,SKU104,367,337
2025-03-25,SKU105,467,496
2025-03-25,SKU106,433,463
2025-03-25,SKU107,285,289
2025-03-25,SKU108,377,405
2025-03-25,SKU109,252,273
2025-03-25,SKU110,96,95
2025-03-25,SKU111,446,424
2025-03-25,SKU112,226,216
2025-03-25,SKU113,399,378
2025-03-25,SKU114,188,188
2025-03-25,SKU115,389,388
2025-03-25,SKU116,326,328
2025-03-25,SKU117,289,299
2025-03-25,SKU118,280,255
2025-03-25,SKU119,272,264
2025-03-25,SKU120,119,109
2025-03-25,SKU121,117,131
2025-03-25,SKU122,481,451
2025-03-25,SKU123,358,388
2025-03-25,SKU124,460,438
2025-03-25,SKU125,318,311
2025-03-25,SKU126,323,323
2025-03-25,SKU127,88,81
2025-03-25,SKU128,392,404
2025-03-25,SKU129,440,456
2025-03-26,SKU100,372,346
2025-03-26,SKU101,88,96
2025-03-26,SKU102,466,424
2025-03-26,SKU103,336,308
2025-03-26,SKU104,337,356
2025-03-26,SKU105,506,465
2025-03-26,SKU106,132,134
2025-03-26,SKU107,175,162
2025-03-26,SKU108,290,276
2025-03-26,SKU109,218,211
2025-03-26,SKU110,389,420
2025-03-26,SKU111,450,451
2025-03-26,SKU112,210,194
2025-03-26,SKU113,396,409
2025-03-26,SKU114,476,456
2025-03-26,SKU115,486,481
2025-03-26,SKU116,187,199
2025-03-26,SKU117,114,124
2025-03-26,SKU118,416,383
2025-03-26,SKU119,141,139
2025-03-26,SKU120,261,240
2025-03-26,SKU121,76,80
2025-03-26,SKU122,189,177
2025-03-26,SKU123,461,474
2025-03-26,SKU124,450,487
2025-03-26,SKU125,360,382
2025-03-26,SKU126,380,355
2025-03-26,SKU127,541,497
2025-03-26,SKU128,424,428
2025-03-26,SKU129,161,154
2025-03-27,SKU100,168,158
2025-03-27,SKU101,494,455
2025-03-27,SKU102,415,456
2025-03-27,SKU103,343,329
2025-03-27,SKU104,451,417
2025-03-27,SKU105,352,360
2025-03-27,SKU106,353,322
2025-03-27,SKU107,116,116
2025-03-27,SKU108,472,436
2025-03-27,SKU109,352,360
2025-03-27,SKU110,492,465
2025-03-27,SKU111,425,443
2025-03-27,SKU112,347,375
2025-03-27,SKU113,247,229
2025-03-27,SKU114,515,491
2025-03-27,SKU115,81,84
2025-03-27,SKU116,451,427
2025-03-27,SKU117,308,298
2025-03-27,SKU118,99,108
2025-03-27,SKU119,97,106
2025-03-27,SKU120,257,253
2025-03-27,SKU121,440,449
2025-03-27,SKU122,198,203
2025-03-27,SKU123,420,385
2025-03-27,SKU124,287,272
2025-03-27,SKU125,131,125
2025-03-27,SKU126,225,220
2025-03-27,SKU127,78,85
2025-03-27,SKU128,339,330
2025-03-27,SKU129,92,91
2025-03-28,SKU100,284,281
2025-03-28,SKU101,497,495
2025-03-28,SKU102,381,379
2025-03-28,SKU103,488,465
2025-03-28,SKU104,131,140
2025-03-28,SKU105,154,172
2025-03-28,SKU106,221,240
2025-03-28,SKU107,190,185
2025-03-28,SKU108,225,211
2025-03-28,SKU109,143,143
2025-03-28,SKU110,164,167
2025-03-28,SKU111,198,207
2025-03-28,SKU112,460,480
2025-03-28,SKU113,153,151
2025-03-28,SKU114,375,347
2025-03-28,SKU115,355,355
2025-03-28,SKU116,445,419
2025-03-28,SKU117,163,176
2025-03-28,SKU118,392,388
2025-03-28,SKU119,205,222
2025-03-28,SKU120,119,118
2025-03-28,SKU121,445,412
2025-03-28,SKU122,132,122
2025-03-28,SKU123,403,435
2025-03-28,SKU124,420,402
2025-03-28,SKU125,384,410
2025-03-28,SKU126,428,416
2025-03-28,SKU127,160,163
2025-03-28,SKU128,476,483
2025-03-28,SKU129,188,206
2025-03-29,SKU100,188,193
2025-03-29,SKU101,133,143
2025-03-29,SKU102,240,236
2025-03-29,SKU103,339,350
2025-03-29,SKU104,226,224
2025-03-29,SKU105,97,104
2025-03-29,SKU106,271,256
2025-03-29,SKU107,355,352
2025-03-29,SKU108,354,383
2025-03-29,SKU109,356,342
2025-03-29,SKU110,149,153
2025-03-29,SKU111,115,107
2025-03-29,SKU112,466,442
2025-03-29,SKU113,306,294
2025-03-29,SKU114,276,261
2025-03-29,SKU115,241,221
2025-03-29,SKU116,481,447
2025-03-29,SKU117,433,405
2025-03-29,SKU118,456,474
2025-03-29,SKU119,109,120
2025-03-29,SKU120,118,127
2025-03-29,SKU121,440,460
2025-03-29,SKU122,92,85
2025-03-29,SKU123,369,340
2025-03-29,SKU124,335,334
2025-03-29,SKU125,365,352
2025-03-29,SKU126,370,395
2025-03-29,SKU127,438,445
2025-03-29,SKU128,242,256
2025-03-29,SKU129,362,350
2025-03-30,SKU100,162,167
2025-03-30,SKU101,405,427
2025-03-30,SKU102,505,472
2025-03-30,SKU103,313,327
2025-03-30,SKU104,468,457
2025-03-30,SKU105,256,236
2025-03-30,SKU106,106,98
2025-03-30,SKU107,299,329
2025-03-30,SKU108,304,315
2025-03-30,SKU109,79,82
2025-03-30,SKU110,276,285
2025-03-30,SKU111,310,331
2025-03-30,SKU112,155,158
2025-03-30,SKU113,167,159
2025-03-30,SKU114,313,320
2025-03-30,SKU115,322,299
2025-03-30,SKU116,200,217
2025-03-30,SKU117,283,304
2025-03-30,SKU118,272,302
2025-03-30,SKU119,127,136
2025-03-30,SKU120,277,282
2025-03-30,SKU121,89,96
2025-03-30,SKU122,354,325
2025-03-30,SKU123,294,295
2025-03-30,SKU124,447,429
2025-03-30,SKU125,497,471
2025-03-30,SKU126,489,451
2025-03-30,SKU127,148,136
2025-03-30,SKU128,154,159
2025-03-30,SKU129,407,430
2025-03-31,SKU100,166,175
2025-03-31,SKU101,235,214
2025-03-31,SKU102,492,500
2025-03-31,SKU103,509,480
2025-03-31,SKU104,344,337
2025-03-31,SKU105,391,382
2025-03-31,SKU106,130,141
2025-03-31,SKU107,193,178
2025-03-31,SKU108,371,395
2025-03-31,SKU109,289,288
2025-03-31,SKU110,186,198
2025-03-31,SKU111,111,111
2025-03-31,SKU112,216,235
2025-03-31,SKU113,269,259
2025-03-31,SKU114,97,104
2025-03-31,SKU115,438,418
2025-03-31,SKU116,306,321
2025-03-31,SKU117,281,300
2025-03-31,SKU118,241,251
2025-03-31,SKU119,89,86
2025-03-31,SKU120,276,264
2025-03-31,SKU121,486,478
2025-03-31,SKU122,207,201
2025-03-31,SKU123,253,276
2025-03-31,SKU124,421,402
2025-03-31,SKU125,415,380
2025-03-31,SKU126,166,177
2025-03-31,SKU127,118,130
2025-03-31,SKU128,244,255
2025-03-31,SKU129,184,183
2025-04-01,SKU100,356,337
2025-04-01,SKU101,228,220
2025-04-01,SKU102,112,103
2025-04-01,SKU103,408,435
2025-04-01,SKU104,432,430
2025-04-01,SKU105,161,164
2025-04-01,SKU106,387,367
2025-04-01,SKU107,206,219
2025-04-01,SKU108,351,372
2025-04-01,SKU109,485,484
2025-04-01,SKU110,450,448
2025-04-01,SKU111,184,192
2025-04-01,SKU112,130,140
2025-04-01,SKU113,192,201
2025-04-01,SKU114,240,222
2025-04-01,SKU115,440,484
2025-04-01,SKU116,188,187
2025-04-01,SKU117,263,257
2025-04-01,SKU118,132,122
2025-04-01,SKU119,416,449
2025-04-01,SKU120,269,246
2025-04-01,SKU121,90,85
2025-04-01,SKU122,208,223
2025-04-01,SKU123,455,416
2025-04-01,SKU124,471,449
2025-04-01,SKU125,393,414
2025-04-01,SKU126,392,389
2025-04-01,SKU127,234,246
2025-04-01,SKU128,528,493
2025-04-01,SKU129,291,308
2025-04-02,SKU100,86,90
2025-04-02,SKU101,291,281
2025-04-02,SKU102,139,153
2025-04-02,SKU103,448,410
2025-04-02,SKU104,323,349
2025-04-02,SKU105,127,131
2025-04-02,SKU106,90,86
2025-04-02,SKU107,94,102
2025-04-02,SKU108,166,153
2025-04-02,SKU109,530,485
2025-04-02,SKU110,485,456
2025-04-02,SKU111,169,183
2025-04-02,SKU112,326,307
2025-04-02,SKU113,302,325
2025-04-02,SKU114,413,434
2025-04-02,SKU115,95,90
2025-04-02,SKU116,212,231
2025-04-02,SKU117,86,80
2025-04-02,SKU118,291,298
2025-04-02,SKU119,213,226
2025-04-02,SKU120,464,431
2025-04-02,SKU121,182,166
2025-04-02,SKU122,217,224
2025-04-02,SKU123,136,140
2025-04-02,SKU124,104,102
2025-04-02,SKU125,339,351
2025-04-02,SKU126,276,297
2025-04-02,SKU127,239,234
2025-04-02,SKU128,126,133
2025-04-02,SKU129,291,268
2025-04-03,SKU100,431,452
2025-04-03,SKU101,135,145
2025-04-03,SKU102,242,243
2025-04-03,SKU103,296,291
2025-04-03,SKU104,159,150
2025-04-03,SKU105,200,205
2025-04-03,SKU106,357,355
2025-04-03,SKU107,473,500
2025-04-03,SKU108,439,446
2025-04-03,SKU109,462,435
2025-04-03,SKU110,117,124
2025-04-03,SKU111,85,88
2025-04-03,SKU112,124,136
2025-04-03,SKU113,508,478
2025-04-03,SKU114,163,153
2025-04-03,SKU115,279,295
2025-04-03,SKU116,428,462
2025-04-03,SKU117,149,153
2025-04-03,SKU118,289,297
2025-04-03,SKU119,425,419
2025-04-03,SKU120,412,384
2025-04-03,SKU121,247,267
2025-04-03,SKU122,87,86
2025-04-03,SKU123,441,471
2025-04-03,SKU124,465,463
2025-04-03,SKU125,302,290
2025-04-03,SKU126,426,410
2025-04-03,SKU127,145,159
2025-04-03,SKU128,408,389
2025-04-03,SKU129,83,85
2025-04-04,SKU100,291,285
2025-04-04,SKU101,185,174
2025-04-04,SKU102,126,119
2025-04-04,SKU103,247,240
2025-04-04,SKU104,255,274
2025-04-04,SKU105,278,297
2025-04-04,SKU106,115,119
2025-04-04,SKU107,193,202
2025-04-04,SKU108,106,113
2025-04-04,SKU109,223,238
2025-04-04,SKU110,91,96
2025-04-04,SKU111,335,369
2025-04-04,SKU112,100,104
2025-04-04,SKU113,275,262
2025-04-04,SKU114,172,179
2025-04-04,SKU115,286,262
2025-04-04,SKU116,124,129
2025-04-04,SKU117,131,131
2025-04-04,SKU118,402,380
2025-04-04,SKU119,94,99
2025-04-04,SKU120,290,317
2025-04-04,SKU121,423,447
2025-04-04,SKU122,441,428
2025-04-04,SKU123,337,336
2025-04-04,SKU124,414,413
2025-04-04,SKU125,446,482
2025-04-04,SKU126,427,399
2025-04-04,SKU127,468,444
2025-04-04,SKU128,204,186
2025-04-04,SKU129,160,158
2025-04-05,SKU100,238,260
2025-04-05,SKU101,471,475
2025-04-05,SKU102,505,470
2025-04-05,SKU103,164,151
2025-04-05,SKU104,97,100
2025-04-05,SKU105,309,289
2025-04-05,SKU106,296,305
2025-04-05,SKU107,233,240
2025-04-05,SKU108,335,339
2025-04-05,SKU109,434,397
2025-04-05,SKU110,459,484
2025-04-05,SKU111,170,159
2025-04-05,SKU112,163,161
2025-04-05,SKU113,298,278
2025-04-05,SKU114,256,258
2025-04-05,SKU115,494,498
2025-04-05,SKU116,418,454
2025-04-05,SKU117,282,301
2025-04-05,SKU118,234,242
2025-04-05,SKU119,195,188
2025-04-05,SKU120,219,222
2025-04-05,SKU121,297,320
2025-04-05,SKU122,335,370
2025-04-05,SKU123,250,274
2025-04-05,SKU124,328,300
2025-04-05,SKU125,201,188
2025-04-05,SKU126,207,218
2025-04-05,SKU127,138,152
2025-04-05,SKU128,249,232
2025-04-05,SKU129,295,294
2025-04-06,SKU100,430,436
2025-04-06,SKU101,297,279
2025-04-06,SKU102,361,385
2025-04-06,SKU103,384,376
2025-04-06,SKU104,477,455
2025-04-06,SKU105,218,242
2025-04-06,SKU106,154,155
2025-04-06,SKU107,530,485
2025-04-06,SKU108,361,346
2025-04-06,SKU109,147,144
2025-04-06,SKU110,117,129
2025-04-06,SKU111,306,295
2025-04-06,SKU112,257,273
2025-04-06,SKU113,193,177
2025-04-06,SKU114,285,269
2025-04-06,SKU115,237,237
2025-04-06,SKU116,344,335
2025-04-06,SKU117,281,290
2025-04-06,SKU118,379,347
2025-04-06,SKU119,168,170
2025-04-06,SKU120,369,363
2025-04-06,SKU121,263,275
2025-04-06,SKU122,422,428
2025-04-06,SKU123,431,397
2025-04-06,SKU124,525,492
2025-04-06,SKU125,90,88
2025-04-06,SKU126,350,334
2025-04-06,SKU127,329,358
2025-04-06,SKU128,400,377
2025-04-06,SKU129,278,295
2025-04-07,SKU100,233,217
2025-04-07,SKU101,526,487
2025-04-07,SKU102,88,82
2025-04-07,SKU103,78,87
2025-04-07,SKU104,499,498
2025-04-07,SKU105,234,242
2025-04-07,SKU106,205,203
2025-04-07,SKU107,406,395
2025-04-07,SKU108,369,375
2025-04-07,SKU109,422,452
2025-04-07,SKU110,158,161
2025-04-07,SKU111,453,490
2025-04-07,SKU112,396,375
2025-04-07,SKU113,227,213
2025-04-07,SKU114,230,245
2025-04-07,SKU115,273,303
2025-04-07,SKU116,96,94
2025-04-07,SKU117,121,120
2025-04-07,SKU118,421,455
2025-04-07,SKU119,425,403
2025-04-07,SKU120,446,414
2025-04-07,SKU121,378,354
2025-04-07,SKU122,521,493
2025-04-07,SKU123,101,106
2025-04-07,SKU124,93,91
2025-04-07,SKU125,121,132
2025-04-07,SKU126,124,134
2025-04-07,SKU127,157,172
2025-04-07,SKU128,286,265
2025-04-07,SKU129,130,131
2025-04-08,SKU100,422,417
2025-04-08,SKU101,88,96
2025-04-08,SKU102,359,327
2025-04-08,SKU103,76,82
2025-04-08,SKU104,133,142
2025-04-08,SKU105,91,91
2025-04-08,SKU106,245,266
2025-04-08,SKU107,229,247
2025-04-08,SKU108,472,434
2025-04-08,SKU109,306,326
2025-04-08,SKU110,446,442
2025-04-08,SKU111,489,461
2025-04-08,SKU112,307,284
2025-04-08,SKU113,187,181
2025-04-08,SKU114,258,281
2025-04-08,SKU115,173,164
2025-04-08,SKU116,324,301
2025-04-08,SKU117,440,462
2025-04-08,SKU118,137,135
2025-04-08,SKU119,359,370
2025-04-08,SKU120,110,112
2025-04-08,SKU121,212,209
2025-04-08,SKU122,446,410
2025-04-08,SKU123,256,283
2025-04-08,SKU124,241,245
2025-04-08,SKU125,187,205
2025-04-08,SKU126,250,270
2025-04-08,SKU127,80,84
2025-04-08,SKU128,233,248
2025-04-08,SKU129,263,244
2025-04-09,SKU100,170,181
2025-04-09,SKU101,113,103
2025-04-09,SKU102,141,143
2025-04-09,SKU103,373,382
2025-04-09,SKU104,203,225
2025-04-09,SKU105,302,316
2025-04-09,SKU106,382,353
2025-04-09,SKU107,370,410
2025-04-09,SKU108,481,490
2025-04-09,SKU109,254,242
2025-04-09,SKU110,383,364
2025-04-09,SKU111,101,104
2025-04-09,SKU112,355,332
2025-04-09,SKU113,294,271
2025-04-09,SKU114,176,194
2025-04-09,SKU115,146,133
2025-04-09,SKU116,286,303
2025-04-09,SKU117,486,450
2025-04-09,SKU118,389,355
2025-04-09,SKU119,100,106
2025-04-09,SKU120,113,104
2025-04-09,SKU121,257,248
2025-04-09,SKU122,408,437
2025-04-09,SKU123,291,315
2025-04-09,SKU124,162,155
2025-04-09,SKU125,318,308
2025-04-09,SKU126,206,203
2025-04-09,SKU127,215,223
2025-04-09,SKU128,179,195
2025-04-09,SKU129,118,122
2025-04-10,SKU100,197,186
2025-04-10,SKU101,252,240
2025-04-10,SKU102,321,312
2025-04-10,SKU103,137,146
2025-04-10,SKU104,333,311
2025-04-10,SKU105,469,479
2025-04-10,SKU106,276,296
2025-04-10,SKU107,386,375
2025-04-10,SKU108,140,134
2025-04-10,SKU109,295,315
2025-04-10,SKU110,420,418
2025-04-10,SKU111,151,140
2025-04-10,SKU112,282,300
2025-04-10,SKU113,300,300
2025-04-10,SKU114,213,219
2025-04-10,SKU115,287,275
2025-04-10,SKU116,215,230
2025-04-10,SKU117,222,221
2025-04-10,SKU118,277,301
2025-04-10,SKU119,226,207
2025-04-10,SKU120,115,107
2025-04-10,SKU121,184,202
2025-04-10,SKU122,209,195
2025-04-10,SKU123,280,287
2025-04-10,SKU124,484,455
2025-04-10,SKU125,313,333
2025-04-10,SKU126,388,406
2025-04-10,SKU127,409,455
2025-04-10,SKU128,448,438
2025-04-10,SKU129,409,432
2025-04-11,SKU100,172,167
2025-04-11,SKU101,284,260
2025-04-11,SKU102,354,330
2025-04-11,SKU103,109,103
2025-04-11,SKU104,243,228
2025-04-11,SKU105,173,165
2025-04-11,SKU106,249,235
2025-04-11,SKU107,346,331
2025-04-11,SKU108,417,419
2025-04-11,SKU109,91,86
2025-04-11,SKU110,269,250
2025-04-11,SKU111,383,385
2025-04-11,SKU112,360,345
2025-04-11,SKU113,310,290
2025-04-11,SKU114,261,262
2025-04-11,SKU115,476,459
2025-04-11,SKU116,194,185
2025-04-11,SKU117,280,273
2025-04-11,SKU118,414,400
2025-04-11,SKU119,326,349
2025-04-11,SKU120,243,249
2025-04-11,SKU121,212,221
2025-04-11,SKU122,359,346
2025-04-11,SKU123,318,301
2025-04-11,SKU124,470,485
2025-04-11,SKU125,363,335
2025-04-11,SKU126,398,428
2025-04-11,SKU127,376,365
2025-04-11,SKU128,207,227
2025-04-11,SKU129,283,312
2025-04-12,SKU100,516,482
2025-04-12,SKU101,341,367
2025-04-12,SKU102,202,218
2025-04-12,SKU103,306,301
2025-04-12,SKU104,174,192
2025-04-12,SKU105,512,495
2025-04-12,SKU106,310,284
2025-04-12,SKU107,230,213
2025-04-12,SKU108,170,168
2025-04-12,SKU109,259,245
2025-04-12,SKU110,444,473
2025-04-12,SKU111,341,363
2025-04-12,SKU112,235,232
2025-04-12,SKU113,336,359
2025-04-12,SKU114,150,150
2025-04-12,SKU115,366,337
2025-04-12,SKU116,309,319
2025-04-12,SKU117,287,290
2025-04-12,SKU118,464,472
2025-04-12,SKU119,247,234
2025-04-12,SKU120,250,271
2025-04-12,SKU121,396,369
2025-04-12,SKU122,259,281
2025-04-12,SKU123,335,316
2025-04-12,SKU124,98,107
2025-04-12,SKU125,379,412
2025-04-12,SKU126,479,500
2025-04-12,SKU127,267,249
2025-04-12,SKU128,392,379
2025-04-12,SKU129,111,107
2025-04-13,SKU100,74,80
2025-04-13,SKU101,122,129
2025-04-13,SKU102,98,92
2025-04-13,SKU103,117,108
2025-04-13,SKU104,358,327
2025-04-13,SKU105,341,359
2025-04-13,SKU106,325,304
2025-04-13,SKU107,279,301
2025-04-13,SKU108,161,152
2025-04-13,SKU109,167,167
2025-04-13,SKU110,181,182
2025-04-13,SKU111,387,421
2025-04-13,SKU112,276,268
2025-04-13,SKU113,463,437
2025-04-13,SKU114,488,496
2025-04-13,SKU115,290,314
2025-04-13,SKU116,362,377
2025-04-13,SKU117,425,416
2025-04-13,SKU118,285,261
2025-04-13,SKU119,446,450
2025-04-13,SKU120,263,263
2025-04-13,SKU121,278,258
2025-04-13,SKU122,312,342
2025-04-13,SKU123,268,260
2025-04-13,SKU124,328,315
2025-04-13,SKU125,506,481
2025-04-13,SKU126,256,281
2025-04-13,SKU127,297,272
2025-04-13,SKU128,174,172
2025-04-13,SKU129,419,417
2025-04-14,SKU100,504,475
2025-04-14,SKU101,185,201
2025-04-14,SKU102,290,276
2025-04-14,SKU103,102,112
2025-04-14,SKU104,105,99
2025-04-14,SKU105,458,470
2025-04-14,SKU106,103,95
2025-04-14,SKU107,432,437
2025-04-14,SKU108,377,373
2025-04-14,SKU109,326,331
2025-04-14,SKU110,191,183
2025-04-14,SKU111,371,350
2025-04-14,SKU112,342,378
2025-04-14,SKU113,166,184
2025-04-14,SKU114,79,82
2025-04-14,SKU115,385,359
2025-04-14,SKU116,448,429
2025-04-14,SKU117,349,350
2025-04-14,SKU118,322,322
2025-04-14,SKU119,391,366
2025-04-14,SKU120,305,298
2025-04-14,SKU121,111,120
2025-04-14,SKU122,120,131
2025-04-14,SKU123,390,387
2025-04-14,SKU124,544,500
2025-04-14,SKU125,427,440
2025-04-14,SKU126,118,118
2025-04-14,SKU127,374,345
2025-04-14,SKU128,290,284
2025-04-14,SKU129,138,136
2025-04-15,SKU100,124,117
2025-04-15,SKU101,407,392
2025-04-15,SKU102,126,116
2025-04-15,SKU103,426,393
2025-04-15,SKU104,139,146
2025-04-15,SKU105,97,98
2025-04-15,SKU106,255,259
2025-04-15,SKU107,177,196
2025-04-15,SKU108,502,476
2025-04-15,SKU109,419,391
2025-04-15,SKU110,412,457
2025-04-15,SKU111,292,278
2025-04-15,SKU112,312,300
2025-04-15,SKU113,137,139
2025-04-15,SKU114,260,268
2025-04-15,SKU115,103,109
2025-04-15,SKU116,80,85
2025-04-15,SKU117,521,493
2025-04-15,SKU118,442,490
2025-04-15,SKU119,452,496
2025-04-15,SKU120,284,304
2025-04-15,SKU121,264,259
2025-04-15,SKU122,149,146
2025-04-15,SKU123,146,142
2025-04-15,SKU124,336,358
2025-04-15,SKU125,481,496
2025-04-15,SKU126,427,445
2025-04-15,SKU127,346,362
2025-04-15,SKU128,376,349
2025-04-15,SKU129,357,357
2025-04-16,SKU100,479,451
2025-04-16,SKU101,207,200
2025-04-16,SKU102,340,312
2025-04-16,SKU103,92,97
2025-04-16,SKU104,248,233
2025-04-16,SKU105,237,222
2025-04-16,SKU106,95,89
2025-04-16,SKU107,96,102
2025-04-16,SKU108,411,417
2025-04-16,SKU109,213,236
2025-04-16,SKU110,100,93
2025-04-16,SKU111,227,214
2025-04-16,SKU112,422,467
2025-04-16,SKU113,392,398
2025-04-16,SKU114,491,453
2025-04-16,SKU115,136,135
2025-04-16,SKU116,408,427
2025-04-16,SKU117,301,297
2025-04-16,SKU118,328,345
2025-04-16,SKU119,506,461
2025-04-16,SKU120,83,87
2025-04-16,SKU121,201,220
2025-04-16,SKU122,342,357
2025-04-16,SKU123,101,99
2025-04-16,SKU124,396,417
2025-04-16,SKU125,485,475
2025-04-16,SKU126,382,371
2025-04-16,SKU127,169,171
2025-04-16,SKU128,83,84
2025-04-16,SKU129,433,406
2025-04-17,SKU100,166,155
2025-04-17,SKU101,183,199
2025-04-17,SKU102,430,430
2025-04-17,SKU103,219,242
2025-04-17,SKU104,121,111
2025-04-17,SKU105,91,88
2025-04-17,SKU106,406,447
2025-04-17,SKU107,123,135
2025-04-17,SKU108,312,341
2025-04-17,SKU109,362,372
2025-04-17,SKU110,119,116
2025-04-17,SKU111,88,92
2025-04-17,SKU112,310,288
2025-04-17,SKU113,235,230
2025-04-17,SKU114,97,102
2025-04-17,SKU115,345,382
2025-04-17,SKU116,474,493
2025-04-17,SKU117,459,459
2025-04-17,SKU118,278,256
2025-04-17,SKU119,342,378
2025-04-17,SKU120,289,275
2025-04-17,SKU121,129,119
2025-04-17,SKU122,370,337
2025-04-17,SKU123,447,455
2025-04-17,SKU124,370,350
2025-04-17,SKU125,419,417
2025-04-17,SKU126,203,217
2025-04-17,SKU127,197,204
2025-04-17,SKU128,301,313
2025-04-17,SKU129,200,203
2025-04-18,SKU100,516,477
2025-04-18,SKU101,389,420
2025-04-18,SKU102,218,226
2025-04-18,SKU103,284,289
2025-04-18,SKU104,341,333
2025-04-18,SKU105,184,172
2025-04-18,SKU106,138,141
2025-04-18,SKU107,335,320
2025-04-18,SKU108,103,97
2025-04-18,SKU109,181,165
2025-04-18,SKU110,380,351
2025-04-18,SKU111,142,145
2025-04-18,SKU112,425,444
2025-04-18,SKU113,256,252
2025-04-18,SKU114,408,449
2025-04-18,SKU115,284,261
2025-04-18,SKU116,324,310
2025-04-18,SKU117,464,467
2025-04-18,SKU118,180,173
2025-04-18,SKU119,542,499
2025-04-18,SKU120,84,83
2025-04-18,SKU121,408,412
2025-04-18,SKU122,170,170
2025-04-18,SKU123,436,475
2025-04-18,SKU124,231,254
2025-04-18,SKU125,353,348
2025-04-18,SKU126,239,245
2025-04-18,SKU127,107,101
2025-04-18,SKU128,427,454
2025-04-18,SKU129,402,374
2025-04-19,SKU100,402,421
2025-04-19,SKU101,386,362
2025-04-19,SKU102,417,386
2025-04-19,SKU103,459,489
2025-04-19,SKU104,90,93
2025-04-19,SKU105,366,372
2025-04-19,SKU106,153,144
2025-04-19,SKU107,141,136
2025-04-19,SKU108,300,301
2025-04-19,SKU109,164,150
2025-04-19,SKU110,152,139
2025-04-19,SKU111,459,486
2025-04-19,SKU112,160,160
2025-04-19,SKU113,420,402
2025-04-19,SKU114,121,117
2025-04-19,SKU115,97,99
2025-04-19,SKU116,333,346
2025-04-19,SKU117,362,400
2025-04-19,SKU118,79,84
2025-04-19,SKU119,198,192
2025-04-19,SKU120,156,157
2025-04-19,SKU121,319,334
2025-04-19,SKU122,136,125
2025-04-19,SKU123,170,189
2025-04-19,SKU124,373,365
2025-04-19,SKU125,97,99
2025-04-19,SKU126,281,274
2025-04-19,SKU127,257,258
2025-04-19,SKU128,248,233
2025-04-19,SKU129,327,328
2025-04-20,SKU100,129,139
2025-04-20,SKU101,133,138
2025-04-20,SKU102,152,145
2025-04-20,SKU103,527,492
2025-04-20,SKU104,408,431
2025-04-20,SKU105,319,339
2025-04-20,SKU106,386,367
2025-04-20,SKU107,237,242
2025-04-20,SKU108,270,284
2025-04-20,SKU109,342,328
2025-04-20,SKU110,453,499
2025-04-20,SKU111,195,193
2025-04-20,SKU112,195,185
2025-04-20,SKU113,402,394
2025-04-20,SKU114,321,356
2025-04-20,SKU115,478,490
2025-04-20,SKU116,273,260
2025-04-20,SKU117,377,415
2025-04-20,SKU118,332,354
2025-04-20,SKU119,346,354
2025-04-20,SKU120,241,228
2025-04-20,SKU121,274,291
2025-04-20,SKU122,78,86
2025-04-20,SKU123,321,349
2025-04-20,SKU124,297,328
2025-04-20,SKU125,87,92
2025-04-20,SKU126,92,97
2025-04-20,SKU127,469,481
2025-04-20,SKU128,521,498
2025-04-20,SKU129,112,123
2025-04-21,SKU100,223,234
2025-04-21,SKU101,235,215
2025-04-21,SKU102,260,272
2025-04-21,SKU103,291,288
2025-04-21,SKU104,441,439
2025-04-21,SKU105,96,88
2025-04-21,SKU106,284,270
2025-04-21,SKU107,293,311
2025-04-21,SKU108,448,474
2025-04-21,SKU109,339,368
2025-04-21,SKU110,162,153
2025-04-21,SKU111,342,367
2025-04-21,SKU112,189,207
2025-04-21,SKU113,323,322
2025-04-21,SKU114,181,199
2025-04-21,SKU115,279,290
2025-04-21,SKU116,142,157
2025-04-21,SKU117,378,386
2025-04-21,SKU118,407,433
2025-04-21,SKU119,333,330
2025-04-21,SKU120,192,200
2025-04-21,SKU121,346,343
2025-04-21,SKU122,131,121
2025-04-21,SKU123,116,119
2025-04-21,SKU124,363,346
2025-04-21,SKU125,326,304
2025-04-21,SKU126,296,297
2025-04-21,SKU127,347,348
2025-04-21,SKU128,354,360
2025-04-21,SKU129,138,140
2025-04-22,SKU100,318,321
2025-04-22,SKU101,482,462
2025-04-22,SKU102,362,348
2025-04-22,SKU103,237,242
2025-04-22,SKU104,125,114
2025-04-22,SKU105,411,439
2025-04-22,SKU106,352,355
2025-04-22,SKU107,396,399
2025-04-22,SKU108,266,259
2025-04-22,SKU109,362,401
2025-04-22,SKU110,239,225
2025-04-22,SKU111,435,453
2025-04-22,SKU112,310,286
2025-04-22,SKU113,421,408
2025-04-22,SKU114,145,158
2025-04-22,SKU115,162,171
2025-04-22,SKU116,490,488
2025-04-22,SKU117,266,276
2025-04-22,SKU118,241,221
2025-04-22,SKU119,408,395
2025-04-22,SKU120,149,166
2025-04-22,SKU121,136,126
2025-04-22,SKU122,142,153
2025-04-22,SKU123,128,119
2025-04-22,SKU124,361,341
2025-04-22,SKU125,309,321
2025-04-22,SKU126,132,140
2025-04-22,SKU127,465,476
2025-04-22,SKU128,255,239
2025-04-22,SKU129,129,120
2025-04-23,SKU100,154,171
2025-04-23,SKU101,335,318
2025-04-23,SKU102,279,297
2025-04-23,SKU103,172,177
2025-04-23,SKU104,507,462
2025-04-23,SKU105,265,264
2025-04-23,SKU106,229,238
2025-04-23,SKU107,209,209
2025-04-23,SKU108,198,219
2025-04-23,SKU109,318,325
2025-04-23,SKU110,199,209
2025-04-23,SKU111,101,95
2025-04-23,SKU112,399,403
2025-04-23,SKU113,497,463
2025-04-23,SKU114,120,133
2025-04-23,SKU115,414,445
2025-04-23,SKU116,134,147
2025-04-23,SKU117,315,307
2025-04-23,SKU118,138,129
2025-04-23,SKU119,184,179
2025-04-23,SKU120,266,250
2025-04-23,SKU121,413,443
2025-04-23,SKU122,267,267
2025-04-23,SKU123,312,293
2025-04-23,SKU124,106,113
2025-04-23,SKU125,431,453
2025-04-23,SKU126,97,102
2025-04-23,SKU127,331,338
2025-04-23,SKU128,77,81
2025-04-23,SKU129,135,140
2025-04-24,SKU100,435,483
2025-04-24,SKU101,288,315
2025-04-24,SKU102,198,206
2025-04-24,SKU103,185,177
2025-04-24,SKU104,216,238
2025-04-24,SKU105,163,171
2025-04-24,SKU106,275,291
2025-04-24,SKU107,170,182
2025-04-24,SKU108,431,437
2025-04-24,SKU109,265,261
2025-04-24,SKU110,409,408
2025-04-24,SKU111,151,167
2025-04-24,SKU112,160,159
2025-04-24,SKU113,292,302
2025-04-24,SKU114,213,227
2025-04-24,SKU115,385,362
2025-04-24,SKU116,360,342
2025-04-24,SKU117,303,319
2025-04-24,SKU118,427,417
2025-04-24,SKU119,324,319
2025-04-24,SKU120,281,273
2025-04-24,SKU121,404,439
2025-04-24,SKU122,78,84
2025-04-24,SKU123,259,252
2025-04-24,SKU124,252,263
2025-04-24,SKU125,183,175
2025-04-24,SKU126,391,395
2025-04-24,SKU127,315,302
2025-04-24,SKU128,193,204
2025-04-24,SKU129,251,252
2025-04-25,SKU100,420,385
2025-04-25,SKU101,388,370
2025-04-25,SKU102,264,250
2025-04-25,SKU103,251,238
2025-04-25,SKU104,254,257
2025-04-25,SKU105,82,80
2025-04-25,SKU106,161,168
2025-04-25,SKU107,214,200
2025-04-25,SKU108,427,450
2025-04-25,SKU109,465,477
2025-04-25,SKU110,235,256
2025-04-25,SKU111,292,281
2025-04-25,SKU112,290,272
2025-04-25,SKU113,509,470
2025-04-25,SKU114,254,242
2025-04-25,SKU115,458,475
2025-04-25,SKU116,444,425
2025-04-25,SKU117,282,281
2025-04-25,SKU118,442,422
2025-04-25,SKU119,207,193
2025-04-25,SKU120,194,200
2025-04-25,SKU121,81,80
2025-04-25,SKU122,122,119
2025-04-25,SKU123,159,176
2025-04-25,SKU124,122,127
2025-04-25,SKU125,276,297
2025-04-25,SKU126,452,425
2025-04-25,SKU127,276,295
2025-04-25,SKU128,366,344
2025-04-25,SKU129,118,122
2025-04-26,SKU100,231,235
2025-04-26,SKU101,141,139
2025-04-26,SKU102,285,270
2025-04-26,SKU103,386,353
2025-04-26,SKU104,187,171
2025-04-26,SKU105,296,276
2025-04-26,SKU106,80,83
2025-04-26,SKU107,199,212
2025-04-26,SKU108,307,312
2025-04-26,SKU109,92,100
2025-04-26,SKU110,242,267
2025-04-26,SKU111,255,269
2025-04-26,SKU112,243,231
2025-04-26,SKU113,202,216
2025-04-26,SKU114,87,88
2025-04-26,SKU115,99,98
2025-04-26,SKU116,98,98
2025-04-26,SKU117,154,169
2025-04-26,SKU118,419,452
2025-04-26,SKU119,213,220
2025-04-26,SKU120,375,396
2025-04-26,SKU121,352,348
2025-04-26,SKU122,240,247
2025-04-26,SKU123,462,450
2025-04-26,SKU124,374,342
2025-04-26,SKU125,426,406
2025-04-26,SKU126,85,91
2025-04-26,SKU127,462,449
2025-04-26,SKU128,329,301
2025-04-26,SKU129,234,213
2025-04-27,SKU100,178,172
2025-04-27,SKU101,271,288
2025-04-27,SKU102,139,146
2025-04-27,SKU103,530,484
2025-04-27,SKU104,182,193
2025-04-27,SKU105,176,193
2025-04-27,SKU106,453,444
2025-04-27,SKU107,302,295
2025-04-27,SKU108,277,279
2025-04-27,SKU109,246,255
2025-04-27,SKU110,285,307
2025-04-27,SKU111,188,187
2025-04-27,SKU112,265,279
2025-04-27,SKU113,406,372
2025-04-27,SKU114,402,367
2025-04-27,SKU115,506,462
2025-04-27,SKU116,240,229
2025-04-27,SKU117,288,319
2025-04-27,SKU118,169,165
2025-04-27,SKU119,320,292
2025-04-27,SKU120,227,225
2025-04-27,SKU121,294,272
2025-04-27,SKU122,425,390
2025-04-27,SKU123,266,282
2025-04-27,SKU124,213,228
2025-04-27,SKU125,524,478
2025-04-27,SKU126,280,289
2025-04-27,SKU127,368,386
2025-04-27,SKU128,138,134
2025-04-27,SKU129,482,470
2025-04-28,SKU100,387,415
2025-04-28,SKU101,388,377
2025-04-28,SKU102,180,176
2025-04-28,SKU103,153,150
2025-04-28,SKU104,391,386
2025-04-28,SKU105,87,91
2025-04-28,SKU106,380,371
2025-04-28,SKU107,243,269
2025-04-28,SKU108,498,484
2025-04-28,SKU109,190,178
2025-04-28,SKU110,279,268
2025-04-28,SKU111,349,321
2025-04-28,SKU112,140,147
2025-04-28,SKU113,372,375
2025-04-28,SKU114,383,388
2025-04-28,SKU115,186,170
2025-04-28,SKU116,144,136
2025-04-28,SKU117,152,161
2025-04-28,SKU118,87,83
2025-04-28,SKU119,309,288
2025-04-28,SKU120,253,277
2025-04-28,SKU121,449,446
2025-04-28,SKU122,401,390
2025-04-28,SKU123,90,92
2025-04-28,SKU124,243,229
2025-04-28,SKU125,97,100
2025-04-28,SKU126,349,341
2025-04-28,SKU127,446,483
2025-04-28,SKU128,225,214
2025-04-28,SKU129,447,485
2025-04-29,SKU100,444,467
2025-04-29,SKU101,296,307
2025-04-29,SKU102,214,212
2025-04-29,SKU103,435,469
2025-04-29,SKU104,87,93
2025-04-29,SKU105,276,265
2025-04-29,SKU106,415,446
2025-04-29,SKU107,336,323
2025-04-29,SKU108,166,159
2025-04-29,SKU109,158,155
2025-04-29,SKU110,383,406
2025-04-29,SKU111,218,235
2025-04-29,SKU112,277,266
2025-04-29,SKU113,337,344
2025-04-29,SKU114,182,167
2025-04-29,SKU115,406,380
2025-04-29,SKU116,264,271
2025-04-29,SKU117,178,166
2025-04-29,SKU118,352,327
2025-04-29,SKU119,109,113
2025-04-29,SKU120,180,194
2025-04-29,SKU121,479,453
2025-04-29,SKU122,261,262
2025-04-29,SKU123,438,406
2025-04-29,SKU124,527,499
2025-04-29,SKU125,205,196
2025-04-29,SKU126,94,96
2025-04-29,SKU127,248,248
2025-04-29,SKU128,377,353
2025-04-29,SKU129,131,120
2025-04-30,SKU100,132,126
2025-04-30,SKU101,121,112
2025-04-30,SKU102,214,235
2025-04-30,SKU103,398,379
2025-04-30,SKU104,130,130
2025-04-30,SKU105,496,484
2025-04-30,SKU106,137,139
2025-04-30,SKU107,132,131
2025-04-30,SKU108,315,329
2025-04-30,SKU109,321,300
2025-04-30,SKU110,322,306
2025-04-30,SKU111,505,492
2025-04-30,SKU112,218,208
2025-04-30,SKU113,340,332
2025-04-30,SKU114,327,327
2025-04-30,SKU115,230,215
2025-04-30,SKU116,227,220
2025-04-30,SKU117,395,400
2025-04-30,SKU118,79,83
2025-04-30,SKU119,310,333
2025-04-30,SKU120,311,301
2025-04-30,SKU121,296,306
2025-04-30,SKU122,162,173
2025-04-30,SKU123,186,198
2025-04-30,SKU124,255,243
2025-04-30,SKU125,412,430
2025-04-30,SKU126,384,372
2025-04-30,SKU127,187,178
2025-04-30,SKU128,163,160
2025-04-30,SKU129,377,344
2025-05-01,SKU100,298,310
2025-05-01,SKU101,462,470
2025-05-01,SKU102,280,289
2025-05-01,SKU103,450,472
2025-05-01,SKU104,192,186
2025-05-01,SKU105,245,271
2025-05-01,SKU106,265,275
2025-05-01,SKU107,192,182
2025-05-01,SKU108,326,305
2025-05-01,SKU109,190,204
2025-05-01,SKU110,457,449
2025-05-01,SKU111,407,417
2025-05-01,SKU112,197,207
2025-05-01,SKU113,248,272
2025-05-01,SKU114,243,255
2025-05-01,SKU115,207,225
2025-05-01,SKU116,423,463
2025-05-01,SKU117,168,157
2025-05-01,SKU118,350,373
2025-05-01,SKU119,197,205
2025-05-01,SKU120,397,418
2025-05-01,SKU121,237,229
2025-05-01,SKU122,433,474
2025-05-01,SKU123,440,458
2025-05-01,SKU124,469,475
2025-05-01,SKU125,242,244
2025-05-01,SKU126,234,250
2025-05-01,SKU127,214,210
2025-05-01,SKU128,145,141
2025-05-01,SKU129,490,492
2025-05-02,SKU100,369,404
2025-05-02,SKU101,139,127
2025-05-02,SKU102,170,161
2025-05-02,SKU103,326,319
2025-05-02,SKU104,123,117
2025-05-02,SKU105,219,221
2025-05-02,SKU106,398,413
2025-05-02,SKU107,362,374
2025-05-02,SKU108,454,434
2025-05-02,SKU109,88,90
2025-05-02,SKU110,425,399
2025-05-02,SKU111,188,195
2025-05-02,SKU112,197,194
2025-05-02,SKU113,323,314
2025-05-02,SKU114,507,500
2025-05-02,SKU115,478,446
2025-05-02,SKU116,441,475
2025-05-02,SKU117,118,131
2025-05-02,SKU118,105,100
2025-05-02,SKU119,111,115
2025-05-02,SKU120,203,197
2025-05-02,SKU121,160,163
2025-05-02,SKU122,201,191
2025-05-02,SKU123,282,305
2025-05-02,SKU124,329,307
2025-05-02,SKU125,249,274
2025-05-02,SKU126,170,181
2025-05-02,SKU127,459,497
2025-05-02,SKU128,392,376
2025-05-02,SKU129,439,467
2025-05-03,SKU100,79,88
2025-05-03,SKU101,127,131
2025-05-03,SKU102,111,113
2025-05-03,SKU103,216,197
2025-05-03,SKU104,434,409
2025-05-03,SKU105,230,220
2025-05-03,SKU106,162,152
2025-05-03,SKU107,77,84
2025-05-03,SKU108,432,435
2025-05-03,SKU109,408,385
2025-05-03,SKU110,224,230
2025-05-03,SKU111,157,160
2025-05-03,SKU112,377,345
2025-05-03,SKU113,510,494
2025-05-03,SKU114,143,136
2025-05-03,SKU115,176,184
2025-05-03,SKU116,220,215
2025-05-03,SKU117,89,93
2025-05-03,SKU118,489,456
2025-05-03,SKU119,347,356
2025-05-03,SKU120,325,348
2025-05-03,SKU121,278,258
2025-05-03,SKU122,104,113
2025-05-03,SKU123,312,292
2025-05-03,SKU124,158,148
2025-05-03,SKU125,237,239
2025-05-03,SKU126,252,245
2025-05-03,SKU127,440,422
2025-05-03,SKU128,493,463
2025-05-03,SKU129,135,144
2025-05-04,SKU100,258,248
2025-05-04,SKU101,383,382
2025-05-04,SKU102,227,216
2025-05-04,SKU103,288,296
2025-05-04,SKU104,496,457
2025-05-04,SKU105,477,489
2025-05-04,SKU106,198,181
2025-05-04,SKU107,366,404
2025-05-04,SKU108,272,283
2025-05-04,SKU109,350,327
2025-05-04,SKU110,544,498
2025-05-04,SKU111,187,189
2025-05-04,SKU112,281,305
2025-05-04,SKU113,474,473
2025-05-04,SKU114,166,175
2025-05-04,SKU115,357,361
2025-05-04,SKU116,268,255
2025-05-04,SKU117,467,480
2025-05-04,SKU118,331,358
2025-05-04,SKU119,125,136
2025-05-04,SKU120,154,144
2025-05-04,SKU121,306,303
2025-05-04,SKU122,316,338
2025-05-04,SKU123,162,152
2025-05-04,SKU124,82,88
2025-05-04,SKU125,356,349
2025-05-04,SKU126,352,351
2025-05-04,SKU127,336,356
2025-05-04,SKU128,252,271
2025-05-04,SKU129,415,405
2025-05-05,SKU100,155,149
2025-05-05,SKU101,112,118
2025-05-05,SKU102,225,239
2025-05-05,SKU103,419,384
2025-05-05,SKU104,269,290
2025-05-05,SKU105,170,162
2025-05-05,SKU106,449,482
2025-05-05,SKU107,358,382
2025-05-05,SKU108,213,195
2025-05-05,SKU109,263,285
2025-05-05,SKU110,394,424
2025-05-05,SKU111,404,424
2025-05-05,SKU112,374,406
2025-05-05,SKU113,139,132
2025-05-05,SKU114,204,198
2025-05-05,SKU115,144,143
2025-05-05,SKU116,144,158
2025-05-05,SKU117,238,219
2025-05-05,SKU118,193,210
2025-05-05,SKU119,353,379
2025-05-05,SKU120,484,486
2025-05-05,SKU121,319,347
2025-05-05,SKU122,414,386
2025-05-05,SKU123,419,420
2025-05-05,SKU124,268,295
2025-05-05,SKU125,453,474
2025-05-05,SKU126,238,221
2025-05-05,SKU127,244,248
2025-05-05,SKU128,110,122
2025-05-05,SKU129,311,328
2025-05-06,SKU100,343,374
2025-05-06,SKU101,390,377
2025-05-06,SKU102,486,497
2025-05-06,SKU103,264,257
2025-05-06,SKU104,319,315
2025-05-06,SKU105,301,284
2025-05-06,SKU106,471,478
2025-05-06,SKU107,346,370
2025-05-06,SKU108,228,248
2025-05-06,SKU109,98,94
2025-05-06,SKU110,517,499
2025-05-06,SKU111,218,221
2025-05-06,SKU112,326,314
2025-05-06,SKU113,500,473
2025-05-06,SKU114,508,474
2025-05-06,SKU115,449,459
2025-05-06,SKU116,464,497
2025-05-06,SKU117,120,125
2025-05-06,SKU118,485,458
2025-05-06,SKU119,217,236
2025-05-06,SKU120,399,407
2025-05-06,SKU121,381,407
2025-05-06,SKU122,230,215
2025-05-06,SKU123,267,252
2025-05-06,SKU124,175,161
2025-05-06,SKU125,128,137
2025-05-06,SKU126,352,339
2025-05-06,SKU127,472,467
2025-05-06,SKU128,411,396
2025-05-06,SKU129,131,126
2025-05-07,SKU100,325,306
2025-05-07,SKU101,164,159
2025-05-07,SKU102,314,333
2025-05-07,SKU103,220,205
2025-05-07,SKU104,466,495
2025-05-07,SKU105,222,204
2025-05-07,SKU106,298,304
2025-05-07,SKU107,174,178
2025-05-07,SKU108,291,284
2025-05-07,SKU109,221,213
2025-05-07,SKU110,466,490
2025-05-07,SKU111,192,200
2025-05-07,SKU112,402,434
2025-05-07,SKU113,490,487
2025-05-07,SKU114,527,481
2025-05-07,SKU115,340,354
2025-05-07,SKU116,434,448
2025-05-07,SKU117,386,363
2025-05-07,SKU118,220,217
2025-05-07,SKU119,391,396
2025-05-07,SKU120,123,113
2025-05-07,SKU121,362,366
2025-05-07,SKU122,255,257
2025-05-07,SKU123,116,112
2025-05-07,SKU124,224,221
2025-05-07,SKU125,453,445
2025-05-07,SKU126,512,471
2025-05-07,SKU127,413,418
2025-05-07,SKU128,408,425
2025-05-07,SKU129,524,488
2025-05-08,SKU100,422,453
2025-05-08,SKU101,408,387
2025-05-08,SKU102,155,172
2025-05-08,SKU103,136,141
2025-05-08,SKU104,290,286
2025-05-08,SKU105,482,492
2025-05-08,SKU106,160,150
2025-05-08,SKU107,232,239
2025-05-08,SKU108,208,209
2025-05-08,SKU109,267,285
2025-05-08,SKU110,370,404
2025-05-08,SKU111,128,128
2025-05-08,SKU112,355,390
2025-05-08,SKU113,418,429
2025-05-08,SKU114,315,350
2025-05-08,SKU115,213,236
2025-05-08,SKU116,290,271
2025-05-08,SKU117,414,405
2025-05-08,SKU118,209,191
2025-05-08,SKU119,464,429
2025-05-08,SKU120,348,373
2025-05-08,SKU121,444,475
2025-05-08,SKU122,493,499
2025-05-08,SKU123,382,355
2025-05-08,SKU124,259,239
2025-05-08,SKU125,401,429
2025-05-08,SKU126,130,131
2025-05-08,SKU127,426,393
2025-05-08,SKU128,421,417
2025-05-08,SKU129,336,309
2025-05-09,SKU100,317,346
2025-05-09,SKU101,353,349
2025-05-09,SKU102,339,347
2025-05-09,SKU103,174,182
2025-05-09,SKU104,441,470
2025-05-09,SKU105,282,286
2025-05-09,SKU106,91,92
2025-05-09,SKU107,334,327
2025-05-09,SKU108,508,482
2025-05-09,SKU109,108,108
2025-05-09,SKU110,120,125
2025-05-09,SKU111,375,372
2025-05-09,SKU112,416,458
2025-05-09,SKU113,229,235
2025-05-09,SKU114,112,106
2025-05-09,SKU115,316,302
2025-05-09,SKU116,171,171
2025-05-09,SKU117,110,102
2025-05-09,SKU118,188,175
2025-05-09,SKU119,122,117
2025-05-09,SKU120,382,372
2025-05-09,SKU121,258,275
2025-05-09,SKU122,205,228
2025-05-09,SKU123,537,496
2025-05-09,SKU124,297,279
2025-05-09,SKU125,259,285
2025-05-09,SKU126,211,206
2025-05-09,SKU127,306,296
2025-05-09,SKU128,384,400
2025-05-09,SKU129,215,219
2025-05-10,SKU100,119,116
2025-05-10,SKU101,483,485
2025-05-10,SKU102,230,247
2025-05-10,SKU103,446,428
2025-05-10,SKU104,226,225
2025-05-10,SKU105,353,371
2025-05-10,SKU106,199,183
2025-05-10,SKU107,314,334
2025-05-10,SKU108,318,320
2025-05-10,SKU109,105,99
2025-05-10,SKU110,488,470
2025-05-10,SKU111,309,303
2025-05-10,SKU112,151,153
2025-05-10,SKU113,354,337
2025-05-10,SKU114,195,187
2025-05-10,SKU115,94,87
2025-05-10,SKU116,225,208
2025-05-10,SKU117,196,182
2025-05-10,SKU118,254,274
2025-05-10,SKU119,105,112
2025-05-10,SKU120,258,251
2025-05-10,SKU121,278,305
2025-05-10,SKU122,335,350
2025-05-10,SKU123,393,360
2025-05-10,SKU124,392,430
2025-05-10,SKU125,90,88
2025-05-10,SKU126,237,244
2025-05-10,SKU127,137,133
2025-05-10,SKU128,82,81
2025-05-10,SKU129,341,370
2025-05-11,SKU100,280,256
2025-05-11,SKU101,352,325
2025-05-11,SKU102,380,354
2025-05-11,SKU103,232,226
2025-05-11,SKU104,227,211
2025-05-11,SKU105,88,90
2025-05-11,SKU106,100,101
2025-05-11,SKU107,382,357
2025-05-11,SKU108,388,400
2025-05-11,SKU109,290,293
2025-05-11,SKU110,275,278
2025-05-11,SKU111,411,420
2025-05-11,SKU112,175,185
2025-05-11,SKU113,348,371
2025-05-11,SKU114,492,481
2025-05-11,SKU115,498,471
2025-05-11,SKU116,223,237
2025-05-11,SKU117,136,135
2025-05-11,SKU118,511,476
2025-05-11,SKU119,171,182
2025-05-11,SKU120,165,160
2025-05-11,SKU121,187,172
2025-05-11,SKU122,180,185
2025-05-11,SKU123,240,219
2025-05-11,SKU124,440,473
2025-05-11,SKU125,508,480
2025-05-11,SKU126,240,242
2025-05-11,SKU127,510,470
2025-05-11,SKU128,480,470
2025-05-11,SKU129,101,98
2025-05-12,SKU100,408,378
2025-05-12,SKU101,263,253
2025-05-12,SKU102,138,131
2025-05-12,SKU103,146,157
2025-05-12,SKU104,388,396
2025-05-12,SKU105,398,401
2025-05-12,SKU106,226,207
2025-05-12,SKU107,167,155
2025-05-12,SKU108,92,100
2025-05-12,SKU109,272,274
2025-05-12,SKU110,474,432
2025-05-12,SKU111,310,305
2025-05-12,SKU112,98,90
2025-05-12,SKU113,275,256
2025-05-12,SKU114,245,269
2025-05-12,SKU115,241,233
2025-05-12,SKU116,528,484
2025-05-12,SKU117,233,244
2025-05-12,SKU118,425,388
2025-05-12,SKU119,429,398
2025-05-12,SKU120,284,266
2025-05-12,SKU121,244,223
2025-05-12,SKU122,262,243
2025-05-12,SKU123,210,202
2025-05-12,SKU124,291,301
2025-05-12,SKU125,482,468
2025-05-12,SKU126,252,250
2025-05-12,SKU127,359,399
2025-05-12,SKU128,228,234
2025-05-12,SKU129,252,278
2025-05-13,SKU100,315,330
2025-05-13,SKU101,335,310
2025-05-13,SKU102,455,421
2025-05-13,SKU103,124,138
2025-05-13,SKU104,433,470
2025-05-13,SKU105,247,271
2025-05-13,SKU106,212,201
2025-05-13,SKU107,406,450
2025-05-13,SKU108,361,396
2025-05-13,SKU109,323,315
2025-05-13,SKU110,386,420
2025-05-13,SKU111,408,440
2025-05-13,SKU112,113,121
2025-05-13,SKU113,113,126
2025-05-13,SKU114,170,187
2025-05-13,SKU115,250,244
2025-05-13,SKU116,467,498
2025-05-13,SKU117,413,441
2025-05-13,SKU118,433,426
2025-05-13,SKU119,174,174
2025-05-13,SKU120,172,181
2025-05-13,SKU121,183,176
2025-05-13,SKU122,110,118
2025-05-13,SKU123,182,196
2025-05-13,SKU124,367,383
2025-05-13,SKU125,389,407
2025-05-13,SKU126,268,256
2025-05-13,SKU127,447,415
2025-05-13,SKU128,235,224
2025-05-13,SKU129,111,112
2025-05-14,SKU100,488,460
2025-05-14,SKU101,245,233
2025-05-14,SKU102,432,461
2025-05-14,SKU103,104,101
2025-05-14,SKU104,304,316
2025-05-14,SKU105,313,317
2025-05-14,SKU106,453,464
2025-05-14,SKU107,159,151
2025-05-14,SKU108,374,403
2025-05-14,SKU109,319,302
2025-05-14,SKU110,156,168
2025-05-14,SKU111,115,128
2025-05-14,SKU112,210,218
2025-05-14,SKU113,260,280
2025-05-14,SKU114,183,196
2025-05-14,SKU115,330,335
2025-05-14,SKU116,383,420
2025-05-14,SKU117,255,245
2025-05-14,SKU118,143,152
2025-05-14,SKU119,186,190
2025-05-14,SKU120,375,403
2025-05-14,SKU121,440,430
2025-05-14,SKU122,357,386
2025-05-14,SKU123,439,451
2025-05-14,SKU124,141,145
2025-05-14,SKU125,88,89
2025-05-14,SKU126,203,187
2025-05-14,SKU127,246,240
2025-05-14,SKU128,225,223
2025-05-14,SKU129,258,249
2025-05-15,SKU100,384,399
2025-05-15,SKU101,322,316
2025-05-15,SKU102,112,114
2025-05-15,SKU103,452,474
2025-05-15,SKU104,435,478
2025-05-15,SKU105,363,404
2025-05-15,SKU106,395,397
2025-05-15,SKU107,239,219
2025-05-15,SKU108,418,389
2025-05-15,SKU109,509,495
2025-05-15,SKU110,135,141
2025-05-15,SKU111,179,179
2025-05-15,SKU112,219,207
2025-05-15,SKU113,534,499
2025-05-15,SKU114,170,184
2025-05-15,SKU115,424,413
2025-05-15,SKU116,266,268
2025-05-15,SKU117,390,400
2025-05-15,SKU118,322,307
2025-05-15,SKU119,218,220
2025-05-15,SKU120,386,390
2025-05-15,SKU121,139,145
2025-05-15,SKU122,113,106
2025-05-15,SKU123,248,268
2025-05-15,SKU124,326,361
2025-05-15,SKU125,239,245
2025-05-15,SKU126,425,469
2025-05-15,SKU127,387,369
2025-05-15,SKU128,310,341
2025-05-15,SKU129,146,147
2025-05-16,SKU100,327,359
2025-05-16,SKU101,473,484
2025-05-16,SKU102,132,125
2025-05-16,SKU103,146,139
2025-05-16,SKU104,184,202
2025-05-16,SKU105,83,92
2025-05-16,SKU106,295,325
2025-05-16,SKU107,216,199
2025-05-16,SKU108,234,243
2025-05-16,SKU109,254,282
2025-05-16,SKU110,95,92
2025-05-16,SKU111,329,361
2025-05-16,SKU112,92,98
2025-05-16,SKU113,80,83
2025-05-16,SKU114,268,268
2025-05-16,SKU115,174,188
2025-05-16,SKU116,420,401
2025-05-16,SKU117,354,364
2025-05-16,SKU118,192,183
2025-05-16,SKU119,173,180
2025-05-16,SKU120,145,141
2025-05-16,SKU121,314,308
2025-05-16,SKU122,360,342
2025-05-16,SKU123,124,137
2025-05-16,SKU124,173,185
2025-05-16,SKU125,443,462
2025-05-16,SKU126,203,189
2025-05-16,SKU127,288,317
2025-05-16,SKU128,398,370
2025-05-16,SKU129,308,341
2025-05-17,SKU100,328,325
2025-05-17,SKU101,451,421
2025-05-17,SKU102,363,395
2025-05-17,SKU103,97,95
2025-05-17,SKU104,238,220
2025-05-17,SKU105,287,275
2025-05-17,SKU106,104,107
2025-05-17,SKU107,310,296
2025-05-17,SKU108,219,223
2025-05-17,SKU109,429,474
2025-05-17,SKU110,144,152
2025-05-17,SKU111,424,405
2025-05-17,SKU112,102,95
2025-05-17,SKU113,80,87
2025-05-17,SKU114,336,313
2025-05-17,SKU115,348,365
2025-05-17,SKU116,366,368
2025-05-17,SKU117,149,158
2025-05-17,SKU118,247,273
2025-05-17,SKU119,312,318
2025-05-17,SKU120,105,102
2025-05-17,SKU121,233,224
2025-05-17,SKU122,195,216
2025-05-17,SKU123,166,176
2025-05-17,SKU124,87,80
2025-05-17,SKU125,392,368
2025-05-17,SKU126,437,439
2025-05-17,SKU127,418,460
2025-05-17,SKU128,375,386
2025-05-17,SKU129,158,163
2025-05-18,SKU100,288,264
2025-05-18,SKU101,225,209
2025-05-18,SKU102,270,263
2025-05-18,SKU103,381,356
2025-05-18,SKU104,97,101
2025-05-18,SKU105,373,386
2025-05-18,SKU106,429,461
2025-05-18,SKU107,526,497
2025-05-18,SKU108,128,121
2025-05-18,SKU109,325,358
2025-05-18,SKU110,77,82
2025-05-18,SKU111,171,164
2025-05-18,SKU112,467,483
2025-05-18,SKU113,484,454
2025-05-18,SKU114,283,282
2025-05-18,SKU115,363,375
2025-05-18,SKU116,509,464
2025-05-18,SKU117,405,409
2025-05-18,SKU118,436,465
2025-05-18,SKU119,531,486
2025-05-18,SKU120,165,153
2025-05-18,SKU121,223,236
2025-05-18,SKU122,188,187
2025-05-18,SKU123,466,497
2025-05-18,SKU124,213,231
2025-05-18,SKU125,494,477
2025-05-18,SKU126,339,311
2025-05-18,SKU127,271,263
2025-05-18,SKU128,369,385
2025-05-18,SKU129,178,186
2025-05-19,SKU100,468,465
2025-05-19,SKU101,439,432
2025-05-19,SKU102,429,430
2025-05-19,SKU103,108,99
2025-05-19,SKU104,210,209
2025-05-19,SKU105,479,450
2025-05-19,SKU106,126,128
2025-05-19,SKU107,207,203
2025-05-19,SKU108,235,245
2025-05-19,SKU109,293,311
2025-05-19,SKU110,88,85
2025-05-19,SKU111,448,425
2025-05-19,SKU112,115,115
2025-05-19,SKU113,441,436
2025-05-19,SKU114,409,450
2025-05-19,SKU115,438,437
2025-05-19,SKU116,298,311
2025-05-19,SKU117,232,228
2025-05-19,SKU118,401,431
2025-05-19,SKU119,325,326
2025-05-19,SKU120,500,477
2025-05-19,SKU121,179,170
2025-05-19,SKU122,163,173
2025-05-19,SKU123,313,332
2025-05-19,SKU124,477,438
2025-05-19,SKU125,152,164
2025-05-19,SKU126,393,389
2025-05-19,SKU127,282,267
2025-05-19,SKU128,444,442
2025-05-19,SKU129,408,405
2025-05-20,SKU100,127,141
2025-05-20,SKU101,180,175
2025-05-20,SKU102,349,359
2025-05-20,SKU103,124,114
2025-05-20,SKU104,371,378
2025-05-20,SKU105,186,198
2025-05-20,SKU106,480,462
2025-05-20,SKU107,110,110
2025-05-20,SKU108,359,348
2025-05-20,SKU109,80,84
2025-05-20,SKU110,218,204
2025-05-20,SKU111,416,419
2025-05-20,SKU112,121,130
2025-05-20,SKU113,404,401
2025-05-20,SKU114,389,421
2025-05-20,SKU115,428,469
2025-05-20,SKU116,344,369
2025-05-20,SKU117,310,291
2025-05-20,SKU118,207,195
2025-05-20,SKU119,458,465
2025-05-20,SKU120,255,282
2025-05-20,SKU121,265,271
2025-05-20,SKU122,204,195
2025-05-20,SKU123,429,394
2025-05-20,SKU124,296,288
2025-05-20,SKU125,207,203
2025-05-20,SKU126,434,475
2025-05-20,SKU127,267,293
2025-05-20,SKU128,443,477
2025-05-20,SKU129,257,269
2025-05-21,SKU100,256,255
2025-05-21,SKU101,106,112
2025-05-21,SKU102,234,218
2025-05-21,SKU103,188,196
2025-05-21,SKU104,204,202
2025-05-21,SKU105,189,178
2025-05-21,SKU106,277,290
2025-05-21,SKU107,435,422
2025-05-21,SKU108,447,482
2025-05-21,SKU109,183,177
2025-05-21,SKU110,360,357
2025-05-21,SKU111,321,316
2025-05-21,SKU112,470,450
2025-05-21,SKU113,193,206
2025-05-21,SKU114,236,252
2025-05-21,SKU115,325,334
2025-05-21,SKU116,426,447
2025-05-21,SKU117,343,355
2025-05-21,SKU118,110,116
2025-05-21,SKU119,395,361
2025-05-21,SKU120,186,176
2025-05-21,SKU121,329,333
2025-05-21,SKU122,477,500
2025-05-21,SKU123,172,181
2025-05-21,SKU124,336,330
2025-05-21,SKU125,267,278
2025-05-21,SKU126,138,142
2025-05-21,SKU127,109,115
2025-05-21,SKU128,200,217
2025-05-21,SKU129,477,460
2025-05-22,SKU100,142,157
2025-05-22,SKU101,443,470
2025-05-22,SKU102,365,357
2025-05-22,SKU103,389,372
2025-05-22,SKU104,303,328
2025-05-22,SKU105,271,288
2025-05-22,SKU106,176,164
2025-05-22,SKU107,120,134
2025-05-22,SKU108,306,302
2025-05-22,SKU109,274,277
2025-05-22,SKU110,118,121
2025-05-22,SKU111,163,156
2025-05-22,SKU112,413,394
2025-05-22,SKU113,449,471
2025-05-22,SKU114,320,303
2025-05-22,SKU115,220,244
2025-05-22,SKU116,296,278
2025-05-22,SKU117,250,270
2025-05-22,SKU118,453,437
2025-05-22,SKU119,269,286
2025-05-22,SKU120,274,287
2025-05-22,SKU121,193,198
2025-05-22,SKU122,468,431
2025-05-22,SKU123,398,437
2025-05-22,SKU124,88,91
2025-05-22,SKU125,248,275
2025-05-22,SKU126,333,308
2025-05-22,SKU127,203,210
2025-05-22,SKU128,212,213
2025-05-22,SKU129,389,379
2025-05-23,SKU100,289,311
2025-05-23,SKU101,289,303
2025-05-23,SKU102,278,289
2025-05-23,SKU103,212,198
2025-05-23,SKU104,384,373
2025-05-23,SKU105,229,227
2025-05-23,SKU106,156,165
2025-05-23,SKU107,406,444
2025-05-23,SKU108,526,498
2025-05-23,SKU109,474,478
2025-05-23,SKU110,159,171
2025-05-23,SKU111,434,482
2025-05-23,SKU112,219,219
2025-05-23,SKU113,364,338
2025-05-23,SKU114,150,165
2025-05-23,SKU115,139,147
2025-05-23,SKU116,271,268
2025-05-23,SKU117,203,205
2025-05-23,SKU118,422,445
2025-05-23,SKU119,423,466
2025-05-23,SKU120,76,80
2025-05-23,SKU121,341,330
2025-05-23,SKU122,373,357
2025-05-23,SKU123,447,411
2025-05-23,SKU124,396,390
2025-05-23,SKU125,440,464
2025-05-23,SKU126,361,337
2025-05-23,SKU127,92,98
2025-05-23,SKU128,214,232
2025-05-23,SKU129,261,272
2025-05-24,SKU100,211,196
2025-05-24,SKU101,282,284
2025-05-24,SKU102,182,184
2025-05-24,SKU103,223,205
2025-05-24,SKU104,125,131
2025-05-24,SKU105,344,318
2025-05-24,SKU106,275,301
2025-05-24,SKU107,501,500
2025-05-24,SKU108,296,325
2025-05-24,SKU109,258,238
2025-05-24,SKU110,121,131
2025-05-24,SKU111,198,218
2025-05-24,SKU112,403,402
2025-05-24,SKU113,276,286
2025-05-24,SKU114,263,257
2025-05-24,SKU115,112,106
2025-05-24,SKU116,319,304
2025-05-24,SKU117,311,343
2025-05-24,SKU118,469,463
2025-05-24,SKU119,263,273
2025-05-24,SKU120,474,454
2025-05-24,SKU121,159,152
2025-05-24,SKU122,385,395
2025-05-24,SKU123,91,101
2025-05-24,SKU124,176,179
2025-05-24,SKU125,520,489
2025-05-24,SKU126,364,360
2025-05-24,SKU127,105,113
2025-05-24,SKU128,450,452
2025-05-24,SKU129,345,319
2025-05-25,SKU100,324,349
2025-05-25,SKU101,454,446
2025-05-25,SKU102,501,492
2025-05-25,SKU103,449,497
2025-05-25,SKU104,269,248
2025-05-25,SKU105,494,450
2025-05-25,SKU106,366,382
2025-05-25,SKU107,156,155
2025-05-25,SKU108,205,207
2025-05-25,SKU109,135,130
2025-05-25,SKU110,305,291
2025-05-25,SKU111,238,249
2025-05-25,SKU112,397,399
2025-05-25,SKU113,458,476
2025-05-25,SKU114,305,287
2025-05-25,SKU115,352,322
2025-05-25,SKU116,248,269
2025-05-25,SKU117,359,331
2025-05-25,SKU118,185,189
2025-05-25,SKU119,208,204
2025-05-25,SKU120,164,161
2025-05-25,SKU121,112,122
2025-05-25,SKU122,412,457
2025-05-25,SKU123,358,332
2025-05-25,SKU124,172,157
2025-05-25,SKU125,154,170
2025-05-25,SKU126,276,267
2025-05-25,SKU127,427,421
2025-05-25,SKU128,229,238
2025-05-25,SKU129,133,122
2025-05-26,SKU100,136,150
2025-05-26,SKU101,198,213
2025-05-26,SKU102,128,129
2025-05-26,SKU103,203,225
2025-05-26,SKU104,169,163
2025-05-26,SKU105,326,340
2025-05-26,SKU106,487,497
2025-05-26,SKU107,245,238
2025-05-26,SKU108,293,316
2025-05-26,SKU109,109,120
2025-05-26,SKU110,148,135
2025-05-26,SKU111,411,450
2025-05-26,SKU112,246,243
2025-05-26,SKU113,296,302
2025-05-26,SKU114,427,423
2025-05-26,SKU115,417,443
2025-05-26,SKU116,94,97
2025-05-26,SKU117,233,256
2025-05-26,SKU118,466,491
2025-05-26,SKU119,331,334
2025-05-26,SKU120,475,443
2025-05-26,SKU121,479,497
2025-05-26,SKU122,401,417
2025-05-26,SKU123,410,438
2025-05-26,SKU124,268,292
2025-05-26,SKU125,108,101
2025-05-26,SKU126,388,389
2025-05-26,SKU127,191,183
2025-05-26,SKU128,427,474
2025-05-26,SKU129,270,255
2025-05-27,SKU100,318,302
2025-05-27,SKU101,99,100
2025-05-27,SKU102,344,360
2025-05-27,SKU103,217,225
2025-05-27,SKU104,438,401
2025-05-27,SKU105,318,293
2025-05-27,SKU106,214,198
2025-05-27,SKU107,295,310
2025-05-27,SKU108,105,99
2025-05-27,SKU109,357,376
2025-05-27,SKU110,331,351
2025-05-27,SKU111,494,500
2025-05-27,SKU112,272,300
2025-05-27,SKU113,468,491
2025-05-27,SKU114,264,293
2025-05-27,SKU115,485,472
2025-05-27,SKU116,399,387
2025-05-27,SKU117,190,189
2025-05-27,SKU118,442,479
2025-05-27,SKU119,282,279
2025-05-27,SKU120,370,359
2025-05-27,SKU121,273,299
2025-05-27,SKU122,293,325
2025-05-27,SKU123,484,463
2025-05-27,SKU124,236,229
2025-05-27,SKU125,280,298
2025-05-27,SKU126,135,129
2025-05-27,SKU127,370,357
2025-05-27,SKU128,130,119
2025-05-27,SKU129,88,81
2025-05-28,SKU100,277,262
2025-05-28,SKU101,295,278
2025-05-28,SKU102,217,208
2025-05-28,SKU103,511,486
2025-05-28,SKU104,149,154
2025-05-28,SKU105,436,433
2025-05-28,SKU106,479,467
2025-05-28,SKU107,295,279
2025-05-28,SKU108,494,493
2025-05-28,SKU109,154,165
2025-05-28,SKU110,484,476
2025-05-28,SKU111,435,461
2025-05-28,SKU112,478,479
2025-05-28,SKU113,250,244
2025-05-28,SKU114,91,101
2025-05-28,SKU115,361,372
2025-05-28,SKU116,278,270
2025-05-28,SKU117,90,83
2025-05-28,SKU118,158,148
2025-05-28,SKU119,386,367
2025-05-28,SKU120,321,322
2025-05-28,SKU121,454,469
2025-05-28,SKU122,101,96
2025-05-28,SKU123,197,205
2025-05-28,SKU124,106,99
2025-05-28,SKU125,240,233
2025-05-28,SKU126,225,212
2025-05-28,SKU127,271,254
2025-05-28,SKU128,243,266
2025-05-28,SKU129,228,233
2025-05-29,SKU100,260,242
2025-05-29,SKU101,191,188
2025-05-29,SKU102,100,105
2025-05-29,SKU103,386,357
2025-05-29,SKU104,448,444
2025-05-29,SKU105,436,433
2025-05-29,SKU106,213,232
2025-05-29,SKU107,96,100
2025-05-29,SKU108,402,416
2025-05-29,SKU109,137,150
2025-05-29,SKU110,144,134
2025-05-29,SKU111,480,494
2025-05-29,SKU112,200,215
2025-05-29,SKU113,461,486
2025-05-29,SKU114,179,174
2025-05-29,SKU115,136,133
2025-05-29,SKU116,199,191
2025-05-29,SKU117,498,457
2025-05-29,SKU118,221,202
2025-05-29,SKU119,373,347
2025-05-29,SKU120,478,453
2025-05-29,SKU121,341,360
2025-05-29,SKU122,406,393
2025-05-29,SKU123,335,350
2025-05-29,SKU124,375,382
2025-05-29,SKU125,206,217
2025-05-29,SKU126,280,295
2025-05-29,SKU127,87,80
2025-05-29,SKU128,185,177
2025-05-29,SKU129,351,375
2025-05-30,SKU100,336,374
2025-05-30,SKU101,144,136
2025-05-30,SKU102,129,134
2025-05-30,SKU103,161,155
2025-05-30,SKU104,258,268
2025-05-30,SKU105,418,417
2025-05-30,SKU106,393,419
2025-05-30,SKU107,180,185
2025-05-30,SKU108,450,420
2025-05-30,SKU109,329,330
2025-05-30,SKU110,99,105
2025-05-30,SKU111,146,161
2025-05-30,SKU112,315,314
2025-05-30,SKU113,146,136
2025-05-30,SKU114,208,223
2025-05-30,SKU115,507,482
2025-05-30,SKU116,302,312
2025-05-30,SKU117,291,310
2025-05-30,SKU118,354,324
2025-05-30,SKU119,306,325
2025-05-30,SKU120,453,479
2025-05-30,SKU121,210,192
2025-05-30,SKU122,443,408
2025-05-30,SKU123,437,449
2025-05-30,SKU124,124,130
2025-05-30,SKU125,470,489
2025-05-30,SKU126,113,112
2025-05-30,SKU127,212,224
2025-05-30,SKU128,458,422
2025-05-30,SKU129,530,489
2025-05-31,SKU100,472,449
2025-05-31,SKU101,468,491
2025-05-31,SKU102,294,285
2025-05-31,SKU103,357,368
2025-05-31,SKU104,374,399
2025-05-31,SKU105,110,103
2025-05-31,SKU106,443,468
2025-05-31,SKU107,193,196
2025-05-31,SKU108,396,433
2025-05-31,SKU109,141,150
2025-05-31,SKU110,313,319
2025-05-31,SKU111,136,132
2025-05-31,SKU112,414,447
2025-05-31,SKU113,186,191
2025-05-31,SKU114,92,85
2025-05-31,SKU115,229,223
2025-05-31,SKU116,171,187
2025-05-31,SKU117,128,140
2025-05-31,SKU118,388,386
2025-05-31,SKU119,444,469
2025-05-31,SKU120,222,221
2025-05-31,SKU121,455,436
2025-05-31,SKU122,201,190
2025-05-31,SKU123,125,125
2025-05-31,SKU124,357,374
2025-05-31,SKU125,280,258
2025-05-31,SKU126,406,436
2025-05-31,SKU127,406,401
2025-05-31,SKU128,166,178
2025-05-31,SKU129,415,457
2025-06-01,SKU100,425,431
2025-06-01,SKU101,160,161
2025-06-01,SKU102,245,271
2025-06-01,SKU103,271,295
2025-06-01,SKU104,108,117
2025-06-01,SKU105,204,197
2025-06-01,SKU106,446,445
2025-06-01,SKU107,428,426
2025-06-01,SKU108,415,379
2025-06-01,SKU109,386,384
2025-06-01,SKU110,304,309
2025-06-01,SKU111,480,486
2025-06-01,SKU112,367,390
2025-06-01,SKU113,506,475
2025-06-01,SKU114,225,231
2025-06-01,SKU115,135,126
2025-06-01,SKU116,402,435
2025-06-01,SKU117,475,457
2025-06-01,SKU118,318,325
2025-06-01,SKU119,465,444
2025-06-01,SKU120,322,345
2025-06-01,SKU121,136,144
2025-06-01,SKU122,393,390
2025-06-01,SKU123,358,355
2025-06-01,SKU124,326,355
2025-06-01,SKU125,334,361
2025-06-01,SKU126,297,298
2025-06-01,SKU127,519,491
2025-06-01,SKU128,125,125
2025-06-01,SKU129,114,116
2025-06-02,SKU100,516,494
2025-06-02,SKU101,172,164
2025-06-02,SKU102,110,121
2025-06-02,SKU103,452,492
2025-06-02,SKU104,246,270
2025-06-02,SKU105,352,389
2025-06-02,SKU106,234,240
2025-06-02,SKU107,347,338
2025-06-02,SKU108,147,161
2025-06-02,SKU109,428,422
2025-06-02,SKU110,332,331
2025-06-02,SKU111,179,169
2025-06-02,SKU112,420,398
2025-06-02,SKU113,290,320
2025-06-02,SKU114,84,93
2025-06-02,SKU115,398,418
2025-06-02,SKU116,262,256
2025-06-02,SKU117,451,450
2025-06-02,SKU118,279,287
2025-06-02,SKU119,270,291
2025-06-02,SKU120,215,196
2025-06-02,SKU121,102,105
2025-06-02,SKU122,365,375
2025-06-02,SKU123,404,445
2025-06-02,SKU124,271,288
2025-06-02,SKU125,398,394
2025-06-02,SKU126,530,482
2025-06-02,SKU127,441,405
2025-06-02,SKU128,131,144
2025-06-02,SKU129,112,104
2025-06-03,SKU100,284,273
2025-06-03,SKU101,375,411
2025-06-03,SKU102,164,159
2025-06-03,SKU103,290,284
2025-06-03,SKU104,167,167
2025-06-03,SKU105,440,421
2025-06-03,SKU106,145,161
2025-06-03,SKU107,413,447
2025-06-03,SKU108,345,350
2025-06-03,SKU109,454,478
2025-06-03,SKU110,106,100
2025-06-03,SKU111,394,403
2025-06-03,SKU112,452,464
2025-06-03,SKU113,94,101
2025-06-03,SKU114,413,425
2025-06-03,SKU115,167,175
2025-06-03,SKU116,386,422
2025-06-03,SKU117,306,290
2025-06-03,SKU118,408,374
2025-06-03,SKU119,95,91
2025-06-03,SKU120,254,268
2025-06-03,SKU121,322,345
2025-06-03,SKU122,493,451
2025-06-03,SKU123,397,436
2025-06-03,SKU124,94,99
2025-06-03,SKU125,217,229
2025-06-03,SKU126,501,471
2025-06-03,SKU127,332,349
2025-06-03,SKU128,408,442
2025-06-03,SKU129,457,493
2025-06-04,SKU100,145,148
2025-06-04,SKU101,107,100
2025-06-04,SKU102,129,119
2025-06-04,SKU103,337,338
2025-06-04,SKU104,127,128
2025-06-04,SKU105,304,288
2025-06-04,SKU106,375,348
2025-06-04,SKU107,163,174
2025-06-04,SKU108,96,95
2025-06-04,SKU109,269,292
2025-06-04,SKU110,386,385
2025-06-04,SKU111,421,432
2025-06-04,SKU112,438,439
2025-06-04,SKU113,355,385
2025-06-04,SKU114,316,292
2025-06-04,SKU115,184,189
2025-06-04,SKU116,238,257
2025-06-04,SKU117,243,239
2025-06-04,SKU118,358,349
2025-06-04,SKU119,136,135
2025-06-04,SKU120,284,283
2025-06-04,SKU121,94,93
2025-06-04,SKU122,177,167
2025-06-04,SKU123,194,190
2025-06-04,SKU124,110,117
2025-06-04,SKU125,247,252
2025-06-04,SKU126,101,98
2025-06-04,SKU127,146,146
2025-06-04,SKU128,419,462
2025-06-04,SKU129,95,90
2025-06-05,SKU100,372,346
2025-06-05,SKU101,304,283
2025-06-05,SKU102,425,470
2025-06-05,SKU103,286,313
2025-06-05,SKU104,142,131
2025-06-05,SKU105,246,254
2025-06-05,SKU106,338,361
2025-06-05,SKU107,336,328
2025-06-05,SKU108,475,470
2025-06-05,SKU109,205,187
2025-06-05,SKU110,505,463
2025-06-05,SKU111,253,235
2025-06-05,SKU112,383,350
2025-06-05,SKU113,219,232
2025-06-05,SKU114,378,361
2025-06-05,SKU115,261,288
2025-06-05,SKU116,277,271
2025-06-05,SKU117,136,132
2025-06-05,SKU118,393,435
2025-06-05,SKU119,294,268
2025-06-05,SKU120,119,113
2025-06-05,SKU121,188,173
2025-06-05,SKU122,213,210
2025-06-05,SKU123,476,467
2025-06-05,SKU124,393,400
2025-06-05,SKU125,480,493
2025-06-05,SKU126,372,362
2025-06-05,SKU127,468,453
2025-06-05,SKU128,332,347
2025-06-05,SKU129,271,267
2025-06-06,SKU100,126,135
2025-06-06,SKU101,444,479
2025-06-06,SKU102,372,368
2025-06-06,SKU103,413,398
2025-06-06,SKU104,155,159
2025-06-06,SKU105,463,471
2025-06-06,SKU106,286,306
2025-06-06,SKU107,399,367
2025-06-06,SKU108,353,346
2025-06-06,SKU109,427,419
2025-06-06,SKU110,220,204
2025-06-06,SKU111,449,416
2025-06-06,SKU112,546,499
2025-06-06,SKU113,279,256
2025-06-06,SKU114,164,152
2025-06-06,SKU115,292,302
2025-06-06,SKU116,447,481
2025-06-06,SKU117,265,263
2025-06-06,SKU118,398,418
2025-06-06,SKU119,363,373
2025-06-06,SKU120,126,117
2025-06-06,SKU121,365,367
2025-06-06,SKU122,452,424
2025-06-06,SKU123,187,177
2025-06-06,SKU124,276,252
2025-06-06,SKU125,187,178
2025-06-06,SKU126,147,156
2025-06-06,SKU127,324,340
2025-06-06,SKU128,101,95
2025-06-06,SKU129,439,465
2025-06-07,SKU100,507,496
2025-06-07,SKU101,110,113
2025-06-07,SKU102,392,411
2025-06-07,SKU103,356,390
2025-06-07,SKU104,105,107
2025-06-07,SKU105,403,402
2025-06-07,SKU106,314,306
2025-06-07,SKU107,109,105
2025-06-07,SKU108,212,223
2025-06-07,SKU109,312,306
2025-06-07,SKU110,113,109
2025-06-07,SKU111,157,151
2025-06-07,SKU112,148,146
2025-06-07,SKU113,385,364
2025-06-07,SKU114,345,331
2025-06-07,SKU115,299,276
2025-06-07,SKU116,475,438
2025-06-07,SKU117,455,478
2025-06-07,SKU118,360,348
2025-06-07,SKU119,168,179
2025-06-07,SKU120,135,125
2025-06-07,SKU121,484,446
2025-06-07,SKU122,262,285
2025-06-07,SKU123,119,120
2025-06-07,SKU124,169,164
2025-06-07,SKU125,146,163
2025-06-07,SKU126,456,464
2025-06-07,SKU127,224,242
2025-06-07,SKU128,408,373
2025-06-07,SKU129,167,177
2025-06-08,SKU100,111,102
2025-06-08,SKU101,211,221
2025-06-08,SKU102,292,311
2025-06-08,SKU103,129,132
2025-06-08,SKU104,164,152
2025-06-08,SKU105,346,335
2025-06-08,SKU106,160,175
2025-06-08,SKU107,136,127
2025-06-08,SKU108,159,173
2025-06-08,SKU109,374,345
2025-06-08,SKU110,376,373
2025-06-08,SKU111,349,331
2025-06-08,SKU112,287,304
2025-06-08,SKU113,212,198
2025-06-08,SKU114,147,138
2025-06-08,SKU115,470,428
2025-06-08,SKU116,239,253
2025-06-08,SKU117,90,91
2025-06-08,SKU118,373,358
2025-06-08,SKU119,464,428
2025-06-08,SKU120,336,324
2025-06-08,SKU121,316,334
2025-06-08,SKU122,508,479
2025-06-08,SKU123,424,471
2025-06-08,SKU124,126,123
2025-06-08,SKU125,199,194
2025-06-08,SKU126,147,161
2025-06-08,SKU127,405,417
2025-06-08,SKU128,336,309
2025-06-08,SKU129,290,287
2025-06-09,SKU100,148,161
2025-06-09,SKU101,263,249
2025-06-09,SKU102,428,453
2025-06-09,SKU103,456,448
2025-06-09,SKU104,370,339
2025-06-09,SKU105,249,232
2025-06-09,SKU106,466,456
2025-06-09,SKU107,116,113
2025-06-09,SKU108,318,311
2025-06-09,SKU109,518,494
2025-06-09,SKU110,410,415
2025-06-09,SKU111,161,171
2025-06-09,SKU112,302,309
2025-06-09,SKU113,517,473
2025-06-09,SKU114,391,395
2025-06-09,SKU115,130,119
2025-06-09,SKU116,414,401
2025-06-09,SKU117,394,392
2025-06-09,SKU118,167,156
2025-06-09,SKU119,303,303
2025-06-09,SKU120,168,158
2025-06-09,SKU121,349,344
2025-06-09,SKU122,104,99
2025-06-09,SKU123,430,428
2025-06-09,SKU124,181,175
2025-06-09,SKU125,110,106
2025-06-09,SKU126,277,264
2025-06-09,SKU127,462,452
2025-06-09,SKU128,336,371
2025-06-09,SKU129,157,165
2025-06-10,SKU100,179,175
2025-06-10,SKU101,153,148
2025-06-10,SKU102,229,217
2025-06-10,SKU103,180,179
2025-06-10,SKU104,127,132
2025-06-10,SKU105,124,120
2025-06-10,SKU106,370,352
2025-06-10,SKU107,305,327
2025-06-10,SKU108,180,165
2025-06-10,SKU109,359,381
2025-06-10,SKU110,256,255
2025-06-10,SKU111,124,132
2025-06-10,SKU112,381,366
2025-06-10,SKU113,101,93
2025-06-10,SKU114,233,214
2025-06-10,SKU115,89,88
2025-06-10,SKU116,409,428
2025-06-10,SKU117,77,83
2025-06-10,SKU118,151,141
2025-06-10,SKU119,343,375
2025-06-10,SKU120,332,326
2025-06-10,SKU121,181,181
2025-06-10,SKU122,357,377
2025-06-10,SKU123,250,266
2025-06-10,SKU124,235,246
2025-06-10,SKU125,232,247
2025-06-10,SKU126,163,168
2025-06-10,SKU127,292,294
2025-06-10,SKU128,213,201
2025-06-10,SKU129,220,242
2025-06-11,SKU100,407,389
2025-06-11,SKU101,292,324
2025-06-11,SKU102,213,200
2025-06-11,SKU103,457,472
2025-06-11,SKU104,163,150
2025-06-11,SKU105,521,494
2025-06-11,SKU106,263,246
2025-06-11,SKU107,309,292
2025-06-11,SKU108,292,306
2025-06-11,SKU109,345,332
2025-06-11,SKU110,495,459
2025-06-11,SKU111,390,403
2025-06-11,SKU112,281,266
2025-06-11,SKU113,474,444
2025-06-11,SKU114,311,337
2025-06-11,SKU115,153,140
2025-06-11,SKU116,226,250
2025-06-11,SKU117,90,100
2025-06-11,SKU118,384,407
2025-06-11,SKU119,181,198
2025-06-11,SKU120,439,409
2025-06-11,SKU121,264,246
2025-06-11,SKU122,79,82
2025-06-11,SKU123,326,347
2025-06-11,SKU124,381,364
2025-06-11,SKU125,216,225
2025-06-11,SKU126,385,395
2025-06-11,SKU127,445,446
2025-06-11,SKU128,475,433
2025-06-11,SKU129,333,309
2025-06-12,SKU100,202,191
2025-06-12,SKU101,380,358
2025-06-12,SKU102,138,148
2025-06-12,SKU103,185,182
2025-06-12,SKU104,384,400
2025-06-12,SKU105,286,273
2025-06-12,SKU106,201,205
2025-06-12,SKU107,192,184
2025-06-12,SKU108,92,92
2025-06-12,SKU109,359,345
2025-06-12,SKU110,179,170
2025-06-12,SKU111,305,317
2025-06-12,SKU112,376,367
2025-06-12,SKU113,255,274
2025-06-12,SKU114,92,96
2025-06-12,SKU115,362,341
2025-06-12,SKU116,304,312
2025-06-12,SKU117,212,203
2025-06-12,SKU118,387,361
2025-06-12,SKU119,145,141
2025-06-12,SKU120,325,314
2025-06-12,SKU121,503,483
2025-06-12,SKU122,380,369
2025-06-12,SKU123,90,94
2025-06-12,SKU124,409,375
2025-06-12,SKU125,450,459
2025-06-12,SKU126,448,455
2025-06-12,SKU127,346,379
2025-06-12,SKU128,366,363
2025-06-12,SKU129,159,165
2025-06-13,SKU100,216,228
2025-06-13,SKU101,238,250
2025-06-13,SKU102,539,495
2025-06-13,SKU103,466,446
2025-06-13,SKU104,314,308
2025-06-13,SKU105,75,81
2025-06-13,SKU106,107,115
2025-06-13,SKU107,454,421
2025-06-13,SKU108,377,349
2025-06-13,SKU109,188,189
2025-06-13,SKU110,409,376
2025-06-13,SKU111,135,146
2025-06-13,SKU112,120,130
2025-06-13,SKU113,479,453
2025-06-13,SKU114,164,176
2025-06-13,SKU115,474,469
2025-06-13,SKU116,464,431
2025-06-13,SKU117,363,339
2025-06-13,SKU118,405,430
2025-06-13,SKU119,473,440
2025-06-13,SKU120,245,262
2025-06-13,SKU121,304,281
2025-06-13,SKU122,84,88
2025-06-13,SKU123,286,278
2025-06-13,SKU124,493,486
2025-06-13,SKU125,110,114
2025-06-13,SKU126,458,452
2025-06-13,SKU127,444,478
2025-06-13,SKU128,518,478
2025-06-13,SKU129,266,258
2025-06-14,SKU100,129,127
2025-06-14,SKU101,257,283
2025-06-14,SKU102,144,157
2025-06-14,SKU103,467,431
2025-06-14,SKU104,334,318
2025-06-14,SKU105,140,138
2025-06-14,SKU106,115,125
2025-06-14,SKU107,123,133
2025-06-14,SKU108,144,141
2025-06-14,SKU109,155,149
2025-06-14,SKU110,368,350
2025-06-14,SKU111,417,398
2025-06-14,SKU112,233,230
2025-06-14,SKU113,237,252
2025-06-14,SKU114,169,171
2025-06-14,SKU115,246,234
2025-06-14,SKU116,497,471
2025-06-14,SKU117,120,126
2025-06-14,SKU118,289,282
2025-06-14,SKU119,270,252
2025-06-14,SKU120,270,247
2025-06-14,SKU121,220,226
2025-06-14,SKU122,358,382
2025-06-14,SKU123,438,449
2025-06-14,SKU124,480,459
2025-06-14,SKU125,197,189
2025-06-14,SKU126,236,256
2025-06-14,SKU127,355,334
2025-06-14,SKU128,288,312
2025-06-14,SKU129,322,297
2025-06-15,SKU100,273,296
2025-06-15,SKU101,307,325
2025-06-15,SKU102,102,110
2025-06-15,SKU103,319,306
2025-06-15,SKU104,319,298
2025-06-15,SKU105,181,196
2025-06-15,SKU106,448,412
2025-06-15,SKU107,231,243
2025-06-15,SKU108,441,430
2025-06-15,SKU109,457,439
2025-06-15,SKU110,188,207
2025-06-15,SKU111,286,265
2025-06-15,SKU112,398,368
2025-06-15,SKU113,263,268
2025-06-15,SKU114,110,113
2025-06-15,SKU115,525,478
2025-06-15,SKU116,317,297
2025-06-15,SKU117,347,325
2025-06-15,SKU118,469,494
2025-06-15,SKU119,123,136
2025-06-15,SKU120,148,140
2025-06-15,SKU121,93,99
2025-06-15,SKU122,294,291
2025-06-15,SKU123,271,284
2025-06-15,SKU124,159,162
2025-06-15,SKU125,86,86
2025-06-15,SKU126,264,267
2025-06-15,SKU127,102,95
2025-06-15,SKU128,401,440
2025-06-15,SKU129,308,340
2025-06-16,SKU100,155,169
2025-06-16,SKU101,89,88
2025-06-16,SKU102,377,352
2025-06-16,SKU103,303,308
2025-06-16,SKU104,208,209
2025-06-16,SKU105,330,367
2025-06-16,SKU106,527,491
2025-06-16,SKU107,266,286
2025-06-16,SKU108,224,210
2025-06-16,SKU109,142,156
2025-06-16,SKU110,329,348
2025-06-16,SKU111,291,323
2025-06-16,SKU112,281,286
2025-06-16,SKU113,255,249
2025-06-16,SKU114,120,114
2025-06-16,SKU115,379,381
2025-06-16,SKU116,189,209
2025-06-16,SKU117,217,214
2025-06-16,SKU118,330,362
2025-06-16,SKU119,485,467
2025-06-16,SKU120,415,436
2025-06-16,SKU121,213,207
2025-06-16,SKU122,255,242
2025-06-16,SKU123,400,392
2025-06-16,SKU124,365,381
2025-06-16,SKU125,362,334
2025-06-16,SKU126,392,390
2025-06-16,SKU127,199,194
2025-06-16,SKU128,377,382
2025-06-16,SKU129,285,292
2025-06-17,SKU100,177,169
2025-06-17,SKU101,195,187
2025-06-17,SKU102,389,382
2025-06-17,SKU103,151,138
2025-06-17,SKU104,79,87
2025-06-17,SKU105,320,300
2025-06-17,SKU106,87,93
2025-06-17,SKU107,335,315
2025-06-17,SKU108,153,167
2025-06-17,SKU109,166,161
2025-06-17,SKU110,426,402
2025-06-17,SKU111,136,128
2025-06-17,SKU112,448,489
2025-06-17,SKU113,461,439
2025-06-17,SKU114,384,384
2025-06-17,SKU115,167,155
2025-06-17,SKU116,95,91
2025-06-17,SKU117,407,400
2025-06-17,SKU118,418,418
2025-06-17,SKU119,306,284
2025-06-17,SKU120,139,150
2025-06-17,SKU121,263,262
2025-06-17,SKU122,201,199
2025-06-17,SKU123,267,271
2025-06-17,SKU124,153,168
2025-06-17,SKU125,323,356
2025-06-17,SKU126,332,322
2025-06-17,SKU127,171,176
2025-06-17,SKU128,376,384
2025-06-17,SKU129,133,123
2025-06-18,SKU100,196,216
2025-06-18,SKU101,410,445
2025-06-18,SKU102,371,377
2025-06-18,SKU103,101,102
2025-06-18,SKU104,193,207
2025-06-18,SKU105,511,493
2025-06-18,SKU106,261,250
2025-06-18,SKU107,519,478
2025-06-18,SKU108,507,492
2025-06-18,SKU109,165,173
2025-06-18,SKU110,422,389
2025-06-18,SKU111,239,224
2025-06-18,SKU112,340,359
2025-06-18,SKU113,387,393
2025-06-18,SKU114,328,341
2025-06-18,SKU115,79,85
2025-06-18,SKU116,257,277
2025-06-18,SKU117,444,469
2025-06-18,SKU118,221,220
2025-06-18,SKU119,368,337
2025-06-18,SKU120,345,353
2025-06-18,SKU121,200,196
2025-06-18,SKU122,207,212
2025-06-18,SKU123,345,349
2025-06-18,SKU124,268,297
2025-06-18,SKU125,213,233
2025-06-18,SKU126,513,467
2025-06-18,SKU127,439,418
2025-06-18,SKU128,463,497
2025-06-18,SKU129,265,288
2025-06-19,SKU100,159,164
2025-06-19,SKU101,233,234
2025-06-19,SKU102,363,395
2025-06-19,SKU103,103,96
2025-06-19,SKU104,199,220
2025-06-19,SKU105,304,285
2025-06-19,SKU106,457,459
2025-06-19,SKU107,476,475
2025-06-19,SKU108,386,384
2025-06-19,SKU109,101,101
2025-06-19,SKU110,282,285
2025-06-19,SKU111,123,129
2025-06-19,SKU112,291,291
2025-06-19,SKU113,208,195
2025-06-19,SKU114,288,281
2025-06-19,SKU115,302,296
2025-06-19,SKU116,532,492
2025-06-19,SKU117,293,282
2025-06-19,SKU118,259,239
2025-06-19,SKU119,248,239
2025-06-19,SKU120,258,254
2025-06-19,SKU121,379,417
2025-06-19,SKU122,155,149
2025-06-19,SKU123,116,109
2025-06-19,SKU124,214,206
2025-06-19,SKU125,395,435
2025-06-19,SKU126,294,322
2025-06-19,SKU127,104,111
2025-06-19,SKU128,490,465
2025-06-19,SKU129,284,295
2025-06-20,SKU100,457,493
2025-06-20,SKU101,194,208
2025-06-20,SKU102,299,272
2025-06-20,SKU103,232,220
2025-06-20,SKU104,373,365
2025-06-20,SKU105,263,290
2025-06-20,SKU106,146,162
2025-06-20,SKU107,317,296
2025-06-20,SKU108,296,306
2025-06-20,SKU109,327,310
2025-06-20,SKU110,265,243
2025-06-20,SKU111,359,339
2025-06-20,SKU112,138,146
2025-06-20,SKU113,479,489
2025-06-20,SKU114,156,146
2025-06-20,SKU115,284,294
2025-06-20,SKU116,132,135
2025-06-20,SKU117,379,391
2025-06-20,SKU118,472,435
2025-06-20,SKU119,161,175
2025-06-20,SKU120,187,172
2025-06-20,SKU121,336,324
2025-06-20,SKU122,264,285
2025-06-20,SKU123,111,114
2025-06-20,SKU124,162,170
2025-06-20,SKU125,292,270
2025-06-20,SKU126,209,208
2025-06-20,SKU127,305,278
2025-06-20,SKU128,319,354
2025-06-20,SKU129,377,344
2025-06-21,SKU100,168,164
2025-06-21,SKU101,162,155
2025-06-21,SKU102,185,184
2025-06-21,SKU103,503,468
2025-06-21,SKU104,290,300
2025-06-21,SKU105,297,277
2025-06-21,SKU106,319,316
2025-06-21,SKU107,293,268
2025-06-21,SKU108,220,238
2025-06-21,SKU109,456,435
2025-06-21,SKU110,203,209
2025-06-21,SKU111,99,96
2025-06-21,SKU112,243,236
2025-06-21,SKU113,308,319
2025-06-21,SKU114,192,180
2025-06-21,SKU115,164,151
2025-06-21,SKU116,488,445
2025-06-21,SKU117,363,355
2025-06-21,SKU118,343,331
2025-06-21,SKU119,545,497
2025-06-21,SKU120,466,476
2025-06-21,SKU121,402,420
2025-06-21,SKU122,429,460
2025-06-21,SKU123,191,178
2025-06-21,SKU124,284,274
2025-06-21,SKU125,313,323
2025-06-21,SKU126,325,357
2025-06-21,SKU127,470,481
2025-06-21,SKU128,96,101
2025-06-21,SKU129,162,179
2025-06-22,SKU100,313,343
2025-06-22,SKU101,322,322
2025-06-22,SKU102,121,114
2025-06-22,SKU103,211,222
2025-06-22,SKU104,202,213
2025-06-22,SKU105,331,352
2025-06-22,SKU106,274,265
2025-06-22,SKU107,374,397
2025-06-22,SKU108,333,362
2025-06-22,SKU109,434,413
2025-06-22,SKU110,231,244
2025-06-22,SKU111,156,155
2025-06-22,SKU112,397,418
2025-06-22,SKU113,293,277
2025-06-22,SKU114,325,297
2025-06-22,SKU115,444,477
2025-06-22,SKU116,106,111
2025-06-22,SKU117,391,376
2025-06-22,SKU118,234,220
2025-06-22,SKU119,203,209
2025-06-22,SKU120,134,125
2025-06-22,SKU121,504,462
2025-06-22,SKU122,161,169
2025-06-22,SKU123,375,365
2025-06-22,SKU124,163,163
2025-06-22,SKU125,446,485
2025-06-22,SKU126,421,417
2025-06-22,SKU127,463,498
2025-06-22,SKU128,168,168
2025-06-22,SKU129,109,105
2025-06-23,SKU100,274,277
2025-06-23,SKU101,111,103
2025-06-23,SKU102,410,403
2025-06-23,SKU103,507,490
2025-06-23,SKU104,128,142
2025-06-23,SKU105,216,231
2025-06-23,SKU106,121,127
2025-06-23,SKU107,347,363
2025-06-23,SKU108,209,204
2025-06-23,SKU109,358,341
2025-06-23,SKU110,311,295
2025-06-23,SKU111,140,150
2025-06-23,SKU112,367,381
2025-06-23,SKU113,117,130
2025-06-23,SKU114,521,475
2025-06-23,SKU115,455,464
2025-06-23,SKU116,286,269
2025-06-23,SKU117,270,248
2025-06-23,SKU118,324,304
2025-06-23,SKU119,392,432
2025-06-23,SKU120,412,422
2025-06-23,SKU121,105,117
2025-06-23,SKU122,258,269
2025-06-23,SKU123,131,126
2025-06-23,SKU124,84,80
2025-06-23,SKU125,128,131
2025-06-23,SKU126,486,475
2025-06-23,SKU127,355,394
2025-06-23,SKU128,176,179
2025-06-23,SKU129,232,230
2025-06-24,SKU100,322,321
2025-06-24,SKU101,406,408
2025-06-24,SKU102,241,266
2025-06-24,SKU103,167,172
2025-06-24,SKU104,336,312
2025-06-24,SKU105,363,384
2025-06-24,SKU106,114,124
2025-06-24,SKU107,260,263
2025-06-24,SKU108,379,375
2025-06-24,SKU109,83,87
2025-06-24,SKU110,86,82
2025-06-24,SKU111,164,151
2025-06-24,SKU112,251,251
2025-06-24,SKU113,326,329
2025-06-24,SKU114,443,423
2025-06-24,SKU115,282,277
2025-06-24,SKU116,369,357
2025-06-24,SKU117,147,154
2025-06-24,SKU118,375,383
2025-06-24,SKU119,202,216
2025-06-24,SKU120,313,324
2025-06-24,SKU121,282,310
2025-06-24,SKU122,224,215
2025-06-24,SKU123,135,147
2025-06-24,SKU124,410,428
2025-06-24,SKU125,99,103
2025-06-24,SKU126,86,81
2025-06-24,SKU127,266,267
2025-06-24,SKU128,337,374
2025-06-24,SKU129,114,112
2025-06-25,SKU100,483,449
2025-06-25,SKU101,100,109
2025-06-25,SKU102,499,498
2025-06-25,SKU103,223,214
2025-06-25,SKU104,163,149
2025-06-25,SKU105,387,357
2025-06-25,SKU106,297,326
2025-06-25,SKU107,377,367
2025-06-25,SKU108,141,139
2025-06-25,SKU109,182,171
2025-06-25,SKU110,381,416
2025-06-25,SKU111,126,121
2025-06-25,SKU112,250,265
2025-06-25,SKU113,506,500
2025-06-25,SKU114,95,96
2025-06-25,SKU115,248,240
2025-06-25,SKU116,228,211
2025-06-25,SKU117,343,338
2025-06-25,SKU118,428,444
2025-06-25,SKU119,509,495
2025-06-25,SKU120,313,319
2025-06-25,SKU121,202,189
2025-06-25,SKU122,149,147
2025-06-25,SKU123,435,472
2025-06-25,SKU124,422,399
2025-06-25,SKU125,166,152
2025-06-25,SKU126,253,239
2025-06-25,SKU127,495,474
2025-06-25,SKU128,204,212
2025-06-25,SKU129,481,476
2025-06-26,SKU100,107,110
2025-06-26,SKU101,274,302
2025-06-26,SKU102,182,179
2025-06-26,SKU103,224,208
2025-06-26,SKU104,180,179
2025-06-26,SKU105,462,489
2025-06-26,SKU106,227,232
2025-06-26,SKU107,100,104
2025-06-26,SKU108,491,497
2025-06-26,SKU109,102,105
2025-06-26,SKU110,243,251
2025-06-26,SKU111,151,161
2025-06-26,SKU112,85,84
2025-06-26,SKU113,270,250
2025-06-26,SKU114,100,101
2025-06-26,SKU115,411,454
2025-06-26,SKU116,183,199
2025-06-26,SKU117,333,316
2025-06-26,SKU118,424,387
2025-06-26,SKU119,263,248
2025-06-26,SKU120,318,307
2025-06-26,SKU121,410,439
2025-06-26,SKU122,299,287
2025-06-26,SKU123,191,199
2025-06-26,SKU124,126,122
2025-06-26,SKU125,126,122
2025-06-26,SKU126,253,240
2025-06-26,SKU127,99,110
2025-06-26,SKU128,514,495
2025-06-26,SKU129,224,243
2025-06-27,SKU100,412,440
2025-06-27,SKU101,387,384
2025-06-27,SKU102,468,460
2025-06-27,SKU103,101,94
2025-06-27,SKU104,102,113
2025-06-27,SKU105,436,426
2025-06-27,SKU106,405,449
2025-06-27,SKU107,347,376
2025-06-27,SKU108,156,144
2025-06-27,SKU109,103,103
2025-06-27,SKU110,205,225
2025-06-27,SKU111,409,400
2025-06-27,SKU112,400,414
2025-06-27,SKU113,184,169
2025-06-27,SKU114,492,469
2025-06-27,SKU115,358,370
2025-06-27,SKU116,254,278
2025-06-27,SKU117,333,329
2025-06-27,SKU118,369,409
2025-06-27,SKU119,328,360
2025-06-27,SKU120,441,447
2025-06-27,SKU121,496,478
2025-06-27,SKU122,320,336
2025-06-27,SKU123,480,446
2025-06-27,SKU124,181,179
2025-06-27,SKU125,391,377
2025-06-27,SKU126,176,195
2025-06-27,SKU127,306,314
2025-06-27,SKU128,222,247
2025-06-27,SKU129,274,258
2025-06-28,SKU100,455,418
2025-06-28,SKU101,147,156
2025-06-28,SKU102,266,249
2025-06-28,SKU103,483,457
2025-06-28,SKU104,441,409
2025-06-28,SKU105,387,426
2025-06-28,SKU106,427,406
2025-06-28,SKU107,291,291
2025-06-28,SKU108,169,157
2025-06-28,SKU109,270,276
2025-06-28,SKU110,152,149
2025-06-28,SKU111,412,427
2025-06-28,SKU112,501,466
2025-06-28,SKU113,530,484
2025-06-28,SKU114,395,369
2025-06-28,SKU115,401,383
2025-06-28,SKU116,161,165
2025-06-28,SKU117,199,203
2025-06-28,SKU118,90,84
2025-06-28,SKU119,261,269
2025-06-28,SKU120,208,210
2025-06-28,SKU121,95,92
2025-06-28,SKU122,283,307
2025-06-28,SKU123,153,162
2025-06-28,SKU124,161,172
2025-06-28,SKU125,133,130
2025-06-28,SKU126,390,418
2025-06-28,SKU127,367,348
2025-06-28,SKU128,344,330
2025-06-28,SKU129,339,369
2025-06-29,SKU100,278,275
2025-06-29,SKU101,110,105
2025-06-29,SKU102,200,201
2025-06-29,SKU103,173,190
2025-06-29,SKU104,159,159
2025-06-29,SKU105,178,168
2025-06-29,SKU106,256,239
2025-06-29,SKU107,318,343
2025-06-29,SKU108,302,324
2025-06-29,SKU109,341,362
2025-06-29,SKU110,148,145
2025-06-29,SKU111,456,419
2025-06-29,SKU112,119,125
2025-06-29,SKU113,391,415
2025-06-29,SKU114,496,463
2025-06-29,SKU115,111,113
2025-06-29,SKU116,404,388
2025-06-29,SKU117,392,424
2025-06-29,SKU118,79,86
2025-06-29,SKU119,100,105
2025-06-29,SKU120,147,156
2025-06-29,SKU121,441,447
2025-06-29,SKU122,150,145
2025-06-29,SKU123,281,270
2025-06-29,SKU124,501,477
2025-06-29,SKU125,283,293
2025-06-29,SKU126,204,209
2025-06-29,SKU127,105,109
2025-06-29,SKU128,302,305
2025-06-29,SKU129,348,379
2025-06-30,SKU100,396,378
2025-06-30,SKU101,153,141
2025-06-30,SKU102,220,206
2025-06-30,SKU103,477,500
2025-06-30,SKU104,261,280
2025-06-30,SKU105,526,490
2025-06-30,SKU106,297,329
2025-06-30,SKU107,290,287
2025-06-30,SKU108,313,293
2025-06-30,SKU109,500,465
2025-06-30,SKU110,206,199
2025-06-30,SKU111,372,372
2025-06-30,SKU112,241,265
2025-06-30,SKU113,503,478
2025-06-30,SKU114,376,415
2025-06-30,SKU115,186,180
2025-06-30,SKU116,183,176
2025-06-30,SKU117,230,256
2025-06-30,SKU118,253,272
2025-06-30,SKU119,162,166
2025-06-30,SKU120,128,140
2025-06-30,SKU121,200,190
2025-06-30,SKU122,443,458
2025-06-30,SKU123,420,436
2025-06-30,SKU124,135,131
2025-06-30,SKU125,100,100
2025-06-30,SKU126,418,384
2025-06-30,SKU127,469,458
2025-06-30,SKU128,385,407
2025-06-30,SKU129,521,500
2025-07-01,SKU100,383,421
2025-07-01,SKU101,185,195
2025-07-01,SKU102,450,497
2025-07-01,SKU103,108,119
2025-07-01,SKU104,424,422
2025-07-01,SKU105,297,271
2025-07-01,SKU106,336,319
2025-07-01,SKU107,438,433
2025-07-01,SKU108,263,249
2025-07-01,SKU109,479,444
2025-07-01,SKU110,517,475
2025-07-01,SKU111,176,182
2025-07-01,SKU112,272,269
2025-07-01,SKU113,300,277
2025-07-01,SKU114,329,337
2025-07-01,SKU115,201,186
2025-07-01,SKU116,164,170
2025-07-01,SKU117,368,354
2025-07-01,SKU118,271,250
2025-07-01,SKU119,236,236
2025-07-01,SKU120,459,469
2025-07-01,SKU121,524,482
2025-07-01,SKU122,271,283
2025-07-01,SKU123,146,137
2025-07-01,SKU124,335,312
2025-07-01,SKU125,196,202
2025-07-01,SKU126,133,140
2025-07-01,SKU127,474,496
2025-07-01,SKU128,416,413
2025-07-01,SKU129,523,485
2025-07-02,SKU100,95,95
2025-07-02,SKU101,141,142
2025-07-02,SKU102,283,262
2025-07-02,SKU103,129,141
2025-07-02,SKU104,282,308
2025-07-02,SKU105,225,242
2025-07-02,SKU106,397,416
2025-07-02,SKU107,358,338
2025-07-02,SKU108,440,428
2025-07-02,SKU109,95,104
2025-07-02,SKU110,175,163
2025-07-02,SKU111,436,434
2025-07-02,SKU112,488,459
2025-07-02,SKU113,304,307
2025-07-02,SKU114,294,300
2025-07-02,SKU115,165,176
2025-07-02,SKU116,240,222
2025-07-02,SKU117,111,103
2025-07-02,SKU118,278,262
2025-07-02,SKU119,323,354
2025-07-02,SKU120,413,412
2025-07-02,SKU121,99,92
2025-07-02,SKU122,401,429
2025-07-02,SKU123,223,238
2025-07-02,SKU124,165,179
2025-07-02,SKU125,221,234
2025-07-02,SKU126,448,485
2025-07-02,SKU127,284,283
2025-07-02,SKU128,123,124
2025-07-02,SKU129,91,97
2025-07-03,SKU100,436,448
2025-07-03,SKU101,432,417
2025-07-03,SKU102,154,166
2025-07-03,SKU103,491,497
2025-07-03,SKU104,190,177
2025-07-03,SKU105,152,169
2025-07-03,SKU106,334,322
2025-07-03,SKU107,246,261
2025-07-03,SKU108,273,298
2025-07-03,SKU109,313,320
2025-07-03,SKU110,286,315
2025-07-03,SKU111,389,390
2025-07-03,SKU112,358,338
2025-07-03,SKU113,91,99
2025-07-03,SKU114,155,159
2025-07-03,SKU115,342,363
2025-07-03,SKU116,375,366
2025-07-03,SKU117,136,125
2025-07-03,SKU118,519,486
2025-07-03,SKU119,465,442
2025-07-03,SKU120,223,212
2025-07-03,SKU121,243,246
2025-07-03,SKU122,145,154
2025-07-03,SKU123,146,158
2025-07-03,SKU124,444,444
2025-07-03,SKU125,476,466
2025-07-03,SKU126,260,257
2025-07-03,SKU127,465,459
2025-07-03,SKU128,461,420
2025-07-03,SKU129,162,174
2025-07-04,SKU100,320,352
2025-07-04,SKU101,485,486
2025-07-04,SKU102,180,200
2025-07-04,SKU103,211,197
2025-07-04,SKU104,146,142
2025-07-04,SKU105,92,86
2025-07-04,SKU106,465,476
2025-07-04,SKU107,109,109
2025-07-04,SKU108,268,284
2025-07-04,SKU109,404,416
2025-07-04,SKU110,433,454
2025-07-04,SKU111,255,265
2025-07-04,SKU112,457,489
2025-07-04,SKU113,110,114
2025-07-04,SKU114,198,217
2025-07-04,SKU115,410,424
2025-07-04,SKU116,89,88
2025-07-04,SKU117,391,375
2025-07-04,SKU118,368,382
2025-07-04,SKU119,279,263
2025-07-04,SKU120,441,491
2025-07-04,SKU121,195,209
2025-07-04,SKU122,79,87
2025-07-04,SKU123,119,129
2025-07-04,SKU124,149,156
2025-07-04,SKU125,214,204
2025-07-04,SKU126,389,397
2025-07-04,SKU127,407,411
2025-07-04,SKU128,345,347
2025-07-04,SKU129,297,298
2025-07-05,SKU100,246,260
2025-07-05,SKU101,202,186
2025-07-05,SKU102,453,437
2025-07-05,SKU103,356,388
2025-07-05,SKU104,223,238
2025-07-05,SKU105,476,451
2025-07-05,SKU106,163,173
2025-07-05,SKU107,148,161
2025-07-05,SKU108,97,92
2025-07-05,SKU109,260,273
2025-07-05,SKU110,403,407
2025-07-05,SKU111,86,83
2025-07-05,SKU112,322,295
2025-07-05,SKU113,226,236
2025-07-05,SKU114,301,302
2025-07-05,SKU115,314,309
2025-07-05,SKU116,122,125
2025-07-05,SKU117,253,257
2025-07-05,SKU118,225,249
2025-07-05,SKU119,250,260
2025-07-05,SKU120,164,181
2025-07-05,SKU121,221,219
2025-07-05,SKU122,313,317
2025-07-05,SKU123,410,405
2025-07-05,SKU124,385,371
2025-07-05,SKU125,168,185
2025-07-05,SKU126,331,318
2025-07-05,SKU127,238,259
2025-07-05,SKU128,310,316
2025-07-05,SKU129,220,233
2025-07-06,SKU100,240,229
2025-07-06,SKU101,223,211
2025-07-06,SKU102,139,142
2025-07-06,SKU103,215,205
2025-07-06,SKU104,480,441
2025-07-06,SKU105,372,376
2025-07-06,SKU106,234,218
2025-07-06,SKU107,367,349
2025-07-06,SKU108,342,367
2025-07-06,SKU109,369,383
2025-07-06,SKU110,406,389
2025-07-06,SKU111,209,191
2025-07-06,SKU112,362,352
2025-07-06,SKU113,200,218
2025-07-06,SKU114,92,84
2025-07-06,SKU115,133,146
2025-07-06,SKU116,342,325
2025-07-06,SKU117,252,234
2025-07-06,SKU118,170,178
2025-07-06,SKU119,283,291
2025-07-06,SKU120,351,379
2025-07-06,SKU121,184,205
2025-07-06,SKU122,365,370
2025-07-06,SKU123,104,112
2025-07-06,SKU124,337,370
2025-07-06,SKU125,491,457
2025-07-06,SKU126,441,478
2025-07-06,SKU127,305,316
2025-07-06,SKU128,263,262
2025-07-06,SKU129,171,177
2025-07-07,SKU100,420,436
2025-07-07,SKU101,112,123
2025-07-07,SKU102,244,269
2025-07-07,SKU103,162,173
2025-07-07,SKU104,443,423
2025-07-07,SKU105,194,207
2025-07-07,SKU106,164,173
2025-07-07,SKU107,122,135
2025-07-07,SKU108,323,310
2025-07-07,SKU109,476,459
2025-07-07,SKU110,510,480
2025-07-07,SKU111,383,362
2025-07-07,SKU112,461,443
2025-07-07,SKU113,217,223
2025-07-07,SKU114,170,158
2025-07-07,SKU115,424,411
2025-07-07,SKU116,206,226
2025-07-07,SKU117,95,99
2025-07-07,SKU118,150,159
2025-07-07,SKU119,96,104
2025-07-07,SKU120,219,223
2025-07-07,SKU121,324,309
2025-07-07,SKU122,504,465
2025-07-07,SKU123,168,182
2025-07-07,SKU124,460,486
2025-07-07,SKU125,142,148
2025-07-07,SKU126,178,190
2025-07-07,SKU127,85,91
2025-07-07,SKU128,315,319
2025-07-07,SKU129,146,142
2025-07-08,SKU100,397,408
2025-07-08,SKU101,181,168
2025-07-08,SKU102,383,364
2025-07-08,SKU103,181,200
2025-07-08,SKU104,449,485
2025-07-08,SKU105,229,231
2025-07-08,SKU106,486,459
2025-07-08,SKU107,325,312
2025-07-08,SKU108,452,488
2025-07-08,SKU109,247,271
2025-07-08,SKU110,218,212
2025-07-08,SKU111,478,453
2025-07-08,SKU112,332,323
2025-07-08,SKU113,259,244
2025-07-08,SKU114,420,398
2025-07-08,SKU115,187,173
2025-07-08,SKU116,271,264
2025-07-08,SKU117,283,305
2025-07-08,SKU118,373,402
2025-07-08,SKU119,104,112
2025-07-08,SKU120,106,100
2025-07-08,SKU121,418,432
2025-07-08,SKU122,337,353
2025-07-08,SKU123,354,339
2025-07-08,SKU124,205,206
2025-07-08,SKU125,315,311
2025-07-08,SKU126,160,175
2025-07-08,SKU127,96,104
2025-07-08,SKU128,95,101
2025-07-08,SKU129,356,363
2025-07-09,SKU100,422,435
2025-07-09,SKU101,491,456
2025-07-09,SKU102,123,132
2025-07-09,SKU103,361,332
2025-07-09,SKU104,195,207
2025-07-09,SKU105,147,163
2025-07-09,SKU106,141,153
2025-07-09,SKU107,411,427
2025-07-09,SKU108,400,410
2025-07-09,SKU109,187,179
2025-07-09,SKU110,378,356
2025-07-09,SKU111,220,230
2025-07-09,SKU112,359,337
2025-07-09,SKU113,392,386
2025-07-09,SKU114,216,218
2025-07-09,SKU115,277,271
2025-07-09,SKU116,351,339
2025-07-09,SKU117,507,472
2025-07-09,SKU118,424,429
2025-07-09,SKU119,474,439
2025-07-09,SKU120,416,404
2025-07-09,SKU121,404,386
2025-07-09,SKU122,203,217
2025-07-09,SKU123,257,243
2025-07-09,SKU124,266,263
2025-07-09,SKU125,130,121
2025-07-09,SKU126,113,122
2025-07-09,SKU127,96,94
2025-07-09,SKU128,148,160
2025-07-09,SKU129,111,116
2025-07-10,SKU100,442,420
2025-07-10,SKU101,292,300
2025-07-10,SKU102,217,212
2025-07-10,SKU103,426,422
2025-07-10,SKU104,192,184
2025-07-10,SKU105,373,355
2025-07-10,SKU106,222,219
2025-07-10,SKU107,146,160
2025-07-10,SKU108,181,170
2025-07-10,SKU109,177,168
2025-07-10,SKU110,231,231
2025-07-10,SKU111,272,270
2025-07-10,SKU112,295,293
2025-07-10,SKU113,77,84
2025-07-10,SKU114,338,351
2025-07-10,SKU115,106,109
2025-07-10,SKU116,157,148
2025-07-10,SKU117,106,101
2025-07-10,SKU118,365,337
2025-07-10,SKU119,407,406
2025-07-10,SKU120,240,240
2025-07-10,SKU121,398,406
2025-07-10,SKU122,252,239
2025-07-10,SKU123,315,302
2025-07-10,SKU124,390,417
2025-07-10,SKU125,484,446
2025-07-10,SKU126,110,118
2025-07-10,SKU127,395,433
2025-07-10,SKU128,373,393
2025-07-10,SKU129,131,137
2025-07-11,SKU100,142,136
2025-07-11,SKU101,206,192
2025-07-11,SKU102,94,90
2025-07-11,SKU103,397,441
2025-07-11,SKU104,188,180
2025-07-11,SKU105,180,179
2025-07-11,SKU106,116,129
2025-07-11,SKU107,262,247
2025-07-11,SKU108,379,351
2025-07-11,SKU109,86,80
2025-07-11,SKU110,175,162
2025-07-11,SKU111,440,417
2025-07-11,SKU112,108,110
2025-07-11,SKU113,280,301
2025-07-11,SKU114,329,303
2025-07-11,SKU115,399,364
2025-07-11,SKU116,343,336
2025-07-11,SKU117,521,484
2025-07-11,SKU118,495,497
2025-07-11,SKU119,326,338
2025-07-11,SKU120,440,403
2025-07-11,SKU121,280,283
2025-07-11,SKU122,347,362
2025-07-11,SKU123,110,118
2025-07-11,SKU124,451,485
2025-07-11,SKU125,363,391
2025-07-11,SKU126,355,340
2025-07-11,SKU127,173,175
2025-07-11,SKU128,112,112
2025-07-11,SKU129,493,471
2025-07-12,SKU100,368,398
2025-07-12,SKU101,266,289
2025-07-12,SKU102,131,136
2025-07-12,SKU103,402,376
2025-07-12,SKU104,370,357
2025-07-12,SKU105,312,334
2025-07-12,SKU106,474,446
2025-07-12,SKU107,273,280
2025-07-12,SKU108,285,284
2025-07-12,SKU109,264,261
2025-07-12,SKU110,242,245
2025-07-12,SKU111,345,339
2025-07-12,SKU112,232,246
2025-07-12,SKU113,309,302
2025-07-12,SKU114,321,307
2025-07-12,SKU115,353,391
2025-07-12,SKU116,299,323
2025-07-12,SKU117,301,296
2025-07-12,SKU118,465,471
2025-07-12,SKU119,296,328
2025-07-12,SKU120,489,480
2025-07-12,SKU121,427,428
2025-07-12,SKU122,441,431
2025-07-12,SKU123,274,287
2025-07-12,SKU124,500,490
2025-07-12,SKU125,215,234
2025-07-12,SKU126,242,227
2025-07-12,SKU127,389,402
2025-07-12,SKU128,379,377
2025-07-12,SKU129,262,274
2025-07-13,SKU100,159,163
2025-07-13,SKU101,277,283
2025-07-13,SKU102,100,111
2025-07-13,SKU103,219,218
2025-07-13,SKU104,318,346
2025-07-13,SKU105,391,364
2025-07-13,SKU106,190,177
2025-07-13,SKU107,314,327
2025-07-13,SKU108,205,201
2025-07-13,SKU109,228,214
2025-07-13,SKU110,351,363
2025-07-13,SKU111,169,156
2025-07-13,SKU112,291,269
2025-07-13,SKU113,170,188
2025-07-13,SKU114,293,279
2025-07-13,SKU115,412,383
2025-07-13,SKU116,385,410
2025-07-13,SKU117,210,229
2025-07-13,SKU118,346,369
2025-07-13,SKU119,448,420
2025-07-13,SKU120,313,309
2025-07-13,SKU121,351,325
2025-07-13,SKU122,140,140
2025-07-13,SKU123,433,409
2025-07-13,SKU124,423,403
2025-07-13,SKU125,399,432
2025-07-13,SKU126,221,231
2025-07-13,SKU127,394,387
2025-07-13,SKU128,312,327
2025-07-13,SKU129,395,366
2025-07-14,SKU100,144,150
2025-07-14,SKU101,160,171
2025-07-14,SKU102,352,391
2025-07-14,SKU103,416,405
2025-07-14,SKU104,440,486
2025-07-14,SKU105,351,325
2025-07-14,SKU106,235,227
2025-07-14,SKU107,363,385
2025-07-14,SKU108,153,167
2025-07-14,SKU109,187,195
2025-07-14,SKU110,132,121
2025-07-14,SKU111,439,453
2025-07-14,SKU112,467,439
2025-07-14,SKU113,84,81
2025-07-14,SKU114,390,417
2025-07-14,SKU115,123,114
2025-07-14,SKU116,491,478
2025-07-14,SKU117,310,333
2025-07-14,SKU118,411,408
2025-07-14,SKU119,259,257
2025-07-14,SKU120,246,244
2025-07-14,SKU121,391,379
2025-07-14,SKU122,238,257
2025-07-14,SKU123,264,287
2025-07-14,SKU124,321,330
2025-07-14,SKU125,103,114
2025-07-14,SKU126,369,406
2025-07-14,SKU127,120,127
2025-07-14,SKU128,215,217
2025-07-14,SKU129,183,189
2025-07-15,SKU100,94,98
2025-07-15,SKU101,319,353
2025-07-15,SKU102,331,351
2025-07-15,SKU103,441,483
2025-07-15,SKU104,410,409
2025-07-15,SKU105,324,298
2025-07-15,SKU106,341,339
2025-07-15,SKU107,333,365
2025-07-15,SKU108,356,358
2025-07-15,SKU109,359,364
2025-07-15,SKU110,107,112
2025-07-15,SKU111,417,434
2025-07-15,SKU112,393,418
2025-07-15,SKU113,194,195
2025-07-15,SKU114,131,131
2025-07-15,SKU115,308,297
2025-07-15,SKU116,238,222
2025-07-15,SKU117,454,456
2025-07-15,SKU118,166,163
2025-07-15,SKU119,124,113
2025-07-15,SKU120,485,496
2025-07-15,SKU121,355,374
2025-07-15,SKU122,479,486
2025-07-15,SKU123,398,392
2025-07-15,SKU124,97,94
2025-07-15,SKU125,358,352
2025-07-15,SKU126,199,196
2025-07-15,SKU127,212,199
2025-07-15,SKU128,236,254
2025-07-15,SKU129,362,356
2025-07-16,SKU100,397,367
2025-07-16,SKU101,513,476
2025-07-16,SKU102,449,443
2025-07-16,SKU103,361,345
2025-07-16,SKU104,158,171
2025-07-16,SKU105,375,378
2025-07-16,SKU106,451,418
2025-07-16,SKU107,124,117
2025-07-16,SKU108,333,356
2025-07-16,SKU109,335,311
2025-07-16,SKU110,260,248
2025-07-16,SKU111,232,214
2025-07-16,SKU112,228,216
2025-07-16,SKU113,351,334
2025-07-16,SKU114,306,280
2025-07-16,SKU115,180,173
2025-07-16,SKU116,188,187
2025-07-16,SKU117,323,302
2025-07-16,SKU118,122,121
2025-07-16,SKU119,325,355
2025-07-16,SKU120,91,85
2025-07-16,SKU121,498,487
2025-07-16,SKU122,429,402
2025-07-16,SKU123,323,319
2025-07-16,SKU124,156,155
2025-07-16,SKU125,301,296
2025-07-16,SKU126,471,484
2025-07-16,SKU127,400,416
2025-07-16,SKU128,419,464
2025-07-16,SKU129,417,463
2025-07-17,SKU100,219,237
2025-07-17,SKU101,134,142
2025-07-17,SKU102,340,373
2025-07-17,SKU103,374,353
2025-07-17,SKU104,129,142
2025-07-17,SKU105,143,149
2025-07-17,SKU106,181,185
2025-07-17,SKU107,461,436
2025-07-17,SKU108,180,185
2025-07-17,SKU109,279,305
2025-07-17,SKU110,355,340
2025-07-17,SKU111,193,205
2025-07-17,SKU112,361,396
2025-07-17,SKU113,252,250
2025-07-17,SKU114,274,267
2025-07-17,SKU115,398,420
2025-07-17,SKU116,294,277
2025-07-17,SKU117,333,329
2025-07-17,SKU118,520,484
2025-07-17,SKU119,216,228
2025-07-17,SKU120,104,101
2025-07-17,SKU121,200,202
2025-07-17,SKU122,100,94
2025-07-17,SKU123,324,295
2025-07-17,SKU124,260,289
2025-07-17,SKU125,170,170
2025-07-17,SKU126,199,210
2025-07-17,SKU127,266,291
2025-07-17,SKU128,432,436
2025-07-17,SKU129,177,184
2025-07-18,SKU100,323,329
2025-07-18,SKU101,365,340
2025-07-18,SKU102,219,212
2025-07-18,SKU103,367,350
2025-07-18,SKU104,256,242
2025-07-18,SKU105,294,290
2025-07-18,SKU106,326,333
2025-07-18,SKU107,447,417
2025-07-18,SKU108,82,81
2025-07-18,SKU109,372,354
2025-07-18,SKU110,394,394
2025-07-18,SKU111,255,243
2025-07-18,SKU112,417,441
2025-07-18,SKU113,499,463
2025-07-18,SKU114,306,331
2025-07-18,SKU115,162,180
2025-07-18,SKU116,396,363
2025-07-18,SKU117,140,134
2025-07-18,SKU118,472,449
2025-07-18,SKU119,257,236
2025-07-18,SKU120,471,469
2025-07-18,SKU121,312,332
2025-07-18,SKU122,433,413
2025-07-18,SKU123,429,454
2025-07-18,SKU124,466,469
2025-07-18,SKU125,191,208
2025-07-18,SKU126,351,389
2025-07-18,SKU127,242,258
2025-07-18,SKU128,321,294
2025-07-18,SKU129,141,145
2025-07-19,SKU100,133,148
2025-07-19,SKU101,82,90
2025-07-19,SKU102,440,433
2025-07-19,SKU103,132,131
2025-07-19,SKU104,296,270
2025-07-19,SKU105,372,362
2025-07-19,SKU106,341,327
2025-07-19,SKU107,438,404
2025-07-19,SKU108,222,221
2025-07-19,SKU109,397,380
2025-07-19,SKU110,164,157
2025-07-19,SKU111,367,374
2025-07-19,SKU112,248,271
2025-07-19,SKU113,245,232
2025-07-19,SKU114,82,87
2025-07-19,SKU115,399,424
2025-07-19,SKU116,135,135
2025-07-19,SKU117,91,98
2025-07-19,SKU118,275,300
2025-07-19,SKU119,104,105
2025-07-19,SKU120,281,284
2025-07-19,SKU121,117,108
2025-07-19,SKU122,87,97
2025-07-19,SKU123,459,485
2025-07-19,SKU124,136,149
2025-07-19,SKU125,315,289
2025-07-19,SKU126,82,85
2025-07-19,SKU127,217,240
2025-07-19,SKU128,189,204
2025-07-19,SKU129,98,93
2025-07-20,SKU100,345,321
2025-07-20,SKU101,309,333
2025-07-20,SKU102,522,491
2025-07-20,SKU103,467,443
2025-07-20,SKU104,447,485
2025-07-20,SKU105,346,371
2025-07-20,SKU106,82,83
2025-07-20,SKU107,262,288
2025-07-20,SKU108,205,195
2025-07-20,SKU109,523,482
2025-07-20,SKU110,245,264
2025-07-20,SKU111,80,87
2025-07-20,SKU112,362,380
2025-07-20,SKU113,492,455
2025-07-20,SKU114,89,88
2025-07-20,SKU115,326,308
2025-07-20,SKU116,167,172
2025-07-20,SKU117,398,425
2025-07-20,SKU118,250,260
2025-07-20,SKU119,145,146
2025-07-20,SKU120,324,318
2025-07-20,SKU121,330,365
2025-07-20,SKU122,237,218
2025-07-20,SKU123,382,379
2025-07-20,SKU124,90,98
2025-07-20,SKU125,388,421
2025-07-20,SKU126,117,126
2025-07-20,SKU127,315,287
2025-07-20,SKU128,464,455
2025-07-20,SKU129,276,291
2025-07-21,SKU100,92,92
2025-07-21,SKU101,515,500
2025-07-21,SKU102,137,136
2025-07-21,SKU103,424,397
2025-07-21,SKU104,290,303
2025-07-21,SKU105,389,372
2025-07-21,SKU106,510,473
2025-07-21,SKU107,427,391
2025-07-21,SKU108,191,181
2025-07-21,SKU109,339,356
2025-07-21,SKU110,336,309
2025-07-21,SKU111,147,160
2025-07-21,SKU112,279,290
2025-07-21,SKU113,161,155
2025-07-21,SKU114,124,113
2025-07-21,SKU115,451,452
2025-07-21,SKU116,84,87
2025-07-21,SKU117,195,186
2025-07-21,SKU118,81,90
2025-07-21,SKU119,219,207
2025-07-21,SKU120,283,286
2025-07-21,SKU121,354,393
2025-07-21,SKU122,391,372
2025-07-21,SKU123,134,142
2025-07-21,SKU124,73,81
2025-07-21,SKU125,388,370
2025-07-21,SKU126,473,500
2025-07-21,SKU127,198,183
2025-07-21,SKU128,390,377
2025-07-21,SKU129,330,315
2025-07-22,SKU100,229,221
2025-07-22,SKU101,150,140
2025-07-22,SKU102,223,205
2025-07-22,SKU103,129,129
2025-07-22,SKU104,131,127
2025-07-22,SKU105,279,269
2025-07-22,SKU106,159,152
2025-07-22,SKU107,83,89
2025-07-22,SKU108,379,420
2025-07-22,SKU109,257,245
2025-07-22,SKU110,262,290
2025-07-22,SKU111,382,374
2025-07-22,SKU112,406,377
2025-07-22,SKU113,283,287
2025-07-22,SKU114,98,107
2025-07-22,SKU115,232,216
2025-07-22,SKU116,458,494
2025-07-22,SKU117,130,126
2025-07-22,SKU118,154,150
2025-07-22,SKU119,417,385
2025-07-22,SKU120,170,156
2025-07-22,SKU121,97,97
2025-07-22,SKU122,114,115
2025-07-22,SKU123,148,149
2025-07-22,SKU124,174,178
2025-07-22,SKU125,186,193
2025-07-22,SKU126,80,84
2025-07-22,SKU127,140,128
2025-07-22,SKU128,152,151
2025-07-22,SKU129,333,361
2025-07-23,SKU100,211,215
2025-07-23,SKU101,113,123
2025-07-23,SKU102,151,153
2025-07-23,SKU103,484,450
2025-07-23,SKU104,146,145
2025-07-23,SKU105,111,115
2025-07-23,SKU106,448,415
2025-07-23,SKU107,244,271
2025-07-23,SKU108,317,302
2025-07-23,SKU109,512,475
2025-07-23,SKU110,287,275
2025-07-23,SKU111,183,170
2025-07-23,SKU112,205,192
2025-07-23,SKU113,84,92
2025-07-23,SKU114,181,201
2025-07-23,SKU115,487,460
2025-07-23,SKU116,237,238
2025-07-23,SKU117,193,200
2025-07-23,SKU118,364,331
2025-07-23,SKU119,177,163
2025-07-23,SKU120,395,427
2025-07-23,SKU121,169,173
2025-07-23,SKU122,299,280
2025-07-23,SKU123,302,278
2025-07-23,SKU124,309,284
2025-07-23,SKU125,129,119
2025-07-23,SKU126,329,306
2025-07-23,SKU127,354,359
2025-07-23,SKU128,382,399
2025-07-23,SKU129,124,121
2025-07-24,SKU100,136,144
2025-07-24,SKU101,179,187
2025-07-24,SKU102,316,294
2025-07-24,SKU103,172,158
2025-07-24,SKU104,266,252
2025-07-24,SKU105,213,209
2025-07-24,SKU106,249,262
2025-07-24,SKU107,293,284
2025-07-24,SKU108,230,224
2025-07-24,SKU109,131,143
2025-07-24,SKU110,350,332
2025-07-24,SKU111,121,121
2025-07-24,SKU112,86,81
2025-07-24,SKU113,223,237
2025-07-24,SKU114,462,483
2025-07-24,SKU115,178,171
2025-07-24,SKU116,224,221
2025-07-24,SKU117,99,91
2025-07-24,SKU118,430,476
2025-07-24,SKU119,143,131
2025-07-24,SKU120,172,162
2025-07-24,SKU121,185,180
2025-07-24,SKU122,512,490
2025-07-24,SKU123,87,95
2025-07-24,SKU124,244,239
2025-07-24,SKU125,87,82
2025-07-24,SKU126,139,152
2025-07-24,SKU127,330,338
2025-07-24,SKU128,148,163
2025-07-24,SKU129,135,133
2025-07-25,SKU100,481,464
2025-07-25,SKU101,405,381
2025-07-25,SKU102,265,292
2025-07-25,SKU103,422,402
2025-07-25,SKU104,270,261
2025-07-25,SKU105,110,106
2025-07-25,SKU106,388,377
2025-07-25,SKU107,502,500
2025-07-25,SKU108,86,84
2025-07-25,SKU109,294,304
2025-07-25,SKU110,170,164
2025-07-25,SKU111,166,165
2025-07-25,SKU112,308,307
2025-07-25,SKU113,158,150
2025-07-25,SKU114,112,108
2025-07-25,SKU115,268,292
2025-07-25,SKU116,434,433
2025-07-25,SKU117,147,159
2025-07-25,SKU118,414,385
2025-07-25,SKU119,262,276
2025-07-25,SKU120,142,141
2025-07-25,SKU121,177,196
2025-07-25,SKU122,144,134
2025-07-25,SKU123,467,488
2025-07-25,SKU124,469,450
2025-07-25,SKU125,258,260
2025-07-25,SKU126,81,87
2025-07-25,SKU127,215,230
2025-07-25,SKU128,308,282
2025-07-25,SKU129,138,142
2025-07-26,SKU100,111,113
2025-07-26,SKU101,208,205
2025-07-26,SKU102,503,463
2025-07-26,SKU103,222,244
2025-07-26,SKU104,310,288
2025-07-26,SKU105,105,117
2025-07-26,SKU106,176,181
2025-07-26,SKU107,449,472
2025-07-26,SKU108,195,188
2025-07-26,SKU109,400,397
2025-07-26,SKU110,143,150
2025-07-26,SKU111,106,113
2025-07-26,SKU112,140,134
2025-07-26,SKU113,451,494
2025-07-26,SKU114,179,197
2025-07-26,SKU115,113,116
2025-07-26,SKU116,498,470
2025-07-26,SKU117,418,437
2025-07-26,SKU118,193,205
2025-07-26,SKU119,234,248
2025-07-26,SKU120,114,127
2025-07-26,SKU121,150,140
2025-07-26,SKU122,329,335
2025-07-26,SKU123,359,338
2025-07-26,SKU124,318,297
2025-07-26,SKU125,304,321
2025-07-26,SKU126,485,461
2025-07-26,SKU127,378,359
2025-07-26,SKU128,320,332
2025-07-26,SKU129,202,199
2025-07-27,SKU100,244,231
2025-07-27,SKU101,488,457
2025-07-27,SKU102,219,223
2025-07-27,SKU103,137,152
2025-07-27,SKU104,119,132
2025-07-27,SKU105,333,336
2025-07-27,SKU106,468,492
2025-07-27,SKU107,386,352
2025-07-27,SKU108,438,420
2025-07-27,SKU109,317,329
2025-07-27,SKU110,92,88
2025-07-27,SKU111,457,500
2025-07-27,SKU112,256,246
2025-07-27,SKU113,251,276
2025-07-27,SKU114,237,250
2025-07-27,SKU115,343,350
2025-07-27,SKU116,290,310
2025-07-27,SKU117,256,233
2025-07-27,SKU118,284,299
2025-07-27,SKU119,446,414
2025-07-27,SKU120,152,153
2025-07-27,SKU121,415,441
2025-07-27,SKU122,456,452
2025-07-27,SKU123,304,293
2025-07-27,SKU124,135,144
2025-07-27,SKU125,449,449
2025-07-27,SKU126,104,106
2025-07-27,SKU127,100,95
2025-07-27,SKU128,381,347
2025-07-27,SKU129,186,199
2025-07-28,SKU100,421,460
2025-07-28,SKU101,305,310
2025-07-28,SKU102,80,84
2025-07-28,SKU103,440,457
2025-07-28,SKU104,454,457
2025-07-28,SKU105,316,317
2025-07-28,SKU106,195,210
2025-07-28,SKU107,471,440
2025-07-28,SKU108,482,480
2025-07-28,SKU109,171,172
2025-07-28,SKU110,144,146
2025-07-28,SKU111,114,110
2025-07-28,SKU112,380,409
2025-07-28,SKU113,429,469
2025-07-28,SKU114,277,269
2025-07-28,SKU115,360,390
2025-07-28,SKU116,276,296
2025-07-28,SKU117,425,395
2025-07-28,SKU118,216,227
2025-07-28,SKU119,379,375
2025-07-28,SKU120,183,169
2025-07-28,SKU121,79,84
2025-07-28,SKU122,102,95
2025-07-28,SKU123,392,371
2025-07-28,SKU124,202,216
2025-07-28,SKU125,354,333
2025-07-28,SKU126,324,359
2025-07-28,SKU127,341,317
2025-07-28,SKU128,201,190
2025-07-28,SKU129,177,179
2025-07-29,SKU100,146,137
2025-07-29,SKU101,351,368
2025-07-29,SKU102,219,203
2025-07-29,SKU103,210,193
2025-07-29,SKU104,297,283
2025-07-29,SKU105,103,111
2025-07-29,SKU106,463,453
2025-07-29,SKU107,140,135
2025-07-29,SKU108,367,389
2025-07-29,SKU109,175,160
2025-07-29,SKU110,381,356
2025-07-29,SKU111,344,373
2025-07-29,SKU112,265,258
2025-07-29,SKU113,391,368
2025-07-29,SKU114,313,300
2025-07-29,SKU115,396,410
2025-07-29,SKU116,166,165
2025-07-29,SKU117,188,185
2025-07-29,SKU118,474,463
2025-07-29,SKU119,324,311
2025-07-29,SKU120,354,359
2025-07-29,SKU121,462,463
2025-07-29,SKU122,311,291
2025-07-29,SKU123,102,102
2025-07-29,SKU124,133,132
2025-07-29,SKU125,96,103
2025-07-29,SKU126,284,270
2025-07-29,SKU127,470,496
2025-07-29,SKU128,213,212
2025-07-29,SKU129,182,195
2025-07-30,SKU100,141,138
2025-07-30,SKU101,241,252
2025-07-30,SKU102,91,97
2025-07-30,SKU103,359,338
2025-07-30,SKU104,459,435
2025-07-30,SKU105,491,466
2025-07-30,SKU106,156,163
2025-07-30,SKU107,166,163
2025-07-30,SKU108,498,495
2025-07-30,SKU109,484,462
2025-07-30,SKU110,131,142
2025-07-30,SKU111,200,218
2025-07-30,SKU112,324,307
2025-07-30,SKU113,259,240
2025-07-30,SKU114,365,394
2025-07-30,SKU115,145,153
2025-07-30,SKU116,165,181
2025-07-30,SKU117,371,381
2025-07-30,SKU118,84,87
2025-07-30,SKU119,223,217
2025-07-30,SKU120,299,309
2025-07-30,SKU121,137,147
2025-07-30,SKU122,415,439
2025-07-30,SKU123,206,198
2025-07-30,SKU124,317,296
2025-07-30,SKU125,226,243
2025-07-30,SKU126,269,284
2025-07-30,SKU127,158,152
2025-07-30,SKU128,139,141
2025-07-30,SKU129,83,82
2025-07-31,SKU100,235,261
2025-07-31,SKU101,195,187
2025-07-31,SKU102,387,377
2025-07-31,SKU103,449,421
2025-07-31,SKU104,305,306
2025-07-31,SKU105,376,406
2025-07-31,SKU106,140,144
2025-07-31,SKU107,136,147
2025-07-31,SKU108,340,359
2025-07-31,SKU109,505,488
2025-07-31,SKU110,376,356
2025-07-31,SKU111,495,456
2025-07-31,SKU112,479,475
2025-07-31,SKU113,299,300
2025-07-31,SKU114,351,374
2025-07-31,SKU115,210,200
2025-07-31,SKU116,359,365
2025-07-31,SKU117,431,396
2025-07-31,SKU118,332,319
2025-07-31,SKU119,287,301
2025-07-31,SKU120,405,405
2025-07-31,SKU121,351,349
2025-07-31,SKU122,182,167
2025-07-31,SKU123,315,303
2025-07-31,SKU124,303,287
2025-07-31,SKU125,324,340
2025-07-31,SKU126,424,417
2025-07-31,SKU127,256,236
2025-07-31,SKU128,254,243
2025-07-31,SKU129,370,379
2025-08-01,SKU100,205,202
2025-08-01,SKU101,202,197
2025-08-01,SKU102,201,190
2025-08-01,SKU103,231,252
2025-08-01,SKU104,197,194
2025-08-01,SKU105,519,504
2025-08-01,SKU106,494,500
2025-08-01,SKU107,293,326
2025-08-01,SKU108,132,121
2025-08-01,SKU109,192,205
2025-08-01,SKU110,265,258
2025-08-01,SKU111,232,227
2025-08-01,SKU112,494,539
2025-08-01,SKU113,325,309
2025-08-01,SKU114,180,195
2025-08-01,SKU115,334,364
2025-08-01,SKU116,338,316
2025-08-01,SKU117,369,338
2025-08-01,SKU118,361,363
2025-08-01,SKU119,311,326
2025-08-01,SKU120,518,494
2025-08-01,SKU121,373,348
2025-08-01,SKU122,228,219
2025-08-01,SKU123,270,300
2025-08-01,SKU124,223,225
2025-08-01,SKU125,312,340
2025-08-01,SKU126,190,178
2025-08-01,SKU127,232,212
2025-08-01,SKU128,307,333
2025-08-01,SKU129,570,557
2025-08-02,SKU100,516,479
2025-08-02,SKU101,405,372
2025-08-02,SKU102,469,499
2025-08-02,SKU103,246,263
2025-08-02,SKU104,274,255
2025-08-02,SKU105,304,284
2025-08-02,SKU106,410,415
2025-08-02,SKU107,391,382
2025-08-02,SKU108,185,193
2025-08-02,SKU109,181,190
2025-08-02,SKU110,259,272
2025-08-02,SKU111,542,543
2025-08-02,SKU112,289,294
2025-08-02,SKU113,206,206
2025-08-02,SKU114,238,241
2025-08-02,SKU115,324,302
2025-08-02,SKU116,500,530
2025-08-02,SKU117,425,420
2025-08-02,SKU118,342,366
2025-08-02,SKU119,544,523
2025-08-02,SKU120,107,98
2025-08-02,SKU121,274,290
2025-08-02,SKU122,274,276
2025-08-02,SKU123,140,144
2025-08-02,SKU124,295,280
2025-08-02,SKU125,508,561
2025-08-02,SKU126,370,405
2025-08-02,SKU127,115,120
2025-08-02,SKU128,348,333
2025-08-02,SKU129,359,359
2025-08-03,SKU100,175,169
2025-08-03,SKU101,223,228
2025-08-03,SKU102,459,479
2025-08-03,SKU103,385,396
2025-08-03,SKU104,455,449
2025-08-03,SKU105,355,357
2025-08-03,SKU106,460,431
2025-08-03,SKU107,379,395
2025-08-03,SKU108,368,358
2025-08-03,SKU109,98,103
2025-08-03,SKU110,349,333
2025-08-03,SKU111,312,289
2025-08-03,SKU112,233,236
2025-08-03,SKU113,370,390
2025-08-03,SKU114,386,376
2025-08-03,SKU115,110,104
2025-08-03,SKU116,600,557
2025-08-03,SKU117,160,171
2025-08-03,SKU118,358,333
2025-08-03,SKU119,442,430
2025-08-03,SKU120,106,101
2025-08-03,SKU121,472,472
2025-08-03,SKU122,407,387
2025-08-03,SKU123,602,566
2025-08-03,SKU124,501,533
2025-08-03,SKU125,279,270
2025-08-03,SKU126,409,394
2025-08-03,SKU127,410,374
2025-08-03,SKU128,293,277
2025-08-03,SKU129,111,104
2025-08-04,SKU100,106,109
2025-08-04,SKU101,133,127
2025-08-04,SKU102,189,187
2025-08-04,SKU103,99,100
2025-08-04,SKU104,205,195
2025-08-04,SKU105,415,454
2025-08-04,SKU106,442,407
2025-08-04,SKU107,392,422
2025-08-04,SKU108,510,543
2025-08-04,SKU109,142,144
2025-08-04,SKU110,361,340
2025-08-04,SKU111,229,246
2025-08-04,SKU112,166,184
2025-08-04,SKU113,442,439
2025-08-04,SKU114,146,142
2025-08-04,SKU115,279,269
2025-08-04,SKU116,451,499
2025-08-04,SKU117,554,547
2025-08-04,SKU118,116,106
2025-08-04,SKU119,130,128
2025-08-04,SKU120,182,203
2025-08-04,SKU121,375,403
2025-08-04,SKU122,456,422
2025-08-04,SKU123,263,255
2025-08-04,SKU124,127,123
2025-08-04,SKU125,602,575
2025-08-04,SKU126,376,408
2025-08-04,SKU127,91,94
2025-08-04,SKU128,258,250
2025-08-04,SKU129,315,293
2025-08-05,SKU100,157,158
2025-08-05,SKU101,342,334
2025-08-05,SKU102,111,119
2025-08-05,SKU103,370,409
2025-08-05,SKU104,127,129
2025-08-05,SKU105,375,402
2025-08-05,SKU106,199,194
2025-08-05,SKU107,285,267
2025-08-05,SKU108,112,109
2025-08-05,SKU109,178,178
2025-08-05,SKU110,316,290
2025-08-05,SKU111,468,472
2025-08-05,SKU112,132,135
2025-08-05,SKU113,456,440
2025-08-05,SKU114,340,318
2025-08-05,SKU115,362,369
2025-08-05,SKU116,379,419
2025-08-05,SKU117,95,101
2025-08-05,SKU118,128,125
2025-08-05,SKU119,318,339
2025-08-05,SKU120,234,249
2025-08-05,SKU121,475,462
2025-08-05,SKU122,316,288
2025-08-05,SKU123,407,377
2025-08-05,SKU124,101,97
2025-08-05,SKU125,521,480
2025-08-05,SKU126,192,187
2025-08-05,SKU127,337,331
2025-08-05,SKU128,198,182
2025-08-05,SKU129,214,238
2025-08-06,SKU100,583,541
2025-08-06,SKU101,290,299
2025-08-06,SKU102,324,341
2025-08-06,SKU103,429,404
2025-08-06,SKU104,264,255
2025-08-06,SKU105,347,326
2025-08-06,SKU106,395,392
2025-08-06,SKU107,521,514
2025-08-06,SKU108,385,396
2025-08-06,SKU109,309,333
2025-08-06,SKU110,223,227
2025-08-06,SKU111,561,566
2025-08-06,SKU112,316,331
2025-08-06,SKU113,315,310
2025-08-06,SKU114,412,377
2025-08-06,SKU115,179,194
2025-08-06,SKU116,226,242
2025-08-06,SKU117,186,200
2025-08-06,SKU118,422,456
2025-08-06,SKU119,297,325
2025-08-06,SKU120,433,426
2025-08-06,SKU121,286,294
2025-08-06,SKU122,459,445
2025-08-06,SKU123,535,525
2025-08-06,SKU124,222,236
2025-08-06,SKU125,399,372
2025-08-06,SKU126,391,394
2025-08-06,SKU127,421,450
2025-08-06,SKU128,248,269
2025-08-06,SKU129,175,193
2025-08-07,SKU100,125,131
2025-08-07,SKU101,498,479
2025-08-07,SKU102,474,454
2025-08-07,SKU103,284,271
2025-08-07,SKU104,119,111
2025-08-07,SKU105,386,423
2025-08-07,SKU106,95,101
2025-08-07,SKU107,260,280
2025-08-07,SKU108,408,411
2025-08-07,SKU109,454,451
2025-08-07,SKU110,474,486
2025-08-07,SKU111,572,554
2025-08-07,SKU112,286,265
2025-08-07,SKU113,524,509
2025-08-07,SKU114,187,198
2025-08-07,SKU115,462,426
2025-08-07,SKU116,488,449
2025-08-07,SKU117,246,244
2025-08-07,SKU118,178,165
2025-08-07,SKU119,552,548
2025-08-07,SKU120,302,309
2025-08-07,SKU121,86,94
2025-08-07,SKU122,241,235
2025-08-07,SKU123,445,454
2025-08-07,SKU124,395,401
2025-08-07,SKU125,190,181
2025-08-07,SKU126,537,523
2025-08-07,SKU127,91,95
2025-08-07,SKU128,223,242
2025-08-07,SKU129,244,224
2025-08-08,SKU100,220,224
2025-08-08,SKU101,450,481
2025-08-08,SKU102,483,500
2025-08-08,SKU103,442,434
2025-08-08,SKU104,208,208
2025-08-08,SKU105,328,362
2025-08-08,SKU106,212,200
2025-08-08,SKU107,339,355
2025-08-08,SKU108,524,550
2025-08-08,SKU109,370,353
2025-08-08,SKU110,175,166
2025-08-08,SKU111,97,94
2025-08-08,SKU112,256,280
2025-08-08,SKU113,550,554
2025-08-08,SKU114,501,496
2025-08-08,SKU115,390,376
2025-08-08,SKU116,415,408
2025-08-08,SKU117,292,299
2025-08-08,SKU118,475,447
2025-08-08,SKU119,300,300
2025-08-08,SKU120,430,411
2025-08-08,SKU121,520,566
2025-08-08,SKU122,260,250
2025-08-08,SKU123,471,485
2025-08-08,SKU124,172,159
2025-08-08,SKU125,404,380
2025-08-08,SKU126,232,258
2025-08-08,SKU127,508,563
2025-08-08,SKU128,253,274
2025-08-08,SKU129,511,539
2025-08-09,SKU100,538,494
2025-08-09,SKU101,478,529
2025-08-09,SKU102,369,409
2025-08-09,SKU103,187,184
2025-08-09,SKU104,302,316
2025-08-09,SKU105,418,445
2025-08-09,SKU106,223,231
2025-08-09,SKU107,190,209
2025-08-09,SKU108,351,366
2025-08-09,SKU109,420,389
2025-08-09,SKU110,116,116
2025-08-09,SKU111,413,376
2025-08-09,SKU112,172,190
2025-08-09,SKU113,164,161
2025-08-09,SKU114,436,409
2025-08-09,SKU115,275,257
2025-08-09,SKU116,216,209
2025-08-09,SKU117,312,320
2025-08-09,SKU118,389,408
2025-08-09,SKU119,115,119
2025-08-09,SKU120,207,201
2025-08-09,SKU121,467,477
2025-08-09,SKU122,581,561
2025-08-09,SKU123,98,102
2025-08-09,SKU124,381,368
2025-08-09,SKU125,244,251
2025-08-09,SKU126,389,373
2025-08-09,SKU127,418,404
2025-08-09,SKU128,186,172
2025-08-09,SKU129,370,353
2025-08-10,SKU100,187,197
2025-08-10,SKU101,420,431
2025-08-10,SKU102,248,227
2025-08-10,SKU103,289,317
2025-08-10,SKU104,93,101
2025-08-10,SKU105,452,418
2025-08-10,SKU106,320,319
2025-08-10,SKU107,518,570
2025-08-10,SKU108,317,324
2025-08-10,SKU109,93,96
2025-08-10,SKU110,434,403
2025-08-10,SKU111,457,464
2025-08-10,SKU112,419,412
2025-08-10,SKU113,221,218
2025-08-10,SKU114,171,188
2025-08-10,SKU115,423,468
2025-08-10,SKU116,106,104
2025-08-10,SKU117,466,496
2025-08-10,SKU118,313,309
2025-08-10,SKU119,290,307
2025-08-10,SKU120,503,473
2025-08-10,SKU121,122,120
2025-08-10,SKU122,108,117
2025-08-10,SKU123,622,571
2025-08-10,SKU124,266,280
2025-08-10,SKU125,478,439
2025-08-10,SKU126,271,259
2025-08-10,SKU127,478,500
2025-08-10,SKU128,361,394
2025-08-10,SKU129,467,462
2025-08-11,SKU100,165,179
2025-08-11,SKU101,116,121
2025-08-11,SKU102,92,98
2025-08-11,SKU103,559,569
2025-08-11,SKU104,403,410
2025-08-11,SKU105,262,265
2025-08-11,SKU106,528,537
2025-08-11,SKU107,158,169
2025-08-11,SKU108,377,388
2025-08-11,SKU109,215,208
2025-08-11,SKU110,234,226
2025-08-11,SKU111,141,144
2025-08-11,SKU112,309,340
2025-08-11,SKU113,389,427
2025-08-11,SKU114,231,241
2025-08-11,SKU115,423,439
2025-08-11,SKU116,225,247
2025-08-11,SKU117,547,522
2025-08-11,SKU118,522,492
2025-08-11,SKU119,372,366
2025-08-11,SKU120,334,362
2025-08-11,SKU121,553,538
2025-08-11,SKU122,432,430
2025-08-11,SKU123,285,267
2025-08-11,SKU124,213,217
2025-08-11,SKU125,165,164
2025-08-11,SKU126,292,281
2025-08-11,SKU127,476,461
2025-08-11,SKU128,450,413
2025-08-11,SKU129,332,366
2025-08-12,SKU100,433,446
2025-08-12,SKU101,205,219
2025-08-12,SKU102,517,507
2025-08-12,SKU103,574,554
2025-08-12,SKU104,316,330
2025-08-12,SKU105,457,422
2025-08-12,SKU106,503,540
2025-08-12,SKU107,608,564
2025-08-12,SKU108,487,455
2025-08-12,SKU109,226,243
2025-08-12,SKU110,236,231
2025-08-12,SKU111,232,223
2025-08-12,SKU112,158,174
2025-08-12,SKU113,179,198
2025-08-12,SKU114,544,496
2025-08-12,SKU115,425,454
2025-08-12,SKU116,244,255
2025-08-12,SKU117,394,382
2025-08-12,SKU118,371,400
2025-08-12,SKU119,581,562
2025-08-12,SKU120,300,280
2025-08-12,SKU121,258,249
2025-08-12,SKU122,291,320
2025-08-12,SKU123,352,348
2025-08-12,SKU124,124,132
2025-08-12,SKU125,98,109
2025-08-12,SKU126,283,258
2025-08-12,SKU127,170,182
2025-08-12,SKU128,546,518
2025-08-12,SKU129,353,356
2025-08-13,SKU100,407,419
2025-08-13,SKU101,508,561
2025-08-13,SKU102,194,190
2025-08-13,SKU103,442,462
2025-08-13,SKU104,116,113
2025-08-13,SKU105,472,519
2025-08-13,SKU106,105,102
2025-08-13,SKU107,580,552
2025-08-13,SKU108,339,343
2025-08-13,SKU109,462,426
2025-08-13,SKU110,167,185
2025-08-13,SKU111,497,507
2025-08-13,SKU112,309,301
2025-08-13,SKU113,533,560
2025-08-13,SKU114,127,133
2025-08-13,SKU115,282,277
2025-08-13,SKU116,196,213
2025-08-13,SKU117,529,502
2025-08-13,SKU118,539,532
2025-08-13,SKU119,272,255
2025-08-13,SKU120,129,136
2025-08-13,SKU121,310,342
2025-08-13,SKU122,294,277
2025-08-13,SKU123,261,257
2025-08-13,SKU124,186,175
2025-08-13,SKU125,201,218
2025-08-13,SKU126,417,439
2025-08-13,SKU127,153,167
2025-08-13,SKU128,452,435
2025-08-13,SKU129,433,474
2025-08-14,SKU100,582,572
2025-08-14,SKU101,293,270
2025-08-14,SKU102,434,466
2025-08-14,SKU103,380,363
2025-08-14,SKU104,136,128
2025-08-14,SKU105,188,174
2025-08-14,SKU106,357,356
2025-08-14,SKU107,342,376
2025-08-14,SKU108,239,262
2025-08-14,SKU109,329,317
2025-08-14,SKU110,524,502
2025-08-14,SKU111,302,309
2025-08-14,SKU112,438,430
2025-08-14,SKU113,110,105
2025-08-14,SKU114,355,343
2025-08-14,SKU115,448,425
2025-08-14,SKU116,495,491
2025-08-14,SKU117,488,456
2025-08-14,SKU118,205,210
2025-08-14,SKU119,374,411
2025-08-14,SKU120,136,140
2025-08-14,SKU121,146,149
2025-08-14,SKU122,291,279
2025-08-14,SKU123,360,331
2025-08-14,SKU124,523,482
2025-08-14,SKU125,298,284
2025-08-14,SKU126,369,381
2025-08-14,SKU127,362,368
2025-08-14,SKU128,118,121
2025-08-14,SKU129,419,397
2025-08-15,SKU100,256,269
2025-08-15,SKU101,448,451
2025-08-15,SKU102,185,175
2025-08-15,SKU103,394,402
2025-08-15,SKU104,101,101
2025-08-15,SKU105,295,278
2025-08-15,SKU106,126,128
2025-08-15,SKU107,186,205
2025-08-15,SKU108,617,568
2025-08-15,SKU109,216,216
2025-08-15,SKU110,175,193
2025-08-15,SKU111,474,522
2025-08-15,SKU112,382,405
2025-08-15,SKU113,267,255
2025-08-15,SKU114,492,485
2025-08-15,SKU115,355,346
2025-08-15,SKU116,440,442
2025-08-15,SKU117,350,378
2025-08-15,SKU118,182,181
2025-08-15,SKU119,297,304
2025-08-15,SKU120,94,98
2025-08-15,SKU121,204,211
2025-08-15,SKU122,496,497
2025-08-15,SKU123,412,428
2025-08-15,SKU124,226,223
2025-08-15,SKU125,293,289
2025-08-15,SKU126,375,413
2025-08-15,SKU127,85,92
2025-08-15,SKU128,232,250
2025-08-15,SKU129,249,228
2025-08-16,SKU100,478,482
2025-08-16,SKU101,345,348
2025-08-16,SKU102,162,158
2025-08-16,SKU103,357,341
2025-08-16,SKU104,480,516
2025-08-16,SKU105,419,399
2025-08-16,SKU106,431,448
2025-08-16,SKU107,336,324
2025-08-16,SKU108,420,427
2025-08-16,SKU109,511,542
2025-08-16,SKU110,539,525
2025-08-16,SKU111,325,312
2025-08-16,SKU112,356,362
2025-08-16,SKU113,372,395
2025-08-16,SKU114,452,503
2025-08-16,SKU115,413,439
2025-08-16,SKU116,451,492
2025-08-16,SKU117,437,403
2025-08-16,SKU118,409,409
2025-08-16,SKU119,191,178
2025-08-16,SKU120,295,292
2025-08-16,SKU121,420,413
2025-08-16,SKU122,368,339
2025-08-16,SKU123,378,362
2025-08-16,SKU124,341,370
2025-08-16,SKU125,391,432
2025-08-16,SKU126,181,192
2025-08-16,SKU127,390,428
2025-08-16,SKU128,589,560
2025-08-16,SKU129,269,251
2025-08-17,SKU100,213,210
2025-08-17,SKU101,414,411
2025-08-17,SKU102,374,357
2025-08-17,SKU103,125,129
2025-08-17,SKU104,388,381
2025-08-17,SKU105,261,269
2025-08-17,SKU106,522,510
2025-08-17,SKU107,390,415
2025-08-17,SKU108,388,393
2025-08-17,SKU109,111,104
2025-08-17,SKU110,365,373
2025-08-17,SKU111,431,440
2025-08-17,SKU112,171,158
2025-08-17,SKU113,110,108
2025-08-17,SKU114,144,143
2025-08-17,SKU115,197,182
2025-08-17,SKU116,410,409
2025-08-17,SKU117,504,477
2025-08-17,SKU118,502,542
2025-08-17,SKU119,341,379
2025-08-17,SKU120,538,512
2025-08-17,SKU121,146,161
2025-08-17,SKU122,219,220
2025-08-17,SKU123,388,418
2025-08-17,SKU124,214,227
2025-08-17,SKU125,522,481
2025-08-17,SKU126,275,270
2025-08-17,SKU127,111,118
2025-08-17,SKU128,338,339
2025-08-17,SKU129,445,453
2025-08-18,SKU100,144,150
2025-08-18,SKU101,120,116
2025-08-18,SKU102,528,489
2025-08-18,SKU103,431,470
2025-08-18,SKU104,461,446
2025-08-18,SKU105,377,395
2025-08-18,SKU106,112,117
2025-08-18,SKU107,198,215
2025-08-18,SKU108,123,128
2025-08-18,SKU109,124,121
2025-08-18,SKU110,496,534
2025-08-18,SKU111,538,558
2025-08-18,SKU112,329,327
2025-08-18,SKU113,289,282
2025-08-18,SKU114,551,548
2025-08-18,SKU115,114,113
2025-08-18,SKU116,364,356
2025-08-18,SKU117,164,174
2025-08-18,SKU118,563,549
2025-08-18,SKU119,376,393
2025-08-18,SKU120,456,430
2025-08-18,SKU121,591,539
2025-08-18,SKU122,373,342
2025-08-18,SKU123,326,346
2025-08-18,SKU124,277,279
2025-08-18,SKU125,451,480
2025-08-18,SKU126,472,434
2025-08-18,SKU127,549,507
2025-08-18,SKU128,522,505
2025-08-18,SKU129,209,228
2025-08-19,SKU100,245,267
2025-08-19,SKU101,133,132
2025-08-19,SKU102,242,241
2025-08-19,SKU103,548,561
2025-08-19,SKU104,204,213
2025-08-19,SKU105,384,369
2025-08-19,SKU106,479,519
2025-08-19,SKU107,415,428
2025-08-19,SKU108,151,140
2025-08-19,SKU109,572,527
2025-08-19,SKU110,311,341
2025-08-19,SKU111,106,98
2025-08-19,SKU112,405,393
2025-08-19,SKU113,380,416
2025-08-19,SKU114,140,149
2025-08-19,SKU115,260,252
2025-08-19,SKU116,130,125
2025-08-19,SKU117,396,422
2025-08-19,SKU118,340,356
2025-08-19,SKU119,466,439
2025-08-19,SKU120,316,330
2025-08-19,SKU121,221,210
2025-08-19,SKU122,177,180
2025-08-19,SKU123,481,532
2025-08-19,SKU124,424,435
2025-08-19,SKU125,451,419
2025-08-19,SKU126,354,357
2025-08-19,SKU127,343,313
2025-08-19,SKU128,122,136
2025-08-19,SKU129,349,323
2025-08-20,SKU100,367,378
2025-08-20,SKU101,146,147
2025-08-20,SKU102,128,133
2025-08-20,SKU103,269,254
2025-08-20,SKU104,239,264
2025-08-20,SKU105,248,235
2025-08-20,SKU106,346,361
2025-08-20,SKU107,299,303
2025-08-20,SKU108,554,568
2025-08-20,SKU109,405,415
2025-08-20,SKU110,162,166
2025-08-20,SKU111,459,435
2025-08-20,SKU112,458,470
2025-08-20,SKU113,279,288
2025-08-20,SKU114,197,198
2025-08-20,SKU115,261,246
2025-08-20,SKU116,106,118
2025-08-20,SKU117,101,93
2025-08-20,SKU118,278,288
2025-08-20,SKU119,227,213
2025-08-20,SKU120,283,261
2025-08-20,SKU121,406,415
2025-08-20,SKU122,438,405
2025-08-20,SKU123,88,92
2025-08-20,SKU124,122,129
2025-08-20,SKU125,327,313
2025-08-20,SKU126,322,311
2025-08-20,SKU127,193,208
2025-08-20,SKU128,253,244
2025-08-20,SKU129,402,401
2025-08-21,SKU100,313,341
2025-08-21,SKU101,504,502
2025-08-21,SKU102,110,121
2025-08-21,SKU103,405,407
2025-08-21,SKU104,257,274
2025-08-21,SKU105,158,146
2025-08-21,SKU106,344,346
2025-08-21,SKU107,426,463
2025-08-21,SKU108,566,561
2025-08-21,SKU109,134,148
2025-08-21,SKU110,465,463
2025-08-21,SKU111,160,166
2025-08-21,SKU112,120,123
2025-08-21,SKU113,86,93
2025-08-21,SKU114,445,432
2025-08-21,SKU115,593,568
2025-08-21,SKU116,230,246
2025-08-21,SKU117,96,98
2025-08-21,SKU118,186,205
2025-08-21,SKU119,315,288
2025-08-21,SKU120,311,288
2025-08-21,SKU121,307,284
2025-08-21,SKU122,273,261
2025-08-21,SKU123,516,555
2025-08-21,SKU124,338,373
2025-08-21,SKU125,233,242
2025-08-21,SKU126,157,174
2025-08-21,SKU127,223,238
2025-08-21,SKU128,161,174
2025-08-21,SKU129,102,113
2025-08-22,SKU100,243,242
2025-08-22,SKU101,395,430
2025-08-22,SKU102,188,194
2025-08-22,SKU103,168,159
2025-08-22,SKU104,533,523
2025-08-22,SKU105,344,333
2025-08-22,SKU106,209,218
2025-08-22,SKU107,280,266
2025-08-22,SKU108,345,351
2025-08-22,SKU109,251,247
2025-08-22,SKU110,194,204
2025-08-22,SKU111,552,520
2025-08-22,SKU112,365,348
2025-08-22,SKU113,379,370
2025-08-22,SKU114,486,480
2025-08-22,SKU115,283,303
2025-08-22,SKU116,220,227
2025-08-22,SKU117,464,496
2025-08-22,SKU118,328,309
2025-08-22,SKU119,123,129
2025-08-22,SKU120,326,309
2025-08-22,SKU121,130,127
2025-08-22,SKU122,245,267
2025-08-22,SKU123,291,309
2025-08-22,SKU124,450,433
2025-08-22,SKU125,370,351
2025-08-22,SKU126,529,541
2025-08-22,SKU127,458,484
2025-08-22,SKU128,450,433
2025-08-22,SKU129,306,331
2025-08-23,SKU100,465,469
2025-08-23,SKU101,368,338
2025-08-23,SKU102,448,413
2025-08-23,SKU103,235,216
2025-08-23,SKU104,398,413
2025-08-23,SKU105,243,236
2025-08-23,SKU106,508,553
2025-08-23,SKU107,170,178
2025-08-23,SKU108,443,468
2025-08-23,SKU109,542,538
2025-08-23,SKU110,307,335
2025-08-23,SKU111,353,386
2025-08-23,SKU112,553,552
2025-08-23,SKU113,333,363
2025-08-23,SKU114,407,384
2025-08-23,SKU115,287,315
2025-08-23,SKU116,583,547
2025-08-23,SKU117,140,147
2025-08-23,SKU118,568,571
2025-08-23,SKU119,460,510
2025-08-23,SKU120,498,522
2025-08-23,SKU121,185,169
2025-08-23,SKU122,519,553
2025-08-23,SKU123,539,546
2025-08-23,SKU124,448,469
2025-08-23,SKU125,474,432
2025-08-23,SKU126,340,319
2025-08-23,SKU127,522,533
2025-08-23,SKU128,153,155
2025-08-23,SKU129,466,435
2025-08-24,SKU100,421,425
2025-08-24,SKU101,391,357
2025-08-24,SKU102,531,493
2025-08-24,SKU103,269,285
2025-08-24,SKU104,165,152
2025-08-24,SKU105,313,297
2025-08-24,SKU106,154,158
2025-08-24,SKU107,433,425
2025-08-24,SKU108,116,111
2025-08-24,SKU109,211,224
2025-08-24,SKU110,401,371
2025-08-24,SKU111,385,374
2025-08-24,SKU112,253,252
2025-08-24,SKU113,125,118
2025-08-24,SKU114,473,497
2025-08-24,SKU115,142,133
2025-08-24,SKU116,197,218
2025-08-24,SKU117,377,411
2025-08-24,SKU118,261,257
2025-08-24,SKU119,496,481
2025-08-24,SKU120,282,274
2025-08-24,SKU121,105,113
2025-08-24,SKU122,359,336
2025-08-24,SKU123,452,411
2025-08-24,SKU124,465,456
2025-08-24,SKU125,161,175
2025-08-24,SKU126,416,386
2025-08-24,SKU127,397,417
2025-08-24,SKU128,207,215
2025-08-24,SKU129,131,127
2025-08-25,SKU100,180,171
2025-08-25,SKU101,474,493
2025-08-25,SKU102,291,270
2025-08-25,SKU103,87,94
2025-08-25,SKU104,581,564
2025-08-25,SKU105,150,162
2025-08-25,SKU106,444,463
2025-08-25,SKU107,409,377
2025-08-25,SKU108,423,449
2025-08-25,SKU109,381,392
2025-08-25,SKU110,321,343
2025-08-25,SKU111,441,417
2025-08-25,SKU112,465,466
2025-08-25,SKU113,524,478
2025-08-25,SKU114,473,431
2025-08-25,SKU115,436,469
2025-08-25,SKU116,108,119
2025-08-25,SKU117,271,288
2025-08-25,SKU118,456,442
2025-08-25,SKU119,291,319
2025-08-25,SKU120,552,570
2025-08-25,SKU121,203,194
2025-08-25,SKU122,295,274
2025-08-25,SKU123,451,464
2025-08-25,SKU124,518,568
2025-08-25,SKU125,437,434
2025-08-25,SKU126,255,254
2025-08-25,SKU127,326,320
2025-08-25,SKU128,418,443
2025-08-25,SKU129,284,309
2025-08-26,SKU100,334,359
2025-08-26,SKU101,555,539
2025-08-26,SKU102,100,106
2025-08-26,SKU103,107,104
2025-08-26,SKU104,516,476
2025-08-26,SKU105,199,221
2025-08-26,SKU106,515,472
2025-08-26,SKU107,187,197
2025-08-26,SKU108,372,353
2025-08-26,SKU109,84,94
2025-08-26,SKU110,326,333
2025-08-26,SKU111,464,487
2025-08-26,SKU112,172,171
2025-08-26,SKU113,309,331
2025-08-26,SKU114,144,156
2025-08-26,SKU115,163,173
2025-08-26,SKU116,184,197
2025-08-26,SKU117,98,98
2025-08-26,SKU118,182,182
2025-08-26,SKU119,447,439
2025-08-26,SKU120,230,251
2025-08-26,SKU121,397,417
2025-08-26,SKU122,150,159
2025-08-26,SKU123,172,159
2025-08-26,SKU124,116,109
2025-08-26,SKU125,305,279
2025-08-26,SKU126,165,177
2025-08-26,SKU127,407,440
2025-08-26,SKU128,333,348
2025-08-26,SKU129,468,482
2025-08-27,SKU100,224,234
2025-08-27,SKU101,497,538
2025-08-27,SKU102,159,147
2025-08-27,SKU103,372,368
2025-08-27,SKU104,563,523
2025-08-27,SKU105,104,112
2025-08-27,SKU106,493,488
2025-08-27,SKU107,101,104
2025-08-27,SKU108,431,420
2025-08-27,SKU109,223,225
2025-08-27,SKU110,164,159
2025-08-27,SKU111,491,480
2025-08-27,SKU112,259,239
2025-08-27,SKU113,504,515
2025-08-27,SKU114,296,279
2025-08-27,SKU115,318,294
2025-08-27,SKU116,410,427
2025-08-27,SKU117,514,538
2025-08-27,SKU118,472,525
2025-08-27,SKU119,349,345
2025-08-27,SKU120,258,266
2025-08-27,SKU121,476,449
2025-08-27,SKU122,285,313
2025-08-27,SKU123,281,286
2025-08-27,SKU124,375,357
2025-08-27,SKU125,107,117
2025-08-27,SKU126,346,353
2025-08-27,SKU127,486,481
2025-08-27,SKU128,379,416
2025-08-27,SKU129,420,465
2025-08-28,SKU100,386,404
2025-08-28,SKU101,491,529
2025-08-28,SKU102,207,216
2025-08-28,SKU103,105,110
2025-08-28,SKU104,158,165
2025-08-28,SKU105,278,293
2025-08-28,SKU106,149,155
2025-08-28,SKU107,345,361
2025-08-28,SKU108,105,108
2025-08-28,SKU109,554,568
2025-08-28,SKU110,183,188
2025-08-28,SKU111,508,540
2025-08-28,SKU112,482,456
2025-08-28,SKU113,255,263
2025-08-28,SKU114,135,140
2025-08-28,SKU115,527,568
2025-08-28,SKU116,112,118
2025-08-28,SKU117,339,347
2025-08-28,SKU118,408,445
2025-08-28,SKU119,361,377
2025-08-28,SKU120,184,173
2025-08-28,SKU121,139,142
2025-08-28,SKU122,507,543
2025-08-28,SKU123,468,494
2025-08-28,SKU124,322,330
2025-08-28,SKU125,92,94
2025-08-28,SKU126,315,300
2025-08-28,SKU127,230,227
2025-08-28,SKU128,270,269
2025-08-28,SKU129,186,200
2025-08-29,SKU100,425,471
2025-08-29,SKU101,457,472
2025-08-29,SKU102,165,177
2025-08-29,SKU103,534,512
2025-08-29,SKU104,347,381
2025-08-29,SKU105,328,300
2025-08-29,SKU106,513,519
2025-08-29,SKU107,165,175
2025-08-29,SKU108,532,550
2025-08-29,SKU109,500,529
2025-08-29,SKU110,458,461
2025-08-29,SKU111,129,135
2025-08-29,SKU112,366,350
2025-08-29,SKU113,103,98
2025-08-29,SKU114,288,265
2025-08-29,SKU115,500,489
2025-08-29,SKU116,143,139
2025-08-29,SKU117,353,339
2025-08-29,SKU118,274,294
2025-08-29,SKU119,529,538
2025-08-29,SKU120,561,553
2025-08-29,SKU121,598,575
2025-08-29,SKU122,376,413
2025-08-29,SKU123,585,561
2025-08-29,SKU124,160,169
2025-08-29,SKU125,320,322
2025-08-29,SKU126,317,351
2025-08-29,SKU127,381,372
2025-08-29,SKU128,217,235
2025-08-29,SKU129,348,377
2025-08-30,SKU100,276,259
2025-08-30,SKU101,184,204
2025-08-30,SKU102,503,531
2025-08-30,SKU103,238,235
2025-08-30,SKU104,465,501
2025-08-30,SKU105,459,502
2025-08-30,SKU106,337,348
2025-08-30,SKU107,414,387
2025-08-30,SKU108,197,213
2025-08-30,SKU109,424,407
2025-08-30,SKU110,484,479
2025-08-30,SKU111,323,334
2025-08-30,SKU112,315,292
2025-08-30,SKU113,106,116
2025-08-30,SKU114,115,109
2025-08-30,SKU115,495,503
2025-08-30,SKU116,341,345
2025-08-30,SKU117,281,308
2025-08-30,SKU118,217,198
2025-08-30,SKU119,277,294
2025-08-30,SKU120,317,307
2025-08-30,SKU121,520,533
2025-08-30,SKU122,245,244
2025-08-30,SKU123,431,438
2025-08-30,SKU124,604,570
2025-08-30,SKU125,328,308
2025-08-30,SKU126,339,331
2025-08-30,SKU127,339,334
2025-08-30,SKU128,277,284
2025-08-30,SKU129,144,156
2025-08-31,SKU100,447,453
2025-08-31,SKU101,531,494
2025-08-31,SKU102,171,169
2025-08-31,SKU103,569,552
2025-08-31,SKU104,188,178
2025-08-31,SKU105,378,381
2025-08-31,SKU106,519,503
2025-08-31,SKU107,280,259
2025-08-31,SKU108,421,425
2025-08-31,SKU109,170,159
2025-08-31,SKU110,434,477
2025-08-31,SKU111,232,226
2025-08-31,SKU112,139,146
2025-08-31,SKU113,184,175
2025-08-31,SKU114,492,471
2025-08-31,SKU115,134,124
2025-08-31,SKU116,240,250
2025-08-31,SKU117,323,324
2025-08-31,SKU118,95,98
2025-08-31,SKU119,227,220
2025-08-31,SKU120,188,209
2025-08-31,SKU121,594,558
2025-08-31,SKU122,129,120
2025-08-31,SKU123,379,396
2025-08-31,SKU124,339,319
2025-08-31,SKU125,231,211
2025-08-31,SKU126,369,357
2025-08-31,SKU127,557,556
2025-08-31,SKU128,438,447
2025-08-31,SKU129,427,466
2025-09-01,SKU100,169,158
2025-09-01,SKU101,445,457
2025-09-01,SKU102,459,423
2025-09-01,SKU103,520,476
2025-09-01,SKU104,167,155
2025-09-01,SKU105,155,156
2025-09-01,SKU106,536,497
2025-09-01,SKU107,439,409
2025-09-01,SKU108,418,400
2025-09-01,SKU109,561,537
2025-09-01,SKU110,247,241
2025-09-01,SKU111,121,127
2025-09-01,SKU112,322,330
2025-09-01,SKU113,140,135
2025-09-01,SKU114,409,399
2025-09-01,SKU115,405,394
2025-09-01,SKU116,347,361
2025-09-01,SKU117,187,206
2025-09-01,SKU118,163,151
2025-09-01,SKU119,271,278
2025-09-01,SKU120,403,378
2025-09-01,SKU121,223,246
2025-09-01,SKU122,196,182
2025-09-01,SKU123,356,330
2025-09-01,SKU124,432,420
2025-09-01,SKU125,463,504
2025-09-01,SKU126,307,307
2025-09-01,SKU127,563,562
2025-09-01,SKU128,142,141
2025-09-01,SKU129,314,318
2025-09-02,SKU100,291,311
2025-09-02,SKU101,373,409
2025-09-02,SKU102,280,284
2025-09-02,SKU103,293,309
2025-09-02,SKU104,445,432
2025-09-02,SKU105,239,257
2025-09-02,SKU106,159,174
2025-09-02,SKU107,291,288
2025-09-02,SKU108,288,286
2025-09-02,SKU109,336,341
2025-09-02,SKU110,191,213
2025-09-02,SKU111,190,180
2025-09-02,SKU112,198,184
2025-09-02,SKU113,391,373
2025-09-02,SKU114,446,420
2025-09-02,SKU115,254,278
2025-09-02,SKU116,548,526
2025-09-02,SKU117,177,165
2025-09-02,SKU118,263,267
2025-09-02,SKU119,569,564
2025-09-02,SKU120,95,95
2025-09-02,SKU121,341,369
2025-09-02,SKU122,98,96
2025-09-02,SKU123,547,512
2025-09-02,SKU124,368,371
2025-09-02,SKU125,493,535
2025-09-02,SKU126,166,173
2025-09-02,SKU127,385,374
2025-09-02,SKU128,97,92
2025-09-02,SKU129,379,351
2025-09-03,SKU100,338,368
2025-09-03,SKU101,576,553
2025-09-03,SKU102,167,162
2025-09-03,SKU103,341,371
2025-09-03,SKU104,444,450
2025-09-03,SKU105,540,545
2025-09-03,SKU106,457,448
2025-09-03,SKU107,428,400
2025-09-03,SKU108,523,549
2025-09-03,SKU109,497,511
2025-09-03,SKU110,279,257
2025-09-03,SKU111,513,493
2025-09-03,SKU112,369,361
2025-09-03,SKU113,177,166
2025-09-03,SKU114,512,539
2025-09-03,SKU115,97,98
2025-09-03,SKU116,256,258
2025-09-03,SKU117,126,120
2025-09-03,SKU118,570,555
2025-09-03,SKU119,258,285
2025-09-03,SKU120,106,117
2025-09-03,SKU121,177,180
2025-09-03,SKU122,101,110
2025-09-03,SKU123,445,427
2025-09-03,SKU124,395,366
2025-09-03,SKU125,452,418
2025-09-03,SKU126,267,279
2025-09-03,SKU127,205,212
2025-09-03,SKU128,185,201
2025-09-03,SKU129,374,369
2025-09-04,SKU100,462,499
2025-09-04,SKU101,330,340
2025-09-04,SKU102,267,273
2025-09-04,SKU103,475,440
2025-09-04,SKU104,448,485
2025-09-04,SKU105,516,569
2025-09-04,SKU106,443,478
2025-09-04,SKU107,438,482
2025-09-04,SKU108,517,531
2025-09-04,SKU109,144,142
2025-09-04,SKU110,277,290
2025-09-04,SKU111,154,158
2025-09-04,SKU112,473,520
2025-09-04,SKU113,486,518
2025-09-04,SKU114,362,339
2025-09-04,SKU115,461,443
2025-09-04,SKU116,89,98
2025-09-04,SKU117,468,516
2025-09-04,SKU118,585,575
2025-09-04,SKU119,412,417
2025-09-04,SKU120,98,93
2025-09-04,SKU121,441,404
2025-09-04,SKU122,515,470
2025-09-04,SKU123,547,502
2025-09-04,SKU124,442,411
2025-09-04,SKU125,201,197
2025-09-04,SKU126,497,526
2025-09-04,SKU127,225,220
2025-09-04,SKU128,135,143
2025-09-04,SKU129,193,192
2025-09-05,SKU100,99,93
2025-09-05,SKU101,147,134
2025-09-05,SKU102,306,296
2025-09-05,SKU103,576,550
2025-09-05,SKU104,444,451
2025-09-05,SKU105,363,355
2025-09-05,SKU106,148,147
2025-09-05,SKU107,252,272
2025-09-05,SKU108,226,228
2025-09-05,SKU109,309,301
2025-09-05,SKU110,350,330
2025-09-05,SKU111,533,497
2025-09-05,SKU112,365,373
2025-09-05,SKU113,406,403
2025-09-05,SKU114,225,229
2025-09-05,SKU115,498,482
2025-09-05,SKU116,536,520
2025-09-05,SKU117,392,362
2025-09-05,SKU118,173,185
2025-09-05,SKU119,354,353
2025-09-05,SKU120,98,97
2025-09-05,SKU121,365,355
2025-09-05,SKU122,355,324
2025-09-05,SKU123,203,201
2025-09-05,SKU124,527,489
2025-09-05,SKU125,91,92
2025-09-05,SKU126,247,233
2025-09-05,SKU127,142,154
2025-09-05,SKU128,370,372
2025-09-05,SKU129,307,281
2025-09-06,SKU100,167,155
2025-09-06,SKU101,379,376
2025-09-06,SKU102,143,132
2025-09-06,SKU103,320,299
2025-09-06,SKU104,147,146
2025-09-06,SKU105,435,472
2025-09-06,SKU106,311,343
2025-09-06,SKU107,497,547
2025-09-06,SKU108,190,200
2025-09-06,SKU109,436,466
2025-09-06,SKU110,368,380
2025-09-06,SKU111,434,459
2025-09-06,SKU112,177,174
2025-09-06,SKU113,157,151
2025-09-06,SKU114,418,464
2025-09-06,SKU115,343,322
2025-09-06,SKU116,235,252
2025-09-06,SKU117,493,480
2025-09-06,SKU118,183,197
2025-09-06,SKU119,421,447
2025-09-06,SKU120,381,422
2025-09-06,SKU121,104,116
2025-09-06,SKU122,186,206
2025-09-06,SKU123,257,244
2025-09-06,SKU124,501,509
2025-09-06,SKU125,573,565
2025-09-06,SKU126,400,368
2025-09-06,SKU127,286,261
2025-09-06,SKU128,283,284
2025-09-06,SKU129,582,566
2025-09-07,SKU100,261,240
2025-09-07,SKU101,298,286
2025-09-07,SKU102,470,477
2025-09-07,SKU103,512,481
2025-09-07,SKU104,370,394
2025-09-07,SKU105,249,249
2025-09-07,SKU106,564,527
2025-09-07,SKU107,308,299
2025-09-07,SKU108,198,185
2025-09-07,SKU109,380,347
2025-09-07,SKU110,261,276
2025-09-07,SKU111,510,481
2025-09-07,SKU112,397,400
2025-09-07,SKU113,430,449
2025-09-07,SKU114,465,474
2025-09-07,SKU115,225,219
2025-09-07,SKU116,253,267
2025-09-07,SKU117,458,442
2025-09-07,SKU118,272,301
2025-09-07,SKU119,261,271
2025-09-07,SKU120,467,516
2025-09-07,SKU121,244,249
2025-09-07,SKU122,87,96
2025-09-07,SKU123,209,193
2025-09-07,SKU124,208,206
2025-09-07,SKU125,334,354
2025-09-07,SKU126,185,174
2025-09-07,SKU127,256,250
2025-09-07,SKU128,504,461
2025-09-07,SKU129,457,422
2025-09-08,SKU100,258,274
2025-09-08,SKU101,119,129
2025-09-08,SKU102,260,247
2025-09-08,SKU103,467,494
2025-09-08,SKU104,389,380
2025-09-08,SKU105,146,138
2025-09-08,SKU106,138,150
2025-09-08,SKU107,303,299
2025-09-08,SKU108,185,189
2025-09-08,SKU109,384,362
2025-09-08,SKU110,370,347
2025-09-08,SKU111,210,198
2025-09-08,SKU112,454,499
2025-09-08,SKU113,224,223
2025-09-08,SKU114,474,489
2025-09-08,SKU115,132,139
2025-09-08,SKU116,572,561
2025-09-08,SKU117,411,435
2025-09-08,SKU118,384,372
2025-09-08,SKU119,290,302
2025-09-08,SKU120,491,496
2025-09-08,SKU121,532,541
2025-09-08,SKU122,439,411
2025-09-08,SKU123,198,209
2025-09-08,SKU124,161,147
2025-09-08,SKU125,146,142
2025-09-08,SKU126,354,340
2025-09-08,SKU127,530,539
2025-09-08,SKU128,525,534
2025-09-08,SKU129,370,401
2025-09-09,SKU100,529,530
2025-09-09,SKU101,261,288
2025-09-09,SKU102,483,454
2025-09-09,SKU103,531,575
2025-09-09,SKU104,508,517
2025-09-09,SKU105,518,564
2025-09-09,SKU106,508,539
2025-09-09,SKU107,551,548
2025-09-09,SKU108,108,113
2025-09-09,SKU109,148,144
2025-09-09,SKU110,116,125
2025-09-09,SKU111,229,234
2025-09-09,SKU112,456,491
2025-09-09,SKU113,488,516
2025-09-09,SKU114,168,169
2025-09-09,SKU115,310,313
2025-09-09,SKU116,118,128
2025-09-09,SKU117,397,439
2025-09-09,SKU118,228,243
2025-09-09,SKU119,477,508
2025-09-09,SKU120,374,348
2025-09-09,SKU121,513,560
2025-09-09,SKU122,509,476
2025-09-09,SKU123,374,376
2025-09-09,SKU124,148,154
2025-09-09,SKU125,501,493
2025-09-09,SKU126,373,366
2025-09-09,SKU127,602,552
2025-09-09,SKU128,336,357
2025-09-09,SKU129,167,157
2025-09-10,SKU100,534,554
2025-09-10,SKU101,357,362
2025-09-10,SKU102,494,546
2025-09-10,SKU103,408,394
2025-09-10,SKU104,361,351
2025-09-10,SKU105,462,441
2025-09-10,SKU106,333,311
2025-09-10,SKU107,242,252
2025-09-10,SKU108,175,195
2025-09-10,SKU109,561,529
2025-09-10,SKU110,386,382
2025-09-10,SKU111,227,217
2025-09-10,SKU112,317,295
2025-09-10,SKU113,277,277
2025-09-10,SKU114,295,325
2025-09-10,SKU115,113,119
2025-09-10,SKU116,544,515
2025-09-10,SKU117,512,494
2025-09-10,SKU118,272,266
2025-09-10,SKU119,480,517
2025-09-10,SKU120,356,388
2025-09-10,SKU121,249,234
2025-09-10,SKU122,330,354
2025-09-10,SKU123,513,533
2025-09-10,SKU124,249,256
2025-09-10,SKU125,254,273
2025-09-10,SKU126,230,229
2025-09-10,SKU127,322,304
2025-09-10,SKU128,550,545
2025-09-10,SKU129,477,522
2025-09-11,SKU100,383,365
2025-09-11,SKU101,279,271
2025-09-11,SKU102,181,200
2025-09-11,SKU103,152,167
2025-09-11,SKU104,158,150
2025-09-11,SKU105,95,96
2025-09-11,SKU106,252,249
2025-09-11,SKU107,492,476
2025-09-11,SKU108,142,152
2025-09-11,SKU109,391,402
2025-09-11,SKU110,559,550
2025-09-11,SKU111,261,247
2025-09-11,SKU112,264,243
2025-09-11,SKU113,342,369
2025-09-11,SKU114,283,290
2025-09-11,SKU115,199,201
2025-09-11,SKU116,226,229
2025-09-11,SKU117,525,569
2025-09-11,SKU118,379,386
2025-09-11,SKU119,323,341
2025-09-11,SKU120,142,154
2025-09-11,SKU121,342,316
2025-09-11,SKU122,239,220
2025-09-11,SKU123,359,382
2025-09-11,SKU124,439,411
2025-09-11,SKU125,508,531
2025-09-11,SKU126,482,520
2025-09-11,SKU127,540,514
2025-09-11,SKU128,344,315
2025-09-11,SKU129,542,555
2025-09-12,SKU100,291,311
2025-09-12,SKU101,160,157
2025-09-12,SKU102,319,339
2025-09-12,SKU103,337,373
2025-09-12,SKU104,269,276
2025-09-12,SKU105,440,440
2025-09-12,SKU106,98,104
2025-09-12,SKU107,600,550
2025-09-12,SKU108,257,255
2025-09-12,SKU109,483,446
2025-09-12,SKU110,491,520
2025-09-12,SKU111,298,294
2025-09-12,SKU112,186,177
2025-09-12,SKU113,406,441
2025-09-12,SKU114,408,376
2025-09-12,SKU115,418,443
2025-09-12,SKU116,224,247
2025-09-12,SKU117,459,495
2025-09-12,SKU118,407,411
2025-09-12,SKU119,175,184
2025-09-12,SKU120,184,204
2025-09-12,SKU121,367,354
2025-09-12,SKU122,131,123
2025-09-12,SKU123,483,489
2025-09-12,SKU124,593,556
2025-09-12,SKU125,255,240
2025-09-12,SKU126,262,258
2025-09-12,SKU127,405,445
2025-09-12,SKU128,157,171
2025-09-12,SKU129,257,255
2025-09-13,SKU100,354,331
2025-09-13,SKU101,222,209
2025-09-13,SKU102,397,363
2025-09-13,SKU103,295,299
2025-09-13,SKU104,524,534
2025-09-13,SKU105,276,271
2025-09-13,SKU106,422,422
2025-09-13,SKU107,217,216
2025-09-13,SKU108,452,439
2025-09-13,SKU109,323,322
2025-09-13,SKU110,109,119
2025-09-13,SKU111,97,98
2025-09-13,SKU112,277,296
2025-09-13,SKU113,177,192
2025-09-13,SKU114,466,497
2025-09-13,SKU115,213,233
2025-09-13,SKU116,387,401
2025-09-13,SKU117,572,535
2025-09-13,SKU118,475,446
2025-09-13,SKU119,454,487
2025-09-13,SKU120,258,265
2025-09-13,SKU121,216,224
2025-09-13,SKU122,617,575
2025-09-13,SKU123,440,436
2025-09-13,SKU124,400,374
2025-09-13,SKU125,458,447
2025-09-13,SKU126,295,280
2025-09-13,SKU127,370,349
2025-09-13,SKU128,462,445
2025-09-13,SKU129,450,419
2025-09-14,SKU100,169,163
2025-09-14,SKU101,435,427
2025-09-14,SKU102,158,149
2025-09-14,SKU103,397,418
2025-09-14,SKU104,269,276
2025-09-14,SKU105,211,234
2025-09-14,SKU106,327,326
2025-09-14,SKU107,597,547
2025-09-14,SKU108,429,436
2025-09-14,SKU109,327,304
2025-09-14,SKU110,337,364
2025-09-14,SKU111,471,520
2025-09-14,SKU112,479,447
2025-09-14,SKU113,360,362
2025-09-14,SKU114,516,474
2025-09-14,SKU115,327,327
2025-09-14,SKU116,199,212
2025-09-14,SKU117,221,204
2025-09-14,SKU118,386,372
2025-09-14,SKU119,451,478
2025-09-14,SKU120,549,507
2025-09-14,SKU121,442,474
2025-09-14,SKU122,229,250
2025-09-14,SKU123,594,557
2025-09-14,SKU124,518,568
2025-09-14,SKU125,220,235
2025-09-14,SKU126,265,276
2025-09-14,SKU127,378,411
2025-09-14,SKU128,232,249
2025-09-14,SKU129,232,250
2025-09-15,SKU100,227,252
2025-09-15,SKU101,145,151
2025-09-15,SKU102,459,456
2025-09-15,SKU103,202,204
2025-09-15,SKU104,430,465
2025-09-15,SKU105,507,494
2025-09-15,SKU106,191,196
2025-09-15,SKU107,607,575
2025-09-15,SKU108,201,209
2025-09-15,SKU109,232,248
2025-09-15,SKU110,175,194
2025-09-15,SKU111,364,373
2025-09-15,SKU112,448,434
2025-09-15,SKU113,203,193
2025-09-15,SKU114,215,228
2025-09-15,SKU115,404,426
2025-09-15,SKU116,433,410
2025-09-15,SKU117,441,489
2025-09-15,SKU118,239,227
2025-09-15,SKU119,263,256
2025-09-15,SKU120,90,93
2025-09-15,SKU121,412,393
2025-09-15,SKU122,190,203
2025-09-15,SKU123,398,395
2025-09-15,SKU124,219,231
2025-09-15,SKU125,164,151
2025-09-15,SKU126,311,316
2025-09-15,SKU127,473,522
2025-09-15,SKU128,550,566
2025-09-15,SKU129,245,258
2025-09-16,SKU100,579,566
2025-09-16,SKU101,270,251
2025-09-16,SKU102,496,463
2025-09-16,SKU103,362,342
2025-09-16,SKU104,325,340
2025-09-16,SKU105,409,445
2025-09-16,SKU106,259,285
2025-09-16,SKU107,568,563
2025-09-16,SKU108,118,113
2025-09-16,SKU109,233,252
2025-09-16,SKU110,338,359
2025-09-16,SKU111,550,526
2025-09-16,SKU112,472,484
2025-09-16,SKU113,362,356
2025-09-16,SKU114,240,243
2025-09-16,SKU115,152,154
2025-09-16,SKU116,351,346
2025-09-16,SKU117,249,244
2025-09-16,SKU118,115,106
2025-09-16,SKU119,380,400
2025-09-16,SKU120,326,355
2025-09-16,SKU121,297,302
2025-09-16,SKU122,94,92
2025-09-16,SKU123,519,519
2025-09-16,SKU124,144,148
2025-09-16,SKU125,247,244
2025-09-16,SKU126,185,197
2025-09-16,SKU127,314,308
2025-09-16,SKU128,431,430
2025-09-16,SKU129,246,255
2025-09-17,SKU100,507,504
2025-09-17,SKU101,303,286
2025-09-17,SKU102,118,111
2025-09-17,SKU103,528,493
2025-09-17,SKU104,557,507
2025-09-17,SKU105,202,193
2025-09-17,SKU106,508,556
2025-09-17,SKU107,510,537
2025-09-17,SKU108,406,428
2025-09-17,SKU109,450,420
2025-09-17,SKU110,198,206
2025-09-17,SKU111,106,102
2025-09-17,SKU112,499,545
2025-09-17,SKU113,421,415
2025-09-17,SKU114,154,141
2025-09-17,SKU115,191,213
2025-09-17,SKU116,414,387
2025-09-17,SKU117,506,508
2025-09-17,SKU118,328,312
2025-09-17,SKU119,213,218
2025-09-17,SKU120,131,121
2025-09-17,SKU121,207,218
2025-09-17,SKU122,221,216
2025-09-17,SKU123,411,390
2025-09-17,SKU124,549,526
2025-09-17,SKU125,373,408
2025-09-17,SKU126,215,221
2025-09-17,SKU127,142,143
2025-09-17,SKU128,117,119
2025-09-17,SKU129,176,164
2025-09-18,SKU100,455,501
2025-09-18,SKU101,451,417
2025-09-18,SKU102,569,570
2025-09-18,SKU103,318,311
2025-09-18,SKU104,448,473
2025-09-18,SKU105,403,387
2025-09-18,SKU106,320,300
2025-09-18,SKU107,382,362
2025-09-18,SKU108,524,553
2025-09-18,SKU109,341,338
2025-09-18,SKU110,265,247
2025-09-18,SKU111,367,373
2025-09-18,SKU112,277,272
2025-09-18,SKU113,244,266
2025-09-18,SKU114,388,369
2025-09-18,SKU115,194,213
2025-09-18,SKU116,503,555
2025-09-18,SKU117,456,427
2025-09-18,SKU118,549,560
2025-09-18,SKU119,518,518
2025-09-18,SKU120,273,262
2025-09-18,SKU121,438,400
2025-09-18,SKU122,470,478
2025-09-18,SKU123,213,197
2025-09-18,SKU124,328,333
2025-09-18,SKU125,533,493
2025-09-18,SKU126,105,98
2025-09-18,SKU127,330,365
2025-09-18,SKU128,126,138
2025-09-18,SKU129,549,571
2025-09-19,SKU100,364,387
2025-09-19,SKU101,249,254
2025-09-19,SKU102,499,520
2025-09-19,SKU103,146,146
2025-09-19,SKU104,390,392
2025-09-19,SKU105,511,515
2025-09-19,SKU106,337,326
2025-09-19,SKU107,185,178
2025-09-19,SKU108,323,310
2025-09-19,SKU109,321,293
2025-09-19,SKU110,101,101
2025-09-19,SKU111,265,254
2025-09-19,SKU112,472,499
2025-09-19,SKU113,447,430
2025-09-19,SKU114,277,259
2025-09-19,SKU115,387,374
2025-09-19,SKU116,317,340
2025-09-19,SKU117,218,240
2025-09-19,SKU118,143,143
2025-09-19,SKU119,271,272
2025-09-19,SKU120,220,234
2025-09-19,SKU121,136,144
2025-09-19,SKU122,373,386
2025-09-19,SKU123,286,267
2025-09-19,SKU124,195,202
2025-09-19,SKU125,136,151
2025-09-19,SKU126,454,487
2025-09-19,SKU127,552,552
2025-09-19,SKU128,330,301
2025-09-19,SKU129,550,531
2025-09-20,SKU100,300,300
2025-09-20,SKU101,356,338
2025-09-20,SKU102,133,138
2025-09-20,SKU103,423,401
2025-09-20,SKU104,196,189
2025-09-20,SKU105,430,446
2025-09-20,SKU106,415,456
2025-09-20,SKU107,281,270
2025-09-20,SKU108,146,135
2025-09-20,SKU109,278,286
2025-09-20,SKU110,152,156
2025-09-20,SKU111,426,456
2025-09-20,SKU112,150,148
2025-09-20,SKU113,589,540
2025-09-20,SKU114,539,512
2025-09-20,SKU115,224,206
2025-09-20,SKU116,260,243
2025-09-20,SKU117,172,166
2025-09-20,SKU118,169,184
2025-09-20,SKU119,313,309
2025-09-20,SKU120,255,233
2025-09-20,SKU121,456,436
2025-09-20,SKU122,128,128
2025-09-20,SKU123,195,204
2025-09-20,SKU124,506,517
2025-09-20,SKU125,135,140
2025-09-20,SKU126,285,304
2025-09-20,SKU127,123,128
2025-09-20,SKU128,133,126
2025-09-20,SKU129,351,356
2025-09-21,SKU100,309,282
2025-09-21,SKU101,558,552
2025-09-21,SKU102,403,439
2025-09-21,SKU103,485,453
2025-09-21,SKU104,271,292
2025-09-21,SKU105,452,494
2025-09-21,SKU106,554,523
2025-09-21,SKU107,164,152
2025-09-21,SKU108,457,469
2025-09-21,SKU109,92,101
2025-09-21,SKU110,411,401
2025-09-21,SKU111,221,239
2025-09-21,SKU112,332,330
2025-09-21,SKU113,419,387
2025-09-21,SKU114,143,140
2025-09-21,SKU115,456,466
2025-09-21,SKU116,337,316
2025-09-21,SKU117,344,316
2025-09-21,SKU118,210,205
2025-09-21,SKU119,610,562
2025-09-21,SKU120,83,93
2025-09-21,SKU121,178,173
2025-09-21,SKU122,450,464
2025-09-21,SKU123,170,169
2025-09-21,SKU124,474,505
2025-09-21,SKU125,128,118
2025-09-21,SKU126,250,248
2025-09-21,SKU127,485,524
2025-09-21,SKU128,395,364
2025-09-21,SKU129,272,297
2025-09-22,SKU100,376,416
2025-09-22,SKU101,96,98
2025-09-22,SKU102,287,267
2025-09-22,SKU103,552,564
2025-09-22,SKU104,121,116
2025-09-22,SKU105,143,140
2025-09-22,SKU106,374,388
2025-09-22,SKU107,228,243
2025-09-22,SKU108,309,320
2025-09-22,SKU109,523,565
2025-09-22,SKU110,382,380
2025-09-22,SKU111,558,519
2025-09-22,SKU112,549,501
2025-09-22,SKU113,211,231
2025-09-22,SKU114,118,121
2025-09-22,SKU115,183,172
2025-09-22,SKU116,157,143
2025-09-22,SKU117,207,205
2025-09-22,SKU118,255,256
2025-09-22,SKU119,506,482
2025-09-22,SKU120,440,431
2025-09-22,SKU121,95,101
2025-09-22,SKU122,539,516
2025-09-22,SKU123,616,561
2025-09-22,SKU124,237,235
2025-09-22,SKU125,251,262
2025-09-22,SKU126,493,534
2025-09-22,SKU127,442,423
2025-09-22,SKU128,268,272
2025-09-22,SKU129,425,438
2025-09-23,SKU100,539,538
2025-09-23,SKU101,560,532
2025-09-23,SKU102,511,496
2025-09-23,SKU103,183,189
2025-09-23,SKU104,484,481
2025-09-23,SKU105,185,185
2025-09-23,SKU106,439,407
2025-09-23,SKU107,203,219
2025-09-23,SKU108,114,116
2025-09-23,SKU109,288,293
2025-09-23,SKU110,535,492
2025-09-23,SKU111,341,332
2025-09-23,SKU112,490,450
2025-09-23,SKU113,568,563
2025-09-23,SKU114,500,523
2025-09-23,SKU115,427,430
2025-09-23,SKU116,220,227
2025-09-23,SKU117,358,372
2025-09-23,SKU118,578,555
2025-09-23,SKU119,200,185
2025-09-23,SKU120,361,379
2025-09-23,SKU121,233,254
2025-09-23,SKU122,520,507
2025-09-23,SKU123,532,494
2025-09-23,SKU124,340,353
2025-09-23,SKU125,548,532
2025-09-23,SKU126,375,381
2025-09-23,SKU127,254,249
2025-09-23,SKU128,254,278
2025-09-23,SKU129,462,469
2025-09-24,SKU100,342,324
2025-09-24,SKU101,563,538
2025-09-24,SKU102,487,474
2025-09-24,SKU103,237,256
2025-09-24,SKU104,542,538
2025-09-24,SKU105,285,271
2025-09-24,SKU106,364,373
2025-09-24,SKU107,435,425
2025-09-24,SKU108,495,477
2025-09-24,SKU109,498,464
2025-09-24,SKU110,101,96
2025-09-24,SKU111,269,267
2025-09-24,SKU112,308,287
2025-09-24,SKU113,227,233
2025-09-24,SKU114,357,326
2025-09-24,SKU115,284,295
2025-09-24,SKU116,97,101
2025-09-24,SKU117,293,323
2025-09-24,SKU118,269,248
2025-09-24,SKU119,466,503
2025-09-24,SKU120,446,462
2025-09-24,SKU121,536,501
2025-09-24,SKU122,390,428
2025-09-24,SKU123,188,181
2025-09-24,SKU124,369,353
2025-09-24,SKU125,564,564
2025-09-24,SKU126,210,192
2025-09-24,SKU127,555,516
2025-09-24,SKU128,450,478
2025-09-24,SKU129,106,103
2025-09-25,SKU100,237,248
2025-09-25,SKU101,358,354
2025-09-25,SKU102,398,374
2025-09-25,SKU103,595,552
2025-09-25,SKU104,153,150
2025-09-25,SKU105,366,376
2025-09-25,SKU106,443,428
2025-09-25,SKU107,156,148
2025-09-25,SKU108,181,188
2025-09-25,SKU109,371,343
2025-09-25,SKU110,196,196
2025-09-25,SKU111,235,235
2025-09-25,SKU112,487,481
2025-09-25,SKU113,348,353
2025-09-25,SKU114,283,279
2025-09-25,SKU115,99,102
2025-09-25,SKU116,429,451
2025-09-25,SKU117,497,466
2025-09-25,SKU118,348,346
2025-09-25,SKU119,146,151
2025-09-25,SKU120,395,423
2025-09-25,SKU121,99,93
2025-09-25,SKU122,483,451
2025-09-25,SKU123,359,330
2025-09-25,SKU124,285,266
2025-09-25,SKU125,308,303
2025-09-25,SKU126,124,121
2025-09-25,SKU127,295,287
2025-09-25,SKU128,238,226
2025-09-25,SKU129,240,233
2025-09-26,SKU100,250,273
2025-09-26,SKU101,461,473
2025-09-26,SKU102,464,482
2025-09-26,SKU103,178,177
2025-09-26,SKU104,375,416
2025-09-26,SKU105,458,434
2025-09-26,SKU106,541,531
2025-09-26,SKU107,354,386
2025-09-26,SKU108,108,117
2025-09-26,SKU109,252,246
2025-09-26,SKU110,201,205
2025-09-26,SKU111,551,527
2025-09-26,SKU112,317,353
2025-09-26,SKU113,143,151
2025-09-26,SKU114,484,464
2025-09-26,SKU115,393,381
2025-09-26,SKU116,602,568
2025-09-26,SKU117,242,262
2025-09-26,SKU118,283,279
2025-09-26,SKU119,481,510
2025-09-26,SKU120,538,511
2025-09-26,SKU121,328,363
2025-09-26,SKU122,293,319
2025-09-26,SKU123,302,296
2025-09-26,SKU124,119,114
2025-09-26,SKU125,121,112
2025-09-26,SKU126,572,556
2025-09-26,SKU127,382,379
2025-09-26,SKU128,213,196
2025-09-26,SKU129,452,492
2025-09-27,SKU100,331,308
2025-09-27,SKU101,408,401
2025-09-27,SKU102,123,125
2025-09-27,SKU103,384,408
2025-09-27,SKU104,240,227
2025-09-27,SKU105,209,205
2025-09-27,SKU106,184,203
2025-09-27,SKU107,254,273
2025-09-27,SKU108,428,453
2025-09-27,SKU109,528,487
2025-09-27,SKU110,537,510
2025-09-27,SKU111,369,351
2025-09-27,SKU112,476,500
2025-09-27,SKU113,532,505
2025-09-27,SKU114,438,482
2025-09-27,SKU115,487,516
2025-09-27,SKU116,455,461
2025-09-27,SKU117,530,570
2025-09-27,SKU118,212,194
2025-09-27,SKU119,476,485
2025-09-27,SKU120,578,568
2025-09-27,SKU121,581,549
2025-09-27,SKU122,417,389
2025-09-27,SKU123,373,343
2025-09-27,SKU124,525,568
2025-09-27,SKU125,593,560
2025-09-27,SKU126,473,459
2025-09-27,SKU127,196,185
2025-09-27,SKU128,157,155
2025-09-27,SKU129,451,425
2025-09-28,SKU100,245,256
2025-09-28,SKU101,365,397
2025-09-28,SKU102,515,482
2025-09-28,SKU103,132,141
2025-09-28,SKU104,428,392
2025-09-28,SKU105,159,175
2025-09-28,SKU106,485,472
2025-09-28,SKU107,415,440
2025-09-28,SKU108,377,393
2025-09-28,SKU109,592,549
2025-09-28,SKU110,132,139
2025-09-28,SKU111,170,188
2025-09-28,SKU112,482,480
2025-09-28,SKU113,267,281
2025-09-28,SKU114,136,148
2025-09-28,SKU115,385,410
2025-09-28,SKU116,185,206
2025-09-28,SKU117,537,549
2025-09-28,SKU118,341,376
2025-09-28,SKU119,349,339
2025-09-28,SKU120,169,155
2025-09-28,SKU121,356,365
2025-09-28,SKU122,280,311
2025-09-28,SKU123,390,376
2025-09-28,SKU124,314,336
2025-09-28,SKU125,161,178
2025-09-28,SKU126,386,395
2025-09-28,SKU127,245,267
2025-09-28,SKU128,406,430
2025-09-28,SKU129,453,486
2025-09-29,SKU100,593,560
2025-09-29,SKU101,536,515
2025-09-29,SKU102,94,100
2025-09-29,SKU103,588,570
2025-09-29,SKU104,437,442
2025-09-29,SKU105,380,416
2025-09-29,SKU106,393,428
2025-09-29,SKU107,176,174
2025-09-29,SKU108,346,363
2025-09-29,SKU109,215,236
2025-09-29,SKU110,339,325
2025-09-29,SKU111,188,192
2025-09-29,SKU112,178,194
2025-09-29,SKU113,485,537
2025-09-29,SKU114,349,359
2025-09-29,SKU115,90,97
2025-09-29,SKU116,219,208
2025-09-29,SKU117,238,227
2025-09-29,SKU118,526,493
2025-09-29,SKU119,92,94
2025-09-29,SKU120,544,564
2025-09-29,SKU121,265,274
2025-09-29,SKU122,403,428
2025-09-29,SKU123,271,294
2025-09-29,SKU124,133,139
2025-09-29,SKU125,390,411
2025-09-29,SKU126,278,286
2025-09-29,SKU127,505,507
2025-09-29,SKU128,212,220
2025-09-29,SKU129,149,150
2025-09-30,SKU100,259,240
2025-09-30,SKU101,90,94
2025-09-30,SKU102,434,409
2025-09-30,SKU103,425,418
2025-09-30,SKU104,346,355
2025-09-30,SKU105,543,537
2025-09-30,SKU106,390,364
2025-09-30,SKU107,114,127
2025-09-30,SKU108,263,273
2025-09-30,SKU109,555,511
2025-09-30,SKU110,502,489
2025-09-30,SKU111,141,138
2025-09-30,SKU112,209,231
2025-09-30,SKU113,250,247
2025-09-30,SKU114,539,516
2025-09-30,SKU115,586,535
2025-09-30,SKU116,269,292
2025-09-30,SKU117,392,410
2025-09-30,SKU118,119,117
2025-09-30,SKU119,364,349
2025-09-30,SKU120,160,159
2025-09-30,SKU121,110,103
2025-09-30,SKU122,342,376
2025-09-30,SKU123,467,434
2025-09-30,SKU124,450,432
2025-09-30,SKU125,365,372
2025-09-30,SKU126,141,155
2025-09-30,SKU127,309,322
2025-09-30,SKU128,271,262
2025-09-30,SKU129,289,292
2025-10-01,SKU100,391,391
2025-10-01,SKU101,375,350
2025-10-01,SKU102,90,85
2025-10-01,SKU103,399,382
2025-10-01,SKU104,429,412
2025-10-01,SKU105,191,191
2025-10-01,SKU106,358,360
2025-10-01,SKU107,329,306
2025-10-01,SKU108,375,385
2025-10-01,SKU109,389,414
2025-10-01,SKU110,267,288
2025-10-01,SKU111,324,319
2025-10-01,SKU112,507,468
2025-10-01,SKU113,442,482
2025-10-01,SKU114,221,202
2025-10-01,SKU115,370,363
2025-10-01,SKU116,442,418
2025-10-01,SKU117,448,414
2025-10-01,SKU118,154,163
2025-10-01,SKU119,452,477
2025-10-01,SKU120,402,395
2025-10-01,SKU121,217,223
2025-10-01,SKU122,476,442
2025-10-01,SKU123,220,212
2025-10-01,SKU124,79,81
2025-10-01,SKU125,136,146
2025-10-01,SKU126,270,280
2025-10-01,SKU127,216,236
2025-10-01,SKU128,203,204
2025-10-01,SKU129,470,482
2025-10-02,SKU100,258,239
2025-10-02,SKU101,80,83
2025-10-02,SKU102,515,469
2025-10-02,SKU103,265,250
2025-10-02,SKU104,300,297
2025-10-02,SKU105,350,358
2025-10-02,SKU106,95,101
2025-10-02,SKU107,136,146
2025-10-02,SKU108,127,118
2025-10-02,SKU109,130,127
2025-10-02,SKU110,248,246
2025-10-02,SKU111,202,186
2025-10-02,SKU112,148,147
2025-10-02,SKU113,367,348
2025-10-02,SKU114,344,345
2025-10-02,SKU115,220,208
2025-10-02,SKU116,280,265
2025-10-02,SKU117,459,498
2025-10-02,SKU118,269,280
2025-10-02,SKU119,79,84
2025-10-02,SKU120,365,365
2025-10-02,SKU121,85,89
2025-10-02,SKU122,171,171
2025-10-02,SKU123,393,430
2025-10-02,SKU124,398,428
2025-10-02,SKU125,418,465
2025-10-02,SKU126,320,330
2025-10-02,SKU127,200,219
2025-10-02,SKU128,343,335
2025-10-02,SKU129,398,436
2025-10-03,SKU100,211,197
2025-10-03,SKU101,328,326
2025-10-03,SKU102,459,456
2025-10-03,SKU103,87,86
2025-10-03,SKU104,308,332
2025-10-03,SKU105,343,364
2025-10-03,SKU106,368,409
2025-10-03,SKU107,134,125
2025-10-03,SKU108,357,384
2025-10-03,SKU109,300,328
2025-10-03,SKU110,340,352
2025-10-03,SKU111,407,397
2025-10-03,SKU112,241,266
2025-10-03,SKU113,300,301
2025-10-03,SKU114,133,147
2025-10-03,SKU115,118,117
2025-10-03,SKU116,341,367
2025-10-03,SKU117,240,260
2025-10-03,SKU118,170,156
2025-10-03,SKU119,86,81
2025-10-03,SKU120,190,181
2025-10-03,SKU121,315,338
2025-10-03,SKU122,386,354
2025-10-03,SKU123,292,270
2025-10-03,SKU124,319,299
2025-10-03,SKU125,281,307
2025-10-03,SKU126,96,89
2025-10-03,SKU127,302,315
2025-10-03,SKU128,257,238
2025-10-03,SKU129,491,495
2025-10-04,SKU100,210,200
2025-10-04,SKU101,467,442
2025-10-04,SKU102,441,464
2025-10-04,SKU103,221,236
2025-10-04,SKU104,240,235
2025-10-04,SKU105,310,333
2025-10-04,SKU106,297,323
2025-10-04,SKU107,475,444
2025-10-04,SKU108,370,345
2025-10-04,SKU109,163,160
2025-10-04,SKU110,498,470
2025-10-04,SKU111,363,353
2025-10-04,SKU112,138,144
2025-10-04,SKU113,321,294
2025-10-04,SKU114,408,449
2025-10-04,SKU115,353,387
2025-10-04,SKU116,309,327
2025-10-04,SKU117,244,227
2025-10-04,SKU118,459,435
2025-10-04,SKU119,138,150
2025-10-04,SKU120,171,158
2025-10-04,SKU121,489,480
2025-10-04,SKU122,430,469
2025-10-04,SKU123,440,402
2025-10-04,SKU124,232,250
2025-10-04,SKU125,408,443
2025-10-04,SKU126,467,499
2025-10-04,SKU127,107,113
2025-10-04,SKU128,406,372
2025-10-04,SKU129,87,85
2025-10-05,SKU100,388,395
2025-10-05,SKU101,433,435
2025-10-05,SKU102,133,122
2025-10-05,SKU103,347,384
2025-10-05,SKU104,316,300
2025-10-05,SKU105,232,234
2025-10-05,SKU106,221,246
2025-10-05,SKU107,156,153
2025-10-05,SKU108,103,99
2025-10-05,SKU109,288,301
2025-10-05,SKU110,122,114
2025-10-05,SKU111,217,234
2025-10-05,SKU112,221,207
2025-10-05,SKU113,230,242
2025-10-05,SKU114,210,225
2025-10-05,SKU115,291,285
2025-10-05,SKU116,468,450
2025-10-05,SKU117,297,301
2025-10-05,SKU118,236,217
2025-10-05,SKU119,173,180
2025-10-05,SKU120,366,374
2025-10-05,SKU121,260,243
2025-10-05,SKU122,430,423
2025-10-05,SKU123,418,432
2025-10-05,SKU124,379,365
2025-10-05,SKU125,171,181
2025-10-05,SKU126,183,193
2025-10-05,SKU127,213,221
2025-10-05,SKU128,402,427
2025-10-05,SKU129,284,296
2025-10-06,SKU100,258,284
2025-10-06,SKU101,141,147
2025-10-06,SKU102,405,442
2025-10-06,SKU103,378,353
2025-10-06,SKU104,414,380
2025-10-06,SKU105,397,437
2025-10-06,SKU106,437,411
2025-10-06,SKU107,248,254
2025-10-06,SKU108,392,383
2025-10-06,SKU109,289,270
2025-10-06,SKU110,199,199
2025-10-06,SKU111,345,328
2025-10-06,SKU112,134,126
2025-10-06,SKU113,276,256
2025-10-06,SKU114,434,460
2025-10-06,SKU115,428,392
2025-10-06,SKU116,478,445
2025-10-06,SKU117,433,434
2025-10-06,SKU118,364,334
2025-10-06,SKU119,461,488
2025-10-06,SKU120,381,412
2025-10-06,SKU121,185,205
2025-10-06,SKU122,452,461
2025-10-06,SKU123,453,422
2025-10-06,SKU124,439,446
2025-10-06,SKU125,90,84
2025-10-06,SKU126,329,303
2025-10-06,SKU127,212,228
2025-10-06,SKU128,378,367
2025-10-06,SKU129,271,263
2025-10-07,SKU100,129,120
2025-10-07,SKU101,138,129
2025-10-07,SKU102,359,387
2025-10-07,SKU103,339,336
2025-10-07,SKU104,168,186
2025-10-07,SKU105,134,138
2025-10-07,SKU106,320,347
2025-10-07,SKU107,445,442
2025-10-07,SKU108,372,350
2025-10-07,SKU109,320,295
2025-10-07,SKU110,363,401
2025-10-07,SKU111,275,251
2025-10-07,SKU112,436,468
2025-10-07,SKU113,315,348
2025-10-07,SKU114,165,159
2025-10-07,SKU115,83,80
2025-10-07,SKU116,438,424
2025-10-07,SKU117,163,159
2025-10-07,SKU118,255,260
2025-10-07,SKU119,324,344
2025-10-07,SKU120,433,479
2025-10-07,SKU121,110,105
2025-10-07,SKU122,364,346
2025-10-07,SKU123,361,371
2025-10-07,SKU124,281,257
2025-10-07,SKU125,180,184
2025-10-07,SKU126,276,278
2025-10-07,SKU127,294,302
2025-10-07,SKU128,290,293
2025-10-07,SKU129,355,367
2025-10-08,SKU100,306,337
2025-10-08,SKU101,286,304
2025-10-08,SKU102,406,448
2025-10-08,SKU103,253,257
2025-10-08,SKU104,471,474
2025-10-08,SKU105,460,486
2025-10-08,SKU106,126,130
2025-10-08,SKU107,300,326
2025-10-08,SKU108,269,292
2025-10-08,SKU109,337,326
2025-10-08,SKU110,122,132
2025-10-08,SKU111,163,150
2025-10-08,SKU112,220,244
2025-10-08,SKU113,235,231
2025-10-08,SKU114,481,461
2025-10-08,SKU115,411,380
2025-10-08,SKU116,326,333
2025-10-08,SKU117,346,346
2025-10-08,SKU118,251,273
2025-10-08,SKU119,193,183
2025-10-08,SKU120,329,349
2025-10-08,SKU121,85,94
2025-10-08,SKU122,186,194
2025-10-08,SKU123,430,396
2025-10-08,SKU124,475,434
2025-10-08,SKU125,333,304
2025-10-08,SKU126,280,291
2025-10-08,SKU127,455,466
2025-10-08,SKU128,346,334
2025-10-08,SKU129,354,347
2025-10-09,SKU100,205,226
2025-10-09,SKU101,315,319
2025-10-09,SKU102,241,264
2025-10-09,SKU103,385,368
2025-10-09,SKU104,368,344
2025-10-09,SKU105,364,339
2025-10-09,SKU106,112,115
2025-10-09,SKU107,446,443
2025-10-09,SKU108,162,172
2025-10-09,SKU109,352,349
2025-10-09,SKU110,414,405
2025-10-09,SKU111,291,275
2025-10-09,SKU112,229,247
2025-10-09,SKU113,261,245
2025-10-09,SKU114,218,235
2025-10-09,SKU115,535,489
2025-10-09,SKU116,148,156
2025-10-09,SKU117,263,281
2025-10-09,SKU118,299,316
2025-10-09,SKU119,242,267
2025-10-09,SKU120,147,136
2025-10-09,SKU121,154,158
2025-10-09,SKU122,403,380
2025-10-09,SKU123,144,142
2025-10-09,SKU124,366,373
2025-10-09,SKU125,87,92
2025-10-09,SKU126,340,336
2025-10-09,SKU127,140,132
2025-10-09,SKU128,438,455
2025-10-09,SKU129,434,426
2025-10-10,SKU100,148,136
2025-10-10,SKU101,128,133
2025-10-10,SKU102,127,123
2025-10-10,SKU103,247,241
2025-10-10,SKU104,392,380
2025-10-10,SKU105,281,310
2025-10-10,SKU106,81,80
2025-10-10,SKU107,110,104
2025-10-10,SKU108,125,131
2025-10-10,SKU109,328,349
2025-10-10,SKU110,126,133
2025-10-10,SKU111,266,279
2025-10-10,SKU112,438,471
2025-10-10,SKU113,327,321
2025-10-10,SKU114,430,451
2025-10-10,SKU115,295,310
2025-10-10,SKU116,385,377
2025-10-10,SKU117,82,81
2025-10-10,SKU118,360,391
2025-10-10,SKU119,505,462
2025-10-10,SKU120,117,125
2025-10-10,SKU121,212,233
2025-10-10,SKU122,181,194
2025-10-10,SKU123,216,199
2025-10-10,SKU124,330,364
2025-10-10,SKU125,268,283
2025-10-10,SKU126,89,98
2025-10-10,SKU127,295,287
2025-10-10,SKU128,442,482
2025-10-10,SKU129,255,282
2025-10-11,SKU100,314,344
2025-10-11,SKU101,391,412
2025-10-11,SKU102,116,107
2025-10-11,SKU103,287,319
2025-10-11,SKU104,357,328
2025-10-11,SKU105,313,326
2025-10-11,SKU106,192,181
2025-10-11,SKU107,322,350
2025-10-11,SKU108,135,134
2025-10-11,SKU109,116,106
2025-10-11,SKU110,85,92
2025-10-11,SKU111,216,226
2025-10-11,SKU112,377,383
2025-10-11,SKU113,187,198
2025-10-11,SKU114,242,235
2025-10-11,SKU115,476,439
2025-10-11,SKU116,153,162
2025-10-11,SKU117,494,477
2025-10-11,SKU118,193,199
2025-10-11,SKU119,425,467
2025-10-11,SKU120,496,488
2025-10-11,SKU121,392,400
2025-10-11,SKU122,437,448
2025-10-11,SKU123,392,394
2025-10-11,SKU124,146,133
2025-10-11,SKU125,247,235
2025-10-11,SKU126,151,159
2025-10-11,SKU127,418,450
2025-10-11,SKU128,490,462
2025-10-11,SKU129,340,349
2025-10-12,SKU100,448,485
2025-10-12,SKU101,382,391
2025-10-12,SKU102,80,83
2025-10-12,SKU103,130,131
2025-10-12,SKU104,241,243
2025-10-12,SKU105,413,447
2025-10-12,SKU106,90,92
2025-10-12,SKU107,368,393
2025-10-12,SKU108,209,214
2025-10-12,SKU109,508,499
2025-10-12,SKU110,279,309
2025-10-12,SKU111,412,401
2025-10-12,SKU112,87,82
2025-10-12,SKU113,423,447
2025-10-12,SKU114,335,323
2025-10-12,SKU115,390,356
2025-10-12,SKU116,413,378
2025-10-12,SKU117,147,144
2025-10-12,SKU118,224,248
2025-10-12,SKU119,96,107
2025-10-12,SKU120,525,481
2025-10-12,SKU121,497,474
2025-10-12,SKU122,243,247
2025-10-12,SKU123,375,379
2025-10-12,SKU124,459,483
2025-10-12,SKU125,401,400
2025-10-12,SKU126,132,124
2025-10-12,SKU127,444,424
2025-10-12,SKU128,436,415
2025-10-12,SKU129,242,235
2025-10-13,SKU100,380,401
2025-10-13,SKU101,289,265
2025-10-13,SKU102,117,115
2025-10-13,SKU103,521,475
2025-10-13,SKU104,136,151
2025-10-13,SKU105,121,121
2025-10-13,SKU106,209,227
2025-10-13,SKU107,416,406
2025-10-13,SKU108,87,94
2025-10-13,SKU109,434,471
2025-10-13,SKU110,370,391
2025-10-13,SKU111,261,242
2025-10-13,SKU112,111,113
2025-10-13,SKU113,198,220
2025-10-13,SKU114,205,195
2025-10-13,SKU115,451,445
2025-10-13,SKU116,187,171
2025-10-13,SKU117,328,353
2025-10-13,SKU118,302,285
2025-10-13,SKU119,295,274
2025-10-13,SKU120,359,378
2025-10-13,SKU121,260,244
2025-10-13,SKU122,168,175
2025-10-13,SKU123,446,469
2025-10-13,SKU124,330,346
2025-10-13,SKU125,473,462
2025-10-13,SKU126,352,357
2025-10-13,SKU127,127,139
2025-10-13,SKU128,101,103
2025-10-13,SKU129,443,442
2025-10-14,SKU100,356,392
2025-10-14,SKU101,134,130
2025-10-14,SKU102,431,453
2025-10-14,SKU103,297,319
2025-10-14,SKU104,491,450
2025-10-14,SKU105,85,91
2025-10-14,SKU106,326,340
2025-10-14,SKU107,77,83
2025-10-14,SKU108,425,416
2025-10-14,SKU109,327,330
2025-10-14,SKU110,342,313
2025-10-14,SKU111,413,388
2025-10-14,SKU112,362,376
2025-10-14,SKU113,401,368
2025-10-14,SKU114,443,448
2025-10-14,SKU115,106,117
2025-10-14,SKU116,305,280
2025-10-14,SKU117,199,191
2025-10-14,SKU118,255,261
2025-10-14,SKU119,276,300
2025-10-14,SKU120,348,364
2025-10-14,SKU121,168,186
2025-10-14,SKU122,98,101
2025-10-14,SKU123,501,460
2025-10-14,SKU124,409,375
2025-10-14,SKU125,410,406
2025-10-14,SKU126,211,194
2025-10-14,SKU127,123,136
2025-10-14,SKU128,447,446
2025-10-14,SKU129,171,167
2025-10-15,SKU100,346,361
2025-10-15,SKU101,222,209
2025-10-15,SKU102,447,429
2025-10-15,SKU103,430,437
2025-10-15,SKU104,272,282
2025-10-15,SKU105,474,454
2025-10-15,SKU106,130,126
2025-10-15,SKU107,286,266
2025-10-15,SKU108,141,138
2025-10-15,SKU109,449,473
2025-10-15,SKU110,321,299
2025-10-15,SKU111,93,104
2025-10-15,SKU112,288,311
2025-10-15,SKU113,92,99
2025-10-15,SKU114,178,198
2025-10-15,SKU115,227,219
2025-10-15,SKU116,198,181
2025-10-15,SKU117,186,184
2025-10-15,SKU118,346,373
2025-10-15,SKU119,359,390
2025-10-15,SKU120,266,282
2025-10-15,SKU121,473,481
2025-10-15,SKU122,362,365
2025-10-15,SKU123,79,84
2025-10-15,SKU124,258,271
2025-10-15,SKU125,87,89
2025-10-15,SKU126,218,215
2025-10-15,SKU127,435,431
2025-10-15,SKU128,440,456
2025-10-15,SKU129,259,248
2025-10-16,SKU100,450,498
2025-10-16,SKU101,294,288
2025-10-16,SKU102,136,130
2025-10-16,SKU103,264,248
2025-10-16,SKU104,251,270
2025-10-16,SKU105,151,163
2025-10-16,SKU106,100,104
2025-10-16,SKU107,322,313
2025-10-16,SKU108,193,200
2025-10-16,SKU109,118,109
2025-10-16,SKU110,367,334
2025-10-16,SKU111,266,254
2025-10-16,SKU112,374,385
2025-10-16,SKU113,150,139
2025-10-16,SKU114,237,246
2025-10-16,SKU115,170,172
2025-10-16,SKU116,364,362
2025-10-16,SKU117,176,193
2025-10-16,SKU118,358,352
2025-10-16,SKU119,227,210
2025-10-16,SKU120,380,353
2025-10-16,SKU121,463,441
2025-10-16,SKU122,353,358
2025-10-16,SKU123,137,147
2025-10-16,SKU124,423,439
2025-10-16,SKU125,238,231
2025-10-16,SKU126,156,172
2025-10-16,SKU127,263,260
2025-10-16,SKU128,306,307
2025-10-16,SKU129,115,125
2025-10-17,SKU100,80,80
2025-10-17,SKU101,369,372
2025-10-17,SKU102,430,467
2025-10-17,SKU103,154,165
2025-10-17,SKU104,285,274
2025-10-17,SKU105,248,272
2025-10-17,SKU106,217,219
2025-10-17,SKU107,107,116
2025-10-17,SKU108,404,375
2025-10-17,SKU109,424,449
2025-10-17,SKU110,318,333
2025-10-17,SKU111,145,139
2025-10-17,SKU112,379,372
2025-10-17,SKU113,403,375
2025-10-17,SKU114,292,318
2025-10-17,SKU115,305,281
2025-10-17,SKU116,358,346
2025-10-17,SKU117,357,345
2025-10-17,SKU118,279,267
2025-10-17,SKU119,394,394
2025-10-17,SKU120,134,133
2025-10-17,SKU121,218,200
2025-10-17,SKU122,413,436
2025-10-17,SKU123,334,371
2025-10-17,SKU124,200,201
2025-10-17,SKU125,414,378
2025-10-17,SKU126,245,232
2025-10-17,SKU127,464,430
2025-10-17,SKU128,470,489
2025-10-17,SKU129,101,102
2025-10-18,SKU100,422,432
2025-10-18,SKU101,200,207
2025-10-18,SKU102,323,343
2025-10-18,SKU103,270,248
2025-10-18,SKU104,387,370
2025-10-18,SKU105,405,390
2025-10-18,SKU106,266,266
2025-10-18,SKU107,356,339
2025-10-18,SKU108,243,248
2025-10-18,SKU109,271,273
2025-10-18,SKU110,209,191
2025-10-18,SKU111,352,330
2025-10-18,SKU112,119,109
2025-10-18,SKU113,137,130
2025-10-18,SKU114,255,278
2025-10-18,SKU115,171,178
2025-10-18,SKU116,360,400
2025-10-18,SKU117,186,191
2025-10-18,SKU118,166,177
2025-10-18,SKU119,233,244
2025-10-18,SKU120,172,176
2025-10-18,SKU121,235,254
2025-10-18,SKU122,451,429
2025-10-18,SKU123,177,194
2025-10-18,SKU124,518,500
2025-10-18,SKU125,167,180
2025-10-18,SKU126,449,435
2025-10-18,SKU127,133,140
2025-10-18,SKU128,218,214
2025-10-18,SKU129,165,151
2025-10-19,SKU100,109,101
2025-10-19,SKU101,98,100
2025-10-19,SKU102,109,117
2025-10-19,SKU103,471,485
2025-10-19,SKU104,339,320
2025-10-19,SKU105,148,161
2025-10-19,SKU106,427,419
2025-10-19,SKU107,335,324
2025-10-19,SKU108,283,294
2025-10-19,SKU109,264,287
2025-10-19,SKU110,168,156
2025-10-19,SKU111,207,201
2025-10-19,SKU112,259,266
2025-10-19,SKU113,379,365
2025-10-19,SKU114,89,82
2025-10-19,SKU115,260,245
2025-10-19,SKU116,227,250
2025-10-19,SKU117,426,441
2025-10-19,SKU118,334,335
2025-10-19,SKU119,506,490
2025-10-19,SKU120,380,410
2025-10-19,SKU121,180,178
2025-10-19,SKU122,221,214
2025-10-19,SKU123,94,94
2025-10-19,SKU124,200,205
2025-10-19,SKU125,458,418
2025-10-19,SKU126,320,297
2025-10-19,SKU127,189,174
2025-10-19,SKU128,112,111
2025-10-19,SKU129,260,252
2025-10-20,SKU100,356,393
2025-10-20,SKU101,348,323
2025-10-20,SKU102,180,173
2025-10-20,SKU103,185,179
2025-10-20,SKU104,201,198
2025-10-20,SKU105,122,117
2025-10-20,SKU106,288,273
2025-10-20,SKU107,123,137
2025-10-20,SKU108,91,92
2025-10-20,SKU109,266,293
2025-10-20,SKU110,338,366
2025-10-20,SKU111,205,199
2025-10-20,SKU112,208,223
2025-10-20,SKU113,231,226
2025-10-20,SKU114,459,456
2025-10-20,SKU115,177,165
2025-10-20,SKU116,266,284
2025-10-20,SKU117,419,418
2025-10-20,SKU118,416,460
2025-10-20,SKU119,323,295
2025-10-20,SKU120,217,229
2025-10-20,SKU121,267,267
2025-10-20,SKU122,493,459
2025-10-20,SKU123,91,86
2025-10-20,SKU124,461,434
2025-10-20,SKU125,212,215
2025-10-20,SKU126,228,211
2025-10-20,SKU127,262,265
2025-10-20,SKU128,330,318
2025-10-20,SKU129,389,360
2025-10-21,SKU100,159,158
2025-10-21,SKU101,316,347
2025-10-21,SKU102,362,342
2025-10-21,SKU103,295,285
2025-10-21,SKU104,429,409
2025-10-21,SKU105,275,304
2025-10-21,SKU106,303,332
2025-10-21,SKU107,269,297
2025-10-21,SKU108,437,447
2025-10-21,SKU109,456,486
2025-10-21,SKU110,399,408
2025-10-21,SKU111,400,375
2025-10-21,SKU112,151,153
2025-10-21,SKU113,153,143
2025-10-21,SKU114,378,365
2025-10-21,SKU115,439,424
2025-10-21,SKU116,300,284
2025-10-21,SKU117,356,389
2025-10-21,SKU118,407,428
2025-10-21,SKU119,274,305
2025-10-21,SKU120,288,321
2025-10-21,SKU121,466,450
2025-10-21,SKU122,128,132
2025-10-21,SKU123,328,319
2025-10-21,SKU124,107,108
2025-10-21,SKU125,212,225
2025-10-21,SKU126,366,376
2025-10-21,SKU127,271,274
2025-10-21,SKU128,225,230
2025-10-21,SKU129,270,247
2025-10-22,SKU100,367,369
2025-10-22,SKU101,378,400
2025-10-22,SKU102,153,169
2025-10-22,SKU103,172,168
2025-10-22,SKU104,422,399
2025-10-22,SKU105,407,411
2025-10-22,SKU106,449,419
2025-10-22,SKU107,211,197
2025-10-22,SKU108,412,384
2025-10-22,SKU109,226,238
2025-10-22,SKU110,153,157
2025-10-22,SKU111,415,395
2025-10-22,SKU112,384,412
2025-10-22,SKU113,274,287
2025-10-22,SKU114,422,448
2025-10-22,SKU115,513,486
2025-10-22,SKU116,166,176
2025-10-22,SKU117,211,197
2025-10-22,SKU118,454,464
2025-10-22,SKU119,498,481
2025-10-22,SKU120,325,353
2025-10-22,SKU121,286,272
2025-10-22,SKU122,338,351
2025-10-22,SKU123,132,125
2025-10-22,SKU124,398,386
2025-10-22,SKU125,237,232
2025-10-22,SKU126,311,340
2025-10-22,SKU127,356,393
2025-10-22,SKU128,528,499
2025-10-22,SKU129,159,167
2025-10-23,SKU100,319,305
2025-10-23,SKU101,127,139
2025-10-23,SKU102,439,438
2025-10-23,SKU103,126,116
2025-10-23,SKU104,419,426
2025-10-23,SKU105,375,363
2025-10-23,SKU106,363,385
2025-10-23,SKU107,198,204
2025-10-23,SKU108,140,140
2025-10-23,SKU109,514,499
2025-10-23,SKU110,186,181
2025-10-23,SKU111,317,352
2025-10-23,SKU112,147,159
2025-10-23,SKU113,154,159
2025-10-23,SKU114,133,148
2025-10-23,SKU115,382,359
2025-10-23,SKU116,354,327
2025-10-23,SKU117,137,132
2025-10-23,SKU118,496,468
2025-10-23,SKU119,214,210
2025-10-23,SKU120,295,308
2025-10-23,SKU121,171,169
2025-10-23,SKU122,340,326
2025-10-23,SKU123,353,322
2025-10-23,SKU124,210,214
2025-10-23,SKU125,324,335
2025-10-23,SKU126,211,218
2025-10-23,SKU127,169,172
2025-10-23,SKU128,338,337
2025-10-23,SKU129,418,381
2025-10-24,SKU100,488,449
2025-10-24,SKU101,320,292
2025-10-24,SKU102,270,248
2025-10-24,SKU103,431,436
2025-10-24,SKU104,444,437
2025-10-24,SKU105,207,207
2025-10-24,SKU106,168,158
2025-10-24,SKU107,463,483
2025-10-24,SKU108,308,296
2025-10-24,SKU109,266,288
2025-10-24,SKU110,292,289
2025-10-24,SKU111,408,441
2025-10-24,SKU112,121,111
2025-10-24,SKU113,409,416
2025-10-24,SKU114,312,345
2025-10-24,SKU115,128,132
2025-10-24,SKU116,144,146
2025-10-24,SKU117,188,207
2025-10-24,SKU118,180,170
2025-10-24,SKU119,501,464
2025-10-24,SKU120,298,291
2025-10-24,SKU121,229,232
2025-10-24,SKU122,188,176
2025-10-24,SKU123,366,400
2025-10-24,SKU124,86,87
2025-10-24,SKU125,331,329
2025-10-24,SKU126,277,282
2025-10-24,SKU127,224,232
2025-10-24,SKU128,335,342
2025-10-24,SKU129,290,301
2025-10-25,SKU100,376,394
2025-10-25,SKU101,454,445
2025-10-25,SKU102,354,354
2025-10-25,SKU103,386,352
2025-10-25,SKU104,94,98
2025-10-25,SKU105,124,120
2025-10-25,SKU106,508,497
2025-10-25,SKU107,289,315
2025-10-25,SKU108,155,165
2025-10-25,SKU109,82,88
2025-10-25,SKU110,276,275
2025-10-25,SKU111,477,483
2025-10-25,SKU112,351,359
2025-10-25,SKU113,371,357
2025-10-25,SKU114,298,321
2025-10-25,SKU115,299,273
2025-10-25,SKU116,140,156
2025-10-25,SKU117,346,367
2025-10-25,SKU118,130,120
2025-10-25,SKU119,178,173
2025-10-25,SKU120,183,193
2025-10-25,SKU121,532,496
2025-10-25,SKU122,266,268
2025-10-25,SKU123,277,297
2025-10-25,SKU124,525,491
2025-10-25,SKU125,426,409
2025-10-25,SKU126,202,210
2025-10-25,SKU127,272,262
2025-10-25,SKU128,120,111
2025-10-25,SKU129,473,461
2025-10-26,SKU100,291,290
2025-10-26,SKU101,454,438
2025-10-26,SKU102,334,310
2025-10-26,SKU103,94,99
2025-10-26,SKU104,354,324
2025-10-26,SKU105,111,115
2025-10-26,SKU106,429,406
2025-10-26,SKU107,406,410
2025-10-26,SKU108,528,482
2025-10-26,SKU109,352,391
2025-10-26,SKU110,459,423
2025-10-26,SKU111,417,423
2025-10-26,SKU112,174,186
2025-10-26,SKU113,126,116
2025-10-26,SKU114,365,358
2025-10-26,SKU115,344,318
2025-10-26,SKU116,87,85
2025-10-26,SKU117,153,162
2025-10-26,SKU118,243,240
2025-10-26,SKU119,242,222
2025-10-26,SKU120,95,96
2025-10-26,SKU121,370,364
2025-10-26,SKU122,113,123
2025-10-26,SKU123,209,195
2025-10-26,SKU124,308,341
2025-10-26,SKU125,488,449
2025-10-26,SKU126,456,468
2025-10-26,SKU127,200,206
2025-10-26,SKU128,103,107
2025-10-26,SKU129,107,118
2025-10-27,SKU100,359,341
2025-10-27,SKU101,267,275
2025-10-27,SKU102,386,397
2025-10-27,SKU103,389,377
2025-10-27,SKU104,322,333
2025-10-27,SKU105,361,371
2025-10-27,SKU106,246,255
2025-10-27,SKU107,443,432
2025-10-27,SKU108,454,443
2025-10-27,SKU109,233,233
2025-10-27,SKU110,119,118
2025-10-27,SKU111,168,162
2025-10-27,SKU112,452,419
2025-10-27,SKU113,120,111
2025-10-27,SKU114,361,351
2025-10-27,SKU115,500,476
2025-10-27,SKU116,220,240
2025-10-27,SKU117,418,402
2025-10-27,SKU118,270,271
2025-10-27,SKU119,225,243
2025-10-27,SKU120,513,484
2025-10-27,SKU121,392,402
2025-10-27,SKU122,212,214
2025-10-27,SKU123,478,454
2025-10-27,SKU124,102,109
2025-10-27,SKU125,459,429
2025-10-27,SKU126,133,126
2025-10-27,SKU127,203,226
2025-10-27,SKU128,355,378
2025-10-27,SKU129,234,228
2025-10-28,SKU100,243,224
2025-10-28,SKU101,191,209
2025-10-28,SKU102,152,158
2025-10-28,SKU103,125,124
2025-10-28,SKU104,442,480
2025-10-28,SKU105,496,453
2025-10-28,SKU106,351,337
2025-10-28,SKU107,172,183
2025-10-28,SKU108,312,301
2025-10-28,SKU109,352,359
2025-10-28,SKU110,193,202
2025-10-28,SKU111,436,473
2025-10-28,SKU112,167,164
2025-10-28,SKU113,184,184
2025-10-28,SKU114,121,127
2025-10-28,SKU115,90,97
2025-10-28,SKU116,353,388
2025-10-28,SKU117,364,350
2025-10-28,SKU118,418,426
2025-10-28,SKU119,162,176
2025-10-28,SKU120,432,426
2025-10-28,SKU121,318,342
2025-10-28,SKU122,171,178
2025-10-28,SKU123,517,498
2025-10-28,SKU124,148,157
2025-10-28,SKU125,391,400
2025-10-28,SKU126,477,444
2025-10-28,SKU127,299,327
2025-10-28,SKU128,437,433
2025-10-28,SKU129,365,396
2025-10-29,SKU100,372,383
2025-10-29,SKU101,113,119
2025-10-29,SKU102,463,474
2025-10-29,SKU103,445,446
2025-10-29,SKU104,409,440
2025-10-29,SKU105,410,414
2025-10-29,SKU106,286,273
2025-10-29,SKU107,254,281
2025-10-29,SKU108,364,334
2025-10-29,SKU109,109,119
2025-10-29,SKU110,430,473
2025-10-29,SKU111,334,305
2025-10-29,SKU112,501,468
2025-10-29,SKU113,447,475
2025-10-29,SKU114,285,316
2025-10-29,SKU115,373,391
2025-10-29,SKU116,277,283
2025-10-29,SKU117,413,446
2025-10-29,SKU118,429,433
2025-10-29,SKU119,141,135
2025-10-29,SKU120,449,499
2025-10-29,SKU121,357,333
2025-10-29,SKU122,377,415
2025-10-29,SKU123,193,207
2025-10-29,SKU124,100,95
2025-10-29,SKU125,372,353
2025-10-29,SKU126,439,436
2025-10-29,SKU127,182,178
2025-10-29,SKU128,202,204
2025-10-29,SKU129,87,82
2025-10-30,SKU100,192,188
2025-10-30,SKU101,408,374
2025-10-30,SKU102,239,239
2025-10-30,SKU103,439,464
2025-10-30,SKU104,397,367
2025-10-30,SKU105,309,330
2025-10-30,SKU106,380,405
2025-10-30,SKU107,79,88
2025-10-30,SKU108,275,290
2025-10-30,SKU109,234,239
2025-10-30,SKU110,314,300
2025-10-30,SKU111,127,130
2025-10-30,SKU112,115,125
2025-10-30,SKU113,132,134
2025-10-30,SKU114,168,166
2025-10-30,SKU115,91,99
2025-10-30,SKU116,210,234
2025-10-30,SKU117,488,463
2025-10-30,SKU118,116,120
2025-10-30,SKU119,142,137
2025-10-30,SKU120,428,439
2025-10-30,SKU121,294,292
2025-10-30,SKU122,231,237
2025-10-30,SKU123,194,181
2025-10-30,SKU124,351,344
2025-10-30,SKU125,418,463
2025-10-30,SKU126,263,253
2025-10-30,SKU127,280,259
2025-10-30,SKU128,283,283
2025-10-30,SKU129,356,339
2025-10-31,SKU100,475,483
2025-10-31,SKU101,88,83
2025-10-31,SKU102,299,291
2025-10-31,SKU103,352,334
2025-10-31,SKU104,288,272
2025-10-31,SKU105,224,216
2025-10-31,SKU106,442,413
2025-10-31,SKU107,462,491
2025-10-31,SKU108,343,353
2025-10-31,SKU109,363,377
2025-10-31,SKU110,280,310
2025-10-31,SKU111,192,212
2025-10-31,SKU112,342,373
2025-10-31,SKU113,239,264
2025-10-31,SKU114,172,176
2025-10-31,SKU115,227,212
2025-10-31,SKU116,233,220
2025-10-31,SKU117,350,367
2025-10-31,SKU118,492,496
2025-10-31,SKU119,275,295
2025-10-31,SKU120,359,372
2025-10-31,SKU121,269,251
2025-10-31,SKU122,463,495
2025-10-31,SKU123,230,225
2025-10-31,SKU124,361,374
2025-10-31,SKU125,134,123
2025-10-31,SKU126,453,436
2025-10-31,SKU127,279,302
2025-10-31,SKU128,302,336
2025-10-31,SKU129,319,292
2025-11-01,SKU100,529,573
2025-11-01,SKU101,255,253
2025-11-01,SKU102,323,299
2025-11-01,SKU103,463,444
2025-11-01,SKU104,126,139
2025-11-01,SKU105,433,429
2025-11-01,SKU106,603,579
2025-11-01,SKU107,541,560
2025-11-01,SKU108,166,159
2025-11-01,SKU109,315,294
2025-11-01,SKU110,472,494
2025-11-01,SKU111,286,306
2025-11-01,SKU112,586,548
2025-11-01,SKU113,582,600
2025-11-01,SKU114,721,669
2025-11-01,SKU115,254,255
2025-11-01,SKU116,662,666
2025-11-01,SKU117,399,387
2025-11-01,SKU118,199,193
2025-11-01,SKU119,198,202
2025-11-01,SKU120,305,297
2025-11-01,SKU121,185,174
2025-11-01,SKU122,457,494
2025-11-01,SKU123,162,152
2025-11-01,SKU124,617,573
2025-11-01,SKU125,170,157
2025-11-01,SKU126,619,610
2025-11-01,SKU127,173,190
2025-11-01,SKU128,276,283
2025-11-01,SKU129,195,178
2025-11-02,SKU100,626,606
2025-11-02,SKU101,611,573
2025-11-02,SKU102,381,423
2025-11-02,SKU103,532,494
2025-11-02,SKU104,324,342
2025-11-02,SKU105,160,172
2025-11-02,SKU106,646,639
2025-11-02,SKU107,231,220
2025-11-02,SKU108,549,502
2025-11-02,SKU109,402,390
2025-11-02,SKU110,111,120
2025-11-02,SKU111,645,604
2025-11-02,SKU112,516,502
2025-11-02,SKU113,148,151
2025-11-02,SKU114,572,569
2025-11-02,SKU115,542,603
2025-11-02,SKU116,636,579
2025-11-02,SKU117,661,630
2025-11-02,SKU118,147,139
2025-11-02,SKU119,586,643
2025-11-02,SKU120,655,626
2025-11-02,SKU121,626,635
2025-11-02,SKU122,200,221
2025-11-02,SKU123,548,502
2025-11-02,SKU124,295,295
2025-11-02,SKU125,594,572
2025-11-02,SKU126,582,606
2025-11-02,SKU127,423,390
2025-11-02,SKU128,378,390
2025-11-02,SKU129,315,305
2025-11-03,SKU100,489,513
2025-11-03,SKU101,314,349
2025-11-03,SKU102,308,319
2025-11-03,SKU103,191,210
2025-11-03,SKU104,390,382
2025-11-03,SKU105,236,256
2025-11-03,SKU106,616,565
2025-11-03,SKU107,245,225
2025-11-03,SKU108,390,413
2025-11-03,SKU109,633,602
2025-11-03,SKU110,683,642
2025-11-03,SKU111,350,371
2025-11-03,SKU112,448,463
2025-11-03,SKU113,292,295
2025-11-03,SKU114,333,361
2025-11-03,SKU115,462,492
2025-11-03,SKU116,566,517
2025-11-03,SKU117,639,658
2025-11-03,SKU118,658,607
2025-11-03,SKU119,235,251
2025-11-03,SKU120,251,267
2025-11-03,SKU121,211,210
2025-11-03,SKU122,356,383
2025-11-03,SKU123,398,429
2025-11-03,SKU124,535,573
2025-11-03,SKU125,477,507
2025-11-03,SKU126,629,666
2025-11-03,SKU127,666,637
2025-11-03,SKU128,129,144
2025-11-03,SKU129,298,322
2025-11-04,SKU100,352,360
2025-11-04,SKU101,366,356
2025-11-04,SKU102,110,116
2025-11-04,SKU103,179,176
2025-11-04,SKU104,526,540
2025-11-04,SKU105,185,186
2025-11-04,SKU106,549,562
2025-11-04,SKU107,572,558
2025-11-04,SKU108,577,595
2025-11-04,SKU109,542,584
2025-11-04,SKU110,589,567
2025-11-04,SKU111,553,535
2025-11-04,SKU112,123,128
2025-11-04,SKU113,577,542
2025-11-04,SKU114,515,523
2025-11-04,SKU115,501,533
2025-11-04,SKU116,517,471
2025-11-04,SKU117,671,662
2025-11-04,SKU118,431,422
2025-11-04,SKU119,594,575
2025-11-04,SKU120,231,253
2025-11-04,SKU121,252,271
2025-11-04,SKU122,383,365
2025-11-04,SKU123,365,345
2025-11-04,SKU124,606,580
2025-11-04,SKU125,111,114
2025-11-04,SKU126,634,616
2025-11-04,SKU127,601,571
2025-11-04,SKU128,399,423
2025-11-04,SKU129,392,395
2025-11-05,SKU100,421,432
2025-11-05,SKU101,322,332
2025-11-05,SKU102,568,575
2025-11-05,SKU103,630,575
2025-11-05,SKU104,499,525
2025-11-05,SKU105,497,519
2025-11-05,SKU106,480,496
2025-11-05,SKU107,383,394
2025-11-05,SKU108,339,361
2025-11-05,SKU109,460,461
2025-11-05,SKU110,220,210
2025-11-05,SKU111,525,565
2025-11-05,SKU112,242,248
2025-11-05,SKU113,607,579
2025-11-05,SKU114,601,615
2025-11-05,SKU115,628,604
2025-11-05,SKU116,574,611
2025-11-05,SKU117,295,292
2025-11-05,SKU118,415,402
2025-11-05,SKU119,176,174
2025-11-05,SKU120,109,114
2025-11-05,SKU121,396,380
2025-11-05,SKU122,615,623
2025-11-05,SKU123,377,392
2025-11-05,SKU124,645,638
2025-11-05,SKU125,548,584
2025-11-05,SKU126,361,353
2025-11-05,SKU127,276,301
2025-11-05,SKU128,155,147
2025-11-05,SKU129,124,122
2025-11-06,SKU100,537,504
2025-11-06,SKU101,474,448
2025-11-06,SKU102,474,480
2025-11-06,SKU103,154,147
2025-11-06,SKU104,197,197
2025-11-06,SKU105,543,562
2025-11-06,SKU106,168,167
2025-11-06,SKU107,711,660
2025-11-06,SKU108,379,413
2025-11-06,SKU109,631,627
2025-11-06,SKU110,281,297
2025-11-06,SKU111,139,137
2025-11-06,SKU112,335,328
2025-11-06,SKU113,353,380
2025-11-06,SKU114,199,210
2025-11-06,SKU115,516,502
2025-11-06,SKU116,294,301
2025-11-06,SKU117,512,549
2025-11-06,SKU118,690,642
2025-11-06,SKU119,463,472
2025-11-06,SKU120,172,184
2025-11-06,SKU121,345,353
2025-11-06,SKU122,382,419
2025-11-06,SKU123,130,139
2025-11-06,SKU124,514,537
2025-11-06,SKU125,319,314
2025-11-06,SKU126,428,437
2025-11-06,SKU127,419,425
2025-11-06,SKU128,588,561
2025-11-06,SKU129,152,163
2025-11-07,SKU100,143,136
2025-11-07,SKU101,325,324
2025-11-07,SKU102,249,256
2025-11-07,SKU103,625,600
2025-11-07,SKU104,187,176
2025-11-07,SKU105,341,325
2025-11-07,SKU106,496,513
2025-11-07,SKU107,655,653
2025-11-07,SKU108,116,128
2025-11-07,SKU109,377,352
2025-11-07,SKU110,185,171
2025-11-07,SKU111,391,373
2025-11-07,SKU112,173,170
2025-11-07,SKU113,649,639
2025-11-07,SKU114,393,384
2025-11-07,SKU115,141,132
2025-11-07,SKU116,463,504
2025-11-07,SKU117,488,517
2025-11-07,SKU118,469,475
2025-11-07,SKU119,678,657
2025-11-07,SKU120,112,112
2025-11-07,SKU121,576,529
2025-11-07,SKU122,258,248
2025-11-07,SKU123,656,602
2025-11-07,SKU124,483,446
2025-11-07,SKU125,513,522
2025-11-07,SKU126,243,259
2025-11-07,SKU127,595,634
2025-11-07,SKU128,240,220
2025-11-07,SKU129,680,641
2025-11-08,SKU100,367,375
2025-11-08,SKU101,250,232
2025-11-08,SKU102,549,606
2025-11-08,SKU103,162,148
2025-11-08,SKU104,395,363
2025-11-08,SKU105,461,446
2025-11-08,SKU106,191,189
2025-11-08,SKU107,503,552
2025-11-08,SKU108,197,191
2025-11-08,SKU109,592,569
2025-11-08,SKU110,589,576
2025-11-08,SKU111,244,260
2025-11-08,SKU112,358,353
2025-11-08,SKU113,637,638
2025-11-08,SKU114,183,201
2025-11-08,SKU115,196,186
2025-11-08,SKU116,514,522
2025-11-08,SKU117,474,456
2025-11-08,SKU118,130,121
2025-11-08,SKU119,502,545
2025-11-08,SKU120,442,486
2025-11-08,SKU121,124,128
2025-11-08,SKU122,215,205
2025-11-08,SKU123,359,399
2025-11-08,SKU124,620,650
2025-11-08,SKU125,628,583
2025-11-08,SKU126,296,283
2025-11-08,SKU127,146,136
2025-11-08,SKU128,598,585
2025-11-08,SKU129,141,133
2025-11-09,SKU100,205,198
2025-11-09,SKU101,335,342
2025-11-09,SKU102,268,259
2025-11-09,SKU103,352,348
2025-11-09,SKU104,265,286
2025-11-09,SKU105,295,318
2025-11-09,SKU106,113,118
2025-11-09,SKU107,550,557
2025-11-09,SKU108,347,325
2025-11-09,SKU109,544,541
2025-11-09,SKU110,613,627
2025-11-09,SKU111,553,522
2025-11-09,SKU112,170,174
2025-11-09,SKU113,203,203
2025-11-09,SKU114,191,193
2025-11-09,SKU115,584,599
2025-11-09,SKU116,551,510
2025-11-09,SKU117,567,581
2025-11-09,SKU118,452,415
2025-11-09,SKU119,617,631
2025-11-09,SKU120,608,604
2025-11-09,SKU121,598,638
2025-11-09,SKU122,186,195
2025-11-09,SKU123,495,486
2025-11-09,SKU124,563,573
2025-11-09,SKU125,188,193
2025-11-09,SKU126,472,450
2025-11-09,SKU127,127,137
2025-11-09,SKU128,490,450
2025-11-09,SKU129,655,603
2025-11-10,SKU100,510,522
2025-11-10,SKU101,213,232
2025-11-10,SKU102,596,641
2025-11-10,SKU103,660,612
2025-11-10,SKU104,584,637
2025-11-10,SKU105,441,463
2025-11-10,SKU106,341,334
2025-11-10,SKU107,316,306
2025-11-10,SKU108,202,194
2025-11-10,SKU109,114,112
2025-11-10,SKU110,483,507
2025-11-10,SKU111,587,622
2025-11-10,SKU112,639,669
2025-11-10,SKU113,602,658
2025-11-10,SKU114,519,479
2025-11-10,SKU115,247,260
2025-11-10,SKU116,542,546
2025-11-10,SKU117,639,634
2025-11-10,SKU118,288,317
2025-11-10,SKU119,183,186
2025-11-10,SKU120,242,264
2025-11-10,SKU121,534,498
2025-11-10,SKU122,163,163
2025-11-10,SKU123,144,136
2025-11-10,SKU124,226,211
2025-11-10,SKU125,379,345
2025-11-10,SKU126,560,533
2025-11-10,SKU127,266,257
2025-11-10,SKU128,429,434
2025-11-10,SKU129,371,346
2025-11-11,SKU100,238,247
2025-11-11,SKU101,469,429
2025-11-11,SKU102,590,630
2025-11-11,SKU103,152,139
2025-11-11,SKU104,340,360
2025-11-11,SKU105,236,236
2025-11-11,SKU106,122,112
2025-11-11,SKU107,428,434
2025-11-11,SKU108,137,137
2025-11-11,SKU109,430,449
2025-11-11,SKU110,448,453
2025-11-11,SKU111,179,197
2025-11-11,SKU112,229,251
2025-11-11,SKU113,380,376
2025-11-11,SKU114,173,178
2025-11-11,SKU115,351,380
2025-11-11,SKU116,129,130
2025-11-11,SKU117,156,164
2025-11-11,SKU118,111,109
2025-11-11,SKU119,649,664
2025-11-11,SKU120,296,305
2025-11-11,SKU121,506,519
2025-11-11,SKU122,591,596
2025-11-11,SKU123,233,248
2025-11-11,SKU124,567,530
2025-11-11,SKU125,198,191
2025-11-11,SKU126,280,264
2025-11-11,SKU127,551,508
2025-11-11,SKU128,433,406
2025-11-11,SKU129,154,171
2025-11-12,SKU100,182,171
2025-11-12,SKU101,351,386
2025-11-12,SKU102,716,666
2025-11-12,SKU103,512,503
2025-11-12,SKU104,267,283
2025-11-12,SKU105,259,259
2025-11-12,SKU106,311,306
2025-11-12,SKU107,237,252
2025-11-12,SKU108,223,236
2025-11-12,SKU109,293,290
2025-11-12,SKU110,303,307
2025-11-12,SKU111,336,322
2025-11-12,SKU112,442,469
2025-11-12,SKU113,410,427
2025-11-12,SKU114,428,450
2025-11-12,SKU115,254,260
2025-11-12,SKU116,615,634
2025-11-12,SKU117,625,572
2025-11-12,SKU118,189,203
2025-11-12,SKU119,197,214
2025-11-12,SKU120,597,581
2025-11-12,SKU121,541,508
2025-11-12,SKU122,446,454
2025-11-12,SKU123,444,440
2025-11-12,SKU124,380,411
2025-11-12,SKU125,615,653
2025-11-12,SKU126,123,114
2025-11-12,SKU127,366,356
2025-11-12,SKU128,229,222
2025-11-12,SKU129,376,384
2025-11-13,SKU100,201,184
2025-11-13,SKU101,649,658
2025-11-13,SKU102,268,287
2025-11-13,SKU103,394,376
2025-11-13,SKU104,531,579
2025-11-13,SKU105,322,319
2025-11-13,SKU106,278,263
2025-11-13,SKU107,433,472
2025-11-13,SKU108,590,610
2025-11-13,SKU109,374,357
2025-11-13,SKU110,562,540
2025-11-13,SKU111,266,286
2025-11-13,SKU112,458,452
2025-11-13,SKU113,168,179
2025-11-13,SKU114,570,583
2025-11-13,SKU115,228,229
2025-11-13,SKU116,466,467
2025-11-13,SKU117,470,499
2025-11-13,SKU118,146,156
2025-11-13,SKU119,420,442
2025-11-13,SKU120,495,511
2025-11-13,SKU121,500,486
2025-11-13,SKU122,429,406
2025-11-13,SKU123,250,245
2025-11-13,SKU124,666,668
2025-11-13,SKU125,385,359
2025-11-13,SKU126,145,159
2025-11-13,SKU127,325,338
2025-11-13,SKU128,282,302
2025-11-13,SKU129,279,280
2025-11-14,SKU100,606,594
2025-11-14,SKU101,593,541
2025-11-14,SKU102,547,502
2025-11-14,SKU103,415,440
2025-11-14,SKU104,122,125
2025-11-14,SKU105,491,503
2025-11-14,SKU106,371,375
2025-11-14,SKU107,560,573
2025-11-14,SKU108,244,232
2025-11-14,SKU109,390,406
2025-11-14,SKU110,142,147
2025-11-14,SKU111,491,498
2025-11-14,SKU112,314,291
2025-11-14,SKU113,184,179
2025-11-14,SKU114,386,357
2025-11-14,SKU115,226,243
2025-11-14,SKU116,103,112
2025-11-14,SKU117,330,319
2025-11-14,SKU118,444,429
2025-11-14,SKU119,622,665
2025-11-14,SKU120,734,672
2025-11-14,SKU121,335,342
2025-11-14,SKU122,512,477
2025-11-14,SKU123,418,398
2025-11-14,SKU124,632,630
2025-11-14,SKU125,408,434
2025-11-14,SKU126,403,368
2025-11-14,SKU127,728,672
2025-11-14,SKU128,275,253
2025-11-14,SKU129,373,391
2025-11-15,SKU100,594,615
2025-11-15,SKU101,605,619
2025-11-15,SKU102,684,673
2025-11-15,SKU103,569,622
2025-11-15,SKU104,574,541
2025-11-15,SKU105,446,413
2025-11-15,SKU106,137,132
2025-11-15,SKU107,130,124
2025-11-15,SKU108,419,449
2025-11-15,SKU109,516,494
2025-11-15,SKU110,626,623
2025-11-15,SKU111,271,264
2025-11-15,SKU112,118,125
2025-11-15,SKU113,525,490
2025-11-15,SKU114,442,440
2025-11-15,SKU115,448,475
2025-11-15,SKU116,394,364
2025-11-15,SKU117,246,236
2025-11-15,SKU118,395,388
2025-11-15,SKU119,426,469
2025-11-15,SKU120,585,646
2025-11-15,SKU121,229,252
2025-11-15,SKU122,315,351
2025-11-15,SKU123,243,229
2025-11-15,SKU124,123,128
2025-11-15,SKU125,662,616
2025-11-15,SKU126,438,464
2025-11-15,SKU127,552,544
2025-11-15,SKU128,335,309
2025-11-15,SKU129,545,554
2025-11-16,SKU100,344,338
2025-11-16,SKU101,640,631
2025-11-16,SKU102,151,168
2025-11-16,SKU103,371,409
2025-11-16,SKU104,622,579
2025-11-16,SKU105,362,378
2025-11-16,SKU106,556,517
2025-11-16,SKU107,541,545
2025-11-16,SKU108,289,270
2025-11-16,SKU109,159,167
2025-11-16,SKU110,325,329
2025-11-16,SKU111,306,294
2025-11-16,SKU112,485,515
2025-11-16,SKU113,719,665
2025-11-16,SKU114,656,638
2025-11-16,SKU115,120,129
2025-11-16,SKU116,596,608
2025-11-16,SKU117,333,338
2025-11-16,SKU118,403,440
2025-11-16,SKU119,628,577
2025-11-16,SKU120,220,233
2025-11-16,SKU121,184,172
2025-11-16,SKU122,182,195
2025-11-16,SKU123,366,359
2025-11-16,SKU124,341,313
2025-11-16,SKU125,673,616
2025-11-16,SKU126,425,391
2025-11-16,SKU127,366,338
2025-11-16,SKU128,113,114
2025-11-16,SKU129,140,137
2025-11-17,SKU100,583,612
2025-11-17,SKU101,107,114
2025-11-17,SKU102,619,638
2025-11-17,SKU103,344,334
2025-11-17,SKU104,120,112
2025-11-17,SKU105,196,197
2025-11-17,SKU106,478,531
2025-11-17,SKU107,423,419
2025-11-17,SKU108,675,654
2025-11-17,SKU109,269,284
2025-11-17,SKU110,469,448
2025-11-17,SKU111,538,538
2025-11-17,SKU112,315,287
2025-11-17,SKU113,510,495
2025-11-17,SKU114,483,513
2025-11-17,SKU115,489,540
2025-11-17,SKU116,359,364
2025-11-17,SKU117,320,344
2025-11-17,SKU118,588,646
2025-11-17,SKU119,204,217
2025-11-17,SKU120,201,197
2025-11-17,SKU121,526,537
2025-11-17,SKU122,132,121
2025-11-17,SKU123,268,276
2025-11-17,SKU124,317,290
2025-11-17,SKU125,418,411
2025-11-17,SKU126,642,662
2025-11-17,SKU127,240,232
2025-11-17,SKU128,199,220
2025-11-17,SKU129,552,541
2025-11-18,SKU100,205,194
2025-11-18,SKU101,507,472
2025-11-18,SKU102,472,499
2025-11-18,SKU103,331,346
2025-11-18,SKU104,393,417
2025-11-18,SKU105,435,414
2025-11-18,SKU106,446,415
2025-11-18,SKU107,512,471
2025-11-18,SKU108,581,602
2025-11-18,SKU109,272,271
2025-11-18,SKU110,167,166
2025-11-18,SKU111,540,576
2025-11-18,SKU112,199,202
2025-11-18,SKU113,201,198
2025-11-18,SKU114,322,344
2025-11-18,SKU115,550,554
2025-11-18,SKU116,498,472
2025-11-18,SKU117,156,162
2025-11-18,SKU118,129,136
2025-11-18,SKU119,496,504
2025-11-18,SKU120,516,535
2025-11-18,SKU121,619,619
2025-11-18,SKU122,607,573
2025-11-18,SKU123,627,596
2025-11-18,SKU124,307,302
2025-11-18,SKU125,641,600
2025-11-18,SKU126,466,460
2025-11-18,SKU127,300,306
2025-11-18,SKU128,293,271
2025-11-18,SKU129,399,392
2025-11-19,SKU100,621,643
2025-11-19,SKU101,429,419
2025-11-19,SKU102,369,364
2025-11-19,SKU103,325,303
2025-11-19,SKU104,257,257
2025-11-19,SKU105,320,306
2025-11-19,SKU106,515,519
2025-11-19,SKU107,408,448
2025-11-19,SKU108,362,336
2025-11-19,SKU109,518,486
2025-11-19,SKU110,605,616
2025-11-19,SKU111,645,604
2025-11-19,SKU112,372,402
2025-11-19,SKU113,361,342
2025-11-19,SKU114,410,445
2025-11-19,SKU115,484,513
2025-11-19,SKU116,236,224
2025-11-19,SKU117,295,288
2025-11-19,SKU118,291,315
2025-11-19,SKU119,705,643
2025-11-19,SKU120,574,576
2025-11-19,SKU121,605,664
2025-11-19,SKU122,393,361
2025-11-19,SKU123,235,247
2025-11-19,SKU124,582,548
2025-11-19,SKU125,329,302
2025-11-19,SKU126,289,274
2025-11-19,SKU127,586,537
2025-11-19,SKU128,431,407
2025-11-19,SKU129,536,492
2025-11-20,SKU100,415,395
2025-11-20,SKU101,224,245
2025-11-20,SKU102,346,334
2025-11-20,SKU103,593,637
2025-11-20,SKU104,502,507
2025-11-20,SKU105,382,378
2025-11-20,SKU106,552,533
2025-11-20,SKU107,160,155
2025-11-20,SKU108,476,469
2025-11-20,SKU109,469,484
2025-11-20,SKU110,152,168
2025-11-20,SKU111,640,634
2025-11-20,SKU112,157,171
2025-11-20,SKU113,127,137
2025-11-20,SKU114,131,129
2025-11-20,SKU115,602,576
2025-11-20,SKU116,495,502
2025-11-20,SKU117,127,136
2025-11-20,SKU118,613,569
2025-11-20,SKU119,540,546
2025-11-20,SKU120,615,560
2025-11-20,SKU121,485,475
2025-11-20,SKU122,330,303
2025-11-20,SKU123,183,175
2025-11-20,SKU124,413,419
2025-11-20,SKU125,317,295
2025-11-20,SKU126,113,113
2025-11-20,SKU127,542,591
2025-11-20,SKU128,654,621
2025-11-20,SKU129,420,440
2025-11-21,SKU100,420,413
2025-11-21,SKU101,427,465
2025-11-21,SKU102,429,434
2025-11-21,SKU103,536,529
2025-11-21,SKU104,465,471
2025-11-21,SKU105,277,284
2025-11-21,SKU106,665,656
2025-11-21,SKU107,256,279
2025-11-21,SKU108,656,665
2025-11-21,SKU109,193,206
2025-11-21,SKU110,218,213
2025-11-21,SKU111,121,114
2025-11-21,SKU112,349,367
2025-11-21,SKU113,369,376
2025-11-21,SKU114,197,191
2025-11-21,SKU115,206,203
2025-11-21,SKU116,597,567
2025-11-21,SKU117,512,553
2025-11-21,SKU118,413,446
2025-11-21,SKU119,404,430
2025-11-21,SKU120,518,492
2025-11-21,SKU121,597,573
2025-11-21,SKU122,391,392
2025-11-21,SKU123,510,467
2025-11-21,SKU124,251,276
2025-11-21,SKU125,322,334
2025-11-21,SKU126,714,660
2025-11-21,SKU127,636,643
2025-11-21,SKU128,695,673
2025-11-21,SKU129,655,661
2025-11-22,SKU100,498,523
2025-11-22,SKU101,243,261
2025-11-22,SKU102,360,391
2025-11-22,SKU103,258,240
2025-11-22,SKU104,124,136
2025-11-22,SKU105,581,580
2025-11-22,SKU106,440,422
2025-11-22,SKU107,133,141
2025-11-22,SKU108,462,504
2025-11-22,SKU109,621,571
2025-11-22,SKU110,335,342
2025-11-22,SKU111,255,270
2025-11-22,SKU112,142,141
2025-11-22,SKU113,256,237
2025-11-22,SKU114,496,496
2025-11-22,SKU115,391,399
2025-11-22,SKU116,460,445
2025-11-22,SKU117,147,140
2025-11-22,SKU118,250,248
2025-11-22,SKU119,146,135
2025-11-22,SKU120,466,456
2025-11-22,SKU121,405,446
2025-11-22,SKU122,198,194
2025-11-22,SKU123,345,348
2025-11-22,SKU124,315,311
2025-11-22,SKU125,544,534
2025-11-22,SKU126,196,198
2025-11-22,SKU127,357,349
2025-11-22,SKU128,195,184
2025-11-22,SKU129,483,454
2025-11-23,SKU100,178,182
2025-11-23,SKU101,296,306
2025-11-23,SKU102,391,425
2025-11-23,SKU103,194,214
2025-11-23,SKU104,489,529
2025-11-23,SKU105,605,660
2025-11-23,SKU106,379,391
2025-11-23,SKU107,244,260
2025-11-23,SKU108,428,392
2025-11-23,SKU109,120,122
2025-11-23,SKU110,406,421
2025-11-23,SKU111,394,398
2025-11-23,SKU112,149,144
2025-11-23,SKU113,455,434
2025-11-23,SKU114,584,607
2025-11-23,SKU115,381,353
2025-11-23,SKU116,413,409
2025-11-23,SKU117,456,507
2025-11-23,SKU118,586,641
2025-11-23,SKU119,591,589
2025-11-23,SKU120,594,583
2025-11-23,SKU121,380,359
2025-11-23,SKU122,626,662
2025-11-23,SKU123,241,267
2025-11-23,SKU124,452,473
2025-11-23,SKU125,358,328
2025-11-23,SKU126,461,434
2025-11-23,SKU127,291,311
2025-11-23,SKU128,446,472
2025-11-23,SKU129,224,229
2025-11-24,SKU100,343,330
2025-11-24,SKU101,136,129
2025-11-24,SKU102,496,526
2025-11-24,SKU103,624,642
2025-11-24,SKU104,371,395
2025-11-24,SKU105,323,325
2025-11-24,SKU106,295,315
2025-11-24,SKU107,129,144
2025-11-24,SKU108,279,302
2025-11-24,SKU109,453,418
2025-11-24,SKU110,514,554
2025-11-24,SKU111,594,623
2025-11-24,SKU112,630,673
2025-11-24,SKU113,501,537
2025-11-24,SKU114,627,664
2025-11-24,SKU115,575,541
2025-11-24,SKU116,169,171
2025-11-24,SKU117,371,369
2025-11-24,SKU118,519,525
2025-11-24,SKU119,482,525
2025-11-24,SKU120,614,583
2025-11-24,SKU121,659,634
2025-11-24,SKU122,361,346
2025-11-24,SKU123,626,642
2025-11-24,SKU124,290,278
2025-11-24,SKU125,484,514
2025-11-24,SKU126,551,552
2025-11-24,SKU127,637,600
2025-11-24,SKU128,133,137
2025-11-24,SKU129,678,661
2025-11-25,SKU100,353,378
2025-11-25,SKU101,515,479
2025-11-25,SKU102,215,209
2025-11-25,SKU103,385,418
2025-11-25,SKU104,213,217
2025-11-25,SKU105,561,544
2025-11-25,SKU106,140,152
2025-11-25,SKU107,126,121
2025-11-25,SKU108,615,652
2025-11-25,SKU109,507,556
2025-11-25,SKU110,452,502
2025-11-25,SKU111,554,558
2025-11-25,SKU112,267,243
2025-11-25,SKU113,399,387
2025-11-25,SKU114,374,345
2025-11-25,SKU115,586,584
2025-11-25,SKU116,477,446
2025-11-25,SKU117,309,299
2025-11-25,SKU118,575,589
2025-11-25,SKU119,162,176
2025-11-25,SKU120,571,554
2025-11-25,SKU121,369,384
2025-11-25,SKU122,393,418
2025-11-25,SKU123,349,357
2025-11-25,SKU124,202,184
2025-11-25,SKU125,128,132
2025-11-25,SKU126,353,361
2025-11-25,SKU127,543,500
2025-11-25,SKU128,629,658
2025-11-25,SKU129,583,571
2025-11-26,SKU100,451,488
2025-11-26,SKU101,609,610
2025-11-26,SKU102,301,302
2025-11-26,SKU103,391,365
2025-11-26,SKU104,554,537
2025-11-26,SKU105,468,487
2025-11-26,SKU106,355,364
2025-11-26,SKU107,453,432
2025-11-26,SKU108,218,207
2025-11-26,SKU109,223,245
2025-11-26,SKU110,278,283
2025-11-26,SKU111,205,210
2025-11-26,SKU112,464,506
2025-11-26,SKU113,472,504
2025-11-26,SKU114,522,576
2025-11-26,SKU115,290,276
2025-11-26,SKU116,232,256
2025-11-26,SKU117,438,473
2025-11-26,SKU118,645,648
2025-11-26,SKU119,356,334
2025-11-26,SKU120,545,584
2025-11-26,SKU121,547,573
2025-11-26,SKU122,280,282
2025-11-26,SKU123,238,236
2025-11-26,SKU124,577,567
2025-11-26,SKU125,333,361
2025-11-26,SKU126,234,221
2025-11-26,SKU127,238,260
2025-11-26,SKU128,453,460
2025-11-26,SKU129,279,276
2025-11-27,SKU100,200,194
2025-11-27,SKU101,530,550
2025-11-27,SKU102,492,454
2025-11-27,SKU103,564,584
2025-11-27,SKU104,476,513
2025-11-27,SKU105,144,141
2025-11-27,SKU106,649,614
2025-11-27,SKU107,633,592
2025-11-27,SKU108,385,351
2025-11-27,SKU109,504,530
2025-11-27,SKU110,172,176
2025-11-27,SKU111,647,653
2025-11-27,SKU112,470,467
2025-11-27,SKU113,388,383
2025-11-27,SKU114,696,642
2025-11-27,SKU115,281,295
2025-11-27,SKU116,678,650
2025-11-27,SKU117,221,207
2025-11-27,SKU118,413,434
2025-11-27,SKU119,319,299
2025-11-27,SKU120,99,108
2025-11-27,SKU121,156,156
2025-11-27,SKU122,402,394
2025-11-27,SKU123,175,186
2025-11-27,SKU124,550,541
2025-11-27,SKU125,309,329
2025-11-27,SKU126,489,454
2025-11-27,SKU127,162,168
2025-11-27,SKU128,227,237
2025-11-27,SKU129,148,144
2025-11-28,SKU100,356,342
2025-11-28,SKU101,621,598
2025-11-28,SKU102,282,279
2025-11-28,SKU103,172,164
2025-11-28,SKU104,294,311
2025-11-28,SKU105,161,149
2025-11-28,SKU106,364,342
2025-11-28,SKU107,527,580
2025-11-28,SKU108,359,395
2025-11-28,SKU109,504,502
2025-11-28,SKU110,419,413
2025-11-28,SKU111,354,378
2025-11-28,SKU112,293,286
2025-11-28,SKU113,578,618
2025-11-28,SKU114,317,309
2025-11-28,SKU115,349,383
2025-11-28,SKU116,508,526
2025-11-28,SKU117,166,166
2025-11-28,SKU118,179,191
2025-11-28,SKU119,398,407
2025-11-28,SKU120,107,116
2025-11-28,SKU121,550,519
2025-11-28,SKU122,420,405
2025-11-28,SKU123,184,187
2025-11-28,SKU124,553,568
2025-11-28,SKU125,227,225
2025-11-28,SKU126,239,229
2025-11-28,SKU127,214,230
2025-11-28,SKU128,192,187
2025-11-28,SKU129,281,302
2025-11-29,SKU100,469,508
2025-11-29,SKU101,306,329
2025-11-29,SKU102,234,220
2025-11-29,SKU103,401,418
2025-11-29,SKU104,146,143
2025-11-29,SKU105,327,315
2025-11-29,SKU106,455,454
2025-11-29,SKU107,375,386
2025-11-29,SKU108,162,157
2025-11-29,SKU109,256,236
2025-11-29,SKU110,287,278
2025-11-29,SKU111,549,569
2025-11-29,SKU112,192,178
2025-11-29,SKU113,603,587
2025-11-29,SKU114,304,324
2025-11-29,SKU115,188,186
2025-11-29,SKU116,158,172
2025-11-29,SKU117,349,325
2025-11-29,SKU118,348,355
2025-11-29,SKU119,242,225
2025-11-29,SKU120,235,233
2025-11-29,SKU121,564,610
2025-11-29,SKU122,666,615
2025-11-29,SKU123,377,379
2025-11-29,SKU124,302,275
2025-11-29,SKU125,195,203
2025-11-29,SKU126,276,274
2025-11-29,SKU127,143,135
2025-11-29,SKU128,123,128
2025-11-29,SKU129,575,612
2025-11-30,SKU100,429,417
2025-11-30,SKU101,330,309
2025-11-30,SKU102,292,274
2025-11-30,SKU103,637,654
2025-11-30,SKU104,603,583
2025-11-30,SKU105,489,448
2025-11-30,SKU106,652,658
2025-11-30,SKU107,279,298
2025-11-30,SKU108,150,152
2025-11-30,SKU109,534,517
2025-11-30,SKU110,486,442
2025-11-30,SKU111,662,607
2025-11-30,SKU112,272,268
2025-11-30,SKU113,220,234
2025-11-30,SKU114,670,664
2025-11-30,SKU115,257,238
2025-11-30,SKU116,585,571
2025-11-30,SKU117,548,557
2025-11-30,SKU118,667,616
2025-11-30,SKU119,598,557
2025-11-30,SKU120,445,422
2025-11-30,SKU121,477,467
2025-11-30,SKU122,246,270
2025-11-30,SKU123,416,402
2025-11-30,SKU124,524,573
2025-11-30,SKU125,268,279
2025-11-30,SKU126,142,147
2025-11-30,SKU127,504,560
2025-11-30,SKU128,116,112
2025-11-30,SKU129,693,642
2025-12-01,SKU100,492,507
2025-12-01,SKU101,286,284
2025-12-01,SKU102,313,299
2025-12-01,SKU103,369,363
2025-12-01,SKU104,258,243
2025-12-01,SKU105,136,130
2025-12-01,SKU106,334,349
2025-12-01,SKU107,259,251
2025-12-01,SKU108,648,623
2025-12-01,SKU109,509,519
2025-12-01,SKU110,186,180
2025-12-01,SKU111,403,384
2025-12-01,SKU112,124,114
2025-12-01,SKU113,121,128
2025-12-01,SKU114,484,450
2025-12-01,SKU115,258,271
2025-12-01,SKU116,590,592
2025-12-01,SKU117,661,666
2025-12-01,SKU118,262,244
2025-12-01,SKU119,262,256
2025-12-01,SKU120,203,203
2025-12-01,SKU121,702,654
2025-12-01,SKU122,616,608
2025-12-01,SKU123,330,319
2025-12-01,SKU124,602,625
2025-12-01,SKU125,173,190
2025-12-01,SKU126,602,625
2025-12-01,SKU127,290,276
2025-12-01,SKU128,634,672
2025-12-01,SKU129,561,526
2025-12-02,SKU100,118,125
2025-12-02,SKU101,486,459
2025-12-02,SKU102,379,395
2025-12-02,SKU103,177,171
2025-12-02,SKU104,153,153
2025-12-02,SKU105,565,595
2025-12-02,SKU106,379,417
2025-12-02,SKU107,364,399
2025-12-02,SKU108,434,432
2025-12-02,SKU109,510,544
2025-12-02,SKU110,509,499
2025-12-02,SKU111,107,114
2025-12-02,SKU112,282,301
2025-12-02,SKU113,427,449
2025-12-02,SKU114,306,319
2025-12-02,SKU115,380,391
2025-12-02,SKU116,116,121
2025-12-02,SKU117,137,152
2025-12-02,SKU118,226,245
2025-12-02,SKU119,368,337
2025-12-02,SKU120,293,317
2025-12-02,SKU121,693,633
2025-12-02,SKU122,534,577
2025-12-02,SKU123,347,353
2025-12-02,SKU124,203,197
2025-12-02,SKU125,692,656
2025-12-02,SKU126,694,660
2025-12-02,SKU127,515,510
2025-12-02,SKU128,420,421
2025-12-02,SKU129,444,410
2025-12-03,SKU100,454,457
2025-12-03,SKU101,328,356
2025-12-03,SKU102,358,342
2025-12-03,SKU103,488,460
2025-12-03,SKU104,651,616
2025-12-03,SKU105,277,301
2025-12-03,SKU106,526,581
2025-12-03,SKU107,407,386
2025-12-03,SKU108,128,135
2025-12-03,SKU109,174,180
2025-12-03,SKU110,328,328
2025-12-03,SKU111,460,500
2025-12-03,SKU112,314,332
2025-12-03,SKU113,184,203
2025-12-03,SKU114,324,318
2025-12-03,SKU115,230,233
2025-12-03,SKU116,308,325
2025-12-03,SKU117,446,464
2025-12-03,SKU118,380,422
2025-12-03,SKU119,469,430
2025-12-03,SKU120,330,352
2025-12-03,SKU121,280,299
2025-12-03,SKU122,336,346
2025-12-03,SKU123,584,604
2025-12-03,SKU124,312,328
2025-12-03,SKU125,686,631
2025-12-03,SKU126,535,517
2025-12-03,SKU127,644,589
2025-12-03,SKU128,672,661
2025-12-03,SKU129,649,602
2025-12-04,SKU100,304,311
2025-12-04,SKU101,372,360
2025-12-04,SKU102,126,117
2025-12-04,SKU103,133,122
2025-12-04,SKU104,394,402
2025-12-04,SKU105,376,396
2025-12-04,SKU106,375,406
2025-12-04,SKU107,410,450
2025-12-04,SKU108,477,486
2025-12-04,SKU109,599,664
2025-12-04,SKU110,424,427
2025-12-04,SKU111,256,275
2025-12-04,SKU112,145,140
2025-12-04,SKU113,275,261
2025-12-04,SKU114,255,276
2025-12-04,SKU115,420,399
2025-12-04,SKU116,454,441
2025-12-04,SKU117,709,668
2025-12-04,SKU118,262,255
2025-12-04,SKU119,718,658
2025-12-04,SKU120,657,662
2025-12-04,SKU121,619,619
2025-12-04,SKU122,196,206
2025-12-04,SKU123,301,303
2025-12-04,SKU124,436,472
2025-12-04,SKU125,135,148
2025-12-04,SKU126,290,306
2025-12-04,SKU127,637,669
2025-12-04,SKU128,392,369
2025-12-04,SKU129,603,652
2025-12-05,SKU100,688,664
2025-12-05,SKU101,708,669
2025-12-05,SKU102,245,252
2025-12-05,SKU103,575,556
2025-12-05,SKU104,167,157
2025-12-05,SKU105,500,548
2025-12-05,SKU106,128,125
2025-12-05,SKU107,113,114
2025-12-05,SKU108,395,384
2025-12-05,SKU109,588,649
2025-12-05,SKU110,174,159
2025-12-05,SKU111,226,220
2025-12-05,SKU112,422,410
2025-12-05,SKU113,612,629
2025-12-05,SKU114,299,290
2025-12-05,SKU115,369,400
2025-12-05,SKU116,558,580
2025-12-05,SKU117,615,602
2025-12-05,SKU118,201,205
2025-12-05,SKU119,454,476
2025-12-05,SKU120,248,252
2025-12-05,SKU121,208,213
2025-12-05,SKU122,563,550
2025-12-05,SKU123,171,180
2025-12-05,SKU124,719,672
2025-12-05,SKU125,246,233
2025-12-05,SKU126,349,346
2025-12-05,SKU127,348,348
2025-12-05,SKU128,595,569
2025-12-05,SKU129,516,553
2025-12-06,SKU100,689,652
2025-12-06,SKU101,192,198
2025-12-06,SKU102,588,592
2025-12-06,SKU103,269,282
2025-12-06,SKU104,358,376
2025-12-06,SKU105,124,130
2025-12-06,SKU106,131,144
2025-12-06,SKU107,502,499
2025-12-06,SKU108,196,201
2025-12-06,SKU109,211,194
2025-12-06,SKU110,380,359
2025-12-06,SKU111,433,426
2025-12-06,SKU112,597,557
2025-12-06,SKU113,333,369
2025-12-06,SKU114,172,191
2025-12-06,SKU115,400,430
2025-12-06,SKU116,729,666
2025-12-06,SKU117,516,523
2025-12-06,SKU118,371,407
2025-12-06,SKU119,631,669
2025-12-06,SKU120,280,282
2025-12-06,SKU121,201,206
2025-12-06,SKU122,618,569
2025-12-06,SKU123,419,437
2025-12-06,SKU124,399,379
2025-12-06,SKU125,331,364
2025-12-06,SKU126,632,577
2025-12-06,SKU127,287,278
2025-12-06,SKU128,450,473
2025-12-06,SKU129,212,214
2025-12-07,SKU100,613,599
2025-12-07,SKU101,491,457
2025-12-07,SKU102,570,608
2025-12-07,SKU103,642,598
2025-12-07,SKU104,595,562
2025-12-07,SKU105,181,180
2025-12-07,SKU106,224,207
2025-12-07,SKU107,115,124
2025-12-07,SKU108,406,379
2025-12-07,SKU109,345,375
2025-12-07,SKU110,639,670
2025-12-07,SKU111,542,568
2025-12-07,SKU112,661,610
2025-12-07,SKU113,331,360
2025-12-07,SKU114,348,368
2025-12-07,SKU115,114,118
2025-12-07,SKU116,613,662
2025-12-07,SKU117,197,218
2025-12-07,SKU118,591,576
2025-12-07,SKU119,237,224
2025-12-07,SKU120,198,201
2025-12-07,SKU121,465,440
2025-12-07,SKU122,506,538
2025-12-07,SKU123,278,257
2025-12-07,SKU124,603,549
2025-12-07,SKU125,647,612
2025-12-07,SKU126,510,467
2025-12-07,SKU127,670,639
2025-12-07,SKU128,318,345
2025-12-07,SKU129,332,369
2025-12-08,SKU100,351,353
2025-12-08,SKU101,330,353
2025-12-08,SKU102,463,494
2025-12-08,SKU103,235,260
2025-12-08,SKU104,142,143
2025-12-08,SKU105,266,268
2025-12-08,SKU106,201,197
2025-12-08,SKU107,323,297
2025-12-08,SKU108,449,464
2025-12-08,SKU109,578,584
2025-12-08,SKU110,585,549
2025-12-08,SKU111,437,471
2025-12-08,SKU112,108,120
2025-12-08,SKU113,197,211
2025-12-08,SKU114,538,541
2025-12-08,SKU115,579,627
2025-12-08,SKU116,686,627
2025-12-08,SKU117,281,276
2025-12-08,SKU118,334,330
2025-12-08,SKU119,254,270
2025-12-08,SKU120,578,535
2025-12-08,SKU121,601,606
2025-12-08,SKU122,413,425
2025-12-08,SKU123,227,244
2025-12-08,SKU124,490,488
2025-12-08,SKU125,436,407
2025-12-08,SKU126,151,153
2025-12-08,SKU127,687,657
2025-12-08,SKU128,282,260
2025-12-08,SKU129,472,461
2025-12-09,SKU100,569,534
2025-12-09,SKU101,272,279
2025-12-09,SKU102,562,575
2025-12-09,SKU103,446,453
2025-12-09,SKU104,519,480
2025-12-09,SKU105,541,584
2025-12-09,SKU106,270,263
2025-12-09,SKU107,545,565
2025-12-09,SKU108,554,583
2025-12-09,SKU109,179,180
2025-12-09,SKU110,530,565
2025-12-09,SKU111,264,247
2025-12-09,SKU112,422,400
2025-12-09,SKU113,364,368
2025-12-09,SKU114,529,491
2025-12-09,SKU115,577,587
2025-12-09,SKU116,634,588
2025-12-09,SKU117,321,325
2025-12-09,SKU118,574,626
2025-12-09,SKU119,726,668
2025-12-09,SKU120,231,211
2025-12-09,SKU121,170,170
2025-12-09,SKU122,566,558
2025-12-09,SKU123,307,326
2025-12-09,SKU124,171,157
2025-12-09,SKU125,272,253
2025-12-09,SKU126,590,619
2025-12-09,SKU127,521,519
2025-12-09,SKU128,313,286
2025-12-09,SKU129,111,117
2025-12-10,SKU100,573,630
2025-12-10,SKU101,566,608
2025-12-10,SKU102,642,643
2025-12-10,SKU103,405,376
2025-12-10,SKU104,229,214
2025-12-10,SKU105,515,488
2025-12-10,SKU106,490,457
2025-12-10,SKU107,473,513
2025-12-10,SKU108,571,595
2025-12-10,SKU109,366,375
2025-12-10,SKU110,507,480
2025-12-10,SKU111,365,337
2025-12-10,SKU112,399,388
2025-12-10,SKU113,225,249
2025-12-10,SKU114,730,675
2025-12-10,SKU115,537,548
2025-12-10,SKU116,197,194
2025-12-10,SKU117,665,612
2025-12-10,SKU118,587,576
2025-12-10,SKU119,640,604
2025-12-10,SKU120,479,452
2025-12-10,SKU121,123,124
2025-12-10,SKU122,316,299
2025-12-10,SKU123,375,414
2025-12-10,SKU124,312,299
2025-12-10,SKU125,562,564
2025-12-10,SKU126,284,303
2025-12-10,SKU127,169,164
2025-12-10,SKU128,351,371
2025-12-10,SKU129,383,409
2025-12-11,SKU100,191,191
2025-12-11,SKU101,501,480
2025-12-11,SKU102,277,297
2025-12-11,SKU103,274,268
2025-12-11,SKU104,636,608
2025-12-11,SKU105,403,432
2025-12-11,SKU106,296,286
2025-12-11,SKU107,508,545
2025-12-11,SKU108,262,259
2025-12-11,SKU109,664,661
2025-12-11,SKU110,328,324
2025-12-11,SKU111,442,426
2025-12-11,SKU112,208,202
2025-12-11,SKU113,575,603
2025-12-11,SKU114,626,646
2025-12-11,SKU115,654,657
2025-12-11,SKU116,541,568
2025-12-11,SKU117,439,427
2025-12-11,SKU118,107,112
2025-12-11,SKU119,548,514
2025-12-11,SKU120,171,175
2025-12-11,SKU121,358,363
2025-12-11,SKU122,691,650
2025-12-11,SKU123,656,670
2025-12-11,SKU124,453,434
2025-12-11,SKU125,278,280
2025-12-11,SKU126,480,495
2025-12-11,SKU127,598,571
2025-12-11,SKU128,510,550
2025-12-11,SKU129,359,334
2025-12-12,SKU100,191,205
2025-12-12,SKU101,604,581
2025-12-12,SKU102,132,135
2025-12-12,SKU103,551,518
2025-12-12,SKU104,545,576
2025-12-12,SKU105,673,649
2025-12-12,SKU106,391,369
2025-12-12,SKU107,422,394
2025-12-12,SKU108,463,511
2025-12-12,SKU109,158,167
2025-12-12,SKU110,169,168
2025-12-12,SKU111,728,675
2025-12-12,SKU112,130,121
2025-12-12,SKU113,195,184
2025-12-12,SKU114,514,569
2025-12-12,SKU115,455,453
2025-12-12,SKU116,435,452
2025-12-12,SKU117,298,307
2025-12-12,SKU118,173,179
2025-12-12,SKU119,399,391
2025-12-12,SKU120,438,421
2025-12-12,SKU121,298,326
2025-12-12,SKU122,454,484
2025-12-12,SKU123,649,599
2025-12-12,SKU124,323,334
2025-12-12,SKU125,526,534
2025-12-12,SKU126,263,248
2025-12-12,SKU127,673,664
2025-12-12,SKU128,626,622
2025-12-12,SKU129,151,153
2025-12-13,SKU100,502,523
2025-12-13,SKU101,647,594
2025-12-13,SKU102,401,379
2025-12-13,SKU103,456,477
2025-12-13,SKU104,381,357
2025-12-13,SKU105,396,423
2025-12-13,SKU106,651,610
2025-12-13,SKU107,719,669
2025-12-13,SKU108,718,672
2025-12-13,SKU109,575,631
2025-12-13,SKU110,633,604
2025-12-13,SKU111,105,113
2025-12-13,SKU112,199,217
2025-12-13,SKU113,689,643
2025-12-13,SKU114,161,159
2025-12-13,SKU115,367,351
2025-12-13,SKU116,338,318
2025-12-13,SKU117,409,395
2025-12-13,SKU118,168,172
2025-12-13,SKU119,263,257
2025-12-13,SKU120,277,253
2025-12-13,SKU121,435,468
2025-12-13,SKU122,193,198
2025-12-13,SKU123,576,572
2025-12-13,SKU124,245,270
2025-12-13,SKU125,352,324
2025-12-13,SKU126,502,471
2025-12-13,SKU127,320,297
2025-12-13,SKU128,303,302
2025-12-13,SKU129,314,346
2025-12-14,SKU100,151,167
2025-12-14,SKU101,428,430
2025-12-14,SKU102,215,228
2025-12-14,SKU103,553,584
2025-12-14,SKU104,442,445
2025-12-14,SKU105,439,445
2025-12-14,SKU106,402,411
2025-12-14,SKU107,402,414
2025-12-14,SKU108,316,329
2025-12-14,SKU109,467,430
2025-12-14,SKU110,368,376
2025-12-14,SKU111,549,579
2025-12-14,SKU112,650,641
2025-12-14,SKU113,272,291
2025-12-14,SKU114,221,203
2025-12-14,SKU115,505,550
2025-12-14,SKU116,267,260
2025-12-14,SKU117,380,409
2025-12-14,SKU118,623,619
2025-12-14,SKU119,336,336
2025-12-14,SKU120,412,415
2025-12-14,SKU121,455,498
2025-12-14,SKU122,563,525
2025-12-14,SKU123,190,184
2025-12-14,SKU124,400,413
2025-12-14,SKU125,621,588
2025-12-14,SKU126,615,568
2025-12-14,SKU127,212,232
2025-12-14,SKU128,433,398
2025-12-14,SKU129,138,130
2025-12-15,SKU100,291,307
2025-12-15,SKU101,653,645
2025-12-15,SKU102,162,171
2025-12-15,SKU103,693,633
2025-12-15,SKU104,495,544
2025-12-15,SKU105,239,221
2025-12-15,SKU106,603,603
2025-12-15,SKU107,426,426
2025-12-15,SKU108,450,415
2025-12-15,SKU109,405,440
2025-12-15,SKU110,240,257
2025-12-15,SKU111,121,135
2025-12-15,SKU112,152,148
2025-12-15,SKU113,196,203
2025-12-15,SKU114,411,400
2025-12-15,SKU115,446,415
2025-12-15,SKU116,366,363
2025-12-15,SKU117,223,221
2025-12-15,SKU118,505,558
2025-12-15,SKU119,651,662
2025-12-15,SKU120,243,234
2025-12-15,SKU121,588,556
2025-12-15,SKU122,451,472
2025-12-15,SKU123,326,311
2025-12-15,SKU124,311,337
2025-12-15,SKU125,238,248
2025-12-15,SKU126,450,463
2025-12-15,SKU127,442,452
2025-12-15,SKU128,369,355
2025-12-15,SKU129,497,507
2025-12-16,SKU100,151,168
2025-12-16,SKU101,188,195
2025-12-16,SKU102,330,341
2025-12-16,SKU103,385,361
2025-12-16,SKU104,509,550
2025-12-16,SKU105,356,392
2025-12-16,SKU106,223,206
2025-12-16,SKU107,137,147
2025-12-16,SKU108,443,484
2025-12-16,SKU109,234,230
2025-12-16,SKU110,120,118
2025-12-16,SKU111,576,548
2025-12-16,SKU112,535,571
2025-12-16,SKU113,540,526
2025-12-16,SKU114,660,602
2025-12-16,SKU115,322,318
2025-12-16,SKU116,259,287
2025-12-16,SKU117,571,553
2025-12-16,SKU118,476,523
2025-12-16,SKU119,520,479
2025-12-16,SKU120,325,310
2025-12-16,SKU121,595,581
2025-12-16,SKU122,410,410
2025-12-16,SKU123,377,383
2025-12-16,SKU124,506,527
2025-12-16,SKU125,439,405
2025-12-16,SKU126,511,498
2025-12-16,SKU127,390,390
2025-12-16,SKU128,381,353
2025-12-16,SKU129,322,333
2025-12-17,SKU100,421,444
2025-12-17,SKU101,425,392
2025-12-17,SKU102,558,599
2025-12-17,SKU103,552,579
2025-12-17,SKU104,668,646
2025-12-17,SKU105,520,548
2025-12-17,SKU106,351,382
2025-12-17,SKU107,319,313
2025-12-17,SKU108,168,167
2025-12-17,SKU109,451,461
2025-12-17,SKU110,475,487
2025-12-17,SKU111,485,467
2025-12-17,SKU112,582,533
2025-12-17,SKU113,566,525
2025-12-17,SKU114,126,120
2025-12-17,SKU115,691,657
2025-12-17,SKU116,521,537
2025-12-17,SKU117,559,537
2025-12-17,SKU118,157,167
2025-12-17,SKU119,149,140
2025-12-17,SKU120,606,588
2025-12-17,SKU121,280,278
2025-12-17,SKU122,531,507
2025-12-17,SKU123,404,398
2025-12-17,SKU124,707,653
2025-12-17,SKU125,572,523
2025-12-17,SKU126,534,529
2025-12-17,SKU127,665,643
2025-12-17,SKU128,597,660
2025-12-17,SKU129,174,174
2025-12-18,SKU100,526,576
2025-12-18,SKU101,458,490
2025-12-18,SKU102,130,139
2025-12-18,SKU103,561,518
2025-12-18,SKU104,138,130
2025-12-18,SKU105,355,348
2025-12-18,SKU106,595,565
2025-12-18,SKU107,321,328
2025-12-18,SKU108,526,583
2025-12-18,SKU109,537,584
2025-12-18,SKU110,657,626
2025-12-18,SKU111,367,344
2025-12-18,SKU112,588,630
2025-12-18,SKU113,322,321
2025-12-18,SKU114,696,649
2025-12-18,SKU115,394,364
2025-12-18,SKU116,603,604
2025-12-18,SKU117,172,187
2025-12-18,SKU118,624,602
2025-12-18,SKU119,198,199
2025-12-18,SKU120,137,129
2025-12-18,SKU121,509,538
2025-12-18,SKU122,421,467
2025-12-18,SKU123,573,610
2025-12-18,SKU124,513,499
2025-12-18,SKU125,231,248
2025-12-18,SKU126,520,577
2025-12-18,SKU127,560,522
2025-12-18,SKU128,301,290
2025-12-18,SKU129,210,203
2025-12-19,SKU100,480,496
2025-12-19,SKU101,514,472
2025-12-19,SKU102,239,222
2025-12-19,SKU103,115,125
2025-12-19,SKU104,415,415
2025-12-19,SKU105,445,406
2025-12-19,SKU106,623,619
2025-12-19,SKU107,469,521
2025-12-19,SKU108,316,337
2025-12-19,SKU109,298,284
2025-12-19,SKU110,282,268
2025-12-19,SKU111,138,135
2025-12-19,SKU112,457,441
2025-12-19,SKU113,589,550
2025-12-19,SKU114,516,572
2025-12-19,SKU115,529,527
2025-12-19,SKU116,549,567
2025-12-19,SKU117,633,657
2025-12-19,SKU118,436,453
2025-12-19,SKU119,425,392
2025-12-19,SKU120,283,268
2025-12-19,SKU121,405,409
2025-12-19,SKU122,553,614
2025-12-19,SKU123,290,264
2025-12-19,SKU124,361,379
2025-12-19,SKU125,130,135
2025-12-19,SKU126,317,329
2025-12-19,SKU127,486,450
2025-12-19,SKU128,432,421
2025-12-19,SKU129,563,608
2025-12-20,SKU100,374,372
2025-12-20,SKU101,544,534
2025-12-20,SKU102,220,230
2025-12-20,SKU103,137,151
2025-12-20,SKU104,639,600
2025-12-20,SKU105,167,160
2025-12-20,SKU106,556,569
2025-12-20,SKU107,715,668
2025-12-20,SKU108,465,460
2025-12-20,SKU109,514,561
2025-12-20,SKU110,143,145
2025-12-20,SKU111,119,124
2025-12-20,SKU112,531,580
2025-12-20,SKU113,563,561
2025-12-20,SKU114,177,193
2025-12-20,SKU115,351,338
2025-12-20,SKU116,575,587
2025-12-20,SKU117,158,156
2025-12-20,SKU118,295,292
2025-12-20,SKU119,173,174
2025-12-20,SKU120,600,653
2025-12-20,SKU121,307,336
2025-12-20,SKU122,451,429
2025-12-20,SKU123,220,213
2025-12-20,SKU124,291,280
2025-12-20,SKU125,314,318
2025-12-20,SKU126,438,425
2025-12-20,SKU127,248,238
2025-12-20,SKU128,360,351
2025-12-20,SKU129,234,233
2025-12-21,SKU100,594,580
2025-12-21,SKU101,256,283
2025-12-21,SKU102,504,504
2025-12-21,SKU103,253,243
2025-12-21,SKU104,622,637
2025-12-21,SKU105,269,291
2025-12-21,SKU106,516,511
2025-12-21,SKU107,617,631
2025-12-21,SKU108,206,198
2025-12-21,SKU109,512,490
2025-12-21,SKU110,413,421
2025-12-21,SKU111,269,279
2025-12-21,SKU112,289,270
2025-12-21,SKU113,385,376
2025-12-21,SKU114,175,179
2025-12-21,SKU115,310,294
2025-12-21,SKU116,628,584
2025-12-21,SKU117,396,382
2025-12-21,SKU118,639,583
2025-12-21,SKU119,371,394
2025-12-21,SKU120,477,472
2025-12-21,SKU121,241,257
2025-12-21,SKU122,289,303
2025-12-21,SKU123,688,660
2025-12-21,SKU124,607,558
2025-12-21,SKU125,333,307
2025-12-21,SKU126,177,179
2025-12-21,SKU127,480,504
2025-12-21,SKU128,449,437
2025-12-21,SKU129,612,669
2025-12-22,SKU100,309,295
2025-12-22,SKU101,244,226
2025-12-22,SKU102,286,306
2025-12-22,SKU103,497,453
2025-12-22,SKU104,429,411
2025-12-22,SKU105,602,557
2025-12-22,SKU106,437,449
2025-12-22,SKU107,616,668
2025-12-22,SKU108,99,109
2025-12-22,SKU109,180,190
2025-12-22,SKU110,661,658
2025-12-22,SKU111,467,500
2025-12-22,SKU112,245,270
2025-12-22,SKU113,459,492
2025-12-22,SKU114,267,243
2025-12-22,SKU115,416,454
2025-12-22,SKU116,339,314
2025-12-22,SKU117,440,437
2025-12-22,SKU118,404,372
2025-12-22,SKU119,565,622
2025-12-22,SKU120,299,292
2025-12-22,SKU121,416,398
2025-12-22,SKU122,194,186
2025-12-22,SKU123,531,518
2025-12-22,SKU124,449,415
2025-12-22,SKU125,620,668
2025-12-22,SKU126,454,446
2025-12-22,SKU127,128,132
2025-12-22,SKU128,171,160
2025-12-22,SKU129,159,164
2025-12-23,SKU100,223,221
2025-12-23,SKU101,416,394
2025-12-23,SKU102,508,549
2025-12-23,SKU103,479,490
2025-12-23,SKU104,648,623
2025-12-23,SKU105,199,205
2025-12-23,SKU106,399,380
2025-12-23,SKU107,687,669
2025-12-23,SKU108,267,287
2025-12-23,SKU109,146,153
2025-12-23,SKU110,272,294
2025-12-23,SKU111,547,550
2025-12-23,SKU112,289,278
2025-12-23,SKU113,364,399
2025-12-23,SKU114,337,361
2025-12-23,SKU115,344,329
2025-12-23,SKU116,498,522
2025-12-23,SKU117,449,432
2025-12-23,SKU118,676,627
2025-12-23,SKU119,527,527
2025-12-23,SKU120,121,126
2025-12-23,SKU121,500,504
2025-12-23,SKU122,509,476
2025-12-23,SKU123,408,414
2025-12-23,SKU124,619,604
2025-12-23,SKU125,484,513
2025-12-23,SKU126,576,572
2025-12-23,SKU127,612,641
2025-12-23,SKU128,158,145
2025-12-23,SKU129,426,407
2025-12-24,SKU100,355,333
2025-12-24,SKU101,134,147
2025-12-24,SKU102,350,376
2025-12-24,SKU103,343,322
2025-12-24,SKU104,179,179
2025-12-24,SKU105,289,299
2025-12-24,SKU106,439,453
2025-12-24,SKU107,258,268
2025-12-24,SKU108,316,340
2025-12-24,SKU109,274,276
2025-12-24,SKU110,665,611
2025-12-24,SKU111,433,415
2025-12-24,SKU112,628,579
2025-12-24,SKU113,260,261
2025-12-24,SKU114,701,668
2025-12-24,SKU115,661,610
2025-12-24,SKU116,148,159
2025-12-24,SKU117,704,672
2025-12-24,SKU118,447,423
2025-12-24,SKU119,169,164
2025-12-24,SKU120,239,224
2025-12-24,SKU121,642,626
2025-12-24,SKU122,300,297
2025-12-24,SKU123,205,218
2025-12-24,SKU124,427,450
2025-12-24,SKU125,507,496
2025-12-24,SKU126,635,673
2025-12-24,SKU127,265,292
2025-12-24,SKU128,470,494
2025-12-24,SKU129,523,502
2025-12-25,SKU100,508,531
2025-12-25,SKU101,205,197
2025-12-25,SKU102,116,122
2025-12-25,SKU103,185,205
2025-12-25,SKU104,310,288
2025-12-25,SKU105,480,471
2025-12-25,SKU106,234,237
2025-12-25,SKU107,543,557
2025-12-25,SKU108,244,237
2025-12-25,SKU109,130,136
2025-12-25,SKU110,151,152
2025-12-25,SKU111,259,276
2025-12-25,SKU112,544,575
2025-12-25,SKU113,349,365
2025-12-25,SKU114,533,556
2025-12-25,SKU115,710,662
2025-12-25,SKU116,240,232
2025-12-25,SKU117,223,244
2025-12-25,SKU118,493,490
2025-12-25,SKU119,627,580
2025-12-25,SKU120,297,274
2025-12-25,SKU121,659,607
2025-12-25,SKU122,446,423
2025-12-25,SKU123,382,395
2025-12-25,SKU124,312,322
2025-12-25,SKU125,575,534
2025-12-25,SKU126,420,456
2025-12-25,SKU127,558,588
2025-12-25,SKU128,645,618
2025-12-25,SKU129,130,141
2025-12-26,SKU100,352,322
2025-12-26,SKU101,356,340
2025-12-26,SKU102,113,122
2025-12-26,SKU103,376,406
2025-12-26,SKU104,368,373
2025-12-26,SKU105,336,328
2025-12-26,SKU106,300,313
2025-12-26,SKU107,380,409
2025-12-26,SKU108,542,495
2025-12-26,SKU109,522,564
2025-12-26,SKU110,502,507
2025-12-26,SKU111,487,510
2025-12-26,SKU112,354,333
2025-12-26,SKU113,229,222
2025-12-26,SKU114,655,619
2025-12-26,SKU115,503,535
2025-12-26,SKU116,171,184
2025-12-26,SKU117,454,477
2025-12-26,SKU118,169,166
2025-12-26,SKU119,334,314
2025-12-26,SKU120,160,164
2025-12-26,SKU121,546,538
2025-12-26,SKU122,600,591
2025-12-26,SKU123,657,672
2025-12-26,SKU124,385,406
2025-12-26,SKU125,288,271
2025-12-26,SKU126,261,286
2025-12-26,SKU127,340,317
2025-12-26,SKU128,366,367
2025-12-26,SKU129,282,283
2025-12-27,SKU100,398,399
2025-12-27,SKU101,371,344
2025-12-27,SKU102,471,454
2025-12-27,SKU103,561,584
2025-12-27,SKU104,476,441
2025-12-27,SKU105,545,546
2025-12-27,SKU106,362,399
2025-12-27,SKU107,360,392
2025-12-27,SKU108,121,116
2025-12-27,SKU109,206,195
2025-12-27,SKU110,401,373
2025-12-27,SKU111,352,330
2025-12-27,SKU112,315,306
2025-12-27,SKU113,649,599
2025-12-27,SKU114,204,194
2025-12-27,SKU115,627,581
2025-12-27,SKU116,185,170
2025-12-27,SKU117,431,399
2025-12-27,SKU118,419,459
2025-12-27,SKU119,396,430
2025-12-27,SKU120,407,394
2025-12-27,SKU121,391,398
2025-12-27,SKU122,345,315
2025-12-27,SKU123,432,398
2025-12-27,SKU124,274,280
2025-12-27,SKU125,538,500
2025-12-27,SKU126,577,588
2025-12-27,SKU127,255,251
2025-12-27,SKU128,218,236
2025-12-27,SKU129,159,159
2025-12-28,SKU100,470,490
2025-12-28,SKU101,668,627
2025-12-28,SKU102,408,390
2025-12-28,SKU103,434,400
2025-12-28,SKU104,217,218
2025-12-28,SKU105,560,596
2025-12-28,SKU106,218,233
2025-12-28,SKU107,518,496
2025-12-28,SKU108,188,199
2025-12-28,SKU109,421,441
2025-12-28,SKU110,635,603
2025-12-28,SKU111,353,376
2025-12-28,SKU112,482,526
2025-12-28,SKU113,379,400
2025-12-28,SKU114,125,118
2025-12-28,SKU115,327,346
2025-12-28,SKU116,420,398
2025-12-28,SKU117,113,116
2025-12-28,SKU118,406,432
2025-12-28,SKU119,441,446
2025-12-28,SKU120,586,612
2025-12-28,SKU121,340,321
2025-12-28,SKU122,336,313
2025-12-28,SKU123,275,257
2025-12-28,SKU124,224,248
2025-12-28,SKU125,640,637
2025-12-28,SKU126,340,317
2025-12-28,SKU127,661,625
2025-12-28,SKU128,575,608
2025-12-28,SKU129,359,392
2025-12-29,SKU100,265,245
2025-12-29,SKU101,157,151
2025-12-29,SKU102,220,220
2025-12-29,SKU103,468,442
2025-12-29,SKU104,258,252
2025-12-29,SKU105,358,379
2025-12-29,SKU106,512,533
2025-12-29,SKU107,161,157
2025-12-29,SKU108,338,333
2025-12-29,SKU109,106,114
2025-12-29,SKU110,481,529
2025-12-29,SKU111,576,565
2025-12-29,SKU112,262,263
2025-12-29,SKU113,565,545
2025-12-29,SKU114,187,182
2025-12-29,SKU115,293,280
2025-12-29,SKU116,576,583
2025-12-29,SKU117,390,394
2025-12-29,SKU118,526,544
2025-12-29,SKU119,140,144
2025-12-29,SKU120,447,491
2025-12-29,SKU121,633,591
2025-12-29,SKU122,201,211
2025-12-29,SKU123,662,657
2025-12-29,SKU124,328,353
2025-12-29,SKU125,432,456
2025-12-29,SKU126,242,224
2025-12-29,SKU127,307,333
2025-12-29,SKU128,412,413
2025-12-29,SKU129,159,168
2025-12-30,SKU100,647,596
2025-12-30,SKU101,133,124
2025-12-30,SKU102,321,318
2025-12-30,SKU103,618,645
2025-12-30,SKU104,661,622
2025-12-30,SKU105,325,328
2025-12-30,SKU106,347,380
2025-12-30,SKU107,484,481
2025-12-30,SKU108,522,540
2025-12-30,SKU109,135,130
2025-12-30,SKU110,176,170
2025-12-30,SKU111,591,604
2025-12-30,SKU112,220,237
2025-12-30,SKU113,605,588
2025-12-30,SKU114,617,635
2025-12-30,SKU115,231,237
2025-12-30,SKU116,189,187
2025-12-30,SKU117,218,213
2025-12-30,SKU118,342,372
2025-12-30,SKU119,260,265
2025-12-30,SKU120,451,448
2025-12-30,SKU121,111,108
2025-12-30,SKU122,283,261
2025-12-30,SKU123,529,487
2025-12-30,SKU124,142,153
2025-12-30,SKU125,393,402
2025-12-30,SKU126,256,259
2025-12-30,SKU127,547,554
2025-12-30,SKU128,280,280
2025-12-30,SKU129,396,398
2025-12-31,SKU100,280,287
2025-12-31,SKU101,495,522
2025-12-31,SKU102,619,608
2025-12-31,SKU103,682,621
2025-12-31,SKU104,501,487
2025-12-31,SKU105,285,274
2025-12-31,SKU106,353,352
2025-12-31,SKU107,440,476
2025-12-31,SKU108,277,253
2025-12-31,SKU109,618,661
2025-12-31,SKU110,310,325
2025-12-31,SKU111,495,459
2025-12-31,SKU112,478,496
2025-12-31,SKU113,125,117
2025-12-31,SKU114,203,191
2025-12-31,SKU115,453,430
2025-12-31,SKU116,114,125
2025-12-31,SKU117,158,145
2025-12-31,SKU118,252,252
2025-12-31,SKU119,373,378
2025-12-31,SKU120,521,542
2025-12-31,SKU121,293,275
2025-12-31,SKU122,682,673
2025-12-31,SKU123,501,525
2025-12-31,SKU124,507,504
2025-12-31,SKU125,411,450
2025-12-31,SKU126,171,182
2025-12-31,SKU127,286,310
2025-12-31,SKU128,520,548
2025-12-31,SKU129,364,355
