MO,Date,FactoryID,SKUID,Qty
MO000SKU100,2025-01-01,FAC006,SKU100,242
MO000SKU101,2025-01-01,FAC003,SKU101,398
MO000SKU102,2025-01-01,FAC002,SKU102,505
MO000SKU103,2025-01-01,FAC004,SKU103,93
MO000SKU104,2025-01-01,FAC005,SKU104,149
MO000SKU105,2025-01-01,FAC006,SKU105,458
MO000SKU106,2025-01-01,FAC006,SKU106,291
MO000SKU107,2025-01-01,FAC002,SKU107,180
MO000SKU108,2025-01-01,FAC006,SKU108,384
MO000SKU109,2025-01-01,FAC004,SKU109,302
MO000SKU110,2025-01-01,FAC002,SKU110,204
MO000SKU111,2025-01-01,FAC001,SKU111,367
MO000SKU112,2025-01-01,FAC002,SKU112,166
MO000SKU113,2025-01-01,FAC001,SKU113,432
MO000SKU114,2025-01-01,FAC004,SKU114,288
MO000SKU115,2025-01-01,FAC001,SKU115,231
MO000SKU116,2025-01-01,FAC005,SKU116,477
MO000SKU117,2025-01-01,FAC003,SKU117,203
MO000SKU118,2025-01-01,FAC004,SKU118,210
MO000SKU119,2025-01-01,FAC003,SKU119,461
MO000SKU120,2025-01-01,FAC001,SKU120,505
MO000SKU121,2025-01-01,FAC006,SKU121,412
MO000SKU122,2025-01-01,FAC003,SKU122,419
MO000SKU123,2025-01-01,FAC005,SKU123,200
MO000SKU124,2025-01-01,FAC004,SKU124,61
MO000SKU125,2025-01-01,FAC003,SKU125,132
MO000SKU126,2025-01-01,FAC005,SKU126,149
MO000SKU127,2025-01-01,FAC004,SKU127,152
MO000SKU128,2025-01-01,FAC005,SKU128,144
MO000SKU129,2025-01-01,FAC004,SKU129,184
MO001SKU100,2025-01-02,FAC003,SKU100,187
MO001SKU101,2025-01-02,FAC005,SKU101,375
MO001SKU102,2025-01-02,FAC006,SKU102,66
MO001SKU103,2025-01-02,FAC001,SKU103,232
MO001SKU104,2025-01-02,FAC002,SKU104,246
MO001SKU105,2025-01-02,FAC005,SKU105,410
MO001SKU106,2025-01-02,FAC005,SKU106,466
MO001SKU107,2025-01-02,FAC004,SKU107,353
MO001SKU108,2025-01-02,FAC001,SKU108,310
MO001SKU109,2025-01-02,FAC004,SKU109,309
MO001SKU110,2025-01-02,FAC006,SKU110,474
MO001SKU111,2025-01-02,FAC006,SKU111,131
MO001SKU112,2025-01-02,FAC002,SKU112,481
MO001SKU113,2025-01-02,FAC002,SKU113,184
MO001SKU114,2025-01-02,FAC002,SKU114,208
MO001SKU115,2025-01-02,FAC005,SKU115,104
MO001SKU116,2025-01-02,FAC005,SKU116,138
MO001SKU117,2025-01-02,FAC002,SKU117,77
MO001SKU118,2025-01-02,FAC002,SKU118,323
MO001SKU119,2025-01-02,FAC002,SKU119,289
MO001SKU120,2025-01-02,FAC003,SKU120,120
MO001SKU121,2025-01-02,FAC003,SKU121,488
MO001SKU122,2025-01-02,FAC005,SKU122,458
MO001SKU123,2025-01-02,FAC002,SKU123,445
MO001SKU124,2025-01-02,FAC005,SKU124,218
MO001SKU125,2025-01-02,FAC003,SKU125,340
MO001SKU126,2025-01-02,FAC005,SKU126,143
MO001SKU127,2025-01-02,FAC005,SKU127,336
MO001SKU128,2025-01-02,FAC001,SKU128,198
MO001SKU129,2025-01-02,FAC005,SKU129,195
MO002SKU100,2025-01-03,FAC001,SKU100,294
MO002SKU101,2025-01-03,FAC005,SKU101,300
MO002SKU102,2025-01-03,FAC005,SKU102,113
MO002SKU103,2025-01-03,FAC001,SKU103,183
MO002SKU104,2025-01-03,FAC002,SKU104,213
MO002SKU105,2025-01-03,FAC005,SKU105,389
MO002SKU106,2025-01-03,FAC006,SKU106,446
MO002SKU107,2025-01-03,FAC006,SKU107,349
MO002SKU108,2025-01-03,FAC001,SKU108,175
MO002SKU109,2025-01-03,FAC003,SKU109,381
MO002SKU110,2025-01-03,FAC002,SKU110,210
MO002SKU111,2025-01-03,FAC005,SKU111,415
MO002SKU112,2025-01-03,FAC001,SKU112,193
MO002SKU113,2025-01-03,FAC003,SKU113,386
MO002SKU114,2025-01-03,FAC002,SKU114,101
MO002SKU115,2025-01-03,FAC004,SKU115,229
MO002SKU116,2025-01-03,FAC001,SKU116,428
MO002SKU117,2025-01-03,FAC006,SKU117,155
MO002SKU118,2025-01-03,FAC003,SKU118,173
MO002SKU119,2025-01-03,FAC002,SKU119,344
MO002SKU120,2025-01-03,FAC001,SKU120,274
MO002SKU121,2025-01-03,FAC002,SKU121,285
MO002SKU122,2025-01-03,FAC005,SKU122,168
MO002SKU123,2025-01-03,FAC006,SKU123,277
MO002SKU124,2025-01-03,FAC002,SKU124,237
MO002SKU125,2025-01-03,FAC006,SKU125,330
MO002SKU126,2025-01-03,FAC004,SKU126,281
MO002SKU127,2025-01-03,FAC002,SKU127,419
MO002SKU128,2025-01-03,FAC001,SKU128,165
MO002SKU129,2025-01-03,FAC002,SKU129,91
MO003SKU100,2025-01-04,FAC004,SKU100,282
MO003SKU101,2025-01-04,FAC001,SKU101,341
MO003SKU102,2025-01-04,FAC003,SKU102,195
MO003SKU103,2025-01-04,FAC003,SKU103,161
MO003SKU104,2025-01-04,FAC005,SKU104,494
MO003SKU105,2025-01-04,FAC005,SKU105,131
MO003SKU106,2025-01-04,FAC004,SKU106,190
MO003SKU107,2025-01-04,FAC005,SKU107,369
MO003SKU108,2025-01-04,FAC006,SKU108,470
MO003SKU109,2025-01-04,FAC001,SKU109,220
MO003SKU110,2025-01-04,FAC005,SKU110,420
MO003SKU111,2025-01-04,FAC006,SKU111,456
MO003SKU112,2025-01-04,FAC006,SKU112,239
MO003SKU113,2025-01-04,FAC003,SKU113,262
MO003SKU114,2025-01-04,FAC006,SKU114,185
MO003SKU115,2025-01-04,FAC002,SKU115,293
MO003SKU116,2025-01-04,FAC005,SKU116,404
MO003SKU117,2025-01-04,FAC002,SKU117,87
MO003SKU118,2025-01-04,FAC006,SKU118,482
MO003SKU119,2025-01-04,FAC006,SKU119,311
MO003SKU120,2025-01-04,FAC006,SKU120,331
MO003SKU121,2025-01-04,FAC005,SKU121,439
MO003SKU122,2025-01-04,FAC001,SKU122,436
MO003SKU123,2025-01-04,FAC003,SKU123,458
MO003SKU124,2025-01-04,FAC001,SKU124,474
MO003SKU125,2025-01-04,FAC005,SKU125,239
MO003SKU126,2025-01-04,FAC004,SKU126,509
MO003SKU127,2025-01-04,FAC006,SKU127,426
MO003SKU128,2025-01-04,FAC002,SKU128,265
MO003SKU129,2025-01-04,FAC001,SKU129,444
MO004SKU100,2025-01-05,FAC005,SKU100,498
MO004SKU101,2025-01-05,FAC004,SKU101,481
MO004SKU102,2025-01-05,FAC002,SKU102,387
MO004SKU103,2025-01-05,FAC002,SKU103,356
MO004SKU104,2025-01-05,FAC005,SKU104,417
MO004SKU105,2025-01-05,FAC004,SKU105,384
MO004SKU106,2025-01-05,FAC003,SKU106,446
MO004SKU107,2025-01-05,FAC001,SKU107,231
MO004SKU108,2025-01-05,FAC006,SKU108,146
MO004SKU109,2025-01-05,FAC004,SKU109,447
MO004SKU110,2025-01-05,FAC004,SKU110,232
MO004SKU111,2025-01-05,FAC004,SKU111,222
MO004SKU112,2025-01-05,FAC006,SKU112,455
MO004SKU113,2025-01-05,FAC004,SKU113,451
MO004SKU114,2025-01-05,FAC004,SKU114,294
MO004SKU115,2025-01-05,FAC006,SKU115,308
MO004SKU116,2025-01-05,FAC002,SKU116,500
MO004SKU117,2025-01-05,FAC004,SKU117,173
MO004SKU118,2025-01-05,FAC006,SKU118,310
MO004SKU119,2025-01-05,FAC004,SKU119,325
MO004SKU120,2025-01-05,FAC005,SKU120,126
MO004SKU121,2025-01-05,FAC006,SKU121,262
MO004SKU122,2025-01-05,FAC002,SKU122,157
MO004SKU123,2025-01-05,FAC003,SKU123,320
MO004SKU124,2025-01-05,FAC003,SKU124,248
MO004SKU125,2025-01-05,FAC003,SKU125,497
MO004SKU126,2025-01-05,FAC001,SKU126,305
MO004SKU127,2025-01-05,FAC001,SKU127,129
MO004SKU128,2025-01-05,FAC001,SKU128,288
MO004SKU129,2025-01-05,FAC001,SKU129,453
MO005SKU100,2025-01-06,FAC006,SKU100,190
MO005SKU101,2025-01-06,FAC002,SKU101,137
MO005SKU102,2025-01-06,FAC003,SKU102,151
MO005SKU103,2025-01-06,FAC004,SKU103,431
MO005SKU104,2025-01-06,FAC005,SKU104,470
MO005SKU105,2025-01-06,FAC006,SKU105,430
MO005SKU106,2025-01-06,FAC005,SKU106,265
MO005SKU107,2025-01-06,FAC005,SKU107,171
MO005SKU108,2025-01-06,FAC004,SKU108,123
MO005SKU109,2025-01-06,FAC006,SKU109,270
MO005SKU110,2025-01-06,FAC004,SKU110,72
MO005SKU111,2025-01-06,FAC006,SKU111,338
MO005SKU112,2025-01-06,FAC004,SKU112,306
MO005SKU113,2025-01-06,FAC006,SKU113,452
MO005SKU114,2025-01-06,FAC005,SKU114,424
MO005SKU115,2025-01-06,FAC006,SKU115,344
MO005SKU116,2025-01-06,FAC002,SKU116,250
MO005SKU117,2025-01-06,FAC004,SKU117,119
MO005SKU118,2025-01-06,FAC005,SKU118,486
MO005SKU119,2025-01-06,FAC004,SKU119,308
MO005SKU120,2025-01-06,FAC002,SKU120,248
MO005SKU121,2025-01-06,FAC003,SKU121,524
MO005SKU122,2025-01-06,FAC003,SKU122,400
MO005SKU123,2025-01-06,FAC002,SKU123,70
MO005SKU124,2025-01-06,FAC004,SKU124,218
MO005SKU125,2025-01-06,FAC004,SKU125,489
MO005SKU126,2025-01-06,FAC001,SKU126,429
MO005SKU127,2025-01-06,FAC006,SKU127,225
MO005SKU128,2025-01-06,FAC003,SKU128,246
MO005SKU129,2025-01-06,FAC004,SKU129,390
MO006SKU100,2025-01-07,FAC006,SKU100,475
MO006SKU101,2025-01-07,FAC003,SKU101,455
MO006SKU102,2025-01-07,FAC003,SKU102,170
MO006SKU103,2025-01-07,FAC005,SKU103,222
MO006SKU104,2025-01-07,FAC001,SKU104,235
MO006SKU105,2025-01-07,FAC002,SKU105,249
MO006SKU106,2025-01-07,FAC001,SKU106,481
MO006SKU107,2025-01-07,FAC004,SKU107,226
MO006SKU108,2025-01-07,FAC003,SKU108,214
MO006SKU109,2025-01-07,FAC001,SKU109,329
MO006SKU110,2025-01-07,FAC006,SKU110,354
MO006SKU111,2025-01-07,FAC005,SKU111,147
MO006SKU112,2025-01-07,FAC002,SKU112,222
MO006SKU113,2025-01-07,FAC005,SKU113,383
MO006SKU114,2025-01-07,FAC005,SKU114,488
MO006SKU115,2025-01-07,FAC003,SKU115,345
MO006SKU116,2025-01-07,FAC003,SKU116,397
MO006SKU117,2025-01-07,FAC006,SKU117,383
MO006SKU118,2025-01-07,FAC002,SKU118,466
MO006SKU119,2025-01-07,FAC002,SKU119,409
MO006SKU120,2025-01-07,FAC001,SKU120,368
MO006SKU121,2025-01-07,FAC004,SKU121,308
MO006SKU122,2025-01-07,FAC006,SKU122,94
MO006SKU123,2025-01-07,FAC001,SKU123,462
MO006SKU124,2025-01-07,FAC006,SKU124,216
MO006SKU125,2025-01-07,FAC002,SKU125,425
MO006SKU126,2025-01-07,FAC006,SKU126,127
MO006SKU127,2025-01-07,FAC001,SKU127,199
MO006SKU128,2025-01-07,FAC005,SKU128,191
MO006SKU129,2025-01-07,FAC004,SKU129,358
MO007SKU100,2025-01-08,FAC001,SKU100,383
MO007SKU101,2025-01-08,FAC005,SKU101,442
MO007SKU102,2025-01-08,FAC006,SKU102,122
MO007SKU103,2025-01-08,FAC002,SKU103,227
MO007SKU104,2025-01-08,FAC003,SKU104,336
MO007SKU105,2025-01-08,FAC004,SKU105,364
MO007SKU106,2025-01-08,FAC003,SKU106,320
MO007SKU107,2025-01-08,FAC002,SKU107,424
MO007SKU108,2025-01-08,FAC003,SKU108,312
MO007SKU109,2025-01-08,FAC005,SKU109,267
MO007SKU110,2025-01-08,FAC003,SKU110,312
MO007SKU111,2025-01-08,FAC004,SKU111,174
MO007SKU112,2025-01-08,FAC001,SKU112,365
MO007SKU113,2025-01-08,FAC001,SKU113,349
MO007SKU114,2025-01-08,FAC004,SKU114,365
MO007SKU115,2025-01-08,FAC002,SKU115,303
MO007SKU116,2025-01-08,FAC003,SKU116,369
MO007SKU117,2025-01-08,FAC001,SKU117,457
MO007SKU118,2025-01-08,FAC006,SKU118,381
MO007SKU119,2025-01-08,FAC005,SKU119,245
MO007SKU120,2025-01-08,FAC001,SKU120,136
MO007SKU121,2025-01-08,FAC002,SKU121,151
MO007SKU122,2025-01-08,FAC006,SKU122,443
MO007SKU123,2025-01-08,FAC004,SKU123,287
MO007SKU124,2025-01-08,FAC004,SKU124,305
MO007SKU125,2025-01-08,FAC002,SKU125,421
MO007SKU126,2025-01-08,FAC004,SKU126,116
MO007SKU127,2025-01-08,FAC001,SKU127,481
MO007SKU128,2025-01-08,FAC005,SKU128,468
MO007SKU129,2025-01-08,FAC002,SKU129,425
MO008SKU100,2025-01-09,FAC004,SKU100,127
MO008SKU101,2025-01-09,FAC006,SKU101,525
MO008SKU102,2025-01-09,FAC002,SKU102,511
MO008SKU103,2025-01-09,FAC005,SKU103,99
MO008SKU104,2025-01-09,FAC004,SKU104,117
MO008SKU105,2025-01-09,FAC001,SKU105,375
MO008SKU106,2025-01-09,FAC006,SKU106,142
MO008SKU107,2025-01-09,FAC003,SKU107,119
MO008SKU108,2025-01-09,FAC006,SKU108,384
MO008SKU109,2025-01-09,FAC005,SKU109,252
MO008SKU110,2025-01-09,FAC004,SKU110,277
MO008SKU111,2025-01-09,FAC001,SKU111,352
MO008SKU112,2025-01-09,FAC003,SKU112,397
MO008SKU113,2025-01-09,FAC001,SKU113,490
MO008SKU114,2025-01-09,FAC001,SKU114,412
MO008SKU115,2025-01-09,FAC001,SKU115,147
MO008SKU116,2025-01-09,FAC003,SKU116,248
MO008SKU117,2025-01-09,FAC002,SKU117,284
MO008SKU118,2025-01-09,FAC002,SKU118,280
MO008SKU119,2025-01-09,FAC004,SKU119,188
MO008SKU120,2025-01-09,FAC005,SKU120,418
MO008SKU121,2025-01-09,FAC003,SKU121,207
MO008SKU122,2025-01-09,FAC004,SKU122,247
MO008SKU123,2025-01-09,FAC002,SKU123,211
MO008SKU124,2025-01-09,FAC005,SKU124,305
MO008SKU125,2025-01-09,FAC006,SKU125,403
MO008SKU126,2025-01-09,FAC002,SKU126,317
MO008SKU127,2025-01-09,FAC004,SKU127,343
MO008SKU128,2025-01-09,FAC006,SKU128,261
MO008SKU129,2025-01-09,FAC006,SKU129,96
MO009SKU100,2025-01-10,FAC006,SKU100,450
MO009SKU101,2025-01-10,FAC006,SKU101,171
MO009SKU102,2025-01-10,FAC004,SKU102,82
MO009SKU103,2025-01-10,FAC002,SKU103,361
MO009SKU104,2025-01-10,FAC004,SKU104,222
MO009SKU105,2025-01-10,FAC005,SKU105,218
MO009SKU106,2025-01-10,FAC003,SKU106,300
MO009SKU107,2025-01-10,FAC004,SKU107,195
MO009SKU108,2025-01-10,FAC003,SKU108,262
MO009SKU109,2025-01-10,FAC001,SKU109,127
MO009SKU110,2025-01-10,FAC006,SKU110,492
MO009SKU111,2025-01-10,FAC005,SKU111,428
MO009SKU112,2025-01-10,FAC001,SKU112,122
MO009SKU113,2025-01-10,FAC003,SKU113,377
MO009SKU114,2025-01-10,FAC005,SKU114,467
MO009SKU115,2025-01-10,FAC001,SKU115,429
MO009SKU116,2025-01-10,FAC005,SKU116,235
MO009SKU117,2025-01-10,FAC005,SKU117,361
MO009SKU118,2025-01-10,FAC004,SKU118,449
MO009SKU119,2025-01-10,FAC004,SKU119,425
MO009SKU120,2025-01-10,FAC001,SKU120,150
MO009SKU121,2025-01-10,FAC002,SKU121,368
MO009SKU122,2025-01-10,FAC004,SKU122,358
MO009SKU123,2025-01-10,FAC006,SKU123,463
MO009SKU124,2025-01-10,FAC006,SKU124,382
MO009SKU125,2025-01-10,FAC006,SKU125,145
MO009SKU126,2025-01-10,FAC003,SKU126,312
MO009SKU127,2025-01-10,FAC004,SKU127,441
MO009SKU128,2025-01-10,FAC001,SKU128,223
MO009SKU129,2025-01-10,FAC006,SKU129,270
MO010SKU100,2025-01-11,FAC005,SKU100,108
MO010SKU101,2025-01-11,FAC002,SKU101,381
MO010SKU102,2025-01-11,FAC005,SKU102,456
MO010SKU103,2025-01-11,FAC002,SKU103,209
MO010SKU104,2025-01-11,FAC002,SKU104,343
MO010SKU105,2025-01-11,FAC002,SKU105,398
MO010SKU106,2025-01-11,FAC002,SKU106,280
MO010SKU107,2025-01-11,FAC003,SKU107,228
MO010SKU108,2025-01-11,FAC005,SKU108,131
MO010SKU109,2025-01-11,FAC004,SKU109,490
MO010SKU110,2025-01-11,FAC001,SKU110,273
MO010SKU111,2025-01-11,FAC005,SKU111,319
MO010SKU112,2025-01-11,FAC006,SKU112,465
MO010SKU113,2025-01-11,FAC001,SKU113,217
MO010SKU114,2025-01-11,FAC004,SKU114,348
MO010SKU115,2025-01-11,FAC004,SKU115,119
MO010SKU116,2025-01-11,FAC002,SKU116,105
MO010SKU117,2025-01-11,FAC006,SKU117,161
MO010SKU118,2025-01-11,FAC004,SKU118,378
MO010SKU119,2025-01-11,FAC005,SKU119,369
MO010SKU120,2025-01-11,FAC006,SKU120,287
MO010SKU121,2025-01-11,FAC005,SKU121,441
MO010SKU122,2025-01-11,FAC002,SKU122,196
MO010SKU123,2025-01-11,FAC004,SKU123,259
MO010SKU124,2025-01-11,FAC004,SKU124,453
MO010SKU125,2025-01-11,FAC002,SKU125,443
MO010SKU126,2025-01-11,FAC001,SKU126,307
MO010SKU127,2025-01-11,FAC006,SKU127,304
MO010SKU128,2025-01-11,FAC001,SKU128,512
MO010SKU129,2025-01-11,FAC006,SKU129,354
MO011SKU100,2025-01-12,FAC003,SKU100,228
MO011SKU101,2025-01-12,FAC003,SKU101,380
MO011SKU102,2025-01-12,FAC005,SKU102,224
MO011SKU103,2025-01-12,FAC006,SKU103,520
MO011SKU104,2025-01-12,FAC006,SKU104,398
MO011SKU105,2025-01-12,FAC002,SKU105,432
MO011SKU106,2025-01-12,FAC003,SKU106,441
MO011SKU107,2025-01-12,FAC002,SKU107,99
MO011SKU108,2025-01-12,FAC002,SKU108,443
MO011SKU109,2025-01-12,FAC001,SKU109,431
MO011SKU110,2025-01-12,FAC004,SKU110,360
MO011SKU111,2025-01-12,FAC003,SKU111,280
MO011SKU112,2025-01-12,FAC005,SKU112,264
MO011SKU113,2025-01-12,FAC002,SKU113,113
MO011SKU114,2025-01-12,FAC006,SKU114,451
MO011SKU115,2025-01-12,FAC004,SKU115,230
MO011SKU116,2025-01-12,FAC003,SKU116,383
MO011SKU117,2025-01-12,FAC003,SKU117,473
MO011SKU118,2025-01-12,FAC006,SKU118,153
MO011SKU119,2025-01-12,FAC003,SKU119,311
MO011SKU120,2025-01-12,FAC005,SKU120,175
MO011SKU121,2025-01-12,FAC002,SKU121,112
MO011SKU122,2025-01-12,FAC003,SKU122,150
MO011SKU123,2025-01-12,FAC006,SKU123,148
MO011SKU124,2025-01-12,FAC005,SKU124,194
MO011SKU125,2025-01-12,FAC006,SKU125,228
MO011SKU126,2025-01-12,FAC006,SKU126,243
MO011SKU127,2025-01-12,FAC001,SKU127,338
MO011SKU128,2025-01-12,FAC005,SKU128,245
MO011SKU129,2025-01-12,FAC003,SKU129,430
MO012SKU100,2025-01-13,FAC003,SKU100,375
MO012SKU101,2025-01-13,FAC002,SKU101,237
MO012SKU102,2025-01-13,FAC005,SKU102,353
MO012SKU103,2025-01-13,FAC003,SKU103,181
MO012SKU104,2025-01-13,FAC006,SKU104,484
MO012SKU105,2025-01-13,FAC002,SKU105,151
MO012SKU106,2025-01-13,FAC002,SKU106,209
MO012SKU107,2025-01-13,FAC002,SKU107,508
MO012SKU108,2025-01-13,FAC004,SKU108,503
MO012SKU109,2025-01-13,FAC004,SKU109,391
MO012SKU110,2025-01-13,FAC005,SKU110,369
MO012SKU111,2025-01-13,FAC004,SKU111,385
MO012SKU112,2025-01-13,FAC003,SKU112,350
MO012SKU113,2025-01-13,FAC003,SKU113,232
MO012SKU114,2025-01-13,FAC004,SKU114,99
MO012SKU115,2025-01-13,FAC003,SKU115,93
MO012SKU116,2025-01-13,FAC001,SKU116,429
MO012SKU117,2025-01-13,FAC004,SKU117,401
MO012SKU118,2025-01-13,FAC006,SKU118,400
MO012SKU119,2025-01-13,FAC005,SKU119,122
MO012SKU120,2025-01-13,FAC004,SKU120,188
MO012SKU121,2025-01-13,FAC004,SKU121,143
MO012SKU122,2025-01-13,FAC003,SKU122,520
MO012SKU123,2025-01-13,FAC002,SKU123,105
MO012SKU124,2025-01-13,FAC004,SKU124,219
MO012SKU125,2025-01-13,FAC003,SKU125,350
MO012SKU126,2025-01-13,FAC003,SKU126,247
MO012SKU127,2025-01-13,FAC006,SKU127,407
MO012SKU128,2025-01-13,FAC001,SKU128,266
MO012SKU129,2025-01-13,FAC003,SKU129,453
MO013SKU100,2025-01-14,FAC006,SKU100,529
MO013SKU101,2025-01-14,FAC005,SKU101,443
MO013SKU102,2025-01-14,FAC005,SKU102,413
MO013SKU103,2025-01-14,FAC002,SKU103,129
MO013SKU104,2025-01-14,FAC004,SKU104,181
MO013SKU105,2025-01-14,FAC002,SKU105,179
MO013SKU106,2025-01-14,FAC001,SKU106,243
MO013SKU107,2025-01-14,FAC006,SKU107,510
MO013SKU108,2025-01-14,FAC003,SKU108,385
MO013SKU109,2025-01-14,FAC005,SKU109,476
MO013SKU110,2025-01-14,FAC006,SKU110,187
MO013SKU111,2025-01-14,FAC002,SKU111,425
MO013SKU112,2025-01-14,FAC003,SKU112,327
MO013SKU113,2025-01-14,FAC004,SKU113,467
MO013SKU114,2025-01-14,FAC004,SKU114,219
MO013SKU115,2025-01-14,FAC004,SKU115,390
MO013SKU116,2025-01-14,FAC005,SKU116,187
MO013SKU117,2025-01-14,FAC004,SKU117,328
MO013SKU118,2025-01-14,FAC002,SKU118,382
MO013SKU119,2025-01-14,FAC002,SKU119,217
MO013SKU120,2025-01-14,FAC004,SKU120,243
MO013SKU121,2025-01-14,FAC001,SKU121,295
MO013SKU122,2025-01-14,FAC003,SKU122,329
MO013SKU123,2025-01-14,FAC004,SKU123,507
MO013SKU124,2025-01-14,FAC004,SKU124,327
MO013SKU125,2025-01-14,FAC003,SKU125,232
MO013SKU126,2025-01-14,FAC004,SKU126,105
MO013SKU127,2025-01-14,FAC001,SKU127,274
MO013SKU128,2025-01-14,FAC001,SKU128,227
MO013SKU129,2025-01-14,FAC002,SKU129,433
MO014SKU100,2025-01-15,FAC005,SKU100,373
MO014SKU101,2025-01-15,FAC003,SKU101,291
MO014SKU102,2025-01-15,FAC002,SKU102,240
MO014SKU103,2025-01-15,FAC004,SKU103,391
MO014SKU104,2025-01-15,FAC004,SKU104,154
MO014SKU105,2025-01-15,FAC005,SKU105,370
MO014SKU106,2025-01-15,FAC003,SKU106,210
MO014SKU107,2025-01-15,FAC002,SKU107,96
MO014SKU108,2025-01-15,FAC006,SKU108,278
MO014SKU109,2025-01-15,FAC001,SKU109,361
MO014SKU110,2025-01-15,FAC005,SKU110,373
MO014SKU111,2025-01-15,FAC004,SKU111,72
MO014SKU112,2025-01-15,FAC003,SKU112,401
MO014SKU113,2025-01-15,FAC001,SKU113,464
MO014SKU114,2025-01-15,FAC006,SKU114,189
MO014SKU115,2025-01-15,FAC003,SKU115,463
MO014SKU116,2025-01-15,FAC003,SKU116,134
MO014SKU117,2025-01-15,FAC006,SKU117,418
MO014SKU118,2025-01-15,FAC002,SKU118,467
MO014SKU119,2025-01-15,FAC004,SKU119,131
MO014SKU120,2025-01-15,FAC002,SKU120,266
MO014SKU121,2025-01-15,FAC003,SKU121,113
MO014SKU122,2025-01-15,FAC005,SKU122,293
MO014SKU123,2025-01-15,FAC006,SKU123,201
MO014SKU124,2025-01-15,FAC001,SKU124,261
MO014SKU125,2025-01-15,FAC001,SKU125,446
MO014SKU126,2025-01-15,FAC004,SKU126,295
MO014SKU127,2025-01-15,FAC004,SKU127,306
MO014SKU128,2025-01-15,FAC004,SKU128,178
MO014SKU129,2025-01-15,FAC001,SKU129,514
MO015SKU100,2025-01-16,FAC003,SKU100,173
MO015SKU101,2025-01-16,FAC003,SKU101,120
MO015SKU102,2025-01-16,FAC001,SKU102,286
MO015SKU103,2025-01-16,FAC003,SKU103,435
MO015SKU104,2025-01-16,FAC002,SKU104,530
MO015SKU105,2025-01-16,FAC005,SKU105,118
MO015SKU106,2025-01-16,FAC002,SKU106,464
MO015SKU107,2025-01-16,FAC003,SKU107,203
MO015SKU108,2025-01-16,FAC001,SKU108,294
MO015SKU109,2025-01-16,FAC003,SKU109,161
MO015SKU110,2025-01-16,FAC005,SKU110,295
MO015SKU111,2025-01-16,FAC003,SKU111,372
MO015SKU112,2025-01-16,FAC001,SKU112,203
MO015SKU113,2025-01-16,FAC005,SKU113,460
MO015SKU114,2025-01-16,FAC003,SKU114,392
MO015SKU115,2025-01-16,FAC005,SKU115,306
MO015SKU116,2025-01-16,FAC004,SKU116,427
MO015SKU117,2025-01-16,FAC001,SKU117,150
MO015SKU118,2025-01-16,FAC004,SKU118,153
MO015SKU119,2025-01-16,FAC003,SKU119,516
MO015SKU120,2025-01-16,FAC005,SKU120,271
MO015SKU121,2025-01-16,FAC002,SKU121,253
MO015SKU122,2025-01-16,FAC006,SKU122,434
MO015SKU123,2025-01-16,FAC002,SKU123,473
MO015SKU124,2025-01-16,FAC002,SKU124,212
MO015SKU125,2025-01-16,FAC005,SKU125,348
MO015SKU126,2025-01-16,FAC005,SKU126,256
MO015SKU127,2025-01-16,FAC001,SKU127,392
MO015SKU128,2025-01-16,FAC006,SKU128,293
MO015SKU129,2025-01-16,FAC004,SKU129,381
MO016SKU100,2025-01-17,FAC001,SKU100,334
MO016SKU101,2025-01-17,FAC003,SKU101,133
MO016SKU102,2025-01-17,FAC006,SKU102,156
MO016SKU103,2025-01-17,FAC005,SKU103,294
MO016SKU104,2025-01-17,FAC003,SKU104,217
MO016SKU105,2025-01-17,FAC003,SKU105,393
MO016SKU106,2025-01-17,FAC005,SKU106,385
MO016SKU107,2025-01-17,FAC005,SKU107,377
MO016SKU108,2025-01-17,FAC006,SKU108,396
MO016SKU109,2025-01-17,FAC003,SKU109,481
MO016SKU110,2025-01-17,FAC001,SKU110,353
MO016SKU111,2025-01-17,FAC005,SKU111,99
MO016SKU112,2025-01-17,FAC005,SKU112,419
MO016SKU113,2025-01-17,FAC004,SKU113,432
MO016SKU114,2025-01-17,FAC006,SKU114,400
MO016SKU115,2025-01-17,FAC006,SKU115,332
MO016SKU116,2025-01-17,FAC006,SKU116,215
MO016SKU117,2025-01-17,FAC004,SKU117,169
MO016SKU118,2025-01-17,FAC002,SKU118,184
MO016SKU119,2025-01-17,FAC003,SKU119,452
MO016SKU120,2025-01-17,FAC005,SKU120,161
MO016SKU121,2025-01-17,FAC004,SKU121,121
MO016SKU122,2025-01-17,FAC002,SKU122,202
MO016SKU123,2025-01-17,FAC004,SKU123,140
MO016SKU124,2025-01-17,FAC002,SKU124,427
MO016SKU125,2025-01-17,FAC006,SKU125,247
MO016SKU126,2025-01-17,FAC004,SKU126,189
MO016SKU127,2025-01-17,FAC003,SKU127,330
MO016SKU128,2025-01-17,FAC004,SKU128,103
MO016SKU129,2025-01-17,FAC002,SKU129,331
MO017SKU100,2025-01-18,FAC001,SKU100,476
MO017SKU101,2025-01-18,FAC002,SKU101,109
MO017SKU102,2025-01-18,FAC004,SKU102,375
MO017SKU103,2025-01-18,FAC003,SKU103,342
MO017SKU104,2025-01-18,FAC001,SKU104,387
MO017SKU105,2025-01-18,FAC003,SKU105,144
MO017SKU106,2025-01-18,FAC002,SKU106,285
MO017SKU107,2025-01-18,FAC001,SKU107,322
MO017SKU108,2025-01-18,FAC003,SKU108,130
MO017SKU109,2025-01-18,FAC002,SKU109,340
MO017SKU110,2025-01-18,FAC005,SKU110,343
MO017SKU111,2025-01-18,FAC005,SKU111,190
MO017SKU112,2025-01-18,FAC005,SKU112,266
MO017SKU113,2025-01-18,FAC006,SKU113,356
MO017SKU114,2025-01-18,FAC001,SKU114,236
MO017SKU115,2025-01-18,FAC004,SKU115,266
MO017SKU116,2025-01-18,FAC006,SKU116,272
MO017SKU117,2025-01-18,FAC005,SKU117,442
MO017SKU118,2025-01-18,FAC005,SKU118,231
MO017SKU119,2025-01-18,FAC005,SKU119,206
MO017SKU120,2025-01-18,FAC006,SKU120,186
MO017SKU121,2025-01-18,FAC002,SKU121,508
MO017SKU122,2025-01-18,FAC005,SKU122,468
MO017SKU123,2025-01-18,FAC001,SKU123,446
MO017SKU124,2025-01-18,FAC004,SKU124,264
MO017SKU125,2025-01-18,FAC005,SKU125,222
MO017SKU126,2025-01-18,FAC006,SKU126,347
MO017SKU127,2025-01-18,FAC005,SKU127,104
MO017SKU128,2025-01-18,FAC006,SKU128,377
MO017SKU129,2025-01-18,FAC002,SKU129,358
MO018SKU100,2025-01-19,FAC006,SKU100,451
MO018SKU101,2025-01-19,FAC005,SKU101,281
MO018SKU102,2025-01-19,FAC003,SKU102,474
MO018SKU103,2025-01-19,FAC004,SKU103,410
MO018SKU104,2025-01-19,FAC002,SKU104,280
MO018SKU105,2025-01-19,FAC006,SKU105,86
MO018SKU106,2025-01-19,FAC006,SKU106,253
MO018SKU107,2025-01-19,FAC002,SKU107,494
MO018SKU108,2025-01-19,FAC005,SKU108,379
MO018SKU109,2025-01-19,FAC005,SKU109,246
MO018SKU110,2025-01-19,FAC001,SKU110,402
MO018SKU111,2025-01-19,FAC002,SKU111,334
MO018SKU112,2025-01-19,FAC006,SKU112,141
MO018SKU113,2025-01-19,FAC002,SKU113,111
MO018SKU114,2025-01-19,FAC002,SKU114,367
MO018SKU115,2025-01-19,FAC004,SKU115,424
MO018SKU116,2025-01-19,FAC003,SKU116,413
MO018SKU117,2025-01-19,FAC001,SKU117,247
MO018SKU118,2025-01-19,FAC006,SKU118,399
MO018SKU119,2025-01-19,FAC002,SKU119,105
MO018SKU120,2025-01-19,FAC001,SKU120,203
MO018SKU121,2025-01-19,FAC002,SKU121,322
MO018SKU122,2025-01-19,FAC003,SKU122,499
MO018SKU123,2025-01-19,FAC005,SKU123,117
MO018SKU124,2025-01-19,FAC003,SKU124,132
MO018SKU125,2025-01-19,FAC005,SKU125,325
MO018SKU126,2025-01-19,FAC002,SKU126,366
MO018SKU127,2025-01-19,FAC002,SKU127,369
MO018SKU128,2025-01-19,FAC006,SKU128,146
MO018SKU129,2025-01-19,FAC002,SKU129,391
MO019SKU100,2025-01-20,FAC004,SKU100,174
MO019SKU101,2025-01-20,FAC004,SKU101,202
MO019SKU102,2025-01-20,FAC003,SKU102,307
MO019SKU103,2025-01-20,FAC001,SKU103,374
MO019SKU104,2025-01-20,FAC002,SKU104,397
MO019SKU105,2025-01-20,FAC003,SKU105,411
MO019SKU106,2025-01-20,FAC006,SKU106,316
MO019SKU107,2025-01-20,FAC006,SKU107,277
MO019SKU108,2025-01-20,FAC002,SKU108,225
MO019SKU109,2025-01-20,FAC004,SKU109,175
MO019SKU110,2025-01-20,FAC006,SKU110,405
MO019SKU111,2025-01-20,FAC006,SKU111,353
MO019SKU112,2025-01-20,FAC006,SKU112,219
MO019SKU113,2025-01-20,FAC001,SKU113,398
MO019SKU114,2025-01-20,FAC003,SKU114,292
MO019SKU115,2025-01-20,FAC005,SKU115,405
MO019SKU116,2025-01-20,FAC005,SKU116,327
MO019SKU117,2025-01-20,FAC005,SKU117,172
MO019SKU118,2025-01-20,FAC006,SKU118,156
MO019SKU119,2025-01-20,FAC005,SKU119,338
MO019SKU120,2025-01-20,FAC002,SKU120,506
MO019SKU121,2025-01-20,FAC001,SKU121,307
MO019SKU122,2025-01-20,FAC003,SKU122,342
MO019SKU123,2025-01-20,FAC001,SKU123,118
MO019SKU124,2025-01-20,FAC001,SKU124,198
MO019SKU125,2025-01-20,FAC005,SKU125,239
MO019SKU126,2025-01-20,FAC004,SKU126,97
MO019SKU127,2025-01-20,FAC002,SKU127,255
MO019SKU128,2025-01-20,FAC006,SKU128,414
MO019SKU129,2025-01-20,FAC004,SKU129,279
MO020SKU100,2025-01-21,FAC003,SKU100,90
MO020SKU101,2025-01-21,FAC004,SKU101,438
MO020SKU102,2025-01-21,FAC002,SKU102,283
MO020SKU103,2025-01-21,FAC002,SKU103,296
MO020SKU104,2025-01-21,FAC001,SKU104,482
MO020SKU105,2025-01-21,FAC001,SKU105,413
MO020SKU106,2025-01-21,FAC005,SKU106,167
MO020SKU107,2025-01-21,FAC006,SKU107,343
MO020SKU108,2025-01-21,FAC001,SKU108,109
MO020SKU109,2025-01-21,FAC002,SKU109,332
MO020SKU110,2025-01-21,FAC005,SKU110,475
MO020SKU111,2025-01-21,FAC006,SKU111,215
MO020SKU112,2025-01-21,FAC006,SKU112,275
MO020SKU113,2025-01-21,FAC002,SKU113,266
MO020SKU114,2025-01-21,FAC003,SKU114,343
MO020SKU115,2025-01-21,FAC005,SKU115,147
MO020SKU116,2025-01-21,FAC006,SKU116,479
MO020SKU117,2025-01-21,FAC001,SKU117,300
MO020SKU118,2025-01-21,FAC005,SKU118,409
MO020SKU119,2025-01-21,FAC002,SKU119,435
MO020SKU120,2025-01-21,FAC005,SKU120,282
MO020SKU121,2025-01-21,FAC003,SKU121,237
MO020SKU122,2025-01-21,FAC004,SKU122,480
MO020SKU123,2025-01-21,FAC004,SKU123,124
MO020SKU124,2025-01-21,FAC002,SKU124,347
MO020SKU125,2025-01-21,FAC001,SKU125,223
MO020SKU126,2025-01-21,FAC001,SKU126,324
MO020SKU127,2025-01-21,FAC001,SKU127,447
MO020SKU128,2025-01-21,FAC005,SKU128,255
MO020SKU129,2025-01-21,FAC005,SKU129,143
MO021SKU100,2025-01-22,FAC002,SKU100,441
MO021SKU101,2025-01-22,FAC003,SKU101,206
MO021SKU102,2025-01-22,FAC003,SKU102,317
MO021SKU103,2025-01-22,FAC004,SKU103,222
MO021SKU104,2025-01-22,FAC006,SKU104,140
MO021SKU105,2025-01-22,FAC002,SKU105,472
MO021SKU106,2025-01-22,FAC005,SKU106,275
MO021SKU107,2025-01-22,FAC001,SKU107,189
MO021SKU108,2025-01-22,FAC005,SKU108,389
MO021SKU109,2025-01-22,FAC002,SKU109,294
MO021SKU110,2025-01-22,FAC002,SKU110,208
MO021SKU111,2025-01-22,FAC006,SKU111,362
MO021SKU112,2025-01-22,FAC004,SKU112,237
MO021SKU113,2025-01-22,FAC004,SKU113,398
MO021SKU114,2025-01-22,FAC002,SKU114,443
MO021SKU115,2025-01-22,FAC002,SKU115,486
MO021SKU116,2025-01-22,FAC001,SKU116,370
MO021SKU117,2025-01-22,FAC001,SKU117,137
MO021SKU118,2025-01-22,FAC001,SKU118,504
MO021SKU119,2025-01-22,FAC002,SKU119,134
MO021SKU120,2025-01-22,FAC002,SKU120,454
MO021SKU121,2025-01-22,FAC005,SKU121,333
MO021SKU122,2025-01-22,FAC004,SKU122,443
MO021SKU123,2025-01-22,FAC005,SKU123,344
MO021SKU124,2025-01-22,FAC005,SKU124,316
MO021SKU125,2025-01-22,FAC003,SKU125,201
MO021SKU126,2025-01-22,FAC006,SKU126,344
MO021SKU127,2025-01-22,FAC002,SKU127,478
MO021SKU128,2025-01-22,FAC002,SKU128,121
MO021SKU129,2025-01-22,FAC003,SKU129,394
MO022SKU100,2025-01-23,FAC004,SKU100,257
MO022SKU101,2025-01-23,FAC002,SKU101,391
MO022SKU102,2025-01-23,FAC006,SKU102,365
MO022SKU103,2025-01-23,FAC001,SKU103,286
MO022SKU104,2025-01-23,FAC002,SKU104,343
MO022SKU105,2025-01-23,FAC004,SKU105,431
MO022SKU106,2025-01-23,FAC006,SKU106,142
MO022SKU107,2025-01-23,FAC005,SKU107,245
MO022SKU108,2025-01-23,FAC003,SKU108,77
MO022SKU109,2025-01-23,FAC006,SKU109,218
MO022SKU110,2025-01-23,FAC003,SKU110,273
MO022SKU111,2025-01-23,FAC004,SKU111,391
MO022SKU112,2025-01-23,FAC006,SKU112,344
MO022SKU113,2025-01-23,FAC006,SKU113,469
MO022SKU114,2025-01-23,FAC003,SKU114,319
MO022SKU115,2025-01-23,FAC001,SKU115,131
MO022SKU116,2025-01-23,FAC005,SKU116,394
MO022SKU117,2025-01-23,FAC006,SKU117,473
MO022SKU118,2025-01-23,FAC004,SKU118,475
MO022SKU119,2025-01-23,FAC004,SKU119,269
MO022SKU120,2025-01-23,FAC006,SKU120,179
MO022SKU121,2025-01-23,FAC003,SKU121,154
MO022SKU122,2025-01-23,FAC001,SKU122,203
MO022SKU123,2025-01-23,FAC006,SKU123,147
MO022SKU124,2025-01-23,FAC003,SKU124,444
MO022SKU125,2025-01-23,FAC003,SKU125,134
MO022SKU126,2025-01-23,FAC001,SKU126,252
MO022SKU127,2025-01-23,FAC004,SKU127,139
MO022SKU128,2025-01-23,FAC001,SKU128,345
MO022SKU129,2025-01-23,FAC001,SKU129,143
MO023SKU100,2025-01-24,FAC003,SKU100,163
MO023SKU101,2025-01-24,FAC002,SKU101,339
MO023SKU102,2025-01-24,FAC004,SKU102,251
MO023SKU103,2025-01-24,FAC002,SKU103,145
MO023SKU104,2025-01-24,FAC005,SKU104,392
MO023SKU105,2025-01-24,FAC003,SKU105,294
MO023SKU106,2025-01-24,FAC005,SKU106,286
MO023SKU107,2025-01-24,FAC004,SKU107,492
MO023SKU108,2025-01-24,FAC006,SKU108,318
MO023SKU109,2025-01-24,FAC005,SKU109,189
MO023SKU110,2025-01-24,FAC003,SKU110,426
MO023SKU111,2025-01-24,FAC003,SKU111,310
MO023SKU112,2025-01-24,FAC005,SKU112,465
MO023SKU113,2025-01-24,FAC003,SKU113,236
MO023SKU114,2025-01-24,FAC001,SKU114,521
MO023SKU115,2025-01-24,FAC005,SKU115,359
MO023SKU116,2025-01-24,FAC001,SKU116,469
MO023SKU117,2025-01-24,FAC006,SKU117,445
MO023SKU118,2025-01-24,FAC006,SKU118,288
MO023SKU119,2025-01-24,FAC004,SKU119,522
MO023SKU120,2025-01-24,FAC003,SKU120,330
MO023SKU121,2025-01-24,FAC006,SKU121,216
MO023SKU122,2025-01-24,FAC004,SKU122,502
MO023SKU123,2025-01-24,FAC005,SKU123,337
MO023SKU124,2025-01-24,FAC001,SKU124,464
MO023SKU125,2025-01-24,FAC005,SKU125,282
MO023SKU126,2025-01-24,FAC001,SKU126,435
MO023SKU127,2025-01-24,FAC003,SKU127,197
MO023SKU128,2025-01-24,FAC005,SKU128,432
MO023SKU129,2025-01-24,FAC003,SKU129,456
MO024SKU100,2025-01-25,FAC001,SKU100,167
MO024SKU101,2025-01-25,FAC001,SKU101,120
MO024SKU102,2025-01-25,FAC003,SKU102,454
MO024SKU103,2025-01-25,FAC005,SKU103,323
MO024SKU104,2025-01-25,FAC004,SKU104,284
MO024SKU105,2025-01-25,FAC001,SKU105,435
MO024SKU106,2025-01-25,FAC001,SKU106,83
MO024SKU107,2025-01-25,FAC006,SKU107,286
MO024SKU108,2025-01-25,FAC006,SKU108,159
MO024SKU109,2025-01-25,FAC002,SKU109,345
MO024SKU110,2025-01-25,FAC004,SKU110,360
MO024SKU111,2025-01-25,FAC002,SKU111,479
MO024SKU112,2025-01-25,FAC004,SKU112,388
MO024SKU113,2025-01-25,FAC002,SKU113,465
MO024SKU114,2025-01-25,FAC001,SKU114,408
MO024SKU115,2025-01-25,FAC006,SKU115,220
MO024SKU116,2025-01-25,FAC001,SKU116,518
MO024SKU117,2025-01-25,FAC003,SKU117,346
MO024SKU118,2025-01-25,FAC006,SKU118,349
MO024SKU119,2025-01-25,FAC006,SKU119,330
MO024SKU120,2025-01-25,FAC004,SKU120,402
MO024SKU121,2025-01-25,FAC004,SKU121,157
MO024SKU122,2025-01-25,FAC006,SKU122,199
MO024SKU123,2025-01-25,FAC005,SKU123,217
MO024SKU124,2025-01-25,FAC001,SKU124,419
MO024SKU125,2025-01-25,FAC003,SKU125,260
MO024SKU126,2025-01-25,FAC004,SKU126,170
MO024SKU127,2025-01-25,FAC004,SKU127,141
MO024SKU128,2025-01-25,FAC006,SKU128,367
MO024SKU129,2025-01-25,FAC002,SKU129,425
MO025SKU100,2025-01-26,FAC005,SKU100,509
MO025SKU101,2025-01-26,FAC006,SKU101,425
MO025SKU102,2025-01-26,FAC004,SKU102,303
MO025SKU103,2025-01-26,FAC001,SKU103,195
MO025SKU104,2025-01-26,FAC001,SKU104,466
MO025SKU105,2025-01-26,FAC002,SKU105,224
MO025SKU106,2025-01-26,FAC004,SKU106,329
MO025SKU107,2025-01-26,FAC001,SKU107,338
MO025SKU108,2025-01-26,FAC003,SKU108,490
MO025SKU109,2025-01-26,FAC006,SKU109,475
MO025SKU110,2025-01-26,FAC004,SKU110,345
MO025SKU111,2025-01-26,FAC002,SKU111,455
MO025SKU112,2025-01-26,FAC003,SKU112,131
MO025SKU113,2025-01-26,FAC001,SKU113,527
MO025SKU114,2025-01-26,FAC006,SKU114,512
MO025SKU115,2025-01-26,FAC006,SKU115,451
MO025SKU116,2025-01-26,FAC005,SKU116,391
MO025SKU117,2025-01-26,FAC002,SKU117,512
MO025SKU118,2025-01-26,FAC005,SKU118,107
MO025SKU119,2025-01-26,FAC003,SKU119,410
MO025SKU120,2025-01-26,FAC003,SKU120,269
MO025SKU121,2025-01-26,FAC006,SKU121,375
MO025SKU122,2025-01-26,FAC004,SKU122,166
MO025SKU123,2025-01-26,FAC006,SKU123,98
MO025SKU124,2025-01-26,FAC002,SKU124,428
MO025SKU125,2025-01-26,FAC002,SKU125,472
MO025SKU126,2025-01-26,FAC002,SKU126,442
MO025SKU127,2025-01-26,FAC004,SKU127,407
MO025SKU128,2025-01-26,FAC001,SKU128,316
MO025SKU129,2025-01-26,FAC006,SKU129,382
MO026SKU100,2025-01-27,FAC002,SKU100,202
MO026SKU101,2025-01-27,FAC003,SKU101,218
MO026SKU102,2025-01-27,FAC005,SKU102,394
MO026SKU103,2025-01-27,FAC006,SKU103,356
MO026SKU104,2025-01-27,FAC006,SKU104,134
MO026SKU105,2025-01-27,FAC002,SKU105,323
MO026SKU106,2025-01-27,FAC004,SKU106,305
MO026SKU107,2025-01-27,FAC006,SKU107,431
MO026SKU108,2025-01-27,FAC003,SKU108,146
MO026SKU109,2025-01-27,FAC001,SKU109,418
MO026SKU110,2025-01-27,FAC002,SKU110,403
MO026SKU111,2025-01-27,FAC006,SKU111,306
MO026SKU112,2025-01-27,FAC006,SKU112,451
MO026SKU113,2025-01-27,FAC002,SKU113,450
MO026SKU114,2025-01-27,FAC002,SKU114,132
MO026SKU115,2025-01-27,FAC001,SKU115,452
MO026SKU116,2025-01-27,FAC004,SKU116,279
MO026SKU117,2025-01-27,FAC002,SKU117,151
MO026SKU118,2025-01-27,FAC001,SKU118,111
MO026SKU119,2025-01-27,FAC003,SKU119,228
MO026SKU120,2025-01-27,FAC002,SKU120,296
MO026SKU121,2025-01-27,FAC005,SKU121,442
MO026SKU122,2025-01-27,FAC002,SKU122,92
MO026SKU123,2025-01-27,FAC006,SKU123,286
MO026SKU124,2025-01-27,FAC005,SKU124,180
MO026SKU125,2025-01-27,FAC001,SKU125,343
MO026SKU126,2025-01-27,FAC001,SKU126,148
MO026SKU127,2025-01-27,FAC004,SKU127,453
MO026SKU128,2025-01-27,FAC003,SKU128,506
MO026SKU129,2025-01-27,FAC005,SKU129,141
MO027SKU100,2025-01-28,FAC002,SKU100,344
MO027SKU101,2025-01-28,FAC005,SKU101,442
MO027SKU102,2025-01-28,FAC003,SKU102,74
MO027SKU103,2025-01-28,FAC005,SKU103,284
MO027SKU104,2025-01-28,FAC002,SKU104,295
MO027SKU105,2025-01-28,FAC001,SKU105,302
MO027SKU106,2025-01-28,FAC003,SKU106,373
MO027SKU107,2025-01-28,FAC004,SKU107,112
MO027SKU108,2025-01-28,FAC005,SKU108,255
MO027SKU109,2025-01-28,FAC004,SKU109,277
MO027SKU110,2025-01-28,FAC005,SKU110,396
MO027SKU111,2025-01-28,FAC001,SKU111,234
MO027SKU112,2025-01-28,FAC002,SKU112,198
MO027SKU113,2025-01-28,FAC006,SKU113,275
MO027SKU114,2025-01-28,FAC001,SKU114,411
MO027SKU115,2025-01-28,FAC002,SKU115,420
MO027SKU116,2025-01-28,FAC004,SKU116,192
MO027SKU117,2025-01-28,FAC001,SKU117,311
MO027SKU118,2025-01-28,FAC006,SKU118,412
MO027SKU119,2025-01-28,FAC002,SKU119,165
MO027SKU120,2025-01-28,FAC003,SKU120,98
MO027SKU121,2025-01-28,FAC006,SKU121,340
MO027SKU122,2025-01-28,FAC006,SKU122,194
MO027SKU123,2025-01-28,FAC001,SKU123,246
MO027SKU124,2025-01-28,FAC004,SKU124,92
MO027SKU125,2025-01-28,FAC006,SKU125,364
MO027SKU126,2025-01-28,FAC004,SKU126,413
MO027SKU127,2025-01-28,FAC005,SKU127,254
MO027SKU128,2025-01-28,FAC001,SKU128,305
MO027SKU129,2025-01-28,FAC001,SKU129,367
MO028SKU100,2025-01-29,FAC004,SKU100,232
MO028SKU101,2025-01-29,FAC001,SKU101,464
MO028SKU102,2025-01-29,FAC006,SKU102,307
MO028SKU103,2025-01-29,FAC005,SKU103,88
MO028SKU104,2025-01-29,FAC004,SKU104,320
MO028SKU105,2025-01-29,FAC003,SKU105,224
MO028SKU106,2025-01-29,FAC001,SKU106,127
MO028SKU107,2025-01-29,FAC003,SKU107,209
MO028SKU108,2025-01-29,FAC003,SKU108,415
MO028SKU109,2025-01-29,FAC002,SKU109,358
MO028SKU110,2025-01-29,FAC002,SKU110,348
MO028SKU111,2025-01-29,FAC001,SKU111,77
MO028SKU112,2025-01-29,FAC006,SKU112,393
MO028SKU113,2025-01-29,FAC001,SKU113,112
MO028SKU114,2025-01-29,FAC006,SKU114,442
MO028SKU115,2025-01-29,FAC005,SKU115,232
MO028SKU116,2025-01-29,FAC001,SKU116,283
MO028SKU117,2025-01-29,FAC001,SKU117,482
MO028SKU118,2025-01-29,FAC005,SKU118,204
MO028SKU119,2025-01-29,FAC004,SKU119,465
MO028SKU120,2025-01-29,FAC005,SKU120,111
MO028SKU121,2025-01-29,FAC001,SKU121,423
MO028SKU122,2025-01-29,FAC006,SKU122,358
MO028SKU123,2025-01-29,FAC003,SKU123,240
MO028SKU124,2025-01-29,FAC006,SKU124,490
MO028SKU125,2025-01-29,FAC002,SKU125,226
MO028SKU126,2025-01-29,FAC005,SKU126,169
MO028SKU127,2025-01-29,FAC004,SKU127,168
MO028SKU128,2025-01-29,FAC005,SKU128,242
MO028SKU129,2025-01-29,FAC003,SKU129,483
MO029SKU100,2025-01-30,FAC003,SKU100,338
MO029SKU101,2025-01-30,FAC001,SKU101,539
MO029SKU102,2025-01-30,FAC005,SKU102,314
MO029SKU103,2025-01-30,FAC004,SKU103,347
MO029SKU104,2025-01-30,FAC001,SKU104,471
MO029SKU105,2025-01-30,FAC002,SKU105,99
MO029SKU106,2025-01-30,FAC003,SKU106,204
MO029SKU107,2025-01-30,FAC001,SKU107,419
MO029SKU108,2025-01-30,FAC001,SKU108,361
MO029SKU109,2025-01-30,FAC006,SKU109,121
MO029SKU110,2025-01-30,FAC003,SKU110,481
MO029SKU111,2025-01-30,FAC001,SKU111,91
MO029SKU112,2025-01-30,FAC006,SKU112,378
MO029SKU113,2025-01-30,FAC006,SKU113,341
MO029SKU114,2025-01-30,FAC002,SKU114,165
MO029SKU115,2025-01-30,FAC002,SKU115,205
MO029SKU116,2025-01-30,FAC002,SKU116,415
MO029SKU117,2025-01-30,FAC005,SKU117,241
MO029SKU118,2025-01-30,FAC004,SKU118,99
MO029SKU119,2025-01-30,FAC005,SKU119,289
MO029SKU120,2025-01-30,FAC005,SKU120,432
MO029SKU121,2025-01-30,FAC006,SKU121,91
MO029SKU122,2025-01-30,FAC004,SKU122,327
MO029SKU123,2025-01-30,FAC004,SKU123,366
MO029SKU124,2025-01-30,FAC005,SKU124,166
MO029SKU125,2025-01-30,FAC003,SKU125,78
MO029SKU126,2025-01-30,FAC005,SKU126,496
MO029SKU127,2025-01-30,FAC002,SKU127,462
MO029SKU128,2025-01-30,FAC002,SKU128,128
MO029SKU129,2025-01-30,FAC006,SKU129,336
MO030SKU100,2025-01-31,FAC005,SKU100,410
MO030SKU101,2025-01-31,FAC004,SKU101,190
MO030SKU102,2025-01-31,FAC001,SKU102,223
MO030SKU103,2025-01-31,FAC002,SKU103,89
MO030SKU104,2025-01-31,FAC003,SKU104,387
MO030SKU105,2025-01-31,FAC002,SKU105,395
MO030SKU106,2025-01-31,FAC003,SKU106,430
MO030SKU107,2025-01-31,FAC006,SKU107,129
MO030SKU108,2025-01-31,FAC005,SKU108,187
MO030SKU109,2025-01-31,FAC003,SKU109,291
MO030SKU110,2025-01-31,FAC001,SKU110,420
MO030SKU111,2025-01-31,FAC002,SKU111,260
MO030SKU112,2025-01-31,FAC004,SKU112,324
MO030SKU113,2025-01-31,FAC005,SKU113,266
MO030SKU114,2025-01-31,FAC002,SKU114,416
MO030SKU115,2025-01-31,FAC004,SKU115,380
MO030SKU116,2025-01-31,FAC002,SKU116,446
MO030SKU117,2025-01-31,FAC006,SKU117,493
MO030SKU118,2025-01-31,FAC005,SKU118,355
MO030SKU119,2025-01-31,FAC005,SKU119,167
MO030SKU120,2025-01-31,FAC004,SKU120,396
MO030SKU121,2025-01-31,FAC002,SKU121,251
MO030SKU122,2025-01-31,FAC001,SKU122,275
MO030SKU123,2025-01-31,FAC006,SKU123,478
MO030SKU124,2025-01-31,FAC003,SKU124,244
MO030SKU125,2025-01-31,FAC003,SKU125,203
MO030SKU126,2025-01-31,FAC001,SKU126,465
MO030SKU127,2025-01-31,FAC004,SKU127,267
MO030SKU128,2025-01-31,FAC004,SKU128,293
MO030SKU129,2025-01-31,FAC004,SKU129,389
MO031SKU100,2025-02-01,FAC005,SKU100,202
MO031SKU101,2025-02-01,FAC005,SKU101,164
MO031SKU102,2025-02-01,FAC004,SKU102,367
MO031SKU103,2025-02-01,FAC004,SKU103,404
MO031SKU104,2025-02-01,FAC002,SKU104,99
MO031SKU105,2025-02-01,FAC006,SKU105,328
MO031SKU106,2025-02-01,FAC006,SKU106,451
MO031SKU107,2025-02-01,FAC001,SKU107,237
MO031SKU108,2025-02-01,FAC004,SKU108,361
MO031SKU109,2025-02-01,FAC004,SKU109,92
MO031SKU110,2025-02-01,FAC006,SKU110,248
MO031SKU111,2025-02-01,FAC001,SKU111,318
MO031SKU112,2025-02-01,FAC001,SKU112,177
MO031SKU113,2025-02-01,FAC004,SKU113,149
MO031SKU114,2025-02-01,FAC003,SKU114,315
MO031SKU115,2025-02-01,FAC002,SKU115,411
MO031SKU116,2025-02-01,FAC004,SKU116,257
MO031SKU117,2025-02-01,FAC003,SKU117,208
MO031SKU118,2025-02-01,FAC002,SKU118,245
MO031SKU119,2025-02-01,FAC001,SKU119,458
MO031SKU120,2025-02-01,FAC004,SKU120,284
MO031SKU121,2025-02-01,FAC001,SKU121,414
MO031SKU122,2025-02-01,FAC004,SKU122,292
MO031SKU123,2025-02-01,FAC004,SKU123,447
MO031SKU124,2025-02-01,FAC001,SKU124,205
MO031SKU125,2025-02-01,FAC005,SKU125,482
MO031SKU126,2025-02-01,FAC006,SKU126,363
MO031SKU127,2025-02-01,FAC004,SKU127,146
MO031SKU128,2025-02-01,FAC002,SKU128,153
MO031SKU129,2025-02-01,FAC006,SKU129,108
MO032SKU100,2025-02-02,FAC005,SKU100,103
MO032SKU101,2025-02-02,FAC001,SKU101,353
MO032SKU102,2025-02-02,FAC005,SKU102,173
MO032SKU103,2025-02-02,FAC001,SKU103,507
MO032SKU104,2025-02-02,FAC001,SKU104,164
MO032SKU105,2025-02-02,FAC003,SKU105,262
MO032SKU106,2025-02-02,FAC006,SKU106,301
MO032SKU107,2025-02-02,FAC001,SKU107,363
MO032SKU108,2025-02-02,FAC005,SKU108,239
MO032SKU109,2025-02-02,FAC001,SKU109,433
MO032SKU110,2025-02-02,FAC001,SKU110,276
MO032SKU111,2025-02-02,FAC003,SKU111,304
MO032SKU112,2025-02-02,FAC003,SKU112,251
MO032SKU113,2025-02-02,FAC006,SKU113,246
MO032SKU114,2025-02-02,FAC002,SKU114,118
MO032SKU115,2025-02-02,FAC004,SKU115,262
MO032SKU116,2025-02-02,FAC004,SKU116,262
MO032SKU117,2025-02-02,FAC004,SKU117,403
MO032SKU118,2025-02-02,FAC005,SKU118,323
MO032SKU119,2025-02-02,FAC005,SKU119,301
MO032SKU120,2025-02-02,FAC006,SKU120,173
MO032SKU121,2025-02-02,FAC005,SKU121,322
MO032SKU122,2025-02-02,FAC002,SKU122,407
MO032SKU123,2025-02-02,FAC002,SKU123,164
MO032SKU124,2025-02-02,FAC003,SKU124,338
MO032SKU125,2025-02-02,FAC004,SKU125,193
MO032SKU126,2025-02-02,FAC001,SKU126,306
MO032SKU127,2025-02-02,FAC004,SKU127,113
MO032SKU128,2025-02-02,FAC004,SKU128,325
MO032SKU129,2025-02-02,FAC002,SKU129,395
MO033SKU100,2025-02-03,FAC005,SKU100,198
MO033SKU101,2025-02-03,FAC006,SKU101,459
MO033SKU102,2025-02-03,FAC006,SKU102,313
MO033SKU103,2025-02-03,FAC002,SKU103,383
MO033SKU104,2025-02-03,FAC003,SKU104,416
MO033SKU105,2025-02-03,FAC004,SKU105,480
MO033SKU106,2025-02-03,FAC004,SKU106,268
MO033SKU107,2025-02-03,FAC006,SKU107,204
MO033SKU108,2025-02-03,FAC001,SKU108,379
MO033SKU109,2025-02-03,FAC003,SKU109,356
MO033SKU110,2025-02-03,FAC003,SKU110,410
MO033SKU111,2025-02-03,FAC001,SKU111,431
MO033SKU112,2025-02-03,FAC003,SKU112,217
MO033SKU113,2025-02-03,FAC006,SKU113,414
MO033SKU114,2025-02-03,FAC002,SKU114,213
MO033SKU115,2025-02-03,FAC005,SKU115,114
MO033SKU116,2025-02-03,FAC002,SKU116,444
MO033SKU117,2025-02-03,FAC003,SKU117,89
MO033SKU118,2025-02-03,FAC006,SKU118,276
MO033SKU119,2025-02-03,FAC005,SKU119,410
MO033SKU120,2025-02-03,FAC006,SKU120,171
MO033SKU121,2025-02-03,FAC004,SKU121,469
MO033SKU122,2025-02-03,FAC003,SKU122,457
MO033SKU123,2025-02-03,FAC005,SKU123,158
MO033SKU124,2025-02-03,FAC002,SKU124,257
MO033SKU125,2025-02-03,FAC005,SKU125,240
MO033SKU126,2025-02-03,FAC003,SKU126,194
MO033SKU127,2025-02-03,FAC002,SKU127,152
MO033SKU128,2025-02-03,FAC003,SKU128,240
MO033SKU129,2025-02-03,FAC004,SKU129,247
MO034SKU100,2025-02-04,FAC003,SKU100,156
MO034SKU101,2025-02-04,FAC004,SKU101,360
MO034SKU102,2025-02-04,FAC002,SKU102,270
MO034SKU103,2025-02-04,FAC006,SKU103,112
MO034SKU104,2025-02-04,FAC001,SKU104,248
MO034SKU105,2025-02-04,FAC002,SKU105,236
MO034SKU106,2025-02-04,FAC001,SKU106,459
MO034SKU107,2025-02-04,FAC004,SKU107,399
MO034SKU108,2025-02-04,FAC004,SKU108,279
MO034SKU109,2025-02-04,FAC006,SKU109,102
MO034SKU110,2025-02-04,FAC005,SKU110,79
MO034SKU111,2025-02-04,FAC006,SKU111,115
MO034SKU112,2025-02-04,FAC003,SKU112,206
MO034SKU113,2025-02-04,FAC005,SKU113,163
MO034SKU114,2025-02-04,FAC001,SKU114,235
MO034SKU115,2025-02-04,FAC005,SKU115,246
MO034SKU116,2025-02-04,FAC006,SKU116,336
MO034SKU117,2025-02-04,FAC004,SKU117,257
MO034SKU118,2025-02-04,FAC004,SKU118,445
MO034SKU119,2025-02-04,FAC002,SKU119,189
MO034SKU120,2025-02-04,FAC005,SKU120,445
MO034SKU121,2025-02-04,FAC006,SKU121,173
MO034SKU122,2025-02-04,FAC006,SKU122,95
MO034SKU123,2025-02-04,FAC001,SKU123,492
MO034SKU124,2025-02-04,FAC006,SKU124,137
MO034SKU125,2025-02-04,FAC001,SKU125,96
MO034SKU126,2025-02-04,FAC005,SKU126,303
MO034SKU127,2025-02-04,FAC002,SKU127,346
MO034SKU128,2025-02-04,FAC003,SKU128,437
MO034SKU129,2025-02-04,FAC005,SKU129,415
MO035SKU100,2025-02-05,FAC003,SKU100,372
MO035SKU101,2025-02-05,FAC001,SKU101,304
MO035SKU102,2025-02-05,FAC006,SKU102,373
MO035SKU103,2025-02-05,FAC001,SKU103,306
MO035SKU104,2025-02-05,FAC001,SKU104,456
MO035SKU105,2025-02-05,FAC002,SKU105,413
MO035SKU106,2025-02-05,FAC001,SKU106,152
MO035SKU107,2025-02-05,FAC003,SKU107,471
MO035SKU108,2025-02-05,FAC003,SKU108,194
MO035SKU109,2025-02-05,FAC002,SKU109,352
MO035SKU110,2025-02-05,FAC003,SKU110,131
MO035SKU111,2025-02-05,FAC006,SKU111,413
MO035SKU112,2025-02-05,FAC001,SKU112,108
MO035SKU113,2025-02-05,FAC002,SKU113,151
MO035SKU114,2025-02-05,FAC005,SKU114,260
MO035SKU115,2025-02-05,FAC003,SKU115,446
MO035SKU116,2025-02-05,FAC004,SKU116,135
MO035SKU117,2025-02-05,FAC004,SKU117,308
MO035SKU118,2025-02-05,FAC002,SKU118,282
MO035SKU119,2025-02-05,FAC001,SKU119,187
MO035SKU120,2025-02-05,FAC005,SKU120,171
MO035SKU121,2025-02-05,FAC004,SKU121,481
MO035SKU122,2025-02-05,FAC003,SKU122,411
MO035SKU123,2025-02-05,FAC006,SKU123,131
MO035SKU124,2025-02-05,FAC004,SKU124,133
MO035SKU125,2025-02-05,FAC001,SKU125,286
MO035SKU126,2025-02-05,FAC006,SKU126,450
MO035SKU127,2025-02-05,FAC006,SKU127,443
MO035SKU128,2025-02-05,FAC006,SKU128,485
MO035SKU129,2025-02-05,FAC006,SKU129,277
MO036SKU100,2025-02-06,FAC004,SKU100,164
MO036SKU101,2025-02-06,FAC003,SKU101,186
MO036SKU102,2025-02-06,FAC006,SKU102,343
MO036SKU103,2025-02-06,FAC001,SKU103,295
MO036SKU104,2025-02-06,FAC004,SKU104,292
MO036SKU105,2025-02-06,FAC001,SKU105,346
MO036SKU106,2025-02-06,FAC001,SKU106,466
MO036SKU107,2025-02-06,FAC005,SKU107,271
MO036SKU108,2025-02-06,FAC005,SKU108,146
MO036SKU109,2025-02-06,FAC005,SKU109,228
MO036SKU110,2025-02-06,FAC003,SKU110,418
MO036SKU111,2025-02-06,FAC004,SKU111,108
MO036SKU112,2025-02-06,FAC005,SKU112,376
MO036SKU113,2025-02-06,FAC006,SKU113,454
MO036SKU114,2025-02-06,FAC006,SKU114,132
MO036SKU115,2025-02-06,FAC006,SKU115,112
MO036SKU116,2025-02-06,FAC003,SKU116,253
MO036SKU117,2025-02-06,FAC002,SKU117,145
MO036SKU118,2025-02-06,FAC006,SKU118,177
MO036SKU119,2025-02-06,FAC005,SKU119,281
MO036SKU120,2025-02-06,FAC004,SKU120,169
MO036SKU121,2025-02-06,FAC002,SKU121,339
MO036SKU122,2025-02-06,FAC004,SKU122,235
MO036SKU123,2025-02-06,FAC005,SKU123,391
MO036SKU124,2025-02-06,FAC004,SKU124,497
MO036SKU125,2025-02-06,FAC002,SKU125,392
MO036SKU126,2025-02-06,FAC001,SKU126,97
MO036SKU127,2025-02-06,FAC004,SKU127,340
MO036SKU128,2025-02-06,FAC002,SKU128,364
MO036SKU129,2025-02-06,FAC002,SKU129,362
MO037SKU100,2025-02-07,FAC005,SKU100,268
MO037SKU101,2025-02-07,FAC005,SKU101,260
MO037SKU102,2025-02-07,FAC005,SKU102,216
MO037SKU103,2025-02-07,FAC006,SKU103,216
MO037SKU104,2025-02-07,FAC002,SKU104,455
MO037SKU105,2025-02-07,FAC003,SKU105,382
MO037SKU106,2025-02-07,FAC005,SKU106,149
MO037SKU107,2025-02-07,FAC006,SKU107,403
MO037SKU108,2025-02-07,FAC005,SKU108,291
MO037SKU109,2025-02-07,FAC005,SKU109,282
MO037SKU110,2025-02-07,FAC001,SKU110,114
MO037SKU111,2025-02-07,FAC002,SKU111,106
MO037SKU112,2025-02-07,FAC001,SKU112,453
MO037SKU113,2025-02-07,FAC005,SKU113,463
MO037SKU114,2025-02-07,FAC001,SKU114,282
MO037SKU115,2025-02-07,FAC002,SKU115,452
MO037SKU116,2025-02-07,FAC002,SKU116,423
MO037SKU117,2025-02-07,FAC006,SKU117,479
MO037SKU118,2025-02-07,FAC004,SKU118,438
MO037SKU119,2025-02-07,FAC006,SKU119,293
MO037SKU120,2025-02-07,FAC006,SKU120,358
MO037SKU121,2025-02-07,FAC004,SKU121,216
MO037SKU122,2025-02-07,FAC006,SKU122,220
MO037SKU123,2025-02-07,FAC005,SKU123,425
MO037SKU124,2025-02-07,FAC006,SKU124,450
MO037SKU125,2025-02-07,FAC006,SKU125,214
MO037SKU126,2025-02-07,FAC006,SKU126,187
MO037SKU127,2025-02-07,FAC004,SKU127,138
MO037SKU128,2025-02-07,FAC002,SKU128,381
MO037SKU129,2025-02-07,FAC004,SKU129,235
MO038SKU100,2025-02-08,FAC005,SKU100,164
MO038SKU101,2025-02-08,FAC004,SKU101,277
MO038SKU102,2025-02-08,FAC002,SKU102,280
MO038SKU103,2025-02-08,FAC003,SKU103,242
MO038SKU104,2025-02-08,FAC004,SKU104,480
MO038SKU105,2025-02-08,FAC001,SKU105,452
MO038SKU106,2025-02-08,FAC002,SKU106,459
MO038SKU107,2025-02-08,FAC005,SKU107,403
MO038SKU108,2025-02-08,FAC003,SKU108,104
MO038SKU109,2025-02-08,FAC004,SKU109,483
MO038SKU110,2025-02-08,FAC001,SKU110,394
MO038SKU111,2025-02-08,FAC003,SKU111,356
MO038SKU112,2025-02-08,FAC004,SKU112,473
MO038SKU113,2025-02-08,FAC002,SKU113,231
MO038SKU114,2025-02-08,FAC001,SKU114,333
MO038SKU115,2025-02-08,FAC001,SKU115,495
MO038SKU116,2025-02-08,FAC006,SKU116,142
MO038SKU117,2025-02-08,FAC004,SKU117,222
MO038SKU118,2025-02-08,FAC006,SKU118,169
MO038SKU119,2025-02-08,FAC006,SKU119,491
MO038SKU120,2025-02-08,FAC002,SKU120,97
MO038SKU121,2025-02-08,FAC001,SKU121,300
MO038SKU122,2025-02-08,FAC003,SKU122,132
MO038SKU123,2025-02-08,FAC002,SKU123,154
MO038SKU124,2025-02-08,FAC004,SKU124,232
MO038SKU125,2025-02-08,FAC001,SKU125,291
MO038SKU126,2025-02-08,FAC001,SKU126,445
MO038SKU127,2025-02-08,FAC006,SKU127,465
MO038SKU128,2025-02-08,FAC001,SKU128,105
MO038SKU129,2025-02-08,FAC006,SKU129,336
MO039SKU100,2025-02-09,FAC006,SKU100,440
MO039SKU101,2025-02-09,FAC006,SKU101,490
MO039SKU102,2025-02-09,FAC005,SKU102,74
MO039SKU103,2025-02-09,FAC005,SKU103,161
MO039SKU104,2025-02-09,FAC001,SKU104,280
MO039SKU105,2025-02-09,FAC006,SKU105,189
MO039SKU106,2025-02-09,FAC006,SKU106,222
MO039SKU107,2025-02-09,FAC002,SKU107,336
MO039SKU108,2025-02-09,FAC002,SKU108,382
MO039SKU109,2025-02-09,FAC005,SKU109,206
MO039SKU110,2025-02-09,FAC005,SKU110,116
MO039SKU111,2025-02-09,FAC003,SKU111,432
MO039SKU112,2025-02-09,FAC002,SKU112,140
MO039SKU113,2025-02-09,FAC003,SKU113,379
MO039SKU114,2025-02-09,FAC002,SKU114,131
MO039SKU115,2025-02-09,FAC002,SKU115,225
MO039SKU116,2025-02-09,FAC005,SKU116,350
MO039SKU117,2025-02-09,FAC002,SKU117,252
MO039SKU118,2025-02-09,FAC003,SKU118,377
MO039SKU119,2025-02-09,FAC002,SKU119,196
MO039SKU120,2025-02-09,FAC006,SKU120,200
MO039SKU121,2025-02-09,FAC002,SKU121,244
MO039SKU122,2025-02-09,FAC004,SKU122,464
MO039SKU123,2025-02-09,FAC003,SKU123,319
MO039SKU124,2025-02-09,FAC006,SKU124,380
MO039SKU125,2025-02-09,FAC002,SKU125,158
MO039SKU126,2025-02-09,FAC006,SKU126,391
MO039SKU127,2025-02-09,FAC001,SKU127,437
MO039SKU128,2025-02-09,FAC006,SKU128,70
MO039SKU129,2025-02-09,FAC004,SKU129,525
MO040SKU100,2025-02-10,FAC004,SKU100,339
MO040SKU101,2025-02-10,FAC002,SKU101,371
MO040SKU102,2025-02-10,FAC006,SKU102,482
MO040SKU103,2025-02-10,FAC004,SKU103,457
MO040SKU104,2025-02-10,FAC005,SKU104,193
MO040SKU105,2025-02-10,FAC004,SKU105,194
MO040SKU106,2025-02-10,FAC004,SKU106,257
MO040SKU107,2025-02-10,FAC002,SKU107,94
MO040SKU108,2025-02-10,FAC003,SKU108,426
MO040SKU109,2025-02-10,FAC001,SKU109,302
MO040SKU110,2025-02-10,FAC006,SKU110,425
MO040SKU111,2025-02-10,FAC006,SKU111,400
MO040SKU112,2025-02-10,FAC002,SKU112,380
MO040SKU113,2025-02-10,FAC005,SKU113,435
MO040SKU114,2025-02-10,FAC004,SKU114,157
MO040SKU115,2025-02-10,FAC003,SKU115,226
MO040SKU116,2025-02-10,FAC004,SKU116,292
MO040SKU117,2025-02-10,FAC002,SKU117,397
MO040SKU118,2025-02-10,FAC005,SKU118,185
MO040SKU119,2025-02-10,FAC002,SKU119,213
MO040SKU120,2025-02-10,FAC001,SKU120,287
MO040SKU121,2025-02-10,FAC003,SKU121,223
MO040SKU122,2025-02-10,FAC004,SKU122,148
MO040SKU123,2025-02-10,FAC006,SKU123,220
MO040SKU124,2025-02-10,FAC001,SKU124,278
MO040SKU125,2025-02-10,FAC002,SKU125,393
MO040SKU126,2025-02-10,FAC005,SKU126,331
MO040SKU127,2025-02-10,FAC002,SKU127,121
MO040SKU128,2025-02-10,FAC005,SKU128,307
MO040SKU129,2025-02-10,FAC006,SKU129,111
MO041SKU100,2025-02-11,FAC003,SKU100,389
MO041SKU101,2025-02-11,FAC004,SKU101,468
MO041SKU102,2025-02-11,FAC004,SKU102,386
MO041SKU103,2025-02-11,FAC002,SKU103,160
MO041SKU104,2025-02-11,FAC002,SKU104,356
MO041SKU105,2025-02-11,FAC005,SKU105,147
MO041SKU106,2025-02-11,FAC005,SKU106,111
MO041SKU107,2025-02-11,FAC004,SKU107,487
MO041SKU108,2025-02-11,FAC005,SKU108,178
MO041SKU109,2025-02-11,FAC006,SKU109,101
MO041SKU110,2025-02-11,FAC003,SKU110,335
MO041SKU111,2025-02-11,FAC004,SKU111,96
MO041SKU112,2025-02-11,FAC004,SKU112,492
MO041SKU113,2025-02-11,FAC006,SKU113,397
MO041SKU114,2025-02-11,FAC003,SKU114,140
MO041SKU115,2025-02-11,FAC001,SKU115,470
MO041SKU116,2025-02-11,FAC004,SKU116,382
MO041SKU117,2025-02-11,FAC006,SKU117,206
MO041SKU118,2025-02-11,FAC001,SKU118,96
MO041SKU119,2025-02-11,FAC002,SKU119,107
MO041SKU120,2025-02-11,FAC003,SKU120,477
MO041SKU121,2025-02-11,FAC005,SKU121,155
MO041SKU122,2025-02-11,FAC004,SKU122,229
MO041SKU123,2025-02-11,FAC006,SKU123,272
MO041SKU124,2025-02-11,FAC005,SKU124,496
MO041SKU125,2025-02-11,FAC003,SKU125,380
MO041SKU126,2025-02-11,FAC003,SKU126,380
MO041SKU127,2025-02-11,FAC004,SKU127,283
MO041SKU128,2025-02-11,FAC006,SKU128,137
MO041SKU129,2025-02-11,FAC006,SKU129,502
MO042SKU100,2025-02-12,FAC004,SKU100,306
MO042SKU101,2025-02-12,FAC003,SKU101,97
MO042SKU102,2025-02-12,FAC004,SKU102,430
MO042SKU103,2025-02-12,FAC005,SKU103,283
MO042SKU104,2025-02-12,FAC001,SKU104,484
MO042SKU105,2025-02-12,FAC006,SKU105,487
MO042SKU106,2025-02-12,FAC006,SKU106,343
MO042SKU107,2025-02-12,FAC002,SKU107,473
MO042SKU108,2025-02-12,FAC005,SKU108,505
MO042SKU109,2025-02-12,FAC006,SKU109,180
MO042SKU110,2025-02-12,FAC001,SKU110,254
MO042SKU111,2025-02-12,FAC004,SKU111,126
MO042SKU112,2025-02-12,FAC005,SKU112,414
MO042SKU113,2025-02-12,FAC006,SKU113,329
MO042SKU114,2025-02-12,FAC006,SKU114,159
MO042SKU115,2025-02-12,FAC003,SKU115,368
MO042SKU116,2025-02-12,FAC005,SKU116,489
MO042SKU117,2025-02-12,FAC005,SKU117,292
MO042SKU118,2025-02-12,FAC005,SKU118,199
MO042SKU119,2025-02-12,FAC003,SKU119,367
MO042SKU120,2025-02-12,FAC003,SKU120,175
MO042SKU121,2025-02-12,FAC005,SKU121,351
MO042SKU122,2025-02-12,FAC004,SKU122,451
MO042SKU123,2025-02-12,FAC003,SKU123,356
MO042SKU124,2025-02-12,FAC005,SKU124,349
MO042SKU125,2025-02-12,FAC003,SKU125,78
MO042SKU126,2025-02-12,FAC002,SKU126,298
MO042SKU127,2025-02-12,FAC003,SKU127,445
MO042SKU128,2025-02-12,FAC001,SKU128,284
MO042SKU129,2025-02-12,FAC001,SKU129,219
MO043SKU100,2025-02-13,FAC002,SKU100,248
MO043SKU101,2025-02-13,FAC003,SKU101,196
MO043SKU102,2025-02-13,FAC001,SKU102,501
MO043SKU103,2025-02-13,FAC001,SKU103,447
MO043SKU104,2025-02-13,FAC004,SKU104,360
MO043SKU105,2025-02-13,FAC005,SKU105,432
MO043SKU106,2025-02-13,FAC005,SKU106,217
MO043SKU107,2025-02-13,FAC005,SKU107,271
MO043SKU108,2025-02-13,FAC004,SKU108,117
MO043SKU109,2025-02-13,FAC003,SKU109,361
MO043SKU110,2025-02-13,FAC004,SKU110,418
MO043SKU111,2025-02-13,FAC003,SKU111,461
MO043SKU112,2025-02-13,FAC002,SKU112,88
MO043SKU113,2025-02-13,FAC003,SKU113,396
MO043SKU114,2025-02-13,FAC003,SKU114,207
MO043SKU115,2025-02-13,FAC005,SKU115,218
MO043SKU116,2025-02-13,FAC004,SKU116,260
MO043SKU117,2025-02-13,FAC003,SKU117,297
MO043SKU118,2025-02-13,FAC002,SKU118,301
MO043SKU119,2025-02-13,FAC006,SKU119,141
MO043SKU120,2025-02-13,FAC003,SKU120,527
MO043SKU121,2025-02-13,FAC004,SKU121,192
MO043SKU122,2025-02-13,FAC006,SKU122,143
MO043SKU123,2025-02-13,FAC002,SKU123,328
MO043SKU124,2025-02-13,FAC006,SKU124,348
MO043SKU125,2025-02-13,FAC004,SKU125,352
MO043SKU126,2025-02-13,FAC005,SKU126,191
MO043SKU127,2025-02-13,FAC002,SKU127,266
MO043SKU128,2025-02-13,FAC004,SKU128,223
MO043SKU129,2025-02-13,FAC006,SKU129,403
MO044SKU100,2025-02-14,FAC006,SKU100,432
MO044SKU101,2025-02-14,FAC003,SKU101,129
MO044SKU102,2025-02-14,FAC002,SKU102,423
MO044SKU103,2025-02-14,FAC004,SKU103,513
MO044SKU104,2025-02-14,FAC001,SKU104,378
MO044SKU105,2025-02-14,FAC003,SKU105,162
MO044SKU106,2025-02-14,FAC003,SKU106,432
MO044SKU107,2025-02-14,FAC004,SKU107,439
MO044SKU108,2025-02-14,FAC005,SKU108,273
MO044SKU109,2025-02-14,FAC001,SKU109,279
MO044SKU110,2025-02-14,FAC003,SKU110,492
MO044SKU111,2025-02-14,FAC001,SKU111,453
MO044SKU112,2025-02-14,FAC001,SKU112,149
MO044SKU113,2025-02-14,FAC001,SKU113,351
MO044SKU114,2025-02-14,FAC001,SKU114,269
MO044SKU115,2025-02-14,FAC001,SKU115,235
MO044SKU116,2025-02-14,FAC002,SKU116,306
MO044SKU117,2025-02-14,FAC002,SKU117,213
MO044SKU118,2025-02-14,FAC001,SKU118,331
MO044SKU119,2025-02-14,FAC003,SKU119,454
MO044SKU120,2025-02-14,FAC005,SKU120,362
MO044SKU121,2025-02-14,FAC002,SKU121,259
MO044SKU122,2025-02-14,FAC005,SKU122,455
MO044SKU123,2025-02-14,FAC006,SKU123,349
MO044SKU124,2025-02-14,FAC006,SKU124,388
MO044SKU125,2025-02-14,FAC003,SKU125,363
MO044SKU126,2025-02-14,FAC001,SKU126,364
MO044SKU127,2025-02-14,FAC003,SKU127,226
MO044SKU128,2025-02-14,FAC005,SKU128,267
MO044SKU129,2025-02-14,FAC003,SKU129,466
MO045SKU100,2025-02-15,FAC004,SKU100,396
MO045SKU101,2025-02-15,FAC002,SKU101,357
MO045SKU102,2025-02-15,FAC004,SKU102,479
MO045SKU103,2025-02-15,FAC001,SKU103,280
MO045SKU104,2025-02-15,FAC005,SKU104,431
MO045SKU105,2025-02-15,FAC003,SKU105,456
MO045SKU106,2025-02-15,FAC003,SKU106,466
MO045SKU107,2025-02-15,FAC002,SKU107,164
MO045SKU108,2025-02-15,FAC004,SKU108,247
MO045SKU109,2025-02-15,FAC005,SKU109,322
MO045SKU110,2025-02-15,FAC002,SKU110,159
MO045SKU111,2025-02-15,FAC001,SKU111,351
MO045SKU112,2025-02-15,FAC004,SKU112,243
MO045SKU113,2025-02-15,FAC002,SKU113,64
MO045SKU114,2025-02-15,FAC004,SKU114,331
MO045SKU115,2025-02-15,FAC003,SKU115,491
MO045SKU116,2025-02-15,FAC003,SKU116,421
MO045SKU117,2025-02-15,FAC001,SKU117,461
MO045SKU118,2025-02-15,FAC005,SKU118,487
MO045SKU119,2025-02-15,FAC003,SKU119,204
MO045SKU120,2025-02-15,FAC001,SKU120,304
MO045SKU121,2025-02-15,FAC004,SKU121,440
MO045SKU122,2025-02-15,FAC002,SKU122,466
MO045SKU123,2025-02-15,FAC005,SKU123,478
MO045SKU124,2025-02-15,FAC006,SKU124,185
MO045SKU125,2025-02-15,FAC006,SKU125,227
MO045SKU126,2025-02-15,FAC005,SKU126,448
MO045SKU127,2025-02-15,FAC003,SKU127,201
MO045SKU128,2025-02-15,FAC006,SKU128,257
MO045SKU129,2025-02-15,FAC004,SKU129,137
MO046SKU100,2025-02-16,FAC001,SKU100,230
MO046SKU101,2025-02-16,FAC006,SKU101,379
MO046SKU102,2025-02-16,FAC002,SKU102,134
MO046SKU103,2025-02-16,FAC002,SKU103,365
MO046SKU104,2025-02-16,FAC005,SKU104,229
MO046SKU105,2025-02-16,FAC004,SKU105,436
MO046SKU106,2025-02-16,FAC004,SKU106,180
MO046SKU107,2025-02-16,FAC001,SKU107,461
MO046SKU108,2025-02-16,FAC003,SKU108,455
MO046SKU109,2025-02-16,FAC005,SKU109,427
MO046SKU110,2025-02-16,FAC006,SKU110,367
MO046SKU111,2025-02-16,FAC005,SKU111,258
MO046SKU112,2025-02-16,FAC005,SKU112,352
MO046SKU113,2025-02-16,FAC003,SKU113,324
MO046SKU114,2025-02-16,FAC006,SKU114,279
MO046SKU115,2025-02-16,FAC001,SKU115,293
MO046SKU116,2025-02-16,FAC002,SKU116,266
MO046SKU117,2025-02-16,FAC005,SKU117,481
MO046SKU118,2025-02-16,FAC006,SKU118,289
MO046SKU119,2025-02-16,FAC005,SKU119,470
MO046SKU120,2025-02-16,FAC003,SKU120,232
MO046SKU121,2025-02-16,FAC001,SKU121,111
MO046SKU122,2025-02-16,FAC001,SKU122,138
MO046SKU123,2025-02-16,FAC001,SKU123,116
MO046SKU124,2025-02-16,FAC004,SKU124,394
MO046SKU125,2025-02-16,FAC006,SKU125,347
MO046SKU126,2025-02-16,FAC002,SKU126,229
MO046SKU127,2025-02-16,FAC002,SKU127,468
MO046SKU128,2025-02-16,FAC001,SKU128,340
MO046SKU129,2025-02-16,FAC003,SKU129,505
MO047SKU100,2025-02-17,FAC006,SKU100,339
MO047SKU101,2025-02-17,FAC002,SKU101,365
MO047SKU102,2025-02-17,FAC006,SKU102,456
MO047SKU103,2025-02-17,FAC005,SKU103,177
MO047SKU104,2025-02-17,FAC006,SKU104,478
MO047SKU105,2025-02-17,FAC006,SKU105,285
MO047SKU106,2025-02-17,FAC002,SKU106,328
MO047SKU107,2025-02-17,FAC005,SKU107,173
MO047SKU108,2025-02-17,FAC005,SKU108,424
MO047SKU109,2025-02-17,FAC005,SKU109,260
MO047SKU110,2025-02-17,FAC006,SKU110,277
MO047SKU111,2025-02-17,FAC002,SKU111,467
MO047SKU112,2025-02-17,FAC005,SKU112,398
MO047SKU113,2025-02-17,FAC004,SKU113,469
MO047SKU114,2025-02-17,FAC001,SKU114,281
MO047SKU115,2025-02-17,FAC002,SKU115,421
MO047SKU116,2025-02-17,FAC002,SKU116,227
MO047SKU117,2025-02-17,FAC006,SKU117,273
MO047SKU118,2025-02-17,FAC005,SKU118,236
MO047SKU119,2025-02-17,FAC002,SKU119,358
MO047SKU120,2025-02-17,FAC002,SKU120,87
MO047SKU121,2025-02-17,FAC005,SKU121,210
MO047SKU122,2025-02-17,FAC003,SKU122,184
MO047SKU123,2025-02-17,FAC002,SKU123,398
MO047SKU124,2025-02-17,FAC004,SKU124,110
MO047SKU125,2025-02-17,FAC006,SKU125,353
MO047SKU126,2025-02-17,FAC001,SKU126,393
MO047SKU127,2025-02-17,FAC006,SKU127,439
MO047SKU128,2025-02-17,FAC001,SKU128,413
MO047SKU129,2025-02-17,FAC004,SKU129,480
MO048SKU100,2025-02-18,FAC001,SKU100,460
MO048SKU101,2025-02-18,FAC004,SKU101,482
MO048SKU102,2025-02-18,FAC001,SKU102,378
MO048SKU103,2025-02-18,FAC004,SKU103,290
MO048SKU104,2025-02-18,FAC004,SKU104,163
MO048SKU105,2025-02-18,FAC004,SKU105,457
MO048SKU106,2025-02-18,FAC004,SKU106,152
MO048SKU107,2025-02-18,FAC002,SKU107,447
MO048SKU108,2025-02-18,FAC004,SKU108,387
MO048SKU109,2025-02-18,FAC005,SKU109,399
MO048SKU110,2025-02-18,FAC001,SKU110,345
MO048SKU111,2025-02-18,FAC006,SKU111,516
MO048SKU112,2025-02-18,FAC006,SKU112,380
MO048SKU113,2025-02-18,FAC002,SKU113,296
MO048SKU114,2025-02-18,FAC001,SKU114,285
MO048SKU115,2025-02-18,FAC003,SKU115,255
MO048SKU116,2025-02-18,FAC004,SKU116,519
MO048SKU117,2025-02-18,FAC002,SKU117,146
MO048SKU118,2025-02-18,FAC006,SKU118,464
MO048SKU119,2025-02-18,FAC001,SKU119,118
MO048SKU120,2025-02-18,FAC003,SKU120,377
MO048SKU121,2025-02-18,FAC001,SKU121,254
MO048SKU122,2025-02-18,FAC003,SKU122,303
MO048SKU123,2025-02-18,FAC002,SKU123,472
MO048SKU124,2025-02-18,FAC005,SKU124,357
MO048SKU125,2025-02-18,FAC002,SKU125,422
MO048SKU126,2025-02-18,FAC004,SKU126,454
MO048SKU127,2025-02-18,FAC003,SKU127,409
MO048SKU128,2025-02-18,FAC006,SKU128,129
MO048SKU129,2025-02-18,FAC006,SKU129,258
MO049SKU100,2025-02-19,FAC005,SKU100,255
MO049SKU101,2025-02-19,FAC005,SKU101,134
MO049SKU102,2025-02-19,FAC001,SKU102,349
MO049SKU103,2025-02-19,FAC003,SKU103,207
MO049SKU104,2025-02-19,FAC002,SKU104,311
MO049SKU105,2025-02-19,FAC003,SKU105,277
MO049SKU106,2025-02-19,FAC005,SKU106,231
MO049SKU107,2025-02-19,FAC003,SKU107,531
MO049SKU108,2025-02-19,FAC001,SKU108,318
MO049SKU109,2025-02-19,FAC002,SKU109,353
MO049SKU110,2025-02-19,FAC006,SKU110,242
MO049SKU111,2025-02-19,FAC005,SKU111,147
MO049SKU112,2025-02-19,FAC006,SKU112,387
MO049SKU113,2025-02-19,FAC002,SKU113,300
MO049SKU114,2025-02-19,FAC003,SKU114,247
MO049SKU115,2025-02-19,FAC006,SKU115,345
MO049SKU116,2025-02-19,FAC002,SKU116,412
MO049SKU117,2025-02-19,FAC006,SKU117,187
MO049SKU118,2025-02-19,FAC004,SKU118,386
MO049SKU119,2025-02-19,FAC005,SKU119,512
MO049SKU120,2025-02-19,FAC005,SKU120,174
MO049SKU121,2025-02-19,FAC003,SKU121,481
MO049SKU122,2025-02-19,FAC003,SKU122,190
MO049SKU123,2025-02-19,FAC003,SKU123,299
MO049SKU124,2025-02-19,FAC006,SKU124,500
MO049SKU125,2025-02-19,FAC002,SKU125,444
MO049SKU126,2025-02-19,FAC005,SKU126,166
MO049SKU127,2025-02-19,FAC005,SKU127,210
MO049SKU128,2025-02-19,FAC006,SKU128,366
MO049SKU129,2025-02-19,FAC004,SKU129,251
MO050SKU100,2025-02-20,FAC002,SKU100,245
MO050SKU101,2025-02-20,FAC002,SKU101,407
MO050SKU102,2025-02-20,FAC004,SKU102,205
MO050SKU103,2025-02-20,FAC003,SKU103,430
MO050SKU104,2025-02-20,FAC004,SKU104,319
MO050SKU105,2025-02-20,FAC006,SKU105,509
MO050SKU106,2025-02-20,FAC004,SKU106,293
MO050SKU107,2025-02-20,FAC005,SKU107,473
MO050SKU108,2025-02-20,FAC001,SKU108,421
MO050SKU109,2025-02-20,FAC001,SKU109,171
MO050SKU110,2025-02-20,FAC004,SKU110,232
MO050SKU111,2025-02-20,FAC005,SKU111,128
MO050SKU112,2025-02-20,FAC002,SKU112,400
MO050SKU113,2025-02-20,FAC003,SKU113,334
MO050SKU114,2025-02-20,FAC004,SKU114,224
MO050SKU115,2025-02-20,FAC006,SKU115,406
MO050SKU116,2025-02-20,FAC006,SKU116,160
MO050SKU117,2025-02-20,FAC001,SKU117,117
MO050SKU118,2025-02-20,FAC006,SKU118,492
MO050SKU119,2025-02-20,FAC003,SKU119,157
MO050SKU120,2025-02-20,FAC005,SKU120,129
MO050SKU121,2025-02-20,FAC004,SKU121,429
MO050SKU122,2025-02-20,FAC006,SKU122,246
MO050SKU123,2025-02-20,FAC006,SKU123,470
MO050SKU124,2025-02-20,FAC006,SKU124,151
MO050SKU125,2025-02-20,FAC005,SKU125,429
MO050SKU126,2025-02-20,FAC005,SKU126,295
MO050SKU127,2025-02-20,FAC004,SKU127,143
MO050SKU128,2025-02-20,FAC003,SKU128,489
MO050SKU129,2025-02-20,FAC002,SKU129,452
MO051SKU100,2025-02-21,FAC004,SKU100,100
MO051SKU101,2025-02-21,FAC004,SKU101,488
MO051SKU102,2025-02-21,FAC004,SKU102,200
MO051SKU103,2025-02-21,FAC005,SKU103,307
MO051SKU104,2025-02-21,FAC005,SKU104,80
MO051SKU105,2025-02-21,FAC002,SKU105,380
MO051SKU106,2025-02-21,FAC006,SKU106,176
MO051SKU107,2025-02-21,FAC001,SKU107,120
MO051SKU108,2025-02-21,FAC003,SKU108,376
MO051SKU109,2025-02-21,FAC004,SKU109,115
MO051SKU110,2025-02-21,FAC005,SKU110,184
MO051SKU111,2025-02-21,FAC005,SKU111,464
MO051SKU112,2025-02-21,FAC004,SKU112,394
MO051SKU113,2025-02-21,FAC001,SKU113,361
MO051SKU114,2025-02-21,FAC003,SKU114,510
MO051SKU115,2025-02-21,FAC004,SKU115,307
MO051SKU116,2025-02-21,FAC004,SKU116,349
MO051SKU117,2025-02-21,FAC003,SKU117,143
MO051SKU118,2025-02-21,FAC002,SKU118,373
MO051SKU119,2025-02-21,FAC001,SKU119,203
MO051SKU120,2025-02-21,FAC005,SKU120,438
MO051SKU121,2025-02-21,FAC005,SKU121,366
MO051SKU122,2025-02-21,FAC003,SKU122,490
MO051SKU123,2025-02-21,FAC003,SKU123,404
MO051SKU124,2025-02-21,FAC003,SKU124,413
MO051SKU125,2025-02-21,FAC004,SKU125,159
MO051SKU126,2025-02-21,FAC004,SKU126,484
MO051SKU127,2025-02-21,FAC002,SKU127,197
MO051SKU128,2025-02-21,FAC001,SKU128,215
MO051SKU129,2025-02-21,FAC001,SKU129,119
MO052SKU100,2025-02-22,FAC005,SKU100,237
MO052SKU101,2025-02-22,FAC006,SKU101,473
MO052SKU102,2025-02-22,FAC005,SKU102,273
MO052SKU103,2025-02-22,FAC002,SKU103,95
MO052SKU104,2025-02-22,FAC004,SKU104,291
MO052SKU105,2025-02-22,FAC006,SKU105,310
MO052SKU106,2025-02-22,FAC004,SKU106,363
MO052SKU107,2025-02-22,FAC004,SKU107,384
MO052SKU108,2025-02-22,FAC006,SKU108,479
MO052SKU109,2025-02-22,FAC006,SKU109,369
MO052SKU110,2025-02-22,FAC001,SKU110,234
MO052SKU111,2025-02-22,FAC003,SKU111,359
MO052SKU112,2025-02-22,FAC001,SKU112,157
MO052SKU113,2025-02-22,FAC002,SKU113,288
MO052SKU114,2025-02-22,FAC005,SKU114,377
MO052SKU115,2025-02-22,FAC006,SKU115,514
MO052SKU116,2025-02-22,FAC003,SKU116,247
MO052SKU117,2025-02-22,FAC002,SKU117,127
MO052SKU118,2025-02-22,FAC003,SKU118,304
MO052SKU119,2025-02-22,FAC001,SKU119,351
MO052SKU120,2025-02-22,FAC002,SKU120,519
MO052SKU121,2025-02-22,FAC001,SKU121,158
MO052SKU122,2025-02-22,FAC002,SKU122,319
MO052SKU123,2025-02-22,FAC006,SKU123,289
MO052SKU124,2025-02-22,FAC003,SKU124,337
MO052SKU125,2025-02-22,FAC005,SKU125,496
MO052SKU126,2025-02-22,FAC001,SKU126,156
MO052SKU127,2025-02-22,FAC005,SKU127,265
MO052SKU128,2025-02-22,FAC001,SKU128,105
MO052SKU129,2025-02-22,FAC003,SKU129,393
MO053SKU100,2025-02-23,FAC001,SKU100,472
MO053SKU101,2025-02-23,FAC001,SKU101,136
MO053SKU102,2025-02-23,FAC001,SKU102,391
MO053SKU103,2025-02-23,FAC003,SKU103,354
MO053SKU104,2025-02-23,FAC003,SKU104,168
MO053SKU105,2025-02-23,FAC003,SKU105,224
MO053SKU106,2025-02-23,FAC001,SKU106,241
MO053SKU107,2025-02-23,FAC006,SKU107,77
MO053SKU108,2025-02-23,FAC001,SKU108,141
MO053SKU109,2025-02-23,FAC005,SKU109,317
MO053SKU110,2025-02-23,FAC006,SKU110,407
MO053SKU111,2025-02-23,FAC003,SKU111,309
MO053SKU112,2025-02-23,FAC006,SKU112,529
MO053SKU113,2025-02-23,FAC004,SKU113,369
MO053SKU114,2025-02-23,FAC006,SKU114,156
MO053SKU115,2025-02-23,FAC006,SKU115,150
MO053SKU116,2025-02-23,FAC004,SKU116,437
MO053SKU117,2025-02-23,FAC005,SKU117,190
MO053SKU118,2025-02-23,FAC006,SKU118,304
MO053SKU119,2025-02-23,FAC003,SKU119,429
MO053SKU120,2025-02-23,FAC004,SKU120,316
MO053SKU121,2025-02-23,FAC002,SKU121,257
MO053SKU122,2025-02-23,FAC005,SKU122,461
MO053SKU123,2025-02-23,FAC006,SKU123,370
MO053SKU124,2025-02-23,FAC006,SKU124,118
MO053SKU125,2025-02-23,FAC004,SKU125,490
MO053SKU126,2025-02-23,FAC005,SKU126,377
MO053SKU127,2025-02-23,FAC004,SKU127,364
MO053SKU128,2025-02-23,FAC006,SKU128,130
MO053SKU129,2025-02-23,FAC004,SKU129,316
MO054SKU100,2025-02-24,FAC001,SKU100,310
MO054SKU101,2025-02-24,FAC004,SKU101,496
MO054SKU102,2025-02-24,FAC001,SKU102,318
MO054SKU103,2025-02-24,FAC005,SKU103,228
MO054SKU104,2025-02-24,FAC001,SKU104,494
MO054SKU105,2025-02-24,FAC004,SKU105,169
MO054SKU106,2025-02-24,FAC005,SKU106,237
MO054SKU107,2025-02-24,FAC003,SKU107,179
MO054SKU108,2025-02-24,FAC006,SKU108,370
MO054SKU109,2025-02-24,FAC003,SKU109,287
MO054SKU110,2025-02-24,FAC005,SKU110,383
MO054SKU111,2025-02-24,FAC001,SKU111,148
MO054SKU112,2025-02-24,FAC001,SKU112,386
MO054SKU113,2025-02-24,FAC003,SKU113,353
MO054SKU114,2025-02-24,FAC002,SKU114,231
MO054SKU115,2025-02-24,FAC006,SKU115,439
MO054SKU116,2025-02-24,FAC004,SKU116,451
MO054SKU117,2025-02-24,FAC002,SKU117,369
MO054SKU118,2025-02-24,FAC004,SKU118,184
MO054SKU119,2025-02-24,FAC002,SKU119,262
MO054SKU120,2025-02-24,FAC001,SKU120,407
MO054SKU121,2025-02-24,FAC006,SKU121,447
MO054SKU122,2025-02-24,FAC002,SKU122,314
MO054SKU123,2025-02-24,FAC004,SKU123,185
MO054SKU124,2025-02-24,FAC006,SKU124,331
MO054SKU125,2025-02-24,FAC004,SKU125,309
MO054SKU126,2025-02-24,FAC004,SKU126,301
MO054SKU127,2025-02-24,FAC004,SKU127,279
MO054SKU128,2025-02-24,FAC006,SKU128,78
MO054SKU129,2025-02-24,FAC004,SKU129,483
MO055SKU100,2025-02-25,FAC005,SKU100,354
MO055SKU101,2025-02-25,FAC004,SKU101,412
MO055SKU102,2025-02-25,FAC006,SKU102,443
MO055SKU103,2025-02-25,FAC005,SKU103,429
MO055SKU104,2025-02-25,FAC003,SKU104,407
MO055SKU105,2025-02-25,FAC004,SKU105,490
MO055SKU106,2025-02-25,FAC003,SKU106,326
MO055SKU107,2025-02-25,FAC003,SKU107,258
MO055SKU108,2025-02-25,FAC005,SKU108,192
MO055SKU109,2025-02-25,FAC005,SKU109,231
MO055SKU110,2025-02-25,FAC005,SKU110,101
MO055SKU111,2025-02-25,FAC003,SKU111,404
MO055SKU112,2025-02-25,FAC003,SKU112,468
MO055SKU113,2025-02-25,FAC001,SKU113,156
MO055SKU114,2025-02-25,FAC002,SKU114,500
MO055SKU115,2025-02-25,FAC003,SKU115,203
MO055SKU116,2025-02-25,FAC002,SKU116,497
MO055SKU117,2025-02-25,FAC006,SKU117,390
MO055SKU118,2025-02-25,FAC003,SKU118,299
MO055SKU119,2025-02-25,FAC002,SKU119,469
MO055SKU120,2025-02-25,FAC003,SKU120,335
MO055SKU121,2025-02-25,FAC002,SKU121,187
MO055SKU122,2025-02-25,FAC004,SKU122,362
MO055SKU123,2025-02-25,FAC004,SKU123,302
MO055SKU124,2025-02-25,FAC005,SKU124,432
MO055SKU125,2025-02-25,FAC003,SKU125,284
MO055SKU126,2025-02-25,FAC002,SKU126,508
MO055SKU127,2025-02-25,FAC004,SKU127,311
MO055SKU128,2025-02-25,FAC002,SKU128,469
MO055SKU129,2025-02-25,FAC004,SKU129,425
MO056SKU100,2025-02-26,FAC003,SKU100,393
MO056SKU101,2025-02-26,FAC001,SKU101,214
MO056SKU102,2025-02-26,FAC004,SKU102,444
MO056SKU103,2025-02-26,FAC006,SKU103,448
MO056SKU104,2025-02-26,FAC005,SKU104,382
MO056SKU105,2025-02-26,FAC002,SKU105,426
MO056SKU106,2025-02-26,FAC001,SKU106,393
MO056SKU107,2025-02-26,FAC001,SKU107,127
MO056SKU108,2025-02-26,FAC003,SKU108,127
MO056SKU109,2025-02-26,FAC002,SKU109,433
MO056SKU110,2025-02-26,FAC001,SKU110,132
MO056SKU111,2025-02-26,FAC002,SKU111,424
MO056SKU112,2025-02-26,FAC006,SKU112,373
MO056SKU113,2025-02-26,FAC002,SKU113,128
MO056SKU114,2025-02-26,FAC006,SKU114,432
MO056SKU115,2025-02-26,FAC001,SKU115,515
MO056SKU116,2025-02-26,FAC004,SKU116,196
MO056SKU117,2025-02-26,FAC003,SKU117,147
MO056SKU118,2025-02-26,FAC006,SKU118,327
MO056SKU119,2025-02-26,FAC002,SKU119,503
MO056SKU120,2025-02-26,FAC001,SKU120,121
MO056SKU121,2025-02-26,FAC001,SKU121,274
MO056SKU122,2025-02-26,FAC004,SKU122,480
MO056SKU123,2025-02-26,FAC002,SKU123,350
MO056SKU124,2025-02-26,FAC004,SKU124,267
MO056SKU125,2025-02-26,FAC004,SKU125,146
MO056SKU126,2025-02-26,FAC004,SKU126,419
MO056SKU127,2025-02-26,FAC001,SKU127,196
MO056SKU128,2025-02-26,FAC004,SKU128,353
MO056SKU129,2025-02-26,FAC006,SKU129,314
MO057SKU100,2025-02-27,FAC001,SKU100,300
MO057SKU101,2025-02-27,FAC006,SKU101,227
MO057SKU102,2025-02-27,FAC005,SKU102,493
MO057SKU103,2025-02-27,FAC003,SKU103,268
MO057SKU104,2025-02-27,FAC006,SKU104,93
MO057SKU105,2025-02-27,FAC003,SKU105,252
MO057SKU106,2025-02-27,FAC003,SKU106,336
MO057SKU107,2025-02-27,FAC001,SKU107,187
MO057SKU108,2025-02-27,FAC006,SKU108,422
MO057SKU109,2025-02-27,FAC003,SKU109,145
MO057SKU110,2025-02-27,FAC004,SKU110,150
MO057SKU111,2025-02-27,FAC002,SKU111,158
MO057SKU112,2025-02-27,FAC002,SKU112,459
MO057SKU113,2025-02-27,FAC005,SKU113,300
MO057SKU114,2025-02-27,FAC004,SKU114,218
MO057SKU115,2025-02-27,FAC003,SKU115,128
MO057SKU116,2025-02-27,FAC001,SKU116,442
MO057SKU117,2025-02-27,FAC005,SKU117,502
MO057SKU118,2025-02-27,FAC005,SKU118,416
MO057SKU119,2025-02-27,FAC001,SKU119,441
MO057SKU120,2025-02-27,FAC006,SKU120,437
MO057SKU121,2025-02-27,FAC005,SKU121,303
MO057SKU122,2025-02-27,FAC002,SKU122,184
MO057SKU123,2025-02-27,FAC003,SKU123,200
MO057SKU124,2025-02-27,FAC005,SKU124,476
MO057SKU125,2025-02-27,FAC001,SKU125,369
MO057SKU126,2025-02-27,FAC005,SKU126,328
MO057SKU127,2025-02-27,FAC004,SKU127,113
MO057SKU128,2025-02-27,FAC006,SKU128,518
MO057SKU129,2025-02-27,FAC006,SKU129,301
MO058SKU100,2025-02-28,FAC002,SKU100,402
MO058SKU101,2025-02-28,FAC001,SKU101,407
MO058SKU102,2025-02-28,FAC002,SKU102,384
MO058SKU103,2025-02-28,FAC001,SKU103,320
MO058SKU104,2025-02-28,FAC005,SKU104,161
MO058SKU105,2025-02-28,FAC004,SKU105,249
MO058SKU106,2025-02-28,FAC006,SKU106,141
MO058SKU107,2025-02-28,FAC002,SKU107,387
MO058SKU108,2025-02-28,FAC001,SKU108,187
MO058SKU109,2025-02-28,FAC005,SKU109,212
MO058SKU110,2025-02-28,FAC003,SKU110,127
MO058SKU111,2025-02-28,FAC002,SKU111,286
MO058SKU112,2025-02-28,FAC001,SKU112,159
MO058SKU113,2025-02-28,FAC005,SKU113,277
MO058SKU114,2025-02-28,FAC006,SKU114,214
MO058SKU115,2025-02-28,FAC002,SKU115,173
MO058SKU116,2025-02-28,FAC004,SKU116,498
MO058SKU117,2025-02-28,FAC001,SKU117,153
MO058SKU118,2025-02-28,FAC002,SKU118,417
MO058SKU119,2025-02-28,FAC004,SKU119,190
MO058SKU120,2025-02-28,FAC005,SKU120,124
MO058SKU121,2025-02-28,FAC004,SKU121,172
MO058SKU122,2025-02-28,FAC002,SKU122,165
MO058SKU123,2025-02-28,FAC003,SKU123,313
MO058SKU124,2025-02-28,FAC003,SKU124,175
MO058SKU125,2025-02-28,FAC002,SKU125,464
MO058SKU126,2025-02-28,FAC002,SKU126,205
MO058SKU127,2025-02-28,FAC005,SKU127,203
MO058SKU128,2025-02-28,FAC002,SKU128,100
MO058SKU129,2025-02-28,FAC004,SKU129,395
MO059SKU100,2025-03-01,FAC003,SKU100,308
MO059SKU101,2025-03-01,FAC006,SKU101,271
MO059SKU102,2025-03-01,FAC005,SKU102,408
MO059SKU103,2025-03-01,FAC005,SKU103,208
MO059SKU104,2025-03-01,FAC004,SKU104,187
MO059SKU105,2025-03-01,FAC006,SKU105,122
MO059SKU106,2025-03-01,FAC004,SKU106,223
MO059SKU107,2025-03-01,FAC005,SKU107,233
MO059SKU108,2025-03-01,FAC001,SKU108,162
MO059SKU109,2025-03-01,FAC004,SKU109,128
MO059SKU110,2025-03-01,FAC004,SKU110,486
MO059SKU111,2025-03-01,FAC006,SKU111,313
MO059SKU112,2025-03-01,FAC002,SKU112,115
MO059SKU113,2025-03-01,FAC006,SKU113,391
MO059SKU114,2025-03-01,FAC002,SKU114,290
MO059SKU115,2025-03-01,FAC001,SKU115,212
MO059SKU116,2025-03-01,FAC002,SKU116,350
MO059SKU117,2025-03-01,FAC006,SKU117,332
MO059SKU118,2025-03-01,FAC004,SKU118,121
MO059SKU119,2025-03-01,FAC004,SKU119,141
MO059SKU120,2025-03-01,FAC006,SKU120,493
MO059SKU121,2025-03-01,FAC006,SKU121,424
MO059SKU122,2025-03-01,FAC003,SKU122,290
MO059SKU123,2025-03-01,FAC003,SKU123,120
MO059SKU124,2025-03-01,FAC002,SKU124,423
MO059SKU125,2025-03-01,FAC003,SKU125,457
MO059SKU126,2025-03-01,FAC006,SKU126,111
MO059SKU127,2025-03-01,FAC003,SKU127,115
MO059SKU128,2025-03-01,FAC003,SKU128,387
MO059SKU129,2025-03-01,FAC001,SKU129,426
MO060SKU100,2025-03-02,FAC003,SKU100,320
MO060SKU101,2025-03-02,FAC004,SKU101,123
MO060SKU102,2025-03-02,FAC001,SKU102,346
MO060SKU103,2025-03-02,FAC005,SKU103,480
MO060SKU104,2025-03-02,FAC003,SKU104,260
MO060SKU105,2025-03-02,FAC001,SKU105,416
MO060SKU106,2025-03-02,FAC004,SKU106,351
MO060SKU107,2025-03-02,FAC001,SKU107,157
MO060SKU108,2025-03-02,FAC006,SKU108,153
MO060SKU109,2025-03-02,FAC002,SKU109,347
MO060SKU110,2025-03-02,FAC004,SKU110,424
MO060SKU111,2025-03-02,FAC004,SKU111,359
MO060SKU112,2025-03-02,FAC006,SKU112,276
MO060SKU113,2025-03-02,FAC001,SKU113,264
MO060SKU114,2025-03-02,FAC005,SKU114,511
MO060SKU115,2025-03-02,FAC003,SKU115,272
MO060SKU116,2025-03-02,FAC004,SKU116,427
MO060SKU117,2025-03-02,FAC005,SKU117,428
MO060SKU118,2025-03-02,FAC002,SKU118,351
MO060SKU119,2025-03-02,FAC003,SKU119,478
MO060SKU120,2025-03-02,FAC003,SKU120,356
MO060SKU121,2025-03-02,FAC003,SKU121,113
MO060SKU122,2025-03-02,FAC002,SKU122,190
MO060SKU123,2025-03-02,FAC002,SKU123,387
MO060SKU124,2025-03-02,FAC006,SKU124,472
MO060SKU125,2025-03-02,FAC001,SKU125,140
MO060SKU126,2025-03-02,FAC004,SKU126,238
MO060SKU127,2025-03-02,FAC005,SKU127,294
MO060SKU128,2025-03-02,FAC003,SKU128,86
MO060SKU129,2025-03-02,FAC002,SKU129,284
MO061SKU100,2025-03-03,FAC005,SKU100,344
MO061SKU101,2025-03-03,FAC006,SKU101,193
MO061SKU102,2025-03-03,FAC001,SKU102,332
MO061SKU103,2025-03-03,FAC002,SKU103,348
MO061SKU104,2025-03-03,FAC001,SKU104,367
MO061SKU105,2025-03-03,FAC004,SKU105,398
MO061SKU106,2025-03-03,FAC005,SKU106,148
MO061SKU107,2025-03-03,FAC002,SKU107,209
MO061SKU108,2025-03-03,FAC001,SKU108,457
MO061SKU109,2025-03-03,FAC006,SKU109,377
MO061SKU110,2025-03-03,FAC004,SKU110,116
MO061SKU111,2025-03-03,FAC005,SKU111,343
MO061SKU112,2025-03-03,FAC003,SKU112,113
MO061SKU113,2025-03-03,FAC004,SKU113,158
MO061SKU114,2025-03-03,FAC003,SKU114,279
MO061SKU115,2025-03-03,FAC004,SKU115,294
MO061SKU116,2025-03-03,FAC006,SKU116,403
MO061SKU117,2025-03-03,FAC004,SKU117,338
MO061SKU118,2025-03-03,FAC006,SKU118,343
MO061SKU119,2025-03-03,FAC004,SKU119,285
MO061SKU120,2025-03-03,FAC002,SKU120,373
MO061SKU121,2025-03-03,FAC005,SKU121,236
MO061SKU122,2025-03-03,FAC005,SKU122,141
MO061SKU123,2025-03-03,FAC004,SKU123,292
MO061SKU124,2025-03-03,FAC005,SKU124,228
MO061SKU125,2025-03-03,FAC002,SKU125,435
MO061SKU126,2025-03-03,FAC003,SKU126,190
MO061SKU127,2025-03-03,FAC003,SKU127,364
MO061SKU128,2025-03-03,FAC005,SKU128,406
MO061SKU129,2025-03-03,FAC001,SKU129,306
MO062SKU100,2025-03-04,FAC005,SKU100,396
MO062SKU101,2025-03-04,FAC003,SKU101,389
MO062SKU102,2025-03-04,FAC006,SKU102,463
MO062SKU103,2025-03-04,FAC006,SKU103,157
MO062SKU104,2025-03-04,FAC002,SKU104,105
MO062SKU105,2025-03-04,FAC004,SKU105,145
MO062SKU106,2025-03-04,FAC002,SKU106,417
MO062SKU107,2025-03-04,FAC006,SKU107,257
MO062SKU108,2025-03-04,FAC003,SKU108,275
MO062SKU109,2025-03-04,FAC005,SKU109,399
MO062SKU110,2025-03-04,FAC001,SKU110,490
MO062SKU111,2025-03-04,FAC003,SKU111,500
MO062SKU112,2025-03-04,FAC006,SKU112,272
MO062SKU113,2025-03-04,FAC006,SKU113,258
MO062SKU114,2025-03-04,FAC005,SKU114,267
MO062SKU115,2025-03-04,FAC005,SKU115,151
MO062SKU116,2025-03-04,FAC004,SKU116,271
MO062SKU117,2025-03-04,FAC002,SKU117,175
MO062SKU118,2025-03-04,FAC005,SKU118,212
MO062SKU119,2025-03-04,FAC005,SKU119,467
MO062SKU120,2025-03-04,FAC006,SKU120,380
MO062SKU121,2025-03-04,FAC004,SKU121,528
MO062SKU122,2025-03-04,FAC002,SKU122,158
MO062SKU123,2025-03-04,FAC003,SKU123,112
MO062SKU124,2025-03-04,FAC004,SKU124,301
MO062SKU125,2025-03-04,FAC003,SKU125,376
MO062SKU126,2025-03-04,FAC006,SKU126,475
MO062SKU127,2025-03-04,FAC006,SKU127,129
MO062SKU128,2025-03-04,FAC002,SKU128,425
MO062SKU129,2025-03-04,FAC004,SKU129,170
MO063SKU100,2025-03-05,FAC003,SKU100,302
MO063SKU101,2025-03-05,FAC001,SKU101,141
MO063SKU102,2025-03-05,FAC005,SKU102,122
MO063SKU103,2025-03-05,FAC002,SKU103,402
MO063SKU104,2025-03-05,FAC002,SKU104,293
MO063SKU105,2025-03-05,FAC005,SKU105,464
MO063SKU106,2025-03-05,FAC005,SKU106,289
MO063SKU107,2025-03-05,FAC005,SKU107,469
MO063SKU108,2025-03-05,FAC005,SKU108,142
MO063SKU109,2025-03-05,FAC006,SKU109,79
MO063SKU110,2025-03-05,FAC005,SKU110,204
MO063SKU111,2025-03-05,FAC002,SKU111,489
MO063SKU112,2025-03-05,FAC004,SKU112,341
MO063SKU113,2025-03-05,FAC004,SKU113,460
MO063SKU114,2025-03-05,FAC003,SKU114,138
MO063SKU115,2025-03-05,FAC002,SKU115,303
MO063SKU116,2025-03-05,FAC003,SKU116,124
MO063SKU117,2025-03-05,FAC002,SKU117,329
MO063SKU118,2025-03-05,FAC003,SKU118,485
MO063SKU119,2025-03-05,FAC003,SKU119,460
MO063SKU120,2025-03-05,FAC004,SKU120,157
MO063SKU121,2025-03-05,FAC004,SKU121,450
MO063SKU122,2025-03-05,FAC004,SKU122,355
MO063SKU123,2025-03-05,FAC004,SKU123,155
MO063SKU124,2025-03-05,FAC001,SKU124,450
MO063SKU125,2025-03-05,FAC004,SKU125,339
MO063SKU126,2025-03-05,FAC001,SKU126,334
MO063SKU127,2025-03-05,FAC006,SKU127,170
MO063SKU128,2025-03-05,FAC002,SKU128,116
MO063SKU129,2025-03-05,FAC003,SKU129,258
MO064SKU100,2025-03-06,FAC002,SKU100,357
MO064SKU101,2025-03-06,FAC003,SKU101,323
MO064SKU102,2025-03-06,FAC002,SKU102,315
MO064SKU103,2025-03-06,FAC001,SKU103,141
MO064SKU104,2025-03-06,FAC002,SKU104,431
MO064SKU105,2025-03-06,FAC002,SKU105,388
MO064SKU106,2025-03-06,FAC001,SKU106,420
MO064SKU107,2025-03-06,FAC004,SKU107,494
MO064SKU108,2025-03-06,FAC006,SKU108,329
MO064SKU109,2025-03-06,FAC005,SKU109,332
MO064SKU110,2025-03-06,FAC005,SKU110,475
MO064SKU111,2025-03-06,FAC004,SKU111,507
MO064SKU112,2025-03-06,FAC003,SKU112,174
MO064SKU113,2025-03-06,FAC001,SKU113,254
MO064SKU114,2025-03-06,FAC003,SKU114,206
MO064SKU115,2025-03-06,FAC004,SKU115,429
MO064SKU116,2025-03-06,FAC004,SKU116,267
MO064SKU117,2025-03-06,FAC004,SKU117,158
MO064SKU118,2025-03-06,FAC005,SKU118,373
MO064SKU119,2025-03-06,FAC002,SKU119,335
MO064SKU120,2025-03-06,FAC004,SKU120,125
MO064SKU121,2025-03-06,FAC003,SKU121,302
MO064SKU122,2025-03-06,FAC001,SKU122,242
MO064SKU123,2025-03-06,FAC003,SKU123,105
MO064SKU124,2025-03-06,FAC001,SKU124,522
MO064SKU125,2025-03-06,FAC001,SKU125,407
MO064SKU126,2025-03-06,FAC004,SKU126,258
MO064SKU127,2025-03-06,FAC002,SKU127,103
MO064SKU128,2025-03-06,FAC001,SKU128,449
MO064SKU129,2025-03-06,FAC003,SKU129,419
MO065SKU100,2025-03-07,FAC003,SKU100,385
MO065SKU101,2025-03-07,FAC005,SKU101,358
MO065SKU102,2025-03-07,FAC006,SKU102,516
MO065SKU103,2025-03-07,FAC005,SKU103,216
MO065SKU104,2025-03-07,FAC002,SKU104,490
MO065SKU105,2025-03-07,FAC004,SKU105,225
MO065SKU106,2025-03-07,FAC001,SKU106,367
MO065SKU107,2025-03-07,FAC003,SKU107,337
MO065SKU108,2025-03-07,FAC004,SKU108,263
MO065SKU109,2025-03-07,FAC001,SKU109,220
MO065SKU110,2025-03-07,FAC003,SKU110,373
MO065SKU111,2025-03-07,FAC005,SKU111,124
MO065SKU112,2025-03-07,FAC001,SKU112,319
MO065SKU113,2025-03-07,FAC003,SKU113,241
MO065SKU114,2025-03-07,FAC002,SKU114,425
MO065SKU115,2025-03-07,FAC005,SKU115,294
MO065SKU116,2025-03-07,FAC002,SKU116,459
MO065SKU117,2025-03-07,FAC005,SKU117,124
MO065SKU118,2025-03-07,FAC002,SKU118,197
MO065SKU119,2025-03-07,FAC003,SKU119,499
MO065SKU120,2025-03-07,FAC005,SKU120,440
MO065SKU121,2025-03-07,FAC005,SKU121,499
MO065SKU122,2025-03-07,FAC002,SKU122,403
MO065SKU123,2025-03-07,FAC002,SKU123,343
MO065SKU124,2025-03-07,FAC004,SKU124,436
MO065SKU125,2025-03-07,FAC001,SKU125,263
MO065SKU126,2025-03-07,FAC003,SKU126,216
MO065SKU127,2025-03-07,FAC003,SKU127,249
MO065SKU128,2025-03-07,FAC002,SKU128,374
MO065SKU129,2025-03-07,FAC002,SKU129,187
MO066SKU100,2025-03-08,FAC006,SKU100,451
MO066SKU101,2025-03-08,FAC004,SKU101,131
MO066SKU102,2025-03-08,FAC001,SKU102,90
MO066SKU103,2025-03-08,FAC001,SKU103,425
MO066SKU104,2025-03-08,FAC006,SKU104,310
MO066SKU105,2025-03-08,FAC006,SKU105,159
MO066SKU106,2025-03-08,FAC005,SKU106,178
MO066SKU107,2025-03-08,FAC005,SKU107,358
MO066SKU108,2025-03-08,FAC005,SKU108,373
MO066SKU109,2025-03-08,FAC002,SKU109,352
MO066SKU110,2025-03-08,FAC003,SKU110,143
MO066SKU111,2025-03-08,FAC006,SKU111,406
MO066SKU112,2025-03-08,FAC002,SKU112,189
MO066SKU113,2025-03-08,FAC003,SKU113,142
MO066SKU114,2025-03-08,FAC005,SKU114,272
MO066SKU115,2025-03-08,FAC006,SKU115,371
MO066SKU116,2025-03-08,FAC004,SKU116,147
MO066SKU117,2025-03-08,FAC003,SKU117,465
MO066SKU118,2025-03-08,FAC003,SKU118,491
MO066SKU119,2025-03-08,FAC003,SKU119,427
MO066SKU120,2025-03-08,FAC005,SKU120,392
MO066SKU121,2025-03-08,FAC001,SKU121,482
MO066SKU122,2025-03-08,FAC003,SKU122,498
MO066SKU123,2025-03-08,FAC006,SKU123,279
MO066SKU124,2025-03-08,FAC005,SKU124,530
MO066SKU125,2025-03-08,FAC004,SKU125,181
MO066SKU126,2025-03-08,FAC003,SKU126,280
MO066SKU127,2025-03-08,FAC002,SKU127,125
MO066SKU128,2025-03-08,FAC002,SKU128,225
MO066SKU129,2025-03-08,FAC006,SKU129,310
MO067SKU100,2025-03-09,FAC001,SKU100,439
MO067SKU101,2025-03-09,FAC005,SKU101,322
MO067SKU102,2025-03-09,FAC001,SKU102,275
MO067SKU103,2025-03-09,FAC002,SKU103,126
MO067SKU104,2025-03-09,FAC002,SKU104,287
MO067SKU105,2025-03-09,FAC003,SKU105,285
MO067SKU106,2025-03-09,FAC002,SKU106,369
MO067SKU107,2025-03-09,FAC006,SKU107,372
MO067SKU108,2025-03-09,FAC006,SKU108,152
MO067SKU109,2025-03-09,FAC004,SKU109,495
MO067SKU110,2025-03-09,FAC002,SKU110,479
MO067SKU111,2025-03-09,FAC003,SKU111,375
MO067SKU112,2025-03-09,FAC002,SKU112,128
MO067SKU113,2025-03-09,FAC005,SKU113,267
MO067SKU114,2025-03-09,FAC005,SKU114,111
MO067SKU115,2025-03-09,FAC001,SKU115,402
MO067SKU116,2025-03-09,FAC002,SKU116,164
MO067SKU117,2025-03-09,FAC005,SKU117,281
MO067SKU118,2025-03-09,FAC003,SKU118,146
MO067SKU119,2025-03-09,FAC006,SKU119,383
MO067SKU120,2025-03-09,FAC004,SKU120,334
MO067SKU121,2025-03-09,FAC002,SKU121,449
MO067SKU122,2025-03-09,FAC003,SKU122,182
MO067SKU123,2025-03-09,FAC002,SKU123,469
MO067SKU124,2025-03-09,FAC003,SKU124,211
MO067SKU125,2025-03-09,FAC002,SKU125,432
MO067SKU126,2025-03-09,FAC003,SKU126,481
MO067SKU127,2025-03-09,FAC002,SKU127,203
MO067SKU128,2025-03-09,FAC004,SKU128,363
MO067SKU129,2025-03-09,FAC003,SKU129,109
MO068SKU100,2025-03-10,FAC005,SKU100,361
MO068SKU101,2025-03-10,FAC005,SKU101,448
MO068SKU102,2025-03-10,FAC001,SKU102,459
MO068SKU103,2025-03-10,FAC003,SKU103,343
MO068SKU104,2025-03-10,FAC005,SKU104,405
MO068SKU105,2025-03-10,FAC002,SKU105,389
MO068SKU106,2025-03-10,FAC004,SKU106,320
MO068SKU107,2025-03-10,FAC005,SKU107,132
MO068SKU108,2025-03-10,FAC003,SKU108,134
MO068SKU109,2025-03-10,FAC003,SKU109,172
MO068SKU110,2025-03-10,FAC003,SKU110,301
MO068SKU111,2025-03-10,FAC003,SKU111,227
MO068SKU112,2025-03-10,FAC002,SKU112,240
MO068SKU113,2025-03-10,FAC002,SKU113,472
MO068SKU114,2025-03-10,FAC004,SKU114,399
MO068SKU115,2025-03-10,FAC002,SKU115,167
MO068SKU116,2025-03-10,FAC002,SKU116,123
MO068SKU117,2025-03-10,FAC004,SKU117,301
MO068SKU118,2025-03-10,FAC006,SKU118,321
MO068SKU119,2025-03-10,FAC001,SKU119,362
MO068SKU120,2025-03-10,FAC001,SKU120,450
MO068SKU121,2025-03-10,FAC003,SKU121,118
MO068SKU122,2025-03-10,FAC003,SKU122,182
MO068SKU123,2025-03-10,FAC005,SKU123,399
MO068SKU124,2025-03-10,FAC002,SKU124,355
MO068SKU125,2025-03-10,FAC004,SKU125,142
MO068SKU126,2025-03-10,FAC001,SKU126,126
MO068SKU127,2025-03-10,FAC001,SKU127,433
MO068SKU128,2025-03-10,FAC001,SKU128,304
MO068SKU129,2025-03-10,FAC001,SKU129,254
MO069SKU100,2025-03-11,FAC006,SKU100,229
MO069SKU101,2025-03-11,FAC004,SKU101,345
MO069SKU102,2025-03-11,FAC002,SKU102,313
MO069SKU103,2025-03-11,FAC002,SKU103,274
MO069SKU104,2025-03-11,FAC003,SKU104,299
MO069SKU105,2025-03-11,FAC002,SKU105,452
MO069SKU106,2025-03-11,FAC004,SKU106,259
MO069SKU107,2025-03-11,FAC006,SKU107,510
MO069SKU108,2025-03-11,FAC001,SKU108,180
MO069SKU109,2025-03-11,FAC004,SKU109,276
MO069SKU110,2025-03-11,FAC005,SKU110,296
MO069SKU111,2025-03-11,FAC004,SKU111,327
MO069SKU112,2025-03-11,FAC004,SKU112,288
MO069SKU113,2025-03-11,FAC005,SKU113,299
MO069SKU114,2025-03-11,FAC006,SKU114,340
MO069SKU115,2025-03-11,FAC004,SKU115,458
MO069SKU116,2025-03-11,FAC001,SKU116,400
MO069SKU117,2025-03-11,FAC004,SKU117,318
MO069SKU118,2025-03-11,FAC006,SKU118,193
MO069SKU119,2025-03-11,FAC005,SKU119,240
MO069SKU120,2025-03-11,FAC005,SKU120,215
MO069SKU121,2025-03-11,FAC005,SKU121,110
MO069SKU122,2025-03-11,FAC006,SKU122,317
MO069SKU123,2025-03-11,FAC003,SKU123,367
MO069SKU124,2025-03-11,FAC005,SKU124,360
MO069SKU125,2025-03-11,FAC004,SKU125,129
MO069SKU126,2025-03-11,FAC004,SKU126,464
MO069SKU127,2025-03-11,FAC006,SKU127,121
MO069SKU128,2025-03-11,FAC004,SKU128,268
MO069SKU129,2025-03-11,FAC003,SKU129,424
MO070SKU100,2025-03-12,FAC006,SKU100,342
MO070SKU101,2025-03-12,FAC003,SKU101,407
MO070SKU102,2025-03-12,FAC003,SKU102,520
MO070SKU103,2025-03-12,FAC006,SKU103,429
MO070SKU104,2025-03-12,FAC002,SKU104,479
MO070SKU105,2025-03-12,FAC001,SKU105,111
MO070SKU106,2025-03-12,FAC002,SKU106,186
MO070SKU107,2025-03-12,FAC002,SKU107,419
MO070SKU108,2025-03-12,FAC005,SKU108,392
MO070SKU109,2025-03-12,FAC004,SKU109,113
MO070SKU110,2025-03-12,FAC001,SKU110,312
MO070SKU111,2025-03-12,FAC004,SKU111,169
MO070SKU112,2025-03-12,FAC004,SKU112,338
MO070SKU113,2025-03-12,FAC005,SKU113,237
MO070SKU114,2025-03-12,FAC001,SKU114,266
MO070SKU115,2025-03-12,FAC004,SKU115,408
MO070SKU116,2025-03-12,FAC005,SKU116,359
MO070SKU117,2025-03-12,FAC001,SKU117,374
MO070SKU118,2025-03-12,FAC005,SKU118,310
MO070SKU119,2025-03-12,FAC004,SKU119,387
MO070SKU120,2025-03-12,FAC001,SKU120,452
MO070SKU121,2025-03-12,FAC001,SKU121,372
MO070SKU122,2025-03-12,FAC004,SKU122,398
MO070SKU123,2025-03-12,FAC006,SKU123,335
MO070SKU124,2025-03-12,FAC001,SKU124,299
MO070SKU125,2025-03-12,FAC004,SKU125,229
MO070SKU126,2025-03-12,FAC002,SKU126,321
MO070SKU127,2025-03-12,FAC005,SKU127,464
MO070SKU128,2025-03-12,FAC002,SKU128,482
MO070SKU129,2025-03-12,FAC004,SKU129,236
MO071SKU100,2025-03-13,FAC004,SKU100,430
MO071SKU101,2025-03-13,FAC002,SKU101,347
MO071SKU102,2025-03-13,FAC003,SKU102,140
MO071SKU103,2025-03-13,FAC002,SKU103,204
MO071SKU104,2025-03-13,FAC001,SKU104,338
MO071SKU105,2025-03-13,FAC002,SKU105,287
MO071SKU106,2025-03-13,FAC003,SKU106,368
MO071SKU107,2025-03-13,FAC001,SKU107,510
MO071SKU108,2025-03-13,FAC002,SKU108,399
MO071SKU109,2025-03-13,FAC005,SKU109,455
MO071SKU110,2025-03-13,FAC004,SKU110,164
MO071SKU111,2025-03-13,FAC001,SKU111,300
MO071SKU112,2025-03-13,FAC001,SKU112,512
MO071SKU113,2025-03-13,FAC001,SKU113,357
MO071SKU114,2025-03-13,FAC002,SKU114,440
MO071SKU115,2025-03-13,FAC003,SKU115,290
MO071SKU116,2025-03-13,FAC004,SKU116,332
MO071SKU117,2025-03-13,FAC003,SKU117,131
MO071SKU118,2025-03-13,FAC002,SKU118,507
MO071SKU119,2025-03-13,FAC001,SKU119,287
MO071SKU120,2025-03-13,FAC003,SKU120,506
MO071SKU121,2025-03-13,FAC003,SKU121,192
MO071SKU122,2025-03-13,FAC006,SKU122,488
MO071SKU123,2025-03-13,FAC005,SKU123,211
MO071SKU124,2025-03-13,FAC004,SKU124,489
MO071SKU125,2025-03-13,FAC005,SKU125,319
MO071SKU126,2025-03-13,FAC001,SKU126,437
MO071SKU127,2025-03-13,FAC006,SKU127,185
MO071SKU128,2025-03-13,FAC001,SKU128,345
MO071SKU129,2025-03-13,FAC002,SKU129,248
MO072SKU100,2025-03-14,FAC003,SKU100,293
MO072SKU101,2025-03-14,FAC002,SKU101,374
MO072SKU102,2025-03-14,FAC002,SKU102,322
MO072SKU103,2025-03-14,FAC005,SKU103,379
MO072SKU104,2025-03-14,FAC006,SKU104,311
MO072SKU105,2025-03-14,FAC003,SKU105,462
MO072SKU106,2025-03-14,FAC004,SKU106,124
MO072SKU107,2025-03-14,FAC002,SKU107,461
MO072SKU108,2025-03-14,FAC001,SKU108,368
MO072SKU109,2025-03-14,FAC003,SKU109,390
MO072SKU110,2025-03-14,FAC001,SKU110,441
MO072SKU111,2025-03-14,FAC003,SKU111,482
MO072SKU112,2025-03-14,FAC004,SKU112,488
MO072SKU113,2025-03-14,FAC003,SKU113,132
MO072SKU114,2025-03-14,FAC001,SKU114,384
MO072SKU115,2025-03-14,FAC001,SKU115,475
MO072SKU116,2025-03-14,FAC001,SKU116,241
MO072SKU117,2025-03-14,FAC006,SKU117,270
MO072SKU118,2025-03-14,FAC006,SKU118,391
MO072SKU119,2025-03-14,FAC002,SKU119,355
MO072SKU120,2025-03-14,FAC006,SKU120,249
MO072SKU121,2025-03-14,FAC004,SKU121,437
MO072SKU122,2025-03-14,FAC003,SKU122,470
MO072SKU123,2025-03-14,FAC003,SKU123,387
MO072SKU124,2025-03-14,FAC004,SKU124,163
MO072SKU125,2025-03-14,FAC001,SKU125,297
MO072SKU126,2025-03-14,FAC004,SKU126,130
MO072SKU127,2025-03-14,FAC004,SKU127,286
MO072SKU128,2025-03-14,FAC004,SKU128,401
MO072SKU129,2025-03-14,FAC006,SKU129,222
MO073SKU100,2025-03-15,FAC004,SKU100,150
MO073SKU101,2025-03-15,FAC005,SKU101,99
MO073SKU102,2025-03-15,FAC004,SKU102,127
MO073SKU103,2025-03-15,FAC003,SKU103,123
MO073SKU104,2025-03-15,FAC003,SKU104,346
MO073SKU105,2025-03-15,FAC004,SKU105,252
MO073SKU106,2025-03-15,FAC005,SKU106,491
MO073SKU107,2025-03-15,FAC003,SKU107,140
MO073SKU108,2025-03-15,FAC006,SKU108,236
MO073SKU109,2025-03-15,FAC003,SKU109,65
MO073SKU110,2025-03-15,FAC005,SKU110,101
MO073SKU111,2025-03-15,FAC003,SKU111,399
MO073SKU112,2025-03-15,FAC006,SKU112,306
MO073SKU113,2025-03-15,FAC002,SKU113,402
MO073SKU114,2025-03-15,FAC004,SKU114,427
MO073SKU115,2025-03-15,FAC006,SKU115,309
MO073SKU116,2025-03-15,FAC006,SKU116,144
MO073SKU117,2025-03-15,FAC004,SKU117,290
MO073SKU118,2025-03-15,FAC006,SKU118,392
MO073SKU119,2025-03-15,FAC006,SKU119,291
MO073SKU120,2025-03-15,FAC005,SKU120,184
MO073SKU121,2025-03-15,FAC003,SKU121,502
MO073SKU122,2025-03-15,FAC005,SKU122,395
MO073SKU123,2025-03-15,FAC005,SKU123,194
MO073SKU124,2025-03-15,FAC005,SKU124,480
MO073SKU125,2025-03-15,FAC005,SKU125,213
MO073SKU126,2025-03-15,FAC005,SKU126,80
MO073SKU127,2025-03-15,FAC002,SKU127,84
MO073SKU128,2025-03-15,FAC005,SKU128,449
MO073SKU129,2025-03-15,FAC005,SKU129,123
MO074SKU100,2025-03-16,FAC002,SKU100,348
MO074SKU101,2025-03-16,FAC002,SKU101,209
MO074SKU102,2025-03-16,FAC001,SKU102,307
MO074SKU103,2025-03-16,FAC006,SKU103,229
MO074SKU104,2025-03-16,FAC003,SKU104,221
MO074SKU105,2025-03-16,FAC003,SKU105,295
MO074SKU106,2025-03-16,FAC002,SKU106,169
MO074SKU107,2025-03-16,FAC004,SKU107,397
MO074SKU108,2025-03-16,FAC001,SKU108,462
MO074SKU109,2025-03-16,FAC005,SKU109,117
MO074SKU110,2025-03-16,FAC004,SKU110,133
MO074SKU111,2025-03-16,FAC001,SKU111,196
MO074SKU112,2025-03-16,FAC006,SKU112,349
MO074SKU113,2025-03-16,FAC006,SKU113,236
MO074SKU114,2025-03-16,FAC004,SKU114,152
MO074SKU115,2025-03-16,FAC005,SKU115,115
MO074SKU116,2025-03-16,FAC003,SKU116,494
MO074SKU117,2025-03-16,FAC005,SKU117,206
MO074SKU118,2025-03-16,FAC005,SKU118,304
MO074SKU119,2025-03-16,FAC004,SKU119,134
MO074SKU120,2025-03-16,FAC002,SKU120,377
MO074SKU121,2025-03-16,FAC004,SKU121,107
MO074SKU122,2025-03-16,FAC006,SKU122,390
MO074SKU123,2025-03-16,FAC002,SKU123,276
MO074SKU124,2025-03-16,FAC002,SKU124,368
MO074SKU125,2025-03-16,FAC003,SKU125,338
MO074SKU126,2025-03-16,FAC002,SKU126,308
MO074SKU127,2025-03-16,FAC004,SKU127,357
MO074SKU128,2025-03-16,FAC003,SKU128,428
MO074SKU129,2025-03-16,FAC006,SKU129,425
MO075SKU100,2025-03-17,FAC006,SKU100,73
MO075SKU101,2025-03-17,FAC006,SKU101,316
MO075SKU102,2025-03-17,FAC005,SKU102,315
MO075SKU103,2025-03-17,FAC006,SKU103,467
MO075SKU104,2025-03-17,FAC006,SKU104,363
MO075SKU105,2025-03-17,FAC004,SKU105,456
MO075SKU106,2025-03-17,FAC002,SKU106,420
MO075SKU107,2025-03-17,FAC001,SKU107,460
MO075SKU108,2025-03-17,FAC002,SKU108,324
MO075SKU109,2025-03-17,FAC001,SKU109,112
MO075SKU110,2025-03-17,FAC006,SKU110,225
MO075SKU111,2025-03-17,FAC005,SKU111,198
MO075SKU112,2025-03-17,FAC002,SKU112,229
MO075SKU113,2025-03-17,FAC001,SKU113,329
MO075SKU114,2025-03-17,FAC006,SKU114,350
MO075SKU115,2025-03-17,FAC006,SKU115,192
MO075SKU116,2025-03-17,FAC005,SKU116,148
MO075SKU117,2025-03-17,FAC002,SKU117,354
MO075SKU118,2025-03-17,FAC006,SKU118,476
MO075SKU119,2025-03-17,FAC005,SKU119,357
MO075SKU120,2025-03-17,FAC003,SKU120,500
MO075SKU121,2025-03-17,FAC005,SKU121,397
MO075SKU122,2025-03-17,FAC006,SKU122,461
MO075SKU123,2025-03-17,FAC005,SKU123,430
MO075SKU124,2025-03-17,FAC004,SKU124,408
MO075SKU125,2025-03-17,FAC006,SKU125,281
MO075SKU126,2025-03-17,FAC004,SKU126,242
MO075SKU127,2025-03-17,FAC004,SKU127,153
MO075SKU128,2025-03-17,FAC001,SKU128,301
MO075SKU129,2025-03-17,FAC003,SKU129,487
MO076SKU100,2025-03-18,FAC003,SKU100,164
MO076SKU101,2025-03-18,FAC001,SKU101,410
MO076SKU102,2025-03-18,FAC005,SKU102,332
MO076SKU103,2025-03-18,FAC003,SKU103,395
MO076SKU104,2025-03-18,FAC003,SKU104,168
MO076SKU105,2025-03-18,FAC005,SKU105,137
MO076SKU106,2025-03-18,FAC005,SKU106,220
MO076SKU107,2025-03-18,FAC006,SKU107,312
MO076SKU108,2025-03-18,FAC001,SKU108,414
MO076SKU109,2025-03-18,FAC006,SKU109,81
MO076SKU110,2025-03-18,FAC004,SKU110,463
MO076SKU111,2025-03-18,FAC004,SKU111,218
MO076SKU112,2025-03-18,FAC005,SKU112,115
MO076SKU113,2025-03-18,FAC004,SKU113,216
MO076SKU114,2025-03-18,FAC002,SKU114,431
MO076SKU115,2025-03-18,FAC005,SKU115,366
MO076SKU116,2025-03-18,FAC004,SKU116,348
MO076SKU117,2025-03-18,FAC003,SKU117,418
MO076SKU118,2025-03-18,FAC004,SKU118,438
MO076SKU119,2025-03-18,FAC001,SKU119,234
MO076SKU120,2025-03-18,FAC001,SKU120,103
MO076SKU121,2025-03-18,FAC005,SKU121,472
MO076SKU122,2025-03-18,FAC003,SKU122,412
MO076SKU123,2025-03-18,FAC004,SKU123,317
MO076SKU124,2025-03-18,FAC001,SKU124,187
MO076SKU125,2025-03-18,FAC004,SKU125,157
MO076SKU126,2025-03-18,FAC003,SKU126,430
MO076SKU127,2025-03-18,FAC002,SKU127,367
MO076SKU128,2025-03-18,FAC003,SKU128,241
MO076SKU129,2025-03-18,FAC006,SKU129,107
MO077SKU100,2025-03-19,FAC006,SKU100,430
MO077SKU101,2025-03-19,FAC005,SKU101,403
MO077SKU102,2025-03-19,FAC004,SKU102,252
MO077SKU103,2025-03-19,FAC001,SKU103,174
MO077SKU104,2025-03-19,FAC006,SKU104,186
MO077SKU105,2025-03-19,FAC005,SKU105,427
MO077SKU106,2025-03-19,FAC003,SKU106,233
MO077SKU107,2025-03-19,FAC004,SKU107,449
MO077SKU108,2025-03-19,FAC001,SKU108,85
MO077SKU109,2025-03-19,FAC002,SKU109,93
MO077SKU110,2025-03-19,FAC005,SKU110,343
MO077SKU111,2025-03-19,FAC001,SKU111,463
MO077SKU112,2025-03-19,FAC002,SKU112,217
MO077SKU113,2025-03-19,FAC003,SKU113,248
MO077SKU114,2025-03-19,FAC002,SKU114,344
MO077SKU115,2025-03-19,FAC001,SKU115,151
MO077SKU116,2025-03-19,FAC006,SKU116,456
MO077SKU117,2025-03-19,FAC002,SKU117,135
MO077SKU118,2025-03-19,FAC003,SKU118,335
MO077SKU119,2025-03-19,FAC005,SKU119,203
MO077SKU120,2025-03-19,FAC001,SKU120,289
MO077SKU121,2025-03-19,FAC002,SKU121,183
MO077SKU122,2025-03-19,FAC004,SKU122,201
MO077SKU123,2025-03-19,FAC004,SKU123,291
MO077SKU124,2025-03-19,FAC005,SKU124,222
MO077SKU125,2025-03-19,FAC003,SKU125,206
MO077SKU126,2025-03-19,FAC001,SKU126,176
MO077SKU127,2025-03-19,FAC002,SKU127,521
MO077SKU128,2025-03-19,FAC004,SKU128,333
MO077SKU129,2025-03-19,FAC004,SKU129,482
MO078SKU100,2025-03-20,FAC004,SKU100,443
MO078SKU101,2025-03-20,FAC005,SKU101,398
MO078SKU102,2025-03-20,FAC002,SKU102,106
MO078SKU103,2025-03-20,FAC003,SKU103,207
MO078SKU104,2025-03-20,FAC003,SKU104,269
MO078SKU105,2025-03-20,FAC001,SKU105,359
MO078SKU106,2025-03-20,FAC002,SKU106,324
MO078SKU107,2025-03-20,FAC005,SKU107,102
MO078SKU108,2025-03-20,FAC004,SKU108,304
MO078SKU109,2025-03-20,FAC003,SKU109,265
MO078SKU110,2025-03-20,FAC004,SKU110,269
MO078SKU111,2025-03-20,FAC003,SKU111,252
MO078SKU112,2025-03-20,FAC005,SKU112,134
MO078SKU113,2025-03-20,FAC003,SKU113,398
MO078SKU114,2025-03-20,FAC001,SKU114,199
MO078SKU115,2025-03-20,FAC003,SKU115,91
MO078SKU116,2025-03-20,FAC003,SKU116,452
MO078SKU117,2025-03-20,FAC003,SKU117,489
MO078SKU118,2025-03-20,FAC002,SKU118,475
MO078SKU119,2025-03-20,FAC005,SKU119,503
MO078SKU120,2025-03-20,FAC003,SKU120,211
MO078SKU121,2025-03-20,FAC004,SKU121,297
MO078SKU122,2025-03-20,FAC006,SKU122,267
MO078SKU123,2025-03-20,FAC002,SKU123,356
MO078SKU124,2025-03-20,FAC006,SKU124,310
MO078SKU125,2025-03-20,FAC005,SKU125,204
MO078SKU126,2025-03-20,FAC004,SKU126,508
MO078SKU127,2025-03-20,FAC001,SKU127,496
MO078SKU128,2025-03-20,FAC006,SKU128,182
MO078SKU129,2025-03-20,FAC005,SKU129,168
MO079SKU100,2025-03-21,FAC005,SKU100,276
MO079SKU101,2025-03-21,FAC002,SKU101,136
MO079SKU102,2025-03-21,FAC005,SKU102,287
MO079SKU103,2025-03-21,FAC004,SKU103,395
MO079SKU104,2025-03-21,FAC001,SKU104,198
MO079SKU105,2025-03-21,FAC001,SKU105,278
MO079SKU106,2025-03-21,FAC006,SKU106,408
MO079SKU107,2025-03-21,FAC001,SKU107,258
MO079SKU108,2025-03-21,FAC006,SKU108,381
MO079SKU109,2025-03-21,FAC002,SKU109,314
MO079SKU110,2025-03-21,FAC002,SKU110,275
MO079SKU111,2025-03-21,FAC004,SKU111,400
MO079SKU112,2025-03-21,FAC002,SKU112,268
MO079SKU113,2025-03-21,FAC001,SKU113,278
MO079SKU114,2025-03-21,FAC006,SKU114,338
MO079SKU115,2025-03-21,FAC002,SKU115,267
MO079SKU116,2025-03-21,FAC006,SKU116,207
MO079SKU117,2025-03-21,FAC005,SKU117,363
MO079SKU118,2025-03-21,FAC005,SKU118,263
MO079SKU119,2025-03-21,FAC002,SKU119,410
MO079SKU120,2025-03-21,FAC004,SKU120,171
MO079SKU121,2025-03-21,FAC003,SKU121,531
MO079SKU122,2025-03-21,FAC004,SKU122,380
MO079SKU123,2025-03-21,FAC001,SKU123,372
MO079SKU124,2025-03-21,FAC004,SKU124,412
MO079SKU125,2025-03-21,FAC003,SKU125,443
MO079SKU126,2025-03-21,FAC002,SKU126,399
MO079SKU127,2025-03-21,FAC005,SKU127,233
MO079SKU128,2025-03-21,FAC006,SKU128,292
MO079SKU129,2025-03-21,FAC004,SKU129,461
MO080SKU100,2025-03-22,FAC003,SKU100,472
MO080SKU101,2025-03-22,FAC002,SKU101,322
MO080SKU102,2025-03-22,FAC001,SKU102,122
MO080SKU103,2025-03-22,FAC004,SKU103,439
MO080SKU104,2025-03-22,FAC002,SKU104,260
MO080SKU105,2025-03-22,FAC001,SKU105,124
MO080SKU106,2025-03-22,FAC006,SKU106,158
MO080SKU107,2025-03-22,FAC001,SKU107,343
MO080SKU108,2025-03-22,FAC004,SKU108,404
MO080SKU109,2025-03-22,FAC002,SKU109,311
MO080SKU110,2025-03-22,FAC002,SKU110,87
MO080SKU111,2025-03-22,FAC004,SKU111,133
MO080SKU112,2025-03-22,FAC001,SKU112,142
MO080SKU113,2025-03-22,FAC003,SKU113,210
MO080SKU114,2025-03-22,FAC006,SKU114,204
MO080SKU115,2025-03-22,FAC001,SKU115,223
MO080SKU116,2025-03-22,FAC006,SKU116,427
MO080SKU117,2025-03-22,FAC001,SKU117,450
MO080SKU118,2025-03-22,FAC001,SKU118,451
MO080SKU119,2025-03-22,FAC004,SKU119,111
MO080SKU120,2025-03-22,FAC003,SKU120,221
MO080SKU121,2025-03-22,FAC001,SKU121,208
MO080SKU122,2025-03-22,FAC003,SKU122,126
MO080SKU123,2025-03-22,FAC001,SKU123,172
MO080SKU124,2025-03-22,FAC006,SKU124,119
MO080SKU125,2025-03-22,FAC004,SKU125,462
MO080SKU126,2025-03-22,FAC003,SKU126,150
MO080SKU127,2025-03-22,FAC002,SKU127,439
MO080SKU128,2025-03-22,FAC004,SKU128,344
MO080SKU129,2025-03-22,FAC003,SKU129,198
MO081SKU100,2025-03-23,FAC005,SKU100,202
MO081SKU101,2025-03-23,FAC005,SKU101,122
MO081SKU102,2025-03-23,FAC005,SKU102,208
MO081SKU103,2025-03-23,FAC006,SKU103,442
MO081SKU104,2025-03-23,FAC003,SKU104,465
MO081SKU105,2025-03-23,FAC006,SKU105,405
MO081SKU106,2025-03-23,FAC003,SKU106,402
MO081SKU107,2025-03-23,FAC004,SKU107,395
MO081SKU108,2025-03-23,FAC002,SKU108,353
MO081SKU109,2025-03-23,FAC001,SKU109,374
MO081SKU110,2025-03-23,FAC001,SKU110,89
MO081SKU111,2025-03-23,FAC002,SKU111,220
MO081SKU112,2025-03-23,FAC003,SKU112,131
MO081SKU113,2025-03-23,FAC004,SKU113,224
MO081SKU114,2025-03-23,FAC006,SKU114,426
MO081SKU115,2025-03-23,FAC003,SKU115,295
MO081SKU116,2025-03-23,FAC001,SKU116,235
MO081SKU117,2025-03-23,FAC006,SKU117,517
MO081SKU118,2025-03-23,FAC002,SKU118,261
MO081SKU119,2025-03-23,FAC002,SKU119,448
MO081SKU120,2025-03-23,FAC006,SKU120,351
MO081SKU121,2025-03-23,FAC006,SKU121,484
MO081SKU122,2025-03-23,FAC005,SKU122,391
MO081SKU123,2025-03-23,FAC001,SKU123,157
MO081SKU124,2025-03-23,FAC002,SKU124,314
MO081SKU125,2025-03-23,FAC002,SKU125,392
MO081SKU126,2025-03-23,FAC005,SKU126,159
MO081SKU127,2025-03-23,FAC002,SKU127,499
MO081SKU128,2025-03-23,FAC004,SKU128,119
MO081SKU129,2025-03-23,FAC002,SKU129,171
MO082SKU100,2025-03-24,FAC005,SKU100,332
MO082SKU101,2025-03-24,FAC004,SKU101,282
MO082SKU102,2025-03-24,FAC001,SKU102,498
MO082SKU103,2025-03-24,FAC002,SKU103,248
MO082SKU104,2025-03-24,FAC004,SKU104,461
MO082SKU105,2025-03-24,FAC004,SKU105,251
MO082SKU106,2025-03-24,FAC003,SKU106,378
MO082SKU107,2025-03-24,FAC002,SKU107,484
MO082SKU108,2025-03-24,FAC005,SKU108,203
MO082SKU109,2025-03-24,FAC004,SKU109,490
MO082SKU110,2025-03-24,FAC006,SKU110,295
MO082SKU111,2025-03-24,FAC006,SKU111,293
MO082SKU112,2025-03-24,FAC001,SKU112,154
MO082SKU113,2025-03-24,FAC005,SKU113,133
MO082SKU114,2025-03-24,FAC003,SKU114,208
MO082SKU115,2025-03-24,FAC005,SKU115,489
MO082SKU116,2025-03-24,FAC003,SKU116,354
MO082SKU117,2025-03-24,FAC004,SKU117,136
MO082SKU118,2025-03-24,FAC001,SKU118,244
MO082SKU119,2025-03-24,FAC006,SKU119,519
MO082SKU120,2025-03-24,FAC006,SKU120,83
MO082SKU121,2025-03-24,FAC006,SKU121,202
MO082SKU122,2025-03-24,FAC005,SKU122,250
MO082SKU123,2025-03-24,FAC001,SKU123,406
MO082SKU124,2025-03-24,FAC006,SKU124,512
MO082SKU125,2025-03-24,FAC005,SKU125,313
MO082SKU126,2025-03-24,FAC002,SKU126,157
MO082SKU127,2025-03-24,FAC004,SKU127,292
MO082SKU128,2025-03-24,FAC005,SKU128,456
MO082SKU129,2025-03-24,FAC006,SKU129,281
MO083SKU100,2025-03-25,FAC006,SKU100,86
MO083SKU101,2025-03-25,FAC003,SKU101,374
MO083SKU102,2025-03-25,FAC003,SKU102,291
MO083SKU103,2025-03-25,FAC004,SKU103,431
MO083SKU104,2025-03-25,FAC004,SKU104,353
MO083SKU105,2025-03-25,FAC002,SKU105,479
MO083SKU106,2025-03-25,FAC002,SKU106,459
MO083SKU107,2025-03-25,FAC005,SKU107,275
MO083SKU108,2025-03-25,FAC003,SKU108,390
MO083SKU109,2025-03-25,FAC001,SKU109,274
MO083SKU110,2025-03-25,FAC004,SKU110,106
MO083SKU111,2025-03-25,FAC001,SKU111,407
MO083SKU112,2025-03-25,FAC001,SKU112,238
MO083SKU113,2025-03-25,FAC001,SKU113,364
MO083SKU114,2025-03-25,FAC001,SKU114,192
MO083SKU115,2025-03-25,FAC003,SKU115,427
MO083SKU116,2025-03-25,FAC003,SKU116,346
MO083SKU117,2025-03-25,FAC006,SKU117,335
MO083SKU118,2025-03-25,FAC002,SKU118,295
MO083SKU119,2025-03-25,FAC004,SKU119,283
MO083SKU120,2025-03-25,FAC003,SKU120,140
MO083SKU121,2025-03-25,FAC006,SKU121,136
MO083SKU122,2025-03-25,FAC002,SKU122,432
MO083SKU123,2025-03-25,FAC005,SKU123,385
MO083SKU124,2025-03-25,FAC002,SKU124,441
MO083SKU125,2025-03-25,FAC006,SKU125,346
MO083SKU126,2025-03-25,FAC006,SKU126,315
MO083SKU127,2025-03-25,FAC003,SKU127,62
MO083SKU128,2025-03-25,FAC001,SKU128,435
MO083SKU129,2025-03-25,FAC004,SKU129,450
MO084SKU100,2025-03-26,FAC006,SKU100,358
MO084SKU101,2025-03-26,FAC001,SKU101,95
MO084SKU102,2025-03-26,FAC004,SKU102,414
MO084SKU103,2025-03-26,FAC004,SKU103,330
MO084SKU104,2025-03-26,FAC002,SKU104,346
MO084SKU105,2025-03-26,FAC006,SKU105,450
MO084SKU106,2025-03-26,FAC006,SKU106,115
MO084SKU107,2025-03-26,FAC003,SKU107,199
MO084SKU108,2025-03-26,FAC002,SKU108,302
MO084SKU109,2025-03-26,FAC006,SKU109,198
MO084SKU110,2025-03-26,FAC005,SKU110,440
MO084SKU111,2025-03-26,FAC006,SKU111,452
MO084SKU112,2025-03-26,FAC005,SKU112,178
MO084SKU113,2025-03-26,FAC006,SKU113,436
MO084SKU114,2025-03-26,FAC006,SKU114,477
MO084SKU115,2025-03-26,FAC004,SKU115,512
MO084SKU116,2025-03-26,FAC001,SKU116,197
MO084SKU117,2025-03-26,FAC003,SKU117,151
MO084SKU118,2025-03-26,FAC006,SKU118,423
MO084SKU119,2025-03-26,FAC002,SKU119,173
MO084SKU120,2025-03-26,FAC005,SKU120,267
MO084SKU121,2025-03-26,FAC005,SKU121,94
MO084SKU122,2025-03-26,FAC004,SKU122,177
MO084SKU123,2025-03-26,FAC006,SKU123,513
MO084SKU124,2025-03-26,FAC006,SKU124,505
MO084SKU125,2025-03-26,FAC004,SKU125,362
MO084SKU126,2025-03-26,FAC003,SKU126,344
MO084SKU127,2025-03-26,FAC002,SKU127,508
MO084SKU128,2025-03-26,FAC005,SKU128,426
MO084SKU129,2025-03-26,FAC006,SKU129,136
MO085SKU100,2025-03-27,FAC002,SKU100,192
MO085SKU101,2025-03-27,FAC002,SKU101,479
MO085SKU102,2025-03-27,FAC002,SKU102,490
MO085SKU103,2025-03-27,FAC003,SKU103,361
MO085SKU104,2025-03-27,FAC002,SKU104,398
MO085SKU105,2025-03-27,FAC004,SKU105,383
MO085SKU106,2025-03-27,FAC004,SKU106,327
MO085SKU107,2025-03-27,FAC003,SKU107,114
MO085SKU108,2025-03-27,FAC006,SKU108,470
MO085SKU109,2025-03-27,FAC002,SKU109,360
MO085SKU110,2025-03-27,FAC001,SKU110,499
MO085SKU111,2025-03-27,FAC006,SKU111,433
MO085SKU112,2025-03-27,FAC006,SKU112,385
MO085SKU113,2025-03-27,FAC002,SKU113,222
MO085SKU114,2025-03-27,FAC006,SKU114,512
MO085SKU115,2025-03-27,FAC005,SKU115,70
MO085SKU116,2025-03-27,FAC002,SKU116,431
MO085SKU117,2025-03-27,FAC002,SKU117,337
MO085SKU118,2025-03-27,FAC004,SKU118,99
MO085SKU119,2025-03-27,FAC005,SKU119,127
MO085SKU120,2025-03-27,FAC002,SKU120,273
MO085SKU121,2025-03-27,FAC001,SKU121,436
MO085SKU122,2025-03-27,FAC003,SKU122,227
MO085SKU123,2025-03-27,FAC006,SKU123,412
MO085SKU124,2025-03-27,FAC006,SKU124,294
MO085SKU125,2025-03-27,FAC006,SKU125,129
MO085SKU126,2025-03-27,FAC004,SKU126,223
MO085SKU127,2025-03-27,FAC001,SKU127,72
MO085SKU128,2025-03-27,FAC005,SKU128,324
MO085SKU129,2025-03-27,FAC005,SKU129,101
MO086SKU100,2025-03-28,FAC005,SKU100,311
MO086SKU101,2025-03-28,FAC001,SKU101,508
MO086SKU102,2025-03-28,FAC006,SKU102,366
MO086SKU103,2025-03-28,FAC006,SKU103,502
MO086SKU104,2025-03-28,FAC005,SKU104,164
MO086SKU105,2025-03-28,FAC004,SKU105,203
MO086SKU106,2025-03-28,FAC002,SKU106,256
MO086SKU107,2025-03-28,FAC001,SKU107,200
MO086SKU108,2025-03-28,FAC001,SKU108,196
MO086SKU109,2025-03-28,FAC003,SKU109,157
MO086SKU110,2025-03-28,FAC006,SKU110,147
MO086SKU111,2025-03-28,FAC005,SKU111,244
MO086SKU112,2025-03-28,FAC005,SKU112,488
MO086SKU113,2025-03-28,FAC006,SKU113,151
MO086SKU114,2025-03-28,FAC003,SKU114,365
MO086SKU115,2025-03-28,FAC006,SKU115,341
MO086SKU116,2025-03-28,FAC002,SKU116,401
MO086SKU117,2025-03-28,FAC002,SKU117,164
MO086SKU118,2025-03-28,FAC005,SKU118,390
MO086SKU119,2025-03-28,FAC005,SKU119,229
MO086SKU120,2025-03-28,FAC003,SKU120,122
MO086SKU121,2025-03-28,FAC004,SKU121,421
MO086SKU122,2025-03-28,FAC006,SKU122,129
MO086SKU123,2025-03-28,FAC002,SKU123,419
MO086SKU124,2025-03-28,FAC006,SKU124,426
MO086SKU125,2025-03-28,FAC003,SKU125,426
MO086SKU126,2025-03-28,FAC005,SKU126,434
MO086SKU127,2025-03-28,FAC002,SKU127,163
MO086SKU128,2025-03-28,FAC001,SKU128,501
MO086SKU129,2025-03-28,FAC001,SKU129,220
MO087SKU100,2025-03-29,FAC001,SKU100,223
MO087SKU101,2025-03-29,FAC006,SKU101,179
MO087SKU102,2025-03-29,FAC004,SKU102,222
MO087SKU103,2025-03-29,FAC005,SKU103,385
MO087SKU104,2025-03-29,FAC005,SKU104,210
MO087SKU105,2025-03-29,FAC004,SKU105,95
MO087SKU106,2025-03-29,FAC006,SKU106,286
MO087SKU107,2025-03-29,FAC004,SKU107,362
MO087SKU108,2025-03-29,FAC001,SKU108,406
MO087SKU109,2025-03-29,FAC006,SKU109,330
MO087SKU110,2025-03-29,FAC006,SKU110,150
MO087SKU111,2025-03-29,FAC006,SKU111,110
MO087SKU112,2025-03-29,FAC006,SKU112,460
MO087SKU113,2025-03-29,FAC002,SKU113,302
MO087SKU114,2025-03-29,FAC005,SKU114,259
MO087SKU115,2025-03-29,FAC005,SKU115,261
MO087SKU116,2025-03-29,FAC002,SKU116,446
MO087SKU117,2025-03-29,FAC003,SKU117,411
MO087SKU118,2025-03-29,FAC001,SKU118,494
MO087SKU119,2025-03-29,FAC002,SKU119,160
MO087SKU120,2025-03-29,FAC001,SKU120,112
MO087SKU121,2025-03-29,FAC004,SKU121,491
MO087SKU122,2025-03-29,FAC004,SKU122,108
MO087SKU123,2025-03-29,FAC002,SKU123,350
MO087SKU124,2025-03-29,FAC006,SKU124,370
MO087SKU125,2025-03-29,FAC004,SKU125,332
MO087SKU126,2025-03-29,FAC006,SKU126,375
MO087SKU127,2025-03-29,FAC005,SKU127,472
MO087SKU128,2025-03-29,FAC006,SKU128,278
MO087SKU129,2025-03-29,FAC001,SKU129,368
MO088SKU100,2025-03-30,FAC001,SKU100,168
MO088SKU101,2025-03-30,FAC005,SKU101,461
MO088SKU102,2025-03-30,FAC003,SKU102,471
MO088SKU103,2025-03-30,FAC002,SKU103,307
MO088SKU104,2025-03-30,FAC004,SKU104,450
MO088SKU105,2025-03-30,FAC006,SKU105,248
MO088SKU106,2025-03-30,FAC005,SKU106,132
MO088SKU107,2025-03-30,FAC001,SKU107,348
MO088SKU108,2025-03-30,FAC003,SKU108,301
MO088SKU109,2025-03-30,FAC006,SKU109,73
MO088SKU110,2025-03-30,FAC001,SKU110,292
MO088SKU111,2025-03-30,FAC005,SKU111,343
MO088SKU112,2025-03-30,FAC004,SKU112,138
MO088SKU113,2025-03-30,FAC003,SKU113,153
MO088SKU114,2025-03-30,FAC003,SKU114,323
MO088SKU115,2025-03-30,FAC005,SKU115,330
MO088SKU116,2025-03-30,FAC004,SKU116,239
MO088SKU117,2025-03-30,FAC003,SKU117,331
MO088SKU118,2025-03-30,FAC006,SKU118,294
MO088SKU119,2025-03-30,FAC001,SKU119,124
MO088SKU120,2025-03-30,FAC003,SKU120,319
MO088SKU121,2025-03-30,FAC002,SKU121,136
MO088SKU122,2025-03-30,FAC003,SKU122,312
MO088SKU123,2025-03-30,FAC004,SKU123,326
MO088SKU124,2025-03-30,FAC003,SKU124,457
MO088SKU125,2025-03-30,FAC004,SKU125,483
MO088SKU126,2025-03-30,FAC004,SKU126,439
MO088SKU127,2025-03-30,FAC001,SKU127,124
MO088SKU128,2025-03-30,FAC001,SKU128,188
MO088SKU129,2025-03-30,FAC006,SKU129,463
MO089SKU100,2025-03-31,FAC001,SKU100,210
MO089SKU101,2025-03-31,FAC002,SKU101,236
MO089SKU102,2025-03-31,FAC004,SKU102,525
MO089SKU103,2025-03-31,FAC006,SKU103,506
MO089SKU104,2025-03-31,FAC002,SKU104,371
MO089SKU105,2025-03-31,FAC002,SKU105,376
MO089SKU106,2025-03-31,FAC001,SKU106,138
MO089SKU107,2025-03-31,FAC004,SKU107,159
MO089SKU108,2025-03-31,FAC001,SKU108,399
MO089SKU109,2025-03-31,FAC006,SKU109,308
MO089SKU110,2025-03-31,FAC004,SKU110,208
MO089SKU111,2025-03-31,FAC006,SKU111,94
MO089SKU112,2025-03-31,FAC003,SKU112,232
MO089SKU113,2025-03-31,FAC002,SKU113,259
MO089SKU114,2025-03-31,FAC001,SKU114,87
MO089SKU115,2025-03-31,FAC002,SKU115,416
MO089SKU116,2025-03-31,FAC005,SKU116,307
MO089SKU117,2025-03-31,FAC004,SKU117,303
MO089SKU118,2025-03-31,FAC001,SKU118,273
MO089SKU119,2025-03-31,FAC002,SKU119,87
MO089SKU120,2025-03-31,FAC003,SKU120,291
MO089SKU121,2025-03-31,FAC005,SKU121,481
MO089SKU122,2025-03-31,FAC002,SKU122,218
MO089SKU123,2025-03-31,FAC001,SKU123,264
MO089SKU124,2025-03-31,FAC001,SKU124,384
MO089SKU125,2025-03-31,FAC006,SKU125,412
MO089SKU126,2025-03-31,FAC004,SKU126,216
MO089SKU127,2025-03-31,FAC005,SKU127,149
MO089SKU128,2025-03-31,FAC004,SKU128,283
MO089SKU129,2025-03-31,FAC002,SKU129,165
MO090SKU100,2025-04-01,FAC002,SKU100,355
MO090SKU101,2025-04-01,FAC002,SKU101,218
MO090SKU102,2025-04-01,FAC001,SKU102,133
MO090SKU103,2025-04-01,FAC004,SKU103,446
MO090SKU104,2025-04-01,FAC005,SKU104,414
MO090SKU105,2025-04-01,FAC005,SKU105,168
MO090SKU106,2025-04-01,FAC004,SKU106,385
MO090SKU107,2025-04-01,FAC001,SKU107,209
MO090SKU108,2025-04-01,FAC006,SKU108,352
MO090SKU109,2025-04-01,FAC005,SKU109,509
MO090SKU110,2025-04-01,FAC003,SKU110,482
MO090SKU111,2025-04-01,FAC003,SKU111,207
MO090SKU112,2025-04-01,FAC001,SKU112,154
MO090SKU113,2025-04-01,FAC006,SKU113,190
MO090SKU114,2025-04-01,FAC003,SKU114,257
MO090SKU115,2025-04-01,FAC002,SKU115,516
MO090SKU116,2025-04-01,FAC001,SKU116,208
MO090SKU117,2025-04-01,FAC003,SKU117,257
MO090SKU118,2025-04-01,FAC005,SKU118,118
MO090SKU119,2025-04-01,FAC005,SKU119,447
MO090SKU120,2025-04-01,FAC006,SKU120,278
MO090SKU121,2025-04-01,FAC002,SKU121,111
MO090SKU122,2025-04-01,FAC001,SKU122,237
MO090SKU123,2025-04-01,FAC005,SKU123,402
MO090SKU124,2025-04-01,FAC004,SKU124,489
MO090SKU125,2025-04-01,FAC006,SKU125,434
MO090SKU126,2025-04-01,FAC004,SKU126,383
MO090SKU127,2025-04-01,FAC005,SKU127,266
MO090SKU128,2025-04-01,FAC004,SKU128,482
MO090SKU129,2025-04-01,FAC006,SKU129,315
MO091SKU100,2025-04-02,FAC002,SKU100,122
MO091SKU101,2025-04-02,FAC002,SKU101,265
MO091SKU102,2025-04-02,FAC002,SKU102,162
MO091SKU103,2025-04-02,FAC001,SKU103,436
MO091SKU104,2025-04-02,FAC001,SKU104,367
MO091SKU105,2025-04-02,FAC001,SKU105,118
MO091SKU106,2025-04-02,FAC006,SKU106,125
MO091SKU107,2025-04-02,FAC001,SKU107,99
MO091SKU108,2025-04-02,FAC005,SKU108,133
MO091SKU109,2025-04-02,FAC001,SKU109,499
MO091SKU110,2025-04-02,FAC006,SKU110,441
MO091SKU111,2025-04-02,FAC005,SKU111,220
MO091SKU112,2025-04-02,FAC003,SKU112,308
MO091SKU113,2025-04-02,FAC001,SKU113,339
MO091SKU114,2025-04-02,FAC005,SKU114,421
MO091SKU115,2025-04-02,FAC001,SKU115,104
MO091SKU116,2025-04-02,FAC004,SKU116,220
MO091SKU117,2025-04-02,FAC001,SKU117,74
MO091SKU118,2025-04-02,FAC003,SKU118,319
MO091SKU119,2025-04-02,FAC006,SKU119,230
MO091SKU120,2025-04-02,FAC001,SKU120,442
MO091SKU121,2025-04-02,FAC002,SKU121,152
MO091SKU122,2025-04-02,FAC005,SKU122,225
MO091SKU123,2025-04-02,FAC001,SKU123,177
MO091SKU124,2025-04-02,FAC002,SKU124,109
MO091SKU125,2025-04-02,FAC002,SKU125,374
MO091SKU126,2025-04-02,FAC006,SKU126,320
MO091SKU127,2025-04-02,FAC003,SKU127,236
MO091SKU128,2025-04-02,FAC004,SKU128,155
MO091SKU129,2025-04-02,FAC006,SKU129,299
MO092SKU100,2025-04-03,FAC001,SKU100,452
MO092SKU101,2025-04-03,FAC004,SKU101,147
MO092SKU102,2025-04-03,FAC004,SKU102,267
MO092SKU103,2025-04-03,FAC006,SKU103,292
MO092SKU104,2025-04-03,FAC006,SKU104,188
MO092SKU105,2025-04-03,FAC005,SKU105,216
MO092SKU106,2025-04-03,FAC005,SKU106,369
MO092SKU107,2025-04-03,FAC001,SKU107,517
MO092SKU108,2025-04-03,FAC005,SKU108,475
MO092SKU109,2025-04-03,FAC002,SKU109,459
MO092SKU110,2025-04-03,FAC001,SKU110,117
MO092SKU111,2025-04-03,FAC004,SKU111,76
MO092SKU112,2025-04-03,FAC003,SKU112,139
MO092SKU113,2025-04-03,FAC003,SKU113,487
MO092SKU114,2025-04-03,FAC005,SKU114,192
MO092SKU115,2025-04-03,FAC002,SKU115,278
MO092SKU116,2025-04-03,FAC006,SKU116,487
MO092SKU117,2025-04-03,FAC001,SKU117,177
MO092SKU118,2025-04-03,FAC006,SKU118,283
MO092SKU119,2025-04-03,FAC004,SKU119,452
MO092SKU120,2025-04-03,FAC001,SKU120,373
MO092SKU121,2025-04-03,FAC002,SKU121,251
MO092SKU122,2025-04-03,FAC004,SKU122,75
MO092SKU123,2025-04-03,FAC006,SKU123,459
MO092SKU124,2025-04-03,FAC003,SKU124,473
MO092SKU125,2025-04-03,FAC004,SKU125,320
MO092SKU126,2025-04-03,FAC003,SKU126,397
MO092SKU127,2025-04-03,FAC006,SKU127,141
MO092SKU128,2025-04-03,FAC005,SKU128,379
MO092SKU129,2025-04-03,FAC004,SKU129,108
MO093SKU100,2025-04-04,FAC002,SKU100,290
MO093SKU101,2025-04-04,FAC005,SKU101,192
MO093SKU102,2025-04-04,FAC004,SKU102,129
MO093SKU103,2025-04-04,FAC004,SKU103,272
MO093SKU104,2025-04-04,FAC003,SKU104,295
MO093SKU105,2025-04-04,FAC001,SKU105,283
MO093SKU106,2025-04-04,FAC003,SKU106,100
MO093SKU107,2025-04-04,FAC005,SKU107,188
MO093SKU108,2025-04-04,FAC001,SKU108,141
MO093SKU109,2025-04-04,FAC002,SKU109,258
MO093SKU110,2025-04-04,FAC001,SKU110,112
MO093SKU111,2025-04-04,FAC004,SKU111,351
MO093SKU112,2025-04-04,FAC003,SKU112,84
MO093SKU113,2025-04-04,FAC004,SKU113,274
MO093SKU114,2025-04-04,FAC004,SKU114,205
MO093SKU115,2025-04-04,FAC006,SKU115,285
MO093SKU116,2025-04-04,FAC006,SKU116,141
MO093SKU117,2025-04-04,FAC002,SKU117,112
MO093SKU118,2025-04-04,FAC004,SKU118,397
MO093SKU119,2025-04-04,FAC002,SKU119,122
MO093SKU120,2025-04-04,FAC006,SKU120,302
MO093SKU121,2025-04-04,FAC002,SKU121,478
MO093SKU122,2025-04-04,FAC006,SKU122,418
MO093SKU123,2025-04-04,FAC006,SKU123,354
MO093SKU124,2025-04-04,FAC003,SKU124,421
MO093SKU125,2025-04-04,FAC003,SKU125,485
MO093SKU126,2025-04-04,FAC004,SKU126,381
MO093SKU127,2025-04-04,FAC004,SKU127,439
MO093SKU128,2025-04-04,FAC005,SKU128,170
MO093SKU129,2025-04-04,FAC004,SKU129,144
MO094SKU100,2025-04-05,FAC002,SKU100,285
MO094SKU101,2025-04-05,FAC004,SKU101,471
MO094SKU102,2025-04-05,FAC006,SKU102,509
MO094SKU103,2025-04-05,FAC005,SKU103,162
MO094SKU104,2025-04-05,FAC003,SKU104,105
MO094SKU105,2025-04-05,FAC006,SKU105,277
MO094SKU106,2025-04-05,FAC005,SKU106,345
MO094SKU107,2025-04-05,FAC006,SKU107,246
MO094SKU108,2025-04-05,FAC006,SKU108,321
MO094SKU109,2025-04-05,FAC001,SKU109,424
MO094SKU110,2025-04-05,FAC005,SKU110,464
MO094SKU111,2025-04-05,FAC003,SKU111,163
MO094SKU112,2025-04-05,FAC001,SKU112,155
MO094SKU113,2025-04-05,FAC006,SKU113,263
MO094SKU114,2025-04-05,FAC006,SKU114,272
MO094SKU115,2025-04-05,FAC001,SKU115,489
MO094SKU116,2025-04-05,FAC004,SKU116,483
MO094SKU117,2025-04-05,FAC003,SKU117,285
MO094SKU118,2025-04-05,FAC005,SKU118,253
MO094SKU119,2025-04-05,FAC004,SKU119,175
MO094SKU120,2025-04-05,FAC005,SKU120,211
MO094SKU121,2025-04-05,FAC002,SKU121,320
MO094SKU122,2025-04-05,FAC005,SKU122,399
MO094SKU123,2025-04-05,FAC003,SKU123,304
MO094SKU124,2025-04-05,FAC002,SKU124,283
MO094SKU125,2025-04-05,FAC006,SKU125,195
MO094SKU126,2025-04-05,FAC002,SKU126,203
MO094SKU127,2025-04-05,FAC004,SKU127,137
MO094SKU128,2025-04-05,FAC004,SKU128,267
MO094SKU129,2025-04-05,FAC006,SKU129,331
MO095SKU100,2025-04-06,FAC006,SKU100,452
MO095SKU101,2025-04-06,FAC005,SKU101,309
MO095SKU102,2025-04-06,FAC006,SKU102,407
MO095SKU103,2025-04-06,FAC003,SKU103,398
MO095SKU104,2025-04-06,FAC006,SKU104,481
MO095SKU105,2025-04-06,FAC004,SKU105,281
MO095SKU106,2025-04-06,FAC003,SKU106,142
MO095SKU107,2025-04-06,FAC004,SKU107,481
MO095SKU108,2025-04-06,FAC004,SKU108,386
MO095SKU109,2025-04-06,FAC006,SKU109,161
MO095SKU110,2025-04-06,FAC006,SKU110,121
MO095SKU111,2025-04-06,FAC002,SKU111,313
MO095SKU112,2025-04-06,FAC002,SKU112,313
MO095SKU113,2025-04-06,FAC005,SKU113,157
MO095SKU114,2025-04-06,FAC001,SKU114,268
MO095SKU115,2025-04-06,FAC001,SKU115,261
MO095SKU116,2025-04-06,FAC004,SKU116,341
MO095SKU117,2025-04-06,FAC005,SKU117,297
MO095SKU118,2025-04-06,FAC003,SKU118,334
MO095SKU119,2025-04-06,FAC003,SKU119,161
MO095SKU120,2025-04-06,FAC005,SKU120,370
MO095SKU121,2025-04-06,FAC006,SKU121,299
MO095SKU122,2025-04-06,FAC003,SKU122,452
MO095SKU123,2025-04-06,FAC001,SKU123,382
MO095SKU124,2025-04-06,FAC001,SKU124,513
MO095SKU125,2025-04-06,FAC004,SKU125,74
MO095SKU126,2025-04-06,FAC005,SKU126,373
MO095SKU127,2025-04-06,FAC004,SKU127,370
MO095SKU128,2025-04-06,FAC006,SKU128,375
MO095SKU129,2025-04-06,FAC004,SKU129,310
MO096SKU100,2025-04-07,FAC003,SKU100,216
MO096SKU101,2025-04-07,FAC006,SKU101,482
MO096SKU102,2025-04-07,FAC004,SKU102,64
MO096SKU103,2025-04-07,FAC003,SKU103,120
MO096SKU104,2025-04-07,FAC006,SKU104,516
MO096SKU105,2025-04-07,FAC005,SKU105,249
MO096SKU106,2025-04-07,FAC004,SKU106,195
MO096SKU107,2025-04-07,FAC001,SKU107,426
MO096SKU108,2025-04-07,FAC006,SKU108,379
MO096SKU109,2025-04-07,FAC003,SKU109,465
MO096SKU110,2025-04-07,FAC001,SKU110,186
MO096SKU111,2025-04-07,FAC001,SKU111,510
MO096SKU112,2025-04-07,FAC006,SKU112,413
MO096SKU113,2025-04-07,FAC002,SKU113,253
MO096SKU114,2025-04-07,FAC001,SKU114,226
MO096SKU115,2025-04-07,FAC005,SKU115,292
MO096SKU116,2025-04-07,FAC005,SKU116,132
MO096SKU117,2025-04-07,FAC001,SKU117,147
MO096SKU118,2025-04-07,FAC004,SKU118,475
MO096SKU119,2025-04-07,FAC002,SKU119,398
MO096SKU120,2025-04-07,FAC003,SKU120,406
MO096SKU121,2025-04-07,FAC006,SKU121,383
MO096SKU122,2025-04-07,FAC003,SKU122,515
MO096SKU123,2025-04-07,FAC002,SKU123,126
MO096SKU124,2025-04-07,FAC005,SKU124,126
MO096SKU125,2025-04-07,FAC005,SKU125,119
MO096SKU126,2025-04-07,FAC003,SKU126,171
MO096SKU127,2025-04-07,FAC004,SKU127,206
MO096SKU128,2025-04-07,FAC002,SKU128,270
MO096SKU129,2025-04-07,FAC001,SKU129,137
MO097SKU100,2025-04-08,FAC005,SKU100,451
MO097SKU101,2025-04-08,FAC003,SKU101,98
MO097SKU102,2025-04-08,FAC005,SKU102,341
MO097SKU103,2025-04-08,FAC006,SKU103,78
MO097SKU104,2025-04-08,FAC001,SKU104,156
MO097SKU105,2025-04-08,FAC002,SKU105,84
MO097SKU106,2025-04-08,FAC002,SKU106,247
MO097SKU107,2025-04-08,FAC001,SKU107,273
MO097SKU108,2025-04-08,FAC003,SKU108,431
MO097SKU109,2025-04-08,FAC001,SKU109,328
MO097SKU110,2025-04-08,FAC003,SKU110,451
MO097SKU111,2025-04-08,FAC004,SKU111,473
MO097SKU112,2025-04-08,FAC003,SKU112,275
MO097SKU113,2025-04-08,FAC006,SKU113,178
MO097SKU114,2025-04-08,FAC005,SKU114,280
MO097SKU115,2025-04-08,FAC006,SKU115,175
MO097SKU116,2025-04-08,FAC004,SKU116,319
MO097SKU117,2025-04-08,FAC003,SKU117,481
MO097SKU118,2025-04-08,FAC004,SKU118,127
MO097SKU119,2025-04-08,FAC006,SKU119,402
MO097SKU120,2025-04-08,FAC001,SKU120,124
MO097SKU121,2025-04-08,FAC003,SKU121,227
MO097SKU122,2025-04-08,FAC005,SKU122,412
MO097SKU123,2025-04-08,FAC002,SKU123,314
MO097SKU124,2025-04-08,FAC002,SKU124,247
MO097SKU125,2025-04-08,FAC006,SKU125,208
MO097SKU126,2025-04-08,FAC003,SKU126,257
MO097SKU127,2025-04-08,FAC001,SKU127,109
MO097SKU128,2025-04-08,FAC005,SKU128,278
MO097SKU129,2025-04-08,FAC005,SKU129,228
MO098SKU100,2025-04-09,FAC004,SKU100,192
MO098SKU101,2025-04-09,FAC004,SKU101,90
MO098SKU102,2025-04-09,FAC005,SKU102,143
MO098SKU103,2025-04-09,FAC005,SKU103,363
MO098SKU104,2025-04-09,FAC005,SKU104,205
MO098SKU105,2025-04-09,FAC004,SKU105,298
MO098SKU106,2025-04-09,FAC001,SKU106,354
MO098SKU107,2025-04-09,FAC004,SKU107,396
MO098SKU108,2025-04-09,FAC003,SKU108,487
MO098SKU109,2025-04-09,FAC004,SKU109,227
MO098SKU110,2025-04-09,FAC004,SKU110,383
MO098SKU111,2025-04-09,FAC006,SKU111,113
MO098SKU112,2025-04-09,FAC001,SKU112,365
MO098SKU113,2025-04-09,FAC001,SKU113,252
MO098SKU114,2025-04-09,FAC001,SKU114,182
MO098SKU115,2025-04-09,FAC006,SKU115,159
MO098SKU116,2025-04-09,FAC001,SKU116,295
MO098SKU117,2025-04-09,FAC003,SKU117,482
MO098SKU118,2025-04-09,FAC006,SKU118,390
MO098SKU119,2025-04-09,FAC001,SKU119,93
MO098SKU120,2025-04-09,FAC001,SKU120,100
MO098SKU121,2025-04-09,FAC004,SKU121,245
MO098SKU122,2025-04-09,FAC002,SKU122,454
MO098SKU123,2025-04-09,FAC003,SKU123,350
MO098SKU124,2025-04-09,FAC004,SKU124,175
MO098SKU125,2025-04-09,FAC005,SKU125,321
MO098SKU126,2025-04-09,FAC006,SKU126,214
MO098SKU127,2025-04-09,FAC006,SKU127,233
MO098SKU128,2025-04-09,FAC003,SKU128,220
MO098SKU129,2025-04-09,FAC002,SKU129,144
MO099SKU100,2025-04-10,FAC005,SKU100,198
MO099SKU101,2025-04-10,FAC003,SKU101,265
MO099SKU102,2025-04-10,FAC005,SKU102,298
MO099SKU103,2025-04-10,FAC003,SKU103,150
MO099SKU104,2025-04-10,FAC005,SKU104,303
MO099SKU105,2025-04-10,FAC001,SKU105,476
MO099SKU106,2025-04-10,FAC003,SKU106,336
MO099SKU107,2025-04-10,FAC002,SKU107,384
MO099SKU108,2025-04-10,FAC002,SKU108,115
MO099SKU109,2025-04-10,FAC001,SKU109,325
MO099SKU110,2025-04-10,FAC003,SKU110,414
MO099SKU111,2025-04-10,FAC001,SKU111,142
MO099SKU112,2025-04-10,FAC004,SKU112,312
MO099SKU113,2025-04-10,FAC001,SKU113,308
MO099SKU114,2025-04-10,FAC001,SKU114,240
MO099SKU115,2025-04-10,FAC004,SKU115,267
MO099SKU116,2025-04-10,FAC002,SKU116,248
MO099SKU117,2025-04-10,FAC004,SKU117,234
MO099SKU118,2025-04-10,FAC001,SKU118,322
MO099SKU119,2025-04-10,FAC002,SKU119,194
MO099SKU120,2025-04-10,FAC005,SKU120,104
MO099SKU121,2025-04-10,FAC001,SKU121,199
MO099SKU122,2025-04-10,FAC006,SKU122,220
MO099SKU123,2025-04-10,FAC001,SKU123,281
MO099SKU124,2025-04-10,FAC006,SKU124,452
MO099SKU125,2025-04-10,FAC002,SKU125,335
MO099SKU126,2025-04-10,FAC005,SKU126,404
MO099SKU127,2025-04-10,FAC002,SKU127,467
MO099SKU128,2025-04-10,FAC006,SKU128,437
MO099SKU129,2025-04-10,FAC003,SKU129,455
MO100SKU100,2025-04-11,FAC001,SKU100,185
MO100SKU101,2025-04-11,FAC005,SKU101,240
MO100SKU102,2025-04-11,FAC004,SKU102,317
MO100SKU103,2025-04-11,FAC005,SKU103,126
MO100SKU104,2025-04-11,FAC005,SKU104,240
MO100SKU105,2025-04-11,FAC001,SKU105,151
MO100SKU106,2025-04-11,FAC003,SKU106,243
MO100SKU107,2025-04-11,FAC005,SKU107,327
MO100SKU108,2025-04-11,FAC003,SKU108,428
MO100SKU109,2025-04-11,FAC003,SKU109,111
MO100SKU110,2025-04-11,FAC006,SKU110,284
MO100SKU111,2025-04-11,FAC003,SKU111,408
MO100SKU112,2025-04-11,FAC001,SKU112,334
MO100SKU113,2025-04-11,FAC006,SKU113,279
MO100SKU114,2025-04-11,FAC002,SKU114,278
MO100SKU115,2025-04-11,FAC004,SKU115,462
MO100SKU116,2025-04-11,FAC002,SKU116,223
MO100SKU117,2025-04-11,FAC003,SKU117,309
MO100SKU118,2025-04-11,FAC004,SKU118,436
MO100SKU119,2025-04-11,FAC006,SKU119,351
MO100SKU120,2025-04-11,FAC004,SKU120,289
MO100SKU121,2025-04-11,FAC001,SKU121,238
MO100SKU122,2025-04-11,FAC005,SKU122,333
MO100SKU123,2025-04-11,FAC005,SKU123,331
MO100SKU124,2025-04-11,FAC001,SKU124,465
MO100SKU125,2025-04-11,FAC002,SKU125,344
MO100SKU126,2025-04-11,FAC003,SKU126,447
MO100SKU127,2025-04-11,FAC003,SKU127,376
MO100SKU128,2025-04-11,FAC003,SKU128,207
MO100SKU129,2025-04-11,FAC003,SKU129,344
MO101SKU100,2025-04-12,FAC006,SKU100,511
MO101SKU101,2025-04-12,FAC001,SKU101,392
MO101SKU102,2025-04-12,FAC006,SKU102,210
MO101SKU103,2025-04-12,FAC001,SKU103,299
MO101SKU104,2025-04-12,FAC003,SKU104,187
MO101SKU105,2025-04-12,FAC004,SKU105,502
MO101SKU106,2025-04-12,FAC001,SKU106,321
MO101SKU107,2025-04-12,FAC005,SKU107,212
MO101SKU108,2025-04-12,FAC006,SKU108,204
MO101SKU109,2025-04-12,FAC002,SKU109,268
MO101SKU110,2025-04-12,FAC002,SKU110,479
MO101SKU111,2025-04-12,FAC003,SKU111,348
MO101SKU112,2025-04-12,FAC006,SKU112,241
MO101SKU113,2025-04-12,FAC004,SKU113,345
MO101SKU114,2025-04-12,FAC006,SKU114,150
MO101SKU115,2025-04-12,FAC006,SKU115,339
MO101SKU116,2025-04-12,FAC004,SKU116,325
MO101SKU117,2025-04-12,FAC005,SKU117,271
MO101SKU118,2025-04-12,FAC002,SKU118,491
MO101SKU119,2025-04-12,FAC005,SKU119,246
MO101SKU120,2025-04-12,FAC005,SKU120,308
MO101SKU121,2025-04-12,FAC001,SKU121,397
MO101SKU122,2025-04-12,FAC006,SKU122,261
MO101SKU123,2025-04-12,FAC005,SKU123,325
MO101SKU124,2025-04-12,FAC003,SKU124,140
MO101SKU125,2025-04-12,FAC005,SKU125,398
MO101SKU126,2025-04-12,FAC004,SKU126,524
MO101SKU127,2025-04-12,FAC001,SKU127,276
MO101SKU128,2025-04-12,FAC006,SKU128,404
MO101SKU129,2025-04-12,FAC005,SKU129,96
MO102SKU100,2025-04-13,FAC001,SKU100,93
MO102SKU101,2025-04-13,FAC001,SKU101,139
MO102SKU102,2025-04-13,FAC004,SKU102,97
MO102SKU103,2025-04-13,FAC003,SKU103,113
MO102SKU104,2025-04-13,FAC002,SKU104,360
MO102SKU105,2025-04-13,FAC005,SKU105,382
MO102SKU106,2025-04-13,FAC005,SKU106,291
MO102SKU107,2025-04-13,FAC001,SKU107,292
MO102SKU108,2025-04-13,FAC006,SKU108,147
MO102SKU109,2025-04-13,FAC006,SKU109,181
MO102SKU110,2025-04-13,FAC003,SKU110,180
MO102SKU111,2025-04-13,FAC005,SKU111,432
MO102SKU112,2025-04-13,FAC004,SKU112,272
MO102SKU113,2025-04-13,FAC004,SKU113,443
MO102SKU114,2025-04-13,FAC001,SKU114,494
MO102SKU115,2025-04-13,FAC004,SKU115,294
MO102SKU116,2025-04-13,FAC006,SKU116,398
MO102SKU117,2025-04-13,FAC001,SKU117,454
MO102SKU118,2025-04-13,FAC004,SKU118,297
MO102SKU119,2025-04-13,FAC001,SKU119,440
MO102SKU120,2025-04-13,FAC005,SKU120,256
MO102SKU121,2025-04-13,FAC005,SKU121,262
MO102SKU122,2025-04-13,FAC006,SKU122,331
MO102SKU123,2025-04-13,FAC005,SKU123,261
MO102SKU124,2025-04-13,FAC002,SKU124,312
MO102SKU125,2025-04-13,FAC003,SKU125,520
MO102SKU126,2025-04-13,FAC006,SKU126,291
MO102SKU127,2025-04-13,FAC005,SKU127,294
MO102SKU128,2025-04-13,FAC005,SKU128,201
MO102SKU129,2025-04-13,FAC002,SKU129,441
MO103SKU100,2025-04-14,FAC006,SKU100,505
MO103SKU101,2025-04-14,FAC002,SKU101,227
MO103SKU102,2025-04-14,FAC004,SKU102,315
MO103SKU103,2025-04-14,FAC003,SKU103,99
MO103SKU104,2025-04-14,FAC001,SKU104,107
MO103SKU105,2025-04-14,FAC006,SKU105,503
MO103SKU106,2025-04-14,FAC003,SKU106,81
MO103SKU107,2025-04-14,FAC002,SKU107,457
MO103SKU108,2025-04-14,FAC002,SKU108,369
MO103SKU109,2025-04-14,FAC003,SKU109,325
MO103SKU110,2025-04-14,FAC004,SKU110,215
MO103SKU111,2025-04-14,FAC002,SKU111,335
MO103SKU112,2025-04-14,FAC006,SKU112,364
MO103SKU113,2025-04-14,FAC002,SKU113,221
MO103SKU114,2025-04-14,FAC004,SKU114,98
MO103SKU115,2025-04-14,FAC003,SKU115,350
MO103SKU116,2025-04-14,FAC006,SKU116,450
MO103SKU117,2025-04-14,FAC002,SKU117,366
MO103SKU118,2025-04-14,FAC003,SKU118,341
MO103SKU119,2025-04-14,FAC001,SKU119,374
MO103SKU120,2025-04-14,FAC001,SKU120,314
MO103SKU121,2025-04-14,FAC005,SKU121,119
MO103SKU122,2025-04-14,FAC002,SKU122,114
MO103SKU123,2025-04-14,FAC001,SKU123,381
MO103SKU124,2025-04-14,FAC003,SKU124,504
MO103SKU125,2025-04-14,FAC002,SKU125,438
MO103SKU126,2025-04-14,FAC002,SKU126,152
MO103SKU127,2025-04-14,FAC005,SKU127,344
MO103SKU128,2025-04-14,FAC005,SKU128,308
MO103SKU129,2025-04-14,FAC003,SKU129,157
MO104SKU100,2025-04-15,FAC005,SKU100,154
MO104SKU101,2025-04-15,FAC001,SKU101,394
MO104SKU102,2025-04-15,FAC005,SKU102,143
MO104SKU103,2025-04-15,FAC005,SKU103,403
MO104SKU104,2025-04-15,FAC001,SKU104,132
MO104SKU105,2025-04-15,FAC002,SKU105,119
MO104SKU106,2025-04-15,FAC003,SKU106,289
MO104SKU107,2025-04-15,FAC001,SKU107,177
MO104SKU108,2025-04-15,FAC002,SKU108,490
MO104SKU109,2025-04-15,FAC006,SKU109,414
MO104SKU110,2025-04-15,FAC004,SKU110,440
MO104SKU111,2025-04-15,FAC006,SKU111,266
MO104SKU112,2025-04-15,FAC005,SKU112,288
MO104SKU113,2025-04-15,FAC005,SKU113,176
MO104SKU114,2025-04-15,FAC003,SKU114,275
MO104SKU115,2025-04-15,FAC001,SKU115,126
MO104SKU116,2025-04-15,FAC006,SKU116,113
MO104SKU117,2025-04-15,FAC005,SKU117,475
MO104SKU118,2025-04-15,FAC006,SKU118,485
MO104SKU119,2025-04-15,FAC001,SKU119,484
MO104SKU120,2025-04-15,FAC001,SKU120,304
MO104SKU121,2025-04-15,FAC002,SKU121,257
MO104SKU122,2025-04-15,FAC004,SKU122,168
MO104SKU123,2025-04-15,FAC001,SKU123,138
MO104SKU124,2025-04-15,FAC006,SKU124,385
MO104SKU125,2025-04-15,FAC002,SKU125,504
MO104SKU126,2025-04-15,FAC003,SKU126,474
MO104SKU127,2025-04-15,FAC006,SKU127,357
MO104SKU128,2025-04-15,FAC003,SKU128,373
MO104SKU129,2025-04-15,FAC001,SKU129,359
MO105SKU100,2025-04-16,FAC002,SKU100,433
MO105SKU101,2025-04-16,FAC006,SKU101,228
MO105SKU102,2025-04-16,FAC001,SKU102,323
MO105SKU103,2025-04-16,FAC005,SKU103,101
MO105SKU104,2025-04-16,FAC001,SKU104,216
MO105SKU105,2025-04-16,FAC004,SKU105,233
MO105SKU106,2025-04-16,FAC004,SKU106,97
MO105SKU107,2025-04-16,FAC004,SKU107,93
MO105SKU108,2025-04-16,FAC001,SKU108,439
MO105SKU109,2025-04-16,FAC003,SKU109,275
MO105SKU110,2025-04-16,FAC003,SKU110,132
MO105SKU111,2025-04-16,FAC005,SKU111,207
MO105SKU112,2025-04-16,FAC006,SKU112,500
MO105SKU113,2025-04-16,FAC004,SKU113,428
MO105SKU114,2025-04-16,FAC001,SKU114,484
MO105SKU115,2025-04-16,FAC006,SKU115,174
MO105SKU116,2025-04-16,FAC005,SKU116,436
MO105SKU117,2025-04-16,FAC005,SKU117,326
MO105SKU118,2025-04-16,FAC004,SKU118,354
MO105SKU119,2025-04-16,FAC002,SKU119,449
MO105SKU120,2025-04-16,FAC006,SKU120,127
MO105SKU121,2025-04-16,FAC002,SKU121,249
MO105SKU122,2025-04-16,FAC005,SKU122,362
MO105SKU123,2025-04-16,FAC003,SKU123,96
MO105SKU124,2025-04-16,FAC006,SKU124,448
MO105SKU125,2025-04-16,FAC001,SKU125,474
MO105SKU126,2025-04-16,FAC003,SKU126,405
MO105SKU127,2025-04-16,FAC001,SKU127,179
MO105SKU128,2025-04-16,FAC003,SKU128,94
MO105SKU129,2025-04-16,FAC002,SKU129,412
MO106SKU100,2025-04-17,FAC006,SKU100,138
MO106SKU101,2025-04-17,FAC001,SKU101,190
MO106SKU102,2025-04-17,FAC004,SKU102,447
MO106SKU103,2025-04-17,FAC006,SKU103,236
MO106SKU104,2025-04-17,FAC003,SKU104,107
MO106SKU105,2025-04-17,FAC003,SKU105,102
MO106SKU106,2025-04-17,FAC002,SKU106,449
MO106SKU107,2025-04-17,FAC004,SKU107,122
MO106SKU108,2025-04-17,FAC002,SKU108,341
MO106SKU109,2025-04-17,FAC006,SKU109,378
MO106SKU110,2025-04-17,FAC003,SKU110,105
MO106SKU111,2025-04-17,FAC003,SKU111,93
MO106SKU112,2025-04-17,FAC003,SKU112,298
MO106SKU113,2025-04-17,FAC002,SKU113,233
MO106SKU114,2025-04-17,FAC002,SKU114,140
MO106SKU115,2025-04-17,FAC005,SKU115,375
MO106SKU116,2025-04-17,FAC006,SKU116,522
MO106SKU117,2025-04-17,FAC005,SKU117,484
MO106SKU118,2025-04-17,FAC004,SKU118,289
MO106SKU119,2025-04-17,FAC006,SKU119,367
MO106SKU120,2025-04-17,FAC006,SKU120,260
MO106SKU121,2025-04-17,FAC002,SKU121,135
MO106SKU122,2025-04-17,FAC006,SKU122,352
MO106SKU123,2025-04-17,FAC006,SKU123,442
MO106SKU124,2025-04-17,FAC005,SKU124,360
MO106SKU125,2025-04-17,FAC004,SKU125,417
MO106SKU126,2025-04-17,FAC005,SKU126,215
MO106SKU127,2025-04-17,FAC003,SKU127,198
MO106SKU128,2025-04-17,FAC001,SKU128,337
MO106SKU129,2025-04-17,FAC004,SKU129,206
MO107SKU100,2025-04-18,FAC006,SKU100,494
MO107SKU101,2025-04-18,FAC003,SKU101,450
MO107SKU102,2025-04-18,FAC001,SKU102,211
MO107SKU103,2025-04-18,FAC002,SKU103,305
MO107SKU104,2025-04-18,FAC002,SKU104,370
MO107SKU105,2025-04-18,FAC001,SKU105,162
MO107SKU106,2025-04-18,FAC005,SKU106,166
MO107SKU107,2025-04-18,FAC002,SKU107,355
MO107SKU108,2025-04-18,FAC001,SKU108,121
MO107SKU109,2025-04-18,FAC002,SKU109,177
MO107SKU110,2025-04-18,FAC004,SKU110,353
MO107SKU111,2025-04-18,FAC005,SKU111,140
MO107SKU112,2025-04-18,FAC003,SKU112,481
MO107SKU113,2025-04-18,FAC005,SKU113,238
MO107SKU114,2025-04-18,FAC006,SKU114,487
MO107SKU115,2025-04-18,FAC004,SKU115,281
MO107SKU116,2025-04-18,FAC004,SKU116,308
MO107SKU117,2025-04-18,FAC002,SKU117,493
MO107SKU118,2025-04-18,FAC005,SKU118,211
MO107SKU119,2025-04-18,FAC001,SKU119,488
MO107SKU120,2025-04-18,FAC003,SKU120,106
MO107SKU121,2025-04-18,FAC003,SKU121,420
MO107SKU122,2025-04-18,FAC005,SKU122,167
MO107SKU123,2025-04-18,FAC003,SKU123,486
MO107SKU124,2025-04-18,FAC005,SKU124,291
MO107SKU125,2025-04-18,FAC004,SKU125,346
MO107SKU126,2025-04-18,FAC002,SKU126,234
MO107SKU127,2025-04-18,FAC006,SKU127,137
MO107SKU128,2025-04-18,FAC005,SKU128,451
MO107SKU129,2025-04-18,FAC003,SKU129,360
MO108SKU100,2025-04-19,FAC001,SKU100,414
MO108SKU101,2025-04-19,FAC002,SKU101,343
MO108SKU102,2025-04-19,FAC005,SKU102,400
MO108SKU103,2025-04-19,FAC004,SKU103,522
MO108SKU104,2025-04-19,FAC003,SKU104,133
MO108SKU105,2025-04-19,FAC004,SKU105,385
MO108SKU106,2025-04-19,FAC003,SKU106,182
MO108SKU107,2025-04-19,FAC001,SKU107,144
MO108SKU108,2025-04-19,FAC001,SKU108,336
MO108SKU109,2025-04-19,FAC006,SKU109,172
MO108SKU110,2025-04-19,FAC001,SKU110,166
MO108SKU111,2025-04-19,FAC001,SKU111,486
MO108SKU112,2025-04-19,FAC003,SKU112,169
MO108SKU113,2025-04-19,FAC006,SKU113,431
MO108SKU114,2025-04-19,FAC003,SKU114,154
MO108SKU115,2025-04-19,FAC006,SKU115,129
MO108SKU116,2025-04-19,FAC005,SKU116,368
MO108SKU117,2025-04-19,FAC006,SKU117,420
MO108SKU118,2025-04-19,FAC005,SKU118,88
MO108SKU119,2025-04-19,FAC003,SKU119,202
MO108SKU120,2025-04-19,FAC002,SKU120,183
MO108SKU121,2025-04-19,FAC002,SKU121,354
MO108SKU122,2025-04-19,FAC006,SKU122,152
MO108SKU123,2025-04-19,FAC001,SKU123,200
MO108SKU124,2025-04-19,FAC006,SKU124,356
MO108SKU125,2025-04-19,FAC003,SKU125,118
MO108SKU126,2025-04-19,FAC002,SKU126,294
MO108SKU127,2025-04-19,FAC006,SKU127,249
MO108SKU128,2025-04-19,FAC003,SKU128,255
MO108SKU129,2025-04-19,FAC006,SKU129,333
MO109SKU100,2025-04-20,FAC003,SKU100,161
MO109SKU101,2025-04-20,FAC004,SKU101,163
MO109SKU102,2025-04-20,FAC004,SKU102,178
MO109SKU103,2025-04-20,FAC005,SKU103,498
MO109SKU104,2025-04-20,FAC003,SKU104,428
MO109SKU105,2025-04-20,FAC004,SKU105,322
MO109SKU106,2025-04-20,FAC003,SKU106,390
MO109SKU107,2025-04-20,FAC004,SKU107,249
MO109SKU108,2025-04-20,FAC001,SKU108,281
MO109SKU109,2025-04-20,FAC003,SKU109,348
MO109SKU110,2025-04-20,FAC004,SKU110,505
MO109SKU111,2025-04-20,FAC002,SKU111,207
MO109SKU112,2025-04-20,FAC001,SKU112,225
MO109SKU113,2025-04-20,FAC002,SKU113,412
MO109SKU114,2025-04-20,FAC006,SKU114,337
MO109SKU115,2025-04-20,FAC006,SKU115,491
MO109SKU116,2025-04-20,FAC005,SKU116,244
MO109SKU117,2025-04-20,FAC002,SKU117,418
MO109SKU118,2025-04-20,FAC002,SKU118,387
MO109SKU119,2025-04-20,FAC006,SKU119,348
MO109SKU120,2025-04-20,FAC003,SKU120,229
MO109SKU121,2025-04-20,FAC006,SKU121,286
MO109SKU122,2025-04-20,FAC001,SKU122,114
MO109SKU123,2025-04-20,FAC004,SKU123,379
MO109SKU124,2025-04-20,FAC003,SKU124,327
MO109SKU125,2025-04-20,FAC006,SKU125,87
MO109SKU126,2025-04-20,FAC001,SKU126,129
MO109SKU127,2025-04-20,FAC004,SKU127,469
MO109SKU128,2025-04-20,FAC003,SKU128,533
MO109SKU129,2025-04-20,FAC005,SKU129,149
MO110SKU100,2025-04-21,FAC002,SKU100,220
MO110SKU101,2025-04-21,FAC005,SKU101,225
MO110SKU102,2025-04-21,FAC001,SKU102,266
MO110SKU103,2025-04-21,FAC004,SKU103,286
MO110SKU104,2025-04-21,FAC002,SKU104,443
MO110SKU105,2025-04-21,FAC006,SKU105,93
MO110SKU106,2025-04-21,FAC006,SKU106,256
MO110SKU107,2025-04-21,FAC001,SKU107,316
MO110SKU108,2025-04-21,FAC003,SKU108,484
MO110SKU109,2025-04-21,FAC003,SKU109,369
MO110SKU110,2025-04-21,FAC001,SKU110,139
MO110SKU111,2025-04-21,FAC004,SKU111,384
MO110SKU112,2025-04-21,FAC004,SKU112,226
MO110SKU113,2025-04-21,FAC005,SKU113,350
MO110SKU114,2025-04-21,FAC004,SKU114,195
MO110SKU115,2025-04-21,FAC003,SKU115,323
MO110SKU116,2025-04-21,FAC006,SKU116,173
MO110SKU117,2025-04-21,FAC001,SKU117,383
MO110SKU118,2025-04-21,FAC005,SKU118,463
MO110SKU119,2025-04-21,FAC003,SKU119,351
MO110SKU120,2025-04-21,FAC006,SKU120,210
MO110SKU121,2025-04-21,FAC006,SKU121,369
MO110SKU122,2025-04-21,FAC004,SKU122,145
MO110SKU123,2025-04-21,FAC001,SKU123,109
MO110SKU124,2025-04-21,FAC002,SKU124,338
MO110SKU125,2025-04-21,FAC001,SKU125,286
MO110SKU126,2025-04-21,FAC006,SKU126,328
MO110SKU127,2025-04-21,FAC006,SKU127,383
MO110SKU128,2025-04-21,FAC001,SKU128,358
MO110SKU129,2025-04-21,FAC003,SKU129,166
MO111SKU100,2025-04-22,FAC003,SKU100,360
MO111SKU101,2025-04-22,FAC002,SKU101,452
MO111SKU102,2025-04-22,FAC004,SKU102,328
MO111SKU103,2025-04-22,FAC002,SKU103,252
MO111SKU104,2025-04-22,FAC001,SKU104,113
MO111SKU105,2025-04-22,FAC006,SKU105,425
MO111SKU106,2025-04-22,FAC001,SKU106,338
MO111SKU107,2025-04-22,FAC002,SKU107,383
MO111SKU108,2025-04-22,FAC002,SKU108,261
MO111SKU109,2025-04-22,FAC002,SKU109,398
MO111SKU110,2025-04-22,FAC004,SKU110,242
MO111SKU111,2025-04-22,FAC005,SKU111,482
MO111SKU112,2025-04-22,FAC005,SKU112,300
MO111SKU113,2025-04-22,FAC001,SKU113,425
MO111SKU114,2025-04-22,FAC002,SKU114,155
MO111SKU115,2025-04-22,FAC001,SKU115,159
MO111SKU116,2025-04-22,FAC006,SKU116,517
MO111SKU117,2025-04-22,FAC005,SKU117,294
MO111SKU118,2025-04-22,FAC006,SKU118,256
MO111SKU119,2025-04-22,FAC004,SKU119,388
MO111SKU120,2025-04-22,FAC002,SKU120,159
MO111SKU121,2025-04-22,FAC005,SKU121,115
MO111SKU122,2025-04-22,FAC001,SKU122,153
MO111SKU123,2025-04-22,FAC001,SKU123,107
MO111SKU124,2025-04-22,FAC004,SKU124,363
MO111SKU125,2025-04-22,FAC005,SKU125,349
MO111SKU126,2025-04-22,FAC004,SKU126,144
MO111SKU127,2025-04-22,FAC004,SKU127,478
MO111SKU128,2025-04-22,FAC003,SKU128,252
MO111SKU129,2025-04-22,FAC002,SKU129,110
MO112SKU100,2025-04-23,FAC003,SKU100,205
MO112SKU101,2025-04-23,FAC003,SKU101,344
MO112SKU102,2025-04-23,FAC005,SKU102,333
MO112SKU103,2025-04-23,FAC002,SKU103,216
MO112SKU104,2025-04-23,FAC002,SKU104,470
MO112SKU105,2025-04-23,FAC001,SKU105,281
MO112SKU106,2025-04-23,FAC003,SKU106,276
MO112SKU107,2025-04-23,FAC001,SKU107,227
MO112SKU108,2025-04-23,FAC003,SKU108,240
MO112SKU109,2025-04-23,FAC006,SKU109,350
MO112SKU110,2025-04-23,FAC001,SKU110,225
MO112SKU111,2025-04-23,FAC004,SKU111,113
MO112SKU112,2025-04-23,FAC002,SKU112,413
MO112SKU113,2025-04-23,FAC005,SKU113,494
MO112SKU114,2025-04-23,FAC001,SKU114,152
MO112SKU115,2025-04-23,FAC006,SKU115,436
MO112SKU116,2025-04-23,FAC001,SKU116,130
MO112SKU117,2025-04-23,FAC001,SKU117,307
MO112SKU118,2025-04-23,FAC003,SKU118,163
MO112SKU119,2025-04-23,FAC006,SKU119,160
MO112SKU120,2025-04-23,FAC003,SKU120,287
MO112SKU121,2025-04-23,FAC005,SKU121,469
MO112SKU122,2025-04-23,FAC006,SKU122,272
MO112SKU123,2025-04-23,FAC006,SKU123,276
MO112SKU124,2025-04-23,FAC005,SKU124,102
MO112SKU125,2025-04-23,FAC002,SKU125,461
MO112SKU126,2025-04-23,FAC002,SKU126,126
MO112SKU127,2025-04-23,FAC006,SKU127,365
MO112SKU128,2025-04-23,FAC005,SKU128,83
MO112SKU129,2025-04-23,FAC005,SKU129,173
MO113SKU100,2025-04-24,FAC006,SKU100,486
MO113SKU101,2025-04-24,FAC006,SKU101,355
MO113SKU102,2025-04-24,FAC006,SKU102,227
MO113SKU103,2025-04-24,FAC006,SKU103,165
MO113SKU104,2025-04-24,FAC006,SKU104,236
MO113SKU105,2025-04-24,FAC005,SKU105,171
MO113SKU106,2025-04-24,FAC002,SKU106,288
MO113SKU107,2025-04-24,FAC003,SKU107,178
MO113SKU108,2025-04-24,FAC001,SKU108,448
MO113SKU109,2025-04-24,FAC003,SKU109,290
MO113SKU110,2025-04-24,FAC006,SKU110,431
MO113SKU111,2025-04-24,FAC005,SKU111,171
MO113SKU112,2025-04-24,FAC002,SKU112,183
MO113SKU113,2025-04-24,FAC006,SKU113,332
MO113SKU114,2025-04-24,FAC006,SKU114,239
MO113SKU115,2025-04-24,FAC003,SKU115,347
MO113SKU116,2025-04-24,FAC003,SKU116,335
MO113SKU117,2025-04-24,FAC001,SKU117,332
MO113SKU118,2025-04-24,FAC004,SKU118,405
MO113SKU119,2025-04-24,FAC003,SKU119,335
MO113SKU120,2025-04-24,FAC001,SKU120,273
MO113SKU121,2025-04-24,FAC003,SKU121,474
MO113SKU122,2025-04-24,FAC004,SKU122,85
MO113SKU123,2025-04-24,FAC001,SKU123,243
MO113SKU124,2025-04-24,FAC004,SKU124,277
MO113SKU125,2025-04-24,FAC004,SKU125,206
MO113SKU126,2025-04-24,FAC005,SKU126,419
MO113SKU127,2025-04-24,FAC004,SKU127,335
MO113SKU128,2025-04-24,FAC003,SKU128,222
MO113SKU129,2025-04-24,FAC004,SKU129,251
MO114SKU100,2025-04-25,FAC005,SKU100,377
MO114SKU101,2025-04-25,FAC002,SKU101,392
MO114SKU102,2025-04-25,FAC001,SKU102,235
MO114SKU103,2025-04-25,FAC002,SKU103,269
MO114SKU104,2025-04-25,FAC002,SKU104,266
MO114SKU105,2025-04-25,FAC002,SKU105,116
MO114SKU106,2025-04-25,FAC001,SKU106,159
MO114SKU107,2025-04-25,FAC004,SKU107,185
MO114SKU108,2025-04-25,FAC006,SKU108,465
MO114SKU109,2025-04-25,FAC004,SKU109,467
MO114SKU110,2025-04-25,FAC005,SKU110,279
MO114SKU111,2025-04-25,FAC004,SKU111,303
MO114SKU112,2025-04-25,FAC006,SKU112,267
MO114SKU113,2025-04-25,FAC004,SKU113,458
MO114SKU114,2025-04-25,FAC002,SKU114,247
MO114SKU115,2025-04-25,FAC003,SKU115,507
MO114SKU116,2025-04-25,FAC004,SKU116,443
MO114SKU117,2025-04-25,FAC003,SKU117,292
MO114SKU118,2025-04-25,FAC005,SKU118,403
MO114SKU119,2025-04-25,FAC002,SKU119,222
MO114SKU120,2025-04-25,FAC003,SKU120,212
MO114SKU121,2025-04-25,FAC004,SKU121,118
MO114SKU122,2025-04-25,FAC002,SKU122,130
MO114SKU123,2025-04-25,FAC003,SKU123,183
MO114SKU124,2025-04-25,FAC006,SKU124,118
MO114SKU125,2025-04-25,FAC003,SKU125,301
MO114SKU126,2025-04-25,FAC001,SKU126,421
MO114SKU127,2025-04-25,FAC004,SKU127,318
MO114SKU128,2025-04-25,FAC004,SKU128,375
MO114SKU129,2025-04-25,FAC006,SKU129,108
MO115SKU100,2025-04-26,FAC006,SKU100,255
MO115SKU101,2025-04-26,FAC004,SKU101,151
MO115SKU102,2025-04-26,FAC006,SKU102,271
MO115SKU103,2025-04-26,FAC001,SKU103,383
MO115SKU104,2025-04-26,FAC005,SKU104,199
MO115SKU105,2025-04-26,FAC001,SKU105,265
MO115SKU106,2025-04-26,FAC006,SKU106,100
MO115SKU107,2025-04-26,FAC005,SKU107,238
MO115SKU108,2025-04-26,FAC004,SKU108,310
MO115SKU109,2025-04-26,FAC004,SKU109,109
MO115SKU110,2025-04-26,FAC005,SKU110,290
MO115SKU111,2025-04-26,FAC003,SKU111,292
MO115SKU112,2025-04-26,FAC001,SKU112,245
MO115SKU113,2025-04-26,FAC003,SKU113,222
MO115SKU114,2025-04-26,FAC003,SKU114,108
MO115SKU115,2025-04-26,FAC003,SKU115,124
MO115SKU116,2025-04-26,FAC004,SKU116,93
MO115SKU117,2025-04-26,FAC001,SKU117,157
MO115SKU118,2025-04-26,FAC004,SKU118,459
MO115SKU119,2025-04-26,FAC004,SKU119,244
MO115SKU120,2025-04-26,FAC006,SKU120,428
MO115SKU121,2025-04-26,FAC001,SKU121,332
MO115SKU122,2025-04-26,FAC002,SKU122,265
MO115SKU123,2025-04-26,FAC001,SKU123,454
MO115SKU124,2025-04-26,FAC001,SKU124,343
MO115SKU125,2025-04-26,FAC004,SKU125,411
MO115SKU126,2025-04-26,FAC006,SKU126,87
MO115SKU127,2025-04-26,FAC001,SKU127,482
MO115SKU128,2025-04-26,FAC002,SKU128,317
MO115SKU129,2025-04-26,FAC005,SKU129,225
MO116SKU100,2025-04-27,FAC003,SKU100,152
MO116SKU101,2025-04-27,FAC004,SKU101,310
MO116SKU102,2025-04-27,FAC004,SKU102,164
MO116SKU103,2025-04-27,FAC003,SKU103,470
MO116SKU104,2025-04-27,FAC006,SKU104,193
MO116SKU105,2025-04-27,FAC003,SKU105,219
MO116SKU106,2025-04-27,FAC004,SKU106,461
MO116SKU107,2025-04-27,FAC003,SKU107,309
MO116SKU108,2025-04-27,FAC005,SKU108,259
MO116SKU109,2025-04-27,FAC003,SKU109,287
MO116SKU110,2025-04-27,FAC006,SKU110,318
MO116SKU111,2025-04-27,FAC002,SKU111,210
MO116SKU112,2025-04-27,FAC001,SKU112,301
MO116SKU113,2025-04-27,FAC006,SKU113,383
MO116SKU114,2025-04-27,FAC001,SKU114,360
MO116SKU115,2025-04-27,FAC003,SKU115,461
MO116SKU116,2025-04-27,FAC004,SKU116,252
MO116SKU117,2025-04-27,FAC005,SKU117,336
MO116SKU118,2025-04-27,FAC005,SKU118,172
MO116SKU119,2025-04-27,FAC001,SKU119,320
MO116SKU120,2025-04-27,FAC004,SKU120,220
MO116SKU121,2025-04-27,FAC002,SKU121,276
MO116SKU122,2025-04-27,FAC001,SKU122,376
MO116SKU123,2025-04-27,FAC001,SKU123,298
MO116SKU124,2025-04-27,FAC002,SKU124,257
MO116SKU125,2025-04-27,FAC004,SKU125,493
MO116SKU126,2025-04-27,FAC002,SKU126,295
MO116SKU127,2025-04-27,FAC003,SKU127,406
MO116SKU128,2025-04-27,FAC006,SKU128,154
MO116SKU129,2025-04-27,FAC005,SKU129,484
MO117SKU100,2025-04-28,FAC001,SKU100,419
MO117SKU101,2025-04-28,FAC004,SKU101,383
MO117SKU102,2025-04-28,FAC005,SKU102,170
MO117SKU103,2025-04-28,FAC005,SKU103,135
MO117SKU104,2025-04-28,FAC004,SKU104,426
MO117SKU105,2025-04-28,FAC002,SKU105,81
MO117SKU106,2025-04-28,FAC006,SKU106,356
MO117SKU107,2025-04-28,FAC005,SKU107,305
MO117SKU108,2025-04-28,FAC005,SKU108,496
MO117SKU109,2025-04-28,FAC002,SKU109,187
MO117SKU110,2025-04-28,FAC002,SKU110,259
MO117SKU111,2025-04-28,FAC002,SKU111,321
MO117SKU112,2025-04-28,FAC001,SKU112,140
MO117SKU113,2025-04-28,FAC002,SKU113,398
MO117SKU114,2025-04-28,FAC002,SKU114,418
MO117SKU115,2025-04-28,FAC005,SKU115,191
MO117SKU116,2025-04-28,FAC003,SKU116,171
MO117SKU117,2025-04-28,FAC006,SKU117,145
MO117SKU118,2025-04-28,FAC006,SKU118,106
MO117SKU119,2025-04-28,FAC004,SKU119,323
MO117SKU120,2025-04-28,FAC004,SKU120,273
MO117SKU121,2025-04-28,FAC006,SKU121,475
MO117SKU122,2025-04-28,FAC005,SKU122,415
MO117SKU123,2025-04-28,FAC006,SKU123,75
MO117SKU124,2025-04-28,FAC006,SKU124,258
MO117SKU125,2025-04-28,FAC006,SKU125,139
MO117SKU126,2025-04-28,FAC004,SKU126,348
MO117SKU127,2025-04-28,FAC002,SKU127,517
MO117SKU128,2025-04-28,FAC005,SKU128,242
MO117SKU129,2025-04-28,FAC002,SKU129,488
MO118SKU100,2025-04-29,FAC003,SKU100,491
MO118SKU101,2025-04-29,FAC004,SKU101,331
MO118SKU102,2025-04-29,FAC005,SKU102,194
MO118SKU103,2025-04-29,FAC005,SKU103,467
MO118SKU104,2025-04-29,FAC003,SKU104,109
MO118SKU105,2025-04-29,FAC003,SKU105,305
MO118SKU106,2025-04-29,FAC006,SKU106,445
MO118SKU107,2025-04-29,FAC006,SKU107,321
MO118SKU108,2025-04-29,FAC006,SKU108,147
MO118SKU109,2025-04-29,FAC004,SKU109,151
MO118SKU110,2025-04-29,FAC002,SKU110,423
MO118SKU111,2025-04-29,FAC001,SKU111,231
MO118SKU112,2025-04-29,FAC006,SKU112,301
MO118SKU113,2025-04-29,FAC005,SKU113,381
MO118SKU114,2025-04-29,FAC006,SKU114,156
MO118SKU115,2025-04-29,FAC003,SKU115,393
MO118SKU116,2025-04-29,FAC004,SKU116,292
MO118SKU117,2025-04-29,FAC004,SKU117,157
MO118SKU118,2025-04-29,FAC001,SKU118,349
MO118SKU119,2025-04-29,FAC003,SKU119,106
MO118SKU120,2025-04-29,FAC005,SKU120,223
MO118SKU121,2025-04-29,FAC006,SKU121,445
MO118SKU122,2025-04-29,FAC005,SKU122,300
MO118SKU123,2025-04-29,FAC006,SKU123,440
MO118SKU124,2025-04-29,FAC005,SKU124,536
MO118SKU125,2025-04-29,FAC003,SKU125,218
MO118SKU126,2025-04-29,FAC001,SKU126,136
MO118SKU127,2025-04-29,FAC003,SKU127,263
MO118SKU128,2025-04-29,FAC005,SKU128,388
MO118SKU129,2025-04-29,FAC001,SKU129,128
MO119SKU100,2025-04-30,FAC006,SKU100,159
MO119SKU101,2025-04-30,FAC002,SKU101,125
MO119SKU102,2025-04-30,FAC002,SKU102,230
MO119SKU103,2025-04-30,FAC004,SKU103,388
MO119SKU104,2025-04-30,FAC001,SKU104,130
MO119SKU105,2025-04-30,FAC002,SKU105,494
MO119SKU106,2025-04-30,FAC004,SKU106,131
MO119SKU107,2025-04-30,FAC002,SKU107,149
MO119SKU108,2025-04-30,FAC001,SKU108,346
MO119SKU109,2025-04-30,FAC001,SKU109,326
MO119SKU110,2025-04-30,FAC002,SKU110,323
MO119SKU111,2025-04-30,FAC004,SKU111,472
MO119SKU112,2025-04-30,FAC005,SKU112,205
MO119SKU113,2025-04-30,FAC003,SKU113,344
MO119SKU114,2025-04-30,FAC006,SKU114,326
MO119SKU115,2025-04-30,FAC002,SKU115,216
MO119SKU116,2025-04-30,FAC005,SKU116,219
MO119SKU117,2025-04-30,FAC002,SKU117,411
MO119SKU118,2025-04-30,FAC005,SKU118,93
MO119SKU119,2025-04-30,FAC001,SKU119,361
MO119SKU120,2025-04-30,FAC001,SKU120,340
MO119SKU121,2025-04-30,FAC006,SKU121,320
MO119SKU122,2025-04-30,FAC001,SKU122,201
MO119SKU123,2025-04-30,FAC005,SKU123,197
MO119SKU124,2025-04-30,FAC004,SKU124,229
MO119SKU125,2025-04-30,FAC005,SKU125,423
MO119SKU126,2025-04-30,FAC003,SKU126,362
MO119SKU127,2025-04-30,FAC002,SKU127,212
MO119SKU128,2025-04-30,FAC002,SKU128,160
MO119SKU129,2025-04-30,FAC006,SKU129,362
MO120SKU100,2025-05-01,FAC005,SKU100,315
MO120SKU101,2025-05-01,FAC004,SKU101,453
MO120SKU102,2025-05-01,FAC002,SKU102,298
MO120SKU103,2025-05-01,FAC006,SKU103,464
MO120SKU104,2025-05-01,FAC003,SKU104,184
MO120SKU105,2025-05-01,FAC004,SKU105,301
MO120SKU106,2025-05-01,FAC005,SKU106,302
MO120SKU107,2025-05-01,FAC005,SKU107,194
MO120SKU108,2025-05-01,FAC001,SKU108,289
MO120SKU109,2025-05-01,FAC006,SKU109,214
MO120SKU110,2025-05-01,FAC001,SKU110,478
MO120SKU111,2025-05-01,FAC006,SKU111,428
MO120SKU112,2025-05-01,FAC005,SKU112,224
MO120SKU113,2025-05-01,FAC001,SKU113,292
MO120SKU114,2025-05-01,FAC003,SKU114,263
MO120SKU115,2025-05-01,FAC002,SKU115,261
MO120SKU116,2025-05-01,FAC006,SKU116,469
MO120SKU117,2025-05-01,FAC005,SKU117,156
MO120SKU118,2025-05-01,FAC001,SKU118,381
MO120SKU119,2025-05-01,FAC005,SKU119,233
MO120SKU120,2025-05-01,FAC005,SKU120,450
MO120SKU121,2025-05-01,FAC002,SKU121,258
MO120SKU122,2025-05-01,FAC006,SKU122,499
MO120SKU123,2025-05-01,FAC003,SKU123,495
MO120SKU124,2025-05-01,FAC002,SKU124,466
MO120SKU125,2025-05-01,FAC004,SKU125,247
MO120SKU126,2025-05-01,FAC006,SKU126,246
MO120SKU127,2025-05-01,FAC001,SKU127,198
MO120SKU128,2025-05-01,FAC004,SKU128,146
MO120SKU129,2025-05-01,FAC001,SKU129,525
MO121SKU100,2025-05-02,FAC001,SKU100,420
MO121SKU101,2025-05-02,FAC001,SKU101,141
MO121SKU102,2025-05-02,FAC001,SKU102,177
MO121SKU103,2025-05-02,FAC002,SKU103,347
MO121SKU104,2025-05-02,FAC004,SKU104,149
MO121SKU105,2025-05-02,FAC006,SKU105,210
MO121SKU106,2025-05-02,FAC002,SKU106,434
MO121SKU107,2025-05-02,FAC005,SKU107,403
MO121SKU108,2025-05-02,FAC004,SKU108,470
MO121SKU109,2025-05-02,FAC003,SKU109,70
MO121SKU110,2025-05-02,FAC001,SKU110,379
MO121SKU111,2025-05-02,FAC002,SKU111,191
MO121SKU112,2025-05-02,FAC003,SKU112,208
MO121SKU113,2025-05-02,FAC002,SKU113,343
MO121SKU114,2025-05-02,FAC003,SKU114,537
MO121SKU115,2025-05-02,FAC002,SKU115,438
MO121SKU116,2025-05-02,FAC003,SKU116,466
MO121SKU117,2025-05-02,FAC005,SKU117,171
MO121SKU118,2025-05-02,FAC005,SKU118,102
MO121SKU119,2025-05-02,FAC003,SKU119,154
MO121SKU120,2025-05-02,FAC002,SKU120,196
MO121SKU121,2025-05-02,FAC003,SKU121,157
MO121SKU122,2025-05-02,FAC001,SKU122,179
MO121SKU123,2025-05-02,FAC004,SKU123,286
MO121SKU124,2025-05-02,FAC006,SKU124,300
MO121SKU125,2025-05-02,FAC004,SKU125,279
MO121SKU126,2025-05-02,FAC004,SKU126,198
MO121SKU127,2025-05-02,FAC002,SKU127,509
MO121SKU128,2025-05-02,FAC001,SKU128,366
MO121SKU129,2025-05-02,FAC004,SKU129,494
MO122SKU100,2025-05-03,FAC004,SKU100,93
MO122SKU101,2025-05-03,FAC003,SKU101,164
MO122SKU102,2025-05-03,FAC006,SKU102,112
MO122SKU103,2025-05-03,FAC001,SKU103,218
MO122SKU104,2025-05-03,FAC004,SKU104,390
MO122SKU105,2025-05-03,FAC003,SKU105,202
MO122SKU106,2025-05-03,FAC002,SKU106,168
MO122SKU107,2025-05-03,FAC002,SKU107,72
MO122SKU108,2025-05-03,FAC001,SKU108,418
MO122SKU109,2025-05-03,FAC006,SKU109,407
MO122SKU110,2025-05-03,FAC004,SKU110,262
MO122SKU111,2025-05-03,FAC002,SKU111,199
MO122SKU112,2025-05-03,FAC006,SKU112,376
MO122SKU113,2025-05-03,FAC003,SKU113,530
MO122SKU114,2025-05-03,FAC001,SKU114,147
MO122SKU115,2025-05-03,FAC006,SKU115,187
MO122SKU116,2025-05-03,FAC001,SKU116,245
MO122SKU117,2025-05-03,FAC004,SKU117,75
MO122SKU118,2025-05-03,FAC004,SKU118,438
MO122SKU119,2025-05-03,FAC005,SKU119,382
MO122SKU120,2025-05-03,FAC001,SKU120,328
MO122SKU121,2025-05-03,FAC001,SKU121,264
MO122SKU122,2025-05-03,FAC004,SKU122,122
MO122SKU123,2025-05-03,FAC005,SKU123,300
MO122SKU124,2025-05-03,FAC006,SKU124,128
MO122SKU125,2025-05-03,FAC003,SKU125,227
MO122SKU126,2025-05-03,FAC003,SKU126,264
MO122SKU127,2025-05-03,FAC004,SKU127,433
MO122SKU128,2025-05-03,FAC005,SKU128,455
MO122SKU129,2025-05-03,FAC002,SKU129,175
MO123SKU100,2025-05-04,FAC004,SKU100,270
MO123SKU101,2025-05-04,FAC005,SKU101,418
MO123SKU102,2025-05-04,FAC002,SKU102,216
MO123SKU103,2025-05-04,FAC002,SKU103,313
MO123SKU104,2025-05-04,FAC001,SKU104,484
MO123SKU105,2025-05-04,FAC001,SKU105,519
MO123SKU106,2025-05-04,FAC001,SKU106,170
MO123SKU107,2025-05-04,FAC002,SKU107,394
MO123SKU108,2025-05-04,FAC005,SKU108,293
MO123SKU109,2025-05-04,FAC002,SKU109,347
MO123SKU110,2025-05-04,FAC004,SKU110,506
MO123SKU111,2025-05-04,FAC003,SKU111,203
MO123SKU112,2025-05-04,FAC003,SKU112,326
MO123SKU113,2025-05-04,FAC003,SKU113,474
MO123SKU114,2025-05-04,FAC004,SKU114,204
MO123SKU115,2025-05-04,FAC001,SKU115,383
MO123SKU116,2025-05-04,FAC003,SKU116,239
MO123SKU117,2025-05-04,FAC006,SKU117,461
MO123SKU118,2025-05-04,FAC002,SKU118,367
MO123SKU119,2025-05-04,FAC006,SKU119,134
MO123SKU120,2025-05-04,FAC003,SKU120,152
MO123SKU121,2025-05-04,FAC001,SKU121,338
MO123SKU122,2025-05-04,FAC005,SKU122,330
MO123SKU123,2025-05-04,FAC002,SKU123,181
MO123SKU124,2025-05-04,FAC006,SKU124,90
MO123SKU125,2025-05-04,FAC002,SKU125,365
MO123SKU126,2025-05-04,FAC005,SKU126,354
MO123SKU127,2025-05-04,FAC005,SKU127,346
MO123SKU128,2025-05-04,FAC006,SKU128,261
MO123SKU129,2025-05-04,FAC005,SKU129,399
MO124SKU100,2025-05-05,FAC003,SKU100,129
MO124SKU101,2025-05-05,FAC005,SKU101,140
MO124SKU102,2025-05-05,FAC006,SKU102,258
MO124SKU103,2025-05-05,FAC001,SKU103,412
MO124SKU104,2025-05-05,FAC004,SKU104,322
MO124SKU105,2025-05-05,FAC002,SKU105,167
MO124SKU106,2025-05-05,FAC004,SKU106,487
MO124SKU107,2025-05-05,FAC003,SKU107,366
MO124SKU108,2025-05-05,FAC003,SKU108,183
MO124SKU109,2025-05-05,FAC006,SKU109,302
MO124SKU110,2025-05-05,FAC004,SKU110,413
MO124SKU111,2025-05-05,FAC003,SKU111,404
MO124SKU112,2025-05-05,FAC003,SKU112,419
MO124SKU113,2025-05-05,FAC005,SKU113,142
MO124SKU114,2025-05-05,FAC003,SKU114,230
MO124SKU115,2025-05-05,FAC005,SKU115,152
MO124SKU116,2025-05-05,FAC006,SKU116,159
MO124SKU117,2025-05-05,FAC001,SKU117,223
MO124SKU118,2025-05-05,FAC004,SKU118,217
MO124SKU119,2025-05-05,FAC006,SKU119,403
MO124SKU120,2025-05-05,FAC003,SKU120,480
MO124SKU121,2025-05-05,FAC006,SKU121,365
MO124SKU122,2025-05-05,FAC002,SKU122,421
MO124SKU123,2025-05-05,FAC006,SKU123,427
MO124SKU124,2025-05-05,FAC001,SKU124,330
MO124SKU125,2025-05-05,FAC006,SKU125,500
MO124SKU126,2025-05-05,FAC006,SKU126,233
MO124SKU127,2025-05-05,FAC003,SKU127,250
MO124SKU128,2025-05-05,FAC006,SKU128,153
MO124SKU129,2025-05-05,FAC004,SKU129,322
MO125SKU100,2025-05-06,FAC002,SKU100,377
MO125SKU101,2025-05-06,FAC005,SKU101,383
MO125SKU102,2025-05-06,FAC006,SKU102,479
MO125SKU103,2025-05-06,FAC004,SKU103,291
MO125SKU104,2025-05-06,FAC005,SKU104,297
MO125SKU105,2025-05-06,FAC006,SKU105,311
MO125SKU106,2025-05-06,FAC001,SKU106,471
MO125SKU107,2025-05-06,FAC006,SKU107,410
MO125SKU108,2025-05-06,FAC004,SKU108,279
MO125SKU109,2025-05-06,FAC003,SKU109,96
MO125SKU110,2025-05-06,FAC003,SKU110,494
MO125SKU111,2025-05-06,FAC001,SKU111,221
MO125SKU112,2025-05-06,FAC006,SKU112,310
MO125SKU113,2025-05-06,FAC002,SKU113,488
MO125SKU114,2025-05-06,FAC006,SKU114,474
MO125SKU115,2025-05-06,FAC003,SKU115,488
MO125SKU116,2025-05-06,FAC004,SKU116,531
MO125SKU117,2025-05-06,FAC005,SKU117,139
MO125SKU118,2025-05-06,FAC002,SKU118,458
MO125SKU119,2025-05-06,FAC006,SKU119,221
MO125SKU120,2025-05-06,FAC005,SKU120,418
MO125SKU121,2025-05-06,FAC004,SKU121,399
MO125SKU122,2025-05-06,FAC004,SKU122,217
MO125SKU123,2025-05-06,FAC003,SKU123,280
MO125SKU124,2025-05-06,FAC003,SKU124,142
MO125SKU125,2025-05-06,FAC003,SKU125,175
MO125SKU126,2025-05-06,FAC005,SKU126,337
MO125SKU127,2025-05-06,FAC002,SKU127,472
MO125SKU128,2025-05-06,FAC002,SKU128,381
MO125SKU129,2025-05-06,FAC006,SKU129,131
MO126SKU100,2025-05-07,FAC002,SKU100,321
MO126SKU101,2025-05-07,FAC003,SKU101,140
MO126SKU102,2025-05-07,FAC006,SKU102,327
MO126SKU103,2025-05-07,FAC004,SKU103,226
MO126SKU104,2025-05-07,FAC001,SKU104,493
MO126SKU105,2025-05-07,FAC005,SKU105,214
MO126SKU106,2025-05-07,FAC005,SKU106,320
MO126SKU107,2025-05-07,FAC005,SKU107,195
MO126SKU108,2025-05-07,FAC004,SKU108,311
MO126SKU109,2025-05-07,FAC003,SKU109,244
MO126SKU110,2025-05-07,FAC003,SKU110,493
MO126SKU111,2025-05-07,FAC003,SKU111,184
MO126SKU112,2025-05-07,FAC006,SKU112,429
MO126SKU113,2025-05-07,FAC002,SKU113,473
MO126SKU114,2025-05-07,FAC006,SKU114,491
MO126SKU115,2025-05-07,FAC005,SKU115,348
MO126SKU116,2025-05-07,FAC006,SKU116,469
MO126SKU117,2025-05-07,FAC002,SKU117,372
MO126SKU118,2025-05-07,FAC001,SKU118,226
MO126SKU119,2025-05-07,FAC005,SKU119,403
MO126SKU120,2025-05-07,FAC002,SKU120,94
MO126SKU121,2025-05-07,FAC006,SKU121,349
MO126SKU122,2025-05-07,FAC006,SKU122,246
MO126SKU123,2025-05-07,FAC001,SKU123,138
MO126SKU124,2025-05-07,FAC006,SKU124,202
MO126SKU125,2025-05-07,FAC004,SKU125,470
MO126SKU126,2025-05-07,FAC004,SKU126,464
MO126SKU127,2025-05-07,FAC005,SKU127,442
MO126SKU128,2025-05-07,FAC002,SKU128,441
MO126SKU129,2025-05-07,FAC004,SKU129,477
MO127SKU100,2025-05-08,FAC002,SKU100,448
MO127SKU101,2025-05-08,FAC002,SKU101,420
MO127SKU102,2025-05-08,FAC004,SKU102,198
MO127SKU103,2025-05-08,FAC001,SKU103,181
MO127SKU104,2025-05-08,FAC006,SKU104,290
MO127SKU105,2025-05-08,FAC006,SKU105,502
MO127SKU106,2025-05-08,FAC002,SKU106,136
MO127SKU107,2025-05-08,FAC006,SKU107,246
MO127SKU108,2025-05-08,FAC002,SKU108,205
MO127SKU109,2025-05-08,FAC003,SKU109,306
MO127SKU110,2025-05-08,FAC004,SKU110,432
MO127SKU111,2025-05-08,FAC001,SKU111,164
MO127SKU112,2025-05-08,FAC005,SKU112,373
MO127SKU113,2025-05-08,FAC002,SKU113,409
MO127SKU114,2025-05-08,FAC003,SKU114,354
MO127SKU115,2025-05-08,FAC005,SKU115,252
MO127SKU116,2025-05-08,FAC002,SKU116,263
MO127SKU117,2025-05-08,FAC002,SKU117,419
MO127SKU118,2025-05-08,FAC001,SKU118,226
MO127SKU119,2025-05-08,FAC005,SKU119,432
MO127SKU120,2025-05-08,FAC004,SKU120,398
MO127SKU121,2025-05-08,FAC002,SKU121,507
MO127SKU122,2025-05-08,FAC005,SKU122,481
MO127SKU123,2025-05-08,FAC001,SKU123,386
MO127SKU124,2025-05-08,FAC001,SKU124,241
MO127SKU125,2025-05-08,FAC005,SKU125,419
MO127SKU126,2025-05-08,FAC005,SKU126,120
MO127SKU127,2025-05-08,FAC004,SKU127,432
MO127SKU128,2025-05-08,FAC004,SKU128,447
MO127SKU129,2025-05-08,FAC006,SKU129,324
MO128SKU100,2025-05-09,FAC006,SKU100,346
MO128SKU101,2025-05-09,FAC006,SKU101,363
MO128SKU102,2025-05-09,FAC005,SKU102,368
MO128SKU103,2025-05-09,FAC002,SKU103,190
MO128SKU104,2025-05-09,FAC006,SKU104,477
MO128SKU105,2025-05-09,FAC001,SKU105,297
MO128SKU106,2025-05-09,FAC003,SKU106,107
MO128SKU107,2025-05-09,FAC003,SKU107,338
MO128SKU108,2025-05-09,FAC006,SKU108,506
MO128SKU109,2025-05-09,FAC001,SKU109,100
MO128SKU110,2025-05-09,FAC005,SKU110,152
MO128SKU111,2025-05-09,FAC006,SKU111,372
MO128SKU112,2025-05-09,FAC001,SKU112,441
MO128SKU113,2025-05-09,FAC003,SKU113,249
MO128SKU114,2025-05-09,FAC006,SKU114,141
MO128SKU115,2025-05-09,FAC005,SKU115,336
MO128SKU116,2025-05-09,FAC006,SKU116,195
MO128SKU117,2025-05-09,FAC001,SKU117,111
MO128SKU118,2025-05-09,FAC006,SKU118,175
MO128SKU119,2025-05-09,FAC004,SKU119,110
MO128SKU120,2025-05-09,FAC001,SKU120,354
MO128SKU121,2025-05-09,FAC006,SKU121,262
MO128SKU122,2025-05-09,FAC002,SKU122,250
MO128SKU123,2025-05-09,FAC003,SKU123,487
MO128SKU124,2025-05-09,FAC003,SKU124,317
MO128SKU125,2025-05-09,FAC002,SKU125,303
MO128SKU126,2025-05-09,FAC003,SKU126,242
MO128SKU127,2025-05-09,FAC006,SKU127,331
MO128SKU128,2025-05-09,FAC006,SKU128,427
MO128SKU129,2025-05-09,FAC001,SKU129,225
MO129SKU100,2025-05-10,FAC001,SKU100,106
MO129SKU101,2025-05-10,FAC002,SKU101,499
MO129SKU102,2025-05-10,FAC006,SKU102,243
MO129SKU103,2025-05-10,FAC006,SKU103,433
MO129SKU104,2025-05-10,FAC003,SKU104,259
MO129SKU105,2025-05-10,FAC001,SKU105,376
MO129SKU106,2025-05-10,FAC005,SKU106,217
MO129SKU107,2025-05-10,FAC005,SKU107,316
MO129SKU108,2025-05-10,FAC001,SKU108,314
MO129SKU109,2025-05-10,FAC002,SKU109,84
MO129SKU110,2025-05-10,FAC001,SKU110,465
MO129SKU111,2025-05-10,FAC004,SKU111,330
MO129SKU112,2025-05-10,FAC001,SKU112,175
MO129SKU113,2025-05-10,FAC002,SKU113,366
MO129SKU114,2025-05-10,FAC001,SKU114,203
MO129SKU115,2025-05-10,FAC003,SKU115,122
MO129SKU116,2025-05-10,FAC003,SKU116,217
MO129SKU117,2025-05-10,FAC001,SKU117,187
MO129SKU118,2025-05-10,FAC003,SKU118,286
MO129SKU119,2025-05-10,FAC006,SKU119,104
MO129SKU120,2025-05-10,FAC004,SKU120,232
MO129SKU121,2025-05-10,FAC002,SKU121,323
MO129SKU122,2025-05-10,FAC002,SKU122,339
MO129SKU123,2025-05-10,FAC001,SKU123,347
MO129SKU124,2025-05-10,FAC005,SKU124,444
MO129SKU125,2025-05-10,FAC002,SKU125,114
MO129SKU126,2025-05-10,FAC002,SKU126,281
MO129SKU127,2025-05-10,FAC001,SKU127,137
MO129SKU128,2025-05-10,FAC004,SKU128,110
MO129SKU129,2025-05-10,FAC002,SKU129,398
MO130SKU100,2025-05-11,FAC006,SKU100,265
MO130SKU101,2025-05-11,FAC002,SKU101,334
MO130SKU102,2025-05-11,FAC002,SKU102,343
MO130SKU103,2025-05-11,FAC002,SKU103,230
MO130SKU104,2025-05-11,FAC003,SKU104,238
MO130SKU105,2025-05-11,FAC003,SKU105,79
MO130SKU106,2025-05-11,FAC006,SKU106,137
MO130SKU107,2025-05-11,FAC004,SKU107,345
MO130SKU108,2025-05-11,FAC004,SKU108,406
MO130SKU109,2025-05-11,FAC004,SKU109,301
MO130SKU110,2025-05-11,FAC003,SKU110,278
MO130SKU111,2025-05-11,FAC006,SKU111,433
MO130SKU112,2025-05-11,FAC006,SKU112,177
MO130SKU113,2025-05-11,FAC006,SKU113,393
MO130SKU114,2025-05-11,FAC004,SKU114,496
MO130SKU115,2025-05-11,FAC003,SKU115,492
MO130SKU116,2025-05-11,FAC002,SKU116,247
MO130SKU117,2025-05-11,FAC004,SKU117,134
MO130SKU118,2025-05-11,FAC004,SKU118,459
MO130SKU119,2025-05-11,FAC005,SKU119,218
MO130SKU120,2025-05-11,FAC005,SKU120,167
MO130SKU121,2025-05-11,FAC001,SKU121,196
MO130SKU122,2025-05-11,FAC006,SKU122,176
MO130SKU123,2025-05-11,FAC006,SKU123,235
MO130SKU124,2025-05-11,FAC004,SKU124,489
MO130SKU125,2025-05-11,FAC002,SKU125,486
MO130SKU126,2025-05-11,FAC006,SKU126,230
MO130SKU127,2025-05-11,FAC003,SKU127,489
MO130SKU128,2025-05-11,FAC006,SKU128,490
MO130SKU129,2025-05-11,FAC001,SKU129,83
MO131SKU100,2025-05-12,FAC004,SKU100,388
MO131SKU101,2025-05-12,FAC003,SKU101,252
MO131SKU102,2025-05-12,FAC002,SKU102,168
MO131SKU103,2025-05-12,FAC001,SKU103,171
MO131SKU104,2025-05-12,FAC005,SKU104,411
MO131SKU105,2025-05-12,FAC003,SKU105,425
MO131SKU106,2025-05-12,FAC006,SKU106,247
MO131SKU107,2025-05-12,FAC001,SKU107,183
MO131SKU108,2025-05-12,FAC004,SKU108,110
MO131SKU109,2025-05-12,FAC001,SKU109,291
MO131SKU110,2025-05-12,FAC003,SKU110,471
MO131SKU111,2025-05-12,FAC002,SKU111,313
MO131SKU112,2025-05-12,FAC006,SKU112,106
MO131SKU113,2025-05-12,FAC001,SKU113,292
MO131SKU114,2025-05-12,FAC002,SKU114,288
MO131SKU115,2025-05-12,FAC002,SKU115,220
MO131SKU116,2025-05-12,FAC002,SKU116,504
MO131SKU117,2025-05-12,FAC001,SKU117,246
MO131SKU118,2025-05-12,FAC004,SKU118,369
MO131SKU119,2025-05-12,FAC004,SKU119,388
MO131SKU120,2025-05-12,FAC002,SKU120,278
MO131SKU121,2025-05-12,FAC001,SKU121,234
MO131SKU122,2025-05-12,FAC001,SKU122,264
MO131SKU123,2025-05-12,FAC003,SKU123,210
MO131SKU124,2025-05-12,FAC003,SKU124,328
MO131SKU125,2025-05-12,FAC006,SKU125,453
MO131SKU126,2025-05-12,FAC002,SKU126,285
MO131SKU127,2025-05-12,FAC005,SKU127,380
MO131SKU128,2025-05-12,FAC004,SKU128,238
MO131SKU129,2025-05-12,FAC006,SKU129,275
MO132SKU100,2025-05-13,FAC001,SKU100,368
MO132SKU101,2025-05-13,FAC001,SKU101,341
MO132SKU102,2025-05-13,FAC005,SKU102,458
MO132SKU103,2025-05-13,FAC002,SKU103,169
MO132SKU104,2025-05-13,FAC001,SKU104,461
MO132SKU105,2025-05-13,FAC005,SKU105,302
MO132SKU106,2025-05-13,FAC001,SKU106,181
MO132SKU107,2025-05-13,FAC003,SKU107,485
MO132SKU108,2025-05-13,FAC005,SKU108,416
MO132SKU109,2025-05-13,FAC003,SKU109,345
MO132SKU110,2025-05-13,FAC001,SKU110,403
MO132SKU111,2025-05-13,FAC006,SKU111,479
MO132SKU112,2025-05-13,FAC006,SKU112,161
MO132SKU113,2025-05-13,FAC006,SKU113,120
MO132SKU114,2025-05-13,FAC001,SKU114,191
MO132SKU115,2025-05-13,FAC002,SKU115,254
MO132SKU116,2025-05-13,FAC004,SKU116,516
MO132SKU117,2025-05-13,FAC003,SKU117,467
MO132SKU118,2025-05-13,FAC001,SKU118,434
MO132SKU119,2025-05-13,FAC001,SKU119,165
MO132SKU120,2025-05-13,FAC005,SKU120,197
MO132SKU121,2025-05-13,FAC006,SKU121,204
MO132SKU122,2025-05-13,FAC003,SKU122,146
MO132SKU123,2025-05-13,FAC006,SKU123,229
MO132SKU124,2025-05-13,FAC004,SKU124,395
MO132SKU125,2025-05-13,FAC004,SKU125,403
MO132SKU126,2025-05-13,FAC005,SKU126,236
MO132SKU127,2025-05-13,FAC006,SKU127,411
MO132SKU128,2025-05-13,FAC001,SKU128,207
MO132SKU129,2025-05-13,FAC006,SKU129,95
MO133SKU100,2025-05-14,FAC003,SKU100,471
MO133SKU101,2025-05-14,FAC003,SKU101,247
MO133SKU102,2025-05-14,FAC005,SKU102,451
MO133SKU103,2025-05-14,FAC004,SKU103,110
MO133SKU104,2025-05-14,FAC004,SKU104,325
MO133SKU105,2025-05-14,FAC002,SKU105,344
MO133SKU106,2025-05-14,FAC001,SKU106,499
MO133SKU107,2025-05-14,FAC004,SKU107,186
MO133SKU108,2025-05-14,FAC003,SKU108,383
MO133SKU109,2025-05-14,FAC006,SKU109,339
MO133SKU110,2025-05-14,FAC002,SKU110,161
MO133SKU111,2025-05-14,FAC004,SKU111,117
MO133SKU112,2025-05-14,FAC001,SKU112,229
MO133SKU113,2025-05-14,FAC005,SKU113,277
MO133SKU114,2025-05-14,FAC005,SKU114,222
MO133SKU115,2025-05-14,FAC002,SKU115,346
MO133SKU116,2025-05-14,FAC001,SKU116,404
MO133SKU117,2025-05-14,FAC005,SKU117,243
MO133SKU118,2025-05-14,FAC004,SKU118,183
MO133SKU119,2025-05-14,FAC001,SKU119,189
MO133SKU120,2025-05-14,FAC006,SKU120,402
MO133SKU121,2025-05-14,FAC005,SKU121,417
MO133SKU122,2025-05-14,FAC003,SKU122,387
MO133SKU123,2025-05-14,FAC006,SKU123,486
MO133SKU124,2025-05-14,FAC004,SKU124,129
MO133SKU125,2025-05-14,FAC004,SKU125,84
MO133SKU126,2025-05-14,FAC006,SKU126,181
MO133SKU127,2025-05-14,FAC004,SKU127,270
MO133SKU128,2025-05-14,FAC005,SKU128,253
MO133SKU129,2025-05-14,FAC002,SKU129,249
MO134SKU100,2025-05-15,FAC005,SKU100,410
MO134SKU101,2025-05-15,FAC006,SKU101,313
MO134SKU102,2025-05-15,FAC002,SKU102,144
MO134SKU103,2025-05-15,FAC002,SKU103,477
MO134SKU104,2025-05-15,FAC002,SKU104,472
MO134SKU105,2025-05-15,FAC003,SKU105,436
MO134SKU106,2025-05-15,FAC002,SKU106,427
MO134SKU107,2025-05-15,FAC004,SKU107,219
MO134SKU108,2025-05-15,FAC002,SKU108,421
MO134SKU109,2025-05-15,FAC005,SKU109,513
MO134SKU110,2025-05-15,FAC001,SKU110,168
MO134SKU111,2025-05-15,FAC005,SKU111,177
MO134SKU112,2025-05-15,FAC004,SKU112,231
MO134SKU113,2025-05-15,FAC003,SKU113,495
MO134SKU114,2025-05-15,FAC001,SKU114,165
MO134SKU115,2025-05-15,FAC004,SKU115,398
MO134SKU116,2025-05-15,FAC002,SKU116,276
MO134SKU117,2025-05-15,FAC002,SKU117,418
MO134SKU118,2025-05-15,FAC001,SKU118,346
MO134SKU119,2025-05-15,FAC002,SKU119,245
MO134SKU120,2025-05-15,FAC002,SKU120,407
MO134SKU121,2025-05-15,FAC001,SKU121,132
MO134SKU122,2025-05-15,FAC005,SKU122,116
MO134SKU123,2025-05-15,FAC006,SKU123,272
MO134SKU124,2025-05-15,FAC004,SKU124,382
MO134SKU125,2025-05-15,FAC003,SKU125,264
MO134SKU126,2025-05-15,FAC003,SKU126,469
MO134SKU127,2025-05-15,FAC001,SKU127,405
MO134SKU128,2025-05-15,FAC006,SKU128,366
MO134SKU129,2025-05-15,FAC001,SKU129,135
MO135SKU100,2025-05-16,FAC004,SKU100,380
MO135SKU101,2025-05-16,FAC002,SKU101,499
MO135SKU102,2025-05-16,FAC004,SKU102,115
MO135SKU103,2025-05-16,FAC003,SKU103,133
MO135SKU104,2025-05-16,FAC006,SKU104,217
MO135SKU105,2025-05-16,FAC006,SKU105,86
MO135SKU106,2025-05-16,FAC002,SKU106,353
MO135SKU107,2025-05-16,FAC002,SKU107,211
MO135SKU108,2025-05-16,FAC006,SKU108,265
MO135SKU109,2025-05-16,FAC003,SKU109,293
MO135SKU110,2025-05-16,FAC006,SKU110,98
MO135SKU111,2025-05-16,FAC002,SKU111,378
MO135SKU112,2025-05-16,FAC005,SKU112,109
MO135SKU113,2025-05-16,FAC001,SKU113,100
MO135SKU114,2025-05-16,FAC002,SKU114,273
MO135SKU115,2025-05-16,FAC001,SKU115,226
MO135SKU116,2025-05-16,FAC003,SKU116,398
MO135SKU117,2025-05-16,FAC004,SKU117,354
MO135SKU118,2025-05-16,FAC003,SKU118,184
MO135SKU119,2025-05-16,FAC003,SKU119,185
MO135SKU120,2025-05-16,FAC004,SKU120,122
MO135SKU121,2025-05-16,FAC006,SKU121,330
MO135SKU122,2025-05-16,FAC002,SKU122,333
MO135SKU123,2025-05-16,FAC001,SKU123,164
MO135SKU124,2025-05-16,FAC005,SKU124,212
MO135SKU125,2025-05-16,FAC006,SKU125,485
MO135SKU126,2025-05-16,FAC003,SKU126,192
MO135SKU127,2025-05-16,FAC006,SKU127,311
MO135SKU128,2025-05-16,FAC003,SKU128,363
MO135SKU129,2025-05-16,FAC001,SKU129,334
MO136SKU100,2025-05-17,FAC003,SKU100,355
MO136SKU101,2025-05-17,FAC002,SKU101,405
MO136SKU102,2025-05-17,FAC001,SKU102,429
MO136SKU103,2025-05-17,FAC001,SKU103,135
MO136SKU104,2025-05-17,FAC003,SKU104,228
MO136SKU105,2025-05-17,FAC002,SKU105,261
MO136SKU106,2025-05-17,FAC006,SKU106,99
MO136SKU107,2025-05-17,FAC003,SKU107,280
MO136SKU108,2025-05-17,FAC001,SKU108,222
MO136SKU109,2025-05-17,FAC001,SKU109,473
MO136SKU110,2025-05-17,FAC002,SKU110,139
MO136SKU111,2025-05-17,FAC006,SKU111,435
MO136SKU112,2025-05-17,FAC004,SKU112,86
MO136SKU113,2025-05-17,FAC006,SKU113,82
MO136SKU114,2025-05-17,FAC005,SKU114,337
MO136SKU115,2025-05-17,FAC001,SKU115,389
MO136SKU116,2025-05-17,FAC006,SKU116,392
MO136SKU117,2025-05-17,FAC004,SKU117,181
MO136SKU118,2025-05-17,FAC004,SKU118,280
MO136SKU119,2025-05-17,FAC001,SKU119,334
MO136SKU120,2025-05-17,FAC003,SKU120,127
MO136SKU121,2025-05-17,FAC002,SKU121,255
MO136SKU122,2025-05-17,FAC003,SKU122,251
MO136SKU123,2025-05-17,FAC004,SKU123,207
MO136SKU124,2025-05-17,FAC001,SKU124,115
MO136SKU125,2025-05-17,FAC004,SKU125,383
MO136SKU126,2025-05-17,FAC002,SKU126,464
MO136SKU127,2025-05-17,FAC003,SKU127,445
MO136SKU128,2025-05-17,FAC004,SKU128,400
MO136SKU129,2025-05-17,FAC003,SKU129,189
MO137SKU100,2025-05-18,FAC001,SKU100,282
MO137SKU101,2025-05-18,FAC003,SKU101,248
MO137SKU102,2025-05-18,FAC004,SKU102,291
MO137SKU103,2025-05-18,FAC002,SKU103,392
MO137SKU104,2025-05-18,FAC006,SKU104,90
MO137SKU105,2025-05-18,FAC006,SKU105,419
MO137SKU106,2025-05-18,FAC005,SKU106,449
MO137SKU107,2025-05-18,FAC006,SKU107,502
MO137SKU108,2025-05-18,FAC001,SKU108,133
MO137SKU109,2025-05-18,FAC001,SKU109,374
MO137SKU110,2025-05-18,FAC005,SKU110,104
MO137SKU111,2025-05-18,FAC006,SKU111,189
MO137SKU112,2025-05-18,FAC001,SKU112,483
MO137SKU113,2025-05-18,FAC003,SKU113,469
MO137SKU114,2025-05-18,FAC004,SKU114,276
MO137SKU115,2025-05-18,FAC004,SKU115,399
MO137SKU116,2025-05-18,FAC002,SKU116,484
MO137SKU117,2025-05-18,FAC006,SKU117,446
MO137SKU118,2025-05-18,FAC001,SKU118,502
MO137SKU119,2025-05-18,FAC001,SKU119,497
MO137SKU120,2025-05-18,FAC006,SKU120,193
MO137SKU121,2025-05-18,FAC004,SKU121,235
MO137SKU122,2025-05-18,FAC001,SKU122,227
MO137SKU123,2025-05-18,FAC001,SKU123,478
MO137SKU124,2025-05-18,FAC002,SKU124,263
MO137SKU125,2025-05-18,FAC001,SKU125,473
MO137SKU126,2025-05-18,FAC004,SKU126,351
MO137SKU127,2025-05-18,FAC001,SKU127,287
MO137SKU128,2025-05-18,FAC004,SKU128,388
MO137SKU129,2025-05-18,FAC005,SKU129,203
MO138SKU100,2025-05-19,FAC001,SKU100,472
MO138SKU101,2025-05-19,FAC003,SKU101,472
MO138SKU102,2025-05-19,FAC001,SKU102,434
MO138SKU103,2025-05-19,FAC001,SKU103,109
MO138SKU104,2025-05-19,FAC001,SKU104,204
MO138SKU105,2025-05-19,FAC006,SKU105,489
MO138SKU106,2025-05-19,FAC006,SKU106,129
MO138SKU107,2025-05-19,FAC004,SKU107,185
MO138SKU108,2025-05-19,FAC006,SKU108,279
MO138SKU109,2025-05-19,FAC004,SKU109,297
MO138SKU110,2025-05-19,FAC005,SKU110,120
MO138SKU111,2025-05-19,FAC005,SKU111,433
MO138SKU112,2025-05-19,FAC004,SKU112,112
MO138SKU113,2025-05-19,FAC005,SKU113,457
MO138SKU114,2025-05-19,FAC005,SKU114,437
MO138SKU115,2025-05-19,FAC002,SKU115,474
MO138SKU116,2025-05-19,FAC002,SKU116,293
MO138SKU117,2025-05-19,FAC004,SKU117,215
MO138SKU118,2025-05-19,FAC001,SKU118,423
MO138SKU119,2025-05-19,FAC001,SKU119,330
MO138SKU120,2025-05-19,FAC006,SKU120,514
MO138SKU121,2025-05-19,FAC001,SKU121,169
MO138SKU122,2025-05-19,FAC006,SKU122,190
MO138SKU123,2025-05-19,FAC004,SKU123,363
MO138SKU124,2025-05-19,FAC001,SKU124,424
MO138SKU125,2025-05-19,FAC006,SKU125,204
MO138SKU126,2025-05-19,FAC004,SKU126,400
MO138SKU127,2025-05-19,FAC004,SKU127,248
MO138SKU128,2025-05-19,FAC006,SKU128,445
MO138SKU129,2025-05-19,FAC004,SKU129,415
MO139SKU100,2025-05-20,FAC001,SKU100,157
MO139SKU101,2025-05-20,FAC004,SKU101,197
MO139SKU102,2025-05-20,FAC003,SKU102,369
MO139SKU103,2025-05-20,FAC006,SKU103,105
MO139SKU104,2025-05-20,FAC005,SKU104,360
MO139SKU105,2025-05-20,FAC003,SKU105,186
MO139SKU106,2025-05-20,FAC001,SKU106,465
MO139SKU107,2025-05-20,FAC001,SKU107,97
MO139SKU108,2025-05-20,FAC005,SKU108,361
MO139SKU109,2025-05-20,FAC002,SKU109,84
MO139SKU110,2025-05-20,FAC002,SKU110,196
MO139SKU111,2025-05-20,FAC004,SKU111,412
MO139SKU112,2025-05-20,FAC005,SKU112,150
MO139SKU113,2025-05-20,FAC001,SKU113,390
MO139SKU114,2025-05-20,FAC005,SKU114,410
MO139SKU115,2025-05-20,FAC005,SKU115,453
MO139SKU116,2025-05-20,FAC006,SKU116,397
MO139SKU117,2025-05-20,FAC003,SKU117,331
MO139SKU118,2025-05-20,FAC004,SKU118,178
MO139SKU119,2025-05-20,FAC003,SKU119,494
MO139SKU120,2025-05-20,FAC006,SKU120,308
MO139SKU121,2025-05-20,FAC005,SKU121,304
MO139SKU122,2025-05-20,FAC002,SKU122,205
MO139SKU123,2025-05-20,FAC005,SKU123,430
MO139SKU124,2025-05-20,FAC006,SKU124,278
MO139SKU125,2025-05-20,FAC003,SKU125,214
MO139SKU126,2025-05-20,FAC005,SKU126,456
MO139SKU127,2025-05-20,FAC001,SKU127,318
MO139SKU128,2025-05-20,FAC006,SKU128,459
MO139SKU129,2025-05-20,FAC003,SKU129,278
MO140SKU100,2025-05-21,FAC005,SKU100,275
MO140SKU101,2025-05-21,FAC003,SKU101,151
MO140SKU102,2025-05-21,FAC005,SKU102,230
MO140SKU103,2025-05-21,FAC003,SKU103,234
MO140SKU104,2025-05-21,FAC003,SKU104,201
MO140SKU105,2025-05-21,FAC005,SKU105,201
MO140SKU106,2025-05-21,FAC005,SKU106,297
MO140SKU107,2025-05-21,FAC005,SKU107,458
MO140SKU108,2025-05-21,FAC006,SKU108,480
MO140SKU109,2025-05-21,FAC003,SKU109,202
MO140SKU110,2025-05-21,FAC002,SKU110,388
MO140SKU111,2025-05-21,FAC002,SKU111,303
MO140SKU112,2025-05-21,FAC003,SKU112,470
MO140SKU113,2025-05-21,FAC006,SKU113,239
MO140SKU114,2025-05-21,FAC006,SKU114,283
MO140SKU115,2025-05-21,FAC004,SKU115,344
MO140SKU116,2025-05-21,FAC005,SKU116,456
MO140SKU117,2025-05-21,FAC003,SKU117,373
MO140SKU118,2025-05-21,FAC004,SKU118,148
MO140SKU119,2025-05-21,FAC001,SKU119,345
MO140SKU120,2025-05-21,FAC003,SKU120,215
MO140SKU121,2025-05-21,FAC005,SKU121,350
MO140SKU122,2025-05-21,FAC005,SKU122,506
MO140SKU123,2025-05-21,FAC004,SKU123,201
MO140SKU124,2025-05-21,FAC004,SKU124,337
MO140SKU125,2025-05-21,FAC002,SKU125,269
MO140SKU126,2025-05-21,FAC001,SKU126,124
MO140SKU127,2025-05-21,FAC005,SKU127,129
MO140SKU128,2025-05-21,FAC001,SKU128,256
MO140SKU129,2025-05-21,FAC002,SKU129,442
MO141SKU100,2025-05-22,FAC005,SKU100,157
MO141SKU101,2025-05-22,FAC004,SKU101,463
MO141SKU102,2025-05-22,FAC002,SKU102,342
MO141SKU103,2025-05-22,FAC003,SKU103,403
MO141SKU104,2025-05-22,FAC002,SKU104,362
MO141SKU105,2025-05-22,FAC004,SKU105,307
MO141SKU106,2025-05-22,FAC002,SKU106,161
MO141SKU107,2025-05-22,FAC006,SKU107,133
MO141SKU108,2025-05-22,FAC005,SKU108,336
MO141SKU109,2025-05-22,FAC002,SKU109,263
MO141SKU110,2025-05-22,FAC004,SKU110,129
MO141SKU111,2025-05-22,FAC004,SKU111,190
MO141SKU112,2025-05-22,FAC001,SKU112,408
MO141SKU113,2025-05-22,FAC006,SKU113,482
MO141SKU114,2025-05-22,FAC005,SKU114,304
MO141SKU115,2025-05-22,FAC005,SKU115,263
MO141SKU116,2025-05-22,FAC005,SKU116,271
MO141SKU117,2025-05-22,FAC001,SKU117,288
MO141SKU118,2025-05-22,FAC002,SKU118,467
MO141SKU119,2025-05-22,FAC003,SKU119,288
MO141SKU120,2025-05-22,FAC006,SKU120,285
MO141SKU121,2025-05-22,FAC004,SKU121,179
MO141SKU122,2025-05-22,FAC002,SKU122,452
MO141SKU123,2025-05-22,FAC006,SKU123,468
MO141SKU124,2025-05-22,FAC003,SKU124,94
MO141SKU125,2025-05-22,FAC004,SKU125,301
MO141SKU126,2025-05-22,FAC001,SKU126,315
MO141SKU127,2025-05-22,FAC003,SKU127,213
MO141SKU128,2025-05-22,FAC002,SKU128,207
MO141SKU129,2025-05-22,FAC005,SKU129,392
MO142SKU100,2025-05-23,FAC002,SKU100,345
MO142SKU101,2025-05-23,FAC002,SKU101,297
MO142SKU102,2025-05-23,FAC005,SKU102,273
MO142SKU103,2025-05-23,FAC005,SKU103,181
MO142SKU104,2025-05-23,FAC006,SKU104,364
MO142SKU105,2025-05-23,FAC004,SKU105,264
MO142SKU106,2025-05-23,FAC002,SKU106,183
MO142SKU107,2025-05-23,FAC001,SKU107,441
MO142SKU108,2025-05-23,FAC005,SKU108,485
MO142SKU109,2025-05-23,FAC003,SKU109,504
MO142SKU110,2025-05-23,FAC002,SKU110,166
MO142SKU111,2025-05-23,FAC002,SKU111,511
MO142SKU112,2025-05-23,FAC001,SKU112,231
MO142SKU113,2025-05-23,FAC004,SKU113,326
MO142SKU114,2025-05-23,FAC002,SKU114,199
MO142SKU115,2025-05-23,FAC005,SKU115,180
MO142SKU116,2025-05-23,FAC003,SKU116,277
MO142SKU117,2025-05-23,FAC006,SKU117,192
MO142SKU118,2025-05-23,FAC006,SKU118,463
MO142SKU119,2025-05-23,FAC004,SKU119,454
MO142SKU120,2025-05-23,FAC005,SKU120,111
MO142SKU121,2025-05-23,FAC004,SKU121,345
MO142SKU122,2025-05-23,FAC005,SKU122,366
MO142SKU123,2025-05-23,FAC003,SKU123,441
MO142SKU124,2025-05-23,FAC006,SKU124,395
MO142SKU125,2025-05-23,FAC004,SKU125,454
MO142SKU126,2025-05-23,FAC002,SKU126,368
MO142SKU127,2025-05-23,FAC005,SKU127,101
MO142SKU128,2025-05-23,FAC004,SKU128,236
MO142SKU129,2025-05-23,FAC001,SKU129,272
MO143SKU100,2025-05-24,FAC003,SKU100,207
MO143SKU101,2025-05-24,FAC004,SKU101,287
MO143SKU102,2025-05-24,FAC004,SKU102,167
MO143SKU103,2025-05-24,FAC006,SKU103,244
MO143SKU104,2025-05-24,FAC001,SKU104,133
MO143SKU105,2025-05-24,FAC006,SKU105,353
MO143SKU106,2025-05-24,FAC003,SKU106,303
MO143SKU107,2025-05-24,FAC004,SKU107,482
MO143SKU108,2025-05-24,FAC003,SKU108,317
MO143SKU109,2025-05-24,FAC002,SKU109,218
MO143SKU110,2025-05-24,FAC006,SKU110,146
MO143SKU111,2025-05-24,FAC005,SKU111,211
MO143SKU112,2025-05-24,FAC001,SKU112,410
MO143SKU113,2025-05-24,FAC005,SKU113,295
MO143SKU114,2025-05-24,FAC003,SKU114,260
MO143SKU115,2025-05-24,FAC005,SKU115,93
MO143SKU116,2025-05-24,FAC004,SKU116,332
MO143SKU117,2025-05-24,FAC005,SKU117,369
MO143SKU118,2025-05-24,FAC001,SKU118,452
MO143SKU119,2025-05-24,FAC006,SKU119,281
MO143SKU120,2025-05-24,FAC003,SKU120,443
MO143SKU121,2025-05-24,FAC002,SKU121,137
MO143SKU122,2025-05-24,FAC004,SKU122,389
MO143SKU123,2025-05-24,FAC001,SKU123,89
MO143SKU124,2025-05-24,FAC002,SKU124,185
MO143SKU125,2025-05-24,FAC002,SKU125,496
MO143SKU126,2025-05-24,FAC002,SKU126,340
MO143SKU127,2025-05-24,FAC001,SKU127,109
MO143SKU128,2025-05-24,FAC001,SKU128,446
MO143SKU129,2025-05-24,FAC002,SKU129,358
MO144SKU100,2025-05-25,FAC006,SKU100,382
MO144SKU101,2025-05-25,FAC006,SKU101,443
MO144SKU102,2025-05-25,FAC002,SKU102,486
MO144SKU103,2025-05-25,FAC004,SKU103,494
MO144SKU104,2025-05-25,FAC003,SKU104,259
MO144SKU105,2025-05-25,FAC001,SKU105,490
MO144SKU106,2025-05-25,FAC003,SKU106,368
MO144SKU107,2025-05-25,FAC002,SKU107,191
MO144SKU108,2025-05-25,FAC002,SKU108,246
MO144SKU109,2025-05-25,FAC005,SKU109,133
MO144SKU110,2025-05-25,FAC004,SKU110,307
MO144SKU111,2025-05-25,FAC002,SKU111,239
MO144SKU112,2025-05-25,FAC006,SKU112,383
MO144SKU113,2025-05-25,FAC001,SKU113,483
MO144SKU114,2025-05-25,FAC002,SKU114,293
MO144SKU115,2025-05-25,FAC003,SKU115,362
MO144SKU116,2025-05-25,FAC002,SKU116,280
MO144SKU117,2025-05-25,FAC004,SKU117,348
MO144SKU118,2025-05-25,FAC002,SKU118,187
MO144SKU119,2025-05-25,FAC002,SKU119,205
MO144SKU120,2025-05-25,FAC005,SKU120,165
MO144SKU121,2025-05-25,FAC001,SKU121,152
MO144SKU122,2025-05-25,FAC005,SKU122,464
MO144SKU123,2025-05-25,FAC006,SKU123,353
MO144SKU124,2025-05-25,FAC001,SKU124,167
MO144SKU125,2025-05-25,FAC003,SKU125,203
MO144SKU126,2025-05-25,FAC006,SKU126,269
MO144SKU127,2025-05-25,FAC001,SKU127,411
MO144SKU128,2025-05-25,FAC001,SKU128,255
MO144SKU129,2025-05-25,FAC005,SKU129,102
MO145SKU100,2025-05-26,FAC005,SKU100,184
MO145SKU101,2025-05-26,FAC006,SKU101,225
MO145SKU102,2025-05-26,FAC002,SKU102,153
MO145SKU103,2025-05-26,FAC003,SKU103,247
MO145SKU104,2025-05-26,FAC004,SKU104,165
MO145SKU105,2025-05-26,FAC006,SKU105,365
MO145SKU106,2025-05-26,FAC002,SKU106,527
MO145SKU107,2025-05-26,FAC002,SKU107,233
MO145SKU108,2025-05-26,FAC002,SKU108,298
MO145SKU109,2025-05-26,FAC001,SKU109,109
MO145SKU110,2025-05-26,FAC002,SKU110,124
MO145SKU111,2025-05-26,FAC003,SKU111,474
MO145SKU112,2025-05-26,FAC006,SKU112,253
MO145SKU113,2025-05-26,FAC006,SKU113,324
MO145SKU114,2025-05-26,FAC005,SKU114,422
MO145SKU115,2025-05-26,FAC004,SKU115,464
MO145SKU116,2025-05-26,FAC004,SKU116,89
MO145SKU117,2025-05-26,FAC001,SKU117,289
MO145SKU118,2025-05-26,FAC002,SKU118,523
MO145SKU119,2025-05-26,FAC004,SKU119,364
MO145SKU120,2025-05-26,FAC004,SKU120,431
MO145SKU121,2025-05-26,FAC006,SKU121,504
MO145SKU122,2025-05-26,FAC005,SKU122,452
MO145SKU123,2025-05-26,FAC002,SKU123,434
MO145SKU124,2025-05-26,FAC003,SKU124,281
MO145SKU125,2025-05-26,FAC002,SKU125,113
MO145SKU126,2025-05-26,FAC003,SKU126,427
MO145SKU127,2025-05-26,FAC004,SKU127,165
MO145SKU128,2025-05-26,FAC003,SKU128,499
MO145SKU129,2025-05-26,FAC003,SKU129,256
MO146SKU100,2025-05-27,FAC006,SKU100,333
MO146SKU101,2025-05-27,FAC006,SKU101,117
MO146SKU102,2025-05-27,FAC004,SKU102,342
MO146SKU103,2025-05-27,FAC004,SKU103,242
MO146SKU104,2025-05-27,FAC001,SKU104,411
MO146SKU105,2025-05-27,FAC005,SKU105,309
MO146SKU106,2025-05-27,FAC005,SKU106,192
MO146SKU107,2025-05-27,FAC006,SKU107,344
MO146SKU108,2025-05-27,FAC006,SKU108,136
MO146SKU109,2025-05-27,FAC003,SKU109,356
MO146SKU110,2025-05-27,FAC002,SKU110,391
MO146SKU111,2025-05-27,FAC004,SKU111,480
MO146SKU112,2025-05-27,FAC001,SKU112,331
MO146SKU113,2025-05-27,FAC005,SKU113,531
MO146SKU114,2025-05-27,FAC006,SKU114,323
MO146SKU115,2025-05-27,FAC003,SKU115,501
MO146SKU116,2025-05-27,FAC004,SKU116,404
MO146SKU117,2025-05-27,FAC005,SKU117,187
MO146SKU118,2025-05-27,FAC002,SKU118,518
MO146SKU119,2025-05-27,FAC003,SKU119,270
MO146SKU120,2025-05-27,FAC001,SKU120,382
MO146SKU121,2025-05-27,FAC006,SKU121,294
MO146SKU122,2025-05-27,FAC002,SKU122,364
MO146SKU123,2025-05-27,FAC002,SKU123,485
MO146SKU124,2025-05-27,FAC004,SKU124,219
MO146SKU125,2025-05-27,FAC002,SKU125,301
MO146SKU126,2025-05-27,FAC003,SKU126,128
MO146SKU127,2025-05-27,FAC006,SKU127,341
MO146SKU128,2025-05-27,FAC001,SKU128,153
MO146SKU129,2025-05-27,FAC001,SKU129,110
MO147SKU100,2025-05-28,FAC003,SKU100,253
MO147SKU101,2025-05-28,FAC005,SKU101,318
MO147SKU102,2025-05-28,FAC005,SKU102,239
MO147SKU103,2025-05-28,FAC001,SKU103,476
MO147SKU104,2025-05-28,FAC005,SKU104,186
MO147SKU105,2025-05-28,FAC004,SKU105,472
MO147SKU106,2025-05-28,FAC001,SKU106,468
MO147SKU107,2025-05-28,FAC004,SKU107,265
MO147SKU108,2025-05-28,FAC004,SKU108,486
MO147SKU109,2025-05-28,FAC006,SKU109,175
MO147SKU110,2025-05-28,FAC006,SKU110,460
MO147SKU111,2025-05-28,FAC006,SKU111,500
MO147SKU112,2025-05-28,FAC004,SKU112,483
MO147SKU113,2025-05-28,FAC002,SKU113,281
MO147SKU114,2025-05-28,FAC002,SKU114,81
MO147SKU115,2025-05-28,FAC006,SKU115,411
MO147SKU116,2025-05-28,FAC004,SKU116,297
MO147SKU117,2025-05-28,FAC004,SKU117,68
MO147SKU118,2025-05-28,FAC005,SKU118,161
MO147SKU119,2025-05-28,FAC005,SKU119,355
MO147SKU120,2025-05-28,FAC005,SKU120,348
MO147SKU121,2025-05-28,FAC005,SKU121,500
MO147SKU122,2025-05-28,FAC006,SKU122,96
MO147SKU123,2025-05-28,FAC004,SKU123,203
MO147SKU124,2025-05-28,FAC001,SKU124,139
MO147SKU125,2025-05-28,FAC002,SKU125,257
MO147SKU126,2025-05-28,FAC002,SKU126,209
MO147SKU127,2025-05-28,FAC001,SKU127,267
MO147SKU128,2025-05-28,FAC003,SKU128,293
MO147SKU129,2025-05-28,FAC001,SKU129,231
MO148SKU100,2025-05-29,FAC002,SKU100,258
MO148SKU101,2025-05-29,FAC001,SKU101,182
MO148SKU102,2025-05-29,FAC005,SKU102,133
MO148SKU103,2025-05-29,FAC001,SKU103,388
MO148SKU104,2025-05-29,FAC005,SKU104,479
MO148SKU105,2025-05-29,FAC005,SKU105,455
MO148SKU106,2025-05-29,FAC004,SKU106,260
MO148SKU107,2025-05-29,FAC004,SKU107,85
MO148SKU108,2025-05-29,FAC006,SKU108,399
MO148SKU109,2025-05-29,FAC005,SKU109,130
MO148SKU110,2025-05-29,FAC001,SKU110,144
MO148SKU111,2025-05-29,FAC005,SKU111,480
MO148SKU112,2025-05-29,FAC005,SKU112,252
MO148SKU113,2025-05-29,FAC003,SKU113,476
MO148SKU114,2025-05-29,FAC005,SKU114,198
MO148SKU115,2025-05-29,FAC001,SKU115,143
MO148SKU116,2025-05-29,FAC002,SKU116,181
MO148SKU117,2025-05-29,FAC006,SKU117,469
MO148SKU118,2025-05-29,FAC001,SKU118,225
MO148SKU119,2025-05-29,FAC005,SKU119,377
MO148SKU120,2025-05-29,FAC002,SKU120,464
MO148SKU121,2025-05-29,FAC004,SKU121,353
MO148SKU122,2025-05-29,FAC002,SKU122,425
MO148SKU123,2025-05-29,FAC002,SKU123,355
MO148SKU124,2025-05-29,FAC005,SKU124,380
MO148SKU125,2025-05-29,FAC001,SKU125,242
MO148SKU126,2025-05-29,FAC005,SKU126,306
MO148SKU127,2025-05-29,FAC004,SKU127,97
MO148SKU128,2025-05-29,FAC006,SKU128,165
MO148SKU129,2025-05-29,FAC006,SKU129,392
MO149SKU100,2025-05-30,FAC002,SKU100,399
MO149SKU101,2025-05-30,FAC001,SKU101,142
MO149SKU102,2025-05-30,FAC004,SKU102,123
MO149SKU103,2025-05-30,FAC001,SKU103,190
MO149SKU104,2025-05-30,FAC004,SKU104,272
MO149SKU105,2025-05-30,FAC003,SKU105,425
MO149SKU106,2025-05-30,FAC006,SKU106,408
MO149SKU107,2025-05-30,FAC002,SKU107,220
MO149SKU108,2025-05-30,FAC006,SKU108,415
MO149SKU109,2025-05-30,FAC003,SKU109,337
MO149SKU110,2025-05-30,FAC004,SKU110,114
MO149SKU111,2025-05-30,FAC001,SKU111,188
MO149SKU112,2025-05-30,FAC002,SKU112,320
MO149SKU113,2025-05-30,FAC002,SKU113,134
MO149SKU114,2025-05-30,FAC001,SKU114,233
MO149SKU115,2025-05-30,FAC001,SKU115,499
MO149SKU116,2025-05-30,FAC006,SKU116,306
MO149SKU117,2025-05-30,FAC003,SKU117,343
MO149SKU118,2025-05-30,FAC003,SKU118,314
MO149SKU119,2025-05-30,FAC002,SKU119,306
MO149SKU120,2025-05-30,FAC004,SKU120,483
MO149SKU121,2025-05-30,FAC005,SKU121,204
MO149SKU122,2025-05-30,FAC001,SKU122,405
MO149SKU123,2025-05-30,FAC003,SKU123,473
MO149SKU124,2025-05-30,FAC006,SKU124,143
MO149SKU125,2025-05-30,FAC004,SKU125,470
MO149SKU126,2025-05-30,FAC001,SKU126,107
MO149SKU127,2025-05-30,FAC002,SKU127,252
MO149SKU128,2025-05-30,FAC005,SKU128,438
MO149SKU129,2025-05-30,FAC002,SKU129,509
MO150SKU100,2025-05-31,FAC003,SKU100,473
MO150SKU101,2025-05-31,FAC002,SKU101,511
MO150SKU102,2025-05-31,FAC005,SKU102,301
MO150SKU103,2025-05-31,FAC004,SKU103,378
MO150SKU104,2025-05-31,FAC002,SKU104,399
MO150SKU105,2025-05-31,FAC003,SKU105,113
MO150SKU106,2025-05-31,FAC003,SKU106,479
MO150SKU107,2025-05-31,FAC005,SKU107,177
MO150SKU108,2025-05-31,FAC005,SKU108,470
MO150SKU109,2025-05-31,FAC001,SKU109,143
MO150SKU110,2025-05-31,FAC006,SKU110,303
MO150SKU111,2025-05-31,FAC005,SKU111,140
MO150SKU112,2025-05-31,FAC006,SKU112,440
MO150SKU113,2025-05-31,FAC001,SKU113,187
MO150SKU114,2025-05-31,FAC004,SKU114,72
MO150SKU115,2025-05-31,FAC004,SKU115,260
MO150SKU116,2025-05-31,FAC002,SKU116,206
MO150SKU117,2025-05-31,FAC003,SKU117,170
MO150SKU118,2025-05-31,FAC006,SKU118,426
MO150SKU119,2025-05-31,FAC004,SKU119,493
MO150SKU120,2025-05-31,FAC006,SKU120,249
MO150SKU121,2025-05-31,FAC004,SKU121,468
MO150SKU122,2025-05-31,FAC003,SKU122,176
MO150SKU123,2025-05-31,FAC002,SKU123,164
MO150SKU124,2025-05-31,FAC004,SKU124,398
MO150SKU125,2025-05-31,FAC004,SKU125,273
MO150SKU126,2025-05-31,FAC006,SKU126,422
MO150SKU127,2025-05-31,FAC006,SKU127,398
MO150SKU128,2025-05-31,FAC002,SKU128,172
MO150SKU129,2025-05-31,FAC002,SKU129,449
MO151SKU100,2025-06-01,FAC006,SKU100,415
MO151SKU101,2025-06-01,FAC001,SKU101,151
MO151SKU102,2025-06-01,FAC002,SKU102,294
MO151SKU103,2025-06-01,FAC002,SKU103,288
MO151SKU104,2025-06-01,FAC001,SKU104,124
MO151SKU105,2025-06-01,FAC002,SKU105,194
MO151SKU106,2025-06-01,FAC005,SKU106,481
MO151SKU107,2025-06-01,FAC005,SKU107,463
MO151SKU108,2025-06-01,FAC004,SKU108,369
MO151SKU109,2025-06-01,FAC005,SKU109,377
MO151SKU110,2025-06-01,FAC005,SKU110,342
MO151SKU111,2025-06-01,FAC003,SKU111,482
MO151SKU112,2025-06-01,FAC006,SKU112,421
MO151SKU113,2025-06-01,FAC002,SKU113,480
MO151SKU114,2025-06-01,FAC005,SKU114,240
MO151SKU115,2025-06-01,FAC001,SKU115,156
MO151SKU116,2025-06-01,FAC001,SKU116,429
MO151SKU117,2025-06-01,FAC001,SKU117,472
MO151SKU118,2025-06-01,FAC006,SKU118,342
MO151SKU119,2025-06-01,FAC002,SKU119,427
MO151SKU120,2025-06-01,FAC002,SKU120,376
MO151SKU121,2025-06-01,FAC001,SKU121,156
MO151SKU122,2025-06-01,FAC001,SKU122,385
MO151SKU123,2025-06-01,FAC003,SKU123,368
MO151SKU124,2025-06-01,FAC003,SKU124,356
MO151SKU125,2025-06-01,FAC002,SKU125,343
MO151SKU126,2025-06-01,FAC002,SKU126,286
MO151SKU127,2025-06-01,FAC006,SKU127,511
MO151SKU128,2025-06-01,FAC005,SKU128,133
MO151SKU129,2025-06-01,FAC006,SKU129,130
MO152SKU100,2025-06-02,FAC001,SKU100,494
MO152SKU101,2025-06-02,FAC006,SKU101,181
MO152SKU102,2025-06-02,FAC002,SKU102,131
MO152SKU103,2025-06-02,FAC005,SKU103,513
MO152SKU104,2025-06-02,FAC006,SKU104,297
MO152SKU105,2025-06-02,FAC002,SKU105,391
MO152SKU106,2025-06-02,FAC001,SKU106,270
MO152SKU107,2025-06-02,FAC003,SKU107,334
MO152SKU108,2025-06-02,FAC002,SKU108,179
MO152SKU109,2025-06-02,FAC004,SKU109,420
MO152SKU110,2025-06-02,FAC001,SKU110,320
MO152SKU111,2025-06-02,FAC003,SKU111,181
MO152SKU112,2025-06-02,FAC003,SKU112,402
MO152SKU113,2025-06-02,FAC004,SKU113,329
MO152SKU114,2025-06-02,FAC001,SKU114,73
MO152SKU115,2025-06-02,FAC002,SKU115,422
MO152SKU116,2025-06-02,FAC001,SKU116,259
MO152SKU117,2025-06-02,FAC005,SKU117,439
MO152SKU118,2025-06-02,FAC001,SKU118,282
MO152SKU119,2025-06-02,FAC003,SKU119,303
MO152SKU120,2025-06-02,FAC003,SKU120,218
MO152SKU121,2025-06-02,FAC002,SKU121,135
MO152SKU122,2025-06-02,FAC001,SKU122,390
MO152SKU123,2025-06-02,FAC004,SKU123,428
MO152SKU124,2025-06-02,FAC004,SKU124,306
MO152SKU125,2025-06-02,FAC005,SKU125,396
MO152SKU126,2025-06-02,FAC005,SKU126,511
MO152SKU127,2025-06-02,FAC005,SKU127,396
MO152SKU128,2025-06-02,FAC003,SKU128,175
MO152SKU129,2025-06-02,FAC004,SKU129,100
MO153SKU100,2025-06-03,FAC002,SKU100,286
MO153SKU101,2025-06-03,FAC003,SKU101,406
MO153SKU102,2025-06-03,FAC002,SKU102,183
MO153SKU103,2025-06-03,FAC003,SKU103,310
MO153SKU104,2025-06-03,FAC006,SKU104,189
MO153SKU105,2025-06-03,FAC004,SKU105,420
MO153SKU106,2025-06-03,FAC004,SKU106,189
MO153SKU107,2025-06-03,FAC006,SKU107,473
MO153SKU108,2025-06-03,FAC001,SKU108,349
MO153SKU109,2025-06-03,FAC004,SKU109,513
MO153SKU110,2025-06-03,FAC003,SKU110,140
MO153SKU111,2025-06-03,FAC003,SKU111,443
MO153SKU112,2025-06-03,FAC003,SKU112,499
MO153SKU113,2025-06-03,FAC002,SKU113,127
MO153SKU114,2025-06-03,FAC005,SKU114,448
MO153SKU115,2025-06-03,FAC006,SKU115,156
MO153SKU116,2025-06-03,FAC004,SKU116,421
MO153SKU117,2025-06-03,FAC003,SKU117,302
MO153SKU118,2025-06-03,FAC005,SKU118,386
MO153SKU119,2025-06-03,FAC006,SKU119,77
MO153SKU120,2025-06-03,FAC006,SKU120,280
MO153SKU121,2025-06-03,FAC003,SKU121,346
MO153SKU122,2025-06-03,FAC004,SKU122,470
MO153SKU123,2025-06-03,FAC006,SKU123,437
MO153SKU124,2025-06-03,FAC006,SKU124,82
MO153SKU125,2025-06-03,FAC002,SKU125,222
MO153SKU126,2025-06-03,FAC002,SKU126,504
MO153SKU127,2025-06-03,FAC003,SKU127,385
MO153SKU128,2025-06-03,FAC006,SKU128,436
MO153SKU129,2025-06-03,FAC001,SKU129,478
MO154SKU100,2025-06-04,FAC003,SKU100,142
MO154SKU101,2025-06-04,FAC001,SKU101,126
MO154SKU102,2025-06-04,FAC005,SKU102,147
MO154SKU103,2025-06-04,FAC003,SKU103,342
MO154SKU104,2025-06-04,FAC005,SKU104,162
MO154SKU105,2025-06-04,FAC006,SKU105,323
MO154SKU106,2025-06-04,FAC001,SKU106,386
MO154SKU107,2025-06-04,FAC001,SKU107,205
MO154SKU108,2025-06-04,FAC003,SKU108,124
MO154SKU109,2025-06-04,FAC002,SKU109,325
MO154SKU110,2025-06-04,FAC001,SKU110,380
MO154SKU111,2025-06-04,FAC004,SKU111,452
MO154SKU112,2025-06-04,FAC006,SKU112,437
MO154SKU113,2025-06-04,FAC006,SKU113,423
MO154SKU114,2025-06-04,FAC005,SKU114,315
MO154SKU115,2025-06-04,FAC005,SKU115,219
MO154SKU116,2025-06-04,FAC001,SKU116,241
MO154SKU117,2025-06-04,FAC001,SKU117,274
MO154SKU118,2025-06-04,FAC005,SKU118,347
MO154SKU119,2025-06-04,FAC002,SKU119,129
MO154SKU120,2025-06-04,FAC003,SKU120,316
MO154SKU121,2025-06-04,FAC004,SKU121,85
MO154SKU122,2025-06-04,FAC002,SKU122,207
MO154SKU123,2025-06-04,FAC005,SKU123,179
MO154SKU124,2025-06-04,FAC003,SKU124,118
MO154SKU125,2025-06-04,FAC001,SKU125,248
MO154SKU126,2025-06-04,FAC006,SKU126,96
MO154SKU127,2025-06-04,FAC004,SKU127,186
MO154SKU128,2025-06-04,FAC003,SKU128,482
MO154SKU129,2025-06-04,FAC003,SKU129,85
MO155SKU100,2025-06-05,FAC003,SKU100,350
MO155SKU101,2025-06-05,FAC001,SKU101,315
MO155SKU102,2025-06-05,FAC002,SKU102,493
MO155SKU103,2025-06-05,FAC006,SKU103,306
MO155SKU104,2025-06-05,FAC002,SKU104,127
MO155SKU105,2025-06-05,FAC004,SKU105,266
MO155SKU106,2025-06-05,FAC005,SKU106,347
MO155SKU107,2025-06-05,FAC004,SKU107,335
MO155SKU108,2025-06-05,FAC002,SKU108,489
MO155SKU109,2025-06-05,FAC003,SKU109,185
MO155SKU110,2025-06-05,FAC001,SKU110,458
MO155SKU111,2025-06-05,FAC001,SKU111,265
MO155SKU112,2025-06-05,FAC002,SKU112,351
MO155SKU113,2025-06-05,FAC006,SKU113,270
MO155SKU114,2025-06-05,FAC005,SKU114,349
MO155SKU115,2025-06-05,FAC002,SKU115,309
MO155SKU116,2025-06-05,FAC001,SKU116,254
MO155SKU117,2025-06-05,FAC004,SKU117,156
MO155SKU118,2025-06-05,FAC001,SKU118,447
MO155SKU119,2025-06-05,FAC005,SKU119,293
MO155SKU120,2025-06-05,FAC003,SKU120,129
MO155SKU121,2025-06-05,FAC006,SKU121,181
MO155SKU122,2025-06-05,FAC002,SKU122,215
MO155SKU123,2025-06-05,FAC005,SKU123,486
MO155SKU124,2025-06-05,FAC005,SKU124,416
MO155SKU125,2025-06-05,FAC006,SKU125,491
MO155SKU126,2025-06-05,FAC005,SKU126,389
MO155SKU127,2025-06-05,FAC004,SKU127,438
MO155SKU128,2025-06-05,FAC005,SKU128,377
MO155SKU129,2025-06-05,FAC006,SKU129,307
MO156SKU100,2025-06-06,FAC002,SKU100,133
MO156SKU101,2025-06-06,FAC004,SKU101,484
MO156SKU102,2025-06-06,FAC001,SKU102,374
MO156SKU103,2025-06-06,FAC005,SKU103,408
MO156SKU104,2025-06-06,FAC001,SKU104,168
MO156SKU105,2025-06-06,FAC001,SKU105,492
MO156SKU106,2025-06-06,FAC002,SKU106,305
MO156SKU107,2025-06-06,FAC006,SKU107,361
MO156SKU108,2025-06-06,FAC003,SKU108,368
MO156SKU109,2025-06-06,FAC003,SKU109,440
MO156SKU110,2025-06-06,FAC005,SKU110,192
MO156SKU111,2025-06-06,FAC001,SKU111,449
MO156SKU112,2025-06-06,FAC001,SKU112,536
MO156SKU113,2025-06-06,FAC006,SKU113,243
MO156SKU114,2025-06-06,FAC005,SKU114,171
MO156SKU115,2025-06-06,FAC005,SKU115,333
MO156SKU116,2025-06-06,FAC005,SKU116,509
MO156SKU117,2025-06-06,FAC002,SKU117,270
MO156SKU118,2025-06-06,FAC005,SKU118,422
MO156SKU119,2025-06-06,FAC004,SKU119,393
MO156SKU120,2025-06-06,FAC002,SKU120,97
MO156SKU121,2025-06-06,FAC004,SKU121,353
MO156SKU122,2025-06-06,FAC002,SKU122,453
MO156SKU123,2025-06-06,FAC003,SKU123,193
MO156SKU124,2025-06-06,FAC001,SKU124,248
MO156SKU125,2025-06-06,FAC004,SKU125,192
MO156SKU126,2025-06-06,FAC003,SKU126,190
MO156SKU127,2025-06-06,FAC001,SKU127,374
MO156SKU128,2025-06-06,FAC002,SKU128,105
MO156SKU129,2025-06-06,FAC001,SKU129,487
MO157SKU100,2025-06-07,FAC001,SKU100,479
MO157SKU101,2025-06-07,FAC001,SKU101,132
MO157SKU102,2025-06-07,FAC003,SKU102,431
MO157SKU103,2025-06-07,FAC006,SKU103,390
MO157SKU104,2025-06-07,FAC002,SKU104,142
MO157SKU105,2025-06-07,FAC005,SKU105,442
MO157SKU106,2025-06-07,FAC006,SKU106,295
MO157SKU107,2025-06-07,FAC002,SKU107,125
MO157SKU108,2025-06-07,FAC004,SKU108,231
MO157SKU109,2025-06-07,FAC004,SKU109,296
MO157SKU110,2025-06-07,FAC004,SKU110,145
MO157SKU111,2025-06-07,FAC004,SKU111,173
MO157SKU112,2025-06-07,FAC003,SKU112,127
MO157SKU113,2025-06-07,FAC006,SKU113,399
MO157SKU114,2025-06-07,FAC004,SKU114,370
MO157SKU115,2025-06-07,FAC002,SKU115,292
MO157SKU116,2025-06-07,FAC001,SKU116,467
MO157SKU117,2025-06-07,FAC004,SKU117,517
MO157SKU118,2025-06-07,FAC003,SKU118,332
MO157SKU119,2025-06-07,FAC004,SKU119,173
MO157SKU120,2025-06-07,FAC003,SKU120,127
MO157SKU121,2025-06-07,FAC002,SKU121,448
MO157SKU122,2025-06-07,FAC005,SKU122,324
MO157SKU123,2025-06-07,FAC002,SKU123,154
MO157SKU124,2025-06-07,FAC001,SKU124,182
MO157SKU125,2025-06-07,FAC001,SKU125,157
MO157SKU126,2025-06-07,FAC005,SKU126,486
MO157SKU127,2025-06-07,FAC004,SKU127,256
MO157SKU128,2025-06-07,FAC004,SKU128,360
MO157SKU129,2025-06-07,FAC001,SKU129,214
MO158SKU100,2025-06-08,FAC001,SKU100,109
MO158SKU101,2025-06-08,FAC001,SKU101,216
MO158SKU102,2025-06-08,FAC003,SKU102,344
MO158SKU103,2025-06-08,FAC005,SKU103,118
MO158SKU104,2025-06-08,FAC006,SKU104,182
MO158SKU105,2025-06-08,FAC002,SKU105,373
MO158SKU106,2025-06-08,FAC002,SKU106,195
MO158SKU107,2025-06-08,FAC005,SKU107,141
MO158SKU108,2025-06-08,FAC002,SKU108,169
MO158SKU109,2025-06-08,FAC004,SKU109,335
MO158SKU110,2025-06-08,FAC006,SKU110,406
MO158SKU111,2025-06-08,FAC006,SKU111,349
MO158SKU112,2025-06-08,FAC004,SKU112,339
MO158SKU113,2025-06-08,FAC005,SKU113,193
MO158SKU114,2025-06-08,FAC002,SKU114,152
MO158SKU115,2025-06-08,FAC004,SKU115,409
MO158SKU116,2025-06-08,FAC004,SKU116,280
MO158SKU117,2025-06-08,FAC006,SKU117,108
MO158SKU118,2025-06-08,FAC004,SKU118,363
MO158SKU119,2025-06-08,FAC001,SKU119,437
MO158SKU120,2025-06-08,FAC004,SKU120,359
MO158SKU121,2025-06-08,FAC004,SKU121,347
MO158SKU122,2025-06-08,FAC001,SKU122,482
MO158SKU123,2025-06-08,FAC005,SKU123,460
MO158SKU124,2025-06-08,FAC002,SKU124,114
MO158SKU125,2025-06-08,FAC003,SKU125,217
MO158SKU126,2025-06-08,FAC004,SKU126,184
MO158SKU127,2025-06-08,FAC003,SKU127,431
MO158SKU128,2025-06-08,FAC006,SKU128,305
MO158SKU129,2025-06-08,FAC006,SKU129,271
MO159SKU100,2025-06-09,FAC001,SKU100,195
MO159SKU101,2025-06-09,FAC005,SKU101,273
MO159SKU102,2025-06-09,FAC005,SKU102,460
MO159SKU103,2025-06-09,FAC006,SKU103,444
MO159SKU104,2025-06-09,FAC006,SKU104,327
MO159SKU105,2025-06-09,FAC003,SKU105,266
MO159SKU106,2025-06-09,FAC005,SKU106,476
MO159SKU107,2025-06-09,FAC003,SKU107,115
MO159SKU108,2025-06-09,FAC005,SKU108,320
MO159SKU109,2025-06-09,FAC001,SKU109,518
MO159SKU110,2025-06-09,FAC003,SKU110,454
MO159SKU111,2025-06-09,FAC005,SKU111,176
MO159SKU112,2025-06-09,FAC002,SKU112,323
MO159SKU113,2025-06-09,FAC002,SKU113,454
MO159SKU114,2025-06-09,FAC004,SKU114,424
MO159SKU115,2025-06-09,FAC001,SKU115,145
MO159SKU116,2025-06-09,FAC004,SKU116,412
MO159SKU117,2025-06-09,FAC004,SKU117,406
MO159SKU118,2025-06-09,FAC005,SKU118,194
MO159SKU119,2025-06-09,FAC006,SKU119,337
MO159SKU120,2025-06-09,FAC002,SKU120,158
MO159SKU121,2025-06-09,FAC004,SKU121,371
MO159SKU122,2025-06-09,FAC005,SKU122,99
MO159SKU123,2025-06-09,FAC004,SKU123,449
MO159SKU124,2025-06-09,FAC002,SKU124,178
MO159SKU125,2025-06-09,FAC001,SKU125,128
MO159SKU126,2025-06-09,FAC004,SKU126,268
MO159SKU127,2025-06-09,FAC006,SKU127,461
MO159SKU128,2025-06-09,FAC006,SKU128,358
MO159SKU129,2025-06-09,FAC005,SKU129,156
MO160SKU100,2025-06-10,FAC006,SKU100,215
MO160SKU101,2025-06-10,FAC006,SKU101,164
MO160SKU102,2025-06-10,FAC002,SKU102,252
MO160SKU103,2025-06-10,FAC005,SKU103,218
MO160SKU104,2025-06-10,FAC002,SKU104,128
MO160SKU105,2025-06-10,FAC003,SKU105,111
MO160SKU106,2025-06-10,FAC006,SKU106,391
MO160SKU107,2025-06-10,FAC003,SKU107,331
MO160SKU108,2025-06-10,FAC002,SKU108,170
MO160SKU109,2025-06-10,FAC006,SKU109,375
MO160SKU110,2025-06-10,FAC006,SKU110,258
MO160SKU111,2025-06-10,FAC005,SKU111,118
MO160SKU112,2025-06-10,FAC003,SKU112,369
MO160SKU113,2025-06-10,FAC004,SKU113,106
MO160SKU114,2025-06-10,FAC005,SKU114,214
MO160SKU115,2025-06-10,FAC004,SKU115,117
MO160SKU116,2025-06-10,FAC003,SKU116,422
MO160SKU117,2025-06-10,FAC006,SKU117,102
MO160SKU118,2025-06-10,FAC005,SKU118,173
MO160SKU119,2025-06-10,FAC001,SKU119,413
MO160SKU120,2025-06-10,FAC002,SKU120,309
MO160SKU121,2025-06-10,FAC006,SKU121,182
MO160SKU122,2025-06-10,FAC001,SKU122,362
MO160SKU123,2025-06-10,FAC003,SKU123,251
MO160SKU124,2025-06-10,FAC001,SKU124,246
MO160SKU125,2025-06-10,FAC002,SKU125,273
MO160SKU126,2025-06-10,FAC002,SKU126,200
MO160SKU127,2025-06-10,FAC005,SKU127,280
MO160SKU128,2025-06-10,FAC004,SKU128,235
MO160SKU129,2025-06-10,FAC005,SKU129,239
MO161SKU100,2025-06-11,FAC002,SKU100,417
MO161SKU101,2025-06-11,FAC003,SKU101,312
MO161SKU102,2025-06-11,FAC005,SKU102,215
MO161SKU103,2025-06-11,FAC002,SKU103,508
MO161SKU104,2025-06-11,FAC005,SKU104,181
MO161SKU105,2025-06-11,FAC004,SKU105,477
MO161SKU106,2025-06-11,FAC005,SKU106,258
MO161SKU107,2025-06-11,FAC004,SKU107,306
MO161SKU108,2025-06-11,FAC002,SKU108,294
MO161SKU109,2025-06-11,FAC005,SKU109,333
MO161SKU110,2025-06-11,FAC003,SKU110,473
MO161SKU111,2025-06-11,FAC005,SKU111,410
MO161SKU112,2025-06-11,FAC003,SKU112,296
MO161SKU113,2025-06-11,FAC003,SKU113,435
MO161SKU114,2025-06-11,FAC005,SKU114,375
MO161SKU115,2025-06-11,FAC006,SKU115,147
MO161SKU116,2025-06-11,FAC001,SKU116,286
MO161SKU117,2025-06-11,FAC003,SKU117,103
MO161SKU118,2025-06-11,FAC006,SKU118,443
MO161SKU119,2025-06-11,FAC002,SKU119,186
MO161SKU120,2025-06-11,FAC001,SKU120,440
MO161SKU121,2025-06-11,FAC001,SKU121,239
MO161SKU122,2025-06-11,FAC004,SKU122,64
MO161SKU123,2025-06-11,FAC006,SKU123,354
MO161SKU124,2025-06-11,FAC006,SKU124,350
MO161SKU125,2025-06-11,FAC005,SKU125,238
MO161SKU126,2025-06-11,FAC005,SKU126,414
MO161SKU127,2025-06-11,FAC004,SKU127,480
MO161SKU128,2025-06-11,FAC002,SKU128,440
MO161SKU129,2025-06-11,FAC004,SKU129,335
MO162SKU100,2025-06-12,FAC002,SKU100,216
MO162SKU101,2025-06-12,FAC001,SKU101,385
MO162SKU102,2025-06-12,FAC001,SKU102,136
MO162SKU103,2025-06-12,FAC006,SKU103,162
MO162SKU104,2025-06-12,FAC001,SKU104,383
MO162SKU105,2025-06-12,FAC001,SKU105,286
MO162SKU106,2025-06-12,FAC004,SKU106,195
MO162SKU107,2025-06-12,FAC004,SKU107,186
MO162SKU108,2025-06-12,FAC004,SKU108,97
MO162SKU109,2025-06-12,FAC006,SKU109,354
MO162SKU110,2025-06-12,FAC003,SKU110,180
MO162SKU111,2025-06-12,FAC006,SKU111,320
MO162SKU112,2025-06-12,FAC004,SKU112,355
MO162SKU113,2025-06-12,FAC005,SKU113,314
MO162SKU114,2025-06-12,FAC005,SKU114,81
MO162SKU115,2025-06-12,FAC006,SKU115,368
MO162SKU116,2025-06-12,FAC006,SKU116,327
MO162SKU117,2025-06-12,FAC004,SKU117,186
MO162SKU118,2025-06-12,FAC006,SKU118,369
MO162SKU119,2025-06-12,FAC002,SKU119,125
MO162SKU120,2025-06-12,FAC002,SKU120,322
MO162SKU121,2025-06-12,FAC002,SKU121,522
MO162SKU122,2025-06-12,FAC002,SKU122,402
MO162SKU123,2025-06-12,FAC002,SKU123,83
MO162SKU124,2025-06-12,FAC005,SKU124,368
MO162SKU125,2025-06-12,FAC002,SKU125,445
MO162SKU126,2025-06-12,FAC003,SKU126,477
MO162SKU127,2025-06-12,FAC003,SKU127,374
MO162SKU128,2025-06-12,FAC002,SKU128,400
MO162SKU129,2025-06-12,FAC003,SKU129,189
MO163SKU100,2025-06-13,FAC001,SKU100,244
MO163SKU101,2025-06-13,FAC003,SKU101,266
MO163SKU102,2025-06-13,FAC004,SKU102,514
MO163SKU103,2025-06-13,FAC002,SKU103,483
MO163SKU104,2025-06-13,FAC005,SKU104,316
MO163SKU105,2025-06-13,FAC002,SKU105,89
MO163SKU106,2025-06-13,FAC003,SKU106,110
MO163SKU107,2025-06-13,FAC004,SKU107,449
MO163SKU108,2025-06-13,FAC006,SKU108,336
MO163SKU109,2025-06-13,FAC003,SKU109,177
MO163SKU110,2025-06-13,FAC005,SKU110,371
MO163SKU111,2025-06-13,FAC006,SKU111,174
MO163SKU112,2025-06-13,FAC003,SKU112,135
MO163SKU113,2025-06-13,FAC001,SKU113,468
MO163SKU114,2025-06-13,FAC001,SKU114,172
MO163SKU115,2025-06-13,FAC005,SKU115,500
MO163SKU116,2025-06-13,FAC005,SKU116,443
MO163SKU117,2025-06-13,FAC004,SKU117,341
MO163SKU118,2025-06-13,FAC006,SKU118,456
MO163SKU119,2025-06-13,FAC006,SKU119,452
MO163SKU120,2025-06-13,FAC006,SKU120,276
MO163SKU121,2025-06-13,FAC001,SKU121,273
MO163SKU122,2025-06-13,FAC003,SKU122,83
MO163SKU123,2025-06-13,FAC005,SKU123,312
MO163SKU124,2025-06-13,FAC001,SKU124,495
MO163SKU125,2025-06-13,FAC002,SKU125,107
MO163SKU126,2025-06-13,FAC001,SKU126,433
MO163SKU127,2025-06-13,FAC005,SKU127,468
MO163SKU128,2025-06-13,FAC005,SKU128,505
MO163SKU129,2025-06-13,FAC001,SKU129,257
MO164SKU100,2025-06-14,FAC001,SKU100,116
MO164SKU101,2025-06-14,FAC002,SKU101,309
MO164SKU102,2025-06-14,FAC002,SKU102,144
MO164SKU103,2025-06-14,FAC004,SKU103,437
MO164SKU104,2025-06-14,FAC002,SKU104,301
MO164SKU105,2025-06-14,FAC006,SKU105,161
MO164SKU106,2025-06-14,FAC004,SKU106,130
MO164SKU107,2025-06-14,FAC002,SKU107,115
MO164SKU108,2025-06-14,FAC001,SKU108,149
MO164SKU109,2025-06-14,FAC006,SKU109,176
MO164SKU110,2025-06-14,FAC002,SKU110,342
MO164SKU111,2025-06-14,FAC002,SKU111,380
MO164SKU112,2025-06-14,FAC004,SKU112,234
MO164SKU113,2025-06-14,FAC001,SKU113,274
MO164SKU114,2025-06-14,FAC006,SKU114,202
MO164SKU115,2025-06-14,FAC001,SKU115,223
MO164SKU116,2025-06-14,FAC002,SKU116,457
MO164SKU117,2025-06-14,FAC005,SKU117,149
MO164SKU118,2025-06-14,FAC002,SKU118,321
MO164SKU119,2025-06-14,FAC005,SKU119,274
MO164SKU120,2025-06-14,FAC002,SKU120,265
MO164SKU121,2025-06-14,FAC001,SKU121,259
MO164SKU122,2025-06-14,FAC003,SKU122,384
MO164SKU123,2025-06-14,FAC001,SKU123,480
MO164SKU124,2025-06-14,FAC001,SKU124,490
MO164SKU125,2025-06-14,FAC005,SKU125,207
MO164SKU126,2025-06-14,FAC006,SKU126,273
MO164SKU127,2025-06-14,FAC001,SKU127,328
MO164SKU128,2025-06-14,FAC003,SKU128,304
MO164SKU129,2025-06-14,FAC005,SKU129,297
MO165SKU100,2025-06-15,FAC005,SKU100,286
MO165SKU101,2025-06-15,FAC004,SKU101,322
MO165SKU102,2025-06-15,FAC005,SKU102,93
MO165SKU103,2025-06-15,FAC001,SKU103,313
MO165SKU104,2025-06-15,FAC001,SKU104,304
MO165SKU105,2025-06-15,FAC003,SKU105,209
MO165SKU106,2025-06-15,FAC001,SKU106,413
MO165SKU107,2025-06-15,FAC002,SKU107,275
MO165SKU108,2025-06-15,FAC001,SKU108,424
MO165SKU109,2025-06-15,FAC003,SKU109,421
MO165SKU110,2025-06-15,FAC001,SKU110,226
MO165SKU111,2025-06-15,FAC004,SKU111,276
MO165SKU112,2025-06-15,FAC006,SKU112,376
MO165SKU113,2025-06-15,FAC003,SKU113,287
MO165SKU114,2025-06-15,FAC005,SKU114,136
MO165SKU115,2025-06-15,FAC003,SKU115,476
MO165SKU116,2025-06-15,FAC002,SKU116,293
MO165SKU117,2025-06-15,FAC002,SKU117,358
MO165SKU118,2025-06-15,FAC004,SKU118,474
MO165SKU119,2025-06-15,FAC001,SKU119,165
MO165SKU120,2025-06-15,FAC005,SKU120,127
MO165SKU121,2025-06-15,FAC006,SKU121,129
MO165SKU122,2025-06-15,FAC001,SKU122,299
MO165SKU123,2025-06-15,FAC001,SKU123,295
MO165SKU124,2025-06-15,FAC001,SKU124,176
MO165SKU125,2025-06-15,FAC006,SKU125,108
MO165SKU126,2025-06-15,FAC002,SKU126,284
MO165SKU127,2025-06-15,FAC001,SKU127,96
MO165SKU128,2025-06-15,FAC001,SKU128,432
MO165SKU129,2025-06-15,FAC004,SKU129,326
MO166SKU100,2025-06-16,FAC002,SKU100,150
MO166SKU101,2025-06-16,FAC002,SKU101,90
MO166SKU102,2025-06-16,FAC006,SKU102,354
MO166SKU103,2025-06-16,FAC004,SKU103,326
MO166SKU104,2025-06-16,FAC002,SKU104,196
MO166SKU105,2025-06-16,FAC002,SKU105,389
MO166SKU106,2025-06-16,FAC002,SKU106,509
MO166SKU107,2025-06-16,FAC004,SKU107,325
MO166SKU108,2025-06-16,FAC004,SKU108,217
MO166SKU109,2025-06-16,FAC005,SKU109,140
MO166SKU110,2025-06-16,FAC002,SKU110,372
MO166SKU111,2025-06-16,FAC001,SKU111,320
MO166SKU112,2025-06-16,FAC001,SKU112,285
MO166SKU113,2025-06-16,FAC001,SKU113,277
MO166SKU114,2025-06-16,FAC001,SKU114,122
MO166SKU115,2025-06-16,FAC004,SKU115,368
MO166SKU116,2025-06-16,FAC006,SKU116,230
MO166SKU117,2025-06-16,FAC005,SKU117,243
MO166SKU118,2025-06-16,FAC006,SKU118,378
MO166SKU119,2025-06-16,FAC006,SKU119,487
MO166SKU120,2025-06-16,FAC001,SKU120,436
MO166SKU121,2025-06-16,FAC006,SKU121,191
MO166SKU122,2025-06-16,FAC001,SKU122,238
MO166SKU123,2025-06-16,FAC001,SKU123,423
MO166SKU124,2025-06-16,FAC005,SKU124,413
MO166SKU125,2025-06-16,FAC004,SKU125,364
MO166SKU126,2025-06-16,FAC004,SKU126,410
MO166SKU127,2025-06-16,FAC002,SKU127,203
MO166SKU128,2025-06-16,FAC001,SKU128,414
MO166SKU129,2025-06-16,FAC005,SKU129,319
MO167SKU100,2025-06-17,FAC004,SKU100,160
MO167SKU101,2025-06-17,FAC005,SKU101,209
MO167SKU102,2025-06-17,FAC005,SKU102,398
MO167SKU103,2025-06-17,FAC004,SKU103,169
MO167SKU104,2025-06-17,FAC003,SKU104,77
MO167SKU105,2025-06-17,FAC006,SKU105,288
MO167SKU106,2025-06-17,FAC001,SKU106,105
MO167SKU107,2025-06-17,FAC005,SKU107,349
MO167SKU108,2025-06-17,FAC004,SKU108,150
MO167SKU109,2025-06-17,FAC006,SKU109,142
MO167SKU110,2025-06-17,FAC006,SKU110,398
MO167SKU111,2025-06-17,FAC005,SKU111,168
MO167SKU112,2025-06-17,FAC003,SKU112,512
MO167SKU113,2025-06-17,FAC005,SKU113,451
MO167SKU114,2025-06-17,FAC005,SKU114,392
MO167SKU115,2025-06-17,FAC001,SKU115,163
MO167SKU116,2025-06-17,FAC005,SKU116,103
MO167SKU117,2025-06-17,FAC003,SKU117,439
MO167SKU118,2025-06-17,FAC001,SKU118,432
MO167SKU119,2025-06-17,FAC003,SKU119,298
MO167SKU120,2025-06-17,FAC001,SKU120,158
MO167SKU121,2025-06-17,FAC006,SKU121,301
MO167SKU122,2025-06-17,FAC004,SKU122,211
MO167SKU123,2025-06-17,FAC001,SKU123,285
MO167SKU124,2025-06-17,FAC001,SKU124,164
MO167SKU125,2025-06-17,FAC004,SKU125,356
MO167SKU126,2025-06-17,FAC002,SKU126,355
MO167SKU127,2025-06-17,FAC001,SKU127,175
MO167SKU128,2025-06-17,FAC006,SKU128,406
MO167SKU129,2025-06-17,FAC005,SKU129,160
MO168SKU100,2025-06-18,FAC003,SKU100,210
MO168SKU101,2025-06-18,FAC001,SKU101,475
MO168SKU102,2025-06-18,FAC003,SKU102,384
MO168SKU103,2025-06-18,FAC005,SKU103,123
MO168SKU104,2025-06-18,FAC003,SKU104,230
MO168SKU105,2025-06-18,FAC005,SKU105,487
MO168SKU106,2025-06-18,FAC003,SKU106,236
MO168SKU107,2025-06-18,FAC005,SKU107,509
MO168SKU108,2025-06-18,FAC006,SKU108,497
MO168SKU109,2025-06-18,FAC001,SKU109,209
MO168SKU110,2025-06-18,FAC006,SKU110,409
MO168SKU111,2025-06-18,FAC004,SKU111,228
MO168SKU112,2025-06-18,FAC003,SKU112,398
MO168SKU113,2025-06-18,FAC003,SKU113,401
MO168SKU114,2025-06-18,FAC001,SKU114,349
MO168SKU115,2025-06-18,FAC003,SKU115,71
MO168SKU116,2025-06-18,FAC003,SKU116,294
MO168SKU117,2025-06-18,FAC006,SKU117,475
MO168SKU118,2025-06-18,FAC002,SKU118,200
MO168SKU119,2025-06-18,FAC002,SKU119,334
MO168SKU120,2025-06-18,FAC006,SKU120,365
MO168SKU121,2025-06-18,FAC004,SKU121,184
MO168SKU122,2025-06-18,FAC002,SKU122,240
MO168SKU123,2025-06-18,FAC005,SKU123,333
MO168SKU124,2025-06-18,FAC001,SKU124,282
MO168SKU125,2025-06-18,FAC001,SKU125,250
MO168SKU126,2025-06-18,FAC002,SKU126,469
MO168SKU127,2025-06-18,FAC005,SKU127,438
MO168SKU128,2025-06-18,FAC002,SKU128,522
MO168SKU129,2025-06-18,FAC002,SKU129,298
MO169SKU100,2025-06-19,FAC003,SKU100,192
MO169SKU101,2025-06-19,FAC003,SKU101,221
MO169SKU102,2025-06-19,FAC003,SKU102,416
MO169SKU103,2025-06-19,FAC006,SKU103,94
MO169SKU104,2025-06-19,FAC005,SKU104,226
MO169SKU105,2025-06-19,FAC004,SKU105,313
MO169SKU106,2025-06-19,FAC006,SKU106,443
MO169SKU107,2025-06-19,FAC006,SKU107,471
MO169SKU108,2025-06-19,FAC005,SKU108,404
MO169SKU109,2025-06-19,FAC006,SKU109,81
MO169SKU110,2025-06-19,FAC005,SKU110,274
MO169SKU111,2025-06-19,FAC004,SKU111,126
MO169SKU112,2025-06-19,FAC001,SKU112,321
MO169SKU113,2025-06-19,FAC005,SKU113,186
MO169SKU114,2025-06-19,FAC003,SKU114,295
MO169SKU115,2025-06-19,FAC005,SKU115,315
MO169SKU116,2025-06-19,FAC006,SKU116,509
MO169SKU117,2025-06-19,FAC005,SKU117,290
MO169SKU118,2025-06-19,FAC004,SKU118,255
MO169SKU119,2025-06-19,FAC001,SKU119,239
MO169SKU120,2025-06-19,FAC003,SKU120,285
MO169SKU121,2025-06-19,FAC001,SKU121,436
MO169SKU122,2025-06-19,FAC006,SKU122,140
MO169SKU123,2025-06-19,FAC004,SKU123,112
MO169SKU124,2025-06-19,FAC004,SKU124,242
MO169SKU125,2025-06-19,FAC001,SKU125,419
MO169SKU126,2025-06-19,FAC006,SKU126,348
MO169SKU127,2025-06-19,FAC005,SKU127,125
MO169SKU128,2025-06-19,FAC004,SKU128,458
MO169SKU129,2025-06-19,FAC004,SKU129,320
MO170SKU100,2025-06-20,FAC005,SKU100,510
MO170SKU101,2025-06-20,FAC003,SKU101,246
MO170SKU102,2025-06-20,FAC006,SKU102,307
MO170SKU103,2025-06-20,FAC006,SKU103,255
MO170SKU104,2025-06-20,FAC004,SKU104,376
MO170SKU105,2025-06-20,FAC004,SKU105,286
MO170SKU106,2025-06-20,FAC003,SKU106,162
MO170SKU107,2025-06-20,FAC004,SKU107,324
MO170SKU108,2025-06-20,FAC001,SKU108,322
MO170SKU109,2025-06-20,FAC003,SKU109,339
MO170SKU110,2025-06-20,FAC002,SKU110,273
MO170SKU111,2025-06-20,FAC001,SKU111,346
MO170SKU112,2025-06-20,FAC003,SKU112,142
MO170SKU113,2025-06-20,FAC004,SKU113,519
MO170SKU114,2025-06-20,FAC002,SKU114,175
MO170SKU115,2025-06-20,FAC003,SKU115,277
MO170SKU116,2025-06-20,FAC003,SKU116,153
MO170SKU117,2025-06-20,FAC001,SKU117,371
MO170SKU118,2025-06-20,FAC004,SKU118,425
MO170SKU119,2025-06-20,FAC002,SKU119,173
MO170SKU120,2025-06-20,FAC004,SKU120,179
MO170SKU121,2025-06-20,FAC004,SKU121,323
MO170SKU122,2025-06-20,FAC003,SKU122,304
MO170SKU123,2025-06-20,FAC001,SKU123,99
MO170SKU124,2025-06-20,FAC001,SKU124,155
MO170SKU125,2025-06-20,FAC005,SKU125,302
MO170SKU126,2025-06-20,FAC005,SKU126,228
MO170SKU127,2025-06-20,FAC001,SKU127,306
MO170SKU128,2025-06-20,FAC004,SKU128,371
MO170SKU129,2025-06-20,FAC004,SKU129,369
MO171SKU100,2025-06-21,FAC004,SKU100,148
MO171SKU101,2025-06-21,FAC002,SKU101,138
MO171SKU102,2025-06-21,FAC002,SKU102,211
MO171SKU103,2025-06-21,FAC003,SKU103,462
MO171SKU104,2025-06-21,FAC005,SKU104,326
MO171SKU105,2025-06-21,FAC005,SKU105,260
MO171SKU106,2025-06-21,FAC006,SKU106,306
MO171SKU107,2025-06-21,FAC005,SKU107,259
MO171SKU108,2025-06-21,FAC006,SKU108,253
MO171SKU109,2025-06-21,FAC005,SKU109,435
MO171SKU110,2025-06-21,FAC003,SKU110,192
MO171SKU111,2025-06-21,FAC004,SKU111,92
MO171SKU112,2025-06-21,FAC003,SKU112,257
MO171SKU113,2025-06-21,FAC002,SKU113,354
MO171SKU114,2025-06-21,FAC001,SKU114,167
MO171SKU115,2025-06-21,FAC002,SKU115,190
MO171SKU116,2025-06-21,FAC003,SKU116,474
MO171SKU117,2025-06-21,FAC006,SKU117,381
MO171SKU118,2025-06-21,FAC005,SKU118,357
MO171SKU119,2025-06-21,FAC004,SKU119,505
MO171SKU120,2025-06-21,FAC002,SKU120,471
MO171SKU121,2025-06-21,FAC006,SKU121,443
MO171SKU122,2025-06-21,FAC002,SKU122,441
MO171SKU123,2025-06-21,FAC005,SKU123,192
MO171SKU124,2025-06-21,FAC001,SKU124,311
MO171SKU125,2025-06-21,FAC001,SKU125,344
MO171SKU126,2025-06-21,FAC001,SKU126,375
MO171SKU127,2025-06-21,FAC002,SKU127,513
MO171SKU128,2025-06-21,FAC006,SKU128,121
MO171SKU129,2025-06-21,FAC005,SKU129,209
MO172SKU100,2025-06-22,FAC004,SKU100,351
MO172SKU101,2025-06-22,FAC005,SKU101,359
MO172SKU102,2025-06-22,FAC003,SKU102,105
MO172SKU103,2025-06-22,FAC006,SKU103,225
MO172SKU104,2025-06-22,FAC001,SKU104,245
MO172SKU105,2025-06-22,FAC005,SKU105,388
MO172SKU106,2025-06-22,FAC004,SKU106,283
MO172SKU107,2025-06-22,FAC006,SKU107,427
MO172SKU108,2025-06-22,FAC006,SKU108,385
MO172SKU109,2025-06-22,FAC006,SKU109,435
MO172SKU110,2025-06-22,FAC005,SKU110,231
MO172SKU111,2025-06-22,FAC005,SKU111,167
MO172SKU112,2025-06-22,FAC005,SKU112,445
MO172SKU113,2025-06-22,FAC005,SKU113,294
MO172SKU114,2025-06-22,FAC005,SKU114,309
MO172SKU115,2025-06-22,FAC006,SKU115,495
MO172SKU116,2025-06-22,FAC003,SKU116,121
MO172SKU117,2025-06-22,FAC004,SKU117,362
MO172SKU118,2025-06-22,FAC006,SKU118,208
MO172SKU119,2025-06-22,FAC001,SKU119,240
MO172SKU120,2025-06-22,FAC005,SKU120,139
MO172SKU121,2025-06-22,FAC006,SKU121,458
MO172SKU122,2025-06-22,FAC002,SKU122,202
MO172SKU123,2025-06-22,FAC005,SKU123,373
MO172SKU124,2025-06-22,FAC002,SKU124,179
MO172SKU125,2025-06-22,FAC001,SKU125,506
MO172SKU126,2025-06-22,FAC001,SKU126,422
MO172SKU127,2025-06-22,FAC005,SKU127,491
MO172SKU128,2025-06-22,FAC005,SKU128,207
MO172SKU129,2025-06-22,FAC005,SKU129,144
MO173SKU100,2025-06-23,FAC004,SKU100,264
MO173SKU101,2025-06-23,FAC005,SKU101,136
MO173SKU102,2025-06-23,FAC005,SKU102,441
MO173SKU103,2025-06-23,FAC006,SKU103,494
MO173SKU104,2025-06-23,FAC001,SKU104,174
MO173SKU105,2025-06-23,FAC004,SKU105,261
MO173SKU106,2025-06-23,FAC006,SKU106,122
MO173SKU107,2025-06-23,FAC003,SKU107,384
MO173SKU108,2025-06-23,FAC001,SKU108,221
MO173SKU109,2025-06-23,FAC004,SKU109,338
MO173SKU110,2025-06-23,FAC005,SKU110,316
MO173SKU111,2025-06-23,FAC003,SKU111,156
MO173SKU112,2025-06-23,FAC006,SKU112,411
MO173SKU113,2025-06-23,FAC002,SKU113,156
MO173SKU114,2025-06-23,FAC004,SKU114,508
MO173SKU115,2025-06-23,FAC002,SKU115,444
MO173SKU116,2025-06-23,FAC003,SKU116,309
MO173SKU117,2025-06-23,FAC005,SKU117,252
MO173SKU118,2025-06-23,FAC003,SKU118,285
MO173SKU119,2025-06-23,FAC004,SKU119,469
MO173SKU120,2025-06-23,FAC003,SKU120,407
MO173SKU121,2025-06-23,FAC006,SKU121,122
MO173SKU122,2025-06-23,FAC001,SKU122,294
MO173SKU123,2025-06-23,FAC002,SKU123,124
MO173SKU124,2025-06-23,FAC005,SKU124,80
MO173SKU125,2025-06-23,FAC005,SKU125,128
MO173SKU126,2025-06-23,FAC001,SKU126,488
MO173SKU127,2025-06-23,FAC005,SKU127,422
MO173SKU128,2025-06-23,FAC005,SKU128,171
MO173SKU129,2025-06-23,FAC004,SKU129,244
MO174SKU100,2025-06-24,FAC006,SKU100,343
MO174SKU101,2025-06-24,FAC005,SKU101,392
MO174SKU102,2025-06-24,FAC005,SKU102,273
MO174SKU103,2025-06-24,FAC001,SKU103,188
MO174SKU104,2025-06-24,FAC001,SKU104,336
MO174SKU105,2025-06-24,FAC001,SKU105,424
MO174SKU106,2025-06-24,FAC006,SKU106,152
MO174SKU107,2025-06-24,FAC006,SKU107,276
MO174SKU108,2025-06-24,FAC002,SKU108,379
MO174SKU109,2025-06-24,FAC001,SKU109,102
MO174SKU110,2025-06-24,FAC005,SKU110,85
MO174SKU111,2025-06-24,FAC004,SKU111,154
MO174SKU112,2025-06-24,FAC001,SKU112,260
MO174SKU113,2025-06-24,FAC006,SKU113,314
MO174SKU114,2025-06-24,FAC004,SKU114,421
MO174SKU115,2025-06-24,FAC001,SKU115,263
MO174SKU116,2025-06-24,FAC006,SKU116,372
MO174SKU117,2025-06-24,FAC005,SKU117,179
MO174SKU118,2025-06-24,FAC002,SKU118,390
MO174SKU119,2025-06-24,FAC002,SKU119,234
MO174SKU120,2025-06-24,FAC005,SKU120,308
MO174SKU121,2025-06-24,FAC006,SKU121,346
MO174SKU122,2025-06-24,FAC003,SKU122,212
MO174SKU123,2025-06-24,FAC005,SKU123,149
MO174SKU124,2025-06-24,FAC004,SKU124,461
MO174SKU125,2025-06-24,FAC005,SKU125,91
MO174SKU126,2025-06-24,FAC002,SKU126,69
MO174SKU127,2025-06-24,FAC001,SKU127,292
MO174SKU128,2025-06-24,FAC006,SKU128,357
MO174SKU129,2025-06-24,FAC002,SKU129,151
MO175SKU100,2025-06-25,FAC003,SKU100,429
MO175SKU101,2025-06-25,FAC005,SKU101,130
MO175SKU102,2025-06-25,FAC002,SKU102,522
MO175SKU103,2025-06-25,FAC002,SKU103,199
MO175SKU104,2025-06-25,FAC001,SKU104,153
MO175SKU105,2025-06-25,FAC003,SKU105,337
MO175SKU106,2025-06-25,FAC003,SKU106,366
MO175SKU107,2025-06-25,FAC001,SKU107,352
MO175SKU108,2025-06-25,FAC001,SKU108,158
MO175SKU109,2025-06-25,FAC001,SKU109,203
MO175SKU110,2025-06-25,FAC002,SKU110,423
MO175SKU111,2025-06-25,FAC001,SKU111,148
MO175SKU112,2025-06-25,FAC004,SKU112,248
MO175SKU113,2025-06-25,FAC002,SKU113,482
MO175SKU114,2025-06-25,FAC004,SKU114,113
MO175SKU115,2025-06-25,FAC001,SKU115,250
MO175SKU116,2025-06-25,FAC006,SKU116,196
MO175SKU117,2025-06-25,FAC003,SKU117,353
MO175SKU118,2025-06-25,FAC003,SKU118,438
MO175SKU119,2025-06-25,FAC005,SKU119,508
MO175SKU120,2025-06-25,FAC005,SKU120,335
MO175SKU121,2025-06-25,FAC004,SKU121,191
MO175SKU122,2025-06-25,FAC003,SKU122,157
MO175SKU123,2025-06-25,FAC006,SKU123,457
MO175SKU124,2025-06-25,FAC005,SKU124,438
MO175SKU125,2025-06-25,FAC002,SKU125,183
MO175SKU126,2025-06-25,FAC001,SKU126,232
MO175SKU127,2025-06-25,FAC001,SKU127,456
MO175SKU128,2025-06-25,FAC002,SKU128,214
MO175SKU129,2025-06-25,FAC005,SKU129,481
MO176SKU100,2025-06-26,FAC003,SKU100,124
MO176SKU101,2025-06-26,FAC004,SKU101,310
MO176SKU102,2025-06-26,FAC002,SKU102,204
MO176SKU103,2025-06-26,FAC005,SKU103,220
MO176SKU104,2025-06-26,FAC002,SKU104,179
MO176SKU105,2025-06-26,FAC006,SKU105,523
MO176SKU106,2025-06-26,FAC002,SKU106,246
MO176SKU107,2025-06-26,FAC001,SKU107,112
MO176SKU108,2025-06-26,FAC003,SKU108,522
MO176SKU109,2025-06-26,FAC004,SKU109,124
MO176SKU110,2025-06-26,FAC003,SKU110,256
MO176SKU111,2025-06-26,FAC002,SKU111,187
MO176SKU112,2025-06-26,FAC005,SKU112,123
MO176SKU113,2025-06-26,FAC003,SKU113,236
MO176SKU114,2025-06-26,FAC006,SKU114,100
MO176SKU115,2025-06-26,FAC005,SKU115,440
MO176SKU116,2025-06-26,FAC001,SKU116,185
MO176SKU117,2025-06-26,FAC004,SKU117,302
MO176SKU118,2025-06-26,FAC001,SKU118,376
MO176SKU119,2025-06-26,FAC006,SKU119,288
MO176SKU120,2025-06-26,FAC001,SKU120,330
MO176SKU121,2025-06-26,FAC006,SKU121,420
MO176SKU122,2025-06-26,FAC003,SKU122,325
MO176SKU123,2025-06-26,FAC003,SKU123,223
MO176SKU124,2025-06-26,FAC001,SKU124,159
MO176SKU125,2025-06-26,FAC002,SKU125,130
MO176SKU126,2025-06-26,FAC005,SKU126,242
MO176SKU127,2025-06-26,FAC004,SKU127,138
MO176SKU128,2025-06-26,FAC001,SKU128,480
MO176SKU129,2025-06-26,FAC002,SKU129,278
MO177SKU100,2025-06-27,FAC002,SKU100,449
MO177SKU101,2025-06-27,FAC003,SKU101,409
MO177SKU102,2025-06-27,FAC003,SKU102,481
MO177SKU103,2025-06-27,FAC006,SKU103,122
MO177SKU104,2025-06-27,FAC004,SKU104,111
MO177SKU105,2025-06-27,FAC003,SKU105,455
MO177SKU106,2025-06-27,FAC006,SKU106,486
MO177SKU107,2025-06-27,FAC003,SKU107,378
MO177SKU108,2025-06-27,FAC002,SKU108,151
MO177SKU109,2025-06-27,FAC006,SKU109,131
MO177SKU110,2025-06-27,FAC005,SKU110,224
MO177SKU111,2025-06-27,FAC001,SKU111,394
MO177SKU112,2025-06-27,FAC005,SKU112,433
MO177SKU113,2025-06-27,FAC003,SKU113,171
MO177SKU114,2025-06-27,FAC003,SKU114,492
MO177SKU115,2025-06-27,FAC001,SKU115,373
MO177SKU116,2025-06-27,FAC001,SKU116,284
MO177SKU117,2025-06-27,FAC005,SKU117,309
MO177SKU118,2025-06-27,FAC005,SKU118,416
MO177SKU119,2025-06-27,FAC005,SKU119,364
MO177SKU120,2025-06-27,FAC003,SKU120,429
MO177SKU121,2025-06-27,FAC002,SKU121,488
MO177SKU122,2025-06-27,FAC006,SKU122,324
MO177SKU123,2025-06-27,FAC002,SKU123,468
MO177SKU124,2025-06-27,FAC003,SKU124,178
MO177SKU125,2025-06-27,FAC003,SKU125,412
MO177SKU126,2025-06-27,FAC004,SKU126,206
MO177SKU127,2025-06-27,FAC002,SKU127,315
MO177SKU128,2025-06-27,FAC002,SKU128,267
MO177SKU129,2025-06-27,FAC001,SKU129,269
MO178SKU100,2025-06-28,FAC006,SKU100,447
MO178SKU101,2025-06-28,FAC002,SKU101,155
MO178SKU102,2025-06-28,FAC001,SKU102,229
MO178SKU103,2025-06-28,FAC005,SKU103,439
MO178SKU104,2025-06-28,FAC004,SKU104,442
MO178SKU105,2025-06-28,FAC002,SKU105,406
MO178SKU106,2025-06-28,FAC005,SKU106,421
MO178SKU107,2025-06-28,FAC002,SKU107,271
MO178SKU108,2025-06-28,FAC001,SKU108,142
MO178SKU109,2025-06-28,FAC002,SKU109,306
MO178SKU110,2025-06-28,FAC001,SKU110,147
MO178SKU111,2025-06-28,FAC004,SKU111,428
MO178SKU112,2025-06-28,FAC005,SKU112,481
MO178SKU113,2025-06-28,FAC004,SKU113,484
MO178SKU114,2025-06-28,FAC001,SKU114,359
MO178SKU115,2025-06-28,FAC004,SKU115,382
MO178SKU116,2025-06-28,FAC002,SKU116,198
MO178SKU117,2025-06-28,FAC002,SKU117,234
MO178SKU118,2025-06-28,FAC002,SKU118,93
MO178SKU119,2025-06-28,FAC002,SKU119,253
MO178SKU120,2025-06-28,FAC004,SKU120,246
MO178SKU121,2025-06-28,FAC002,SKU121,72
MO178SKU122,2025-06-28,FAC003,SKU122,340
MO178SKU123,2025-06-28,FAC005,SKU123,142
MO178SKU124,2025-06-28,FAC006,SKU124,162
MO178SKU125,2025-06-28,FAC005,SKU125,156
MO178SKU126,2025-06-28,FAC003,SKU126,456
MO178SKU127,2025-06-28,FAC005,SKU127,364
MO178SKU128,2025-06-28,FAC006,SKU128,333
MO178SKU129,2025-06-28,FAC001,SKU129,398
MO179SKU100,2025-06-29,FAC001,SKU100,300
MO179SKU101,2025-06-29,FAC003,SKU101,143
MO179SKU102,2025-06-29,FAC006,SKU102,219
MO179SKU103,2025-06-29,FAC004,SKU103,208
MO179SKU104,2025-06-29,FAC005,SKU104,169
MO179SKU105,2025-06-29,FAC003,SKU105,169
MO179SKU106,2025-06-29,FAC006,SKU106,225
MO179SKU107,2025-06-29,FAC006,SKU107,371
MO179SKU108,2025-06-29,FAC001,SKU108,315
MO179SKU109,2025-06-29,FAC003,SKU109,376
MO179SKU110,2025-06-29,FAC002,SKU110,133
MO179SKU111,2025-06-29,FAC001,SKU111,415
MO179SKU112,2025-06-29,FAC004,SKU112,122
MO179SKU113,2025-06-29,FAC002,SKU113,454
MO179SKU114,2025-06-29,FAC006,SKU114,450
MO179SKU115,2025-06-29,FAC003,SKU115,129
MO179SKU116,2025-06-29,FAC006,SKU116,368
MO179SKU117,2025-06-29,FAC006,SKU117,451
MO179SKU118,2025-06-29,FAC006,SKU118,79
MO179SKU119,2025-06-29,FAC006,SKU119,129
MO179SKU120,2025-06-29,FAC002,SKU120,144
MO179SKU121,2025-06-29,FAC003,SKU121,481
MO179SKU122,2025-06-29,FAC001,SKU122,140
MO179SKU123,2025-06-29,FAC001,SKU123,307
MO179SKU124,2025-06-29,FAC005,SKU124,462
MO179SKU125,2025-06-29,FAC001,SKU125,299
MO179SKU126,2025-06-29,FAC001,SKU126,232
MO179SKU127,2025-06-29,FAC005,SKU127,103
MO179SKU128,2025-06-29,FAC003,SKU128,310
MO179SKU129,2025-06-29,FAC005,SKU129,373
MO180SKU100,2025-06-30,FAC005,SKU100,371
MO180SKU101,2025-06-30,FAC001,SKU101,137
MO180SKU102,2025-06-30,FAC006,SKU102,220
MO180SKU103,2025-06-30,FAC005,SKU103,504
MO180SKU104,2025-06-30,FAC005,SKU104,265
MO180SKU105,2025-06-30,FAC001,SKU105,496
MO180SKU106,2025-06-30,FAC001,SKU106,332
MO180SKU107,2025-06-30,FAC003,SKU107,320
MO180SKU108,2025-06-30,FAC004,SKU108,302
MO180SKU109,2025-06-30,FAC001,SKU109,469
MO180SKU110,2025-06-30,FAC002,SKU110,184
MO180SKU111,2025-06-30,FAC004,SKU111,375
MO180SKU112,2025-06-30,FAC005,SKU112,263
MO180SKU113,2025-06-30,FAC003,SKU113,477
MO180SKU114,2025-06-30,FAC004,SKU114,420
MO180SKU115,2025-06-30,FAC005,SKU115,209
MO180SKU116,2025-06-30,FAC005,SKU116,182
MO180SKU117,2025-06-30,FAC006,SKU117,274
MO180SKU118,2025-06-30,FAC002,SKU118,260
MO180SKU119,2025-06-30,FAC004,SKU119,202
MO180SKU120,2025-06-30,FAC002,SKU120,136
MO180SKU121,2025-06-30,FAC006,SKU121,178
MO180SKU122,2025-06-30,FAC006,SKU122,473
MO180SKU123,2025-06-30,FAC006,SKU123,425
MO180SKU124,2025-06-30,FAC005,SKU124,151
MO180SKU125,2025-06-30,FAC004,SKU125,140
MO180SKU126,2025-06-30,FAC005,SKU126,370
MO180SKU127,2025-06-30,FAC004,SKU127,447
MO180SKU128,2025-06-30,FAC003,SKU128,445
MO180SKU129,2025-06-30,FAC006,SKU129,518
MO181SKU100,2025-07-01,FAC005,SKU100,416
MO181SKU101,2025-07-01,FAC002,SKU101,235
MO181SKU102,2025-07-01,FAC006,SKU102,492
MO181SKU103,2025-07-01,FAC003,SKU103,153
MO181SKU104,2025-07-01,FAC004,SKU104,403
MO181SKU105,2025-07-01,FAC003,SKU105,274
MO181SKU106,2025-07-01,FAC004,SKU106,357
MO181SKU107,2025-07-01,FAC003,SKU107,444
MO181SKU108,2025-07-01,FAC004,SKU108,266
MO181SKU109,2025-07-01,FAC003,SKU109,470
MO181SKU110,2025-07-01,FAC006,SKU110,476
MO181SKU111,2025-07-01,FAC002,SKU111,189
MO181SKU112,2025-07-01,FAC003,SKU112,274
MO181SKU113,2025-07-01,FAC005,SKU113,306
MO181SKU114,2025-07-01,FAC001,SKU114,344
MO181SKU115,2025-07-01,FAC002,SKU115,171
MO181SKU116,2025-07-01,FAC003,SKU116,151
MO181SKU117,2025-07-01,FAC001,SKU117,370
MO181SKU118,2025-07-01,FAC005,SKU118,288
MO181SKU119,2025-07-01,FAC003,SKU119,227
MO181SKU120,2025-07-01,FAC002,SKU120,469
MO181SKU121,2025-07-01,FAC005,SKU121,486
MO181SKU122,2025-07-01,FAC004,SKU122,274
MO181SKU123,2025-07-01,FAC002,SKU123,117
MO181SKU124,2025-07-01,FAC003,SKU124,300
MO181SKU125,2025-07-01,FAC006,SKU125,219
MO181SKU126,2025-07-01,FAC004,SKU126,127
MO181SKU127,2025-07-01,FAC006,SKU127,492
MO181SKU128,2025-07-01,FAC002,SKU128,408
MO181SKU129,2025-07-01,FAC004,SKU129,517
MO182SKU100,2025-07-02,FAC006,SKU100,121
MO182SKU101,2025-07-02,FAC005,SKU101,174
MO182SKU102,2025-07-02,FAC002,SKU102,301
MO182SKU103,2025-07-02,FAC006,SKU103,156
MO182SKU104,2025-07-02,FAC005,SKU104,305
MO182SKU105,2025-07-02,FAC003,SKU105,274
MO182SKU106,2025-07-02,FAC002,SKU106,423
MO182SKU107,2025-07-02,FAC003,SKU107,335
MO182SKU108,2025-07-02,FAC006,SKU108,439
MO182SKU109,2025-07-02,FAC002,SKU109,125
MO182SKU110,2025-07-02,FAC006,SKU110,144
MO182SKU111,2025-07-02,FAC003,SKU111,470
MO182SKU112,2025-07-02,FAC002,SKU112,496
MO182SKU113,2025-07-02,FAC002,SKU113,323
MO182SKU114,2025-07-02,FAC003,SKU114,306
MO182SKU115,2025-07-02,FAC001,SKU115,163
MO182SKU116,2025-07-02,FAC006,SKU116,254
MO182SKU117,2025-07-02,FAC006,SKU117,127
MO182SKU118,2025-07-02,FAC004,SKU118,301
MO182SKU119,2025-07-02,FAC003,SKU119,354
MO182SKU120,2025-07-02,FAC001,SKU120,394
MO182SKU121,2025-07-02,FAC004,SKU121,126
MO182SKU122,2025-07-02,FAC002,SKU122,413
MO182SKU123,2025-07-02,FAC004,SKU123,260
MO182SKU124,2025-07-02,FAC001,SKU124,197
MO182SKU125,2025-07-02,FAC005,SKU125,258
MO182SKU126,2025-07-02,FAC002,SKU126,513
MO182SKU127,2025-07-02,FAC006,SKU127,307
MO182SKU128,2025-07-02,FAC002,SKU128,162
MO182SKU129,2025-07-02,FAC002,SKU129,101
MO183SKU100,2025-07-03,FAC005,SKU100,450
MO183SKU101,2025-07-03,FAC002,SKU101,406
MO183SKU102,2025-07-03,FAC006,SKU102,195
MO183SKU103,2025-07-03,FAC006,SKU103,516
MO183SKU104,2025-07-03,FAC005,SKU104,195
MO183SKU105,2025-07-03,FAC003,SKU105,203
MO183SKU106,2025-07-03,FAC002,SKU106,352
MO183SKU107,2025-07-03,FAC002,SKU107,268
MO183SKU108,2025-07-03,FAC003,SKU108,280
MO183SKU109,2025-07-03,FAC001,SKU109,335
MO183SKU110,2025-07-03,FAC002,SKU110,319
MO183SKU111,2025-07-03,FAC001,SKU111,418
MO183SKU112,2025-07-03,FAC002,SKU112,342
MO183SKU113,2025-07-03,FAC004,SKU113,86
MO183SKU114,2025-07-03,FAC003,SKU114,180
MO183SKU115,2025-07-03,FAC005,SKU115,386
MO183SKU116,2025-07-03,FAC002,SKU116,391
MO183SKU117,2025-07-03,FAC004,SKU117,147
MO183SKU118,2025-07-03,FAC004,SKU118,525
MO183SKU119,2025-07-03,FAC005,SKU119,477
MO183SKU120,2025-07-03,FAC004,SKU120,204
MO183SKU121,2025-07-03,FAC003,SKU121,234
MO183SKU122,2025-07-03,FAC002,SKU122,178
MO183SKU123,2025-07-03,FAC002,SKU123,196
MO183SKU124,2025-07-03,FAC006,SKU124,430
MO183SKU125,2025-07-03,FAC003,SKU125,455
MO183SKU126,2025-07-03,FAC006,SKU126,291
MO183SKU127,2025-07-03,FAC006,SKU127,491
MO183SKU128,2025-07-03,FAC006,SKU128,455
MO183SKU129,2025-07-03,FAC003,SKU129,179
MO184SKU100,2025-07-04,FAC004,SKU100,375
MO184SKU101,2025-07-04,FAC001,SKU101,518
MO184SKU102,2025-07-04,FAC006,SKU102,200
MO184SKU103,2025-07-04,FAC003,SKU103,226
MO184SKU104,2025-07-04,FAC003,SKU104,131
MO184SKU105,2025-07-04,FAC001,SKU105,80
MO184SKU106,2025-07-04,FAC004,SKU106,498
MO184SKU107,2025-07-04,FAC003,SKU107,131
MO184SKU108,2025-07-04,FAC006,SKU108,294
MO184SKU109,2025-07-04,FAC001,SKU109,416
MO184SKU110,2025-07-04,FAC004,SKU110,436
MO184SKU111,2025-07-04,FAC005,SKU111,249
MO184SKU112,2025-07-04,FAC006,SKU112,511
MO184SKU113,2025-07-04,FAC004,SKU113,140
MO184SKU114,2025-07-04,FAC005,SKU114,246
MO184SKU115,2025-07-04,FAC004,SKU115,421
MO184SKU116,2025-07-04,FAC006,SKU116,73
MO184SKU117,2025-07-04,FAC005,SKU117,368
MO184SKU118,2025-07-04,FAC005,SKU118,393
MO184SKU119,2025-07-04,FAC001,SKU119,273
MO184SKU120,2025-07-04,FAC002,SKU120,472
MO184SKU121,2025-07-04,FAC002,SKU121,231
MO184SKU122,2025-07-04,FAC006,SKU122,98
MO184SKU123,2025-07-04,FAC006,SKU123,114
MO184SKU124,2025-07-04,FAC002,SKU124,172
MO184SKU125,2025-07-04,FAC004,SKU125,241
MO184SKU126,2025-07-04,FAC005,SKU126,413
MO184SKU127,2025-07-04,FAC001,SKU127,427
MO184SKU128,2025-07-04,FAC001,SKU128,337
MO184SKU129,2025-07-04,FAC004,SKU129,292
MO185SKU100,2025-07-05,FAC006,SKU100,299
MO185SKU101,2025-07-05,FAC006,SKU101,202
MO185SKU102,2025-07-05,FAC002,SKU102,424
MO185SKU103,2025-07-05,FAC004,SKU103,389
MO185SKU104,2025-07-05,FAC005,SKU104,261
MO185SKU105,2025-07-05,FAC006,SKU105,452
MO185SKU106,2025-07-05,FAC002,SKU106,155
MO185SKU107,2025-07-05,FAC001,SKU107,163
MO185SKU108,2025-07-05,FAC004,SKU108,123
MO185SKU109,2025-07-05,FAC003,SKU109,289
MO185SKU110,2025-07-05,FAC003,SKU110,417
MO185SKU111,2025-07-05,FAC001,SKU111,71
MO185SKU112,2025-07-05,FAC004,SKU112,300
MO185SKU113,2025-07-05,FAC006,SKU113,264
MO185SKU114,2025-07-05,FAC003,SKU114,318
MO185SKU115,2025-07-05,FAC003,SKU115,345
MO185SKU116,2025-07-05,FAC002,SKU116,129
MO185SKU117,2025-07-05,FAC001,SKU117,253
MO185SKU118,2025-07-05,FAC004,SKU118,244
MO185SKU119,2025-07-05,FAC002,SKU119,270
MO185SKU120,2025-07-05,FAC006,SKU120,185
MO185SKU121,2025-07-05,FAC005,SKU121,210
MO185SKU122,2025-07-05,FAC001,SKU122,353
MO185SKU123,2025-07-05,FAC003,SKU123,393
MO185SKU124,2025-07-05,FAC002,SKU124,371
MO185SKU125,2025-07-05,FAC003,SKU125,202
MO185SKU126,2025-07-05,FAC002,SKU126,321
MO185SKU127,2025-07-05,FAC005,SKU127,249
MO185SKU128,2025-07-05,FAC002,SKU128,323
MO185SKU129,2025-07-05,FAC001,SKU129,267
MO186SKU100,2025-07-06,FAC003,SKU100,254
MO186SKU101,2025-07-06,FAC003,SKU101,230
MO186SKU102,2025-07-06,FAC005,SKU102,159
MO186SKU103,2025-07-06,FAC002,SKU103,238
MO186SKU104,2025-07-06,FAC003,SKU104,438
MO186SKU105,2025-07-06,FAC002,SKU105,392
MO186SKU106,2025-07-06,FAC003,SKU106,199
MO186SKU107,2025-07-06,FAC006,SKU107,373
MO186SKU108,2025-07-06,FAC002,SKU108,350
MO186SKU109,2025-07-06,FAC004,SKU109,371
MO186SKU110,2025-07-06,FAC006,SKU110,428
MO186SKU111,2025-07-06,FAC006,SKU111,223
MO186SKU112,2025-07-06,FAC005,SKU112,369
MO186SKU113,2025-07-06,FAC002,SKU113,204
MO186SKU114,2025-07-06,FAC005,SKU114,92
MO186SKU115,2025-07-06,FAC002,SKU115,133
MO186SKU116,2025-07-06,FAC004,SKU116,325
MO186SKU117,2025-07-06,FAC005,SKU117,236
MO186SKU118,2025-07-06,FAC006,SKU118,208
MO186SKU119,2025-07-06,FAC004,SKU119,322
MO186SKU120,2025-07-06,FAC002,SKU120,361
MO186SKU121,2025-07-06,FAC003,SKU121,202
MO186SKU122,2025-07-06,FAC003,SKU122,374
MO186SKU123,2025-07-06,FAC005,SKU123,106
MO186SKU124,2025-07-06,FAC001,SKU124,359
MO186SKU125,2025-07-06,FAC001,SKU125,445
MO186SKU126,2025-07-06,FAC006,SKU126,513
MO186SKU127,2025-07-06,FAC004,SKU127,351
MO186SKU128,2025-07-06,FAC005,SKU128,267
MO186SKU129,2025-07-06,FAC003,SKU129,197
MO187SKU100,2025-07-07,FAC004,SKU100,430
MO187SKU101,2025-07-07,FAC005,SKU101,138
MO187SKU102,2025-07-07,FAC002,SKU102,267
MO187SKU103,2025-07-07,FAC004,SKU103,163
MO187SKU104,2025-07-07,FAC001,SKU104,457
MO187SKU105,2025-07-07,FAC004,SKU105,205
MO187SKU106,2025-07-07,FAC002,SKU106,194
MO187SKU107,2025-07-07,FAC002,SKU107,157
MO187SKU108,2025-07-07,FAC004,SKU108,322
MO187SKU109,2025-07-07,FAC006,SKU109,464
MO187SKU110,2025-07-07,FAC001,SKU110,462
MO187SKU111,2025-07-07,FAC006,SKU111,362
MO187SKU112,2025-07-07,FAC002,SKU112,459
MO187SKU113,2025-07-07,FAC005,SKU113,206
MO187SKU114,2025-07-07,FAC006,SKU114,143
MO187SKU115,2025-07-07,FAC004,SKU115,419
MO187SKU116,2025-07-07,FAC003,SKU116,218
MO187SKU117,2025-07-07,FAC003,SKU117,82
MO187SKU118,2025-07-07,FAC003,SKU118,199
MO187SKU119,2025-07-07,FAC005,SKU119,123
MO187SKU120,2025-07-07,FAC003,SKU120,214
MO187SKU121,2025-07-07,FAC006,SKU121,344
MO187SKU122,2025-07-07,FAC002,SKU122,457
MO187SKU123,2025-07-07,FAC002,SKU123,201
MO187SKU124,2025-07-07,FAC002,SKU124,467
MO187SKU125,2025-07-07,FAC005,SKU125,134
MO187SKU126,2025-07-07,FAC001,SKU126,184
MO187SKU127,2025-07-07,FAC003,SKU127,97
MO187SKU128,2025-07-07,FAC006,SKU128,343
MO187SKU129,2025-07-07,FAC004,SKU129,172
MO188SKU100,2025-07-08,FAC001,SKU100,393
MO188SKU101,2025-07-08,FAC006,SKU101,185
MO188SKU102,2025-07-08,FAC004,SKU102,354
MO188SKU103,2025-07-08,FAC003,SKU103,225
MO188SKU104,2025-07-08,FAC002,SKU104,499
MO188SKU105,2025-07-08,FAC005,SKU105,262
MO188SKU106,2025-07-08,FAC001,SKU106,444
MO188SKU107,2025-07-08,FAC002,SKU107,334
MO188SKU108,2025-07-08,FAC001,SKU108,524
MO188SKU109,2025-07-08,FAC006,SKU109,277
MO188SKU110,2025-07-08,FAC005,SKU110,221
MO188SKU111,2025-07-08,FAC001,SKU111,486
MO188SKU112,2025-07-08,FAC006,SKU112,334
MO188SKU113,2025-07-08,FAC004,SKU113,230
MO188SKU114,2025-07-08,FAC005,SKU114,437
MO188SKU115,2025-07-08,FAC001,SKU115,177
MO188SKU116,2025-07-08,FAC002,SKU116,278
MO188SKU117,2025-07-08,FAC006,SKU117,315
MO188SKU118,2025-07-08,FAC005,SKU118,437
MO188SKU119,2025-07-08,FAC003,SKU119,130
MO188SKU120,2025-07-08,FAC005,SKU120,130
MO188SKU121,2025-07-08,FAC004,SKU121,460
MO188SKU122,2025-07-08,FAC003,SKU122,391
MO188SKU123,2025-07-08,FAC002,SKU123,379
MO188SKU124,2025-07-08,FAC006,SKU124,198
MO188SKU125,2025-07-08,FAC001,SKU125,341
MO188SKU126,2025-07-08,FAC001,SKU126,160
MO188SKU127,2025-07-08,FAC004,SKU127,116
MO188SKU128,2025-07-08,FAC003,SKU128,125
MO188SKU129,2025-07-08,FAC006,SKU129,382
MO189SKU100,2025-07-09,FAC005,SKU100,435
MO189SKU101,2025-07-09,FAC001,SKU101,467
MO189SKU102,2025-07-09,FAC002,SKU102,169
MO189SKU103,2025-07-09,FAC006,SKU103,328
MO189SKU104,2025-07-09,FAC004,SKU104,198
MO189SKU105,2025-07-09,FAC003,SKU105,152
MO189SKU106,2025-07-09,FAC002,SKU106,157
MO189SKU107,2025-07-09,FAC003,SKU107,444
MO189SKU108,2025-07-09,FAC002,SKU108,448
MO189SKU109,2025-07-09,FAC001,SKU109,203
MO189SKU110,2025-07-09,FAC002,SKU110,354
MO189SKU111,2025-07-09,FAC001,SKU111,229
MO189SKU112,2025-07-09,FAC004,SKU112,349
MO189SKU113,2025-07-09,FAC003,SKU113,366
MO189SKU114,2025-07-09,FAC002,SKU114,198
MO189SKU115,2025-07-09,FAC004,SKU115,300
MO189SKU116,2025-07-09,FAC001,SKU116,358
MO189SKU117,2025-07-09,FAC002,SKU117,502
MO189SKU118,2025-07-09,FAC003,SKU118,448
MO189SKU119,2025-07-09,FAC004,SKU119,446
MO189SKU120,2025-07-09,FAC002,SKU120,444
MO189SKU121,2025-07-09,FAC004,SKU121,380
MO189SKU122,2025-07-09,FAC004,SKU122,227
MO189SKU123,2025-07-09,FAC002,SKU123,281
MO189SKU124,2025-07-09,FAC001,SKU124,269
MO189SKU125,2025-07-09,FAC003,SKU125,135
MO189SKU126,2025-07-09,FAC005,SKU126,110
MO189SKU127,2025-07-09,FAC005,SKU127,120
MO189SKU128,2025-07-09,FAC003,SKU128,147
MO189SKU129,2025-07-09,FAC004,SKU129,109
MO190SKU100,2025-07-10,FAC002,SKU100,402
MO190SKU101,2025-07-10,FAC003,SKU101,322
MO190SKU102,2025-07-10,FAC001,SKU102,233
MO190SKU103,2025-07-10,FAC001,SKU103,414
MO190SKU104,2025-07-10,FAC002,SKU104,205
MO190SKU105,2025-07-10,FAC001,SKU105,337
MO190SKU106,2025-07-10,FAC002,SKU106,244
MO190SKU107,2025-07-10,FAC006,SKU107,145
MO190SKU108,2025-07-10,FAC001,SKU108,210
MO190SKU109,2025-07-10,FAC003,SKU109,195
MO190SKU110,2025-07-10,FAC001,SKU110,256
MO190SKU111,2025-07-10,FAC004,SKU111,284
MO190SKU112,2025-07-10,FAC004,SKU112,292
MO190SKU113,2025-07-10,FAC005,SKU113,71
MO190SKU114,2025-07-10,FAC005,SKU114,365
MO190SKU115,2025-07-10,FAC003,SKU115,137
MO190SKU116,2025-07-10,FAC006,SKU116,128
MO190SKU117,2025-07-10,FAC002,SKU117,117
MO190SKU118,2025-07-10,FAC004,SKU118,345
MO190SKU119,2025-07-10,FAC002,SKU119,439
MO190SKU120,2025-07-10,FAC006,SKU120,244
MO190SKU121,2025-07-10,FAC004,SKU121,433
MO190SKU122,2025-07-10,FAC001,SKU122,257
MO190SKU123,2025-07-10,FAC002,SKU123,300
MO190SKU124,2025-07-10,FAC005,SKU124,406
MO190SKU125,2025-07-10,FAC002,SKU125,437
MO190SKU126,2025-07-10,FAC001,SKU126,117
MO190SKU127,2025-07-10,FAC003,SKU127,423
MO190SKU128,2025-07-10,FAC002,SKU128,423
MO190SKU129,2025-07-10,FAC004,SKU129,177
MO191SKU100,2025-07-11,FAC001,SKU100,119
MO191SKU101,2025-07-11,FAC004,SKU101,198
MO191SKU102,2025-07-11,FAC006,SKU102,80
MO191SKU103,2025-07-11,FAC001,SKU103,443
MO191SKU104,2025-07-11,FAC005,SKU104,181
MO191SKU105,2025-07-11,FAC002,SKU105,214
MO191SKU106,2025-07-11,FAC006,SKU106,111
MO191SKU107,2025-07-11,FAC003,SKU107,242
MO191SKU108,2025-07-11,FAC005,SKU108,376
MO191SKU109,2025-07-11,FAC005,SKU109,104
MO191SKU110,2025-07-11,FAC005,SKU110,152
MO191SKU111,2025-07-11,FAC005,SKU111,400
MO191SKU112,2025-07-11,FAC005,SKU112,134
MO191SKU113,2025-07-11,FAC004,SKU113,329
MO191SKU114,2025-07-11,FAC002,SKU114,294
MO191SKU115,2025-07-11,FAC002,SKU115,400
MO191SKU116,2025-07-11,FAC004,SKU116,359
MO191SKU117,2025-07-11,FAC002,SKU117,477
MO191SKU118,2025-07-11,FAC006,SKU118,482
MO191SKU119,2025-07-11,FAC001,SKU119,374
MO191SKU120,2025-07-11,FAC004,SKU120,394
MO191SKU121,2025-07-11,FAC002,SKU121,290
MO191SKU122,2025-07-11,FAC001,SKU122,342
MO191SKU123,2025-07-11,FAC006,SKU123,130
MO191SKU124,2025-07-11,FAC002,SKU124,510
MO191SKU125,2025-07-11,FAC006,SKU125,405
MO191SKU126,2025-07-11,FAC002,SKU126,342
MO191SKU127,2025-07-11,FAC005,SKU127,201
MO191SKU128,2025-07-11,FAC003,SKU128,137
MO191SKU129,2025-07-11,FAC006,SKU129,452
MO192SKU100,2025-07-12,FAC005,SKU100,406
MO192SKU101,2025-07-12,FAC005,SKU101,313
MO192SKU102,2025-07-12,FAC005,SKU102,142
MO192SKU103,2025-07-12,FAC006,SKU103,371
MO192SKU104,2025-07-12,FAC003,SKU104,379
MO192SKU105,2025-07-12,FAC006,SKU105,315
MO192SKU106,2025-07-12,FAC002,SKU106,470
MO192SKU107,2025-07-12,FAC006,SKU107,312
MO192SKU108,2025-07-12,FAC002,SKU108,303
MO192SKU109,2025-07-12,FAC001,SKU109,249
MO192SKU110,2025-07-12,FAC003,SKU110,264
MO192SKU111,2025-07-12,FAC002,SKU111,340
MO192SKU112,2025-07-12,FAC003,SKU112,268
MO192SKU113,2025-07-12,FAC001,SKU113,330
MO192SKU114,2025-07-12,FAC002,SKU114,324
MO192SKU115,2025-07-12,FAC003,SKU115,411
MO192SKU116,2025-07-12,FAC005,SKU116,329
MO192SKU117,2025-07-12,FAC003,SKU117,280
MO192SKU118,2025-07-12,FAC005,SKU118,476
MO192SKU119,2025-07-12,FAC001,SKU119,343
MO192SKU120,2025-07-12,FAC003,SKU120,503
MO192SKU121,2025-07-12,FAC005,SKU121,430
MO192SKU122,2025-07-12,FAC005,SKU122,429
MO192SKU123,2025-07-12,FAC005,SKU123,279
MO192SKU124,2025-07-12,FAC005,SKU124,524
MO192SKU125,2025-07-12,FAC004,SKU125,229
MO192SKU126,2025-07-12,FAC005,SKU126,267
MO192SKU127,2025-07-12,FAC004,SKU127,428
MO192SKU128,2025-07-12,FAC005,SKU128,363
MO192SKU129,2025-07-12,FAC005,SKU129,288
MO193SKU100,2025-07-13,FAC004,SKU100,145
MO193SKU101,2025-07-13,FAC005,SKU101,301
MO193SKU102,2025-07-13,FAC005,SKU102,102
MO193SKU103,2025-07-13,FAC003,SKU103,220
MO193SKU104,2025-07-13,FAC002,SKU104,326
MO193SKU105,2025-07-13,FAC005,SKU105,379
MO193SKU106,2025-07-13,FAC001,SKU106,178
MO193SKU107,2025-07-13,FAC005,SKU107,342
MO193SKU108,2025-07-13,FAC006,SKU108,211
MO193SKU109,2025-07-13,FAC006,SKU109,200
MO193SKU110,2025-07-13,FAC002,SKU110,343
MO193SKU111,2025-07-13,FAC004,SKU111,186
MO193SKU112,2025-07-13,FAC001,SKU112,249
MO193SKU113,2025-07-13,FAC003,SKU113,214
MO193SKU114,2025-07-13,FAC004,SKU114,265
MO193SKU115,2025-07-13,FAC005,SKU115,385
MO193SKU116,2025-07-13,FAC003,SKU116,414
MO193SKU117,2025-07-13,FAC003,SKU117,258
MO193SKU118,2025-07-13,FAC004,SKU118,383
MO193SKU119,2025-07-13,FAC003,SKU119,427
MO193SKU120,2025-07-13,FAC005,SKU120,337
MO193SKU121,2025-07-13,FAC001,SKU121,346
MO193SKU122,2025-07-13,FAC002,SKU122,146
MO193SKU123,2025-07-13,FAC001,SKU123,396
MO193SKU124,2025-07-13,FAC004,SKU124,406
MO193SKU125,2025-07-13,FAC002,SKU125,429
MO193SKU126,2025-07-13,FAC003,SKU126,219
MO193SKU127,2025-07-13,FAC001,SKU127,392
MO193SKU128,2025-07-13,FAC003,SKU128,334
MO193SKU129,2025-07-13,FAC004,SKU129,398
MO194SKU100,2025-07-14,FAC004,SKU100,179
MO194SKU101,2025-07-14,FAC002,SKU101,158
MO194SKU102,2025-07-14,FAC002,SKU102,384
MO194SKU103,2025-07-14,FAC003,SKU103,413
MO194SKU104,2025-07-14,FAC004,SKU104,485
MO194SKU105,2025-07-14,FAC003,SKU105,339
MO194SKU106,2025-07-14,FAC003,SKU106,230
MO194SKU107,2025-07-14,FAC004,SKU107,385
MO194SKU108,2025-07-14,FAC002,SKU108,181
MO194SKU109,2025-07-14,FAC004,SKU109,228
MO194SKU110,2025-07-14,FAC003,SKU110,122
MO194SKU111,2025-07-14,FAC001,SKU111,443
MO194SKU112,2025-07-14,FAC005,SKU112,422
MO194SKU113,2025-07-14,FAC004,SKU113,69
MO194SKU114,2025-07-14,FAC001,SKU114,456
MO194SKU115,2025-07-14,FAC004,SKU115,109
MO194SKU116,2025-07-14,FAC006,SKU116,487
MO194SKU117,2025-07-14,FAC003,SKU117,347
MO194SKU118,2025-07-14,FAC002,SKU118,427
MO194SKU119,2025-07-14,FAC006,SKU119,280
MO194SKU120,2025-07-14,FAC002,SKU120,235
MO194SKU121,2025-07-14,FAC002,SKU121,402
MO194SKU122,2025-07-14,FAC003,SKU122,243
MO194SKU123,2025-07-14,FAC005,SKU123,287
MO194SKU124,2025-07-14,FAC001,SKU124,338
MO194SKU125,2025-07-14,FAC001,SKU125,127
MO194SKU126,2025-07-14,FAC003,SKU126,424
MO194SKU127,2025-07-14,FAC004,SKU127,126
MO194SKU128,2025-07-14,FAC003,SKU128,237
MO194SKU129,2025-07-14,FAC002,SKU129,188
MO195SKU100,2025-07-15,FAC004,SKU100,110
MO195SKU101,2025-07-15,FAC002,SKU101,340
MO195SKU102,2025-07-15,FAC001,SKU102,386
MO195SKU103,2025-07-15,FAC002,SKU103,478
MO195SKU104,2025-07-15,FAC005,SKU104,400
MO195SKU105,2025-07-15,FAC005,SKU105,308
MO195SKU106,2025-07-15,FAC002,SKU106,370
MO195SKU107,2025-07-15,FAC002,SKU107,375
MO195SKU108,2025-07-15,FAC001,SKU108,356
MO195SKU109,2025-07-15,FAC003,SKU109,387
MO195SKU110,2025-07-15,FAC001,SKU110,120
MO195SKU111,2025-07-15,FAC003,SKU111,467
MO195SKU112,2025-07-15,FAC003,SKU112,444
MO195SKU113,2025-07-15,FAC005,SKU113,178
MO195SKU114,2025-07-15,FAC001,SKU114,133
MO195SKU115,2025-07-15,FAC002,SKU115,295
MO195SKU116,2025-07-15,FAC004,SKU116,207
MO195SKU117,2025-07-15,FAC006,SKU117,460
MO195SKU118,2025-07-15,FAC004,SKU118,180
MO195SKU119,2025-07-15,FAC002,SKU119,106
MO195SKU120,2025-07-15,FAC005,SKU120,514
MO195SKU121,2025-07-15,FAC004,SKU121,394
MO195SKU122,2025-07-15,FAC003,SKU122,469
MO195SKU123,2025-07-15,FAC005,SKU123,422
MO195SKU124,2025-07-15,FAC001,SKU124,77
MO195SKU125,2025-07-15,FAC003,SKU125,362
MO195SKU126,2025-07-15,FAC005,SKU126,233
MO195SKU127,2025-07-15,FAC006,SKU127,224
MO195SKU128,2025-07-15,FAC006,SKU128,239
MO195SKU129,2025-07-15,FAC006,SKU129,369
MO196SKU100,2025-07-16,FAC003,SKU100,399
MO196SKU101,2025-07-16,FAC003,SKU101,496
MO196SKU102,2025-07-16,FAC005,SKU102,431
MO196SKU103,2025-07-16,FAC005,SKU103,328
MO196SKU104,2025-07-16,FAC004,SKU104,198
MO196SKU105,2025-07-16,FAC005,SKU105,396
MO196SKU106,2025-07-16,FAC006,SKU106,451
MO196SKU107,2025-07-16,FAC003,SKU107,130
MO196SKU108,2025-07-16,FAC005,SKU108,394
MO196SKU109,2025-07-16,FAC004,SKU109,291
MO196SKU110,2025-07-16,FAC005,SKU110,247
MO196SKU111,2025-07-16,FAC001,SKU111,244
MO196SKU112,2025-07-16,FAC002,SKU112,223
MO196SKU113,2025-07-16,FAC002,SKU113,347
MO196SKU114,2025-07-16,FAC001,SKU114,265
MO196SKU115,2025-07-16,FAC006,SKU115,154
MO196SKU116,2025-07-16,FAC003,SKU116,215
MO196SKU117,2025-07-16,FAC001,SKU117,331
MO196SKU118,2025-07-16,FAC005,SKU118,132
MO196SKU119,2025-07-16,FAC003,SKU119,371
MO196SKU120,2025-07-16,FAC001,SKU120,112
MO196SKU121,2025-07-16,FAC006,SKU121,503
MO196SKU122,2025-07-16,FAC001,SKU122,410
MO196SKU123,2025-07-16,FAC003,SKU123,319
MO196SKU124,2025-07-16,FAC004,SKU124,194
MO196SKU125,2025-07-16,FAC002,SKU125,328
MO196SKU126,2025-07-16,FAC006,SKU126,517
MO196SKU127,2025-07-16,FAC005,SKU127,430
MO196SKU128,2025-07-16,FAC006,SKU128,473
MO196SKU129,2025-07-16,FAC006,SKU129,463
MO197SKU100,2025-07-17,FAC003,SKU100,239
MO197SKU101,2025-07-17,FAC004,SKU101,124
MO197SKU102,2025-07-17,FAC005,SKU102,373
MO197SKU103,2025-07-17,FAC005,SKU103,378
MO197SKU104,2025-07-17,FAC003,SKU104,125
MO197SKU105,2025-07-17,FAC006,SKU105,158
MO197SKU106,2025-07-17,FAC003,SKU106,224
MO197SKU107,2025-07-17,FAC005,SKU107,447
MO197SKU108,2025-07-17,FAC004,SKU108,173
MO197SKU109,2025-07-17,FAC006,SKU109,307
MO197SKU110,2025-07-17,FAC004,SKU110,356
MO197SKU111,2025-07-17,FAC002,SKU111,236
MO197SKU112,2025-07-17,FAC001,SKU112,416
MO197SKU113,2025-07-17,FAC004,SKU113,235
MO197SKU114,2025-07-17,FAC003,SKU114,275
MO197SKU115,2025-07-17,FAC006,SKU115,421
MO197SKU116,2025-07-17,FAC002,SKU116,294
MO197SKU117,2025-07-17,FAC003,SKU117,331
MO197SKU118,2025-07-17,FAC001,SKU118,488
MO197SKU119,2025-07-17,FAC006,SKU119,247
MO197SKU120,2025-07-17,FAC005,SKU120,139
MO197SKU121,2025-07-17,FAC002,SKU121,211
MO197SKU122,2025-07-17,FAC005,SKU122,112
MO197SKU123,2025-07-17,FAC006,SKU123,299
MO197SKU124,2025-07-17,FAC002,SKU124,287
MO197SKU125,2025-07-17,FAC004,SKU125,201
MO197SKU126,2025-07-17,FAC006,SKU126,233
MO197SKU127,2025-07-17,FAC001,SKU127,310
MO197SKU128,2025-07-17,FAC003,SKU128,456
MO197SKU129,2025-07-17,FAC006,SKU129,222
MO198SKU100,2025-07-18,FAC004,SKU100,317
MO198SKU101,2025-07-18,FAC003,SKU101,360
MO198SKU102,2025-07-18,FAC004,SKU102,199
MO198SKU103,2025-07-18,FAC002,SKU103,367
MO198SKU104,2025-07-18,FAC001,SKU104,258
MO198SKU105,2025-07-18,FAC001,SKU105,296
MO198SKU106,2025-07-18,FAC006,SKU106,361
MO198SKU107,2025-07-18,FAC006,SKU107,441
MO198SKU108,2025-07-18,FAC002,SKU108,93
MO198SKU109,2025-07-18,FAC003,SKU109,394
MO198SKU110,2025-07-18,FAC003,SKU110,429
MO198SKU111,2025-07-18,FAC003,SKU111,230
MO198SKU112,2025-07-18,FAC003,SKU112,455
MO198SKU113,2025-07-18,FAC002,SKU113,497
MO198SKU114,2025-07-18,FAC003,SKU114,367
MO198SKU115,2025-07-18,FAC004,SKU115,211
MO198SKU116,2025-07-18,FAC001,SKU116,393
MO198SKU117,2025-07-18,FAC003,SKU117,163
MO198SKU118,2025-07-18,FAC001,SKU118,441
MO198SKU119,2025-07-18,FAC005,SKU119,248
MO198SKU120,2025-07-18,FAC001,SKU120,481
MO198SKU121,2025-07-18,FAC004,SKU121,340
MO198SKU122,2025-07-18,FAC005,SKU122,407
MO198SKU123,2025-07-18,FAC004,SKU123,452
MO198SKU124,2025-07-18,FAC001,SKU124,502
MO198SKU125,2025-07-18,FAC006,SKU125,188
MO198SKU126,2025-07-18,FAC001,SKU126,429
MO198SKU127,2025-07-18,FAC006,SKU127,293
MO198SKU128,2025-07-18,FAC002,SKU128,308
MO198SKU129,2025-07-18,FAC003,SKU129,141
MO199SKU100,2025-07-19,FAC003,SKU100,132
MO199SKU101,2025-07-19,FAC006,SKU101,101
MO199SKU102,2025-07-19,FAC006,SKU102,430
MO199SKU103,2025-07-19,FAC002,SKU103,128
MO199SKU104,2025-07-19,FAC002,SKU104,303
MO199SKU105,2025-07-19,FAC001,SKU105,381
MO199SKU106,2025-07-19,FAC003,SKU106,313
MO199SKU107,2025-07-19,FAC002,SKU107,432
MO199SKU108,2025-07-19,FAC004,SKU108,202
MO199SKU109,2025-07-19,FAC005,SKU109,390
MO199SKU110,2025-07-19,FAC003,SKU110,192
MO199SKU111,2025-07-19,FAC002,SKU111,365
MO199SKU112,2025-07-19,FAC004,SKU112,304
MO199SKU113,2025-07-19,FAC002,SKU113,230
MO199SKU114,2025-07-19,FAC006,SKU114,108
MO199SKU115,2025-07-19,FAC004,SKU115,410
MO199SKU116,2025-07-19,FAC005,SKU116,118
MO199SKU117,2025-07-19,FAC004,SKU117,111
MO199SKU118,2025-07-19,FAC004,SKU118,293
MO199SKU119,2025-07-19,FAC002,SKU119,119
MO199SKU120,2025-07-19,FAC006,SKU120,274
MO199SKU121,2025-07-19,FAC002,SKU121,137
MO199SKU122,2025-07-19,FAC003,SKU122,126
MO199SKU123,2025-07-19,FAC004,SKU123,511
MO199SKU124,2025-07-19,FAC003,SKU124,141
MO199SKU125,2025-07-19,FAC005,SKU125,270
MO199SKU126,2025-07-19,FAC004,SKU126,103
MO199SKU127,2025-07-19,FAC001,SKU127,251
MO199SKU128,2025-07-19,FAC005,SKU128,184
MO199SKU129,2025-07-19,FAC002,SKU129,112
MO200SKU100,2025-07-20,FAC006,SKU100,325
MO200SKU101,2025-07-20,FAC001,SKU101,314
MO200SKU102,2025-07-20,FAC003,SKU102,526
MO200SKU103,2025-07-20,FAC006,SKU103,449
MO200SKU104,2025-07-20,FAC004,SKU104,472
MO200SKU105,2025-07-20,FAC001,SKU105,381
MO200SKU106,2025-07-20,FAC003,SKU106,78
MO200SKU107,2025-07-20,FAC002,SKU107,320
MO200SKU108,2025-07-20,FAC003,SKU108,229
MO200SKU109,2025-07-20,FAC002,SKU109,473
MO200SKU110,2025-07-20,FAC006,SKU110,269
MO200SKU111,2025-07-20,FAC002,SKU111,80
MO200SKU112,2025-07-20,FAC001,SKU112,369
MO200SKU113,2025-07-20,FAC006,SKU113,481
MO200SKU114,2025-07-20,FAC003,SKU114,115
MO200SKU115,2025-07-20,FAC004,SKU115,344
MO200SKU116,2025-07-20,FAC001,SKU116,165
MO200SKU117,2025-07-20,FAC006,SKU117,445
MO200SKU118,2025-07-20,FAC002,SKU118,299
MO200SKU119,2025-07-20,FAC001,SKU119,167
MO200SKU120,2025-07-20,FAC003,SKU120,344
MO200SKU121,2025-07-20,FAC006,SKU121,353
MO200SKU122,2025-07-20,FAC006,SKU122,220
MO200SKU123,2025-07-20,FAC001,SKU123,383
MO200SKU124,2025-07-20,FAC001,SKU124,114
MO200SKU125,2025-07-20,FAC005,SKU125,438
MO200SKU126,2025-07-20,FAC004,SKU126,140
MO200SKU127,2025-07-20,FAC006,SKU127,285
MO200SKU128,2025-07-20,FAC005,SKU128,491
MO200SKU129,2025-07-20,FAC005,SKU129,298
MO201SKU100,2025-07-21,FAC002,SKU100,100
MO201SKU101,2025-07-21,FAC001,SKU101,516
MO201SKU102,2025-07-21,FAC004,SKU102,134
MO201SKU103,2025-07-21,FAC002,SKU103,382
MO201SKU104,2025-07-21,FAC001,SKU104,308
MO201SKU105,2025-07-21,FAC005,SKU105,411
MO201SKU106,2025-07-21,FAC002,SKU106,478
MO201SKU107,2025-07-21,FAC006,SKU107,379
MO201SKU108,2025-07-21,FAC002,SKU108,178
MO201SKU109,2025-07-21,FAC004,SKU109,353
MO201SKU110,2025-07-21,FAC001,SKU110,321
MO201SKU111,2025-07-21,FAC005,SKU111,173
MO201SKU112,2025-07-21,FAC004,SKU112,281
MO201SKU113,2025-07-21,FAC001,SKU113,145
MO201SKU114,2025-07-21,FAC002,SKU114,140
MO201SKU115,2025-07-21,FAC006,SKU115,441
MO201SKU116,2025-07-21,FAC003,SKU116,67
MO201SKU117,2025-07-21,FAC001,SKU117,169
MO201SKU118,2025-07-21,FAC005,SKU118,94
MO201SKU119,2025-07-21,FAC006,SKU119,232
MO201SKU120,2025-07-21,FAC005,SKU120,273
MO201SKU121,2025-07-21,FAC005,SKU121,406
MO201SKU122,2025-07-21,FAC005,SKU122,357
MO201SKU123,2025-07-21,FAC004,SKU123,173
MO201SKU124,2025-07-21,FAC001,SKU124,85
MO201SKU125,2025-07-21,FAC006,SKU125,359
MO201SKU126,2025-07-21,FAC006,SKU126,511
MO201SKU127,2025-07-21,FAC006,SKU127,216
MO201SKU128,2025-07-21,FAC005,SKU128,403
MO201SKU129,2025-07-21,FAC005,SKU129,297
MO202SKU100,2025-07-22,FAC002,SKU100,228
MO202SKU101,2025-07-22,FAC006,SKU101,173
MO202SKU102,2025-07-22,FAC001,SKU102,244
MO202SKU103,2025-07-22,FAC001,SKU103,129
MO202SKU104,2025-07-22,FAC005,SKU104,148
MO202SKU105,2025-07-22,FAC003,SKU105,281
MO202SKU106,2025-07-22,FAC003,SKU106,141
MO202SKU107,2025-07-22,FAC003,SKU107,120
MO202SKU108,2025-07-22,FAC003,SKU108,413
MO202SKU109,2025-07-22,FAC003,SKU109,251
MO202SKU110,2025-07-22,FAC003,SKU110,294
MO202SKU111,2025-07-22,FAC003,SKU111,372
MO202SKU112,2025-07-22,FAC003,SKU112,412
MO202SKU113,2025-07-22,FAC002,SKU113,312
MO202SKU114,2025-07-22,FAC005,SKU114,95
MO202SKU115,2025-07-22,FAC006,SKU115,197
MO202SKU116,2025-07-22,FAC005,SKU116,532
MO202SKU117,2025-07-22,FAC002,SKU117,164
MO202SKU118,2025-07-22,FAC005,SKU118,158
MO202SKU119,2025-07-22,FAC003,SKU119,365
MO202SKU120,2025-07-22,FAC004,SKU120,145
MO202SKU121,2025-07-22,FAC005,SKU121,133
MO202SKU122,2025-07-22,FAC006,SKU122,115
MO202SKU123,2025-07-22,FAC003,SKU123,169
MO202SKU124,2025-07-22,FAC002,SKU124,218
MO202SKU125,2025-07-22,FAC004,SKU125,174
MO202SKU126,2025-07-22,FAC002,SKU126,103
MO202SKU127,2025-07-22,FAC005,SKU127,168
MO202SKU128,2025-07-22,FAC003,SKU128,137
MO202SKU129,2025-07-22,FAC004,SKU129,401
MO203SKU100,2025-07-23,FAC001,SKU100,198
MO203SKU101,2025-07-23,FAC002,SKU101,136
MO203SKU102,2025-07-23,FAC001,SKU102,138
MO203SKU103,2025-07-23,FAC002,SKU103,442
MO203SKU104,2025-07-23,FAC006,SKU104,152
MO203SKU105,2025-07-23,FAC002,SKU105,96
MO203SKU106,2025-07-23,FAC005,SKU106,440
MO203SKU107,2025-07-23,FAC006,SKU107,278
MO203SKU108,2025-07-23,FAC002,SKU108,334
MO203SKU109,2025-07-23,FAC003,SKU109,474
MO203SKU110,2025-07-23,FAC003,SKU110,296
MO203SKU111,2025-07-23,FAC004,SKU111,176
MO203SKU112,2025-07-23,FAC003,SKU112,196
MO203SKU113,2025-07-23,FAC001,SKU113,93
MO203SKU114,2025-07-23,FAC004,SKU114,227
MO203SKU115,2025-07-23,FAC002,SKU115,486
MO203SKU116,2025-07-23,FAC002,SKU116,234
MO203SKU117,2025-07-23,FAC004,SKU117,185
MO203SKU118,2025-07-23,FAC005,SKU118,321
MO203SKU119,2025-07-23,FAC001,SKU119,190
MO203SKU120,2025-07-23,FAC004,SKU120,449
MO203SKU121,2025-07-23,FAC001,SKU121,185
MO203SKU122,2025-07-23,FAC006,SKU122,311
MO203SKU123,2025-07-23,FAC006,SKU123,308
MO203SKU124,2025-07-23,FAC002,SKU124,281
MO203SKU125,2025-07-23,FAC005,SKU125,155
MO203SKU126,2025-07-23,FAC004,SKU126,340
MO203SKU127,2025-07-23,FAC003,SKU127,389
MO203SKU128,2025-07-23,FAC004,SKU128,432
MO203SKU129,2025-07-23,FAC005,SKU129,104
MO204SKU100,2025-07-24,FAC003,SKU100,175
MO204SKU101,2025-07-24,FAC003,SKU101,213
MO204SKU102,2025-07-24,FAC004,SKU102,309
MO204SKU103,2025-07-24,FAC002,SKU103,143
MO204SKU104,2025-07-24,FAC004,SKU104,285
MO204SKU105,2025-07-24,FAC003,SKU105,199
MO204SKU106,2025-07-24,FAC002,SKU106,243
MO204SKU107,2025-07-24,FAC003,SKU107,315
MO204SKU108,2025-07-24,FAC001,SKU108,253
MO204SKU109,2025-07-24,FAC006,SKU109,162
MO204SKU110,2025-07-24,FAC005,SKU110,347
MO204SKU111,2025-07-24,FAC004,SKU111,116
MO204SKU112,2025-07-24,FAC004,SKU112,75
MO204SKU113,2025-07-24,FAC006,SKU113,254
MO204SKU114,2025-07-24,FAC005,SKU114,514
MO204SKU115,2025-07-24,FAC005,SKU115,184
MO204SKU116,2025-07-24,FAC004,SKU116,235
MO204SKU117,2025-07-24,FAC004,SKU117,87
MO204SKU118,2025-07-24,FAC001,SKU118,508
MO204SKU119,2025-07-24,FAC002,SKU119,116
MO204SKU120,2025-07-24,FAC003,SKU120,161
MO204SKU121,2025-07-24,FAC003,SKU121,165
MO204SKU122,2025-07-24,FAC002,SKU122,525
MO204SKU123,2025-07-24,FAC004,SKU123,78
MO204SKU124,2025-07-24,FAC005,SKU124,246
MO204SKU125,2025-07-24,FAC002,SKU125,93
MO204SKU126,2025-07-24,FAC006,SKU126,173
MO204SKU127,2025-07-24,FAC001,SKU127,330
MO204SKU128,2025-07-24,FAC006,SKU128,155
MO204SKU129,2025-07-24,FAC005,SKU129,165
MO205SKU100,2025-07-25,FAC006,SKU100,450
MO205SKU101,2025-07-25,FAC006,SKU101,396
MO205SKU102,2025-07-25,FAC006,SKU102,278
MO205SKU103,2025-07-25,FAC002,SKU103,430
MO205SKU104,2025-07-25,FAC005,SKU104,289
MO205SKU105,2025-07-25,FAC003,SKU105,92
MO205SKU106,2025-07-25,FAC006,SKU106,386
MO205SKU107,2025-07-25,FAC003,SKU107,538
MO205SKU108,2025-07-25,FAC001,SKU108,77
MO205SKU109,2025-07-25,FAC003,SKU109,317
MO205SKU110,2025-07-25,FAC001,SKU110,174
MO205SKU111,2025-07-25,FAC006,SKU111,200
MO205SKU112,2025-07-25,FAC001,SKU112,317
MO205SKU113,2025-07-25,FAC005,SKU113,178
MO205SKU114,2025-07-25,FAC004,SKU114,95
MO205SKU115,2025-07-25,FAC001,SKU115,307
MO205SKU116,2025-07-25,FAC005,SKU116,443
MO205SKU117,2025-07-25,FAC002,SKU117,182
MO205SKU118,2025-07-25,FAC005,SKU118,405
MO205SKU119,2025-07-25,FAC004,SKU119,305
MO205SKU120,2025-07-25,FAC004,SKU120,142
MO205SKU121,2025-07-25,FAC004,SKU121,211
MO205SKU122,2025-07-25,FAC001,SKU122,125
MO205SKU123,2025-07-25,FAC001,SKU123,511
MO205SKU124,2025-07-25,FAC003,SKU124,480
MO205SKU125,2025-07-25,FAC005,SKU125,242
MO205SKU126,2025-07-25,FAC003,SKU126,109
MO205SKU127,2025-07-25,FAC002,SKU127,223
MO205SKU128,2025-07-25,FAC002,SKU128,314
MO205SKU129,2025-07-25,FAC001,SKU129,172
MO206SKU100,2025-07-26,FAC006,SKU100,100
MO206SKU101,2025-07-26,FAC003,SKU101,229
MO206SKU102,2025-07-26,FAC002,SKU102,448
MO206SKU103,2025-07-26,FAC001,SKU103,277
MO206SKU104,2025-07-26,FAC002,SKU104,292
MO206SKU105,2025-07-26,FAC001,SKU105,110
MO206SKU106,2025-07-26,FAC006,SKU106,194
MO206SKU107,2025-07-26,FAC002,SKU107,470
MO206SKU108,2025-07-26,FAC006,SKU108,175
MO206SKU109,2025-07-26,FAC002,SKU109,413
MO206SKU110,2025-07-26,FAC003,SKU110,162
MO206SKU111,2025-07-26,FAC001,SKU111,112
MO206SKU112,2025-07-26,FAC005,SKU112,165
MO206SKU113,2025-07-26,FAC001,SKU113,494
MO206SKU114,2025-07-26,FAC001,SKU114,200
MO206SKU115,2025-07-26,FAC006,SKU115,119
MO206SKU116,2025-07-26,FAC005,SKU116,474
MO206SKU117,2025-07-26,FAC006,SKU117,467
MO206SKU118,2025-07-26,FAC005,SKU118,240
MO206SKU119,2025-07-26,FAC005,SKU119,233
MO206SKU120,2025-07-26,FAC001,SKU120,159
MO206SKU121,2025-07-26,FAC003,SKU121,178
MO206SKU122,2025-07-26,FAC002,SKU122,346
MO206SKU123,2025-07-26,FAC005,SKU123,368
MO206SKU124,2025-07-26,FAC001,SKU124,297
MO206SKU125,2025-07-26,FAC003,SKU125,321
MO206SKU126,2025-07-26,FAC001,SKU126,449
MO206SKU127,2025-07-26,FAC004,SKU127,397
MO206SKU128,2025-07-26,FAC001,SKU128,320
MO206SKU129,2025-07-26,FAC005,SKU129,210
MO207SKU100,2025-07-27,FAC004,SKU100,259
MO207SKU101,2025-07-27,FAC003,SKU101,486
MO207SKU102,2025-07-27,FAC004,SKU102,232
MO207SKU103,2025-07-27,FAC001,SKU103,160
MO207SKU104,2025-07-27,FAC002,SKU104,115
MO207SKU105,2025-07-27,FAC003,SKU105,340
MO207SKU106,2025-07-27,FAC006,SKU106,502
MO207SKU107,2025-07-27,FAC002,SKU107,362
MO207SKU108,2025-07-27,FAC002,SKU108,406
MO207SKU109,2025-07-27,FAC002,SKU109,342
MO207SKU110,2025-07-27,FAC004,SKU110,86
MO207SKU111,2025-07-27,FAC003,SKU111,512
MO207SKU112,2025-07-27,FAC006,SKU112,237
MO207SKU113,2025-07-27,FAC005,SKU113,267
MO207SKU114,2025-07-27,FAC004,SKU114,273
MO207SKU115,2025-07-27,FAC002,SKU115,387
MO207SKU116,2025-07-27,FAC005,SKU116,343
MO207SKU117,2025-07-27,FAC004,SKU117,239
MO207SKU118,2025-07-27,FAC001,SKU118,307
MO207SKU119,2025-07-27,FAC006,SKU119,407
MO207SKU120,2025-07-27,FAC001,SKU120,188
MO207SKU121,2025-07-27,FAC003,SKU121,434
MO207SKU122,2025-07-27,FAC004,SKU122,462
MO207SKU123,2025-07-27,FAC003,SKU123,311
MO207SKU124,2025-07-27,FAC005,SKU124,151
MO207SKU125,2025-07-27,FAC004,SKU125,467
MO207SKU126,2025-07-27,FAC006,SKU126,130
MO207SKU127,2025-07-27,FAC005,SKU127,133
MO207SKU128,2025-07-27,FAC005,SKU128,370
MO207SKU129,2025-07-27,FAC006,SKU129,200
MO208SKU100,2025-07-28,FAC003,SKU100,478
MO208SKU101,2025-07-28,FAC003,SKU101,339
MO208SKU102,2025-07-28,FAC006,SKU102,105
MO208SKU103,2025-07-28,FAC004,SKU103,440
MO208SKU104,2025-07-28,FAC005,SKU104,493
MO208SKU105,2025-07-28,FAC003,SKU105,319
MO208SKU106,2025-07-28,FAC001,SKU106,227
MO208SKU107,2025-07-28,FAC002,SKU107,473
MO208SKU108,2025-07-28,FAC002,SKU108,514
MO208SKU109,2025-07-28,FAC004,SKU109,199
MO208SKU110,2025-07-28,FAC002,SKU110,137
MO208SKU111,2025-07-28,FAC002,SKU111,150
MO208SKU112,2025-07-28,FAC001,SKU112,395
MO208SKU113,2025-07-28,FAC004,SKU113,502
MO208SKU114,2025-07-28,FAC004,SKU114,276
MO208SKU115,2025-07-28,FAC004,SKU115,376
MO208SKU116,2025-07-28,FAC003,SKU116,286
MO208SKU117,2025-07-28,FAC003,SKU117,382
MO208SKU118,2025-07-28,FAC005,SKU118,232
MO208SKU119,2025-07-28,FAC001,SKU119,378
MO208SKU120,2025-07-28,FAC004,SKU120,186
MO208SKU121,2025-07-28,FAC002,SKU121,75
MO208SKU122,2025-07-28,FAC006,SKU122,101
MO208SKU123,2025-07-28,FAC001,SKU123,357
MO208SKU124,2025-07-28,FAC004,SKU124,213
MO208SKU125,2025-07-28,FAC001,SKU125,340
MO208SKU126,2025-07-28,FAC001,SKU126,367
MO208SKU127,2025-07-28,FAC001,SKU127,355
MO208SKU128,2025-07-28,FAC001,SKU128,195
MO208SKU129,2025-07-28,FAC001,SKU129,215
MO209SKU100,2025-07-29,FAC004,SKU100,127
MO209SKU101,2025-07-29,FAC004,SKU101,375
MO209SKU102,2025-07-29,FAC001,SKU102,217
MO209SKU103,2025-07-29,FAC001,SKU103,220
MO209SKU104,2025-07-29,FAC003,SKU104,279
MO209SKU105,2025-07-29,FAC003,SKU105,130
MO209SKU106,2025-07-29,FAC005,SKU106,453
MO209SKU107,2025-07-29,FAC002,SKU107,162
MO209SKU108,2025-07-29,FAC004,SKU108,413
MO209SKU109,2025-07-29,FAC004,SKU109,151
MO209SKU110,2025-07-29,FAC002,SKU110,393
MO209SKU111,2025-07-29,FAC004,SKU111,367
MO209SKU112,2025-07-29,FAC003,SKU112,287
MO209SKU113,2025-07-29,FAC001,SKU113,356
MO209SKU114,2025-07-29,FAC004,SKU114,305
MO209SKU115,2025-07-29,FAC002,SKU115,419
MO209SKU116,2025-07-29,FAC003,SKU116,167
MO209SKU117,2025-07-29,FAC003,SKU117,204
MO209SKU118,2025-07-29,FAC003,SKU118,444
MO209SKU119,2025-07-29,FAC005,SKU119,345
MO209SKU120,2025-07-29,FAC001,SKU120,365
MO209SKU121,2025-07-29,FAC003,SKU121,491
MO209SKU122,2025-07-29,FAC001,SKU122,281
MO209SKU123,2025-07-29,FAC006,SKU123,127
MO209SKU124,2025-07-29,FAC002,SKU124,150
MO209SKU125,2025-07-29,FAC001,SKU125,140
MO209SKU126,2025-07-29,FAC003,SKU126,306
MO209SKU127,2025-07-29,FAC001,SKU127,493
MO209SKU128,2025-07-29,FAC001,SKU128,229
MO209SKU129,2025-07-29,FAC002,SKU129,197
MO210SKU100,2025-07-30,FAC006,SKU100,132
MO210SKU101,2025-07-30,FAC006,SKU101,275
MO210SKU102,2025-07-30,FAC004,SKU102,114
MO210SKU103,2025-07-30,FAC005,SKU103,336
MO210SKU104,2025-07-30,FAC005,SKU104,427
MO210SKU105,2025-07-30,FAC002,SKU105,502
MO210SKU106,2025-07-30,FAC002,SKU106,168
MO210SKU107,2025-07-30,FAC002,SKU107,143
MO210SKU108,2025-07-30,FAC003,SKU108,511
MO210SKU109,2025-07-30,FAC006,SKU109,456
MO210SKU110,2025-07-30,FAC003,SKU110,170
MO210SKU111,2025-07-30,FAC005,SKU111,201
MO210SKU112,2025-07-30,FAC005,SKU112,312
MO210SKU113,2025-07-30,FAC005,SKU113,258
MO210SKU114,2025-07-30,FAC001,SKU114,381
MO210SKU115,2025-07-30,FAC004,SKU115,158
MO210SKU116,2025-07-30,FAC004,SKU116,180
MO210SKU117,2025-07-30,FAC002,SKU117,365
MO210SKU118,2025-07-30,FAC005,SKU118,116
MO210SKU119,2025-07-30,FAC005,SKU119,210
MO210SKU120,2025-07-30,FAC001,SKU120,326
MO210SKU121,2025-07-30,FAC004,SKU121,131
MO210SKU122,2025-07-30,FAC004,SKU122,442
MO210SKU123,2025-07-30,FAC002,SKU123,238
MO210SKU124,2025-07-30,FAC003,SKU124,306
MO210SKU125,2025-07-30,FAC005,SKU125,263
MO210SKU126,2025-07-30,FAC001,SKU126,321
MO210SKU127,2025-07-30,FAC005,SKU127,159
MO210SKU128,2025-07-30,FAC002,SKU128,122
MO210SKU129,2025-07-30,FAC002,SKU129,104
MO211SKU100,2025-07-31,FAC001,SKU100,258
MO211SKU101,2025-07-31,FAC002,SKU101,173
MO211SKU102,2025-07-31,FAC003,SKU102,372
MO211SKU103,2025-07-31,FAC005,SKU103,455
MO211SKU104,2025-07-31,FAC005,SKU104,315
MO211SKU105,2025-07-31,FAC004,SKU105,424
MO211SKU106,2025-07-31,FAC006,SKU106,140
MO211SKU107,2025-07-31,FAC001,SKU107,159
MO211SKU108,2025-07-31,FAC003,SKU108,379
MO211SKU109,2025-07-31,FAC006,SKU109,527
MO211SKU110,2025-07-31,FAC005,SKU110,347
MO211SKU111,2025-07-31,FAC001,SKU111,455
MO211SKU112,2025-07-31,FAC004,SKU112,457
MO211SKU113,2025-07-31,FAC004,SKU113,333
MO211SKU114,2025-07-31,FAC002,SKU114,410
MO211SKU115,2025-07-31,FAC005,SKU115,217
MO211SKU116,2025-07-31,FAC001,SKU116,367
MO211SKU117,2025-07-31,FAC002,SKU117,397
MO211SKU118,2025-07-31,FAC006,SKU118,317
MO211SKU119,2025-07-31,FAC005,SKU119,302
MO211SKU120,2025-07-31,FAC003,SKU120,432
MO211SKU121,2025-07-31,FAC006,SKU121,363
MO211SKU122,2025-07-31,FAC003,SKU122,191
MO211SKU123,2025-07-31,FAC004,SKU123,291
MO211SKU124,2025-07-31,FAC001,SKU124,314
MO211SKU125,2025-07-31,FAC004,SKU125,328
MO211SKU126,2025-07-31,FAC002,SKU126,420
MO211SKU127,2025-07-31,FAC006,SKU127,271
MO211SKU128,2025-07-31,FAC001,SKU128,273
MO211SKU129,2025-07-31,FAC005,SKU129,369
MO212SKU100,2025-08-01,FAC003,SKU100,238
MO212SKU101,2025-08-01,FAC001,SKU101,231
MO212SKU102,2025-08-01,FAC002,SKU102,229
MO212SKU103,2025-08-01,FAC005,SKU103,268
MO212SKU104,2025-08-01,FAC001,SKU104,212
MO212SKU105,2025-08-01,FAC004,SKU105,494
MO212SKU106,2025-08-01,FAC002,SKU106,506
MO212SKU107,2025-08-01,FAC003,SKU107,358
MO212SKU108,2025-08-01,FAC003,SKU108,128
MO212SKU109,2025-08-01,FAC004,SKU109,238
MO212SKU110,2025-08-01,FAC001,SKU110,283
MO212SKU111,2025-08-01,FAC001,SKU111,254
MO212SKU112,2025-08-01,FAC002,SKU112,534
MO212SKU113,2025-08-01,FAC005,SKU113,328
MO212SKU114,2025-08-01,FAC003,SKU114,228
MO212SKU115,2025-08-01,FAC005,SKU115,358
MO212SKU116,2025-08-01,FAC006,SKU116,298
MO212SKU117,2025-08-01,FAC005,SKU117,327
MO212SKU118,2025-08-01,FAC001,SKU118,363
MO212SKU119,2025-08-01,FAC001,SKU119,365
MO212SKU120,2025-08-01,FAC001,SKU120,504
MO212SKU121,2025-08-01,FAC004,SKU121,346
MO212SKU122,2025-08-01,FAC006,SKU122,259
MO212SKU123,2025-08-01,FAC005,SKU123,300
MO212SKU124,2025-08-01,FAC002,SKU124,222
MO212SKU125,2025-08-01,FAC004,SKU125,362
MO212SKU126,2025-08-01,FAC006,SKU126,165
MO212SKU127,2025-08-01,FAC002,SKU127,242
MO212SKU128,2025-08-01,FAC006,SKU128,372
MO212SKU129,2025-08-01,FAC003,SKU129,582
MO213SKU100,2025-08-02,FAC005,SKU100,482
MO213SKU101,2025-08-02,FAC001,SKU101,379
MO213SKU102,2025-08-02,FAC003,SKU102,517
MO213SKU103,2025-08-02,FAC001,SKU103,295
MO213SKU104,2025-08-02,FAC001,SKU104,265
MO213SKU105,2025-08-02,FAC001,SKU105,296
MO213SKU106,2025-08-02,FAC001,SKU106,448
MO213SKU107,2025-08-02,FAC005,SKU107,374
MO213SKU108,2025-08-02,FAC002,SKU108,175
MO213SKU109,2025-08-02,FAC002,SKU109,198
MO213SKU110,2025-08-02,FAC003,SKU110,256
MO213SKU111,2025-08-02,FAC002,SKU111,540
MO213SKU112,2025-08-02,FAC003,SKU112,324
MO213SKU113,2025-08-02,FAC004,SKU113,222
MO213SKU114,2025-08-02,FAC001,SKU114,231
MO213SKU115,2025-08-02,FAC005,SKU115,305
MO213SKU116,2025-08-02,FAC002,SKU116,536
MO213SKU117,2025-08-02,FAC003,SKU117,444
MO213SKU118,2025-08-02,FAC005,SKU118,373
MO213SKU119,2025-08-02,FAC001,SKU119,544
MO213SKU120,2025-08-02,FAC001,SKU120,116
MO213SKU121,2025-08-02,FAC003,SKU121,310
MO213SKU122,2025-08-02,FAC003,SKU122,267
MO213SKU123,2025-08-02,FAC003,SKU123,139
MO213SKU124,2025-08-02,FAC005,SKU124,261
MO213SKU125,2025-08-02,FAC002,SKU125,571
MO213SKU126,2025-08-02,FAC006,SKU126,412
MO213SKU127,2025-08-02,FAC006,SKU127,140
MO213SKU128,2025-08-02,FAC003,SKU128,327
MO213SKU129,2025-08-02,FAC005,SKU129,355
MO214SKU100,2025-08-03,FAC004,SKU100,197
MO214SKU101,2025-08-03,FAC001,SKU101,231
MO214SKU102,2025-08-03,FAC006,SKU102,464
MO214SKU103,2025-08-03,FAC005,SKU103,423
MO214SKU104,2025-08-03,FAC001,SKU104,438
MO214SKU105,2025-08-03,FAC006,SKU105,347
MO214SKU106,2025-08-03,FAC001,SKU106,460
MO214SKU107,2025-08-03,FAC001,SKU107,419
MO214SKU108,2025-08-03,FAC005,SKU108,362
MO214SKU109,2025-08-03,FAC002,SKU109,106
MO214SKU110,2025-08-03,FAC004,SKU110,315
MO214SKU111,2025-08-03,FAC002,SKU111,314
MO214SKU112,2025-08-03,FAC004,SKU112,253
MO214SKU113,2025-08-03,FAC001,SKU113,395
MO214SKU114,2025-08-03,FAC006,SKU114,369
MO214SKU115,2025-08-03,FAC004,SKU115,128
MO214SKU116,2025-08-03,FAC001,SKU116,572
MO214SKU117,2025-08-03,FAC002,SKU117,177
MO214SKU118,2025-08-03,FAC004,SKU118,371
MO214SKU119,2025-08-03,FAC001,SKU119,449
MO214SKU120,2025-08-03,FAC004,SKU120,113
MO214SKU121,2025-08-03,FAC003,SKU121,465
MO214SKU122,2025-08-03,FAC006,SKU122,405
MO214SKU123,2025-08-03,FAC004,SKU123,576
MO214SKU124,2025-08-03,FAC004,SKU124,526
MO214SKU125,2025-08-03,FAC002,SKU125,294
MO214SKU126,2025-08-03,FAC005,SKU126,422
MO214SKU127,2025-08-03,FAC001,SKU127,401
MO214SKU128,2025-08-03,FAC006,SKU128,277
MO214SKU129,2025-08-03,FAC006,SKU129,103
MO215SKU100,2025-08-04,FAC002,SKU100,100
MO215SKU101,2025-08-04,FAC004,SKU101,155
MO215SKU102,2025-08-04,FAC006,SKU102,224
MO215SKU103,2025-08-04,FAC005,SKU103,117
MO215SKU104,2025-08-04,FAC005,SKU104,228
MO215SKU105,2025-08-04,FAC005,SKU105,486
MO215SKU106,2025-08-04,FAC004,SKU106,394
MO215SKU107,2025-08-04,FAC006,SKU107,422
MO215SKU108,2025-08-04,FAC002,SKU108,552
MO215SKU109,2025-08-04,FAC001,SKU109,158
MO215SKU110,2025-08-04,FAC003,SKU110,359
MO215SKU111,2025-08-04,FAC005,SKU111,244
MO215SKU112,2025-08-04,FAC006,SKU112,208
MO215SKU113,2025-08-04,FAC006,SKU113,434
MO215SKU114,2025-08-04,FAC002,SKU114,142
MO215SKU115,2025-08-04,FAC006,SKU115,287
MO215SKU116,2025-08-04,FAC003,SKU116,501
MO215SKU117,2025-08-04,FAC004,SKU117,555
MO215SKU118,2025-08-04,FAC005,SKU118,97
MO215SKU119,2025-08-04,FAC005,SKU119,136
MO215SKU120,2025-08-04,FAC003,SKU120,221
MO215SKU121,2025-08-04,FAC003,SKU121,397
MO215SKU122,2025-08-04,FAC006,SKU122,451
MO215SKU123,2025-08-04,FAC002,SKU123,286
MO215SKU124,2025-08-04,FAC006,SKU124,146
MO215SKU125,2025-08-04,FAC004,SKU125,601
MO215SKU126,2025-08-04,FAC004,SKU126,420
MO215SKU127,2025-08-04,FAC004,SKU127,115
MO215SKU128,2025-08-04,FAC006,SKU128,237
MO215SKU129,2025-08-04,FAC005,SKU129,310
MO216SKU100,2025-08-05,FAC005,SKU100,147
MO216SKU101,2025-08-05,FAC001,SKU101,342
MO216SKU102,2025-08-05,FAC005,SKU102,139
MO216SKU103,2025-08-05,FAC006,SKU103,446
MO216SKU104,2025-08-05,FAC004,SKU104,118
MO216SKU105,2025-08-05,FAC004,SKU105,417
MO216SKU106,2025-08-05,FAC003,SKU106,227
MO216SKU107,2025-08-05,FAC003,SKU107,295
MO216SKU108,2025-08-05,FAC001,SKU108,118
MO216SKU109,2025-08-05,FAC006,SKU109,195
MO216SKU110,2025-08-05,FAC002,SKU110,311
MO216SKU111,2025-08-05,FAC003,SKU111,457
MO216SKU112,2025-08-05,FAC001,SKU112,142
MO216SKU113,2025-08-05,FAC006,SKU113,458
MO216SKU114,2025-08-05,FAC002,SKU114,349
MO216SKU115,2025-08-05,FAC002,SKU115,349
MO216SKU116,2025-08-05,FAC002,SKU116,452
MO216SKU117,2025-08-05,FAC001,SKU117,110
MO216SKU118,2025-08-05,FAC002,SKU118,164
MO216SKU119,2025-08-05,FAC003,SKU119,336
MO216SKU120,2025-08-05,FAC005,SKU120,253
MO216SKU121,2025-08-05,FAC006,SKU121,458
MO216SKU122,2025-08-05,FAC006,SKU122,320
MO216SKU123,2025-08-05,FAC001,SKU123,368
MO216SKU124,2025-08-05,FAC003,SKU124,128
MO216SKU125,2025-08-05,FAC002,SKU125,479
MO216SKU126,2025-08-05,FAC003,SKU126,180
MO216SKU127,2025-08-05,FAC005,SKU127,316
MO216SKU128,2025-08-05,FAC004,SKU128,185
MO216SKU129,2025-08-05,FAC005,SKU129,276
MO217SKU100,2025-08-06,FAC003,SKU100,523
MO217SKU101,2025-08-06,FAC006,SKU101,327
MO217SKU102,2025-08-06,FAC001,SKU102,365
MO217SKU103,2025-08-06,FAC003,SKU103,433
MO217SKU104,2025-08-06,FAC002,SKU104,290
MO217SKU105,2025-08-06,FAC003,SKU105,359
MO217SKU106,2025-08-06,FAC001,SKU106,394
MO217SKU107,2025-08-06,FAC004,SKU107,509
MO217SKU108,2025-08-06,FAC006,SKU108,401
MO217SKU109,2025-08-06,FAC002,SKU109,321
MO217SKU110,2025-08-06,FAC004,SKU110,232
MO217SKU111,2025-08-06,FAC005,SKU111,579
MO217SKU112,2025-08-06,FAC001,SKU112,319
MO217SKU113,2025-08-06,FAC005,SKU113,342
MO217SKU114,2025-08-06,FAC006,SKU114,414
MO217SKU115,2025-08-06,FAC001,SKU115,234
MO217SKU116,2025-08-06,FAC005,SKU116,246
MO217SKU117,2025-08-06,FAC004,SKU117,216
MO217SKU118,2025-08-06,FAC004,SKU118,462
MO217SKU119,2025-08-06,FAC004,SKU119,365
MO217SKU120,2025-08-06,FAC002,SKU120,418
MO217SKU121,2025-08-06,FAC005,SKU121,332
MO217SKU122,2025-08-06,FAC002,SKU122,462
MO217SKU123,2025-08-06,FAC006,SKU123,540
MO217SKU124,2025-08-06,FAC005,SKU124,263
MO217SKU125,2025-08-06,FAC004,SKU125,387
MO217SKU126,2025-08-06,FAC004,SKU126,402
MO217SKU127,2025-08-06,FAC004,SKU127,430
MO217SKU128,2025-08-06,FAC003,SKU128,282
MO217SKU129,2025-08-06,FAC003,SKU129,230
MO218SKU100,2025-08-07,FAC001,SKU100,152
MO218SKU101,2025-08-07,FAC004,SKU101,468
MO218SKU102,2025-08-07,FAC001,SKU102,484
MO218SKU103,2025-08-07,FAC006,SKU103,265
MO218SKU104,2025-08-07,FAC006,SKU104,150
MO218SKU105,2025-08-07,FAC003,SKU105,410
MO218SKU106,2025-08-07,FAC005,SKU106,112
MO218SKU107,2025-08-07,FAC006,SKU107,313
MO218SKU108,2025-08-07,FAC001,SKU108,428
MO218SKU109,2025-08-07,FAC006,SKU109,451
MO218SKU110,2025-08-07,FAC002,SKU110,513
MO218SKU111,2025-08-07,FAC006,SKU111,542
MO218SKU112,2025-08-07,FAC003,SKU112,284
MO218SKU113,2025-08-07,FAC001,SKU113,522
MO218SKU114,2025-08-07,FAC002,SKU114,179
MO218SKU115,2025-08-07,FAC004,SKU115,433
MO218SKU116,2025-08-07,FAC001,SKU116,468
MO218SKU117,2025-08-07,FAC005,SKU117,249
MO218SKU118,2025-08-07,FAC005,SKU118,205
MO218SKU119,2025-08-07,FAC001,SKU119,569
MO218SKU120,2025-08-07,FAC002,SKU120,345
MO218SKU121,2025-08-07,FAC006,SKU121,97
MO218SKU122,2025-08-07,FAC001,SKU122,243
MO218SKU123,2025-08-07,FAC001,SKU123,493
MO218SKU124,2025-08-07,FAC003,SKU124,411
MO218SKU125,2025-08-07,FAC006,SKU125,219
MO218SKU126,2025-08-07,FAC003,SKU126,557
MO218SKU127,2025-08-07,FAC003,SKU127,106
MO218SKU128,2025-08-07,FAC002,SKU128,242
MO218SKU129,2025-08-07,FAC006,SKU129,216
MO219SKU100,2025-08-08,FAC005,SKU100,252
MO219SKU101,2025-08-08,FAC001,SKU101,470
MO219SKU102,2025-08-08,FAC005,SKU102,527
MO219SKU103,2025-08-08,FAC001,SKU103,451
MO219SKU104,2025-08-08,FAC002,SKU104,201
MO219SKU105,2025-08-08,FAC003,SKU105,388
MO219SKU106,2025-08-08,FAC003,SKU106,197
MO219SKU107,2025-08-08,FAC005,SKU107,335
MO219SKU108,2025-08-08,FAC004,SKU108,531
MO219SKU109,2025-08-08,FAC005,SKU109,359
MO219SKU110,2025-08-08,FAC003,SKU110,150
MO219SKU111,2025-08-08,FAC004,SKU111,100
MO219SKU112,2025-08-08,FAC005,SKU112,264
MO219SKU113,2025-08-08,FAC001,SKU113,592
MO219SKU114,2025-08-08,FAC003,SKU114,481
MO219SKU115,2025-08-08,FAC006,SKU115,366
MO219SKU116,2025-08-08,FAC001,SKU116,405
MO219SKU117,2025-08-08,FAC003,SKU117,281
MO219SKU118,2025-08-08,FAC005,SKU118,477
MO219SKU119,2025-08-08,FAC003,SKU119,302
MO219SKU120,2025-08-08,FAC006,SKU120,438
MO219SKU121,2025-08-08,FAC004,SKU121,562
MO219SKU122,2025-08-08,FAC005,SKU122,255
MO219SKU123,2025-08-08,FAC005,SKU123,507
MO219SKU124,2025-08-08,FAC001,SKU124,180
MO219SKU125,2025-08-08,FAC001,SKU125,363
MO219SKU126,2025-08-08,FAC002,SKU126,295
MO219SKU127,2025-08-08,FAC003,SKU127,563
MO219SKU128,2025-08-08,FAC003,SKU128,255
MO219SKU129,2025-08-08,FAC006,SKU129,553
MO220SKU100,2025-08-09,FAC006,SKU100,518
MO220SKU101,2025-08-09,FAC004,SKU101,543
MO220SKU102,2025-08-09,FAC004,SKU102,409
MO220SKU103,2025-08-09,FAC003,SKU103,169
MO220SKU104,2025-08-09,FAC004,SKU104,341
MO220SKU105,2025-08-09,FAC002,SKU105,471
MO220SKU106,2025-08-09,FAC004,SKU106,219
MO220SKU107,2025-08-09,FAC002,SKU107,227
MO220SKU108,2025-08-09,FAC001,SKU108,378
MO220SKU109,2025-08-09,FAC004,SKU109,400
MO220SKU110,2025-08-09,FAC005,SKU110,131
MO220SKU111,2025-08-09,FAC001,SKU111,394
MO220SKU112,2025-08-09,FAC006,SKU112,215
MO220SKU113,2025-08-09,FAC005,SKU113,146
MO220SKU114,2025-08-09,FAC006,SKU114,429
MO220SKU115,2025-08-09,FAC001,SKU115,242
MO220SKU116,2025-08-09,FAC002,SKU116,240
MO220SKU117,2025-08-09,FAC001,SKU117,321
MO220SKU118,2025-08-09,FAC003,SKU118,423
MO220SKU119,2025-08-09,FAC004,SKU119,114
MO220SKU120,2025-08-09,FAC001,SKU120,219
MO220SKU121,2025-08-09,FAC003,SKU121,486
MO220SKU122,2025-08-09,FAC002,SKU122,550
MO220SKU123,2025-08-09,FAC005,SKU123,139
MO220SKU124,2025-08-09,FAC004,SKU124,378
MO220SKU125,2025-08-09,FAC003,SKU125,249
MO220SKU126,2025-08-09,FAC001,SKU126,408
MO220SKU127,2025-08-09,FAC006,SKU127,433
MO220SKU128,2025-08-09,FAC002,SKU128,157
MO220SKU129,2025-08-09,FAC003,SKU129,357
MO221SKU100,2025-08-10,FAC006,SKU100,225
MO221SKU101,2025-08-10,FAC001,SKU101,434
MO221SKU102,2025-08-10,FAC002,SKU102,254
MO221SKU103,2025-08-10,FAC005,SKU103,316
MO221SKU104,2025-08-10,FAC004,SKU104,133
MO221SKU105,2025-08-10,FAC001,SKU105,411
MO221SKU106,2025-08-10,FAC001,SKU106,320
MO221SKU107,2025-08-10,FAC002,SKU107,552
MO221SKU108,2025-08-10,FAC004,SKU108,357
MO221SKU109,2025-08-10,FAC002,SKU109,122
MO221SKU110,2025-08-10,FAC001,SKU110,424
MO221SKU111,2025-08-10,FAC001,SKU111,483
MO221SKU112,2025-08-10,FAC001,SKU112,447
MO221SKU113,2025-08-10,FAC005,SKU113,205
MO221SKU114,2025-08-10,FAC006,SKU114,183
MO221SKU115,2025-08-10,FAC003,SKU115,456
MO221SKU116,2025-08-10,FAC003,SKU116,94
MO221SKU117,2025-08-10,FAC004,SKU117,524
MO221SKU118,2025-08-10,FAC006,SKU118,327
MO221SKU119,2025-08-10,FAC001,SKU119,323
MO221SKU120,2025-08-10,FAC004,SKU120,455
MO221SKU121,2025-08-10,FAC005,SKU121,127
MO221SKU122,2025-08-10,FAC004,SKU122,119
MO221SKU123,2025-08-10,FAC003,SKU123,593
MO221SKU124,2025-08-10,FAC003,SKU124,300
MO221SKU125,2025-08-10,FAC001,SKU125,439
MO221SKU126,2025-08-10,FAC005,SKU126,257
MO221SKU127,2025-08-10,FAC003,SKU127,494
MO221SKU128,2025-08-10,FAC005,SKU128,375
MO221SKU129,2025-08-10,FAC006,SKU129,477
MO222SKU100,2025-08-11,FAC005,SKU100,190
MO222SKU101,2025-08-11,FAC004,SKU101,125
MO222SKU102,2025-08-11,FAC004,SKU102,84
MO222SKU103,2025-08-11,FAC002,SKU103,568
MO222SKU104,2025-08-11,FAC004,SKU104,390
MO222SKU105,2025-08-11,FAC006,SKU105,254
MO222SKU106,2025-08-11,FAC004,SKU106,518
MO222SKU107,2025-08-11,FAC001,SKU107,172
MO222SKU108,2025-08-11,FAC001,SKU108,391
MO222SKU109,2025-08-11,FAC001,SKU109,216
MO222SKU110,2025-08-11,FAC006,SKU110,266
MO222SKU111,2025-08-11,FAC001,SKU111,144
MO222SKU112,2025-08-11,FAC005,SKU112,348
MO222SKU113,2025-08-11,FAC002,SKU113,418
MO222SKU114,2025-08-11,FAC002,SKU114,236
MO222SKU115,2025-08-11,FAC004,SKU115,455
MO222SKU116,2025-08-11,FAC004,SKU116,243
MO222SKU117,2025-08-11,FAC002,SKU117,508
MO222SKU118,2025-08-11,FAC006,SKU118,532
MO222SKU119,2025-08-11,FAC003,SKU119,392
MO222SKU120,2025-08-11,FAC006,SKU120,347
MO222SKU121,2025-08-11,FAC005,SKU121,558
MO222SKU122,2025-08-11,FAC004,SKU122,457
MO222SKU123,2025-08-11,FAC004,SKU123,284
MO222SKU124,2025-08-11,FAC004,SKU124,253
MO222SKU125,2025-08-11,FAC002,SKU125,200
MO222SKU126,2025-08-11,FAC004,SKU126,277
MO222SKU127,2025-08-11,FAC004,SKU127,466
MO222SKU128,2025-08-11,FAC003,SKU128,436
MO222SKU129,2025-08-11,FAC002,SKU129,361
MO223SKU100,2025-08-12,FAC004,SKU100,441
MO223SKU101,2025-08-12,FAC002,SKU101,243
MO223SKU102,2025-08-12,FAC004,SKU102,500
MO223SKU103,2025-08-12,FAC002,SKU103,570
MO223SKU104,2025-08-12,FAC001,SKU104,321
MO223SKU105,2025-08-12,FAC003,SKU105,417
MO223SKU106,2025-08-12,FAC004,SKU106,579
MO223SKU107,2025-08-12,FAC004,SKU107,568
MO223SKU108,2025-08-12,FAC006,SKU108,446
MO223SKU109,2025-08-12,FAC004,SKU109,281
MO223SKU110,2025-08-12,FAC006,SKU110,221
MO223SKU111,2025-08-12,FAC003,SKU111,244
MO223SKU112,2025-08-12,FAC002,SKU112,197
MO223SKU113,2025-08-12,FAC001,SKU113,194
MO223SKU114,2025-08-12,FAC001,SKU114,503
MO223SKU115,2025-08-12,FAC002,SKU115,467
MO223SKU116,2025-08-12,FAC002,SKU116,254
MO223SKU117,2025-08-12,FAC005,SKU117,399
MO223SKU118,2025-08-12,FAC005,SKU118,380
MO223SKU119,2025-08-12,FAC003,SKU119,594
MO223SKU120,2025-08-12,FAC003,SKU120,313
MO223SKU121,2025-08-12,FAC002,SKU121,286
MO223SKU122,2025-08-12,FAC004,SKU122,320
MO223SKU123,2025-08-12,FAC005,SKU123,367
MO223SKU124,2025-08-12,FAC002,SKU124,119
MO223SKU125,2025-08-12,FAC004,SKU125,139
MO223SKU126,2025-08-12,FAC002,SKU126,281
MO223SKU127,2025-08-12,FAC004,SKU127,202
MO223SKU128,2025-08-12,FAC002,SKU128,529
MO223SKU129,2025-08-12,FAC002,SKU129,349
MO224SKU100,2025-08-13,FAC002,SKU100,423
MO224SKU101,2025-08-13,FAC005,SKU101,561
MO224SKU102,2025-08-13,FAC003,SKU102,178
MO224SKU103,2025-08-13,FAC006,SKU103,494
MO224SKU104,2025-08-13,FAC006,SKU104,112
MO224SKU105,2025-08-13,FAC004,SKU105,516
MO224SKU106,2025-08-13,FAC004,SKU106,112
MO224SKU107,2025-08-13,FAC005,SKU107,542
MO224SKU108,2025-08-13,FAC002,SKU108,346
MO224SKU109,2025-08-13,FAC004,SKU109,459
MO224SKU110,2025-08-13,FAC001,SKU110,180
MO224SKU111,2025-08-13,FAC005,SKU111,529
MO224SKU112,2025-08-13,FAC004,SKU112,337
MO224SKU113,2025-08-13,FAC004,SKU113,586
MO224SKU114,2025-08-13,FAC004,SKU114,130
MO224SKU115,2025-08-13,FAC006,SKU115,294
MO224SKU116,2025-08-13,FAC002,SKU116,230
MO224SKU117,2025-08-13,FAC006,SKU117,513
MO224SKU118,2025-08-13,FAC005,SKU118,557
MO224SKU119,2025-08-13,FAC005,SKU119,285
MO224SKU120,2025-08-13,FAC006,SKU120,148
MO224SKU121,2025-08-13,FAC006,SKU121,361
MO224SKU122,2025-08-13,FAC001,SKU122,312
MO224SKU123,2025-08-13,FAC006,SKU123,250
MO224SKU124,2025-08-13,FAC004,SKU124,173
MO224SKU125,2025-08-13,FAC006,SKU125,212
MO224SKU126,2025-08-13,FAC004,SKU126,425
MO224SKU127,2025-08-13,FAC006,SKU127,182
MO224SKU128,2025-08-13,FAC005,SKU128,466
MO224SKU129,2025-08-13,FAC001,SKU129,475
MO225SKU100,2025-08-14,FAC005,SKU100,597
MO225SKU101,2025-08-14,FAC003,SKU101,261
MO225SKU102,2025-08-14,FAC004,SKU102,491
MO225SKU103,2025-08-14,FAC006,SKU103,374
MO225SKU104,2025-08-14,FAC005,SKU104,141
MO225SKU105,2025-08-14,FAC002,SKU105,167
MO225SKU106,2025-08-14,FAC005,SKU106,377
MO225SKU107,2025-08-14,FAC006,SKU107,390
MO225SKU108,2025-08-14,FAC005,SKU108,245
MO225SKU109,2025-08-14,FAC006,SKU109,309
MO225SKU110,2025-08-14,FAC005,SKU110,523
MO225SKU111,2025-08-14,FAC004,SKU111,336
MO225SKU112,2025-08-14,FAC003,SKU112,435
MO225SKU113,2025-08-14,FAC003,SKU113,117
MO225SKU114,2025-08-14,FAC005,SKU114,340
MO225SKU115,2025-08-14,FAC004,SKU115,417
MO225SKU116,2025-08-14,FAC001,SKU116,525
MO225SKU117,2025-08-14,FAC004,SKU117,445
MO225SKU118,2025-08-14,FAC001,SKU118,193
MO225SKU119,2025-08-14,FAC002,SKU119,417
MO225SKU120,2025-08-14,FAC002,SKU120,120
MO225SKU121,2025-08-14,FAC003,SKU121,186
MO225SKU122,2025-08-14,FAC006,SKU122,291
MO225SKU123,2025-08-14,FAC003,SKU123,342
MO225SKU124,2025-08-14,FAC004,SKU124,482
MO225SKU125,2025-08-14,FAC003,SKU125,320
MO225SKU126,2025-08-14,FAC002,SKU126,377
MO225SKU127,2025-08-14,FAC001,SKU127,348
MO225SKU128,2025-08-14,FAC004,SKU128,122
MO225SKU129,2025-08-14,FAC004,SKU129,428
MO226SKU100,2025-08-15,FAC005,SKU100,286
MO226SKU101,2025-08-15,FAC003,SKU101,431
MO226SKU102,2025-08-15,FAC002,SKU102,167
MO226SKU103,2025-08-15,FAC005,SKU103,409
MO226SKU104,2025-08-15,FAC002,SKU104,134
MO226SKU105,2025-08-15,FAC001,SKU105,304
MO226SKU106,2025-08-15,FAC002,SKU106,134
MO226SKU107,2025-08-15,FAC005,SKU107,204
MO226SKU108,2025-08-15,FAC002,SKU108,606
MO226SKU109,2025-08-15,FAC004,SKU109,199
MO226SKU110,2025-08-15,FAC006,SKU110,194
MO226SKU111,2025-08-15,FAC005,SKU111,549
MO226SKU112,2025-08-15,FAC005,SKU112,434
MO226SKU113,2025-08-15,FAC002,SKU113,252
MO226SKU114,2025-08-15,FAC005,SKU114,514
MO226SKU115,2025-08-15,FAC005,SKU115,356
MO226SKU116,2025-08-15,FAC005,SKU116,478
MO226SKU117,2025-08-15,FAC003,SKU117,379
MO226SKU118,2025-08-15,FAC001,SKU118,174
MO226SKU119,2025-08-15,FAC003,SKU119,317
MO226SKU120,2025-08-15,FAC001,SKU120,107
MO226SKU121,2025-08-15,FAC004,SKU121,239
MO226SKU122,2025-08-15,FAC005,SKU122,477
MO226SKU123,2025-08-15,FAC006,SKU123,448
MO226SKU124,2025-08-15,FAC006,SKU124,204
MO226SKU125,2025-08-15,FAC006,SKU125,317
MO226SKU126,2025-08-15,FAC006,SKU126,420
MO226SKU127,2025-08-15,FAC005,SKU127,88
MO226SKU128,2025-08-15,FAC001,SKU128,281
MO226SKU129,2025-08-15,FAC003,SKU129,266
MO227SKU100,2025-08-16,FAC003,SKU100,496
MO227SKU101,2025-08-16,FAC005,SKU101,351
MO227SKU102,2025-08-16,FAC001,SKU102,170
MO227SKU103,2025-08-16,FAC006,SKU103,354
MO227SKU104,2025-08-16,FAC001,SKU104,528
MO227SKU105,2025-08-16,FAC002,SKU105,432
MO227SKU106,2025-08-16,FAC006,SKU106,461
MO227SKU107,2025-08-16,FAC003,SKU107,310
MO227SKU108,2025-08-16,FAC002,SKU108,448
MO227SKU109,2025-08-16,FAC004,SKU109,523
MO227SKU110,2025-08-16,FAC006,SKU110,540
MO227SKU111,2025-08-16,FAC003,SKU111,302
MO227SKU112,2025-08-16,FAC004,SKU112,360
MO227SKU113,2025-08-16,FAC004,SKU113,387
MO227SKU114,2025-08-16,FAC004,SKU114,494
MO227SKU115,2025-08-16,FAC006,SKU115,477
MO227SKU116,2025-08-16,FAC001,SKU116,523
MO227SKU117,2025-08-16,FAC001,SKU117,412
MO227SKU118,2025-08-16,FAC003,SKU118,438
MO227SKU119,2025-08-16,FAC003,SKU119,210
MO227SKU120,2025-08-16,FAC004,SKU120,311
MO227SKU121,2025-08-16,FAC001,SKU121,452
MO227SKU122,2025-08-16,FAC002,SKU122,327
MO227SKU123,2025-08-16,FAC002,SKU123,383
MO227SKU124,2025-08-16,FAC005,SKU124,382
MO227SKU125,2025-08-16,FAC002,SKU125,468
MO227SKU126,2025-08-16,FAC006,SKU126,224
MO227SKU127,2025-08-16,FAC006,SKU127,460
MO227SKU128,2025-08-16,FAC004,SKU128,560
MO227SKU129,2025-08-16,FAC006,SKU129,265
MO228SKU100,2025-08-17,FAC001,SKU100,242
MO228SKU101,2025-08-17,FAC006,SKU101,393
MO228SKU102,2025-08-17,FAC004,SKU102,369
MO228SKU103,2025-08-17,FAC001,SKU103,129
MO228SKU104,2025-08-17,FAC005,SKU104,398
MO228SKU105,2025-08-17,FAC005,SKU105,297
MO228SKU106,2025-08-17,FAC002,SKU106,515
MO228SKU107,2025-08-17,FAC003,SKU107,430
MO228SKU108,2025-08-17,FAC002,SKU108,406
MO228SKU109,2025-08-17,FAC001,SKU109,127
MO228SKU110,2025-08-17,FAC002,SKU110,368
MO228SKU111,2025-08-17,FAC001,SKU111,431
MO228SKU112,2025-08-17,FAC006,SKU112,176
MO228SKU113,2025-08-17,FAC003,SKU113,135
MO228SKU114,2025-08-17,FAC005,SKU114,129
MO228SKU115,2025-08-17,FAC006,SKU115,212
MO228SKU116,2025-08-17,FAC004,SKU116,443
MO228SKU117,2025-08-17,FAC001,SKU117,489
MO228SKU118,2025-08-17,FAC001,SKU118,563
MO228SKU119,2025-08-17,FAC004,SKU119,383
MO228SKU120,2025-08-17,FAC005,SKU120,494
MO228SKU121,2025-08-17,FAC005,SKU121,149
MO228SKU122,2025-08-17,FAC002,SKU122,237
MO228SKU123,2025-08-17,FAC005,SKU123,436
MO228SKU124,2025-08-17,FAC006,SKU124,239
MO228SKU125,2025-08-17,FAC004,SKU125,503
MO228SKU126,2025-08-17,FAC004,SKU126,308
MO228SKU127,2025-08-17,FAC003,SKU127,100
MO228SKU128,2025-08-17,FAC004,SKU128,351
MO228SKU129,2025-08-17,FAC005,SKU129,483
MO229SKU100,2025-08-18,FAC003,SKU100,170
MO229SKU101,2025-08-18,FAC003,SKU101,124
MO229SKU102,2025-08-18,FAC003,SKU102,477
MO229SKU103,2025-08-18,FAC004,SKU103,489
MO229SKU104,2025-08-18,FAC006,SKU104,440
MO229SKU105,2025-08-18,FAC003,SKU105,391
MO229SKU106,2025-08-18,FAC005,SKU106,131
MO229SKU107,2025-08-18,FAC001,SKU107,214
MO229SKU108,2025-08-18,FAC004,SKU108,168
MO229SKU109,2025-08-18,FAC006,SKU109,107
MO229SKU110,2025-08-18,FAC002,SKU110,555
MO229SKU111,2025-08-18,FAC001,SKU111,550
MO229SKU112,2025-08-18,FAC004,SKU112,314
MO229SKU113,2025-08-18,FAC004,SKU113,314
MO229SKU114,2025-08-18,FAC001,SKU114,575
MO229SKU115,2025-08-18,FAC004,SKU115,149
MO229SKU116,2025-08-18,FAC005,SKU116,339
MO229SKU117,2025-08-18,FAC003,SKU117,205
MO229SKU118,2025-08-18,FAC003,SKU118,556
MO229SKU119,2025-08-18,FAC004,SKU119,403
MO229SKU120,2025-08-18,FAC001,SKU120,468
MO229SKU121,2025-08-18,FAC004,SKU121,565
MO229SKU122,2025-08-18,FAC001,SKU122,326
MO229SKU123,2025-08-18,FAC002,SKU123,365
MO229SKU124,2025-08-18,FAC004,SKU124,291
MO229SKU125,2025-08-18,FAC001,SKU125,482
MO229SKU126,2025-08-18,FAC003,SKU126,442
MO229SKU127,2025-08-18,FAC005,SKU127,545
MO229SKU128,2025-08-18,FAC006,SKU128,513
MO229SKU129,2025-08-18,FAC004,SKU129,243
MO230SKU100,2025-08-19,FAC006,SKU100,270
MO230SKU101,2025-08-19,FAC006,SKU101,159
MO230SKU102,2025-08-19,FAC005,SKU102,248
MO230SKU103,2025-08-19,FAC004,SKU103,599
MO230SKU104,2025-08-19,FAC004,SKU104,247
MO230SKU105,2025-08-19,FAC004,SKU105,360
MO230SKU106,2025-08-19,FAC006,SKU106,539
MO230SKU107,2025-08-19,FAC003,SKU107,449
MO230SKU108,2025-08-19,FAC004,SKU108,137
MO230SKU109,2025-08-19,FAC005,SKU109,514
MO230SKU110,2025-08-19,FAC001,SKU110,342
MO230SKU111,2025-08-19,FAC002,SKU111,82
MO230SKU112,2025-08-19,FAC004,SKU112,409
MO230SKU113,2025-08-19,FAC003,SKU113,453
MO230SKU114,2025-08-19,FAC003,SKU114,182
MO230SKU115,2025-08-19,FAC004,SKU115,276
MO230SKU116,2025-08-19,FAC003,SKU116,157
MO230SKU117,2025-08-19,FAC004,SKU117,453
MO230SKU118,2025-08-19,FAC006,SKU118,344
MO230SKU119,2025-08-19,FAC002,SKU119,453
MO230SKU120,2025-08-19,FAC006,SKU120,325
MO230SKU121,2025-08-19,FAC001,SKU121,241
MO230SKU122,2025-08-19,FAC006,SKU122,182
MO230SKU123,2025-08-19,FAC006,SKU123,553
MO230SKU124,2025-08-19,FAC002,SKU124,422
MO230SKU125,2025-08-19,FAC004,SKU125,423
MO230SKU126,2025-08-19,FAC005,SKU126,384
MO230SKU127,2025-08-19,FAC004,SKU127,320
MO230SKU128,2025-08-19,FAC003,SKU128,163
MO230SKU129,2025-08-19,FAC003,SKU129,314
MO231SKU100,2025-08-20,FAC006,SKU100,359
MO231SKU101,2025-08-20,FAC004,SKU101,166
MO231SKU102,2025-08-20,FAC006,SKU102,132
MO231SKU103,2025-08-20,FAC001,SKU103,251
MO231SKU104,2025-08-20,FAC002,SKU104,257
MO231SKU105,2025-08-20,FAC003,SKU105,219
MO231SKU106,2025-08-20,FAC004,SKU106,399
MO231SKU107,2025-08-20,FAC003,SKU107,291
MO231SKU108,2025-08-20,FAC001,SKU108,555
MO231SKU109,2025-08-20,FAC004,SKU109,443
MO231SKU110,2025-08-20,FAC001,SKU110,182
MO231SKU111,2025-08-20,FAC003,SKU111,462
MO231SKU112,2025-08-20,FAC005,SKU112,490
MO231SKU113,2025-08-20,FAC002,SKU113,308
MO231SKU114,2025-08-20,FAC004,SKU114,202
MO231SKU115,2025-08-20,FAC003,SKU115,264
MO231SKU116,2025-08-20,FAC005,SKU116,118
MO231SKU117,2025-08-20,FAC006,SKU117,124
MO231SKU118,2025-08-20,FAC006,SKU118,314
MO231SKU119,2025-08-20,FAC003,SKU119,242
MO231SKU120,2025-08-20,FAC003,SKU120,297
MO231SKU121,2025-08-20,FAC002,SKU121,406
MO231SKU122,2025-08-20,FAC002,SKU122,421
MO231SKU123,2025-08-20,FAC002,SKU123,86
MO231SKU124,2025-08-20,FAC003,SKU124,126
MO231SKU125,2025-08-20,FAC006,SKU125,298
MO231SKU126,2025-08-20,FAC003,SKU126,328
MO231SKU127,2025-08-20,FAC001,SKU127,195
MO231SKU128,2025-08-20,FAC005,SKU128,253
MO231SKU129,2025-08-20,FAC005,SKU129,433
MO232SKU100,2025-08-21,FAC002,SKU100,324
MO232SKU101,2025-08-21,FAC003,SKU101,514
MO232SKU102,2025-08-21,FAC006,SKU102,145
MO232SKU103,2025-08-21,FAC002,SKU103,392
MO232SKU104,2025-08-21,FAC001,SKU104,274
MO232SKU105,2025-08-21,FAC003,SKU105,140
MO232SKU106,2025-08-21,FAC004,SKU106,336
MO232SKU107,2025-08-21,FAC001,SKU107,474
MO232SKU108,2025-08-21,FAC005,SKU108,570
MO232SKU109,2025-08-21,FAC006,SKU109,153
MO232SKU110,2025-08-21,FAC004,SKU110,462
MO232SKU111,2025-08-21,FAC004,SKU111,199
MO232SKU112,2025-08-21,FAC005,SKU112,144
MO232SKU113,2025-08-21,FAC004,SKU113,125
MO232SKU114,2025-08-21,FAC002,SKU114,471
MO232SKU115,2025-08-21,FAC003,SKU115,608
MO232SKU116,2025-08-21,FAC006,SKU116,238
MO232SKU117,2025-08-21,FAC001,SKU117,89
MO232SKU118,2025-08-21,FAC005,SKU118,212
MO232SKU119,2025-08-21,FAC006,SKU119,328
MO232SKU120,2025-08-21,FAC001,SKU120,311
MO232SKU121,2025-08-21,FAC002,SKU121,274
MO232SKU122,2025-08-21,FAC001,SKU122,259
MO232SKU123,2025-08-21,FAC004,SKU123,561
MO232SKU124,2025-08-21,FAC003,SKU124,357
MO232SKU125,2025-08-21,FAC005,SKU125,258
MO232SKU126,2025-08-21,FAC004,SKU126,181
MO232SKU127,2025-08-21,FAC006,SKU127,251
MO232SKU128,2025-08-21,FAC002,SKU128,171
MO232SKU129,2025-08-21,FAC003,SKU129,107
MO233SKU100,2025-08-22,FAC002,SKU100,236
MO233SKU101,2025-08-22,FAC002,SKU101,451
MO233SKU102,2025-08-22,FAC005,SKU102,198
MO233SKU103,2025-08-22,FAC002,SKU103,154
MO233SKU104,2025-08-22,FAC003,SKU104,556
MO233SKU105,2025-08-22,FAC003,SKU105,321
MO233SKU106,2025-08-22,FAC005,SKU106,223
MO233SKU107,2025-08-22,FAC003,SKU107,285
MO233SKU108,2025-08-22,FAC001,SKU108,342
MO233SKU109,2025-08-22,FAC004,SKU109,254
MO233SKU110,2025-08-22,FAC006,SKU110,187
MO233SKU111,2025-08-22,FAC003,SKU111,515
MO233SKU112,2025-08-22,FAC006,SKU112,370
MO233SKU113,2025-08-22,FAC002,SKU113,367
MO233SKU114,2025-08-22,FAC006,SKU114,500
MO233SKU115,2025-08-22,FAC004,SKU115,336
MO233SKU116,2025-08-22,FAC001,SKU116,228
MO233SKU117,2025-08-22,FAC004,SKU117,501
MO233SKU118,2025-08-22,FAC005,SKU118,343
MO233SKU119,2025-08-22,FAC004,SKU119,119
MO233SKU120,2025-08-22,FAC006,SKU120,321
MO233SKU121,2025-08-22,FAC004,SKU121,133
MO233SKU122,2025-08-22,FAC004,SKU122,297
MO233SKU123,2025-08-22,FAC004,SKU123,343
MO233SKU124,2025-08-22,FAC002,SKU124,431
MO233SKU125,2025-08-22,FAC003,SKU125,390
MO233SKU126,2025-08-22,FAC006,SKU126,541
MO233SKU127,2025-08-22,FAC002,SKU127,499
MO233SKU128,2025-08-22,FAC006,SKU128,472
MO233SKU129,2025-08-22,FAC006,SKU129,367
MO234SKU100,2025-08-23,FAC006,SKU100,493
MO234SKU101,2025-08-23,FAC006,SKU101,358
MO234SKU102,2025-08-23,FAC003,SKU102,410
MO234SKU103,2025-08-23,FAC003,SKU103,222
MO234SKU104,2025-08-23,FAC006,SKU104,420
MO234SKU105,2025-08-23,FAC001,SKU105,242
MO234SKU106,2025-08-23,FAC006,SKU106,567
MO234SKU107,2025-08-23,FAC004,SKU107,195
MO234SKU108,2025-08-23,FAC005,SKU108,496
MO234SKU109,2025-08-23,FAC006,SKU109,522
MO234SKU110,2025-08-23,FAC002,SKU110,358
MO234SKU111,2025-08-23,FAC004,SKU111,423
MO234SKU112,2025-08-23,FAC002,SKU112,576
MO234SKU113,2025-08-23,FAC002,SKU113,344
MO234SKU114,2025-08-23,FAC004,SKU114,372
MO234SKU115,2025-08-23,FAC006,SKU115,305
MO234SKU116,2025-08-23,FAC001,SKU116,587
MO234SKU117,2025-08-23,FAC005,SKU117,154
MO234SKU118,2025-08-23,FAC005,SKU118,608
MO234SKU119,2025-08-23,FAC002,SKU119,514
MO234SKU120,2025-08-23,FAC002,SKU120,509
MO234SKU121,2025-08-23,FAC003,SKU121,174
MO234SKU122,2025-08-23,FAC003,SKU122,583
MO234SKU123,2025-08-23,FAC002,SKU123,546
MO234SKU124,2025-08-23,FAC002,SKU124,496
MO234SKU125,2025-08-23,FAC006,SKU125,422
MO234SKU126,2025-08-23,FAC003,SKU126,321
MO234SKU127,2025-08-23,FAC002,SKU127,551
MO234SKU128,2025-08-23,FAC006,SKU128,194
MO234SKU129,2025-08-23,FAC005,SKU129,455
MO235SKU100,2025-08-24,FAC005,SKU100,431
MO235SKU101,2025-08-24,FAC001,SKU101,363
MO235SKU102,2025-08-24,FAC002,SKU102,486
MO235SKU103,2025-08-24,FAC001,SKU103,267
MO235SKU104,2025-08-24,FAC001,SKU104,142
MO235SKU105,2025-08-24,FAC005,SKU105,278
MO235SKU106,2025-08-24,FAC006,SKU106,153
MO235SKU107,2025-08-24,FAC006,SKU107,442
MO235SKU108,2025-08-24,FAC001,SKU108,103
MO235SKU109,2025-08-24,FAC003,SKU109,217
MO235SKU110,2025-08-24,FAC004,SKU110,404
MO235SKU111,2025-08-24,FAC002,SKU111,397
MO235SKU112,2025-08-24,FAC001,SKU112,250
MO235SKU113,2025-08-24,FAC005,SKU113,149
MO235SKU114,2025-08-24,FAC006,SKU114,480
MO235SKU115,2025-08-24,FAC004,SKU115,151
MO235SKU116,2025-08-24,FAC003,SKU116,256
MO235SKU117,2025-08-24,FAC004,SKU117,391
MO235SKU118,2025-08-24,FAC006,SKU118,274
MO235SKU119,2025-08-24,FAC001,SKU119,464
MO235SKU120,2025-08-24,FAC002,SKU120,311
MO235SKU121,2025-08-24,FAC005,SKU121,146
MO235SKU122,2025-08-24,FAC001,SKU122,341
MO235SKU123,2025-08-24,FAC006,SKU123,395
MO235SKU124,2025-08-24,FAC002,SKU124,454
MO235SKU125,2025-08-24,FAC002,SKU125,171
MO235SKU126,2025-08-24,FAC003,SKU126,385
MO235SKU127,2025-08-24,FAC002,SKU127,400
MO235SKU128,2025-08-24,FAC001,SKU128,222
MO235SKU129,2025-08-24,FAC005,SKU129,149
MO236SKU100,2025-08-25,FAC001,SKU100,188
MO236SKU101,2025-08-25,FAC001,SKU101,481
MO236SKU102,2025-08-25,FAC006,SKU102,305
MO236SKU103,2025-08-25,FAC005,SKU103,109
MO236SKU104,2025-08-25,FAC003,SKU104,549
MO236SKU105,2025-08-25,FAC005,SKU105,171
MO236SKU106,2025-08-25,FAC002,SKU106,501
MO236SKU107,2025-08-25,FAC001,SKU107,406
MO236SKU108,2025-08-25,FAC004,SKU108,459
MO236SKU109,2025-08-25,FAC004,SKU109,390
MO236SKU110,2025-08-25,FAC001,SKU110,338
MO236SKU111,2025-08-25,FAC001,SKU111,399
MO236SKU112,2025-08-25,FAC005,SKU112,453
MO236SKU113,2025-08-25,FAC001,SKU113,508
MO236SKU114,2025-08-25,FAC002,SKU114,426
MO236SKU115,2025-08-25,FAC003,SKU115,467
MO236SKU116,2025-08-25,FAC002,SKU116,104
MO236SKU117,2025-08-25,FAC001,SKU117,294
MO236SKU118,2025-08-25,FAC006,SKU118,433
MO236SKU119,2025-08-25,FAC005,SKU119,315
MO236SKU120,2025-08-25,FAC002,SKU120,570
MO236SKU121,2025-08-25,FAC004,SKU121,221
MO236SKU122,2025-08-25,FAC001,SKU122,262
MO236SKU123,2025-08-25,FAC004,SKU123,490
MO236SKU124,2025-08-25,FAC006,SKU124,577
MO236SKU125,2025-08-25,FAC006,SKU125,453
MO236SKU126,2025-08-25,FAC003,SKU126,261
MO236SKU127,2025-08-25,FAC005,SKU127,336
MO236SKU128,2025-08-25,FAC001,SKU128,424
MO236SKU129,2025-08-25,FAC006,SKU129,333
MO237SKU100,2025-08-26,FAC004,SKU100,347
MO237SKU101,2025-08-26,FAC004,SKU101,542
MO237SKU102,2025-08-26,FAC001,SKU102,116
MO237SKU103,2025-08-26,FAC001,SKU103,102
MO237SKU104,2025-08-26,FAC001,SKU104,509
MO237SKU105,2025-08-26,FAC004,SKU105,233
MO237SKU106,2025-08-26,FAC004,SKU106,507
MO237SKU107,2025-08-26,FAC006,SKU107,209
MO237SKU108,2025-08-26,FAC001,SKU108,389
MO237SKU109,2025-08-26,FAC006,SKU109,126
MO237SKU110,2025-08-26,FAC005,SKU110,316
MO237SKU111,2025-08-26,FAC001,SKU111,498
MO237SKU112,2025-08-26,FAC001,SKU112,181
MO237SKU113,2025-08-26,FAC005,SKU113,357
MO237SKU114,2025-08-26,FAC006,SKU114,146
MO237SKU115,2025-08-26,FAC005,SKU115,162
MO237SKU116,2025-08-26,FAC002,SKU116,195
MO237SKU117,2025-08-26,FAC004,SKU117,98
MO237SKU118,2025-08-26,FAC003,SKU118,200
MO237SKU119,2025-08-26,FAC001,SKU119,419
MO237SKU120,2025-08-26,FAC006,SKU120,279
MO237SKU121,2025-08-26,FAC005,SKU121,448
MO237SKU122,2025-08-26,FAC001,SKU122,184
MO237SKU123,2025-08-26,FAC003,SKU123,181
MO237SKU124,2025-08-26,FAC003,SKU124,101
MO237SKU125,2025-08-26,FAC004,SKU125,318
MO237SKU126,2025-08-26,FAC006,SKU126,190
MO237SKU127,2025-08-26,FAC001,SKU127,470
MO237SKU128,2025-08-26,FAC006,SKU128,372
MO237SKU129,2025-08-26,FAC004,SKU129,497
MO238SKU100,2025-08-27,FAC005,SKU100,235
MO238SKU101,2025-08-27,FAC005,SKU101,566
MO238SKU102,2025-08-27,FAC003,SKU102,145
MO238SKU103,2025-08-27,FAC004,SKU103,366
MO238SKU104,2025-08-27,FAC002,SKU104,538
MO238SKU105,2025-08-27,FAC006,SKU105,124
MO238SKU106,2025-08-27,FAC005,SKU106,482
MO238SKU107,2025-08-27,FAC003,SKU107,115
MO238SKU108,2025-08-27,FAC001,SKU108,443
MO238SKU109,2025-08-27,FAC005,SKU109,254
MO238SKU110,2025-08-27,FAC001,SKU110,153
MO238SKU111,2025-08-27,FAC006,SKU111,488
MO238SKU112,2025-08-27,FAC002,SKU112,271
MO238SKU113,2025-08-27,FAC005,SKU113,495
MO238SKU114,2025-08-27,FAC005,SKU114,279
MO238SKU115,2025-08-27,FAC003,SKU115,311
MO238SKU116,2025-08-27,FAC001,SKU116,441
MO238SKU117,2025-08-27,FAC005,SKU117,575
MO238SKU118,2025-08-27,FAC004,SKU118,543
MO238SKU119,2025-08-27,FAC001,SKU119,369
MO238SKU120,2025-08-27,FAC002,SKU120,279
MO238SKU121,2025-08-27,FAC004,SKU121,429
MO238SKU122,2025-08-27,FAC001,SKU122,317
MO238SKU123,2025-08-27,FAC002,SKU123,280
MO238SKU124,2025-08-27,FAC003,SKU124,365
MO238SKU125,2025-08-27,FAC003,SKU125,106
MO238SKU126,2025-08-27,FAC002,SKU126,359
MO238SKU127,2025-08-27,FAC003,SKU127,498
MO238SKU128,2025-08-27,FAC003,SKU128,410
MO238SKU129,2025-08-27,FAC003,SKU129,457
MO239SKU100,2025-08-28,FAC002,SKU100,399
MO239SKU101,2025-08-28,FAC003,SKU101,520
MO239SKU102,2025-08-28,FAC001,SKU102,245
MO239SKU103,2025-08-28,FAC004,SKU103,135
MO239SKU104,2025-08-28,FAC006,SKU104,166
MO239SKU105,2025-08-28,FAC004,SKU105,311
MO239SKU106,2025-08-28,FAC003,SKU106,155
MO239SKU107,2025-08-28,FAC005,SKU107,400
MO239SKU108,2025-08-28,FAC004,SKU108,124
MO239SKU109,2025-08-28,FAC002,SKU109,565
MO239SKU110,2025-08-28,FAC001,SKU110,183
MO239SKU111,2025-08-28,FAC006,SKU111,529
MO239SKU112,2025-08-28,FAC006,SKU112,474
MO239SKU113,2025-08-28,FAC002,SKU113,297
MO239SKU114,2025-08-28,FAC005,SKU114,178
MO239SKU115,2025-08-28,FAC004,SKU115,562
MO239SKU116,2025-08-28,FAC002,SKU116,136
MO239SKU117,2025-08-28,FAC006,SKU117,366
MO239SKU118,2025-08-28,FAC002,SKU118,431
MO239SKU119,2025-08-28,FAC002,SKU119,395
MO239SKU120,2025-08-28,FAC001,SKU120,172
MO239SKU121,2025-08-28,FAC005,SKU121,181
MO239SKU122,2025-08-28,FAC001,SKU122,545
MO239SKU123,2025-08-28,FAC002,SKU123,531
MO239SKU124,2025-08-28,FAC002,SKU124,340
MO239SKU125,2025-08-28,FAC002,SKU125,126
MO239SKU126,2025-08-28,FAC002,SKU126,287
MO239SKU127,2025-08-28,FAC005,SKU127,209
MO239SKU128,2025-08-28,FAC003,SKU128,249
MO239SKU129,2025-08-28,FAC004,SKU129,186
MO240SKU100,2025-08-29,FAC006,SKU100,488
MO240SKU101,2025-08-29,FAC001,SKU101,476
MO240SKU102,2025-08-29,FAC003,SKU102,181
MO240SKU103,2025-08-29,FAC003,SKU103,536
MO240SKU104,2025-08-29,FAC006,SKU104,384
MO240SKU105,2025-08-29,FAC003,SKU105,280
MO240SKU106,2025-08-29,FAC005,SKU106,550
MO240SKU107,2025-08-29,FAC003,SKU107,205
MO240SKU108,2025-08-29,FAC002,SKU108,538
MO240SKU109,2025-08-29,FAC004,SKU109,550
MO240SKU110,2025-08-29,FAC005,SKU110,490
MO240SKU111,2025-08-29,FAC004,SKU111,133
MO240SKU112,2025-08-29,FAC002,SKU112,358
MO240SKU113,2025-08-29,FAC001,SKU113,117
MO240SKU114,2025-08-29,FAC003,SKU114,257
MO240SKU115,2025-08-29,FAC001,SKU115,527
MO240SKU116,2025-08-29,FAC004,SKU116,146
MO240SKU117,2025-08-29,FAC003,SKU117,322
MO240SKU118,2025-08-29,FAC004,SKU118,315
MO240SKU119,2025-08-29,FAC002,SKU119,519
MO240SKU120,2025-08-29,FAC005,SKU120,538
MO240SKU121,2025-08-29,FAC003,SKU121,585
MO240SKU122,2025-08-29,FAC006,SKU122,397
MO240SKU123,2025-08-29,FAC001,SKU123,550
MO240SKU124,2025-08-29,FAC006,SKU124,156
MO240SKU125,2025-08-29,FAC005,SKU125,345
MO240SKU126,2025-08-29,FAC006,SKU126,383
MO240SKU127,2025-08-29,FAC002,SKU127,373
MO240SKU128,2025-08-29,FAC002,SKU128,258
MO240SKU129,2025-08-29,FAC003,SKU129,394
MO241SKU100,2025-08-30,FAC005,SKU100,258
MO241SKU101,2025-08-30,FAC001,SKU101,244
MO241SKU102,2025-08-30,FAC003,SKU102,560
MO241SKU103,2025-08-30,FAC005,SKU103,251
MO241SKU104,2025-08-30,FAC002,SKU104,525
MO241SKU105,2025-08-30,FAC002,SKU105,498
MO241SKU106,2025-08-30,FAC006,SKU106,368
MO241SKU107,2025-08-30,FAC004,SKU107,406
MO241SKU108,2025-08-30,FAC004,SKU108,241
MO241SKU109,2025-08-30,FAC001,SKU109,418
MO241SKU110,2025-08-30,FAC006,SKU110,490
MO241SKU111,2025-08-30,FAC001,SKU111,370
MO241SKU112,2025-08-30,FAC005,SKU112,280
MO241SKU113,2025-08-30,FAC003,SKU113,138
MO241SKU114,2025-08-30,FAC003,SKU114,99
MO241SKU115,2025-08-30,FAC003,SKU115,494
MO241SKU116,2025-08-30,FAC002,SKU116,380
MO241SKU117,2025-08-30,FAC002,SKU117,319
MO241SKU118,2025-08-30,FAC003,SKU118,238
MO241SKU119,2025-08-30,FAC002,SKU119,305
MO241SKU120,2025-08-30,FAC003,SKU120,346
MO241SKU121,2025-08-30,FAC004,SKU121,539
MO241SKU122,2025-08-30,FAC005,SKU122,242
MO241SKU123,2025-08-30,FAC002,SKU123,435
MO241SKU124,2025-08-30,FAC003,SKU124,595
MO241SKU125,2025-08-30,FAC001,SKU125,307
MO241SKU126,2025-08-30,FAC003,SKU126,311
MO241SKU127,2025-08-30,FAC005,SKU127,340
MO241SKU128,2025-08-30,FAC003,SKU128,318
MO241SKU129,2025-08-30,FAC006,SKU129,139
MO242SKU100,2025-08-31,FAC002,SKU100,449
MO242SKU101,2025-08-31,FAC002,SKU101,478
MO242SKU102,2025-08-31,FAC003,SKU102,176
MO242SKU103,2025-08-31,FAC001,SKU103,543
MO242SKU104,2025-08-31,FAC003,SKU104,215
MO242SKU105,2025-08-31,FAC006,SKU105,420
MO242SKU106,2025-08-31,FAC006,SKU106,483
MO242SKU107,2025-08-31,FAC004,SKU107,285
MO242SKU108,2025-08-31,FAC002,SKU108,428
MO242SKU109,2025-08-31,FAC003,SKU109,183
MO242SKU110,2025-08-31,FAC001,SKU110,470
MO242SKU111,2025-08-31,FAC005,SKU111,214
MO242SKU112,2025-08-31,FAC005,SKU112,169
MO242SKU113,2025-08-31,FAC002,SKU113,183
MO242SKU114,2025-08-31,FAC002,SKU114,495
MO242SKU115,2025-08-31,FAC006,SKU115,149
MO242SKU116,2025-08-31,FAC006,SKU116,289
MO242SKU117,2025-08-31,FAC006,SKU117,332
MO242SKU118,2025-08-31,FAC004,SKU118,118
MO242SKU119,2025-08-31,FAC005,SKU119,227
MO242SKU120,2025-08-31,FAC001,SKU120,197
MO242SKU121,2025-08-31,FAC001,SKU121,590
MO242SKU122,2025-08-31,FAC006,SKU122,143
MO242SKU123,2025-08-31,FAC003,SKU123,384
MO242SKU124,2025-08-31,FAC005,SKU124,312
MO242SKU125,2025-08-31,FAC002,SKU125,218
MO242SKU126,2025-08-31,FAC004,SKU126,338
MO242SKU127,2025-08-31,FAC006,SKU127,570
MO242SKU128,2025-08-31,FAC006,SKU128,474
MO242SKU129,2025-08-31,FAC002,SKU129,470
MO243SKU100,2025-09-01,FAC002,SKU100,154
MO243SKU101,2025-09-01,FAC001,SKU101,495
MO243SKU102,2025-09-01,FAC003,SKU102,406
MO243SKU103,2025-09-01,FAC001,SKU103,460
MO243SKU104,2025-09-01,FAC003,SKU104,160
MO243SKU105,2025-09-01,FAC005,SKU105,181
MO243SKU106,2025-09-01,FAC006,SKU106,480
MO243SKU107,2025-09-01,FAC002,SKU107,449
MO243SKU108,2025-09-01,FAC005,SKU108,420
MO243SKU109,2025-09-01,FAC001,SKU109,535
MO243SKU110,2025-09-01,FAC001,SKU110,239
MO243SKU111,2025-09-01,FAC001,SKU111,129
MO243SKU112,2025-09-01,FAC005,SKU112,331
MO243SKU113,2025-09-01,FAC003,SKU113,127
MO243SKU114,2025-09-01,FAC001,SKU114,396
MO243SKU115,2025-09-01,FAC004,SKU115,393
MO243SKU116,2025-09-01,FAC005,SKU116,344
MO243SKU117,2025-09-01,FAC006,SKU117,186
MO243SKU118,2025-09-01,FAC005,SKU118,190
MO243SKU119,2025-09-01,FAC004,SKU119,265
MO243SKU120,2025-09-01,FAC004,SKU120,393
MO243SKU121,2025-09-01,FAC005,SKU121,228
MO243SKU122,2025-09-01,FAC006,SKU122,168
MO243SKU123,2025-09-01,FAC005,SKU123,354
MO243SKU124,2025-09-01,FAC002,SKU124,430
MO243SKU125,2025-09-01,FAC001,SKU125,490
MO243SKU126,2025-09-01,FAC004,SKU126,314
MO243SKU127,2025-09-01,FAC004,SKU127,549
MO243SKU128,2025-09-01,FAC004,SKU128,173
MO243SKU129,2025-09-01,FAC005,SKU129,345
MO244SKU100,2025-09-02,FAC003,SKU100,332
MO244SKU101,2025-09-02,FAC003,SKU101,416
MO244SKU102,2025-09-02,FAC002,SKU102,298
MO244SKU103,2025-09-02,FAC002,SKU103,304
MO244SKU104,2025-09-02,FAC005,SKU104,422
MO244SKU105,2025-09-02,FAC004,SKU105,279
MO244SKU106,2025-09-02,FAC006,SKU106,184
MO244SKU107,2025-09-02,FAC001,SKU107,311
MO244SKU108,2025-09-02,FAC003,SKU108,325
MO244SKU109,2025-09-02,FAC004,SKU109,359
MO244SKU110,2025-09-02,FAC002,SKU110,193
MO244SKU111,2025-09-02,FAC003,SKU111,173
MO244SKU112,2025-09-02,FAC004,SKU112,175
MO244SKU113,2025-09-02,FAC004,SKU113,390
MO244SKU114,2025-09-02,FAC002,SKU114,416
MO244SKU115,2025-09-02,FAC003,SKU115,309
MO244SKU116,2025-09-02,FAC002,SKU116,526
MO244SKU117,2025-09-02,FAC003,SKU117,205
MO244SKU118,2025-09-02,FAC002,SKU118,247
MO244SKU119,2025-09-02,FAC002,SKU119,604
MO244SKU120,2025-09-02,FAC005,SKU120,134
MO244SKU121,2025-09-02,FAC006,SKU121,402
MO244SKU122,2025-09-02,FAC002,SKU122,111
MO244SKU123,2025-09-02,FAC004,SKU123,542
MO244SKU124,2025-09-02,FAC006,SKU124,411
MO244SKU125,2025-09-02,FAC005,SKU125,533
MO244SKU126,2025-09-02,FAC006,SKU126,199
MO244SKU127,2025-09-02,FAC004,SKU127,366
MO244SKU128,2025-09-02,FAC001,SKU128,72
MO244SKU129,2025-09-02,FAC002,SKU129,335
MO245SKU100,2025-09-03,FAC005,SKU100,401
MO245SKU101,2025-09-03,FAC004,SKU101,592
MO245SKU102,2025-09-03,FAC005,SKU102,182
MO245SKU103,2025-09-03,FAC003,SKU103,396
MO245SKU104,2025-09-03,FAC004,SKU104,455
MO245SKU105,2025-09-03,FAC003,SKU105,527
MO245SKU106,2025-09-03,FAC006,SKU106,452
MO245SKU107,2025-09-03,FAC002,SKU107,398
MO245SKU108,2025-09-03,FAC001,SKU108,568
MO245SKU109,2025-09-03,FAC002,SKU109,550
MO245SKU110,2025-09-03,FAC006,SKU110,261
MO245SKU111,2025-09-03,FAC002,SKU111,522
MO245SKU112,2025-09-03,FAC006,SKU112,352
MO245SKU113,2025-09-03,FAC005,SKU113,150
MO245SKU114,2025-09-03,FAC005,SKU114,564
MO245SKU115,2025-09-03,FAC003,SKU115,122
MO245SKU116,2025-09-03,FAC002,SKU116,264
MO245SKU117,2025-09-03,FAC003,SKU117,131
MO245SKU118,2025-09-03,FAC001,SKU118,540
MO245SKU119,2025-09-03,FAC006,SKU119,271
MO245SKU120,2025-09-03,FAC006,SKU120,150
MO245SKU121,2025-09-03,FAC001,SKU121,192
MO245SKU122,2025-09-03,FAC003,SKU122,125
MO245SKU123,2025-09-03,FAC006,SKU123,423
MO245SKU124,2025-09-03,FAC005,SKU124,375
MO245SKU125,2025-09-03,FAC002,SKU125,412
MO245SKU126,2025-09-03,FAC005,SKU126,304
MO245SKU127,2025-09-03,FAC001,SKU127,230
MO245SKU128,2025-09-03,FAC005,SKU128,206
MO245SKU129,2025-09-03,FAC003,SKU129,373
MO246SKU100,2025-09-04,FAC006,SKU100,505
MO246SKU101,2025-09-04,FAC005,SKU101,329
MO246SKU102,2025-09-04,FAC003,SKU102,269
MO246SKU103,2025-09-04,FAC006,SKU103,451
MO246SKU104,2025-09-04,FAC001,SKU104,467
MO246SKU105,2025-09-04,FAC006,SKU105,592
MO246SKU106,2025-09-04,FAC005,SKU106,483
MO246SKU107,2025-09-04,FAC003,SKU107,504
MO246SKU108,2025-09-04,FAC001,SKU108,531
MO246SKU109,2025-09-04,FAC005,SKU109,171
MO246SKU110,2025-09-04,FAC002,SKU110,301
MO246SKU111,2025-09-04,FAC006,SKU111,150
MO246SKU112,2025-09-04,FAC006,SKU112,544
MO246SKU113,2025-09-04,FAC002,SKU113,518
MO246SKU114,2025-09-04,FAC002,SKU114,343
MO246SKU115,2025-09-04,FAC002,SKU115,474
MO246SKU116,2025-09-04,FAC001,SKU116,81
MO246SKU117,2025-09-04,FAC001,SKU117,529
MO246SKU118,2025-09-04,FAC002,SKU118,559
MO246SKU119,2025-09-04,FAC001,SKU119,443
MO246SKU120,2025-09-04,FAC003,SKU120,127
MO246SKU121,2025-09-04,FAC002,SKU121,417
MO246SKU122,2025-09-04,FAC002,SKU122,471
MO246SKU123,2025-09-04,FAC001,SKU123,503
MO246SKU124,2025-09-04,FAC005,SKU124,439
MO246SKU125,2025-09-04,FAC001,SKU125,216
MO246SKU126,2025-09-04,FAC003,SKU126,551
MO246SKU127,2025-09-04,FAC004,SKU127,227
MO246SKU128,2025-09-04,FAC004,SKU128,148
MO246SKU129,2025-09-04,FAC006,SKU129,173
MO247SKU100,2025-09-05,FAC006,SKU100,87
MO247SKU101,2025-09-05,FAC001,SKU101,116
MO247SKU102,2025-09-05,FAC002,SKU102,319
MO247SKU103,2025-09-05,FAC001,SKU103,585
MO247SKU104,2025-09-05,FAC002,SKU104,469
MO247SKU105,2025-09-05,FAC003,SKU105,343
MO247SKU106,2025-09-05,FAC001,SKU106,174
MO247SKU107,2025-09-05,FAC004,SKU107,290
MO247SKU108,2025-09-05,FAC004,SKU108,254
MO247SKU109,2025-09-05,FAC006,SKU109,287
MO247SKU110,2025-09-05,FAC004,SKU110,340
MO247SKU111,2025-09-05,FAC005,SKU111,508
MO247SKU112,2025-09-05,FAC002,SKU112,395
MO247SKU113,2025-09-05,FAC002,SKU113,409
MO247SKU114,2025-09-05,FAC005,SKU114,266
MO247SKU115,2025-09-05,FAC001,SKU115,467
MO247SKU116,2025-09-05,FAC006,SKU116,510
MO247SKU117,2025-09-05,FAC002,SKU117,379
MO247SKU118,2025-09-05,FAC004,SKU118,192
MO247SKU119,2025-09-05,FAC006,SKU119,365
MO247SKU120,2025-09-05,FAC006,SKU120,89
MO247SKU121,2025-09-05,FAC001,SKU121,395
MO247SKU122,2025-09-05,FAC003,SKU122,314
MO247SKU123,2025-09-05,FAC006,SKU123,219
MO247SKU124,2025-09-05,FAC005,SKU124,507
MO247SKU125,2025-09-05,FAC005,SKU125,109
MO247SKU126,2025-09-05,FAC005,SKU126,247
MO247SKU127,2025-09-05,FAC003,SKU127,173
MO247SKU128,2025-09-05,FAC002,SKU128,379
MO247SKU129,2025-09-05,FAC004,SKU129,285
MO248SKU100,2025-09-06,FAC004,SKU100,156
MO248SKU101,2025-09-06,FAC002,SKU101,392
MO248SKU102,2025-09-06,FAC002,SKU102,149
MO248SKU103,2025-09-06,FAC003,SKU103,330
MO248SKU104,2025-09-06,FAC004,SKU104,131
MO248SKU105,2025-09-06,FAC003,SKU105,485
MO248SKU106,2025-09-06,FAC006,SKU106,346
MO248SKU107,2025-09-06,FAC006,SKU107,565
MO248SKU108,2025-09-06,FAC005,SKU108,225
MO248SKU109,2025-09-06,FAC004,SKU109,481
MO248SKU110,2025-09-06,FAC004,SKU110,363
MO248SKU111,2025-09-06,FAC001,SKU111,488
MO248SKU112,2025-09-06,FAC001,SKU112,161
MO248SKU113,2025-09-06,FAC002,SKU113,152
MO248SKU114,2025-09-06,FAC006,SKU114,476
MO248SKU115,2025-09-06,FAC001,SKU115,333
MO248SKU116,2025-09-06,FAC001,SKU116,257
MO248SKU117,2025-09-06,FAC003,SKU117,469
MO248SKU118,2025-09-06,FAC002,SKU118,203
MO248SKU119,2025-09-06,FAC001,SKU119,467
MO248SKU120,2025-09-06,FAC002,SKU120,458
MO248SKU121,2025-09-06,FAC004,SKU121,136
MO248SKU122,2025-09-06,FAC002,SKU122,237
MO248SKU123,2025-09-06,FAC004,SKU123,265
MO248SKU124,2025-09-06,FAC003,SKU124,533
MO248SKU125,2025-09-06,FAC003,SKU125,560
MO248SKU126,2025-09-06,FAC006,SKU126,388
MO248SKU127,2025-09-06,FAC006,SKU127,292
MO248SKU128,2025-09-06,FAC006,SKU128,269
MO248SKU129,2025-09-06,FAC003,SKU129,565
MO249SKU100,2025-09-07,FAC002,SKU100,236
MO249SKU101,2025-09-07,FAC003,SKU101,290
MO249SKU102,2025-09-07,FAC005,SKU102,491
MO249SKU103,2025-09-07,FAC003,SKU103,520
MO249SKU104,2025-09-07,FAC006,SKU104,429
MO249SKU105,2025-09-07,FAC003,SKU105,264
MO249SKU106,2025-09-07,FAC006,SKU106,567
MO249SKU107,2025-09-07,FAC004,SKU107,319
MO249SKU108,2025-09-07,FAC004,SKU108,178
MO249SKU109,2025-09-07,FAC003,SKU109,360
MO249SKU110,2025-09-07,FAC001,SKU110,311
MO249SKU111,2025-09-07,FAC004,SKU111,484
MO249SKU112,2025-09-07,FAC005,SKU112,437
MO249SKU113,2025-09-07,FAC002,SKU113,478
MO249SKU114,2025-09-07,FAC005,SKU114,489
MO249SKU115,2025-09-07,FAC006,SKU115,215
MO249SKU116,2025-09-07,FAC006,SKU116,274
MO249SKU117,2025-09-07,FAC005,SKU117,424
MO249SKU118,2025-09-07,FAC006,SKU118,331
MO249SKU119,2025-09-07,FAC001,SKU119,274
MO249SKU120,2025-09-07,FAC002,SKU120,530
MO249SKU121,2025-09-07,FAC002,SKU121,275
MO249SKU122,2025-09-07,FAC002,SKU122,93
MO249SKU123,2025-09-07,FAC005,SKU123,221
MO249SKU124,2025-09-07,FAC006,SKU124,215
MO249SKU125,2025-09-07,FAC006,SKU125,365
MO249SKU126,2025-09-07,FAC005,SKU126,174
MO249SKU127,2025-09-07,FAC003,SKU127,272
MO249SKU128,2025-09-07,FAC001,SKU128,456
MO249SKU129,2025-09-07,FAC001,SKU129,428
MO250SKU100,2025-09-08,FAC002,SKU100,310
MO250SKU101,2025-09-08,FAC004,SKU101,147
MO250SKU102,2025-09-08,FAC006,SKU102,270
MO250SKU103,2025-09-08,FAC002,SKU103,522
MO250SKU104,2025-09-08,FAC003,SKU104,372
MO250SKU105,2025-09-08,FAC006,SKU105,175
MO250SKU106,2025-09-08,FAC002,SKU106,172
MO250SKU107,2025-09-08,FAC003,SKU107,334
MO250SKU108,2025-09-08,FAC002,SKU108,225
MO250SKU109,2025-09-08,FAC002,SKU109,377
MO250SKU110,2025-09-08,FAC004,SKU110,384
MO250SKU111,2025-09-08,FAC003,SKU111,185
MO250SKU112,2025-09-08,FAC003,SKU112,510
MO250SKU113,2025-09-08,FAC005,SKU113,248
MO250SKU114,2025-09-08,FAC003,SKU114,490
MO250SKU115,2025-09-08,FAC004,SKU115,121
MO250SKU116,2025-09-08,FAC006,SKU116,546
MO250SKU117,2025-09-08,FAC001,SKU117,420
MO250SKU118,2025-09-08,FAC003,SKU118,374
MO250SKU119,2025-09-08,FAC006,SKU119,296
MO250SKU120,2025-09-08,FAC001,SKU120,535
MO250SKU121,2025-09-08,FAC004,SKU121,532
MO250SKU122,2025-09-08,FAC004,SKU122,420
MO250SKU123,2025-09-08,FAC003,SKU123,213
MO250SKU124,2025-09-08,FAC002,SKU124,181
MO250SKU125,2025-09-08,FAC004,SKU125,145
MO250SKU126,2025-09-08,FAC006,SKU126,330
MO250SKU127,2025-09-08,FAC001,SKU127,530
MO250SKU128,2025-09-08,FAC005,SKU128,530
MO250SKU129,2025-09-08,FAC006,SKU129,409
MO251SKU100,2025-09-09,FAC001,SKU100,529
MO251SKU101,2025-09-09,FAC003,SKU101,314
MO251SKU102,2025-09-09,FAC005,SKU102,443
MO251SKU103,2025-09-09,FAC006,SKU103,600
MO251SKU104,2025-09-09,FAC002,SKU104,540
MO251SKU105,2025-09-09,FAC002,SKU105,604
MO251SKU106,2025-09-09,FAC002,SKU106,571
MO251SKU107,2025-09-09,FAC005,SKU107,561
MO251SKU108,2025-09-09,FAC003,SKU108,147
MO251SKU109,2025-09-09,FAC006,SKU109,133
MO251SKU110,2025-09-09,FAC005,SKU110,157
MO251SKU111,2025-09-09,FAC003,SKU111,216
MO251SKU112,2025-09-09,FAC002,SKU112,521
MO251SKU113,2025-09-09,FAC002,SKU113,512
MO251SKU114,2025-09-09,FAC003,SKU114,177
MO251SKU115,2025-09-09,FAC005,SKU115,332
MO251SKU116,2025-09-09,FAC003,SKU116,126
MO251SKU117,2025-09-09,FAC003,SKU117,459
MO251SKU118,2025-09-09,FAC001,SKU118,256
MO251SKU119,2025-09-09,FAC003,SKU119,503
MO251SKU120,2025-09-09,FAC003,SKU120,342
MO251SKU121,2025-09-09,FAC001,SKU121,583
MO251SKU122,2025-09-09,FAC006,SKU122,493
MO251SKU123,2025-09-09,FAC006,SKU123,397
MO251SKU124,2025-09-09,FAC004,SKU124,143
MO251SKU125,2025-09-09,FAC006,SKU125,532
MO251SKU126,2025-09-09,FAC004,SKU126,403
MO251SKU127,2025-09-09,FAC001,SKU127,590
MO251SKU128,2025-09-09,FAC002,SKU128,369
MO251SKU129,2025-09-09,FAC002,SKU129,180
MO252SKU100,2025-09-10,FAC002,SKU100,577
MO252SKU101,2025-09-10,FAC004,SKU101,349
MO252SKU102,2025-09-10,FAC002,SKU102,562
MO252SKU103,2025-09-10,FAC004,SKU103,374
MO252SKU104,2025-09-10,FAC003,SKU104,385
MO252SKU105,2025-09-10,FAC006,SKU105,426
MO252SKU106,2025-09-10,FAC001,SKU106,307
MO252SKU107,2025-09-10,FAC001,SKU107,283
MO252SKU108,2025-09-10,FAC006,SKU108,199
MO252SKU109,2025-09-10,FAC002,SKU109,544
MO252SKU110,2025-09-10,FAC001,SKU110,418
MO252SKU111,2025-09-10,FAC003,SKU111,237
MO252SKU112,2025-09-10,FAC002,SKU112,313
MO252SKU113,2025-09-10,FAC004,SKU113,305
MO252SKU114,2025-09-10,FAC006,SKU114,354
MO252SKU115,2025-09-10,FAC005,SKU115,148
MO252SKU116,2025-09-10,FAC003,SKU116,521
MO252SKU117,2025-09-10,FAC006,SKU117,496
MO252SKU118,2025-09-10,FAC005,SKU118,291
MO252SKU119,2025-09-10,FAC004,SKU119,531
MO252SKU120,2025-09-10,FAC001,SKU120,424
MO252SKU121,2025-09-10,FAC006,SKU121,222
MO252SKU122,2025-09-10,FAC001,SKU122,389
MO252SKU123,2025-09-10,FAC002,SKU123,528
MO252SKU124,2025-09-10,FAC001,SKU124,270
MO252SKU125,2025-09-10,FAC001,SKU125,259
MO252SKU126,2025-09-10,FAC005,SKU126,219
MO252SKU127,2025-09-10,FAC002,SKU127,286
MO252SKU128,2025-09-10,FAC002,SKU128,568
MO252SKU129,2025-09-10,FAC006,SKU129,526
MO253SKU100,2025-09-11,FAC005,SKU100,390
MO253SKU101,2025-09-11,FAC004,SKU101,281
MO253SKU102,2025-09-11,FAC001,SKU102,202
MO253SKU103,2025-09-11,FAC006,SKU103,192
MO253SKU104,2025-09-11,FAC004,SKU104,188
MO253SKU105,2025-09-11,FAC004,SKU105,91
MO253SKU106,2025-09-11,FAC001,SKU106,279
MO253SKU107,2025-09-11,FAC005,SKU107,476
MO253SKU108,2025-09-11,FAC004,SKU108,132
MO253SKU109,2025-09-11,FAC001,SKU109,438
MO253SKU110,2025-09-11,FAC001,SKU110,569
MO253SKU111,2025-09-11,FAC003,SKU111,250
MO253SKU112,2025-09-11,FAC004,SKU112,261
MO253SKU113,2025-09-11,FAC004,SKU113,371
MO253SKU114,2025-09-11,FAC001,SKU114,308
MO253SKU115,2025-09-11,FAC004,SKU115,186
MO253SKU116,2025-09-11,FAC006,SKU116,252
MO253SKU117,2025-09-11,FAC006,SKU117,581
MO253SKU118,2025-09-11,FAC002,SKU118,420
MO253SKU119,2025-09-11,FAC003,SKU119,346
MO253SKU120,2025-09-11,FAC004,SKU120,182
MO253SKU121,2025-09-11,FAC004,SKU121,330
MO253SKU122,2025-09-11,FAC003,SKU122,223
MO253SKU123,2025-09-11,FAC001,SKU123,374
MO253SKU124,2025-09-11,FAC005,SKU124,421
MO253SKU125,2025-09-11,FAC001,SKU125,521
MO253SKU126,2025-09-11,FAC006,SKU126,541
MO253SKU127,2025-09-11,FAC003,SKU127,536
MO253SKU128,2025-09-11,FAC003,SKU128,314
MO253SKU129,2025-09-11,FAC004,SKU129,546
MO254SKU100,2025-09-12,FAC005,SKU100,305
MO254SKU101,2025-09-12,FAC005,SKU101,184
MO254SKU102,2025-09-12,FAC004,SKU102,335
MO254SKU103,2025-09-12,FAC003,SKU103,377
MO254SKU104,2025-09-12,FAC005,SKU104,280
MO254SKU105,2025-09-12,FAC004,SKU105,479
MO254SKU106,2025-09-12,FAC005,SKU106,119
MO254SKU107,2025-09-12,FAC001,SKU107,531
MO254SKU108,2025-09-12,FAC004,SKU108,278
MO254SKU109,2025-09-12,FAC002,SKU109,451
MO254SKU110,2025-09-12,FAC001,SKU110,548
MO254SKU111,2025-09-12,FAC002,SKU111,321
MO254SKU112,2025-09-12,FAC006,SKU112,217
MO254SKU113,2025-09-12,FAC006,SKU113,431
MO254SKU114,2025-09-12,FAC004,SKU114,377
MO254SKU115,2025-09-12,FAC001,SKU115,425
MO254SKU116,2025-09-12,FAC006,SKU116,286
MO254SKU117,2025-09-12,FAC001,SKU117,480
MO254SKU118,2025-09-12,FAC002,SKU118,423
MO254SKU119,2025-09-12,FAC001,SKU119,197
MO254SKU120,2025-09-12,FAC005,SKU120,191
MO254SKU121,2025-09-12,FAC004,SKU121,375
MO254SKU122,2025-09-12,FAC004,SKU122,124
MO254SKU123,2025-09-12,FAC005,SKU123,515
MO254SKU124,2025-09-12,FAC005,SKU124,577
MO254SKU125,2025-09-12,FAC004,SKU125,277
MO254SKU126,2025-09-12,FAC004,SKU126,277
MO254SKU127,2025-09-12,FAC002,SKU127,484
MO254SKU128,2025-09-12,FAC001,SKU128,158
MO254SKU129,2025-09-12,FAC004,SKU129,285
MO255SKU100,2025-09-13,FAC001,SKU100,337
MO255SKU101,2025-09-13,FAC002,SKU101,227
MO255SKU102,2025-09-13,FAC003,SKU102,396
MO255SKU103,2025-09-13,FAC002,SKU103,326
MO255SKU104,2025-09-13,FAC004,SKU104,552
MO255SKU105,2025-09-13,FAC002,SKU105,282
MO255SKU106,2025-09-13,FAC001,SKU106,438
MO255SKU107,2025-09-13,FAC006,SKU107,241
MO255SKU108,2025-09-13,FAC005,SKU108,422
MO255SKU109,2025-09-13,FAC002,SKU109,346
MO255SKU110,2025-09-13,FAC002,SKU110,140
MO255SKU111,2025-09-13,FAC004,SKU111,109
MO255SKU112,2025-09-13,FAC006,SKU112,320
MO255SKU113,2025-09-13,FAC002,SKU113,223
MO255SKU114,2025-09-13,FAC001,SKU114,528
MO255SKU115,2025-09-13,FAC005,SKU115,268
MO255SKU116,2025-09-13,FAC005,SKU116,383
MO255SKU117,2025-09-13,FAC003,SKU117,559
MO255SKU118,2025-09-13,FAC002,SKU118,456
MO255SKU119,2025-09-13,FAC003,SKU119,514
MO255SKU120,2025-09-13,FAC003,SKU120,277
MO255SKU121,2025-09-13,FAC004,SKU121,261
MO255SKU122,2025-09-13,FAC006,SKU122,593
MO255SKU123,2025-09-13,FAC001,SKU123,425
MO255SKU124,2025-09-13,FAC006,SKU124,367
MO255SKU125,2025-09-13,FAC002,SKU125,485
MO255SKU126,2025-09-13,FAC003,SKU126,266
MO255SKU127,2025-09-13,FAC001,SKU127,382
MO255SKU128,2025-09-13,FAC002,SKU128,445
MO255SKU129,2025-09-13,FAC001,SKU129,439
MO256SKU100,2025-09-14,FAC004,SKU100,157
MO256SKU101,2025-09-14,FAC003,SKU101,423
MO256SKU102,2025-09-14,FAC006,SKU102,178
MO256SKU103,2025-09-14,FAC002,SKU103,404
MO256SKU104,2025-09-14,FAC001,SKU104,294
MO256SKU105,2025-09-14,FAC004,SKU105,252
MO256SKU106,2025-09-14,FAC006,SKU106,327
MO256SKU107,2025-09-14,FAC001,SKU107,568
MO256SKU108,2025-09-14,FAC006,SKU108,435
MO256SKU109,2025-09-14,FAC005,SKU109,318
MO256SKU110,2025-09-14,FAC003,SKU110,402
MO256SKU111,2025-09-14,FAC006,SKU111,539
MO256SKU112,2025-09-14,FAC006,SKU112,433
MO256SKU113,2025-09-14,FAC002,SKU113,363
MO256SKU114,2025-09-14,FAC001,SKU114,480
MO256SKU115,2025-09-14,FAC001,SKU115,363
MO256SKU116,2025-09-14,FAC005,SKU116,222
MO256SKU117,2025-09-14,FAC004,SKU117,185
MO256SKU118,2025-09-14,FAC001,SKU118,382
MO256SKU119,2025-09-14,FAC003,SKU119,458
MO256SKU120,2025-09-14,FAC003,SKU120,495
MO256SKU121,2025-09-14,FAC002,SKU121,501
MO256SKU122,2025-09-14,FAC005,SKU122,263
MO256SKU123,2025-09-14,FAC002,SKU123,588
MO256SKU124,2025-09-14,FAC006,SKU124,606
MO256SKU125,2025-09-14,FAC002,SKU125,242
MO256SKU126,2025-09-14,FAC001,SKU126,262
MO256SKU127,2025-09-14,FAC003,SKU127,409
MO256SKU128,2025-09-14,FAC005,SKU128,284
MO256SKU129,2025-09-14,FAC006,SKU129,231
MO257SKU100,2025-09-15,FAC005,SKU100,250
MO257SKU101,2025-09-15,FAC003,SKU101,143
MO257SKU102,2025-09-15,FAC006,SKU102,440
MO257SKU103,2025-09-15,FAC003,SKU103,203
MO257SKU104,2025-09-15,FAC003,SKU104,450
MO257SKU105,2025-09-15,FAC001,SKU105,506
MO257SKU106,2025-09-15,FAC001,SKU106,218
MO257SKU107,2025-09-15,FAC001,SKU107,596
MO257SKU108,2025-09-15,FAC003,SKU108,228
MO257SKU109,2025-09-15,FAC005,SKU109,265
MO257SKU110,2025-09-15,FAC002,SKU110,189
MO257SKU111,2025-09-15,FAC004,SKU111,380
MO257SKU112,2025-09-15,FAC004,SKU112,452
MO257SKU113,2025-09-15,FAC005,SKU113,195
MO257SKU114,2025-09-15,FAC004,SKU114,213
MO257SKU115,2025-09-15,FAC001,SKU115,446
MO257SKU116,2025-09-15,FAC002,SKU116,428
MO257SKU117,2025-09-15,FAC005,SKU117,519
MO257SKU118,2025-09-15,FAC003,SKU118,215
MO257SKU119,2025-09-15,FAC002,SKU119,254
MO257SKU120,2025-09-15,FAC006,SKU120,84
MO257SKU121,2025-09-15,FAC003,SKU121,399
MO257SKU122,2025-09-15,FAC003,SKU122,226
MO257SKU123,2025-09-15,FAC002,SKU123,435
MO257SKU124,2025-09-15,FAC004,SKU124,234
MO257SKU125,2025-09-15,FAC006,SKU125,164
MO257SKU126,2025-09-15,FAC005,SKU126,312
MO257SKU127,2025-09-15,FAC004,SKU127,551
MO257SKU128,2025-09-15,FAC003,SKU128,557
MO257SKU129,2025-09-15,FAC005,SKU129,249
MO258SKU100,2025-09-16,FAC003,SKU100,584
MO258SKU101,2025-09-16,FAC004,SKU101,284
MO258SKU102,2025-09-16,FAC002,SKU102,479
MO258SKU103,2025-09-16,FAC005,SKU103,377
MO258SKU104,2025-09-16,FAC002,SKU104,340
MO258SKU105,2025-09-16,FAC004,SKU105,450
MO258SKU106,2025-09-16,FAC004,SKU106,272
MO258SKU107,2025-09-16,FAC002,SKU107,543
MO258SKU108,2025-09-16,FAC005,SKU108,114
MO258SKU109,2025-09-16,FAC005,SKU109,292
MO258SKU110,2025-09-16,FAC003,SKU110,357
MO258SKU111,2025-09-16,FAC006,SKU111,531
MO258SKU112,2025-09-16,FAC004,SKU112,491
MO258SKU113,2025-09-16,FAC005,SKU113,373
MO258SKU114,2025-09-16,FAC004,SKU114,267
MO258SKU115,2025-09-16,FAC006,SKU115,135
MO258SKU116,2025-09-16,FAC001,SKU116,380
MO258SKU117,2025-09-16,FAC001,SKU117,229
MO258SKU118,2025-09-16,FAC002,SKU118,137
MO258SKU119,2025-09-16,FAC006,SKU119,439
MO258SKU120,2025-09-16,FAC004,SKU120,365
MO258SKU121,2025-09-16,FAC006,SKU121,302
MO258SKU122,2025-09-16,FAC001,SKU122,106
MO258SKU123,2025-09-16,FAC001,SKU123,542
MO258SKU124,2025-09-16,FAC006,SKU124,146
MO258SKU125,2025-09-16,FAC006,SKU125,267
MO258SKU126,2025-09-16,FAC006,SKU126,190
MO258SKU127,2025-09-16,FAC006,SKU127,315
MO258SKU128,2025-09-16,FAC001,SKU128,466
MO258SKU129,2025-09-16,FAC001,SKU129,276
MO259SKU100,2025-09-17,FAC002,SKU100,541
MO259SKU101,2025-09-17,FAC001,SKU101,285
MO259SKU102,2025-09-17,FAC003,SKU102,94
MO259SKU103,2025-09-17,FAC005,SKU103,493
MO259SKU104,2025-09-17,FAC004,SKU104,534
MO259SKU105,2025-09-17,FAC003,SKU105,205
MO259SKU106,2025-09-17,FAC004,SKU106,584
MO259SKU107,2025-09-17,FAC006,SKU107,535
MO259SKU108,2025-09-17,FAC006,SKU108,434
MO259SKU109,2025-09-17,FAC006,SKU109,424
MO259SKU110,2025-09-17,FAC003,SKU110,200
MO259SKU111,2025-09-17,FAC001,SKU111,83
MO259SKU112,2025-09-17,FAC002,SKU112,553
MO259SKU113,2025-09-17,FAC005,SKU113,416
MO259SKU114,2025-09-17,FAC005,SKU114,162
MO259SKU115,2025-09-17,FAC003,SKU115,234
MO259SKU116,2025-09-17,FAC002,SKU116,425
MO259SKU117,2025-09-17,FAC003,SKU117,521
MO259SKU118,2025-09-17,FAC001,SKU118,349
MO259SKU119,2025-09-17,FAC004,SKU119,207
MO259SKU120,2025-09-17,FAC006,SKU120,128
MO259SKU121,2025-09-17,FAC006,SKU121,216
MO259SKU122,2025-09-17,FAC003,SKU122,221
MO259SKU123,2025-09-17,FAC004,SKU123,417
MO259SKU124,2025-09-17,FAC002,SKU124,512
MO259SKU125,2025-09-17,FAC002,SKU125,400
MO259SKU126,2025-09-17,FAC006,SKU126,227
MO259SKU127,2025-09-17,FAC006,SKU127,180
MO259SKU128,2025-09-17,FAC002,SKU128,152
MO259SKU129,2025-09-17,FAC003,SKU129,161
MO260SKU100,2025-09-18,FAC005,SKU100,538
MO260SKU101,2025-09-18,FAC005,SKU101,428
MO260SKU102,2025-09-18,FAC004,SKU102,599
MO260SKU103,2025-09-18,FAC006,SKU103,309
MO260SKU104,2025-09-18,FAC003,SKU104,506
MO260SKU105,2025-09-18,FAC002,SKU105,404
MO260SKU106,2025-09-18,FAC004,SKU106,327
MO260SKU107,2025-09-18,FAC001,SKU107,390
MO260SKU108,2025-09-18,FAC004,SKU108,562
MO260SKU109,2025-09-18,FAC003,SKU109,319
MO260SKU110,2025-09-18,FAC001,SKU110,282
MO260SKU111,2025-09-18,FAC003,SKU111,358
MO260SKU112,2025-09-18,FAC003,SKU112,264
MO260SKU113,2025-09-18,FAC003,SKU113,294
MO260SKU114,2025-09-18,FAC006,SKU114,398
MO260SKU115,2025-09-18,FAC005,SKU115,196
MO260SKU116,2025-09-18,FAC006,SKU116,537
MO260SKU117,2025-09-18,FAC006,SKU117,409
MO260SKU118,2025-09-18,FAC004,SKU118,562
MO260SKU119,2025-09-18,FAC002,SKU119,545
MO260SKU120,2025-09-18,FAC003,SKU120,257
MO260SKU121,2025-09-18,FAC003,SKU121,421
MO260SKU122,2025-09-18,FAC002,SKU122,479
MO260SKU123,2025-09-18,FAC006,SKU123,185
MO260SKU124,2025-09-18,FAC001,SKU124,353
MO260SKU125,2025-09-18,FAC006,SKU125,521
MO260SKU126,2025-09-18,FAC001,SKU126,94
MO260SKU127,2025-09-18,FAC005,SKU127,392
MO260SKU128,2025-09-18,FAC006,SKU128,133
MO260SKU129,2025-09-18,FAC006,SKU129,574
MO261SKU100,2025-09-19,FAC004,SKU100,417
MO261SKU101,2025-09-19,FAC001,SKU101,253
MO261SKU102,2025-09-19,FAC004,SKU102,527
MO261SKU103,2025-09-19,FAC006,SKU103,152
MO261SKU104,2025-09-19,FAC001,SKU104,389
MO261SKU105,2025-09-19,FAC005,SKU105,521
MO261SKU106,2025-09-19,FAC004,SKU106,341
MO261SKU107,2025-09-19,FAC001,SKU107,205
MO261SKU108,2025-09-19,FAC003,SKU108,315
MO261SKU109,2025-09-19,FAC005,SKU109,296
MO261SKU110,2025-09-19,FAC005,SKU110,85
MO261SKU111,2025-09-19,FAC006,SKU111,248
MO261SKU112,2025-09-19,FAC006,SKU112,490
MO261SKU113,2025-09-19,FAC004,SKU113,437
MO261SKU114,2025-09-19,FAC003,SKU114,256
MO261SKU115,2025-09-19,FAC005,SKU115,388
MO261SKU116,2025-09-19,FAC002,SKU116,324
MO261SKU117,2025-09-19,FAC001,SKU117,233
MO261SKU118,2025-09-19,FAC004,SKU118,125
MO261SKU119,2025-09-19,FAC004,SKU119,307
MO261SKU120,2025-09-19,FAC005,SKU120,267
MO261SKU121,2025-09-19,FAC006,SKU121,171
MO261SKU122,2025-09-19,FAC003,SKU122,395
MO261SKU123,2025-09-19,FAC002,SKU123,247
MO261SKU124,2025-09-19,FAC003,SKU124,200
MO261SKU125,2025-09-19,FAC006,SKU125,186
MO261SKU126,2025-09-19,FAC006,SKU126,481
MO261SKU127,2025-09-19,FAC006,SKU127,546
MO261SKU128,2025-09-19,FAC005,SKU128,339
MO261SKU129,2025-09-19,FAC004,SKU129,537
MO262SKU100,2025-09-20,FAC002,SKU100,297
MO262SKU101,2025-09-20,FAC005,SKU101,370
MO262SKU102,2025-09-20,FAC005,SKU102,177
MO262SKU103,2025-09-20,FAC003,SKU103,421
MO262SKU104,2025-09-20,FAC004,SKU104,204
MO262SKU105,2025-09-20,FAC005,SKU105,477
MO262SKU106,2025-09-20,FAC005,SKU106,469
MO262SKU107,2025-09-20,FAC006,SKU107,300
MO262SKU108,2025-09-20,FAC005,SKU108,139
MO262SKU109,2025-09-20,FAC005,SKU109,319
MO262SKU110,2025-09-20,FAC003,SKU110,184
MO262SKU111,2025-09-20,FAC005,SKU111,449
MO262SKU112,2025-09-20,FAC003,SKU112,162
MO262SKU113,2025-09-20,FAC001,SKU113,555
MO262SKU114,2025-09-20,FAC006,SKU114,495
MO262SKU115,2025-09-20,FAC001,SKU115,238
MO262SKU116,2025-09-20,FAC002,SKU116,239
MO262SKU117,2025-09-20,FAC002,SKU117,165
MO262SKU118,2025-09-20,FAC005,SKU118,220
MO262SKU119,2025-09-20,FAC006,SKU119,342
MO262SKU120,2025-09-20,FAC001,SKU120,266
MO262SKU121,2025-09-20,FAC001,SKU121,427
MO262SKU122,2025-09-20,FAC002,SKU122,138
MO262SKU123,2025-09-20,FAC001,SKU123,202
MO262SKU124,2025-09-20,FAC002,SKU124,512
MO262SKU125,2025-09-20,FAC006,SKU125,142
MO262SKU126,2025-09-20,FAC001,SKU126,344
MO262SKU127,2025-09-20,FAC001,SKU127,120
MO262SKU128,2025-09-20,FAC003,SKU128,106
MO262SKU129,2025-09-20,FAC001,SKU129,378
MO263SKU100,2025-09-21,FAC003,SKU100,269
MO263SKU101,2025-09-21,FAC002,SKU101,570
MO263SKU102,2025-09-21,FAC004,SKU102,479
MO263SKU103,2025-09-21,FAC005,SKU103,450
MO263SKU104,2025-09-21,FAC004,SKU104,291
MO263SKU105,2025-09-21,FAC005,SKU105,532
MO263SKU106,2025-09-21,FAC001,SKU106,529
MO263SKU107,2025-09-21,FAC006,SKU107,156
MO263SKU108,2025-09-21,FAC005,SKU108,454
MO263SKU109,2025-09-21,FAC006,SKU109,127
MO263SKU110,2025-09-21,FAC002,SKU110,423
MO263SKU111,2025-09-21,FAC006,SKU111,226
MO263SKU112,2025-09-21,FAC004,SKU112,362
MO263SKU113,2025-09-21,FAC002,SKU113,410
MO263SKU114,2025-09-21,FAC004,SKU114,142
MO263SKU115,2025-09-21,FAC006,SKU115,496
MO263SKU116,2025-09-21,FAC005,SKU116,345
MO263SKU117,2025-09-21,FAC001,SKU117,329
MO263SKU118,2025-09-21,FAC004,SKU118,221
MO263SKU119,2025-09-21,FAC001,SKU119,589
MO263SKU120,2025-09-21,FAC005,SKU120,87
MO263SKU121,2025-09-21,FAC006,SKU121,193
MO263SKU122,2025-09-21,FAC002,SKU122,492
MO263SKU123,2025-09-21,FAC004,SKU123,152
MO263SKU124,2025-09-21,FAC002,SKU124,486
MO263SKU125,2025-09-21,FAC006,SKU125,127
MO263SKU126,2025-09-21,FAC005,SKU126,259
MO263SKU127,2025-09-21,FAC002,SKU127,539
MO263SKU128,2025-09-21,FAC002,SKU128,383
MO263SKU129,2025-09-21,FAC003,SKU129,288
MO264SKU100,2025-09-22,FAC002,SKU100,412
MO264SKU101,2025-09-22,FAC003,SKU101,132
MO264SKU102,2025-09-22,FAC003,SKU102,275
MO264SKU103,2025-09-22,FAC005,SKU103,565
MO264SKU104,2025-09-22,FAC001,SKU104,112
MO264SKU105,2025-09-22,FAC006,SKU105,157
MO264SKU106,2025-09-22,FAC004,SKU106,412
MO264SKU107,2025-09-22,FAC001,SKU107,280
MO264SKU108,2025-09-22,FAC003,SKU108,327
MO264SKU109,2025-09-22,FAC005,SKU109,580
MO264SKU110,2025-09-22,FAC005,SKU110,388
MO264SKU111,2025-09-22,FAC003,SKU111,526
MO264SKU112,2025-09-22,FAC005,SKU112,520
MO264SKU113,2025-09-22,FAC004,SKU113,253
MO264SKU114,2025-09-22,FAC002,SKU114,157
MO264SKU115,2025-09-22,FAC001,SKU115,208
MO264SKU116,2025-09-22,FAC006,SKU116,178
MO264SKU117,2025-09-22,FAC001,SKU117,244
MO264SKU118,2025-09-22,FAC005,SKU118,253
MO264SKU119,2025-09-22,FAC001,SKU119,510
MO264SKU120,2025-09-22,FAC002,SKU120,443
MO264SKU121,2025-09-22,FAC001,SKU121,129
MO264SKU122,2025-09-22,FAC005,SKU122,533
MO264SKU123,2025-09-22,FAC003,SKU123,587
MO264SKU124,2025-09-22,FAC006,SKU124,251
MO264SKU125,2025-09-22,FAC005,SKU125,287
MO264SKU126,2025-09-22,FAC004,SKU126,565
MO264SKU127,2025-09-22,FAC003,SKU127,417
MO264SKU128,2025-09-22,FAC005,SKU128,267
MO264SKU129,2025-09-22,FAC001,SKU129,465
MO265SKU100,2025-09-23,FAC006,SKU100,551
MO265SKU101,2025-09-23,FAC003,SKU101,536
MO265SKU102,2025-09-23,FAC005,SKU102,533
MO265SKU103,2025-09-23,FAC006,SKU103,229
MO265SKU104,2025-09-23,FAC002,SKU104,516
MO265SKU105,2025-09-23,FAC002,SKU105,210
MO265SKU106,2025-09-23,FAC001,SKU106,420
MO265SKU107,2025-09-23,FAC003,SKU107,212
MO265SKU108,2025-09-23,FAC005,SKU108,128
MO265SKU109,2025-09-23,FAC006,SKU109,292
MO265SKU110,2025-09-23,FAC004,SKU110,503
MO265SKU111,2025-09-23,FAC005,SKU111,313
MO265SKU112,2025-09-23,FAC003,SKU112,450
MO265SKU113,2025-09-23,FAC004,SKU113,560
MO265SKU114,2025-09-23,FAC003,SKU114,556
MO265SKU115,2025-09-23,FAC002,SKU115,415
MO265SKU116,2025-09-23,FAC002,SKU116,212
MO265SKU117,2025-09-23,FAC003,SKU117,395
MO265SKU118,2025-09-23,FAC005,SKU118,575
MO265SKU119,2025-09-23,FAC006,SKU119,204
MO265SKU120,2025-09-23,FAC006,SKU120,388
MO265SKU121,2025-09-23,FAC006,SKU121,238
MO265SKU122,2025-09-23,FAC005,SKU122,511
MO265SKU123,2025-09-23,FAC002,SKU123,501
MO265SKU124,2025-09-23,FAC001,SKU124,386
MO265SKU125,2025-09-23,FAC005,SKU125,551
MO265SKU126,2025-09-23,FAC003,SKU126,375
MO265SKU127,2025-09-23,FAC003,SKU127,279
MO265SKU128,2025-09-23,FAC003,SKU128,307
MO265SKU129,2025-09-23,FAC001,SKU129,488
MO266SKU100,2025-09-24,FAC001,SKU100,309
MO266SKU101,2025-09-24,FAC005,SKU101,548
MO266SKU102,2025-09-24,FAC002,SKU102,513
MO266SKU103,2025-09-24,FAC005,SKU103,253
MO266SKU104,2025-09-24,FAC006,SKU104,531
MO266SKU105,2025-09-24,FAC005,SKU105,261
MO266SKU106,2025-09-24,FAC005,SKU106,356
MO266SKU107,2025-09-24,FAC003,SKU107,432
MO266SKU108,2025-09-24,FAC001,SKU108,508
MO266SKU109,2025-09-24,FAC001,SKU109,461
MO266SKU110,2025-09-24,FAC002,SKU110,134
MO266SKU111,2025-09-24,FAC001,SKU111,300
MO266SKU112,2025-09-24,FAC004,SKU112,314
MO266SKU113,2025-09-24,FAC005,SKU113,238
MO266SKU114,2025-09-24,FAC004,SKU114,312
MO266SKU115,2025-09-24,FAC003,SKU115,301
MO266SKU116,2025-09-24,FAC005,SKU116,90
MO266SKU117,2025-09-24,FAC004,SKU117,334
MO266SKU118,2025-09-24,FAC004,SKU118,268
MO266SKU119,2025-09-24,FAC002,SKU119,486
MO266SKU120,2025-09-24,FAC002,SKU120,467
MO266SKU121,2025-09-24,FAC003,SKU121,520
MO266SKU122,2025-09-24,FAC005,SKU122,452
MO266SKU123,2025-09-24,FAC003,SKU123,187
MO266SKU124,2025-09-24,FAC006,SKU124,342
MO266SKU125,2025-09-24,FAC006,SKU125,546
MO266SKU126,2025-09-24,FAC003,SKU126,192
MO266SKU127,2025-09-24,FAC006,SKU127,549
MO266SKU128,2025-09-24,FAC002,SKU128,513
MO266SKU129,2025-09-24,FAC004,SKU129,104
MO267SKU100,2025-09-25,FAC004,SKU100,228
MO267SKU101,2025-09-25,FAC001,SKU101,387
MO267SKU102,2025-09-25,FAC001,SKU102,396
MO267SKU103,2025-09-25,FAC006,SKU103,568
MO267SKU104,2025-09-25,FAC001,SKU104,159
MO267SKU105,2025-09-25,FAC001,SKU105,365
MO267SKU106,2025-09-25,FAC003,SKU106,427
MO267SKU107,2025-09-25,FAC005,SKU107,177
MO267SKU108,2025-09-25,FAC006,SKU108,174
MO267SKU109,2025-09-25,FAC005,SKU109,357
MO267SKU110,2025-09-25,FAC006,SKU110,224
MO267SKU111,2025-09-25,FAC006,SKU111,236
MO267SKU112,2025-09-25,FAC003,SKU112,489
MO267SKU113,2025-09-25,FAC004,SKU113,382
MO267SKU114,2025-09-25,FAC001,SKU114,289
MO267SKU115,2025-09-25,FAC003,SKU115,128
MO267SKU116,2025-09-25,FAC006,SKU116,444
MO267SKU117,2025-09-25,FAC002,SKU117,495
MO267SKU118,2025-09-25,FAC006,SKU118,357
MO267SKU119,2025-09-25,FAC004,SKU119,182
MO267SKU120,2025-09-25,FAC002,SKU120,449
MO267SKU121,2025-09-25,FAC003,SKU121,122
MO267SKU122,2025-09-25,FAC001,SKU122,462
MO267SKU123,2025-09-25,FAC006,SKU123,325
MO267SKU124,2025-09-25,FAC003,SKU124,259
MO267SKU125,2025-09-25,FAC004,SKU125,290
MO267SKU126,2025-09-25,FAC001,SKU126,108
MO267SKU127,2025-09-25,FAC004,SKU127,296
MO267SKU128,2025-09-25,FAC005,SKU128,222
MO267SKU129,2025-09-25,FAC006,SKU129,229
MO268SKU100,2025-09-26,FAC005,SKU100,274
MO268SKU101,2025-09-26,FAC002,SKU101,492
MO268SKU102,2025-09-26,FAC002,SKU102,517
MO268SKU103,2025-09-26,FAC003,SKU103,179
MO268SKU104,2025-09-26,FAC006,SKU104,443
MO268SKU105,2025-09-26,FAC003,SKU105,445
MO268SKU106,2025-09-26,FAC004,SKU106,534
MO268SKU107,2025-09-26,FAC004,SKU107,391
MO268SKU108,2025-09-26,FAC005,SKU108,146
MO268SKU109,2025-09-26,FAC001,SKU109,275
MO268SKU110,2025-09-26,FAC002,SKU110,198
MO268SKU111,2025-09-26,FAC006,SKU111,526
MO268SKU112,2025-09-26,FAC001,SKU112,362
MO268SKU113,2025-09-26,FAC005,SKU113,159
MO268SKU114,2025-09-26,FAC003,SKU114,490
MO268SKU115,2025-09-26,FAC004,SKU115,407
MO268SKU116,2025-09-26,FAC006,SKU116,563
MO268SKU117,2025-09-26,FAC003,SKU117,287
MO268SKU118,2025-09-26,FAC001,SKU118,292
MO268SKU119,2025-09-26,FAC003,SKU119,513
MO268SKU120,2025-09-26,FAC001,SKU120,498
MO268SKU121,2025-09-26,FAC005,SKU121,395
MO268SKU122,2025-09-26,FAC001,SKU122,328
MO268SKU123,2025-09-26,FAC001,SKU123,318
MO268SKU124,2025-09-26,FAC004,SKU124,141
MO268SKU125,2025-09-26,FAC004,SKU125,128
MO268SKU126,2025-09-26,FAC005,SKU126,538
MO268SKU127,2025-09-26,FAC006,SKU127,397
MO268SKU128,2025-09-26,FAC003,SKU128,196
MO268SKU129,2025-09-26,FAC006,SKU129,481
MO269SKU100,2025-09-27,FAC003,SKU100,333
MO269SKU101,2025-09-27,FAC001,SKU101,412
MO269SKU102,2025-09-27,FAC002,SKU102,139
MO269SKU103,2025-09-27,FAC001,SKU103,401
MO269SKU104,2025-09-27,FAC001,SKU104,255
MO269SKU105,2025-09-27,FAC001,SKU105,202
MO269SKU106,2025-09-27,FAC004,SKU106,241
MO269SKU107,2025-09-27,FAC006,SKU107,272
MO269SKU108,2025-09-27,FAC004,SKU108,487
MO269SKU109,2025-09-27,FAC003,SKU109,497
MO269SKU110,2025-09-27,FAC005,SKU110,516
MO269SKU111,2025-09-27,FAC001,SKU111,391
MO269SKU112,2025-09-27,FAC001,SKU112,492
MO269SKU113,2025-09-27,FAC006,SKU113,485
MO269SKU114,2025-09-27,FAC004,SKU114,505
MO269SKU115,2025-09-27,FAC003,SKU115,545
MO269SKU116,2025-09-27,FAC003,SKU116,476
MO269SKU117,2025-09-27,FAC001,SKU117,582
MO269SKU118,2025-09-27,FAC003,SKU118,185
MO269SKU119,2025-09-27,FAC006,SKU119,495
MO269SKU120,2025-09-27,FAC003,SKU120,593
MO269SKU121,2025-09-27,FAC002,SKU121,585
MO269SKU122,2025-09-27,FAC005,SKU122,393
MO269SKU123,2025-09-27,FAC001,SKU123,328
MO269SKU124,2025-09-27,FAC002,SKU124,560
MO269SKU125,2025-09-27,FAC001,SKU125,556
MO269SKU126,2025-09-27,FAC003,SKU126,494
MO269SKU127,2025-09-27,FAC001,SKU127,224
MO269SKU128,2025-09-27,FAC006,SKU128,169
MO269SKU129,2025-09-27,FAC002,SKU129,458
MO270SKU100,2025-09-28,FAC001,SKU100,243
MO270SKU101,2025-09-28,FAC006,SKU101,411
MO270SKU102,2025-09-28,FAC006,SKU102,483
MO270SKU103,2025-09-28,FAC004,SKU103,133
MO270SKU104,2025-09-28,FAC006,SKU104,393
MO270SKU105,2025-09-28,FAC005,SKU105,207
MO270SKU106,2025-09-28,FAC001,SKU106,496
MO270SKU107,2025-09-28,FAC006,SKU107,447
MO270SKU108,2025-09-28,FAC001,SKU108,407
MO270SKU109,2025-09-28,FAC004,SKU109,589
MO270SKU110,2025-09-28,FAC006,SKU110,127
MO270SKU111,2025-09-28,FAC001,SKU111,184
MO270SKU112,2025-09-28,FAC002,SKU112,475
MO270SKU113,2025-09-28,FAC001,SKU113,318
MO270SKU114,2025-09-28,FAC004,SKU114,138
MO270SKU115,2025-09-28,FAC004,SKU115,390
MO270SKU116,2025-09-28,FAC004,SKU116,242
MO270SKU117,2025-09-28,FAC003,SKU117,558
MO270SKU118,2025-09-28,FAC005,SKU118,356
MO270SKU119,2025-09-28,FAC004,SKU119,346
MO270SKU120,2025-09-28,FAC002,SKU120,184
MO270SKU121,2025-09-28,FAC006,SKU121,383
MO270SKU122,2025-09-28,FAC004,SKU122,332
MO270SKU123,2025-09-28,FAC001,SKU123,396
MO270SKU124,2025-09-28,FAC001,SKU124,347
MO270SKU125,2025-09-28,FAC005,SKU125,191
MO270SKU126,2025-09-28,FAC001,SKU126,417
MO270SKU127,2025-09-28,FAC004,SKU127,299
MO270SKU128,2025-09-28,FAC002,SKU128,466
MO270SKU129,2025-09-28,FAC003,SKU129,507
MO271SKU100,2025-09-29,FAC001,SKU100,576
MO271SKU101,2025-09-29,FAC004,SKU101,536
MO271SKU102,2025-09-29,FAC002,SKU102,101
MO271SKU103,2025-09-29,FAC001,SKU103,595
MO271SKU104,2025-09-29,FAC001,SKU104,429
MO271SKU105,2025-09-29,FAC003,SKU105,431
MO271SKU106,2025-09-29,FAC004,SKU106,442
MO271SKU107,2025-09-29,FAC004,SKU107,154
MO271SKU108,2025-09-29,FAC001,SKU108,364
MO271SKU109,2025-09-29,FAC002,SKU109,256
MO271SKU110,2025-09-29,FAC003,SKU110,365
MO271SKU111,2025-09-29,FAC001,SKU111,180
MO271SKU112,2025-09-29,FAC005,SKU112,221
MO271SKU113,2025-09-29,FAC006,SKU113,549
MO271SKU114,2025-09-29,FAC003,SKU114,371
MO271SKU115,2025-09-29,FAC005,SKU115,91
MO271SKU116,2025-09-29,FAC003,SKU116,222
MO271SKU117,2025-09-29,FAC003,SKU117,219
MO271SKU118,2025-09-29,FAC006,SKU118,478
MO271SKU119,2025-09-29,FAC004,SKU119,89
MO271SKU120,2025-09-29,FAC001,SKU120,574
MO271SKU121,2025-09-29,FAC003,SKU121,278
MO271SKU122,2025-09-29,FAC006,SKU122,453
MO271SKU123,2025-09-29,FAC002,SKU123,321
MO271SKU124,2025-09-29,FAC001,SKU124,128
MO271SKU125,2025-09-29,FAC001,SKU125,427
MO271SKU126,2025-09-29,FAC006,SKU126,303
MO271SKU127,2025-09-29,FAC005,SKU127,487
MO271SKU128,2025-09-29,FAC005,SKU128,229
MO271SKU129,2025-09-29,FAC004,SKU129,135
MO272SKU100,2025-09-30,FAC006,SKU100,244
MO272SKU101,2025-09-30,FAC004,SKU101,90
MO272SKU102,2025-09-30,FAC006,SKU102,429
MO272SKU103,2025-09-30,FAC002,SKU103,413
MO272SKU104,2025-09-30,FAC003,SKU104,342
MO272SKU105,2025-09-30,FAC004,SKU105,546
MO272SKU106,2025-09-30,FAC004,SKU106,398
MO272SKU107,2025-09-30,FAC003,SKU107,121
MO272SKU108,2025-09-30,FAC006,SKU108,306
MO272SKU109,2025-09-30,FAC006,SKU109,520
MO272SKU110,2025-09-30,FAC002,SKU110,522
MO272SKU111,2025-09-30,FAC004,SKU111,166
MO272SKU112,2025-09-30,FAC002,SKU112,222
MO272SKU113,2025-09-30,FAC004,SKU113,274
MO272SKU114,2025-09-30,FAC003,SKU114,554
MO272SKU115,2025-09-30,FAC003,SKU115,570
MO272SKU116,2025-09-30,FAC001,SKU116,291
MO272SKU117,2025-09-30,FAC005,SKU117,444
MO272SKU118,2025-09-30,FAC006,SKU118,152
MO272SKU119,2025-09-30,FAC002,SKU119,382
MO272SKU120,2025-09-30,FAC003,SKU120,163
MO272SKU121,2025-09-30,FAC003,SKU121,93
MO272SKU122,2025-09-30,FAC005,SKU122,405
MO272SKU123,2025-09-30,FAC003,SKU123,466
MO272SKU124,2025-09-30,FAC003,SKU124,463
MO272SKU125,2025-09-30,FAC001,SKU125,358
MO272SKU126,2025-09-30,FAC005,SKU126,165
MO272SKU127,2025-09-30,FAC004,SKU127,325
MO272SKU128,2025-09-30,FAC003,SKU128,268
MO272SKU129,2025-09-30,FAC005,SKU129,308
MO273SKU100,2025-10-01,FAC006,SKU100,395
MO273SKU101,2025-10-01,FAC006,SKU101,356
MO273SKU102,2025-10-01,FAC004,SKU102,111
MO273SKU103,2025-10-01,FAC002,SKU103,421
MO273SKU104,2025-10-01,FAC004,SKU104,396
MO273SKU105,2025-10-01,FAC004,SKU105,221
MO273SKU106,2025-10-01,FAC005,SKU106,389
MO273SKU107,2025-10-01,FAC004,SKU107,314
MO273SKU108,2025-10-01,FAC001,SKU108,413
MO273SKU109,2025-10-01,FAC005,SKU109,451
MO273SKU110,2025-10-01,FAC002,SKU110,299
MO273SKU111,2025-10-01,FAC006,SKU111,350
MO273SKU112,2025-10-01,FAC001,SKU112,490
MO273SKU113,2025-10-01,FAC004,SKU113,510
MO273SKU114,2025-10-01,FAC001,SKU114,190
MO273SKU115,2025-10-01,FAC002,SKU115,354
MO273SKU116,2025-10-01,FAC004,SKU116,432
MO273SKU117,2025-10-01,FAC003,SKU117,406
MO273SKU118,2025-10-01,FAC006,SKU118,203
MO273SKU119,2025-10-01,FAC002,SKU119,470
MO273SKU120,2025-10-01,FAC002,SKU120,391
MO273SKU121,2025-10-01,FAC004,SKU121,255
MO273SKU122,2025-10-01,FAC004,SKU122,458
MO273SKU123,2025-10-01,FAC006,SKU123,250
MO273SKU124,2025-10-01,FAC003,SKU124,102
MO273SKU125,2025-10-01,FAC004,SKU125,160
MO273SKU126,2025-10-01,FAC002,SKU126,298
MO273SKU127,2025-10-01,FAC005,SKU127,237
MO273SKU128,2025-10-01,FAC001,SKU128,186
MO273SKU129,2025-10-01,FAC003,SKU129,478
MO274SKU100,2025-10-02,FAC005,SKU100,270
MO274SKU101,2025-10-02,FAC004,SKU101,89
MO274SKU102,2025-10-02,FAC002,SKU102,472
MO274SKU103,2025-10-02,FAC004,SKU103,265
MO274SKU104,2025-10-02,FAC006,SKU104,305
MO274SKU105,2025-10-02,FAC006,SKU105,349
MO274SKU106,2025-10-02,FAC005,SKU106,141
MO274SKU107,2025-10-02,FAC002,SKU107,182
MO274SKU108,2025-10-02,FAC001,SKU108,155
MO274SKU109,2025-10-02,FAC006,SKU109,164
MO274SKU110,2025-10-02,FAC004,SKU110,285
MO274SKU111,2025-10-02,FAC005,SKU111,208
MO274SKU112,2025-10-02,FAC004,SKU112,163
MO274SKU113,2025-10-02,FAC002,SKU113,386
MO274SKU114,2025-10-02,FAC006,SKU114,329
MO274SKU115,2025-10-02,FAC003,SKU115,224
MO274SKU116,2025-10-02,FAC002,SKU116,281
MO274SKU117,2025-10-02,FAC006,SKU117,514
MO274SKU118,2025-10-02,FAC001,SKU118,287
MO274SKU119,2025-10-02,FAC002,SKU119,98
MO274SKU120,2025-10-02,FAC004,SKU120,345
MO274SKU121,2025-10-02,FAC006,SKU121,71
MO274SKU122,2025-10-02,FAC003,SKU122,172
MO274SKU123,2025-10-02,FAC001,SKU123,419
MO274SKU124,2025-10-02,FAC006,SKU124,449
MO274SKU125,2025-10-02,FAC006,SKU125,501
MO274SKU126,2025-10-02,FAC003,SKU126,370
MO274SKU127,2025-10-02,FAC003,SKU127,232
MO274SKU128,2025-10-02,FAC006,SKU128,370
MO274SKU129,2025-10-02,FAC003,SKU129,441
MO275SKU100,2025-10-03,FAC004,SKU100,180
MO275SKU101,2025-10-03,FAC003,SKU101,324
MO275SKU102,2025-10-03,FAC002,SKU102,448
MO275SKU103,2025-10-03,FAC003,SKU103,98
MO275SKU104,2025-10-03,FAC002,SKU104,356
MO275SKU105,2025-10-03,FAC005,SKU105,389
MO275SKU106,2025-10-03,FAC001,SKU106,439
MO275SKU107,2025-10-03,FAC003,SKU107,133
MO275SKU108,2025-10-03,FAC002,SKU108,389
MO275SKU109,2025-10-03,FAC006,SKU109,350
MO275SKU110,2025-10-03,FAC006,SKU110,338
MO275SKU111,2025-10-03,FAC001,SKU111,383
MO275SKU112,2025-10-03,FAC001,SKU112,282
MO275SKU113,2025-10-03,FAC004,SKU113,323
MO275SKU114,2025-10-03,FAC002,SKU114,149
MO275SKU115,2025-10-03,FAC001,SKU115,104
MO275SKU116,2025-10-03,FAC006,SKU116,393
MO275SKU117,2025-10-03,FAC002,SKU117,285
MO275SKU118,2025-10-03,FAC004,SKU118,189
MO275SKU119,2025-10-03,FAC005,SKU119,102
MO275SKU120,2025-10-03,FAC005,SKU120,182
MO275SKU121,2025-10-03,FAC001,SKU121,339
MO275SKU122,2025-10-03,FAC006,SKU122,392
MO275SKU123,2025-10-03,FAC001,SKU123,254
MO275SKU124,2025-10-03,FAC005,SKU124,320
MO275SKU125,2025-10-03,FAC005,SKU125,297
MO275SKU126,2025-10-03,FAC004,SKU126,90
MO275SKU127,2025-10-03,FAC001,SKU127,345
MO275SKU128,2025-10-03,FAC003,SKU128,253
MO275SKU129,2025-10-03,FAC002,SKU129,512
MO276SKU100,2025-10-04,FAC006,SKU100,207
MO276SKU101,2025-10-04,FAC004,SKU101,432
MO276SKU102,2025-10-04,FAC002,SKU102,484
MO276SKU103,2025-10-04,FAC003,SKU103,271
MO276SKU104,2025-10-04,FAC004,SKU104,248
MO276SKU105,2025-10-04,FAC004,SKU105,336
MO276SKU106,2025-10-04,FAC004,SKU106,351
MO276SKU107,2025-10-04,FAC002,SKU107,481
MO276SKU108,2025-10-04,FAC006,SKU108,327
MO276SKU109,2025-10-04,FAC005,SKU109,143
MO276SKU110,2025-10-04,FAC003,SKU110,509
MO276SKU111,2025-10-04,FAC006,SKU111,351
MO276SKU112,2025-10-04,FAC005,SKU112,179
MO276SKU113,2025-10-04,FAC006,SKU113,275
MO276SKU114,2025-10-04,FAC003,SKU114,429
MO276SKU115,2025-10-04,FAC006,SKU115,389
MO276SKU116,2025-10-04,FAC004,SKU116,315
MO276SKU117,2025-10-04,FAC004,SKU117,231
MO276SKU118,2025-10-04,FAC006,SKU118,468
MO276SKU119,2025-10-04,FAC003,SKU119,168
MO276SKU120,2025-10-04,FAC002,SKU120,164
MO276SKU121,2025-10-04,FAC001,SKU121,498
MO276SKU122,2025-10-04,FAC003,SKU122,508
MO276SKU123,2025-10-04,FAC001,SKU123,425
MO276SKU124,2025-10-04,FAC002,SKU124,236
MO276SKU125,2025-10-04,FAC004,SKU125,434
MO276SKU126,2025-10-04,FAC003,SKU126,537
MO276SKU127,2025-10-04,FAC003,SKU127,119
MO276SKU128,2025-10-04,FAC001,SKU128,408
MO276SKU129,2025-10-04,FAC005,SKU129,82
MO277SKU100,2025-10-05,FAC004,SKU100,433
MO277SKU101,2025-10-05,FAC004,SKU101,466
MO277SKU102,2025-10-05,FAC002,SKU102,157
MO277SKU103,2025-10-05,FAC002,SKU103,374
MO277SKU104,2025-10-05,FAC002,SKU104,327
MO277SKU105,2025-10-05,FAC002,SKU105,239
MO277SKU106,2025-10-05,FAC006,SKU106,238
MO277SKU107,2025-10-05,FAC001,SKU107,169
MO277SKU108,2025-10-05,FAC006,SKU108,82
MO277SKU109,2025-10-05,FAC004,SKU109,307
MO277SKU110,2025-10-05,FAC006,SKU110,113
MO277SKU111,2025-10-05,FAC005,SKU111,245
MO277SKU112,2025-10-05,FAC006,SKU112,207
MO277SKU113,2025-10-05,FAC001,SKU113,267
MO277SKU114,2025-10-05,FAC002,SKU114,212
MO277SKU115,2025-10-05,FAC005,SKU115,274
MO277SKU116,2025-10-05,FAC001,SKU116,477
MO277SKU117,2025-10-05,FAC003,SKU117,332
MO277SKU118,2025-10-05,FAC002,SKU118,236
MO277SKU119,2025-10-05,FAC002,SKU119,203
MO277SKU120,2025-10-05,FAC001,SKU120,371
MO277SKU121,2025-10-05,FAC006,SKU121,272
MO277SKU122,2025-10-05,FAC002,SKU122,453
MO277SKU123,2025-10-05,FAC005,SKU123,442
MO277SKU124,2025-10-05,FAC003,SKU124,374
MO277SKU125,2025-10-05,FAC005,SKU125,167
MO277SKU126,2025-10-05,FAC004,SKU126,187
MO277SKU127,2025-10-05,FAC006,SKU127,258
MO277SKU128,2025-10-05,FAC002,SKU128,421
MO277SKU129,2025-10-05,FAC002,SKU129,285
MO278SKU100,2025-10-06,FAC002,SKU100,316
MO278SKU101,2025-10-06,FAC001,SKU101,158
MO278SKU102,2025-10-06,FAC003,SKU102,442
MO278SKU103,2025-10-06,FAC001,SKU103,384
MO278SKU104,2025-10-06,FAC003,SKU104,400
MO278SKU105,2025-10-06,FAC002,SKU105,426
MO278SKU106,2025-10-06,FAC006,SKU106,410
MO278SKU107,2025-10-06,FAC001,SKU107,239
MO278SKU108,2025-10-06,FAC003,SKU108,415
MO278SKU109,2025-10-06,FAC002,SKU109,270
MO278SKU110,2025-10-06,FAC001,SKU110,239
MO278SKU111,2025-10-06,FAC001,SKU111,345
MO278SKU112,2025-10-06,FAC006,SKU112,162
MO278SKU113,2025-10-06,FAC003,SKU113,281
MO278SKU114,2025-10-06,FAC006,SKU114,459
MO278SKU115,2025-10-06,FAC001,SKU115,411
MO278SKU116,2025-10-06,FAC001,SKU116,446
MO278SKU117,2025-10-06,FAC003,SKU117,436
MO278SKU118,2025-10-06,FAC004,SKU118,341
MO278SKU119,2025-10-06,FAC005,SKU119,508
MO278SKU120,2025-10-06,FAC003,SKU120,418
MO278SKU121,2025-10-06,FAC004,SKU121,192
MO278SKU122,2025-10-06,FAC001,SKU122,483
MO278SKU123,2025-10-06,FAC006,SKU123,425
MO278SKU124,2025-10-06,FAC003,SKU124,434
MO278SKU125,2025-10-06,FAC001,SKU125,93
MO278SKU126,2025-10-06,FAC003,SKU126,285
MO278SKU127,2025-10-06,FAC003,SKU127,246
MO278SKU128,2025-10-06,FAC005,SKU128,398
MO278SKU129,2025-10-06,FAC004,SKU129,281
MO279SKU100,2025-10-07,FAC004,SKU100,146
MO279SKU101,2025-10-07,FAC006,SKU101,122
MO279SKU102,2025-10-07,FAC005,SKU102,400
MO279SKU103,2025-10-07,FAC005,SKU103,354
MO279SKU104,2025-10-07,FAC004,SKU104,208
MO279SKU105,2025-10-07,FAC002,SKU105,153
MO279SKU106,2025-10-07,FAC005,SKU106,357
MO279SKU107,2025-10-07,FAC003,SKU107,427
MO279SKU108,2025-10-07,FAC003,SKU108,389
MO279SKU109,2025-10-07,FAC001,SKU109,297
MO279SKU110,2025-10-07,FAC005,SKU110,405
MO279SKU111,2025-10-07,FAC005,SKU111,265
MO279SKU112,2025-10-07,FAC004,SKU112,459
MO279SKU113,2025-10-07,FAC004,SKU113,388
MO279SKU114,2025-10-07,FAC002,SKU114,191
MO279SKU115,2025-10-07,FAC005,SKU115,67
MO279SKU116,2025-10-07,FAC003,SKU116,432
MO279SKU117,2025-10-07,FAC004,SKU117,152
MO279SKU118,2025-10-07,FAC001,SKU118,269
MO279SKU119,2025-10-07,FAC006,SKU119,369
MO279SKU120,2025-10-07,FAC005,SKU120,473
MO279SKU121,2025-10-07,FAC005,SKU121,113
MO279SKU122,2025-10-07,FAC005,SKU122,366
MO279SKU123,2025-10-07,FAC006,SKU123,367
MO279SKU124,2025-10-07,FAC005,SKU124,272
MO279SKU125,2025-10-07,FAC001,SKU125,180
MO279SKU126,2025-10-07,FAC005,SKU126,260
MO279SKU127,2025-10-07,FAC005,SKU127,328
MO279SKU128,2025-10-07,FAC001,SKU128,328
MO279SKU129,2025-10-07,FAC004,SKU129,404
MO280SKU100,2025-10-08,FAC006,SKU100,358
MO280SKU101,2025-10-08,FAC002,SKU101,285
MO280SKU102,2025-10-08,FAC003,SKU102,461
MO280SKU103,2025-10-08,FAC002,SKU103,252
MO280SKU104,2025-10-08,FAC004,SKU104,484
MO280SKU105,2025-10-08,FAC006,SKU105,478
MO280SKU106,2025-10-08,FAC006,SKU106,145
MO280SKU107,2025-10-08,FAC002,SKU107,359
MO280SKU108,2025-10-08,FAC003,SKU108,307
MO280SKU109,2025-10-08,FAC001,SKU109,360
MO280SKU110,2025-10-08,FAC006,SKU110,115
MO280SKU111,2025-10-08,FAC003,SKU111,151
MO280SKU112,2025-10-08,FAC001,SKU112,245
MO280SKU113,2025-10-08,FAC001,SKU113,243
MO280SKU114,2025-10-08,FAC006,SKU114,477
MO280SKU115,2025-10-08,FAC002,SKU115,396
MO280SKU116,2025-10-08,FAC004,SKU116,328
MO280SKU117,2025-10-08,FAC002,SKU117,345
MO280SKU118,2025-10-08,FAC002,SKU118,253
MO280SKU119,2025-10-08,FAC003,SKU119,178
MO280SKU120,2025-10-08,FAC006,SKU120,332
MO280SKU121,2025-10-08,FAC001,SKU121,92
MO280SKU122,2025-10-08,FAC005,SKU122,193
MO280SKU123,2025-10-08,FAC001,SKU123,407
MO280SKU124,2025-10-08,FAC003,SKU124,420
MO280SKU125,2025-10-08,FAC005,SKU125,325
MO280SKU126,2025-10-08,FAC003,SKU126,297
MO280SKU127,2025-10-08,FAC005,SKU127,485
MO280SKU128,2025-10-08,FAC003,SKU128,320
MO280SKU129,2025-10-08,FAC004,SKU129,337
MO281SKU100,2025-10-09,FAC004,SKU100,253
MO281SKU101,2025-10-09,FAC001,SKU101,310
MO281SKU102,2025-10-09,FAC003,SKU102,277
MO281SKU103,2025-10-09,FAC003,SKU103,354
MO281SKU104,2025-10-09,FAC002,SKU104,373
MO281SKU105,2025-10-09,FAC001,SKU105,340
MO281SKU106,2025-10-09,FAC004,SKU106,97
MO281SKU107,2025-10-09,FAC001,SKU107,477
MO281SKU108,2025-10-09,FAC002,SKU108,183
MO281SKU109,2025-10-09,FAC003,SKU109,360
MO281SKU110,2025-10-09,FAC005,SKU110,420
MO281SKU111,2025-10-09,FAC004,SKU111,260
MO281SKU112,2025-10-09,FAC004,SKU112,266
MO281SKU113,2025-10-09,FAC003,SKU113,244
MO281SKU114,2025-10-09,FAC002,SKU114,225
MO281SKU115,2025-10-09,FAC006,SKU115,504
MO281SKU116,2025-10-09,FAC005,SKU116,189
MO281SKU117,2025-10-09,FAC001,SKU117,276
MO281SKU118,2025-10-09,FAC001,SKU118,315
MO281SKU119,2025-10-09,FAC001,SKU119,300
MO281SKU120,2025-10-09,FAC001,SKU120,160
MO281SKU121,2025-10-09,FAC004,SKU121,178
MO281SKU122,2025-10-09,FAC003,SKU122,410
MO281SKU123,2025-10-09,FAC002,SKU123,164
MO281SKU124,2025-10-09,FAC004,SKU124,358
MO281SKU125,2025-10-09,FAC001,SKU125,127
MO281SKU126,2025-10-09,FAC006,SKU126,323
MO281SKU127,2025-10-09,FAC005,SKU127,120
MO281SKU128,2025-10-09,FAC004,SKU128,477
MO281SKU129,2025-10-09,FAC003,SKU129,452
MO282SKU100,2025-10-10,FAC005,SKU100,156
MO282SKU101,2025-10-10,FAC003,SKU101,171
MO282SKU102,2025-10-10,FAC002,SKU102,113
MO282SKU103,2025-10-10,FAC004,SKU103,276
MO282SKU104,2025-10-10,FAC003,SKU104,379
MO282SKU105,2025-10-10,FAC003,SKU105,316
MO282SKU106,2025-10-10,FAC003,SKU106,110
MO282SKU107,2025-10-10,FAC004,SKU107,113
MO282SKU108,2025-10-10,FAC005,SKU108,140
MO282SKU109,2025-10-10,FAC001,SKU109,341
MO282SKU110,2025-10-10,FAC003,SKU110,161
MO282SKU111,2025-10-10,FAC004,SKU111,267
MO282SKU112,2025-10-10,FAC003,SKU112,493
MO282SKU113,2025-10-10,FAC001,SKU113,330
MO282SKU114,2025-10-10,FAC002,SKU114,444
MO282SKU115,2025-10-10,FAC005,SKU115,330
MO282SKU116,2025-10-10,FAC005,SKU116,385
MO282SKU117,2025-10-10,FAC002,SKU117,76
MO282SKU118,2025-10-10,FAC002,SKU118,396
MO282SKU119,2025-10-10,FAC005,SKU119,460
MO282SKU120,2025-10-10,FAC006,SKU120,130
MO282SKU121,2025-10-10,FAC004,SKU121,214
MO282SKU122,2025-10-10,FAC004,SKU122,196
MO282SKU123,2025-10-10,FAC006,SKU123,220
MO282SKU124,2025-10-10,FAC004,SKU124,403
MO282SKU125,2025-10-10,FAC006,SKU125,316
MO282SKU126,2025-10-10,FAC005,SKU126,116
MO282SKU127,2025-10-10,FAC003,SKU127,293
MO282SKU128,2025-10-10,FAC003,SKU128,476
MO282SKU129,2025-10-10,FAC003,SKU129,263
MO283SKU100,2025-10-11,FAC001,SKU100,381
MO283SKU101,2025-10-11,FAC001,SKU101,393
MO283SKU102,2025-10-11,FAC004,SKU102,138
MO283SKU103,2025-10-11,FAC001,SKU103,327
MO283SKU104,2025-10-11,FAC002,SKU104,349
MO283SKU105,2025-10-11,FAC003,SKU105,344
MO283SKU106,2025-10-11,FAC001,SKU106,189
MO283SKU107,2025-10-11,FAC001,SKU107,358
MO283SKU108,2025-10-11,FAC004,SKU108,167
MO283SKU109,2025-10-11,FAC003,SKU109,125
MO283SKU110,2025-10-11,FAC001,SKU110,89
MO283SKU111,2025-10-11,FAC003,SKU111,227
MO283SKU112,2025-10-11,FAC003,SKU112,377
MO283SKU113,2025-10-11,FAC006,SKU113,211
MO283SKU114,2025-10-11,FAC006,SKU114,241
MO283SKU115,2025-10-11,FAC003,SKU115,479
MO283SKU116,2025-10-11,FAC001,SKU116,172
MO283SKU117,2025-10-11,FAC002,SKU117,503
MO283SKU118,2025-10-11,FAC001,SKU118,235
MO283SKU119,2025-10-11,FAC005,SKU119,491
MO283SKU120,2025-10-11,FAC002,SKU120,492
MO283SKU121,2025-10-11,FAC003,SKU121,393
MO283SKU122,2025-10-11,FAC001,SKU122,475
MO283SKU123,2025-10-11,FAC004,SKU123,389
MO283SKU124,2025-10-11,FAC002,SKU124,149
MO283SKU125,2025-10-11,FAC006,SKU125,273
MO283SKU126,2025-10-11,FAC004,SKU126,184
MO283SKU127,2025-10-11,FAC002,SKU127,480
MO283SKU128,2025-10-11,FAC003,SKU128,496
MO283SKU129,2025-10-11,FAC003,SKU129,371
MO284SKU100,2025-10-12,FAC004,SKU100,523
MO284SKU101,2025-10-12,FAC001,SKU101,398
MO284SKU102,2025-10-12,FAC005,SKU102,104
MO284SKU103,2025-10-12,FAC002,SKU103,163
MO284SKU104,2025-10-12,FAC002,SKU104,230
MO284SKU105,2025-10-12,FAC002,SKU105,448
MO284SKU106,2025-10-12,FAC005,SKU106,107
MO284SKU107,2025-10-12,FAC003,SKU107,421
MO284SKU108,2025-10-12,FAC004,SKU108,207
MO284SKU109,2025-10-12,FAC006,SKU109,517
MO284SKU110,2025-10-12,FAC003,SKU110,331
MO284SKU111,2025-10-12,FAC003,SKU111,412
MO284SKU112,2025-10-12,FAC002,SKU112,100
MO284SKU113,2025-10-12,FAC006,SKU113,435
MO284SKU114,2025-10-12,FAC001,SKU114,349
MO284SKU115,2025-10-12,FAC004,SKU115,383
MO284SKU116,2025-10-12,FAC003,SKU116,378
MO284SKU117,2025-10-12,FAC006,SKU117,127
MO284SKU118,2025-10-12,FAC002,SKU118,252
MO284SKU119,2025-10-12,FAC006,SKU119,92
MO284SKU120,2025-10-12,FAC001,SKU120,503
MO284SKU121,2025-10-12,FAC001,SKU121,506
MO284SKU122,2025-10-12,FAC004,SKU122,231
MO284SKU123,2025-10-12,FAC005,SKU123,375
MO284SKU124,2025-10-12,FAC006,SKU124,502
MO284SKU125,2025-10-12,FAC002,SKU125,440
MO284SKU126,2025-10-12,FAC001,SKU126,107
MO284SKU127,2025-10-12,FAC005,SKU127,412
MO284SKU128,2025-10-12,FAC005,SKU128,449
MO284SKU129,2025-10-12,FAC004,SKU129,268
MO285SKU100,2025-10-13,FAC004,SKU100,435
MO285SKU101,2025-10-13,FAC006,SKU101,271
MO285SKU102,2025-10-13,FAC002,SKU102,99
MO285SKU103,2025-10-13,FAC005,SKU103,463
MO285SKU104,2025-10-13,FAC002,SKU104,179
MO285SKU105,2025-10-13,FAC004,SKU105,153
MO285SKU106,2025-10-13,FAC004,SKU106,211
MO285SKU107,2025-10-13,FAC006,SKU107,400
MO285SKU108,2025-10-13,FAC004,SKU108,90
MO285SKU109,2025-10-13,FAC006,SKU109,478
MO285SKU110,2025-10-13,FAC005,SKU110,383
MO285SKU111,2025-10-13,FAC005,SKU111,259
MO285SKU112,2025-10-13,FAC004,SKU112,120
MO285SKU113,2025-10-13,FAC002,SKU113,209
MO285SKU114,2025-10-13,FAC006,SKU114,179
MO285SKU115,2025-10-13,FAC002,SKU115,467
MO285SKU116,2025-10-13,FAC002,SKU116,201
MO285SKU117,2025-10-13,FAC006,SKU117,384
MO285SKU118,2025-10-13,FAC001,SKU118,276
MO285SKU119,2025-10-13,FAC002,SKU119,283
MO285SKU120,2025-10-13,FAC005,SKU120,394
MO285SKU121,2025-10-13,FAC002,SKU121,283
MO285SKU122,2025-10-13,FAC005,SKU122,181
MO285SKU123,2025-10-13,FAC003,SKU123,492
MO285SKU124,2025-10-13,FAC002,SKU124,377
MO285SKU125,2025-10-13,FAC006,SKU125,488
MO285SKU126,2025-10-13,FAC001,SKU126,392
MO285SKU127,2025-10-13,FAC002,SKU127,133
MO285SKU128,2025-10-13,FAC001,SKU128,121
MO285SKU129,2025-10-13,FAC003,SKU129,457
MO286SKU100,2025-10-14,FAC003,SKU100,408
MO286SKU101,2025-10-14,FAC001,SKU101,155
MO286SKU102,2025-10-14,FAC004,SKU102,448
MO286SKU103,2025-10-14,FAC004,SKU103,310
MO286SKU104,2025-10-14,FAC004,SKU104,476
MO286SKU105,2025-10-14,FAC002,SKU105,91
MO286SKU106,2025-10-14,FAC005,SKU106,370
MO286SKU107,2025-10-14,FAC003,SKU107,85
MO286SKU108,2025-10-14,FAC005,SKU108,456
MO286SKU109,2025-10-14,FAC002,SKU109,356
MO286SKU110,2025-10-14,FAC005,SKU110,305
MO286SKU111,2025-10-14,FAC004,SKU111,422
MO286SKU112,2025-10-14,FAC003,SKU112,360
MO286SKU113,2025-10-14,FAC002,SKU113,364
MO286SKU114,2025-10-14,FAC006,SKU114,433
MO286SKU115,2025-10-14,FAC006,SKU115,110
MO286SKU116,2025-10-14,FAC004,SKU116,260
MO286SKU117,2025-10-14,FAC004,SKU117,180
MO286SKU118,2025-10-14,FAC006,SKU118,270
MO286SKU119,2025-10-14,FAC002,SKU119,303
MO286SKU120,2025-10-14,FAC002,SKU120,357
MO286SKU121,2025-10-14,FAC001,SKU121,200
MO286SKU122,2025-10-14,FAC002,SKU122,83
MO286SKU123,2025-10-14,FAC006,SKU123,449
MO286SKU124,2025-10-14,FAC006,SKU124,371
MO286SKU125,2025-10-14,FAC005,SKU125,415
MO286SKU126,2025-10-14,FAC002,SKU126,225
MO286SKU127,2025-10-14,FAC004,SKU127,159
MO286SKU128,2025-10-14,FAC002,SKU128,431
MO286SKU129,2025-10-14,FAC002,SKU129,192
MO287SKU100,2025-10-15,FAC005,SKU100,371
MO287SKU101,2025-10-15,FAC001,SKU101,216
MO287SKU102,2025-10-15,FAC004,SKU102,448
MO287SKU103,2025-10-15,FAC002,SKU103,457
MO287SKU104,2025-10-15,FAC002,SKU104,301
MO287SKU105,2025-10-15,FAC003,SKU105,455
MO287SKU106,2025-10-15,FAC001,SKU106,107
MO287SKU107,2025-10-15,FAC001,SKU107,278
MO287SKU108,2025-10-15,FAC006,SKU108,152
MO287SKU109,2025-10-15,FAC002,SKU109,461
MO287SKU110,2025-10-15,FAC002,SKU110,323
MO287SKU111,2025-10-15,FAC004,SKU111,84
MO287SKU112,2025-10-15,FAC002,SKU112,311
MO287SKU113,2025-10-15,FAC006,SKU113,112
MO287SKU114,2025-10-15,FAC002,SKU114,220
MO287SKU115,2025-10-15,FAC006,SKU115,216
MO287SKU116,2025-10-15,FAC003,SKU116,212
MO287SKU117,2025-10-15,FAC004,SKU117,213
MO287SKU118,2025-10-15,FAC005,SKU118,354
MO287SKU119,2025-10-15,FAC004,SKU119,415
MO287SKU120,2025-10-15,FAC004,SKU120,315
MO287SKU121,2025-10-15,FAC004,SKU121,514
MO287SKU122,2025-10-15,FAC006,SKU122,364
MO287SKU123,2025-10-15,FAC001,SKU123,80
MO287SKU124,2025-10-15,FAC003,SKU124,255
MO287SKU125,2025-10-15,FAC004,SKU125,94
MO287SKU126,2025-10-15,FAC001,SKU126,196
MO287SKU127,2025-10-15,FAC003,SKU127,461
MO287SKU128,2025-10-15,FAC001,SKU128,442
MO287SKU129,2025-10-15,FAC001,SKU129,259
MO288SKU100,2025-10-16,FAC005,SKU100,529
MO288SKU101,2025-10-16,FAC006,SKU101,294
MO288SKU102,2025-10-16,FAC002,SKU102,117
MO288SKU103,2025-10-16,FAC006,SKU103,249
MO288SKU104,2025-10-16,FAC002,SKU104,294
MO288SKU105,2025-10-16,FAC005,SKU105,202
MO288SKU106,2025-10-16,FAC005,SKU106,96
MO288SKU107,2025-10-16,FAC006,SKU107,312
MO288SKU108,2025-10-16,FAC003,SKU108,227
MO288SKU109,2025-10-16,FAC006,SKU109,108
MO288SKU110,2025-10-16,FAC002,SKU110,374
MO288SKU111,2025-10-16,FAC006,SKU111,246
MO288SKU112,2025-10-16,FAC001,SKU112,370
MO288SKU113,2025-10-16,FAC002,SKU113,171
MO288SKU114,2025-10-16,FAC006,SKU114,253
MO288SKU115,2025-10-16,FAC006,SKU115,186
MO288SKU116,2025-10-16,FAC004,SKU116,344
MO288SKU117,2025-10-16,FAC004,SKU117,190
MO288SKU118,2025-10-16,FAC002,SKU118,333
MO288SKU119,2025-10-16,FAC003,SKU119,241
MO288SKU120,2025-10-16,FAC005,SKU120,333
MO288SKU121,2025-10-16,FAC004,SKU121,428
MO288SKU122,2025-10-16,FAC003,SKU122,390
MO288SKU123,2025-10-16,FAC002,SKU123,150
MO288SKU124,2025-10-16,FAC006,SKU124,468
MO288SKU125,2025-10-16,FAC003,SKU125,249
MO288SKU126,2025-10-16,FAC006,SKU126,202
MO288SKU127,2025-10-16,FAC004,SKU127,260
MO288SKU128,2025-10-16,FAC005,SKU128,341
MO288SKU129,2025-10-16,FAC002,SKU129,155
MO289SKU100,2025-10-17,FAC003,SKU100,93
MO289SKU101,2025-10-17,FAC001,SKU101,403
MO289SKU102,2025-10-17,FAC003,SKU102,489
MO289SKU103,2025-10-17,FAC002,SKU103,157
MO289SKU104,2025-10-17,FAC005,SKU104,303
MO289SKU105,2025-10-17,FAC005,SKU105,264
MO289SKU106,2025-10-17,FAC006,SKU106,246
MO289SKU107,2025-10-17,FAC005,SKU107,136
MO289SKU108,2025-10-17,FAC005,SKU108,394
MO289SKU109,2025-10-17,FAC006,SKU109,487
MO289SKU110,2025-10-17,FAC001,SKU110,360
MO289SKU111,2025-10-17,FAC006,SKU111,172
MO289SKU112,2025-10-17,FAC006,SKU112,382
MO289SKU113,2025-10-17,FAC005,SKU113,363
MO289SKU114,2025-10-17,FAC003,SKU114,342
MO289SKU115,2025-10-17,FAC002,SKU115,274
MO289SKU116,2025-10-17,FAC006,SKU116,360
MO289SKU117,2025-10-17,FAC002,SKU117,357
MO289SKU118,2025-10-17,FAC005,SKU118,302
MO289SKU119,2025-10-17,FAC005,SKU119,415
MO289SKU120,2025-10-17,FAC003,SKU120,162
MO289SKU121,2025-10-17,FAC004,SKU121,205
MO289SKU122,2025-10-17,FAC006,SKU122,474
MO289SKU123,2025-10-17,FAC001,SKU123,381
MO289SKU124,2025-10-17,FAC003,SKU124,220
MO289SKU125,2025-10-17,FAC006,SKU125,399
MO289SKU126,2025-10-17,FAC003,SKU126,241
MO289SKU127,2025-10-17,FAC006,SKU127,426
MO289SKU128,2025-10-17,FAC001,SKU128,523
MO289SKU129,2025-10-17,FAC005,SKU129,139
MO290SKU100,2025-10-18,FAC006,SKU100,428
MO290SKU101,2025-10-18,FAC006,SKU101,245
MO290SKU102,2025-10-18,FAC005,SKU102,356
MO290SKU103,2025-10-18,FAC006,SKU103,273
MO290SKU104,2025-10-18,FAC004,SKU104,401
MO290SKU105,2025-10-18,FAC005,SKU105,397
MO290SKU106,2025-10-18,FAC003,SKU106,274
MO290SKU107,2025-10-18,FAC006,SKU107,350
MO290SKU108,2025-10-18,FAC005,SKU108,232
MO290SKU109,2025-10-18,FAC003,SKU109,305
MO290SKU110,2025-10-18,FAC006,SKU110,173
MO290SKU111,2025-10-18,FAC006,SKU111,323
MO290SKU112,2025-10-18,FAC006,SKU112,131
MO290SKU113,2025-10-18,FAC004,SKU113,139
MO290SKU114,2025-10-18,FAC006,SKU114,298
MO290SKU115,2025-10-18,FAC001,SKU115,199
MO290SKU116,2025-10-18,FAC005,SKU116,414
MO290SKU117,2025-10-18,FAC002,SKU117,180
MO290SKU118,2025-10-18,FAC006,SKU118,189
MO290SKU119,2025-10-18,FAC002,SKU119,281
MO290SKU120,2025-10-18,FAC005,SKU120,194
MO290SKU121,2025-10-18,FAC005,SKU121,255
MO290SKU122,2025-10-18,FAC006,SKU122,420
MO290SKU123,2025-10-18,FAC002,SKU123,233
MO290SKU124,2025-10-18,FAC004,SKU124,500
MO290SKU125,2025-10-18,FAC002,SKU125,180
MO290SKU126,2025-10-18,FAC003,SKU126,466
MO290SKU127,2025-10-18,FAC004,SKU127,129
MO290SKU128,2025-10-18,FAC001,SKU128,206
MO290SKU129,2025-10-18,FAC002,SKU129,148
MO291SKU100,2025-10-19,FAC002,SKU100,83
MO291SKU101,2025-10-19,FAC004,SKU101,96
MO291SKU102,2025-10-19,FAC003,SKU102,113
MO291SKU103,2025-10-19,FAC003,SKU103,516
MO291SKU104,2025-10-19,FAC001,SKU104,349
MO291SKU105,2025-10-19,FAC005,SKU105,156
MO291SKU106,2025-10-19,FAC006,SKU106,408
MO291SKU107,2025-10-19,FAC001,SKU107,357
MO291SKU108,2025-10-19,FAC004,SKU108,321
MO291SKU109,2025-10-19,FAC002,SKU109,277
MO291SKU110,2025-10-19,FAC005,SKU110,177
MO291SKU111,2025-10-19,FAC006,SKU111,182
MO291SKU112,2025-10-19,FAC003,SKU112,272
MO291SKU113,2025-10-19,FAC002,SKU113,387
MO291SKU114,2025-10-19,FAC003,SKU114,85
MO291SKU115,2025-10-19,FAC003,SKU115,262
MO291SKU116,2025-10-19,FAC004,SKU116,243
MO291SKU117,2025-10-19,FAC001,SKU117,452
MO291SKU118,2025-10-19,FAC005,SKU118,353
MO291SKU119,2025-10-19,FAC002,SKU119,484
MO291SKU120,2025-10-19,FAC004,SKU120,444
MO291SKU121,2025-10-19,FAC005,SKU121,161
MO291SKU122,2025-10-19,FAC004,SKU122,196
MO291SKU123,2025-10-19,FAC006,SKU123,121
MO291SKU124,2025-10-19,FAC004,SKU124,231
MO291SKU125,2025-10-19,FAC002,SKU125,458
MO291SKU126,2025-10-19,FAC005,SKU126,278
MO291SKU127,2025-10-19,FAC002,SKU127,163
MO291SKU128,2025-10-19,FAC003,SKU128,151
MO291SKU129,2025-10-19,FAC004,SKU129,238
MO292SKU100,2025-10-20,FAC004,SKU100,411
MO292SKU101,2025-10-20,FAC001,SKU101,327
MO292SKU102,2025-10-20,FAC005,SKU102,194
MO292SKU103,2025-10-20,FAC006,SKU103,211
MO292SKU104,2025-10-20,FAC006,SKU104,232
MO292SKU105,2025-10-20,FAC002,SKU105,133
MO292SKU106,2025-10-20,FAC005,SKU106,262
MO292SKU107,2025-10-20,FAC003,SKU107,131
MO292SKU108,2025-10-20,FAC002,SKU108,83
MO292SKU109,2025-10-20,FAC001,SKU109,330
MO292SKU110,2025-10-20,FAC002,SKU110,378
MO292SKU111,2025-10-20,FAC004,SKU111,226
MO292SKU112,2025-10-20,FAC001,SKU112,223
MO292SKU113,2025-10-20,FAC003,SKU113,237
MO292SKU114,2025-10-20,FAC004,SKU114,486
MO292SKU115,2025-10-20,FAC002,SKU115,148
MO292SKU116,2025-10-20,FAC002,SKU116,308
MO292SKU117,2025-10-20,FAC006,SKU117,445
MO292SKU118,2025-10-20,FAC001,SKU118,450
MO292SKU119,2025-10-20,FAC005,SKU119,278
MO292SKU120,2025-10-20,FAC006,SKU120,235
MO292SKU121,2025-10-20,FAC003,SKU121,255
MO292SKU122,2025-10-20,FAC004,SKU122,465
MO292SKU123,2025-10-20,FAC004,SKU123,118
MO292SKU124,2025-10-20,FAC006,SKU124,441
MO292SKU125,2025-10-20,FAC006,SKU125,235
MO292SKU126,2025-10-20,FAC003,SKU126,202
MO292SKU127,2025-10-20,FAC004,SKU127,280
MO292SKU128,2025-10-20,FAC004,SKU128,329
MO292SKU129,2025-10-20,FAC003,SKU129,340
MO293SKU100,2025-10-21,FAC002,SKU100,163
MO293SKU101,2025-10-21,FAC005,SKU101,335
MO293SKU102,2025-10-21,FAC002,SKU102,379
MO293SKU103,2025-10-21,FAC001,SKU103,310
MO293SKU104,2025-10-21,FAC003,SKU104,396
MO293SKU105,2025-10-21,FAC003,SKU105,296
MO293SKU106,2025-10-21,FAC005,SKU106,372
MO293SKU107,2025-10-21,FAC004,SKU107,323
MO293SKU108,2025-10-21,FAC005,SKU108,427
MO293SKU109,2025-10-21,FAC006,SKU109,519
MO293SKU110,2025-10-21,FAC003,SKU110,418
MO293SKU111,2025-10-21,FAC006,SKU111,359
MO293SKU112,2025-10-21,FAC005,SKU112,145
MO293SKU113,2025-10-21,FAC003,SKU113,131
MO293SKU114,2025-10-21,FAC002,SKU114,368
MO293SKU115,2025-10-21,FAC001,SKU115,457
MO293SKU116,2025-10-21,FAC001,SKU116,300
MO293SKU117,2025-10-21,FAC005,SKU117,404
MO293SKU118,2025-10-21,FAC001,SKU118,441
MO293SKU119,2025-10-21,FAC006,SKU119,292
MO293SKU120,2025-10-21,FAC005,SKU120,350
MO293SKU121,2025-10-21,FAC004,SKU121,485
MO293SKU122,2025-10-21,FAC001,SKU122,142
MO293SKU123,2025-10-21,FAC006,SKU123,359
MO293SKU124,2025-10-21,FAC003,SKU124,91
MO293SKU125,2025-10-21,FAC004,SKU125,240
MO293SKU126,2025-10-21,FAC004,SKU126,394
MO293SKU127,2025-10-21,FAC002,SKU127,295
MO293SKU128,2025-10-21,FAC006,SKU128,213
MO293SKU129,2025-10-21,FAC001,SKU129,229
MO294SKU100,2025-10-22,FAC006,SKU100,397
MO294SKU101,2025-10-22,FAC006,SKU101,419
MO294SKU102,2025-10-22,FAC001,SKU102,192
MO294SKU103,2025-10-22,FAC004,SKU103,171
MO294SKU104,2025-10-22,FAC004,SKU104,396
MO294SKU105,2025-10-22,FAC006,SKU105,432
MO294SKU106,2025-10-22,FAC003,SKU106,439
MO294SKU107,2025-10-22,FAC004,SKU107,197
MO294SKU108,2025-10-22,FAC004,SKU108,411
MO294SKU109,2025-10-22,FAC002,SKU109,240
MO294SKU110,2025-10-22,FAC006,SKU110,180
MO294SKU111,2025-10-22,FAC003,SKU111,417
MO294SKU112,2025-10-22,FAC003,SKU112,397
MO294SKU113,2025-10-22,FAC003,SKU113,316
MO294SKU114,2025-10-22,FAC003,SKU114,430
MO294SKU115,2025-10-22,FAC003,SKU115,471
MO294SKU116,2025-10-22,FAC005,SKU116,205
MO294SKU117,2025-10-22,FAC004,SKU117,227
MO294SKU118,2025-10-22,FAC005,SKU118,493
MO294SKU119,2025-10-22,FAC004,SKU119,485
MO294SKU120,2025-10-22,FAC006,SKU120,390
MO294SKU121,2025-10-22,FAC001,SKU121,305
MO294SKU122,2025-10-22,FAC004,SKU122,380
MO294SKU123,2025-10-22,FAC004,SKU123,124
MO294SKU124,2025-10-22,FAC003,SKU124,399
MO294SKU125,2025-10-22,FAC004,SKU125,245
MO294SKU126,2025-10-22,FAC003,SKU126,357
MO294SKU127,2025-10-22,FAC001,SKU127,386
MO294SKU128,2025-10-22,FAC005,SKU128,504
MO294SKU129,2025-10-22,FAC001,SKU129,190
MO295SKU100,2025-10-23,FAC001,SKU100,291
MO295SKU101,2025-10-23,FAC001,SKU101,177
MO295SKU102,2025-10-23,FAC006,SKU102,473
MO295SKU103,2025-10-23,FAC003,SKU103,122
MO295SKU104,2025-10-23,FAC005,SKU104,445
MO295SKU105,2025-10-23,FAC006,SKU105,363
MO295SKU106,2025-10-23,FAC002,SKU106,369
MO295SKU107,2025-10-23,FAC005,SKU107,210
MO295SKU108,2025-10-23,FAC002,SKU108,123
MO295SKU109,2025-10-23,FAC006,SKU109,523
MO295SKU110,2025-10-23,FAC006,SKU110,220
MO295SKU111,2025-10-23,FAC001,SKU111,388
MO295SKU112,2025-10-23,FAC004,SKU112,155
MO295SKU113,2025-10-23,FAC004,SKU113,181
MO295SKU114,2025-10-23,FAC003,SKU114,146
MO295SKU115,2025-10-23,FAC005,SKU115,372
MO295SKU116,2025-10-23,FAC005,SKU116,362
MO295SKU117,2025-10-23,FAC002,SKU117,116
MO295SKU118,2025-10-23,FAC004,SKU118,491
MO295SKU119,2025-10-23,FAC005,SKU119,207
MO295SKU120,2025-10-23,FAC001,SKU120,306
MO295SKU121,2025-10-23,FAC004,SKU121,155
MO295SKU122,2025-10-23,FAC003,SKU122,349
MO295SKU123,2025-10-23,FAC002,SKU123,307
MO295SKU124,2025-10-23,FAC004,SKU124,205
MO295SKU125,2025-10-23,FAC001,SKU125,366
MO295SKU126,2025-10-23,FAC002,SKU126,237
MO295SKU127,2025-10-23,FAC004,SKU127,191
MO295SKU128,2025-10-23,FAC005,SKU128,346
MO295SKU129,2025-10-23,FAC005,SKU129,390
MO296SKU100,2025-10-24,FAC006,SKU100,442
MO296SKU101,2025-10-24,FAC001,SKU101,316
MO296SKU102,2025-10-24,FAC004,SKU102,239
MO296SKU103,2025-10-24,FAC006,SKU103,420
MO296SKU104,2025-10-24,FAC003,SKU104,441
MO296SKU105,2025-10-24,FAC001,SKU105,194
MO296SKU106,2025-10-24,FAC005,SKU106,156
MO296SKU107,2025-10-24,FAC005,SKU107,478
MO296SKU108,2025-10-24,FAC006,SKU108,298
MO296SKU109,2025-10-24,FAC001,SKU109,291
MO296SKU110,2025-10-24,FAC004,SKU110,277
MO296SKU111,2025-10-24,FAC002,SKU111,476
MO296SKU112,2025-10-24,FAC004,SKU112,92
MO296SKU113,2025-10-24,FAC005,SKU113,412
MO296SKU114,2025-10-24,FAC003,SKU114,339
MO296SKU115,2025-10-24,FAC002,SKU115,157
MO296SKU116,2025-10-24,FAC003,SKU116,141
MO296SKU117,2025-10-24,FAC004,SKU117,230
MO296SKU118,2025-10-24,FAC006,SKU118,195
MO296SKU119,2025-10-24,FAC001,SKU119,478
MO296SKU120,2025-10-24,FAC002,SKU120,289
MO296SKU121,2025-10-24,FAC003,SKU121,238
MO296SKU122,2025-10-24,FAC001,SKU122,164
MO296SKU123,2025-10-24,FAC005,SKU123,424
MO296SKU124,2025-10-24,FAC002,SKU124,102
MO296SKU125,2025-10-24,FAC001,SKU125,366
MO296SKU126,2025-10-24,FAC003,SKU126,306
MO296SKU127,2025-10-24,FAC005,SKU127,233
MO296SKU128,2025-10-24,FAC002,SKU128,344
MO296SKU129,2025-10-24,FAC003,SKU129,286
MO297SKU100,2025-10-25,FAC005,SKU100,433
MO297SKU101,2025-10-25,FAC003,SKU101,436
MO297SKU102,2025-10-25,FAC002,SKU102,378
MO297SKU103,2025-10-25,FAC004,SKU103,388
MO297SKU104,2025-10-25,FAC001,SKU104,93
MO297SKU105,2025-10-25,FAC006,SKU105,110
MO297SKU106,2025-10-25,FAC005,SKU106,532
MO297SKU107,2025-10-25,FAC006,SKU107,343
MO297SKU108,2025-10-25,FAC002,SKU108,203
MO297SKU109,2025-10-25,FAC004,SKU109,128
MO297SKU110,2025-10-25,FAC003,SKU110,263
MO297SKU111,2025-10-25,FAC006,SKU111,493
MO297SKU112,2025-10-25,FAC004,SKU112,399
MO297SKU113,2025-10-25,FAC003,SKU113,348
MO297SKU114,2025-10-25,FAC004,SKU114,348
MO297SKU115,2025-10-25,FAC006,SKU115,268
MO297SKU116,2025-10-25,FAC004,SKU116,164
MO297SKU117,2025-10-25,FAC003,SKU117,375
MO297SKU118,2025-10-25,FAC001,SKU118,126
MO297SKU119,2025-10-25,FAC002,SKU119,205
MO297SKU120,2025-10-25,FAC006,SKU120,195
MO297SKU121,2025-10-25,FAC006,SKU121,521
MO297SKU122,2025-10-25,FAC003,SKU122,305
MO297SKU123,2025-10-25,FAC006,SKU123,285
MO297SKU124,2025-10-25,FAC004,SKU124,502
MO297SKU125,2025-10-25,FAC001,SKU125,392
MO297SKU126,2025-10-25,FAC003,SKU126,223
MO297SKU127,2025-10-25,FAC004,SKU127,255
MO297SKU128,2025-10-25,FAC004,SKU128,105
MO297SKU129,2025-10-25,FAC002,SKU129,451
MO298SKU100,2025-10-26,FAC006,SKU100,320
MO298SKU101,2025-10-26,FAC005,SKU101,468
MO298SKU102,2025-10-26,FAC004,SKU102,331
MO298SKU103,2025-10-26,FAC001,SKU103,105
MO298SKU104,2025-10-26,FAC005,SKU104,358
MO298SKU105,2025-10-26,FAC005,SKU105,121
MO298SKU106,2025-10-26,FAC003,SKU106,411
MO298SKU107,2025-10-26,FAC005,SKU107,415
MO298SKU108,2025-10-26,FAC003,SKU108,486
MO298SKU109,2025-10-26,FAC003,SKU109,403
MO298SKU110,2025-10-26,FAC003,SKU110,450
MO298SKU111,2025-10-26,FAC006,SKU111,417
MO298SKU112,2025-10-26,FAC002,SKU112,205
MO298SKU113,2025-10-26,FAC002,SKU113,114
MO298SKU114,2025-10-26,FAC003,SKU114,372
MO298SKU115,2025-10-26,FAC004,SKU115,299
MO298SKU116,2025-10-26,FAC004,SKU116,122
MO298SKU117,2025-10-26,FAC005,SKU117,158
MO298SKU118,2025-10-26,FAC005,SKU118,263
MO298SKU119,2025-10-26,FAC004,SKU119,219
MO298SKU120,2025-10-26,FAC001,SKU120,116
MO298SKU121,2025-10-26,FAC002,SKU121,347
MO298SKU122,2025-10-26,FAC006,SKU122,106
MO298SKU123,2025-10-26,FAC002,SKU123,211
MO298SKU124,2025-10-26,FAC001,SKU124,336
MO298SKU125,2025-10-26,FAC004,SKU125,434
MO298SKU126,2025-10-26,FAC005,SKU126,462
MO298SKU127,2025-10-26,FAC005,SKU127,225
MO298SKU128,2025-10-26,FAC005,SKU128,136
MO298SKU129,2025-10-26,FAC006,SKU129,99
MO299SKU100,2025-10-27,FAC001,SKU100,341
MO299SKU101,2025-10-27,FAC004,SKU101,297
MO299SKU102,2025-10-27,FAC006,SKU102,435
MO299SKU103,2025-10-27,FAC003,SKU103,379
MO299SKU104,2025-10-27,FAC003,SKU104,352
MO299SKU105,2025-10-27,FAC003,SKU105,352
MO299SKU106,2025-10-27,FAC006,SKU106,250
MO299SKU107,2025-10-27,FAC002,SKU107,448
MO299SKU108,2025-10-27,FAC004,SKU108,430
MO299SKU109,2025-10-27,FAC003,SKU109,270
MO299SKU110,2025-10-27,FAC005,SKU110,120
MO299SKU111,2025-10-27,FAC002,SKU111,189
MO299SKU112,2025-10-27,FAC002,SKU112,450
MO299SKU113,2025-10-27,FAC006,SKU113,140
MO299SKU114,2025-10-27,FAC005,SKU114,341
MO299SKU115,2025-10-27,FAC004,SKU115,497
MO299SKU116,2025-10-27,FAC001,SKU116,259
MO299SKU117,2025-10-27,FAC001,SKU117,401
MO299SKU118,2025-10-27,FAC006,SKU118,269
MO299SKU119,2025-10-27,FAC002,SKU119,225
MO299SKU120,2025-10-27,FAC002,SKU120,494
MO299SKU121,2025-10-27,FAC005,SKU121,438
MO299SKU122,2025-10-27,FAC001,SKU122,226
MO299SKU123,2025-10-27,FAC002,SKU123,453
MO299SKU124,2025-10-27,FAC006,SKU124,112
MO299SKU125,2025-10-27,FAC002,SKU125,455
MO299SKU126,2025-10-27,FAC006,SKU126,124
MO299SKU127,2025-10-27,FAC006,SKU127,217
MO299SKU128,2025-10-27,FAC004,SKU128,372
MO299SKU129,2025-10-27,FAC001,SKU129,244
MO300SKU100,2025-10-28,FAC004,SKU100,242
MO300SKU101,2025-10-28,FAC006,SKU101,204
MO300SKU102,2025-10-28,FAC004,SKU102,138
MO300SKU103,2025-10-28,FAC005,SKU103,109
MO300SKU104,2025-10-28,FAC003,SKU104,507
MO300SKU105,2025-10-28,FAC003,SKU105,484
MO300SKU106,2025-10-28,FAC004,SKU106,321
MO300SKU107,2025-10-28,FAC006,SKU107,202
MO300SKU108,2025-10-28,FAC004,SKU108,308
MO300SKU109,2025-10-28,FAC002,SKU109,370
MO300SKU110,2025-10-28,FAC002,SKU110,189
MO300SKU111,2025-10-28,FAC001,SKU111,502
MO300SKU112,2025-10-28,FAC006,SKU112,189
MO300SKU113,2025-10-28,FAC002,SKU113,166
MO300SKU114,2025-10-28,FAC003,SKU114,142
MO300SKU115,2025-10-28,FAC005,SKU115,137
MO300SKU116,2025-10-28,FAC005,SKU116,409
MO300SKU117,2025-10-28,FAC005,SKU117,354
MO300SKU118,2025-10-28,FAC003,SKU118,416
MO300SKU119,2025-10-28,FAC005,SKU119,162
MO300SKU120,2025-10-28,FAC005,SKU120,408
MO300SKU121,2025-10-28,FAC006,SKU121,335
MO300SKU122,2025-10-28,FAC005,SKU122,204
MO300SKU123,2025-10-28,FAC001,SKU123,506
MO300SKU124,2025-10-28,FAC004,SKU124,193
MO300SKU125,2025-10-28,FAC001,SKU125,399
MO300SKU126,2025-10-28,FAC001,SKU126,482
MO300SKU127,2025-10-28,FAC006,SKU127,320
MO300SKU128,2025-10-28,FAC005,SKU128,418
MO300SKU129,2025-10-28,FAC005,SKU129,426
MO301SKU100,2025-10-29,FAC001,SKU100,394
MO301SKU101,2025-10-29,FAC005,SKU101,129
MO301SKU102,2025-10-29,FAC001,SKU102,506
MO301SKU103,2025-10-29,FAC003,SKU103,474
MO301SKU104,2025-10-29,FAC006,SKU104,475
MO301SKU105,2025-10-29,FAC002,SKU105,398
MO301SKU106,2025-10-29,FAC002,SKU106,260
MO301SKU107,2025-10-29,FAC002,SKU107,303
MO301SKU108,2025-10-29,FAC005,SKU108,360
MO301SKU109,2025-10-29,FAC006,SKU109,146
MO301SKU110,2025-10-29,FAC006,SKU110,501
MO301SKU111,2025-10-29,FAC001,SKU111,297
MO301SKU112,2025-10-29,FAC005,SKU112,472
MO301SKU113,2025-10-29,FAC004,SKU113,480
MO301SKU114,2025-10-29,FAC003,SKU114,334
MO301SKU115,2025-10-29,FAC005,SKU115,426
MO301SKU116,2025-10-29,FAC005,SKU116,278
MO301SKU117,2025-10-29,FAC002,SKU117,439
MO301SKU118,2025-10-29,FAC001,SKU118,444
MO301SKU119,2025-10-29,FAC003,SKU119,148
MO301SKU120,2025-10-29,FAC001,SKU120,516
MO301SKU121,2025-10-29,FAC001,SKU121,330
MO301SKU122,2025-10-29,FAC004,SKU122,407
MO301SKU123,2025-10-29,FAC003,SKU123,200
MO301SKU124,2025-10-29,FAC004,SKU124,96
MO301SKU125,2025-10-29,FAC003,SKU125,351
MO301SKU126,2025-10-29,FAC005,SKU126,451
MO301SKU127,2025-10-29,FAC006,SKU127,168
MO301SKU128,2025-10-29,FAC005,SKU128,230
MO301SKU129,2025-10-29,FAC004,SKU129,73
MO302SKU100,2025-10-30,FAC001,SKU100,225
MO302SKU101,2025-10-30,FAC001,SKU101,367
MO302SKU102,2025-10-30,FAC002,SKU102,268
MO302SKU103,2025-10-30,FAC004,SKU103,478
MO302SKU104,2025-10-30,FAC005,SKU104,392
MO302SKU105,2025-10-30,FAC005,SKU105,363
MO302SKU106,2025-10-30,FAC002,SKU106,419
MO302SKU107,2025-10-30,FAC006,SKU107,83
MO302SKU108,2025-10-30,FAC003,SKU108,303
MO302SKU109,2025-10-30,FAC003,SKU109,252
MO302SKU110,2025-10-30,FAC006,SKU110,297
MO302SKU111,2025-10-30,FAC004,SKU111,159
MO302SKU112,2025-10-30,FAC004,SKU112,119
MO302SKU113,2025-10-30,FAC003,SKU113,170
MO302SKU114,2025-10-30,FAC004,SKU114,171
MO302SKU115,2025-10-30,FAC003,SKU115,111
MO302SKU116,2025-10-30,FAC001,SKU116,221
MO302SKU117,2025-10-30,FAC003,SKU117,494
MO302SKU118,2025-10-30,FAC002,SKU118,134
MO302SKU119,2025-10-30,FAC006,SKU119,130
MO302SKU120,2025-10-30,FAC001,SKU120,423
MO302SKU121,2025-10-30,FAC001,SKU121,278
MO302SKU122,2025-10-30,FAC001,SKU122,272
MO302SKU123,2025-10-30,FAC001,SKU123,166
MO302SKU124,2025-10-30,FAC004,SKU124,371
MO302SKU125,2025-10-30,FAC003,SKU125,464
MO302SKU126,2025-10-30,FAC003,SKU126,257
MO302SKU127,2025-10-30,FAC002,SKU127,286
MO302SKU128,2025-10-30,FAC002,SKU128,287
MO302SKU129,2025-10-30,FAC002,SKU129,350
MO303SKU100,2025-10-31,FAC001,SKU100,477
MO303SKU101,2025-10-31,FAC001,SKU101,101
MO303SKU102,2025-10-31,FAC002,SKU102,280
MO303SKU103,2025-10-31,FAC002,SKU103,347
MO303SKU104,2025-10-31,FAC004,SKU104,310
MO303SKU105,2025-10-31,FAC006,SKU105,202
MO303SKU106,2025-10-31,FAC004,SKU106,440
MO303SKU107,2025-10-31,FAC005,SKU107,485
MO303SKU108,2025-10-31,FAC001,SKU108,393
MO303SKU109,2025-10-31,FAC006,SKU109,397
MO303SKU110,2025-10-31,FAC005,SKU110,302
MO303SKU111,2025-10-31,FAC006,SKU111,230
MO303SKU112,2025-10-31,FAC006,SKU112,411
MO303SKU113,2025-10-31,FAC001,SKU113,248
MO303SKU114,2025-10-31,FAC006,SKU114,206
MO303SKU115,2025-10-31,FAC001,SKU115,207
MO303SKU116,2025-10-31,FAC006,SKU116,216
MO303SKU117,2025-10-31,FAC006,SKU117,377
MO303SKU118,2025-10-31,FAC001,SKU118,520
MO303SKU119,2025-10-31,FAC004,SKU119,334
MO303SKU120,2025-10-31,FAC006,SKU120,388
MO303SKU121,2025-10-31,FAC001,SKU121,250
MO303SKU122,2025-10-31,FAC003,SKU122,491
MO303SKU123,2025-10-31,FAC004,SKU123,232
MO303SKU124,2025-10-31,FAC002,SKU124,407
MO303SKU125,2025-10-31,FAC006,SKU125,133
MO303SKU126,2025-10-31,FAC003,SKU126,470
MO303SKU127,2025-10-31,FAC003,SKU127,292
MO303SKU128,2025-10-31,FAC001,SKU128,323
MO303SKU129,2025-10-31,FAC006,SKU129,328
MO304SKU100,2025-11-01,FAC004,SKU100,598
MO304SKU101,2025-11-01,FAC002,SKU101,260
MO304SKU102,2025-11-01,FAC005,SKU102,317
MO304SKU103,2025-11-01,FAC006,SKU103,467
MO304SKU104,2025-11-01,FAC004,SKU104,119
MO304SKU105,2025-11-01,FAC001,SKU105,417
MO304SKU106,2025-11-01,FAC003,SKU106,599
MO304SKU107,2025-11-01,FAC004,SKU107,600
MO304SKU108,2025-11-01,FAC002,SKU108,141
MO304SKU109,2025-11-01,FAC005,SKU109,293
MO304SKU110,2025-11-01,FAC006,SKU110,532
MO304SKU111,2025-11-01,FAC006,SKU111,343
MO304SKU112,2025-11-01,FAC002,SKU112,548
MO304SKU113,2025-11-01,FAC002,SKU113,630
MO304SKU114,2025-11-01,FAC002,SKU114,689
MO304SKU115,2025-11-01,FAC006,SKU115,269
MO304SKU116,2025-11-01,FAC003,SKU116,701
MO304SKU117,2025-11-01,FAC005,SKU117,402
MO304SKU118,2025-11-01,FAC001,SKU118,231
MO304SKU119,2025-11-01,FAC003,SKU119,206
MO304SKU120,2025-11-01,FAC006,SKU120,307
MO304SKU121,2025-11-01,FAC003,SKU121,187
MO304SKU122,2025-11-01,FAC006,SKU122,520
MO304SKU123,2025-11-01,FAC004,SKU123,134
MO304SKU124,2025-11-01,FAC005,SKU124,570
MO304SKU125,2025-11-01,FAC001,SKU125,168
MO304SKU126,2025-11-01,FAC001,SKU126,616
MO304SKU127,2025-11-01,FAC004,SKU127,186
MO304SKU128,2025-11-01,FAC006,SKU128,268
MO304SKU129,2025-11-01,FAC005,SKU129,173
MO305SKU100,2025-11-02,FAC003,SKU100,621
MO305SKU101,2025-11-02,FAC006,SKU101,584
MO305SKU102,2025-11-02,FAC004,SKU102,438
MO305SKU103,2025-11-02,FAC006,SKU103,483
MO305SKU104,2025-11-02,FAC003,SKU104,381
MO305SKU105,2025-11-02,FAC006,SKU105,198
MO305SKU106,2025-11-02,FAC001,SKU106,654
MO305SKU107,2025-11-02,FAC004,SKU107,230
MO305SKU108,2025-11-02,FAC001,SKU108,521
MO305SKU109,2025-11-02,FAC004,SKU109,416
MO305SKU110,2025-11-02,FAC004,SKU110,123
MO305SKU111,2025-11-02,FAC005,SKU111,597
MO305SKU112,2025-11-02,FAC003,SKU112,511
MO305SKU113,2025-11-02,FAC004,SKU113,179
MO305SKU114,2025-11-02,FAC001,SKU114,598
MO305SKU115,2025-11-02,FAC001,SKU115,595
MO305SKU116,2025-11-02,FAC004,SKU116,559
MO305SKU117,2025-11-02,FAC001,SKU117,638
MO305SKU118,2025-11-02,FAC004,SKU118,152
MO305SKU119,2025-11-02,FAC006,SKU119,655
MO305SKU120,2025-11-02,FAC006,SKU120,651
MO305SKU121,2025-11-02,FAC005,SKU121,629
MO305SKU122,2025-11-02,FAC006,SKU122,203
MO305SKU123,2025-11-02,FAC005,SKU123,497
MO305SKU124,2025-11-02,FAC005,SKU124,284
MO305SKU125,2025-11-02,FAC004,SKU125,583
MO305SKU126,2025-11-02,FAC004,SKU126,641
MO305SKU127,2025-11-02,FAC002,SKU127,409
MO305SKU128,2025-11-02,FAC004,SKU128,421
MO305SKU129,2025-11-02,FAC003,SKU129,336
MO306SKU100,2025-11-03,FAC004,SKU100,529
MO306SKU101,2025-11-03,FAC001,SKU101,341
MO306SKU102,2025-11-03,FAC002,SKU102,347
MO306SKU103,2025-11-03,FAC004,SKU103,201
MO306SKU104,2025-11-03,FAC002,SKU104,365
MO306SKU105,2025-11-03,FAC006,SKU105,260
MO306SKU106,2025-11-03,FAC003,SKU106,567
MO306SKU107,2025-11-03,FAC003,SKU107,265
MO306SKU108,2025-11-03,FAC001,SKU108,432
MO306SKU109,2025-11-03,FAC004,SKU109,630
MO306SKU110,2025-11-03,FAC001,SKU110,668
MO306SKU111,2025-11-03,FAC001,SKU111,378
MO306SKU112,2025-11-03,FAC006,SKU112,452
MO306SKU113,2025-11-03,FAC006,SKU113,305
MO306SKU114,2025-11-03,FAC003,SKU114,386
MO306SKU115,2025-11-03,FAC006,SKU115,508
MO306SKU116,2025-11-03,FAC001,SKU116,543
MO306SKU117,2025-11-03,FAC002,SKU117,663
MO306SKU118,2025-11-03,FAC004,SKU118,625
MO306SKU119,2025-11-03,FAC004,SKU119,258
MO306SKU120,2025-11-03,FAC003,SKU120,255
MO306SKU121,2025-11-03,FAC003,SKU121,234
MO306SKU122,2025-11-03,FAC005,SKU122,377
MO306SKU123,2025-11-03,FAC002,SKU123,440
MO306SKU124,2025-11-03,FAC003,SKU124,601
MO306SKU125,2025-11-03,FAC001,SKU125,501
MO306SKU126,2025-11-03,FAC004,SKU126,698
MO306SKU127,2025-11-03,FAC006,SKU127,673
MO306SKU128,2025-11-03,FAC006,SKU128,161
MO306SKU129,2025-11-03,FAC002,SKU129,318
MO307SKU100,2025-11-04,FAC001,SKU100,348
MO307SKU101,2025-11-04,FAC005,SKU101,376
MO307SKU102,2025-11-04,FAC002,SKU102,124
MO307SKU103,2025-11-04,FAC006,SKU103,197
MO307SKU104,2025-11-04,FAC006,SKU104,563
MO307SKU105,2025-11-04,FAC004,SKU105,202
MO307SKU106,2025-11-04,FAC001,SKU106,599
MO307SKU107,2025-11-04,FAC003,SKU107,561
MO307SKU108,2025-11-04,FAC003,SKU108,621
MO307SKU109,2025-11-04,FAC003,SKU109,595
MO307SKU110,2025-11-04,FAC002,SKU110,576
MO307SKU111,2025-11-04,FAC004,SKU111,533
MO307SKU112,2025-11-04,FAC006,SKU112,117
MO307SKU113,2025-11-04,FAC002,SKU113,563
MO307SKU114,2025-11-04,FAC005,SKU114,526
MO307SKU115,2025-11-04,FAC006,SKU115,521
MO307SKU116,2025-11-04,FAC002,SKU116,491
MO307SKU117,2025-11-04,FAC002,SKU117,680
MO307SKU118,2025-11-04,FAC005,SKU118,431
MO307SKU119,2025-11-04,FAC002,SKU119,598
MO307SKU120,2025-11-04,FAC003,SKU120,234
MO307SKU121,2025-11-04,FAC005,SKU121,283
MO307SKU122,2025-11-04,FAC006,SKU122,371
MO307SKU123,2025-11-04,FAC001,SKU123,368
MO307SKU124,2025-11-04,FAC002,SKU124,581
MO307SKU125,2025-11-04,FAC004,SKU125,150
MO307SKU126,2025-11-04,FAC004,SKU126,636
MO307SKU127,2025-11-04,FAC004,SKU127,592
MO307SKU128,2025-11-04,FAC003,SKU128,434
MO307SKU129,2025-11-04,FAC003,SKU129,428
MO308SKU100,2025-11-05,FAC002,SKU100,418
MO308SKU101,2025-11-05,FAC004,SKU101,327
MO308SKU102,2025-11-05,FAC002,SKU102,591
MO308SKU103,2025-11-05,FAC002,SKU103,593
MO308SKU104,2025-11-05,FAC003,SKU104,563
MO308SKU105,2025-11-05,FAC002,SKU105,534
MO308SKU106,2025-11-05,FAC006,SKU106,494
MO308SKU107,2025-11-05,FAC006,SKU107,415
MO308SKU108,2025-11-05,FAC004,SKU108,344
MO308SKU109,2025-11-05,FAC001,SKU109,444
MO308SKU110,2025-11-05,FAC001,SKU110,191
MO308SKU111,2025-11-05,FAC004,SKU111,605
MO308SKU112,2025-11-05,FAC004,SKU112,242
MO308SKU113,2025-11-05,FAC002,SKU113,581
MO308SKU114,2025-11-05,FAC004,SKU114,608
MO308SKU115,2025-11-05,FAC002,SKU115,594
MO308SKU116,2025-11-05,FAC005,SKU116,619
MO308SKU117,2025-11-05,FAC005,SKU117,276
MO308SKU118,2025-11-05,FAC001,SKU118,433
MO308SKU119,2025-11-05,FAC001,SKU119,192
MO308SKU120,2025-11-05,FAC005,SKU120,121
MO308SKU121,2025-11-05,FAC006,SKU121,361
MO308SKU122,2025-11-05,FAC006,SKU122,612
MO308SKU123,2025-11-05,FAC004,SKU123,421
MO308SKU124,2025-11-05,FAC005,SKU124,658
MO308SKU125,2025-11-05,FAC004,SKU125,596
MO308SKU126,2025-11-05,FAC006,SKU126,393
MO308SKU127,2025-11-05,FAC004,SKU127,331
MO308SKU128,2025-11-05,FAC005,SKU128,169
MO308SKU129,2025-11-05,FAC004,SKU129,108
MO309SKU100,2025-11-06,FAC003,SKU100,542
MO309SKU101,2025-11-06,FAC006,SKU101,442
MO309SKU102,2025-11-06,FAC005,SKU102,516
MO309SKU103,2025-11-06,FAC006,SKU103,147
MO309SKU104,2025-11-06,FAC005,SKU104,178
MO309SKU105,2025-11-06,FAC004,SKU105,564
MO309SKU106,2025-11-06,FAC004,SKU106,181
MO309SKU107,2025-11-06,FAC006,SKU107,668
MO309SKU108,2025-11-06,FAC005,SKU108,452
MO309SKU109,2025-11-06,FAC002,SKU109,635
MO309SKU110,2025-11-06,FAC003,SKU110,299
MO309SKU111,2025-11-06,FAC004,SKU111,149
MO309SKU112,2025-11-06,FAC005,SKU112,310
MO309SKU113,2025-11-06,FAC003,SKU113,363
MO309SKU114,2025-11-06,FAC005,SKU114,245
MO309SKU115,2025-11-06,FAC006,SKU115,506
MO309SKU116,2025-11-06,FAC005,SKU116,341
MO309SKU117,2025-11-06,FAC002,SKU117,548
MO309SKU118,2025-11-06,FAC003,SKU118,638
MO309SKU119,2025-11-06,FAC003,SKU119,463
MO309SKU120,2025-11-06,FAC001,SKU120,207
MO309SKU121,2025-11-06,FAC002,SKU121,365
MO309SKU122,2025-11-06,FAC005,SKU122,433
MO309SKU123,2025-11-06,FAC003,SKU123,145
MO309SKU124,2025-11-06,FAC004,SKU124,517
MO309SKU125,2025-11-06,FAC001,SKU125,307
MO309SKU126,2025-11-06,FAC004,SKU126,434
MO309SKU127,2025-11-06,FAC005,SKU127,412
MO309SKU128,2025-11-06,FAC001,SKU128,568
MO309SKU129,2025-11-06,FAC001,SKU129,194
MO310SKU100,2025-11-07,FAC003,SKU100,123
MO310SKU101,2025-11-07,FAC002,SKU101,317
MO310SKU102,2025-11-07,FAC005,SKU102,262
MO310SKU103,2025-11-07,FAC004,SKU103,580
MO310SKU104,2025-11-07,FAC005,SKU104,176
MO310SKU105,2025-11-07,FAC001,SKU105,315
MO310SKU106,2025-11-07,FAC004,SKU106,505
MO310SKU107,2025-11-07,FAC001,SKU107,689
MO310SKU108,2025-11-07,FAC003,SKU108,159
MO310SKU109,2025-11-07,FAC001,SKU109,366
MO310SKU110,2025-11-07,FAC005,SKU110,154
MO310SKU111,2025-11-07,FAC006,SKU111,404
MO310SKU112,2025-11-07,FAC005,SKU112,186
MO310SKU113,2025-11-07,FAC002,SKU113,677
MO310SKU114,2025-11-07,FAC006,SKU114,387
MO310SKU115,2025-11-07,FAC003,SKU115,119
MO310SKU116,2025-11-07,FAC006,SKU116,535
MO310SKU117,2025-11-07,FAC005,SKU117,523
MO310SKU118,2025-11-07,FAC005,SKU118,482
MO310SKU119,2025-11-07,FAC001,SKU119,667
MO310SKU120,2025-11-07,FAC006,SKU120,111
MO310SKU121,2025-11-07,FAC005,SKU121,563
MO310SKU122,2025-11-07,FAC005,SKU122,286
MO310SKU123,2025-11-07,FAC003,SKU123,583
MO310SKU124,2025-11-07,FAC006,SKU124,432
MO310SKU125,2025-11-07,FAC002,SKU125,539
MO310SKU126,2025-11-07,FAC002,SKU126,243
MO310SKU127,2025-11-07,FAC005,SKU127,636
MO310SKU128,2025-11-07,FAC001,SKU128,236
MO310SKU129,2025-11-07,FAC001,SKU129,663
MO311SKU100,2025-11-08,FAC001,SKU100,399
MO311SKU101,2025-11-08,FAC006,SKU101,220
MO311SKU102,2025-11-08,FAC002,SKU102,644
MO311SKU103,2025-11-08,FAC005,SKU103,181
MO311SKU104,2025-11-08,FAC004,SKU104,363
MO311SKU105,2025-11-08,FAC002,SKU105,433
MO311SKU106,2025-11-08,FAC001,SKU106,222
MO311SKU107,2025-11-08,FAC001,SKU107,589
MO311SKU108,2025-11-08,FAC002,SKU108,226
MO311SKU109,2025-11-08,FAC002,SKU109,604
MO311SKU110,2025-11-08,FAC005,SKU110,615
MO311SKU111,2025-11-08,FAC002,SKU111,260
MO311SKU112,2025-11-08,FAC006,SKU112,365
MO311SKU113,2025-11-08,FAC006,SKU113,676
MO311SKU114,2025-11-08,FAC002,SKU114,195
MO311SKU115,2025-11-08,FAC006,SKU115,187
MO311SKU116,2025-11-08,FAC006,SKU116,546
MO311SKU117,2025-11-08,FAC001,SKU117,490
MO311SKU118,2025-11-08,FAC006,SKU118,125
MO311SKU119,2025-11-08,FAC004,SKU119,580
MO311SKU120,2025-11-08,FAC003,SKU120,488
MO311SKU121,2025-11-08,FAC001,SKU121,112
MO311SKU122,2025-11-08,FAC002,SKU122,235
MO311SKU123,2025-11-08,FAC001,SKU123,404
MO311SKU124,2025-11-08,FAC001,SKU124,690
MO311SKU125,2025-11-08,FAC001,SKU125,579
MO311SKU126,2025-11-08,FAC004,SKU126,316
MO311SKU127,2025-11-08,FAC006,SKU127,120
MO311SKU128,2025-11-08,FAC001,SKU128,581
MO311SKU129,2025-11-08,FAC005,SKU129,166
MO312SKU100,2025-11-09,FAC004,SKU100,194
MO312SKU101,2025-11-09,FAC005,SKU101,357
MO312SKU102,2025-11-09,FAC006,SKU102,273
MO312SKU103,2025-11-09,FAC001,SKU103,359
MO312SKU104,2025-11-09,FAC003,SKU104,271
MO312SKU105,2025-11-09,FAC005,SKU105,340
MO312SKU106,2025-11-09,FAC003,SKU106,127
MO312SKU107,2025-11-09,FAC004,SKU107,548
MO312SKU108,2025-11-09,FAC006,SKU108,353
MO312SKU109,2025-11-09,FAC004,SKU109,546
MO312SKU110,2025-11-09,FAC001,SKU110,663
MO312SKU111,2025-11-09,FAC002,SKU111,504
MO312SKU112,2025-11-09,FAC003,SKU112,185
MO312SKU113,2025-11-09,FAC006,SKU113,208
MO312SKU114,2025-11-09,FAC003,SKU114,216
MO312SKU115,2025-11-09,FAC005,SKU115,599
MO312SKU116,2025-11-09,FAC002,SKU116,540
MO312SKU117,2025-11-09,FAC005,SKU117,612
MO312SKU118,2025-11-09,FAC001,SKU118,402
MO312SKU119,2025-11-09,FAC002,SKU119,660
MO312SKU120,2025-11-09,FAC004,SKU120,584
MO312SKU121,2025-11-09,FAC005,SKU121,651
MO312SKU122,2025-11-09,FAC004,SKU122,231
MO312SKU123,2025-11-09,FAC006,SKU123,516
MO312SKU124,2025-11-09,FAC006,SKU124,555
MO312SKU125,2025-11-09,FAC004,SKU125,183
MO312SKU126,2025-11-09,FAC006,SKU126,448
MO312SKU127,2025-11-09,FAC003,SKU127,169
MO312SKU128,2025-11-09,FAC002,SKU128,435
MO312SKU129,2025-11-09,FAC003,SKU129,592
MO313SKU100,2025-11-10,FAC001,SKU100,530
MO313SKU101,2025-11-10,FAC001,SKU101,233
MO313SKU102,2025-11-10,FAC006,SKU102,644
MO313SKU103,2025-11-10,FAC003,SKU103,604
MO313SKU104,2025-11-10,FAC006,SKU104,624
MO313SKU105,2025-11-10,FAC004,SKU105,444
MO313SKU106,2025-11-10,FAC005,SKU106,328
MO313SKU107,2025-11-10,FAC002,SKU107,295
MO313SKU108,2025-11-10,FAC006,SKU108,181
MO313SKU109,2025-11-10,FAC002,SKU109,150
MO313SKU110,2025-11-10,FAC003,SKU110,543
MO313SKU111,2025-11-10,FAC001,SKU111,652
MO313SKU112,2025-11-10,FAC006,SKU112,690
MO313SKU113,2025-11-10,FAC001,SKU113,689
MO313SKU114,2025-11-10,FAC004,SKU114,491
MO313SKU115,2025-11-10,FAC002,SKU115,283
MO313SKU116,2025-11-10,FAC004,SKU116,563
MO313SKU117,2025-11-10,FAC006,SKU117,669
MO313SKU118,2025-11-10,FAC002,SKU118,303
MO313SKU119,2025-11-10,FAC005,SKU119,175
MO313SKU120,2025-11-10,FAC004,SKU120,283
MO313SKU121,2025-11-10,FAC006,SKU121,511
MO313SKU122,2025-11-10,FAC006,SKU122,143
MO313SKU123,2025-11-10,FAC005,SKU123,140
MO313SKU124,2025-11-10,FAC002,SKU124,217
MO313SKU125,2025-11-10,FAC005,SKU125,374
MO313SKU126,2025-11-10,FAC004,SKU126,564
MO313SKU127,2025-11-10,FAC003,SKU127,269
MO313SKU128,2025-11-10,FAC003,SKU128,463
MO313SKU129,2025-11-10,FAC004,SKU129,339
MO314SKU100,2025-11-11,FAC001,SKU100,284
MO314SKU101,2025-11-11,FAC006,SKU101,444
MO314SKU102,2025-11-11,FAC001,SKU102,631
MO314SKU103,2025-11-11,FAC003,SKU103,140
MO314SKU104,2025-11-11,FAC006,SKU104,373
MO314SKU105,2025-11-11,FAC004,SKU105,226
MO314SKU106,2025-11-11,FAC004,SKU106,117
MO314SKU107,2025-11-11,FAC004,SKU107,459
MO314SKU108,2025-11-11,FAC005,SKU108,151
MO314SKU109,2025-11-11,FAC006,SKU109,473
MO314SKU110,2025-11-11,FAC006,SKU110,475
MO314SKU111,2025-11-11,FAC004,SKU111,197
MO314SKU112,2025-11-11,FAC002,SKU112,276
MO314SKU113,2025-11-11,FAC005,SKU113,368
MO314SKU114,2025-11-11,FAC006,SKU114,166
MO314SKU115,2025-11-11,FAC006,SKU115,401
MO314SKU116,2025-11-11,FAC003,SKU116,155
MO314SKU117,2025-11-11,FAC003,SKU117,158
MO314SKU118,2025-11-11,FAC001,SKU118,89
MO314SKU119,2025-11-11,FAC003,SKU119,703
MO314SKU120,2025-11-11,FAC005,SKU120,335
MO314SKU121,2025-11-11,FAC003,SKU121,521
MO314SKU122,2025-11-11,FAC003,SKU122,635
MO314SKU123,2025-11-11,FAC005,SKU123,278
MO314SKU124,2025-11-11,FAC001,SKU124,561
MO314SKU125,2025-11-11,FAC003,SKU125,185
MO314SKU126,2025-11-11,FAC003,SKU126,294
MO314SKU127,2025-11-11,FAC002,SKU127,527
MO314SKU128,2025-11-11,FAC004,SKU128,387
MO314SKU129,2025-11-11,FAC001,SKU129,198
MO315SKU100,2025-11-12,FAC004,SKU100,183
MO315SKU101,2025-11-12,FAC006,SKU101,425
MO315SKU102,2025-11-12,FAC001,SKU102,669
MO315SKU103,2025-11-12,FAC004,SKU103,521
MO315SKU104,2025-11-12,FAC004,SKU104,321
MO315SKU105,2025-11-12,FAC004,SKU105,296
MO315SKU106,2025-11-12,FAC001,SKU106,346
MO315SKU107,2025-11-12,FAC002,SKU107,242
MO315SKU108,2025-11-12,FAC005,SKU108,236
MO315SKU109,2025-11-12,FAC004,SKU109,270
MO315SKU110,2025-11-12,FAC006,SKU110,294
MO315SKU111,2025-11-12,FAC006,SKU111,358
MO315SKU112,2025-11-12,FAC004,SKU112,484
MO315SKU113,2025-11-12,FAC004,SKU113,453
MO315SKU114,2025-11-12,FAC004,SKU114,431
MO315SKU115,2025-11-12,FAC004,SKU115,295
MO315SKU116,2025-11-12,FAC001,SKU116,614
MO315SKU117,2025-11-12,FAC004,SKU117,597
MO315SKU118,2025-11-12,FAC005,SKU118,237
MO315SKU119,2025-11-12,FAC002,SKU119,244
MO315SKU120,2025-11-12,FAC002,SKU120,568
MO315SKU121,2025-11-12,FAC002,SKU121,542
MO315SKU122,2025-11-12,FAC005,SKU122,444
MO315SKU123,2025-11-12,FAC003,SKU123,468
MO315SKU124,2025-11-12,FAC003,SKU124,436
MO315SKU125,2025-11-12,FAC002,SKU125,645
MO315SKU126,2025-11-12,FAC006,SKU126,143
MO315SKU127,2025-11-12,FAC004,SKU127,372
MO315SKU128,2025-11-12,FAC001,SKU128,259
MO315SKU129,2025-11-12,FAC004,SKU129,366
MO316SKU100,2025-11-13,FAC006,SKU100,183
MO316SKU101,2025-11-13,FAC001,SKU101,647
MO316SKU102,2025-11-13,FAC001,SKU102,322
MO316SKU103,2025-11-13,FAC004,SKU103,391
MO316SKU104,2025-11-13,FAC006,SKU104,560
MO316SKU105,2025-11-13,FAC006,SKU105,359
MO316SKU106,2025-11-13,FAC003,SKU106,283
MO316SKU107,2025-11-13,FAC006,SKU107,478
MO316SKU108,2025-11-13,FAC003,SKU108,649
MO316SKU109,2025-11-13,FAC005,SKU109,388
MO316SKU110,2025-11-13,FAC005,SKU110,579
MO316SKU111,2025-11-13,FAC005,SKU111,281
MO316SKU112,2025-11-13,FAC002,SKU112,490
MO316SKU113,2025-11-13,FAC004,SKU113,171
MO316SKU114,2025-11-13,FAC005,SKU114,594
MO316SKU115,2025-11-13,FAC004,SKU115,236
MO316SKU116,2025-11-13,FAC004,SKU116,470
MO316SKU117,2025-11-13,FAC005,SKU117,506
MO316SKU118,2025-11-13,FAC003,SKU118,141
MO316SKU119,2025-11-13,FAC005,SKU119,426
MO316SKU120,2025-11-13,FAC005,SKU120,492
MO316SKU121,2025-11-13,FAC003,SKU121,477
MO316SKU122,2025-11-13,FAC002,SKU122,398
MO316SKU123,2025-11-13,FAC001,SKU123,268
MO316SKU124,2025-11-13,FAC004,SKU124,655
MO316SKU125,2025-11-13,FAC001,SKU125,345
MO316SKU126,2025-11-13,FAC005,SKU126,145
MO316SKU127,2025-11-13,FAC001,SKU127,337
MO316SKU128,2025-11-13,FAC002,SKU128,308
MO316SKU129,2025-11-13,FAC002,SKU129,308
MO317SKU100,2025-11-14,FAC003,SKU100,627
MO317SKU101,2025-11-14,FAC006,SKU101,559
MO317SKU102,2025-11-14,FAC003,SKU102,539
MO317SKU103,2025-11-14,FAC006,SKU103,479
MO317SKU104,2025-11-14,FAC005,SKU104,165
MO317SKU105,2025-11-14,FAC006,SKU105,497
MO317SKU106,2025-11-14,FAC001,SKU106,392
MO317SKU107,2025-11-14,FAC001,SKU107,604
MO317SKU108,2025-11-14,FAC004,SKU108,223
MO317SKU109,2025-11-14,FAC006,SKU109,397
MO317SKU110,2025-11-14,FAC004,SKU110,163
MO317SKU111,2025-11-14,FAC002,SKU111,535
MO317SKU112,2025-11-14,FAC005,SKU112,301
MO317SKU113,2025-11-14,FAC006,SKU113,182
MO317SKU114,2025-11-14,FAC004,SKU114,376
MO317SKU115,2025-11-14,FAC004,SKU115,252
MO317SKU116,2025-11-14,FAC006,SKU116,113
MO317SKU117,2025-11-14,FAC001,SKU117,352
MO317SKU118,2025-11-14,FAC002,SKU118,449
MO317SKU119,2025-11-14,FAC004,SKU119,645
MO317SKU120,2025-11-14,FAC004,SKU120,684
MO317SKU121,2025-11-14,FAC005,SKU121,366
MO317SKU122,2025-11-14,FAC006,SKU122,492
MO317SKU123,2025-11-14,FAC001,SKU123,437
MO317SKU124,2025-11-14,FAC006,SKU124,648
MO317SKU125,2025-11-14,FAC003,SKU125,446
MO317SKU126,2025-11-14,FAC004,SKU126,403
MO317SKU127,2025-11-14,FAC005,SKU127,670
MO317SKU128,2025-11-14,FAC002,SKU128,287
MO317SKU129,2025-11-14,FAC004,SKU129,374
MO318SKU100,2025-11-15,FAC004,SKU100,636
MO318SKU101,2025-11-15,FAC005,SKU101,615
MO318SKU102,2025-11-15,FAC003,SKU102,681
MO318SKU103,2025-11-15,FAC003,SKU103,655
MO318SKU104,2025-11-15,FAC002,SKU104,538
MO318SKU105,2025-11-15,FAC003,SKU105,434
MO318SKU106,2025-11-15,FAC002,SKU106,128
MO318SKU107,2025-11-15,FAC002,SKU107,132
MO318SKU108,2025-11-15,FAC006,SKU108,429
MO318SKU109,2025-11-15,FAC006,SKU109,527
MO318SKU110,2025-11-15,FAC004,SKU110,623
MO318SKU111,2025-11-15,FAC003,SKU111,265
MO318SKU112,2025-11-15,FAC003,SKU112,122
MO318SKU113,2025-11-15,FAC001,SKU113,519
MO318SKU114,2025-11-15,FAC003,SKU114,434
MO318SKU115,2025-11-15,FAC006,SKU115,489
MO318SKU116,2025-11-15,FAC005,SKU116,356
MO318SKU117,2025-11-15,FAC001,SKU117,231
MO318SKU118,2025-11-15,FAC003,SKU118,415
MO318SKU119,2025-11-15,FAC003,SKU119,500
MO318SKU120,2025-11-15,FAC002,SKU120,655
MO318SKU121,2025-11-15,FAC003,SKU121,237
MO318SKU122,2025-11-15,FAC004,SKU122,344
MO318SKU123,2025-11-15,FAC006,SKU123,225
MO318SKU124,2025-11-15,FAC001,SKU124,159
MO318SKU125,2025-11-15,FAC004,SKU125,619
MO318SKU126,2025-11-15,FAC005,SKU126,472
MO318SKU127,2025-11-15,FAC002,SKU127,536
MO318SKU128,2025-11-15,FAC004,SKU128,306
MO318SKU129,2025-11-15,FAC006,SKU129,584
MO319SKU100,2025-11-16,FAC001,SKU100,363
MO319SKU101,2025-11-16,FAC001,SKU101,614
MO319SKU102,2025-11-16,FAC006,SKU102,179
MO319SKU103,2025-11-16,FAC005,SKU103,396
MO319SKU104,2025-11-16,FAC003,SKU104,566
MO319SKU105,2025-11-16,FAC005,SKU105,374
MO319SKU106,2025-11-16,FAC004,SKU106,533
MO319SKU107,2025-11-16,FAC005,SKU107,537
MO319SKU108,2025-11-16,FAC001,SKU108,277
MO319SKU109,2025-11-16,FAC002,SKU109,203
MO319SKU110,2025-11-16,FAC006,SKU110,332
MO319SKU111,2025-11-16,FAC004,SKU111,307
MO319SKU112,2025-11-16,FAC003,SKU112,496
MO319SKU113,2025-11-16,FAC006,SKU113,693
MO319SKU114,2025-11-16,FAC002,SKU114,644
MO319SKU115,2025-11-16,FAC004,SKU115,110
MO319SKU116,2025-11-16,FAC005,SKU116,618
MO319SKU117,2025-11-16,FAC004,SKU117,321
MO319SKU118,2025-11-16,FAC006,SKU118,454
MO319SKU119,2025-11-16,FAC002,SKU119,595
MO319SKU120,2025-11-16,FAC006,SKU120,238
MO319SKU121,2025-11-16,FAC005,SKU121,159
MO319SKU122,2025-11-16,FAC004,SKU122,191
MO319SKU123,2025-11-16,FAC005,SKU123,372
MO319SKU124,2025-11-16,FAC001,SKU124,337
MO319SKU125,2025-11-16,FAC002,SKU125,627
MO319SKU126,2025-11-16,FAC004,SKU126,371
MO319SKU127,2025-11-16,FAC005,SKU127,367
MO319SKU128,2025-11-16,FAC001,SKU128,142
MO319SKU129,2025-11-16,FAC004,SKU129,171
MO320SKU100,2025-11-17,FAC002,SKU100,643
MO320SKU101,2025-11-17,FAC005,SKU101,147
MO320SKU102,2025-11-17,FAC002,SKU102,645
MO320SKU103,2025-11-17,FAC006,SKU103,357
MO320SKU104,2025-11-17,FAC003,SKU104,131
MO320SKU105,2025-11-17,FAC005,SKU105,180
MO320SKU106,2025-11-17,FAC001,SKU106,566
MO320SKU107,2025-11-17,FAC005,SKU107,414
MO320SKU108,2025-11-17,FAC004,SKU108,685
MO320SKU109,2025-11-17,FAC001,SKU109,291
MO320SKU110,2025-11-17,FAC003,SKU110,475
MO320SKU111,2025-11-17,FAC003,SKU111,578
MO320SKU112,2025-11-17,FAC001,SKU112,302
MO320SKU113,2025-11-17,FAC003,SKU113,522
MO320SKU114,2025-11-17,FAC002,SKU114,504
MO320SKU115,2025-11-17,FAC006,SKU115,576
MO320SKU116,2025-11-17,FAC006,SKU116,396
MO320SKU117,2025-11-17,FAC005,SKU117,363
MO320SKU118,2025-11-17,FAC006,SKU118,649
MO320SKU119,2025-11-17,FAC006,SKU119,199
MO320SKU120,2025-11-17,FAC005,SKU120,219
MO320SKU121,2025-11-17,FAC002,SKU121,531
MO320SKU122,2025-11-17,FAC002,SKU122,159
MO320SKU123,2025-11-17,FAC004,SKU123,278
MO320SKU124,2025-11-17,FAC002,SKU124,271
MO320SKU125,2025-11-17,FAC005,SKU125,398
MO320SKU126,2025-11-17,FAC001,SKU126,693
MO320SKU127,2025-11-17,FAC002,SKU127,271
MO320SKU128,2025-11-17,FAC002,SKU128,255
MO320SKU129,2025-11-17,FAC002,SKU129,526
MO321SKU100,2025-11-18,FAC001,SKU100,193
MO321SKU101,2025-11-18,FAC006,SKU101,454
MO321SKU102,2025-11-18,FAC001,SKU102,537
MO321SKU103,2025-11-18,FAC003,SKU103,371
MO321SKU104,2025-11-18,FAC005,SKU104,419
MO321SKU105,2025-11-18,FAC004,SKU105,432
MO321SKU106,2025-11-18,FAC005,SKU106,446
MO321SKU107,2025-11-18,FAC002,SKU107,468
MO321SKU108,2025-11-18,FAC006,SKU108,602
MO321SKU109,2025-11-18,FAC001,SKU109,274
MO321SKU110,2025-11-18,FAC004,SKU110,155
MO321SKU111,2025-11-18,FAC005,SKU111,611
MO321SKU112,2025-11-18,FAC003,SKU112,236
MO321SKU113,2025-11-18,FAC001,SKU113,210
MO321SKU114,2025-11-18,FAC003,SKU114,347
MO321SKU115,2025-11-18,FAC004,SKU115,583
MO321SKU116,2025-11-18,FAC006,SKU116,498
MO321SKU117,2025-11-18,FAC003,SKU117,179
MO321SKU118,2025-11-18,FAC005,SKU118,123
MO321SKU119,2025-11-18,FAC006,SKU119,538
MO321SKU120,2025-11-18,FAC003,SKU120,531
MO321SKU121,2025-11-18,FAC004,SKU121,605
MO321SKU122,2025-11-18,FAC001,SKU122,605
MO321SKU123,2025-11-18,FAC005,SKU123,611
MO321SKU124,2025-11-18,FAC001,SKU124,338
MO321SKU125,2025-11-18,FAC006,SKU125,581
MO321SKU126,2025-11-18,FAC006,SKU126,456
MO321SKU127,2025-11-18,FAC003,SKU127,288
MO321SKU128,2025-11-18,FAC001,SKU128,279
MO321SKU129,2025-11-18,FAC003,SKU129,394
MO322SKU100,2025-11-19,FAC004,SKU100,672
MO322SKU101,2025-11-19,FAC004,SKU101,416
MO322SKU102,2025-11-19,FAC002,SKU102,367
MO322SKU103,2025-11-19,FAC001,SKU103,291
MO322SKU104,2025-11-19,FAC002,SKU104,291
MO322SKU105,2025-11-19,FAC002,SKU105,316
MO322SKU106,2025-11-19,FAC001,SKU106,500
MO322SKU107,2025-11-19,FAC003,SKU107,483
MO322SKU108,2025-11-19,FAC005,SKU108,334
MO322SKU109,2025-11-19,FAC005,SKU109,510
MO322SKU110,2025-11-19,FAC003,SKU110,655
MO322SKU111,2025-11-19,FAC001,SKU111,611
MO322SKU112,2025-11-19,FAC006,SKU112,418
MO322SKU113,2025-11-19,FAC006,SKU113,376
MO322SKU114,2025-11-19,FAC003,SKU114,448
MO322SKU115,2025-11-19,FAC001,SKU115,552
MO322SKU116,2025-11-19,FAC004,SKU116,232
MO322SKU117,2025-11-19,FAC001,SKU117,292
MO322SKU118,2025-11-19,FAC002,SKU118,353
MO322SKU119,2025-11-19,FAC004,SKU119,632
MO322SKU120,2025-11-19,FAC003,SKU120,568
MO322SKU121,2025-11-19,FAC003,SKU121,696
MO322SKU122,2025-11-19,FAC006,SKU122,381
MO322SKU123,2025-11-19,FAC004,SKU123,285
MO322SKU124,2025-11-19,FAC001,SKU124,549
MO322SKU125,2025-11-19,FAC003,SKU125,317
MO322SKU126,2025-11-19,FAC003,SKU126,276
MO322SKU127,2025-11-19,FAC003,SKU127,576
MO322SKU128,2025-11-19,FAC001,SKU128,414
MO322SKU129,2025-11-19,FAC006,SKU129,485
MO323SKU100,2025-11-20,FAC001,SKU100,393
MO323SKU101,2025-11-20,FAC001,SKU101,248
MO323SKU102,2025-11-20,FAC005,SKU102,334
MO323SKU103,2025-11-20,FAC006,SKU103,662
MO323SKU104,2025-11-20,FAC002,SKU104,501
MO323SKU105,2025-11-20,FAC001,SKU105,407
MO323SKU106,2025-11-20,FAC002,SKU106,568
MO323SKU107,2025-11-20,FAC004,SKU107,137
MO323SKU108,2025-11-20,FAC005,SKU108,481
MO323SKU109,2025-11-20,FAC006,SKU109,465
MO323SKU110,2025-11-20,FAC003,SKU110,198
MO323SKU111,2025-11-20,FAC005,SKU111,619
MO323SKU112,2025-11-20,FAC002,SKU112,162
MO323SKU113,2025-11-20,FAC003,SKU113,120
MO323SKU114,2025-11-20,FAC002,SKU114,152
MO323SKU115,2025-11-20,FAC006,SKU115,569
MO323SKU116,2025-11-20,FAC004,SKU116,519
MO323SKU117,2025-11-20,FAC001,SKU117,158
MO323SKU118,2025-11-20,FAC005,SKU118,584
MO323SKU119,2025-11-20,FAC002,SKU119,586
MO323SKU120,2025-11-20,FAC001,SKU120,575
MO323SKU121,2025-11-20,FAC005,SKU121,474
MO323SKU122,2025-11-20,FAC004,SKU122,316
MO323SKU123,2025-11-20,FAC004,SKU123,204
MO323SKU124,2025-11-20,FAC002,SKU124,446
MO323SKU125,2025-11-20,FAC002,SKU125,322
MO323SKU126,2025-11-20,FAC003,SKU126,125
MO323SKU127,2025-11-20,FAC003,SKU127,582
MO323SKU128,2025-11-20,FAC004,SKU128,619
MO323SKU129,2025-11-20,FAC006,SKU129,472
MO324SKU100,2025-11-21,FAC006,SKU100,413
MO324SKU101,2025-11-21,FAC006,SKU101,480
MO324SKU102,2025-11-21,FAC003,SKU102,431
MO324SKU103,2025-11-21,FAC003,SKU103,533
MO324SKU104,2025-11-21,FAC001,SKU104,470
MO324SKU105,2025-11-21,FAC005,SKU105,277
MO324SKU106,2025-11-21,FAC006,SKU106,657
MO324SKU107,2025-11-21,FAC003,SKU107,280
MO324SKU108,2025-11-21,FAC003,SKU108,686
MO324SKU109,2025-11-21,FAC003,SKU109,186
MO324SKU110,2025-11-21,FAC005,SKU110,241
MO324SKU111,2025-11-21,FAC005,SKU111,145
MO324SKU112,2025-11-21,FAC005,SKU112,371
MO324SKU113,2025-11-21,FAC005,SKU113,360
MO324SKU114,2025-11-21,FAC005,SKU114,182
MO324SKU115,2025-11-21,FAC002,SKU115,198
MO324SKU116,2025-11-21,FAC006,SKU116,603
MO324SKU117,2025-11-21,FAC004,SKU117,568
MO324SKU118,2025-11-21,FAC001,SKU118,440
MO324SKU119,2025-11-21,FAC004,SKU119,455
MO324SKU120,2025-11-21,FAC001,SKU120,496
MO324SKU121,2025-11-21,FAC002,SKU121,585
MO324SKU122,2025-11-21,FAC003,SKU122,417
MO324SKU123,2025-11-21,FAC004,SKU123,479
MO324SKU124,2025-11-21,FAC003,SKU124,306
MO324SKU125,2025-11-21,FAC004,SKU125,357
MO324SKU126,2025-11-21,FAC003,SKU126,683
MO324SKU127,2025-11-21,FAC004,SKU127,664
MO324SKU128,2025-11-21,FAC003,SKU128,705
MO324SKU129,2025-11-21,FAC004,SKU129,676
MO325SKU100,2025-11-22,FAC004,SKU100,561
MO325SKU101,2025-11-22,FAC001,SKU101,264
MO325SKU102,2025-11-22,FAC004,SKU102,393
MO325SKU103,2025-11-22,FAC003,SKU103,231
MO325SKU104,2025-11-22,FAC002,SKU104,121
MO325SKU105,2025-11-22,FAC004,SKU105,576
MO325SKU106,2025-11-22,FAC003,SKU106,410
MO325SKU107,2025-11-22,FAC001,SKU107,161
MO325SKU108,2025-11-22,FAC005,SKU108,506
MO325SKU109,2025-11-22,FAC001,SKU109,602
MO325SKU110,2025-11-22,FAC006,SKU110,328
MO325SKU111,2025-11-22,FAC005,SKU111,270
MO325SKU112,2025-11-22,FAC006,SKU112,137
MO325SKU113,2025-11-22,FAC002,SKU113,262
MO325SKU114,2025-11-22,FAC004,SKU114,533
MO325SKU115,2025-11-22,FAC002,SKU115,390
MO325SKU116,2025-11-22,FAC006,SKU116,470
MO325SKU117,2025-11-22,FAC002,SKU117,133
MO325SKU118,2025-11-22,FAC001,SKU118,253
MO325SKU119,2025-11-22,FAC006,SKU119,166
MO325SKU120,2025-11-22,FAC001,SKU120,483
MO325SKU121,2025-11-22,FAC003,SKU121,435
MO325SKU122,2025-11-22,FAC005,SKU122,191
MO325SKU123,2025-11-22,FAC006,SKU123,377
MO325SKU124,2025-11-22,FAC004,SKU124,314
MO325SKU125,2025-11-22,FAC003,SKU125,568
MO325SKU126,2025-11-22,FAC006,SKU126,189
MO325SKU127,2025-11-22,FAC004,SKU127,335
MO325SKU128,2025-11-22,FAC002,SKU128,184
MO325SKU129,2025-11-22,FAC001,SKU129,453
MO326SKU100,2025-11-23,FAC005,SKU100,191
MO326SKU101,2025-11-23,FAC002,SKU101,338
MO326SKU102,2025-11-23,FAC004,SKU102,420
MO326SKU103,2025-11-23,FAC002,SKU103,199
MO326SKU104,2025-11-23,FAC003,SKU104,524
MO326SKU105,2025-11-23,FAC004,SKU105,667
MO326SKU106,2025-11-23,FAC001,SKU106,382
MO326SKU107,2025-11-23,FAC001,SKU107,297
MO326SKU108,2025-11-23,FAC003,SKU108,404
MO326SKU109,2025-11-23,FAC002,SKU109,118
MO326SKU110,2025-11-23,FAC003,SKU110,410
MO326SKU111,2025-11-23,FAC002,SKU111,435
MO326SKU112,2025-11-23,FAC004,SKU112,164
MO326SKU113,2025-11-23,FAC002,SKU113,443
MO326SKU114,2025-11-23,FAC001,SKU114,587
MO326SKU115,2025-11-23,FAC006,SKU115,392
MO326SKU116,2025-11-23,FAC001,SKU116,416
MO326SKU117,2025-11-23,FAC004,SKU117,491
MO326SKU118,2025-11-23,FAC002,SKU118,626
MO326SKU119,2025-11-23,FAC004,SKU119,598
MO326SKU120,2025-11-23,FAC002,SKU120,578
MO326SKU121,2025-11-23,FAC002,SKU121,375
MO326SKU122,2025-11-23,FAC006,SKU122,700
MO326SKU123,2025-11-23,FAC003,SKU123,264
MO326SKU124,2025-11-23,FAC005,SKU124,497
MO326SKU125,2025-11-23,FAC004,SKU125,329
MO326SKU126,2025-11-23,FAC004,SKU126,451
MO326SKU127,2025-11-23,FAC001,SKU127,336
MO326SKU128,2025-11-23,FAC002,SKU128,469
MO326SKU129,2025-11-23,FAC003,SKU129,235
MO327SKU100,2025-11-24,FAC005,SKU100,342
MO327SKU101,2025-11-24,FAC001,SKU101,112
MO327SKU102,2025-11-24,FAC003,SKU102,531
MO327SKU103,2025-11-24,FAC002,SKU103,636
MO327SKU104,2025-11-24,FAC002,SKU104,375
MO327SKU105,2025-11-24,FAC003,SKU105,349
MO327SKU106,2025-11-24,FAC006,SKU106,350
MO327SKU107,2025-11-24,FAC005,SKU107,181
MO327SKU108,2025-11-24,FAC003,SKU108,296
MO327SKU109,2025-11-24,FAC001,SKU109,438
MO327SKU110,2025-11-24,FAC004,SKU110,534
MO327SKU111,2025-11-24,FAC001,SKU111,610
MO327SKU112,2025-11-24,FAC006,SKU112,697
MO327SKU113,2025-11-24,FAC006,SKU113,570
MO327SKU114,2025-11-24,FAC002,SKU114,702
MO327SKU115,2025-11-24,FAC006,SKU115,551
MO327SKU116,2025-11-24,FAC005,SKU116,174
MO327SKU117,2025-11-24,FAC004,SKU117,373
MO327SKU118,2025-11-24,FAC001,SKU118,527
MO327SKU119,2025-11-24,FAC006,SKU119,520
MO327SKU120,2025-11-24,FAC002,SKU120,564
MO327SKU121,2025-11-24,FAC001,SKU121,657
MO327SKU122,2025-11-24,FAC005,SKU122,331
MO327SKU123,2025-11-24,FAC005,SKU123,634
MO327SKU124,2025-11-24,FAC001,SKU124,289
MO327SKU125,2025-11-24,FAC004,SKU125,512
MO327SKU126,2025-11-24,FAC005,SKU126,570
MO327SKU127,2025-11-24,FAC006,SKU127,599
MO327SKU128,2025-11-24,FAC006,SKU128,162
MO327SKU129,2025-11-24,FAC003,SKU129,693
MO328SKU100,2025-11-25,FAC001,SKU100,388
MO328SKU101,2025-11-25,FAC003,SKU101,486
MO328SKU102,2025-11-25,FAC006,SKU102,200
MO328SKU103,2025-11-25,FAC006,SKU103,450
MO328SKU104,2025-11-25,FAC002,SKU104,256
MO328SKU105,2025-11-25,FAC006,SKU105,576
MO328SKU106,2025-11-25,FAC004,SKU106,164
MO328SKU107,2025-11-25,FAC001,SKU107,139
MO328SKU108,2025-11-25,FAC001,SKU108,669
MO328SKU109,2025-11-25,FAC003,SKU109,590
MO328SKU110,2025-11-25,FAC005,SKU110,486
MO328SKU111,2025-11-25,FAC001,SKU111,593
MO328SKU112,2025-11-25,FAC004,SKU112,267
MO328SKU113,2025-11-25,FAC005,SKU113,368
MO328SKU114,2025-11-25,FAC006,SKU114,367
MO328SKU115,2025-11-25,FAC004,SKU115,616
MO328SKU116,2025-11-25,FAC001,SKU116,431
MO328SKU117,2025-11-25,FAC004,SKU117,287
MO328SKU118,2025-11-25,FAC002,SKU118,625
MO328SKU119,2025-11-25,FAC003,SKU119,183
MO328SKU120,2025-11-25,FAC006,SKU120,572
MO328SKU121,2025-11-25,FAC001,SKU121,395
MO328SKU122,2025-11-25,FAC003,SKU122,436
MO328SKU123,2025-11-25,FAC005,SKU123,380
MO328SKU124,2025-11-25,FAC002,SKU124,173
MO328SKU125,2025-11-25,FAC001,SKU125,125
MO328SKU126,2025-11-25,FAC006,SKU126,394
MO328SKU127,2025-11-25,FAC006,SKU127,509
MO328SKU128,2025-11-25,FAC005,SKU128,688
MO328SKU129,2025-11-25,FAC003,SKU129,553
MO329SKU100,2025-11-26,FAC001,SKU100,499
MO329SKU101,2025-11-26,FAC005,SKU101,618
MO329SKU102,2025-11-26,FAC005,SKU102,297
MO329SKU103,2025-11-26,FAC005,SKU103,404
MO329SKU104,2025-11-26,FAC003,SKU104,558
MO329SKU105,2025-11-26,FAC005,SKU105,482
MO329SKU106,2025-11-26,FAC005,SKU106,381
MO329SKU107,2025-11-26,FAC002,SKU107,434
MO329SKU108,2025-11-26,FAC001,SKU108,226
MO329SKU109,2025-11-26,FAC004,SKU109,282
MO329SKU110,2025-11-26,FAC005,SKU110,270
MO329SKU111,2025-11-26,FAC004,SKU111,197
MO329SKU112,2025-11-26,FAC004,SKU112,523
MO329SKU113,2025-11-26,FAC003,SKU113,499
MO329SKU114,2025-11-26,FAC006,SKU114,560
MO329SKU115,2025-11-26,FAC004,SKU115,291
MO329SKU116,2025-11-26,FAC006,SKU116,261
MO329SKU117,2025-11-26,FAC006,SKU117,499
MO329SKU118,2025-11-26,FAC002,SKU118,643
MO329SKU119,2025-11-26,FAC002,SKU119,341
MO329SKU120,2025-11-26,FAC002,SKU120,602
MO329SKU121,2025-11-26,FAC005,SKU121,584
MO329SKU122,2025-11-26,FAC001,SKU122,269
MO329SKU123,2025-11-26,FAC004,SKU123,253
MO329SKU124,2025-11-26,FAC003,SKU124,594
MO329SKU125,2025-11-26,FAC002,SKU125,377
MO329SKU126,2025-11-26,FAC002,SKU126,238
MO329SKU127,2025-11-26,FAC006,SKU127,269
MO329SKU128,2025-11-26,FAC001,SKU128,490
MO329SKU129,2025-11-26,FAC003,SKU129,299
MO330SKU100,2025-11-27,FAC002,SKU100,193
MO330SKU101,2025-11-27,FAC003,SKU101,545
MO330SKU102,2025-11-27,FAC001,SKU102,438
MO330SKU103,2025-11-27,FAC003,SKU103,566
MO330SKU104,2025-11-27,FAC004,SKU104,503
MO330SKU105,2025-11-27,FAC005,SKU105,123
MO330SKU106,2025-11-27,FAC004,SKU106,631
MO330SKU107,2025-11-27,FAC004,SKU107,613
MO330SKU108,2025-11-27,FAC002,SKU108,387
MO330SKU109,2025-11-27,FAC002,SKU109,546
MO330SKU110,2025-11-27,FAC004,SKU110,212
MO330SKU111,2025-11-27,FAC001,SKU111,684
MO330SKU112,2025-11-27,FAC003,SKU112,448
MO330SKU113,2025-11-27,FAC003,SKU113,377
MO330SKU114,2025-11-27,FAC006,SKU114,680
MO330SKU115,2025-11-27,FAC001,SKU115,278
MO330SKU116,2025-11-27,FAC001,SKU116,649
MO330SKU117,2025-11-27,FAC006,SKU117,224
MO330SKU118,2025-11-27,FAC002,SKU118,436
MO330SKU119,2025-11-27,FAC002,SKU119,286
MO330SKU120,2025-11-27,FAC005,SKU120,139
MO330SKU121,2025-11-27,FAC006,SKU121,175
MO330SKU122,2025-11-27,FAC005,SKU122,415
MO330SKU123,2025-11-27,FAC002,SKU123,214
MO330SKU124,2025-11-27,FAC003,SKU124,549
MO330SKU125,2025-11-27,FAC003,SKU125,359
MO330SKU126,2025-11-27,FAC001,SKU126,440
MO330SKU127,2025-11-27,FAC004,SKU127,150
MO330SKU128,2025-11-27,FAC003,SKU128,242
MO330SKU129,2025-11-27,FAC004,SKU129,142
MO331SKU100,2025-11-28,FAC004,SKU100,361
MO331SKU101,2025-11-28,FAC002,SKU101,620
MO331SKU102,2025-11-28,FAC001,SKU102,290
MO331SKU103,2025-11-28,FAC002,SKU103,186
MO331SKU104,2025-11-28,FAC004,SKU104,315
MO331SKU105,2025-11-28,FAC005,SKU105,188
MO331SKU106,2025-11-28,FAC003,SKU106,352
MO331SKU107,2025-11-28,FAC006,SKU107,563
MO331SKU108,2025-11-28,FAC002,SKU108,434
MO331SKU109,2025-11-28,FAC001,SKU109,485
MO331SKU110,2025-11-28,FAC003,SKU110,399
MO331SKU111,2025-11-28,FAC002,SKU111,362
MO331SKU112,2025-11-28,FAC006,SKU112,271
MO331SKU113,2025-11-28,FAC002,SKU113,608
MO331SKU114,2025-11-28,FAC004,SKU114,310
MO331SKU115,2025-11-28,FAC005,SKU115,365
MO331SKU116,2025-11-28,FAC003,SKU116,548
MO331SKU117,2025-11-28,FAC003,SKU117,163
MO331SKU118,2025-11-28,FAC006,SKU118,183
MO331SKU119,2025-11-28,FAC006,SKU119,438
MO331SKU120,2025-11-28,FAC003,SKU120,156
MO331SKU121,2025-11-28,FAC001,SKU121,520
MO331SKU122,2025-11-28,FAC003,SKU122,420
MO331SKU123,2025-11-28,FAC005,SKU123,173
MO331SKU124,2025-11-28,FAC004,SKU124,583
MO331SKU125,2025-11-28,FAC006,SKU125,226
MO331SKU126,2025-11-28,FAC003,SKU126,246
MO331SKU127,2025-11-28,FAC005,SKU127,265
MO331SKU128,2025-11-28,FAC001,SKU128,208
MO331SKU129,2025-11-28,FAC005,SKU129,340
MO332SKU100,2025-11-29,FAC002,SKU100,514
MO332SKU101,2025-11-29,FAC001,SKU101,362
MO332SKU102,2025-11-29,FAC001,SKU102,206
MO332SKU103,2025-11-29,FAC001,SKU103,407
MO332SKU104,2025-11-29,FAC005,SKU104,164
MO332SKU105,2025-11-29,FAC004,SKU105,334
MO332SKU106,2025-11-29,FAC005,SKU106,459
MO332SKU107,2025-11-29,FAC003,SKU107,400
MO332SKU108,2025-11-29,FAC002,SKU108,166
MO332SKU109,2025-11-29,FAC005,SKU109,223
MO332SKU110,2025-11-29,FAC004,SKU110,314
MO332SKU111,2025-11-29,FAC005,SKU111,609
MO332SKU112,2025-11-29,FAC003,SKU112,175
MO332SKU113,2025-11-29,FAC001,SKU113,625
MO332SKU114,2025-11-29,FAC002,SKU114,350
MO332SKU115,2025-11-29,FAC001,SKU115,223
MO332SKU116,2025-11-29,FAC001,SKU116,185
MO332SKU117,2025-11-29,FAC002,SKU117,311
MO332SKU118,2025-11-29,FAC005,SKU118,384
MO332SKU119,2025-11-29,FAC002,SKU119,223
MO332SKU120,2025-11-29,FAC006,SKU120,213
MO332SKU121,2025-11-29,FAC006,SKU121,646
MO332SKU122,2025-11-29,FAC004,SKU122,606
MO332SKU123,2025-11-29,FAC001,SKU123,399
MO332SKU124,2025-11-29,FAC002,SKU124,255
MO332SKU125,2025-11-29,FAC003,SKU125,193
MO332SKU126,2025-11-29,FAC004,SKU126,305
MO332SKU127,2025-11-29,FAC004,SKU127,139
MO332SKU128,2025-11-29,FAC002,SKU128,147
MO332SKU129,2025-11-29,FAC006,SKU129,651
MO333SKU100,2025-11-30,FAC002,SKU100,447
MO333SKU101,2025-11-30,FAC001,SKU101,290
MO333SKU102,2025-11-30,FAC006,SKU102,256
MO333SKU103,2025-11-30,FAC001,SKU103,635
MO333SKU104,2025-11-30,FAC005,SKU104,608
MO333SKU105,2025-11-30,FAC002,SKU105,446
MO333SKU106,2025-11-30,FAC002,SKU106,660
MO333SKU107,2025-11-30,FAC003,SKU107,296
MO333SKU108,2025-11-30,FAC006,SKU108,166
MO333SKU109,2025-11-30,FAC005,SKU109,508
MO333SKU110,2025-11-30,FAC004,SKU110,470
MO333SKU111,2025-11-30,FAC006,SKU111,632
MO333SKU112,2025-11-30,FAC003,SKU112,292
MO333SKU113,2025-11-30,FAC006,SKU113,220
MO333SKU114,2025-11-30,FAC005,SKU114,680
MO333SKU115,2025-11-30,FAC006,SKU115,230
MO333SKU116,2025-11-30,FAC004,SKU116,586
MO333SKU117,2025-11-30,FAC001,SKU117,567
MO333SKU118,2025-11-30,FAC003,SKU118,607
MO333SKU119,2025-11-30,FAC003,SKU119,594
MO333SKU120,2025-11-30,FAC002,SKU120,407
MO333SKU121,2025-11-30,FAC003,SKU121,484
MO333SKU122,2025-11-30,FAC001,SKU122,296
MO333SKU123,2025-11-30,FAC005,SKU123,393
MO333SKU124,2025-11-30,FAC002,SKU124,573
MO333SKU125,2025-11-30,FAC004,SKU125,305
MO333SKU126,2025-11-30,FAC004,SKU126,181
MO333SKU127,2025-11-30,FAC004,SKU127,563
MO333SKU128,2025-11-30,FAC005,SKU128,150
MO333SKU129,2025-11-30,FAC005,SKU129,640
MO334SKU100,2025-12-01,FAC005,SKU100,536
MO334SKU101,2025-12-01,FAC006,SKU101,286
MO334SKU102,2025-12-01,FAC002,SKU102,336
MO334SKU103,2025-12-01,FAC003,SKU103,349
MO334SKU104,2025-12-01,FAC002,SKU104,268
MO334SKU105,2025-12-01,FAC005,SKU105,114
MO334SKU106,2025-12-01,FAC005,SKU106,355
MO334SKU107,2025-12-01,FAC003,SKU107,238
MO334SKU108,2025-12-01,FAC001,SKU108,604
MO334SKU109,2025-12-01,FAC003,SKU109,520
MO334SKU110,2025-12-01,FAC004,SKU110,174
MO334SKU111,2025-12-01,FAC006,SKU111,402
MO334SKU112,2025-12-01,FAC003,SKU112,140
MO334SKU113,2025-12-01,FAC004,SKU113,123
MO334SKU114,2025-12-01,FAC002,SKU114,439
MO334SKU115,2025-12-01,FAC004,SKU115,306
MO334SKU116,2025-12-01,FAC005,SKU116,622
MO334SKU117,2025-12-01,FAC001,SKU117,691
MO334SKU118,2025-12-01,FAC006,SKU118,235
MO334SKU119,2025-12-01,FAC005,SKU119,243
MO334SKU120,2025-12-01,FAC004,SKU120,187
MO334SKU121,2025-12-01,FAC005,SKU121,675
MO334SKU122,2025-12-01,FAC002,SKU122,610
MO334SKU123,2025-12-01,FAC006,SKU123,342
MO334SKU124,2025-12-01,FAC002,SKU124,657
MO334SKU125,2025-12-01,FAC002,SKU125,198
MO334SKU126,2025-12-01,FAC005,SKU126,632
MO334SKU127,2025-12-01,FAC004,SKU127,313
MO334SKU128,2025-12-01,FAC001,SKU128,671
MO334SKU129,2025-12-01,FAC002,SKU129,521
MO335SKU100,2025-12-02,FAC005,SKU100,111
MO335SKU101,2025-12-02,FAC002,SKU101,484
MO335SKU102,2025-12-02,FAC003,SKU102,420
MO335SKU103,2025-12-02,FAC001,SKU103,159
MO335SKU104,2025-12-02,FAC003,SKU104,137
MO335SKU105,2025-12-02,FAC005,SKU105,580
MO335SKU106,2025-12-02,FAC005,SKU106,413
MO335SKU107,2025-12-02,FAC006,SKU107,414
MO335SKU108,2025-12-02,FAC006,SKU108,462
MO335SKU109,2025-12-02,FAC001,SKU109,542
MO335SKU110,2025-12-02,FAC004,SKU110,534
MO335SKU111,2025-12-02,FAC002,SKU111,95
MO335SKU112,2025-12-02,FAC003,SKU112,323
MO335SKU113,2025-12-02,FAC006,SKU113,442
MO335SKU114,2025-12-02,FAC001,SKU114,301
MO335SKU115,2025-12-02,FAC001,SKU115,422
MO335SKU116,2025-12-02,FAC004,SKU116,101
MO335SKU117,2025-12-02,FAC003,SKU117,139
MO335SKU118,2025-12-02,FAC003,SKU118,248
MO335SKU119,2025-12-02,FAC004,SKU119,353
MO335SKU120,2025-12-02,FAC006,SKU120,327
MO335SKU121,2025-12-02,FAC002,SKU121,656
MO335SKU122,2025-12-02,FAC002,SKU122,595
MO335SKU123,2025-12-02,FAC006,SKU123,362
MO335SKU124,2025-12-02,FAC004,SKU124,201
MO335SKU125,2025-12-02,FAC006,SKU125,669
MO335SKU126,2025-12-02,FAC005,SKU126,700
MO335SKU127,2025-12-02,FAC006,SKU127,525
MO335SKU128,2025-12-02,FAC004,SKU128,448
MO335SKU129,2025-12-02,FAC001,SKU129,403
MO336SKU100,2025-12-03,FAC001,SKU100,454
MO336SKU101,2025-12-03,FAC003,SKU101,356
MO336SKU102,2025-12-03,FAC004,SKU102,381
MO336SKU103,2025-12-03,FAC001,SKU103,481
MO336SKU104,2025-12-03,FAC006,SKU104,610
MO336SKU105,2025-12-03,FAC005,SKU105,338
MO336SKU106,2025-12-03,FAC005,SKU106,603
MO336SKU107,2025-12-03,FAC006,SKU107,409
MO336SKU108,2025-12-03,FAC006,SKU108,165
MO336SKU109,2025-12-03,FAC004,SKU109,211
MO336SKU110,2025-12-03,FAC005,SKU110,320
MO336SKU111,2025-12-03,FAC005,SKU111,520
MO336SKU112,2025-12-03,FAC004,SKU112,358
MO336SKU113,2025-12-03,FAC003,SKU113,235
MO336SKU114,2025-12-03,FAC002,SKU114,335
MO336SKU115,2025-12-03,FAC006,SKU115,249
MO336SKU116,2025-12-03,FAC004,SKU116,319
MO336SKU117,2025-12-03,FAC004,SKU117,501
MO336SKU118,2025-12-03,FAC001,SKU118,449
MO336SKU119,2025-12-03,FAC001,SKU119,459
MO336SKU120,2025-12-03,FAC005,SKU120,374
MO336SKU121,2025-12-03,FAC006,SKU121,336
MO336SKU122,2025-12-03,FAC006,SKU122,348
MO336SKU123,2025-12-03,FAC002,SKU123,627
MO336SKU124,2025-12-03,FAC001,SKU124,336
MO336SKU125,2025-12-03,FAC005,SKU125,656
MO336SKU126,2025-12-03,FAC004,SKU126,526
MO336SKU127,2025-12-03,FAC005,SKU127,603
MO336SKU128,2025-12-03,FAC002,SKU128,682
MO336SKU129,2025-12-03,FAC002,SKU129,633
MO337SKU100,2025-12-04,FAC006,SKU100,319
MO337SKU101,2025-12-04,FAC005,SKU101,384
MO337SKU102,2025-12-04,FAC003,SKU102,103
MO337SKU103,2025-12-04,FAC003,SKU103,137
MO337SKU104,2025-12-04,FAC001,SKU104,415
MO337SKU105,2025-12-04,FAC003,SKU105,385
MO337SKU106,2025-12-04,FAC003,SKU106,405
MO337SKU107,2025-12-04,FAC003,SKU107,466
MO337SKU108,2025-12-04,FAC001,SKU108,473
MO337SKU109,2025-12-04,FAC001,SKU109,676
MO337SKU110,2025-12-04,FAC001,SKU110,421
MO337SKU111,2025-12-04,FAC004,SKU111,304
MO337SKU112,2025-12-04,FAC006,SKU112,138
MO337SKU113,2025-12-04,FAC001,SKU113,270
MO337SKU114,2025-12-04,FAC004,SKU114,298
MO337SKU115,2025-12-04,FAC005,SKU115,418
MO337SKU116,2025-12-04,FAC003,SKU116,459
MO337SKU117,2025-12-04,FAC001,SKU117,696
MO337SKU118,2025-12-04,FAC001,SKU118,251
MO337SKU119,2025-12-04,FAC005,SKU119,644
MO337SKU120,2025-12-04,FAC005,SKU120,680
MO337SKU121,2025-12-04,FAC005,SKU121,635
MO337SKU122,2025-12-04,FAC005,SKU122,196
MO337SKU123,2025-12-04,FAC003,SKU123,337
MO337SKU124,2025-12-04,FAC006,SKU124,464
MO337SKU125,2025-12-04,FAC004,SKU125,177
MO337SKU126,2025-12-04,FAC002,SKU126,291
MO337SKU127,2025-12-04,FAC003,SKU127,693
MO337SKU128,2025-12-04,FAC001,SKU128,381
MO337SKU129,2025-12-04,FAC004,SKU129,655
MO338SKU100,2025-12-05,FAC003,SKU100,645
MO338SKU101,2025-12-05,FAC006,SKU101,670
MO338SKU102,2025-12-05,FAC003,SKU102,237
MO338SKU103,2025-12-05,FAC002,SKU103,543
MO338SKU104,2025-12-05,FAC003,SKU104,143
MO338SKU105,2025-12-05,FAC005,SKU105,581
MO338SKU106,2025-12-05,FAC001,SKU106,129
MO338SKU107,2025-12-05,FAC002,SKU107,141
MO338SKU108,2025-12-05,FAC002,SKU108,367
MO338SKU109,2025-12-05,FAC002,SKU109,640
MO338SKU110,2025-12-05,FAC003,SKU110,155
MO338SKU111,2025-12-05,FAC004,SKU111,250
MO338SKU112,2025-12-05,FAC002,SKU112,437
MO338SKU113,2025-12-05,FAC002,SKU113,644
MO338SKU114,2025-12-05,FAC003,SKU114,319
MO338SKU115,2025-12-05,FAC004,SKU115,386
MO338SKU116,2025-12-05,FAC005,SKU116,596
MO338SKU117,2025-12-05,FAC003,SKU117,629
MO338SKU118,2025-12-05,FAC006,SKU118,190
MO338SKU119,2025-12-05,FAC003,SKU119,476
MO338SKU120,2025-12-05,FAC003,SKU120,266
MO338SKU121,2025-12-05,FAC002,SKU121,239
MO338SKU122,2025-12-05,FAC001,SKU122,564
MO338SKU123,2025-12-05,FAC005,SKU123,197
MO338SKU124,2025-12-05,FAC003,SKU124,654
MO338SKU125,2025-12-05,FAC002,SKU125,225
MO338SKU126,2025-12-05,FAC005,SKU126,340
MO338SKU127,2025-12-05,FAC006,SKU127,341
MO338SKU128,2025-12-05,FAC006,SKU128,570
MO338SKU129,2025-12-05,FAC005,SKU129,534
MO339SKU100,2025-12-06,FAC003,SKU100,690
MO339SKU101,2025-12-06,FAC003,SKU101,223
MO339SKU102,2025-12-06,FAC004,SKU102,602
MO339SKU103,2025-12-06,FAC003,SKU103,298
MO339SKU104,2025-12-06,FAC005,SKU104,371
MO339SKU105,2025-12-06,FAC003,SKU105,161
MO339SKU106,2025-12-06,FAC001,SKU106,148
MO339SKU107,2025-12-06,FAC005,SKU107,538
MO339SKU108,2025-12-06,FAC005,SKU108,208
MO339SKU109,2025-12-06,FAC006,SKU109,203
MO339SKU110,2025-12-06,FAC002,SKU110,370
MO339SKU111,2025-12-06,FAC005,SKU111,428
MO339SKU112,2025-12-06,FAC006,SKU112,588
MO339SKU113,2025-12-06,FAC001,SKU113,357
MO339SKU114,2025-12-06,FAC003,SKU114,172
MO339SKU115,2025-12-06,FAC003,SKU115,426
MO339SKU116,2025-12-06,FAC006,SKU116,658
MO339SKU117,2025-12-06,FAC001,SKU117,551
MO339SKU118,2025-12-06,FAC005,SKU118,441
MO339SKU119,2025-12-06,FAC006,SKU119,696
MO339SKU120,2025-12-06,FAC004,SKU120,298
MO339SKU121,2025-12-06,FAC002,SKU121,209
MO339SKU122,2025-12-06,FAC001,SKU122,594
MO339SKU123,2025-12-06,FAC001,SKU123,460
MO339SKU124,2025-12-06,FAC002,SKU124,367
MO339SKU125,2025-12-06,FAC002,SKU125,391
MO339SKU126,2025-12-06,FAC005,SKU126,576
MO339SKU127,2025-12-06,FAC005,SKU127,290
MO339SKU128,2025-12-06,FAC003,SKU128,513
MO339SKU129,2025-12-06,FAC005,SKU129,216
MO340SKU100,2025-12-07,FAC004,SKU100,625
MO340SKU101,2025-12-07,FAC002,SKU101,465
MO340SKU102,2025-12-07,FAC001,SKU102,619
MO340SKU103,2025-12-07,FAC006,SKU103,624
MO340SKU104,2025-12-07,FAC004,SKU104,588
MO340SKU105,2025-12-07,FAC002,SKU105,214
MO340SKU106,2025-12-07,FAC003,SKU106,244
MO340SKU107,2025-12-07,FAC005,SKU107,117
MO340SKU108,2025-12-07,FAC002,SKU108,389
MO340SKU109,2025-12-07,FAC004,SKU109,413
MO340SKU110,2025-12-07,FAC001,SKU110,699
MO340SKU111,2025-12-07,FAC001,SKU111,565
MO340SKU112,2025-12-07,FAC003,SKU112,632
MO340SKU113,2025-12-07,FAC002,SKU113,375
MO340SKU114,2025-12-07,FAC001,SKU114,355
MO340SKU115,2025-12-07,FAC002,SKU115,143
MO340SKU116,2025-12-07,FAC006,SKU116,680
MO340SKU117,2025-12-07,FAC006,SKU117,216
MO340SKU118,2025-12-07,FAC005,SKU118,578
MO340SKU119,2025-12-07,FAC005,SKU119,249
MO340SKU120,2025-12-07,FAC004,SKU120,212
MO340SKU121,2025-12-07,FAC002,SKU121,433
MO340SKU122,2025-12-07,FAC006,SKU122,534
MO340SKU123,2025-12-07,FAC002,SKU123,289
MO340SKU124,2025-12-07,FAC004,SKU124,541
MO340SKU125,2025-12-07,FAC006,SKU125,620
MO340SKU126,2025-12-07,FAC005,SKU126,473
MO340SKU127,2025-12-07,FAC002,SKU127,624
MO340SKU128,2025-12-07,FAC001,SKU128,333
MO340SKU129,2025-12-07,FAC004,SKU129,397
MO341SKU100,2025-12-08,FAC001,SKU100,334
MO341SKU101,2025-12-08,FAC005,SKU101,369
MO341SKU102,2025-12-08,FAC005,SKU102,503
MO341SKU103,2025-12-08,FAC005,SKU103,263
MO341SKU104,2025-12-08,FAC002,SKU104,176
MO341SKU105,2025-12-08,FAC002,SKU105,254
MO341SKU106,2025-12-08,FAC002,SKU106,233
MO341SKU107,2025-12-08,FAC006,SKU107,296
MO341SKU108,2025-12-08,FAC002,SKU108,487
MO341SKU109,2025-12-08,FAC003,SKU109,602
MO341SKU110,2025-12-08,FAC006,SKU110,530
MO341SKU111,2025-12-08,FAC005,SKU111,496
MO341SKU112,2025-12-08,FAC001,SKU112,130
MO341SKU113,2025-12-08,FAC005,SKU113,232
MO341SKU114,2025-12-08,FAC002,SKU114,581
MO341SKU115,2025-12-08,FAC005,SKU115,661
MO341SKU116,2025-12-08,FAC003,SKU116,618
MO341SKU117,2025-12-08,FAC006,SKU117,300
MO341SKU118,2025-12-08,FAC001,SKU118,318
MO341SKU119,2025-12-08,FAC003,SKU119,301
MO341SKU120,2025-12-08,FAC005,SKU120,548
MO341SKU121,2025-12-08,FAC003,SKU121,593
MO341SKU122,2025-12-08,FAC005,SKU122,406
MO341SKU123,2025-12-08,FAC001,SKU123,276
MO341SKU124,2025-12-08,FAC001,SKU124,518
MO341SKU125,2025-12-08,FAC005,SKU125,405
MO341SKU126,2025-12-08,FAC001,SKU126,143
MO341SKU127,2025-12-08,FAC001,SKU127,697
MO341SKU128,2025-12-08,FAC001,SKU128,268
MO341SKU129,2025-12-08,FAC004,SKU129,472
MO342SKU100,2025-12-09,FAC004,SKU100,525
MO342SKU101,2025-12-09,FAC005,SKU101,277
MO342SKU102,2025-12-09,FAC004,SKU102,566
MO342SKU103,2025-12-09,FAC003,SKU103,439
MO342SKU104,2025-12-09,FAC003,SKU104,509
MO342SKU105,2025-12-09,FAC003,SKU105,614
MO342SKU106,2025-12-09,FAC003,SKU106,291
MO342SKU107,2025-12-09,FAC001,SKU107,588
MO342SKU108,2025-12-09,FAC004,SKU108,572
MO342SKU109,2025-12-09,FAC004,SKU109,176
MO342SKU110,2025-12-09,FAC003,SKU110,583
MO342SKU111,2025-12-09,FAC003,SKU111,233
MO342SKU112,2025-12-09,FAC006,SKU112,428
MO342SKU113,2025-12-09,FAC001,SKU113,376
MO342SKU114,2025-12-09,FAC005,SKU114,514
MO342SKU115,2025-12-09,FAC005,SKU115,614
MO342SKU116,2025-12-09,FAC003,SKU116,602
MO342SKU117,2025-12-09,FAC005,SKU117,309
MO342SKU118,2025-12-09,FAC004,SKU118,647
MO342SKU119,2025-12-09,FAC004,SKU119,689
MO342SKU120,2025-12-09,FAC003,SKU120,251
MO342SKU121,2025-12-09,FAC005,SKU121,165
MO342SKU122,2025-12-09,FAC005,SKU122,577
MO342SKU123,2025-12-09,FAC004,SKU123,309
MO342SKU124,2025-12-09,FAC003,SKU124,173
MO342SKU125,2025-12-09,FAC001,SKU125,260
MO342SKU126,2025-12-09,FAC006,SKU126,641
MO342SKU127,2025-12-09,FAC002,SKU127,558
MO342SKU128,2025-12-09,FAC004,SKU128,300
MO342SKU129,2025-12-09,FAC001,SKU129,115
MO343SKU100,2025-12-10,FAC002,SKU100,652
MO343SKU101,2025-12-10,FAC002,SKU101,609
MO343SKU102,2025-12-10,FAC002,SKU102,646
MO343SKU103,2025-12-10,FAC002,SKU103,360
MO343SKU104,2025-12-10,FAC001,SKU104,195
MO343SKU105,2025-12-10,FAC004,SKU105,510
MO343SKU106,2025-12-10,FAC003,SKU106,487
MO343SKU107,2025-12-10,FAC002,SKU107,502
MO343SKU108,2025-12-10,FAC003,SKU108,624
MO343SKU109,2025-12-10,FAC001,SKU109,392
MO343SKU110,2025-12-10,FAC001,SKU110,516
MO343SKU111,2025-12-10,FAC005,SKU111,330
MO343SKU112,2025-12-10,FAC001,SKU112,412
MO343SKU113,2025-12-10,FAC003,SKU113,233
MO343SKU114,2025-12-10,FAC002,SKU114,707
MO343SKU115,2025-12-10,FAC006,SKU115,540
MO343SKU116,2025-12-10,FAC003,SKU116,201
MO343SKU117,2025-12-10,FAC003,SKU117,631
MO343SKU118,2025-12-10,FAC004,SKU118,611
MO343SKU119,2025-12-10,FAC001,SKU119,631
MO343SKU120,2025-12-10,FAC004,SKU120,434
MO343SKU121,2025-12-10,FAC004,SKU121,110
MO343SKU122,2025-12-10,FAC002,SKU122,334
MO343SKU123,2025-12-10,FAC001,SKU123,444
MO343SKU124,2025-12-10,FAC001,SKU124,325
MO343SKU125,2025-12-10,FAC003,SKU125,601
MO343SKU126,2025-12-10,FAC005,SKU126,311
MO343SKU127,2025-12-10,FAC006,SKU127,196
MO343SKU128,2025-12-10,FAC006,SKU128,380
MO343SKU129,2025-12-10,FAC001,SKU129,447
MO344SKU100,2025-12-11,FAC003,SKU100,219
MO344SKU101,2025-12-11,FAC003,SKU101,464
MO344SKU102,2025-12-11,FAC005,SKU102,300
MO344SKU103,2025-12-11,FAC003,SKU103,254
MO344SKU104,2025-12-11,FAC005,SKU104,620
MO344SKU105,2025-12-11,FAC002,SKU105,457
MO344SKU106,2025-12-11,FAC002,SKU106,271
MO344SKU107,2025-12-11,FAC002,SKU107,570
MO344SKU108,2025-12-11,FAC005,SKU108,292
MO344SKU109,2025-12-11,FAC002,SKU109,648
MO344SKU110,2025-12-11,FAC001,SKU110,304
MO344SKU111,2025-12-11,FAC001,SKU111,419
MO344SKU112,2025-12-11,FAC001,SKU112,200
MO344SKU113,2025-12-11,FAC005,SKU113,599
MO344SKU114,2025-12-11,FAC004,SKU114,685
MO344SKU115,2025-12-11,FAC003,SKU115,690
MO344SKU116,2025-12-11,FAC006,SKU116,608
MO344SKU117,2025-12-11,FAC004,SKU117,431
MO344SKU118,2025-12-11,FAC004,SKU118,127
MO344SKU119,2025-12-11,FAC005,SKU119,499
MO344SKU120,2025-12-11,FAC006,SKU120,174
MO344SKU121,2025-12-11,FAC004,SKU121,374
MO344SKU122,2025-12-11,FAC004,SKU122,678
MO344SKU123,2025-12-11,FAC003,SKU123,702
MO344SKU124,2025-12-11,FAC004,SKU124,439
MO344SKU125,2025-12-11,FAC004,SKU125,262
MO344SKU126,2025-12-11,FAC001,SKU126,507
MO344SKU127,2025-12-11,FAC003,SKU127,605
MO344SKU128,2025-12-11,FAC004,SKU128,549
MO344SKU129,2025-12-11,FAC002,SKU129,318
MO345SKU100,2025-12-12,FAC004,SKU100,189
MO345SKU101,2025-12-12,FAC003,SKU101,605
MO345SKU102,2025-12-12,FAC005,SKU102,125
MO345SKU103,2025-12-12,FAC004,SKU103,548
MO345SKU104,2025-12-12,FAC005,SKU104,583
MO345SKU105,2025-12-12,FAC001,SKU105,632
MO345SKU106,2025-12-12,FAC002,SKU106,368
MO345SKU107,2025-12-12,FAC004,SKU107,386
MO345SKU108,2025-12-12,FAC002,SKU108,542
MO345SKU109,2025-12-12,FAC001,SKU109,159
MO345SKU110,2025-12-12,FAC002,SKU110,184
MO345SKU111,2025-12-12,FAC002,SKU111,707
MO345SKU112,2025-12-12,FAC001,SKU112,159
MO345SKU113,2025-12-12,FAC005,SKU113,180
MO345SKU114,2025-12-12,FAC003,SKU114,565
MO345SKU115,2025-12-12,FAC003,SKU115,466
MO345SKU116,2025-12-12,FAC002,SKU116,476
MO345SKU117,2025-12-12,FAC005,SKU117,312
MO345SKU118,2025-12-12,FAC003,SKU118,171
MO345SKU119,2025-12-12,FAC003,SKU119,393
MO345SKU120,2025-12-12,FAC005,SKU120,414
MO345SKU121,2025-12-12,FAC004,SKU121,342
MO345SKU122,2025-12-12,FAC005,SKU122,493
MO345SKU123,2025-12-12,FAC006,SKU123,594
MO345SKU124,2025-12-12,FAC004,SKU124,341
MO345SKU125,2025-12-12,FAC002,SKU125,556
MO345SKU126,2025-12-12,FAC005,SKU126,273
MO345SKU127,2025-12-12,FAC006,SKU127,700
MO345SKU128,2025-12-12,FAC006,SKU128,618
MO345SKU129,2025-12-12,FAC005,SKU129,192
MO346SKU100,2025-12-13,FAC004,SKU100,529
MO346SKU101,2025-12-13,FAC005,SKU101,586
MO346SKU102,2025-12-13,FAC006,SKU102,418
MO346SKU103,2025-12-13,FAC004,SKU103,490
MO346SKU104,2025-12-13,FAC004,SKU104,374
MO346SKU105,2025-12-13,FAC004,SKU105,439
MO346SKU106,2025-12-13,FAC001,SKU106,595
MO346SKU107,2025-12-13,FAC002,SKU107,690
MO346SKU108,2025-12-13,FAC001,SKU108,690
MO346SKU109,2025-12-13,FAC005,SKU109,631
MO346SKU110,2025-12-13,FAC002,SKU110,637
MO346SKU111,2025-12-13,FAC006,SKU111,122
MO346SKU112,2025-12-13,FAC002,SKU112,204
MO346SKU113,2025-12-13,FAC003,SKU113,663
MO346SKU114,2025-12-13,FAC006,SKU114,156
MO346SKU115,2025-12-13,FAC004,SKU115,341
MO346SKU116,2025-12-13,FAC006,SKU116,315
MO346SKU117,2025-12-13,FAC002,SKU117,377
MO346SKU118,2025-12-13,FAC004,SKU118,178
MO346SKU119,2025-12-13,FAC002,SKU119,275
MO346SKU120,2025-12-13,FAC003,SKU120,235
MO346SKU121,2025-12-13,FAC002,SKU121,494
MO346SKU122,2025-12-13,FAC003,SKU122,193
MO346SKU123,2025-12-13,FAC003,SKU123,552
MO346SKU124,2025-12-13,FAC004,SKU124,270
MO346SKU125,2025-12-13,FAC005,SKU125,352
MO346SKU126,2025-12-13,FAC001,SKU126,494
MO346SKU127,2025-12-13,FAC001,SKU127,286
MO346SKU128,2025-12-13,FAC002,SKU128,330
MO346SKU129,2025-12-13,FAC003,SKU129,349
MO347SKU100,2025-12-14,FAC005,SKU100,147
MO347SKU101,2025-12-14,FAC006,SKU101,445
MO347SKU102,2025-12-14,FAC003,SKU102,252
MO347SKU103,2025-12-14,FAC002,SKU103,612
MO347SKU104,2025-12-14,FAC006,SKU104,439
MO347SKU105,2025-12-14,FAC003,SKU105,441
MO347SKU106,2025-12-14,FAC004,SKU106,399
MO347SKU107,2025-12-14,FAC002,SKU107,415
MO347SKU108,2025-12-14,FAC001,SKU108,327
MO347SKU109,2025-12-14,FAC002,SKU109,468
MO347SKU110,2025-12-14,FAC001,SKU110,377
MO347SKU111,2025-12-14,FAC002,SKU111,610
MO347SKU112,2025-12-14,FAC002,SKU112,659
MO347SKU113,2025-12-14,FAC006,SKU113,274
MO347SKU114,2025-12-14,FAC003,SKU114,186
MO347SKU115,2025-12-14,FAC003,SKU115,583
MO347SKU116,2025-12-14,FAC005,SKU116,243
MO347SKU117,2025-12-14,FAC005,SKU117,443
MO347SKU118,2025-12-14,FAC005,SKU118,640
MO347SKU119,2025-12-14,FAC003,SKU119,367
MO347SKU120,2025-12-14,FAC002,SKU120,440
MO347SKU121,2025-12-14,FAC002,SKU121,516
MO347SKU122,2025-12-14,FAC002,SKU122,533
MO347SKU123,2025-12-14,FAC001,SKU123,173
MO347SKU124,2025-12-14,FAC002,SKU124,429
MO347SKU125,2025-12-14,FAC003,SKU125,597
MO347SKU126,2025-12-14,FAC003,SKU126,599
MO347SKU127,2025-12-14,FAC006,SKU127,217
MO347SKU128,2025-12-14,FAC002,SKU128,389
MO347SKU129,2025-12-14,FAC006,SKU129,135
MO348SKU100,2025-12-15,FAC002,SKU100,334
MO348SKU101,2025-12-15,FAC004,SKU101,662
MO348SKU102,2025-12-15,FAC002,SKU102,195
MO348SKU103,2025-12-15,FAC006,SKU103,613
MO348SKU104,2025-12-15,FAC006,SKU104,533
MO348SKU105,2025-12-15,FAC004,SKU105,226
MO348SKU106,2025-12-15,FAC003,SKU106,593
MO348SKU107,2025-12-15,FAC006,SKU107,438
MO348SKU108,2025-12-15,FAC003,SKU108,437
MO348SKU109,2025-12-15,FAC005,SKU109,478
MO348SKU110,2025-12-15,FAC003,SKU110,250
MO348SKU111,2025-12-15,FAC005,SKU111,117
MO348SKU112,2025-12-15,FAC002,SKU112,168
MO348SKU113,2025-12-15,FAC006,SKU113,238
MO348SKU114,2025-12-15,FAC004,SKU114,439
MO348SKU115,2025-12-15,FAC003,SKU115,420
MO348SKU116,2025-12-15,FAC001,SKU116,373
MO348SKU117,2025-12-15,FAC003,SKU117,230
MO348SKU118,2025-12-15,FAC003,SKU118,555
MO348SKU119,2025-12-15,FAC002,SKU119,656
MO348SKU120,2025-12-15,FAC004,SKU120,236
MO348SKU121,2025-12-15,FAC006,SKU121,562
MO348SKU122,2025-12-15,FAC001,SKU122,473
MO348SKU123,2025-12-15,FAC006,SKU123,303
MO348SKU124,2025-12-15,FAC003,SKU124,348
MO348SKU125,2025-12-15,FAC001,SKU125,280
MO348SKU126,2025-12-15,FAC006,SKU126,496
MO348SKU127,2025-12-15,FAC006,SKU127,456
MO348SKU128,2025-12-15,FAC005,SKU128,358
MO348SKU129,2025-12-15,FAC004,SKU129,487
MO349SKU100,2025-12-16,FAC002,SKU100,159
MO349SKU101,2025-12-16,FAC006,SKU101,191
MO349SKU102,2025-12-16,FAC005,SKU102,361
MO349SKU103,2025-12-16,FAC002,SKU103,370
MO349SKU104,2025-12-16,FAC004,SKU104,555
MO349SKU105,2025-12-16,FAC001,SKU105,390
MO349SKU106,2025-12-16,FAC003,SKU106,199
MO349SKU107,2025-12-16,FAC004,SKU107,129
MO349SKU108,2025-12-16,FAC004,SKU108,473
MO349SKU109,2025-12-16,FAC002,SKU109,217
MO349SKU110,2025-12-16,FAC002,SKU110,121
MO349SKU111,2025-12-16,FAC003,SKU111,585
MO349SKU112,2025-12-16,FAC002,SKU112,561
MO349SKU113,2025-12-16,FAC001,SKU113,511
MO349SKU114,2025-12-16,FAC006,SKU114,642
MO349SKU115,2025-12-16,FAC002,SKU115,333
MO349SKU116,2025-12-16,FAC004,SKU116,310
MO349SKU117,2025-12-16,FAC003,SKU117,545
MO349SKU118,2025-12-16,FAC005,SKU118,532
MO349SKU119,2025-12-16,FAC006,SKU119,501
MO349SKU120,2025-12-16,FAC004,SKU120,319
MO349SKU121,2025-12-16,FAC001,SKU121,621
MO349SKU122,2025-12-16,FAC003,SKU122,409
MO349SKU123,2025-12-16,FAC004,SKU123,387
MO349SKU124,2025-12-16,FAC005,SKU124,521
MO349SKU125,2025-12-16,FAC001,SKU125,428
MO349SKU126,2025-12-16,FAC002,SKU126,511
MO349SKU127,2025-12-16,FAC006,SKU127,417
MO349SKU128,2025-12-16,FAC001,SKU128,366
MO349SKU129,2025-12-16,FAC002,SKU129,334
MO350SKU100,2025-12-17,FAC003,SKU100,469
MO350SKU101,2025-12-17,FAC006,SKU101,410
MO350SKU102,2025-12-17,FAC001,SKU102,625
MO350SKU103,2025-12-17,FAC002,SKU103,571
MO350SKU104,2025-12-17,FAC002,SKU104,642
MO350SKU105,2025-12-17,FAC004,SKU105,554
MO350SKU106,2025-12-17,FAC003,SKU106,368
MO350SKU107,2025-12-17,FAC006,SKU107,317
MO350SKU108,2025-12-17,FAC004,SKU108,202
MO350SKU109,2025-12-17,FAC005,SKU109,493
MO350SKU110,2025-12-17,FAC006,SKU110,514
MO350SKU111,2025-12-17,FAC004,SKU111,507
MO350SKU112,2025-12-17,FAC003,SKU112,529
MO350SKU113,2025-12-17,FAC003,SKU113,561
MO350SKU114,2025-12-17,FAC006,SKU114,159
MO350SKU115,2025-12-17,FAC006,SKU115,695
MO350SKU116,2025-12-17,FAC005,SKU116,544
MO350SKU117,2025-12-17,FAC004,SKU117,568
MO350SKU118,2025-12-17,FAC003,SKU118,164
MO350SKU119,2025-12-17,FAC005,SKU119,134
MO350SKU120,2025-12-17,FAC001,SKU120,602
MO350SKU121,2025-12-17,FAC001,SKU121,283
MO350SKU122,2025-12-17,FAC003,SKU122,517
MO350SKU123,2025-12-17,FAC002,SKU123,419
MO350SKU124,2025-12-17,FAC004,SKU124,664
MO350SKU125,2025-12-17,FAC002,SKU125,543
MO350SKU126,2025-12-17,FAC001,SKU126,514
MO350SKU127,2025-12-17,FAC002,SKU127,633
MO350SKU128,2025-12-17,FAC004,SKU128,653
MO350SKU129,2025-12-17,FAC003,SKU129,165
MO351SKU100,2025-12-18,FAC001,SKU100,593
MO351SKU101,2025-12-18,FAC002,SKU101,501
MO351SKU102,2025-12-18,FAC001,SKU102,154
MO351SKU103,2025-12-18,FAC004,SKU103,509
MO351SKU104,2025-12-18,FAC002,SKU104,149
MO351SKU105,2025-12-18,FAC002,SKU105,334
MO351SKU106,2025-12-18,FAC004,SKU106,585
MO351SKU107,2025-12-18,FAC005,SKU107,352
MO351SKU108,2025-12-18,FAC006,SKU108,563
MO351SKU109,2025-12-18,FAC005,SKU109,604
MO351SKU110,2025-12-18,FAC004,SKU110,630
MO351SKU111,2025-12-18,FAC002,SKU111,376
MO351SKU112,2025-12-18,FAC003,SKU112,664
MO351SKU113,2025-12-18,FAC003,SKU113,314
MO351SKU114,2025-12-18,FAC004,SKU114,636
MO351SKU115,2025-12-18,FAC003,SKU115,362
MO351SKU116,2025-12-18,FAC004,SKU116,623
MO351SKU117,2025-12-18,FAC006,SKU117,170
MO351SKU118,2025-12-18,FAC004,SKU118,582
MO351SKU119,2025-12-18,FAC005,SKU119,190
MO351SKU120,2025-12-18,FAC001,SKU120,111
MO351SKU121,2025-12-18,FAC006,SKU121,564
MO351SKU122,2025-12-18,FAC005,SKU122,506
MO351SKU123,2025-12-18,FAC006,SKU123,635
MO351SKU124,2025-12-18,FAC002,SKU124,532
MO351SKU125,2025-12-18,FAC004,SKU125,270
MO351SKU126,2025-12-18,FAC003,SKU126,612
MO351SKU127,2025-12-18,FAC002,SKU127,513
MO351SKU128,2025-12-18,FAC005,SKU128,284
MO351SKU129,2025-12-18,FAC003,SKU129,194
MO352SKU100,2025-12-19,FAC003,SKU100,486
MO352SKU101,2025-12-19,FAC006,SKU101,465
MO352SKU102,2025-12-19,FAC004,SKU102,245
MO352SKU103,2025-12-19,FAC001,SKU103,130
MO352SKU104,2025-12-19,FAC001,SKU104,446
MO352SKU105,2025-12-19,FAC004,SKU105,436
MO352SKU106,2025-12-19,FAC006,SKU106,607
MO352SKU107,2025-12-19,FAC003,SKU107,507
MO352SKU108,2025-12-19,FAC004,SKU108,372
MO352SKU109,2025-12-19,FAC004,SKU109,292
MO352SKU110,2025-12-19,FAC002,SKU110,258
MO352SKU111,2025-12-19,FAC003,SKU111,120
MO352SKU112,2025-12-19,FAC003,SKU112,434
MO352SKU113,2025-12-19,FAC003,SKU113,590
MO352SKU114,2025-12-19,FAC002,SKU114,556
MO352SKU115,2025-12-19,FAC001,SKU115,510
MO352SKU116,2025-12-19,FAC004,SKU116,567
MO352SKU117,2025-12-19,FAC005,SKU117,653
MO352SKU118,2025-12-19,FAC005,SKU118,451
MO352SKU119,2025-12-19,FAC004,SKU119,375
MO352SKU120,2025-12-19,FAC005,SKU120,264
MO352SKU121,2025-12-19,FAC004,SKU121,392
MO352SKU122,2025-12-19,FAC006,SKU122,640
MO352SKU123,2025-12-19,FAC006,SKU123,272
MO352SKU124,2025-12-19,FAC003,SKU124,412
MO352SKU125,2025-12-19,FAC005,SKU125,129
MO352SKU126,2025-12-19,FAC001,SKU126,314
MO352SKU127,2025-12-19,FAC004,SKU127,440
MO352SKU128,2025-12-19,FAC004,SKU128,416
MO352SKU129,2025-12-19,FAC002,SKU129,624
MO353SKU100,2025-12-20,FAC001,SKU100,408
MO353SKU101,2025-12-20,FAC003,SKU101,515
MO353SKU102,2025-12-20,FAC004,SKU102,230
MO353SKU103,2025-12-20,FAC004,SKU103,171
MO353SKU104,2025-12-20,FAC004,SKU104,631
MO353SKU105,2025-12-20,FAC004,SKU105,143
MO353SKU106,2025-12-20,FAC005,SKU106,571
MO353SKU107,2025-12-20,FAC005,SKU107,675
MO353SKU108,2025-12-20,FAC002,SKU108,480
MO353SKU109,2025-12-20,FAC003,SKU109,594
MO353SKU110,2025-12-20,FAC006,SKU110,163
MO353SKU111,2025-12-20,FAC003,SKU111,138
MO353SKU112,2025-12-20,FAC002,SKU112,594
MO353SKU113,2025-12-20,FAC005,SKU113,544
MO353SKU114,2025-12-20,FAC003,SKU114,225
MO353SKU115,2025-12-20,FAC004,SKU115,368
MO353SKU116,2025-12-20,FAC004,SKU116,593
MO353SKU117,2025-12-20,FAC003,SKU117,144
MO353SKU118,2025-12-20,FAC006,SKU118,273
MO353SKU119,2025-12-20,FAC005,SKU119,163
MO353SKU120,2025-12-20,FAC004,SKU120,652
MO353SKU121,2025-12-20,FAC004,SKU121,371
MO353SKU122,2025-12-20,FAC001,SKU122,417
MO353SKU123,2025-12-20,FAC005,SKU123,193
MO353SKU124,2025-12-20,FAC003,SKU124,274
MO353SKU125,2025-12-20,FAC002,SKU125,326
MO353SKU126,2025-12-20,FAC003,SKU126,460
MO353SKU127,2025-12-20,FAC001,SKU127,257
MO353SKU128,2025-12-20,FAC006,SKU128,375
MO353SKU129,2025-12-20,FAC005,SKU129,249
MO354SKU100,2025-12-21,FAC002,SKU100,604
MO354SKU101,2025-12-21,FAC005,SKU101,278
MO354SKU102,2025-12-21,FAC006,SKU102,511
MO354SKU103,2025-12-21,FAC005,SKU103,242
MO354SKU104,2025-12-21,FAC005,SKU104,635
MO354SKU105,2025-12-21,FAC004,SKU105,286
MO354SKU106,2025-12-21,FAC003,SKU106,537
MO354SKU107,2025-12-21,FAC006,SKU107,633
MO354SKU108,2025-12-21,FAC005,SKU108,182
MO354SKU109,2025-12-21,FAC004,SKU109,512
MO354SKU110,2025-12-21,FAC002,SKU110,431
MO354SKU111,2025-12-21,FAC002,SKU111,312
MO354SKU112,2025-12-21,FAC001,SKU112,310
MO354SKU113,2025-12-21,FAC001,SKU113,410
MO354SKU114,2025-12-21,FAC002,SKU114,174
MO354SKU115,2025-12-21,FAC001,SKU115,290
MO354SKU116,2025-12-21,FAC001,SKU116,587
MO354SKU117,2025-12-21,FAC003,SKU117,418
MO354SKU118,2025-12-21,FAC002,SKU118,618
MO354SKU119,2025-12-21,FAC002,SKU119,425
MO354SKU120,2025-12-21,FAC002,SKU120,508
MO354SKU121,2025-12-21,FAC004,SKU121,239
MO354SKU122,2025-12-21,FAC003,SKU122,306
MO354SKU123,2025-12-21,FAC006,SKU123,698
MO354SKU124,2025-12-21,FAC002,SKU124,555
MO354SKU125,2025-12-21,FAC001,SKU125,291
MO354SKU126,2025-12-21,FAC003,SKU126,215
MO354SKU127,2025-12-21,FAC005,SKU127,505
MO354SKU128,2025-12-21,FAC002,SKU128,465
MO354SKU129,2025-12-21,FAC005,SKU129,683
MO355SKU100,2025-12-22,FAC006,SKU100,314
MO355SKU101,2025-12-22,FAC006,SKU101,230
MO355SKU102,2025-12-22,FAC005,SKU102,342
MO355SKU103,2025-12-22,FAC002,SKU103,449
MO355SKU104,2025-12-22,FAC003,SKU104,404
MO355SKU105,2025-12-22,FAC005,SKU105,570
MO355SKU106,2025-12-22,FAC006,SKU106,465
MO355SKU107,2025-12-22,FAC002,SKU107,702
MO355SKU108,2025-12-22,FAC003,SKU108,140
MO355SKU109,2025-12-22,FAC006,SKU109,174
MO355SKU110,2025-12-22,FAC003,SKU110,668
MO355SKU111,2025-12-22,FAC006,SKU111,537
MO355SKU112,2025-12-22,FAC004,SKU112,302
MO355SKU113,2025-12-22,FAC003,SKU113,519
MO355SKU114,2025-12-22,FAC001,SKU114,269
MO355SKU115,2025-12-22,FAC003,SKU115,459
MO355SKU116,2025-12-22,FAC002,SKU116,341
MO355SKU117,2025-12-22,FAC006,SKU117,469
MO355SKU118,2025-12-22,FAC003,SKU118,365
MO355SKU119,2025-12-22,FAC006,SKU119,606
MO355SKU120,2025-12-22,FAC001,SKU120,299
MO355SKU121,2025-12-22,FAC005,SKU121,402
MO355SKU122,2025-12-22,FAC004,SKU122,217
MO355SKU123,2025-12-22,FAC002,SKU123,545
MO355SKU124,2025-12-22,FAC005,SKU124,401
MO355SKU125,2025-12-22,FAC001,SKU125,681
MO355SKU126,2025-12-22,FAC006,SKU126,466
MO355SKU127,2025-12-22,FAC001,SKU127,139
MO355SKU128,2025-12-22,FAC003,SKU128,168
MO355SKU129,2025-12-22,FAC001,SKU129,150
MO356SKU100,2025-12-23,FAC005,SKU100,235
MO356SKU101,2025-12-23,FAC005,SKU101,388
MO356SKU102,2025-12-23,FAC002,SKU102,532
MO356SKU103,2025-12-23,FAC001,SKU103,486
MO356SKU104,2025-12-23,FAC005,SKU104,621
MO356SKU105,2025-12-23,FAC004,SKU105,224
MO356SKU106,2025-12-23,FAC005,SKU106,398
MO356SKU107,2025-12-23,FAC004,SKU107,681
MO356SKU108,2025-12-23,FAC001,SKU108,308
MO356SKU109,2025-12-23,FAC003,SKU109,186
MO356SKU110,2025-12-23,FAC004,SKU110,274
MO356SKU111,2025-12-23,FAC004,SKU111,540
MO356SKU112,2025-12-23,FAC005,SKU112,316
MO356SKU113,2025-12-23,FAC003,SKU113,416
MO356SKU114,2025-12-23,FAC006,SKU114,400
MO356SKU115,2025-12-23,FAC006,SKU115,364
MO356SKU116,2025-12-23,FAC003,SKU116,544
MO356SKU117,2025-12-23,FAC002,SKU117,469
MO356SKU118,2025-12-23,FAC006,SKU118,655
MO356SKU119,2025-12-23,FAC005,SKU119,521
MO356SKU120,2025-12-23,FAC004,SKU120,136
MO356SKU121,2025-12-23,FAC005,SKU121,525
MO356SKU122,2025-12-23,FAC002,SKU122,480
MO356SKU123,2025-12-23,FAC004,SKU123,413
MO356SKU124,2025-12-23,FAC001,SKU124,607
MO356SKU125,2025-12-23,FAC003,SKU125,539
MO356SKU126,2025-12-23,FAC003,SKU126,552
MO356SKU127,2025-12-23,FAC002,SKU127,657
MO356SKU128,2025-12-23,FAC003,SKU128,176
MO356SKU129,2025-12-23,FAC002,SKU129,420
MO357SKU100,2025-12-24,FAC002,SKU100,318
MO357SKU101,2025-12-24,FAC003,SKU101,135
MO357SKU102,2025-12-24,FAC002,SKU102,380
MO357SKU103,2025-12-24,FAC003,SKU103,360
MO357SKU104,2025-12-24,FAC002,SKU104,213
MO357SKU105,2025-12-24,FAC003,SKU105,282
MO357SKU106,2025-12-24,FAC005,SKU106,473
MO357SKU107,2025-12-24,FAC003,SKU107,263
MO357SKU108,2025-12-24,FAC003,SKU108,361
MO357SKU109,2025-12-24,FAC004,SKU109,304
MO357SKU110,2025-12-24,FAC003,SKU110,593
MO357SKU111,2025-12-24,FAC004,SKU111,453
MO357SKU112,2025-12-24,FAC003,SKU112,588
MO357SKU113,2025-12-24,FAC003,SKU113,276
MO357SKU114,2025-12-24,FAC006,SKU114,670
MO357SKU115,2025-12-24,FAC002,SKU115,611
MO357SKU116,2025-12-24,FAC003,SKU116,199
MO357SKU117,2025-12-24,FAC003,SKU117,678
MO357SKU118,2025-12-24,FAC006,SKU118,406
MO357SKU119,2025-12-24,FAC003,SKU119,193
MO357SKU120,2025-12-24,FAC004,SKU120,241
MO357SKU121,2025-12-24,FAC002,SKU121,645
MO357SKU122,2025-12-24,FAC004,SKU122,297
MO357SKU123,2025-12-24,FAC005,SKU123,223
MO357SKU124,2025-12-24,FAC005,SKU124,490
MO357SKU125,2025-12-24,FAC002,SKU125,479
MO357SKU126,2025-12-24,FAC005,SKU126,674
MO357SKU127,2025-12-24,FAC001,SKU127,275
MO357SKU128,2025-12-24,FAC001,SKU128,495
MO357SKU129,2025-12-24,FAC002,SKU129,500
MO358SKU100,2025-12-25,FAC001,SKU100,530
MO358SKU101,2025-12-25,FAC006,SKU101,187
MO358SKU102,2025-12-25,FAC005,SKU102,124
MO358SKU103,2025-12-25,FAC002,SKU103,198
MO358SKU104,2025-12-25,FAC001,SKU104,272
MO358SKU105,2025-12-25,FAC005,SKU105,482
MO358SKU106,2025-12-25,FAC005,SKU106,228
MO358SKU107,2025-12-25,FAC003,SKU107,575
MO358SKU108,2025-12-25,FAC006,SKU108,249
MO358SKU109,2025-12-25,FAC006,SKU109,155
MO358SKU110,2025-12-25,FAC004,SKU110,135
MO358SKU111,2025-12-25,FAC006,SKU111,307
MO358SKU112,2025-12-25,FAC005,SKU112,607
MO358SKU113,2025-12-25,FAC001,SKU113,378
MO358SKU114,2025-12-25,FAC004,SKU114,577
MO358SKU115,2025-12-25,FAC001,SKU115,684
MO358SKU116,2025-12-25,FAC006,SKU116,250
MO358SKU117,2025-12-25,FAC004,SKU117,282
MO358SKU118,2025-12-25,FAC006,SKU118,480
MO358SKU119,2025-12-25,FAC001,SKU119,597
MO358SKU120,2025-12-25,FAC004,SKU120,300
MO358SKU121,2025-12-25,FAC004,SKU121,647
MO358SKU122,2025-12-25,FAC004,SKU122,418
MO358SKU123,2025-12-25,FAC004,SKU123,399
MO358SKU124,2025-12-25,FAC003,SKU124,323
MO358SKU125,2025-12-25,FAC002,SKU125,530
MO358SKU126,2025-12-25,FAC003,SKU126,487
MO358SKU127,2025-12-25,FAC003,SKU127,617
MO358SKU128,2025-12-25,FAC001,SKU128,655
MO358SKU129,2025-12-25,FAC005,SKU129,134
MO359SKU100,2025-12-26,FAC005,SKU100,322
MO359SKU101,2025-12-26,FAC001,SKU101,349
MO359SKU102,2025-12-26,FAC003,SKU102,103
MO359SKU103,2025-12-26,FAC004,SKU103,386
MO359SKU104,2025-12-26,FAC006,SKU104,359
MO359SKU105,2025-12-26,FAC001,SKU105,355
MO359SKU106,2025-12-26,FAC005,SKU106,323
MO359SKU107,2025-12-26,FAC004,SKU107,407
MO359SKU108,2025-12-26,FAC006,SKU108,491
MO359SKU109,2025-12-26,FAC006,SKU109,600
MO359SKU110,2025-12-26,FAC001,SKU110,498
MO359SKU111,2025-12-26,FAC004,SKU111,526
MO359SKU112,2025-12-26,FAC002,SKU112,335
MO359SKU113,2025-12-26,FAC002,SKU113,216
MO359SKU114,2025-12-26,FAC003,SKU114,631
MO359SKU115,2025-12-26,FAC004,SKU115,564
MO359SKU116,2025-12-26,FAC005,SKU116,175
MO359SKU117,2025-12-26,FAC005,SKU117,495
MO359SKU118,2025-12-26,FAC006,SKU118,183
MO359SKU119,2025-12-26,FAC003,SKU119,354
MO359SKU120,2025-12-26,FAC006,SKU120,165
MO359SKU121,2025-12-26,FAC006,SKU121,563
MO359SKU122,2025-12-26,FAC003,SKU122,624
MO359SKU123,2025-12-26,FAC003,SKU123,671
MO359SKU124,2025-12-26,FAC003,SKU124,395
MO359SKU125,2025-12-26,FAC001,SKU125,252
MO359SKU126,2025-12-26,FAC003,SKU126,276
MO359SKU127,2025-12-26,FAC006,SKU127,330
MO359SKU128,2025-12-26,FAC003,SKU128,368
MO359SKU129,2025-12-26,FAC001,SKU129,313
MO360SKU100,2025-12-27,FAC006,SKU100,439
MO360SKU101,2025-12-27,FAC006,SKU101,332
MO360SKU102,2025-12-27,FAC001,SKU102,485
MO360SKU103,2025-12-27,FAC001,SKU103,593
MO360SKU104,2025-12-27,FAC001,SKU104,474
MO360SKU105,2025-12-27,FAC003,SKU105,570
MO360SKU106,2025-12-27,FAC002,SKU106,385
MO360SKU107,2025-12-27,FAC006,SKU107,391
MO360SKU108,2025-12-27,FAC005,SKU108,135
MO360SKU109,2025-12-27,FAC006,SKU109,180
MO360SKU110,2025-12-27,FAC003,SKU110,383
MO360SKU111,2025-12-27,FAC004,SKU111,332
MO360SKU112,2025-12-27,FAC006,SKU112,318
MO360SKU113,2025-12-27,FAC002,SKU113,634
MO360SKU114,2025-12-27,FAC004,SKU114,205
MO360SKU115,2025-12-27,FAC003,SKU115,619
MO360SKU116,2025-12-27,FAC006,SKU116,153
MO360SKU117,2025-12-27,FAC004,SKU117,412
MO360SKU118,2025-12-27,FAC003,SKU118,486
MO360SKU119,2025-12-27,FAC003,SKU119,433
MO360SKU120,2025-12-27,FAC001,SKU120,429
MO360SKU121,2025-12-27,FAC005,SKU121,435
MO360SKU122,2025-12-27,FAC005,SKU122,310
MO360SKU123,2025-12-27,FAC002,SKU123,402
MO360SKU124,2025-12-27,FAC001,SKU124,281
MO360SKU125,2025-12-27,FAC003,SKU125,487
MO360SKU126,2025-12-27,FAC001,SKU126,582
MO360SKU127,2025-12-27,FAC004,SKU127,243
MO360SKU128,2025-12-27,FAC003,SKU128,275
MO360SKU129,2025-12-27,FAC003,SKU129,164
MO361SKU100,2025-12-28,FAC004,SKU100,506
MO361SKU101,2025-12-28,FAC006,SKU101,645
MO361SKU102,2025-12-28,FAC001,SKU102,406
MO361SKU103,2025-12-28,FAC001,SKU103,402
MO361SKU104,2025-12-28,FAC001,SKU104,214
MO361SKU105,2025-12-28,FAC005,SKU105,632
MO361SKU106,2025-12-28,FAC003,SKU106,265
MO361SKU107,2025-12-28,FAC004,SKU107,492
MO361SKU108,2025-12-28,FAC001,SKU108,187
MO361SKU109,2025-12-28,FAC005,SKU109,479
MO361SKU110,2025-12-28,FAC001,SKU110,614
MO361SKU111,2025-12-28,FAC001,SKU111,404
MO361SKU112,2025-12-28,FAC005,SKU112,561
MO361SKU113,2025-12-28,FAC006,SKU113,421
MO361SKU114,2025-12-28,FAC003,SKU114,140
MO361SKU115,2025-12-28,FAC004,SKU115,326
MO361SKU116,2025-12-28,FAC002,SKU116,390
MO361SKU117,2025-12-28,FAC003,SKU117,122
MO361SKU118,2025-12-28,FAC006,SKU118,434
MO361SKU119,2025-12-28,FAC004,SKU119,465
MO361SKU120,2025-12-28,FAC005,SKU120,625
MO361SKU121,2025-12-28,FAC001,SKU121,352
MO361SKU122,2025-12-28,FAC006,SKU122,295
MO361SKU123,2025-12-28,FAC002,SKU123,267
MO361SKU124,2025-12-28,FAC002,SKU124,247
MO361SKU125,2025-12-28,FAC006,SKU125,645
MO361SKU126,2025-12-28,FAC004,SKU126,310
MO361SKU127,2025-12-28,FAC002,SKU127,648
MO361SKU128,2025-12-28,FAC003,SKU128,641
MO361SKU129,2025-12-28,FAC005,SKU129,404
MO362SKU100,2025-12-29,FAC006,SKU100,280
MO362SKU101,2025-12-29,FAC001,SKU101,172
MO362SKU102,2025-12-29,FAC001,SKU102,229
MO362SKU103,2025-12-29,FAC001,SKU103,473
MO362SKU104,2025-12-29,FAC004,SKU104,256
MO362SKU105,2025-12-29,FAC006,SKU105,405
MO362SKU106,2025-12-29,FAC002,SKU106,545
MO362SKU107,2025-12-29,FAC002,SKU107,163
MO362SKU108,2025-12-29,FAC003,SKU108,334
MO362SKU109,2025-12-29,FAC006,SKU109,125
MO362SKU110,2025-12-29,FAC002,SKU110,551
MO362SKU111,2025-12-29,FAC001,SKU111,598
MO362SKU112,2025-12-29,FAC002,SKU112,265
MO362SKU113,2025-12-29,FAC006,SKU113,572
MO362SKU114,2025-12-29,FAC002,SKU114,207
MO362SKU115,2025-12-29,FAC002,SKU115,314
MO362SKU116,2025-12-29,FAC006,SKU116,584
MO362SKU117,2025-12-29,FAC001,SKU117,411
MO362SKU118,2025-12-29,FAC006,SKU118,539
MO362SKU119,2025-12-29,FAC005,SKU119,153
MO362SKU120,2025-12-29,FAC001,SKU120,479
MO362SKU121,2025-12-29,FAC004,SKU121,592
MO362SKU122,2025-12-29,FAC005,SKU122,209
MO362SKU123,2025-12-29,FAC001,SKU123,669
MO362SKU124,2025-12-29,FAC006,SKU124,371
MO362SKU125,2025-12-29,FAC005,SKU125,493
MO362SKU126,2025-12-29,FAC006,SKU126,208
MO362SKU127,2025-12-29,FAC005,SKU127,342
MO362SKU128,2025-12-29,FAC003,SKU128,429
MO362SKU129,2025-12-29,FAC006,SKU129,153
MO363SKU100,2025-12-30,FAC006,SKU100,628
MO363SKU101,2025-12-30,FAC002,SKU101,140
MO363SKU102,2025-12-30,FAC003,SKU102,335
MO363SKU103,2025-12-30,FAC006,SKU103,679
MO363SKU104,2025-12-30,FAC006,SKU104,656
MO363SKU105,2025-12-30,FAC004,SKU105,363
MO363SKU106,2025-12-30,FAC002,SKU106,418
MO363SKU107,2025-12-30,FAC004,SKU107,482
MO363SKU108,2025-12-30,FAC006,SKU108,576
MO363SKU109,2025-12-30,FAC005,SKU109,164
MO363SKU110,2025-12-30,FAC005,SKU110,172
MO363SKU111,2025-12-30,FAC004,SKU111,616
MO363SKU112,2025-12-30,FAC002,SKU112,253
MO363SKU113,2025-12-30,FAC006,SKU113,618
MO363SKU114,2025-12-30,FAC005,SKU114,663
MO363SKU115,2025-12-30,FAC001,SKU115,276
MO363SKU116,2025-12-30,FAC003,SKU116,172
MO363SKU117,2025-12-30,FAC001,SKU117,219
MO363SKU118,2025-12-30,FAC003,SKU118,394
MO363SKU119,2025-12-30,FAC006,SKU119,278
MO363SKU120,2025-12-30,FAC004,SKU120,436
MO363SKU121,2025-12-30,FAC001,SKU121,145
MO363SKU122,2025-12-30,FAC006,SKU122,254
MO363SKU123,2025-12-30,FAC001,SKU123,527
MO363SKU124,2025-12-30,FAC005,SKU124,172
MO363SKU125,2025-12-30,FAC004,SKU125,409
MO363SKU126,2025-12-30,FAC001,SKU126,251
MO363SKU127,2025-12-30,FAC003,SKU127,583
MO363SKU128,2025-12-30,FAC004,SKU128,283
MO363SKU129,2025-12-30,FAC004,SKU129,418
MO364SKU100,2025-12-31,FAC004,SKU100,279
MO364SKU101,2025-12-31,FAC004,SKU101,518
MO364SKU102,2025-12-31,FAC005,SKU102,648
MO364SKU103,2025-12-31,FAC003,SKU103,628
MO364SKU104,2025-12-31,FAC004,SKU104,514
MO364SKU105,2025-12-31,FAC001,SKU105,302
MO364SKU106,2025-12-31,FAC005,SKU106,359
MO364SKU107,2025-12-31,FAC002,SKU107,477
MO364SKU108,2025-12-31,FAC002,SKU108,270
MO364SKU109,2025-12-31,FAC004,SKU109,649
MO364SKU110,2025-12-31,FAC004,SKU110,354
MO364SKU111,2025-12-31,FAC006,SKU111,441
MO364SKU112,2025-12-31,FAC001,SKU112,495
MO364SKU113,2025-12-31,FAC003,SKU113,121
MO364SKU114,2025-12-31,FAC005,SKU114,221
MO364SKU115,2025-12-31,FAC001,SKU115,412
MO364SKU116,2025-12-31,FAC005,SKU116,147
MO364SKU117,2025-12-31,FAC001,SKU117,153
MO364SKU118,2025-12-31,FAC003,SKU118,248
MO364SKU119,2025-12-31,FAC006,SKU119,372
MO364SKU120,2025-12-31,FAC004,SKU120,540
MO364SKU121,2025-12-31,FAC005,SKU121,269
MO364SKU122,2025-12-31,FAC001,SKU122,688
MO364SKU123,2025-12-31,FAC002,SKU123,511
MO364SKU124,2025-12-31,FAC005,SKU124,508
MO364SKU125,2025-12-31,FAC002,SKU125,439
MO364SKU126,2025-12-31,FAC001,SKU126,184
MO364SKU127,2025-12-31,FAC006,SKU127,324
MO364SKU128,2025-12-31,FAC006,SKU128,539
MO364SKU129,2025-12-31,FAC001,SKU129,340
