PO,SupplierID,ComponentID,Qty,OrderDate,LeadTimeDays
PO000000,SUP010,COMP040,12596,2025-10-29,4
PO000001,SUP004,COMP009,4545,2025-10-13,20
PO000002,SUP008,COMP027,8171,2025-07-19,16
PO000003,SUP001,COMP025,14121,2025-03-26,19
PO000004,SUP010,COMP021,14222,2025-02-06,9
PO000005,SUP005,COMP002,11111,2025-04-19,21
PO000006,SUP010,COMP031,9513,2025-04-22,20
PO000007,SUP008,COMP019,5254,2025-12-09,25
PO000008,SUP004,COMP002,9151,2025-02-21,19
PO000009,SUP004,COMP027,4412,2025-03-24,25
PO000010,SUP010,COMP014,10881,2025-11-16,24
PO000011,SUP008,COMP001,3455,2025-07-17,15
PO000012,SUP004,COMP033,3233,2025-01-03,18
PO000013,SUP002,COMP023,5561,2025-10-14,5
PO000014,SUP009,COMP021,2420,2025-04-24,10
PO000015,SUP002,COMP005,13815,2025-08-29,19
PO000016,SUP007,COMP004,6088,2025-08-13,17
PO000017,SUP007,COMP029,8582,2025-02-06,21
PO000018,SUP003,COMP036,9554,2025-11-07,7
PO000019,SUP001,COMP015,1467,2025-03-21,19
PO000020,SUP008,COMP021,13669,2025-08-13,11
PO000021,SUP001,COMP023,8749,2025-11-16,8
PO000022,SUP004,COMP001,3927,2025-08-02,3
PO000023,SUP007,COMP029,8508,2025-09-29,18
PO000024,SUP002,COMP039,14785,2025-11-26,8
PO000025,SUP005,COMP039,8235,2025-12-06,8
PO000026,SUP007,COMP021,6096,2025-08-27,5
PO000027,SUP004,COMP026,5117,2025-10-23,16
PO000028,SUP008,COMP017,11936,2025-07-06,6
PO000029,SUP005,COMP021,4249,2025-08-20,14
PO000030,SUP003,COMP023,7764,2025-06-03,12
PO000031,SUP009,COMP035,2895,2025-06-15,7
PO000032,SUP007,COMP039,9895,2025-01-25,25
PO000033,SUP002,COMP034,6485,2025-02-23,6
PO000034,SUP002,COMP021,12555,2025-08-10,18
PO000035,SUP004,COMP015,9403,2025-06-26,5
PO000036,SUP006,COMP030,7509,2025-05-27,16
PO000037,SUP008,COMP003,11133,2025-07-08,4
PO000038,SUP007,COMP035,651,2025-11-08,20
PO000039,SUP004,COMP033,12546,2025-04-18,5
PO000040,SUP010,COMP015,4746,2025-08-11,13
PO000041,SUP001,COMP012,12942,2025-09-06,13
PO000042,SUP009,COMP028,1345,2025-05-08,23
PO000043,SUP005,COMP023,6673,2025-04-14,25
PO000044,SUP004,COMP014,13237,2025-10-04,21
PO000045,SUP003,COMP016,5425,2025-11-16,14
PO000046,SUP003,COMP018,13104,2025-06-14,17
PO000047,SUP001,COMP022,1763,2025-06-12,13
PO000048,SUP008,COMP034,10952,2025-03-10,15
PO000049,SUP004,COMP035,9411,2025-01-04,23
PO000050,SUP004,COMP011,4912,2025-12-13,7
PO000051,SUP008,COMP006,6685,2025-02-26,24
PO000052,SUP009,COMP025,13163,2025-03-24,25
PO000053,SUP009,COMP025,10002,2025-08-25,11
PO000054,SUP008,COMP027,12351,2025-04-03,9
PO000055,SUP008,COMP002,3926,2025-12-17,20
PO000056,SUP006,COMP018,8193,2025-10-14,17
PO000057,SUP003,COMP027,9127,2025-02-19,21
PO000058,SUP004,COMP008,13550,2025-11-09,7
PO000059,SUP003,COMP037,5096,2025-02-16,25
PO000060,SUP003,COMP015,2785,2025-09-19,25
PO000061,SUP001,COMP026,3538,2025-06-28,10
PO000062,SUP010,COMP017,14713,2025-02-18,19
PO000063,SUP006,COMP018,6098,2025-07-08,11
PO000064,SUP002,COMP035,10542,2025-03-26,13
PO000065,SUP009,COMP034,4416,2025-02-13,11
PO000066,SUP001,COMP004,4305,2025-06-27,15
PO000067,SUP004,COMP002,3826,2025-03-23,19
PO000068,SUP003,COMP028,8279,2025-04-08,13
PO000069,SUP005,COMP040,648,2025-06-07,17
PO000070,SUP010,COMP035,6730,2025-07-04,17
PO000071,SUP002,COMP028,14071,2025-09-15,21
PO000072,SUP007,COMP009,2013,2025-04-10,7
PO000073,SUP006,COMP004,9093,2025-08-02,8
PO000074,SUP009,COMP027,9285,2025-06-10,15
PO000075,SUP005,COMP014,5383,2025-08-13,15
PO000076,SUP001,COMP034,14000,2025-10-03,8
PO000077,SUP004,COMP002,9947,2025-03-29,14
PO000078,SUP009,COMP029,3401,2025-09-24,22
PO000079,SUP005,COMP026,8148,2025-12-07,9
PO000080,SUP007,COMP014,1778,2025-07-23,9
PO000081,SUP004,COMP002,14458,2025-10-11,12
PO000082,SUP007,COMP003,2189,2025-08-29,8
PO000083,SUP007,COMP010,8923,2025-01-08,10
PO000084,SUP004,COMP026,5605,2025-11-08,4
PO000085,SUP009,COMP019,13326,2025-12-08,18
PO000086,SUP005,COMP037,1822,2025-11-20,5
PO000087,SUP007,COMP016,4663,2025-11-30,25
PO000088,SUP004,COMP003,4247,2025-02-18,4
PO000089,SUP002,COMP025,7251,2025-05-01,15
PO000090,SUP007,COMP012,12816,2025-03-15,19
PO000091,SUP005,COMP024,14214,2025-06-12,12
PO000092,SUP002,COMP019,12790,2025-01-02,20
PO000093,SUP006,COMP030,10581,2025-07-13,7
PO000094,SUP003,COMP037,6267,2025-02-08,6
PO000095,SUP001,COMP033,5615,2025-09-27,16
PO000096,SUP002,COMP003,6769,2025-08-01,4
PO000097,SUP001,COMP012,14693,2025-07-19,3
PO000098,SUP005,COMP027,10185,2025-01-10,23
PO000099,SUP002,COMP029,4790,2025-11-10,24
PO000100,SUP006,COMP013,8874,2025-11-21,22
PO000101,SUP002,COMP025,13945,2025-03-10,12
PO000102,SUP005,COMP005,891,2025-08-02,15
PO000103,SUP008,COMP035,9418,2025-05-28,13
PO000104,SUP008,COMP015,14399,2025-03-17,5
PO000105,SUP007,COMP023,1417,2025-04-01,24
PO000106,SUP005,COMP010,3964,2025-09-26,21
PO000107,SUP004,COMP023,4859,2025-05-11,3
PO000108,SUP008,COMP005,13611,2025-02-04,23
PO000109,SUP001,COMP030,12885,2025-03-29,22
PO000110,SUP009,COMP024,892,2025-03-28,10
PO000111,SUP001,COMP023,10964,2025-01-16,16
PO000112,SUP007,COMP029,2044,2025-05-10,20
PO000113,SUP006,COMP015,4143,2025-12-03,9
PO000114,SUP002,COMP032,13016,2025-02-11,11
PO000115,SUP008,COMP037,12957,2025-06-12,14
PO000116,SUP005,COMP005,3296,2025-10-16,20
PO000117,SUP003,COMP019,12849,2025-10-24,8
PO000118,SUP003,COMP001,13946,2025-04-03,19
PO000119,SUP009,COMP005,6341,2025-12-01,8
PO000120,SUP001,COMP033,10109,2025-12-15,14
PO000121,SUP003,COMP008,14340,2025-08-14,15
PO000122,SUP009,COMP001,2469,2025-03-22,16
PO000123,SUP010,COMP028,3223,2025-06-21,4
PO000124,SUP006,COMP004,8318,2025-04-27,25
PO000125,SUP003,COMP018,12785,2025-11-04,5
PO000126,SUP004,COMP039,5338,2025-05-03,4
PO000127,SUP004,COMP011,6486,2025-01-24,8
PO000128,SUP008,COMP017,10336,2025-07-23,7
PO000129,SUP004,COMP036,4274,2025-09-16,12
PO000130,SUP005,COMP004,12930,2025-12-14,10
PO000131,SUP008,COMP026,6312,2025-05-12,9
PO000132,SUP010,COMP038,10197,2025-05-17,7
PO000133,SUP009,COMP023,12581,2025-09-26,3
PO000134,SUP004,COMP015,930,2025-09-25,16
PO000135,SUP005,COMP007,5210,2025-10-12,16
PO000136,SUP004,COMP009,10179,2025-11-29,4
PO000137,SUP009,COMP021,13806,2025-01-11,13
PO000138,SUP001,COMP018,11494,2025-09-19,18
PO000139,SUP002,COMP022,10077,2025-01-15,13
PO000140,SUP002,COMP036,2552,2025-04-19,17
PO000141,SUP008,COMP011,2216,2025-01-31,22
PO000142,SUP001,COMP031,4647,2025-05-28,11
PO000143,SUP008,COMP037,11819,2025-04-29,21
PO000144,SUP002,COMP005,8227,2025-03-05,18
PO000145,SUP005,COMP001,984,2025-04-13,25
PO000146,SUP005,COMP023,6963,2025-09-28,24
PO000147,SUP009,COMP018,9182,2025-07-22,13
PO000148,SUP008,COMP014,8345,2025-05-31,11
PO000149,SUP010,COMP025,7133,2025-07-13,3
PO000150,SUP008,COMP009,4090,2025-07-21,15
PO000151,SUP001,COMP019,14446,2025-08-29,11
PO000152,SUP002,COMP010,609,2025-10-13,6
PO000153,SUP009,COMP001,3661,2025-08-12,19
PO000154,SUP010,COMP014,8709,2025-11-24,7
PO000155,SUP006,COMP009,13451,2025-10-01,24
PO000156,SUP010,COMP019,577,2025-06-06,9
PO000157,SUP010,COMP016,13176,2025-07-06,6
PO000158,SUP007,COMP002,2740,2025-07-22,22
PO000159,SUP006,COMP031,7727,2025-07-11,7
PO000160,SUP007,COMP027,9685,2025-05-29,20
PO000161,SUP001,COMP014,11418,2025-02-20,16
PO000162,SUP004,COMP026,8198,2025-09-25,5
PO000163,SUP008,COMP021,2948,2025-05-14,23
PO000164,SUP009,COMP005,4571,2025-06-23,10
PO000165,SUP008,COMP025,4884,2025-03-22,22
PO000166,SUP009,COMP015,12884,2025-11-10,10
PO000167,SUP001,COMP014,10725,2025-07-03,10
PO000168,SUP010,COMP024,2722,2025-12-24,15
PO000169,SUP001,COMP034,11206,2025-10-03,14
PO000170,SUP004,COMP012,10331,2025-10-14,17
PO000171,SUP004,COMP019,12047,2025-01-16,5
PO000172,SUP002,COMP017,10648,2025-11-05,18
PO000173,SUP005,COMP030,5891,2025-05-20,18
PO000174,SUP004,COMP029,14528,2025-08-26,4
PO000175,SUP005,COMP038,10591,2025-01-21,21
PO000176,SUP007,COMP030,9249,2025-02-04,22
PO000177,SUP005,COMP024,13982,2025-07-19,13
PO000178,SUP010,COMP031,7884,2025-04-30,22
PO000179,SUP007,COMP007,13276,2025-01-17,24
PO000180,SUP004,COMP017,847,2025-06-25,18
PO000181,SUP004,COMP026,9370,2025-10-25,6
PO000182,SUP001,COMP034,14676,2025-01-11,12
PO000183,SUP002,COMP032,14977,2025-06-10,16
PO000184,SUP010,COMP018,4015,2025-01-17,18
PO000185,SUP003,COMP007,11718,2025-09-15,24
PO000186,SUP009,COMP030,11342,2025-08-21,5
PO000187,SUP007,COMP037,10136,2025-02-21,15
PO000188,SUP006,COMP033,8079,2025-04-03,10
PO000189,SUP007,COMP016,5549,2025-02-05,6
PO000190,SUP001,COMP017,9315,2025-06-19,17
PO000191,SUP009,COMP027,7860,2025-02-26,7
PO000192,SUP007,COMP021,13758,2025-09-02,25
PO000193,SUP003,COMP036,14130,2025-02-04,20
PO000194,SUP003,COMP038,14263,2025-03-02,8
PO000195,SUP008,COMP036,10720,2025-11-25,20
PO000196,SUP009,COMP024,11125,2025-03-26,11
PO000197,SUP010,COMP038,1548,2025-11-16,15
PO000198,SUP001,COMP034,5287,2025-02-21,25
PO000199,SUP006,COMP036,13253,2025-06-21,14
PO000200,SUP004,COMP030,12186,2025-04-27,4
PO000201,SUP005,COMP014,7966,2025-08-02,9
PO000202,SUP002,COMP034,5757,2025-07-08,21
PO000203,SUP007,COMP032,857,2025-09-10,6
PO000204,SUP007,COMP040,14174,2025-05-11,11
PO000205,SUP009,COMP007,4939,2025-06-06,3
PO000206,SUP001,COMP004,12728,2025-05-20,4
PO000207,SUP008,COMP024,7222,2025-01-24,7
PO000208,SUP004,COMP008,1334,2025-08-05,12
PO000209,SUP001,COMP029,13094,2025-11-07,18
PO000210,SUP003,COMP038,7235,2025-09-26,8
PO000211,SUP003,COMP036,8746,2025-12-05,13
PO000212,SUP005,COMP010,7929,2025-04-16,11
PO000213,SUP005,COMP038,12152,2025-09-06,21
PO000214,SUP010,COMP010,14652,2025-07-11,6
PO000215,SUP010,COMP031,11799,2025-04-10,16
PO000216,SUP007,COMP021,5019,2025-08-17,14
PO000217,SUP009,COMP030,14202,2025-10-14,25
PO000218,SUP004,COMP031,1596,2025-01-31,25
PO000219,SUP006,COMP013,10116,2025-12-23,7
PO000220,SUP006,COMP038,1403,2025-08-09,25
PO000221,SUP008,COMP030,2472,2025-10-13,13
PO000222,SUP004,COMP026,533,2025-11-22,6
PO000223,SUP008,COMP019,4176,2025-12-25,3
PO000224,SUP005,COMP004,3085,2025-06-29,15
PO000225,SUP001,COMP003,5308,2025-03-03,9
PO000226,SUP002,COMP027,11675,2025-07-23,18
PO000227,SUP008,COMP023,2919,2025-09-03,3
PO000228,SUP008,COMP008,3051,2025-08-18,21
PO000229,SUP008,COMP007,7693,2025-08-09,9
PO000230,SUP006,COMP001,7224,2025-06-01,8
PO000231,SUP008,COMP011,9830,2025-11-08,3
PO000232,SUP005,COMP014,8884,2025-10-08,23
PO000233,SUP002,COMP032,12284,2025-07-28,17
PO000234,SUP007,COMP009,14665,2025-03-27,17
PO000235,SUP001,COMP010,12595,2025-06-28,12
PO000236,SUP004,COMP005,6992,2025-11-24,10
PO000237,SUP010,COMP005,5719,2025-09-19,12
PO000238,SUP007,COMP018,8405,2025-03-06,13
PO000239,SUP007,COMP004,14035,2025-05-25,15
PO000240,SUP008,COMP033,3081,2025-12-01,4
PO000241,SUP004,COMP028,10663,2025-01-11,15
PO000242,SUP002,COMP021,12133,2025-12-26,14
PO000243,SUP001,COMP012,6936,2025-02-03,10
PO000244,SUP005,COMP002,11994,2025-11-16,18
PO000245,SUP004,COMP006,14674,2025-03-11,7
PO000246,SUP001,COMP028,6789,2025-08-13,16
PO000247,SUP007,COMP021,5193,2025-12-02,3
PO000248,SUP006,COMP015,12556,2025-11-22,8
PO000249,SUP005,COMP011,10776,2025-11-30,6
PO000250,SUP007,COMP037,5047,2025-04-24,13
PO000251,SUP004,COMP011,8701,2025-08-11,5
PO000252,SUP008,COMP036,11404,2025-01-07,14
PO000253,SUP009,COMP005,4428,2025-09-23,4
PO000254,SUP006,COMP029,4175,2025-04-06,6
PO000255,SUP004,COMP025,13210,2025-08-16,20
PO000256,SUP009,COMP025,5359,2025-07-02,13
PO000257,SUP006,COMP009,7197,2025-02-26,13
PO000258,SUP002,COMP002,7716,2025-01-06,14
PO000259,SUP006,COMP032,637,2025-07-06,8
PO000260,SUP010,COMP024,1091,2025-10-15,15
PO000261,SUP009,COMP032,13571,2025-05-17,12
PO000262,SUP002,COMP009,13155,2025-04-08,13
PO000263,SUP010,COMP038,14219,2025-12-24,20
PO000264,SUP010,COMP028,11244,2025-03-30,13
PO000265,SUP009,COMP026,10276,2025-03-19,15
PO000266,SUP004,COMP021,7559,2025-01-13,4
PO000267,SUP007,COMP012,5984,2025-12-07,14
PO000268,SUP002,COMP024,1931,2025-09-05,21
PO000269,SUP008,COMP024,1737,2025-10-27,9
PO000270,SUP008,COMP034,4603,2025-10-29,13
PO000271,SUP004,COMP005,14182,2025-03-30,17
PO000272,SUP004,COMP018,13037,2025-05-09,13
PO000273,SUP009,COMP002,11461,2025-02-03,22
PO000274,SUP008,COMP028,11767,2025-03-23,6
PO000275,SUP004,COMP018,7330,2025-02-15,15
PO000276,SUP005,COMP025,1760,2025-06-13,7
PO000277,SUP007,COMP022,4567,2025-03-19,7
PO000278,SUP003,COMP017,14897,2025-08-19,4
PO000279,SUP009,COMP007,539,2025-02-24,11
PO000280,SUP009,COMP007,3249,2025-10-26,17
PO000281,SUP002,COMP040,9648,2025-10-02,11
PO000282,SUP001,COMP036,10348,2025-12-04,11
PO000283,SUP004,COMP029,13083,2025-06-04,20
PO000284,SUP002,COMP009,7083,2025-09-21,6
PO000285,SUP008,COMP039,4591,2025-01-05,3
PO000286,SUP009,COMP002,5802,2025-09-21,20
PO000287,SUP010,COMP039,14797,2025-01-07,13
PO000288,SUP009,COMP003,9453,2025-03-03,11
PO000289,SUP001,COMP013,4049,2025-05-25,25
PO000290,SUP001,COMP022,1046,2025-10-11,6
PO000291,SUP001,COMP022,6671,2025-12-30,10
PO000292,SUP006,COMP034,12307,2025-12-03,16
PO000293,SUP010,COMP038,1123,2025-11-21,8
PO000294,SUP002,COMP016,1622,2025-02-19,16
PO000295,SUP007,COMP037,5471,2025-08-03,3
PO000296,SUP003,COMP005,3133,2025-05-29,16
PO000297,SUP008,COMP028,13210,2025-05-13,7
PO000298,SUP009,COMP008,2941,2025-12-28,24
PO000299,SUP006,COMP037,9080,2025-04-08,15
PO000300,SUP003,COMP004,7988,2025-05-17,22
PO000301,SUP009,COMP036,13335,2025-05-15,21
PO000302,SUP006,COMP039,1726,2025-03-30,15
PO000303,SUP001,COMP038,2935,2025-01-01,10
PO000304,SUP004,COMP006,12361,2025-05-13,16
PO000305,SUP006,COMP027,11753,2025-07-01,18
PO000306,SUP002,COMP027,6901,2025-07-01,18
PO000307,SUP009,COMP007,3958,2025-01-12,12
PO000308,SUP010,COMP040,6158,2025-01-30,12
PO000309,SUP004,COMP033,9835,2025-12-12,15
PO000310,SUP005,COMP007,7019,2025-05-19,14
PO000311,SUP001,COMP034,6817,2025-03-15,25
PO000312,SUP010,COMP021,3613,2025-03-08,7
PO000313,SUP004,COMP002,8229,2025-03-17,11
PO000314,SUP009,COMP032,6816,2025-05-11,6
PO000315,SUP003,COMP027,2117,2025-04-22,24
PO000316,SUP010,COMP024,13848,2025-07-05,18
PO000317,SUP005,COMP021,9414,2025-07-23,6
PO000318,SUP009,COMP001,11769,2025-06-15,19
PO000319,SUP004,COMP037,4520,2025-06-09,4
PO000320,SUP009,COMP015,6545,2025-05-19,23
PO000321,SUP005,COMP010,11564,2025-11-24,18
PO000322,SUP009,COMP034,6281,2025-10-17,20
PO000323,SUP009,COMP008,10158,2025-03-30,3
PO000324,SUP007,COMP040,6776,2025-07-10,15
PO000325,SUP010,COMP013,3412,2025-07-09,24
PO000326,SUP010,COMP027,13774,2025-03-14,17
PO000327,SUP007,COMP011,2775,2025-05-03,16
PO000328,SUP009,COMP016,1858,2025-03-31,18
PO000329,SUP006,COMP015,4666,2025-03-04,20
PO000330,SUP004,COMP040,12616,2025-11-07,25
PO000331,SUP006,COMP022,10900,2025-08-29,20
PO000332,SUP001,COMP011,13335,2025-03-10,19
PO000333,SUP001,COMP006,14604,2025-08-21,18
PO000334,SUP002,COMP002,7389,2025-03-08,21
PO000335,SUP005,COMP024,14713,2025-01-10,7
PO000336,SUP007,COMP037,5190,2025-05-17,17
PO000337,SUP004,COMP024,11427,2025-04-20,11
PO000338,SUP002,COMP019,11911,2025-05-07,22
PO000339,SUP002,COMP002,12673,2025-04-22,8
PO000340,SUP004,COMP008,14049,2025-09-28,16
PO000341,SUP007,COMP030,14536,2025-10-21,23
PO000342,SUP001,COMP028,7414,2025-11-24,18
PO000343,SUP005,COMP031,8398,2025-11-27,23
PO000344,SUP003,COMP004,12172,2025-02-19,5
PO000345,SUP001,COMP019,525,2025-10-10,10
PO000346,SUP009,COMP017,4545,2025-08-28,20
PO000347,SUP003,COMP026,792,2025-02-13,23
PO000348,SUP009,COMP029,8180,2025-12-31,18
PO000349,SUP010,COMP023,11057,2025-04-24,9
PO000350,SUP005,COMP010,2683,2025-06-16,9
PO000351,SUP010,COMP015,10591,2025-03-08,7
PO000352,SUP005,COMP009,6399,2025-09-10,18
PO000353,SUP008,COMP012,7970,2025-08-22,11
PO000354,SUP006,COMP029,11550,2025-06-23,4
PO000355,SUP003,COMP007,11286,2025-09-24,19
PO000356,SUP006,COMP012,2027,2025-02-21,12
PO000357,SUP009,COMP020,7577,2025-01-18,10
PO000358,SUP007,COMP013,9203,2025-04-28,21
PO000359,SUP007,COMP035,8514,2025-10-05,19
PO000360,SUP005,COMP012,13792,2025-01-09,24
PO000361,SUP005,COMP030,5926,2025-12-19,23
PO000362,SUP010,COMP036,4540,2025-07-08,24
PO000363,SUP009,COMP039,5596,2025-08-17,18
PO000364,SUP001,COMP025,9940,2025-12-26,10
PO000365,SUP010,COMP012,9121,2025-06-24,10
PO000366,SUP003,COMP004,2961,2025-06-12,12
PO000367,SUP007,COMP006,14462,2025-08-03,25
PO000368,SUP008,COMP038,5248,2025-07-30,17
PO000369,SUP008,COMP034,11387,2025-02-04,19
PO000370,SUP010,COMP034,13400,2025-08-11,9
PO000371,SUP007,COMP006,14805,2025-04-26,21
PO000372,SUP006,COMP040,12274,2025-05-29,23
PO000373,SUP006,COMP038,2712,2025-12-27,5
PO000374,SUP002,COMP036,5993,2025-08-13,8
PO000375,SUP004,COMP022,10827,2025-01-27,5
PO000376,SUP010,COMP018,8046,2025-04-20,18
PO000377,SUP008,COMP037,7422,2025-03-12,15
PO000378,SUP004,COMP033,13311,2025-10-26,15
PO000379,SUP006,COMP019,13046,2025-10-16,22
PO000380,SUP008,COMP030,9842,2025-02-13,25
PO000381,SUP008,COMP036,10773,2025-11-20,7
PO000382,SUP003,COMP002,1220,2025-10-09,25
PO000383,SUP002,COMP002,13426,2025-01-16,6
PO000384,SUP005,COMP012,8767,2025-07-28,24
PO000385,SUP007,COMP039,1445,2025-07-22,8
PO000386,SUP006,COMP006,5772,2025-09-08,13
PO000387,SUP010,COMP022,2264,2025-05-10,21
PO000388,SUP001,COMP037,11957,2025-07-23,17
PO000389,SUP002,COMP001,11375,2025-09-19,3
PO000390,SUP001,COMP017,10840,2025-06-30,19
PO000391,SUP008,COMP012,4971,2025-03-22,24
PO000392,SUP003,COMP031,14554,2025-12-11,23
PO000393,SUP005,COMP038,6956,2025-08-05,14
PO000394,SUP003,COMP040,5372,2025-09-22,9
PO000395,SUP001,COMP023,2383,2025-08-22,6
PO000396,SUP010,COMP030,3044,2025-06-19,5
PO000397,SUP003,COMP014,14666,2025-05-12,9
PO000398,SUP004,COMP021,4301,2025-08-10,17
PO000399,SUP006,COMP029,11638,2025-09-05,18
PO000400,SUP008,COMP014,4607,2025-03-08,15
PO000401,SUP006,COMP035,14495,2025-09-04,13
PO000402,SUP001,COMP014,11405,2025-02-05,3
PO000403,SUP005,COMP038,7669,2025-11-03,5
PO000404,SUP005,COMP001,8205,2025-09-02,5
PO000405,SUP003,COMP033,988,2025-07-31,5
PO000406,SUP010,COMP039,1077,2025-09-04,11
PO000407,SUP007,COMP026,12099,2025-07-31,22
PO000408,SUP008,COMP018,8275,2025-03-19,5
PO000409,SUP008,COMP008,12799,2025-03-29,12
PO000410,SUP004,COMP024,6890,2025-08-05,19
PO000411,SUP004,COMP004,4072,2025-03-20,14
PO000412,SUP004,COMP025,14386,2025-10-21,14
PO000413,SUP003,COMP024,5839,2025-09-30,17
PO000414,SUP007,COMP032,3889,2025-06-13,3
PO000415,SUP008,COMP036,12939,2025-02-17,4
PO000416,SUP008,COMP012,9062,2025-12-19,10
PO000417,SUP010,COMP020,13798,2025-08-25,15
PO000418,SUP005,COMP027,12774,2025-12-14,5
PO000419,SUP003,COMP025,1944,2025-05-14,22
PO000420,SUP010,COMP014,11252,2025-07-27,24
PO000421,SUP004,COMP007,13131,2025-10-21,15
PO000422,SUP003,COMP029,5968,2025-07-21,25
PO000423,SUP005,COMP017,4153,2025-10-25,4
PO000424,SUP010,COMP021,1542,2025-11-19,22
PO000425,SUP006,COMP026,7068,2025-04-22,3
PO000426,SUP001,COMP026,3790,2025-07-19,7
PO000427,SUP002,COMP004,6376,2025-12-14,5
PO000428,SUP007,COMP017,1425,2025-08-17,19
PO000429,SUP008,COMP004,14772,2025-06-03,19
PO000430,SUP002,COMP006,3850,2025-12-01,14
PO000431,SUP004,COMP031,12765,2025-11-20,24
PO000432,SUP004,COMP039,7309,2025-07-06,8
PO000433,SUP008,COMP011,13040,2025-11-01,13
PO000434,SUP010,COMP035,6931,2025-08-14,17
PO000435,SUP008,COMP004,5982,2025-07-04,12
PO000436,SUP009,COMP038,10080,2025-01-19,18
PO000437,SUP002,COMP012,11860,2025-10-28,22
PO000438,SUP007,COMP039,13043,2025-11-04,6
PO000439,SUP006,COMP019,12031,2025-10-09,8
PO000440,SUP008,COMP001,1313,2025-12-03,7
PO000441,SUP010,COMP016,4053,2025-12-23,6
PO000442,SUP004,COMP009,6907,2025-09-18,21
PO000443,SUP004,COMP031,13859,2025-05-15,16
PO000444,SUP001,COMP011,1554,2025-05-08,16
PO000445,SUP009,COMP035,5204,2025-02-08,14
PO000446,SUP008,COMP031,1869,2025-12-21,7
PO000447,SUP010,COMP005,9122,2025-05-17,8
PO000448,SUP006,COMP005,12336,2025-10-30,14
PO000449,SUP007,COMP006,8248,2025-08-12,24
PO000450,SUP006,COMP022,9641,2025-11-04,8
PO000451,SUP003,COMP015,11849,2025-07-08,14
PO000452,SUP003,COMP035,5794,2025-10-12,18
PO000453,SUP001,COMP028,3694,2025-01-03,24
PO000454,SUP003,COMP010,9461,2025-04-01,22
PO000455,SUP004,COMP016,6346,2025-03-15,20
PO000456,SUP008,COMP034,10534,2025-09-12,6
PO000457,SUP006,COMP013,6246,2025-11-03,23
PO000458,SUP007,COMP020,8436,2025-03-22,16
PO000459,SUP009,COMP020,14434,2025-09-13,11
PO000460,SUP007,COMP018,11573,2025-07-04,13
PO000461,SUP001,COMP030,11714,2025-03-19,19
PO000462,SUP004,COMP007,12922,2025-01-06,6
PO000463,SUP009,COMP023,12394,2025-12-17,4
PO000464,SUP009,COMP035,1304,2025-10-04,18
PO000465,SUP006,COMP026,12624,2025-06-08,14
PO000466,SUP001,COMP022,9395,2025-02-26,23
PO000467,SUP001,COMP021,9179,2025-01-06,6
PO000468,SUP001,COMP036,11014,2025-10-12,24
PO000469,SUP007,COMP032,10240,2025-09-09,11
PO000470,SUP005,COMP032,7631,2025-02-10,21
PO000471,SUP004,COMP029,9206,2025-10-08,16
PO000472,SUP007,COMP013,14099,2025-07-16,23
PO000473,SUP005,COMP025,12997,2025-06-19,10
PO000474,SUP004,COMP015,5420,2025-08-16,17
PO000475,SUP005,COMP037,7191,2025-04-28,9
PO000476,SUP008,COMP037,14600,2025-03-17,7
PO000477,SUP007,COMP011,8724,2025-02-28,22
PO000478,SUP002,COMP023,508,2025-04-03,9
PO000479,SUP008,COMP019,3887,2025-10-09,23
PO000480,SUP008,COMP016,5223,2025-06-10,4
PO000481,SUP006,COMP011,2389,2025-11-04,12
PO000482,SUP001,COMP021,10877,2025-01-02,11
PO000483,SUP008,COMP009,12813,2025-08-02,3
PO000484,SUP010,COMP031,14660,2025-11-25,21
PO000485,SUP007,COMP011,10251,2025-02-08,11
PO000486,SUP006,COMP038,8475,2025-08-19,10
PO000487,SUP007,COMP025,763,2025-10-20,20
PO000488,SUP006,COMP038,2381,2025-11-07,20
PO000489,SUP002,COMP029,12810,2025-06-02,18
PO000490,SUP004,COMP025,7640,2025-07-06,9
PO000491,SUP010,COMP029,11076,2025-09-28,19
PO000492,SUP006,COMP034,7879,2025-06-03,19
PO000493,SUP010,COMP023,11224,2025-07-05,17
PO000494,SUP002,COMP016,2355,2025-11-20,22
PO000495,SUP009,COMP017,4799,2025-05-16,22
PO000496,SUP007,COMP005,7629,2025-05-05,21
PO000497,SUP006,COMP012,6053,2025-09-03,11
PO000498,SUP008,COMP031,8419,2025-05-23,10
PO000499,SUP008,COMP011,1800,2025-03-14,10
PO000500,SUP009,COMP018,8941,2025-08-22,17
PO000501,SUP006,COMP025,13850,2025-02-07,22
PO000502,SUP002,COMP036,12885,2025-10-16,19
PO000503,SUP008,COMP022,6616,2025-09-10,21
PO000504,SUP009,COMP015,2578,2025-04-06,22
PO000505,SUP001,COMP002,1478,2025-06-15,21
PO000506,SUP001,COMP021,5196,2025-06-29,6
PO000507,SUP008,COMP015,6722,2025-06-14,20
PO000508,SUP006,COMP019,1031,2025-06-15,21
PO000509,SUP002,COMP037,4171,2025-05-22,12
PO000510,SUP003,COMP019,7196,2025-03-06,24
PO000511,SUP008,COMP007,2707,2025-04-07,22
PO000512,SUP004,COMP016,14972,2025-01-29,16
PO000513,SUP006,COMP016,3812,2025-07-10,9
PO000514,SUP006,COMP040,8238,2025-06-10,21
PO000515,SUP009,COMP002,9844,2025-07-22,8
PO000516,SUP009,COMP012,12464,2025-12-27,6
PO000517,SUP010,COMP026,501,2025-09-26,18
PO000518,SUP009,COMP032,13015,2025-11-19,13
PO000519,SUP008,COMP033,11176,2025-10-10,7
PO000520,SUP008,COMP013,8119,2025-08-06,10
PO000521,SUP001,COMP038,8181,2025-08-22,10
PO000522,SUP010,COMP033,12374,2025-05-07,16
PO000523,SUP007,COMP027,946,2025-10-19,18
PO000524,SUP010,COMP032,8745,2025-06-16,13
PO000525,SUP001,COMP004,11741,2025-11-26,12
PO000526,SUP005,COMP024,11342,2025-01-24,17
PO000527,SUP003,COMP039,7049,2025-03-22,22
PO000528,SUP001,COMP006,782,2025-08-15,22
PO000529,SUP004,COMP012,11800,2025-03-17,15
PO000530,SUP006,COMP010,7850,2025-09-22,8
PO000531,SUP006,COMP019,6821,2025-05-02,3
PO000532,SUP006,COMP040,5485,2025-12-10,5
PO000533,SUP006,COMP028,8689,2025-03-03,5
PO000534,SUP008,COMP029,5734,2025-04-15,21
PO000535,SUP009,COMP029,3196,2025-05-23,23
PO000536,SUP006,COMP036,1983,2025-10-30,20
PO000537,SUP008,COMP003,8790,2025-12-10,19
PO000538,SUP005,COMP001,8607,2025-06-18,25
PO000539,SUP006,COMP013,11816,2025-10-09,3
PO000540,SUP006,COMP013,12651,2025-07-20,13
PO000541,SUP010,COMP031,2825,2025-08-12,19
PO000542,SUP004,COMP040,6577,2025-01-18,17
PO000543,SUP001,COMP023,1844,2025-04-08,4
PO000544,SUP007,COMP039,7306,2025-08-18,8
PO000545,SUP002,COMP009,9261,2025-02-24,13
PO000546,SUP007,COMP036,4470,2025-10-11,17
PO000547,SUP001,COMP012,8421,2025-09-24,13
PO000548,SUP004,COMP029,9825,2025-10-13,7
PO000549,SUP002,COMP019,12379,2025-10-21,8
PO000550,SUP005,COMP006,4148,2025-08-31,6
PO000551,SUP008,COMP016,541,2025-08-07,25
PO000552,SUP004,COMP037,1079,2025-09-28,14
PO000553,SUP009,COMP014,1046,2025-07-28,20
PO000554,SUP005,COMP033,3845,2025-08-06,19
PO000555,SUP002,COMP028,7758,2025-03-24,9
PO000556,SUP009,COMP026,7472,2025-06-22,24
PO000557,SUP007,COMP003,7038,2025-09-01,18
PO000558,SUP006,COMP023,9742,2025-07-02,17
PO000559,SUP004,COMP021,5261,2025-02-21,3
PO000560,SUP006,COMP029,8387,2025-12-04,7
PO000561,SUP006,COMP001,5311,2025-01-21,8
PO000562,SUP006,COMP035,11165,2025-11-11,19
PO000563,SUP009,COMP005,922,2025-11-18,20
PO000564,SUP006,COMP021,9160,2025-08-18,7
PO000565,SUP004,COMP022,8436,2025-09-15,12
PO000566,SUP006,COMP031,10810,2025-03-18,4
PO000567,SUP009,COMP002,3005,2025-05-28,6
PO000568,SUP001,COMP019,1903,2025-07-09,4
PO000569,SUP008,COMP020,10000,2025-05-06,6
PO000570,SUP007,COMP025,725,2025-09-25,24
PO000571,SUP002,COMP028,13058,2025-12-15,6
PO000572,SUP002,COMP022,10907,2025-07-07,23
PO000573,SUP007,COMP028,1963,2025-04-29,23
PO000574,SUP005,COMP002,12044,2025-05-22,17
PO000575,SUP006,COMP003,1189,2025-01-22,12
PO000576,SUP006,COMP036,5429,2025-01-18,23
PO000577,SUP009,COMP038,2757,2025-03-08,23
PO000578,SUP008,COMP002,7154,2025-10-20,22
PO000579,SUP001,COMP025,5581,2025-11-07,12
PO000580,SUP010,COMP016,5940,2025-08-12,23
PO000581,SUP006,COMP033,1167,2025-12-14,10
PO000582,SUP007,COMP014,9714,2025-04-22,15
PO000583,SUP005,COMP032,2795,2025-03-26,12
PO000584,SUP006,COMP021,13135,2025-09-19,6
PO000585,SUP008,COMP003,9084,2025-04-24,10
PO000586,SUP006,COMP005,13317,2025-06-01,23
PO000587,SUP003,COMP017,4958,2025-11-28,23
PO000588,SUP010,COMP027,7076,2025-12-26,10
PO000589,SUP010,COMP003,13122,2025-01-21,4
PO000590,SUP005,COMP023,3968,2025-10-30,25
PO000591,SUP009,COMP002,4976,2025-12-26,20
PO000592,SUP009,COMP027,8623,2025-11-20,8
PO000593,SUP006,COMP007,5441,2025-01-06,24
PO000594,SUP010,COMP025,2293,2025-08-13,4
PO000595,SUP010,COMP038,8724,2025-08-18,9
PO000596,SUP002,COMP032,14010,2025-01-08,21
PO000597,SUP009,COMP008,7020,2025-07-28,20
PO000598,SUP009,COMP007,4151,2025-01-10,10
PO000599,SUP009,COMP019,6721,2025-11-05,6
PO000600,SUP003,COMP036,2071,2025-07-06,4
PO000601,SUP002,COMP025,4635,2025-06-16,11
PO000602,SUP007,COMP025,3014,2025-07-09,17
PO000603,SUP004,COMP008,3036,2025-06-28,10
PO000604,SUP007,COMP007,2584,2025-08-14,15
PO000605,SUP010,COMP033,7912,2025-07-22,8
PO000606,SUP003,COMP038,6310,2025-09-13,23
PO000607,SUP010,COMP020,8500,2025-05-24,14
PO000608,SUP001,COMP036,1481,2025-11-20,21
PO000609,SUP009,COMP040,13339,2025-08-20,6
PO000610,SUP008,COMP015,11182,2025-04-23,5
PO000611,SUP006,COMP032,2040,2025-08-06,4
PO000612,SUP005,COMP012,6769,2025-02-12,11
PO000613,SUP005,COMP029,1934,2025-08-02,13
PO000614,SUP001,COMP017,4800,2025-02-23,14
PO000615,SUP003,COMP028,4780,2025-05-26,14
PO000616,SUP009,COMP010,10323,2025-08-01,22
PO000617,SUP005,COMP024,4709,2025-02-14,24
PO000618,SUP010,COMP008,14184,2025-04-23,17
PO000619,SUP009,COMP003,4666,2025-11-01,19
PO000620,SUP008,COMP028,2712,2025-01-11,22
PO000621,SUP004,COMP036,13737,2025-04-09,17
PO000622,SUP004,COMP039,6925,2025-06-16,8
PO000623,SUP005,COMP012,13881,2025-09-01,24
PO000624,SUP007,COMP001,12051,2025-09-06,12
PO000625,SUP002,COMP020,7652,2025-05-14,11
PO000626,SUP001,COMP011,7632,2025-12-22,6
PO000627,SUP004,COMP023,3633,2025-05-25,7
PO000628,SUP006,COMP023,6094,2025-07-17,5
PO000629,SUP009,COMP013,2849,2025-08-09,7
PO000630,SUP002,COMP014,9238,2025-05-11,6
PO000631,SUP006,COMP023,1686,2025-01-05,21
PO000632,SUP006,COMP018,2671,2025-11-18,14
PO000633,SUP003,COMP031,6058,2025-01-04,14
PO000634,SUP007,COMP035,8746,2025-11-23,4
PO000635,SUP009,COMP018,11104,2025-09-27,8
PO000636,SUP001,COMP029,3061,2025-08-30,5
PO000637,SUP003,COMP026,3582,2025-04-16,12
PO000638,SUP001,COMP012,11257,2025-11-13,9
PO000639,SUP008,COMP034,2225,2025-05-08,7
PO000640,SUP007,COMP031,3094,2025-08-20,10
PO000641,SUP004,COMP010,14891,2025-07-29,7
PO000642,SUP008,COMP029,12312,2025-08-08,17
PO000643,SUP005,COMP028,14952,2025-11-11,13
PO000644,SUP009,COMP033,14588,2025-03-05,21
PO000645,SUP005,COMP025,9305,2025-08-17,23
PO000646,SUP008,COMP019,10061,2025-12-18,7
PO000647,SUP010,COMP019,4898,2025-11-07,22
PO000648,SUP004,COMP005,3797,2025-08-02,18
PO000649,SUP006,COMP032,3072,2025-07-26,16
PO000650,SUP009,COMP017,12121,2025-11-06,3
PO000651,SUP006,COMP015,7124,2025-11-29,16
PO000652,SUP008,COMP033,3928,2025-04-06,4
PO000653,SUP004,COMP005,7001,2025-03-05,25
PO000654,SUP004,COMP007,8424,2025-08-19,22
PO000655,SUP001,COMP022,4486,2025-06-04,4
PO000656,SUP004,COMP036,11650,2025-10-01,10
PO000657,SUP004,COMP013,2168,2025-12-01,13
PO000658,SUP002,COMP033,757,2025-02-23,15
PO000659,SUP007,COMP018,9356,2025-01-06,8
PO000660,SUP004,COMP028,2714,2025-10-03,4
PO000661,SUP002,COMP039,4138,2025-09-14,19
PO000662,SUP010,COMP024,3677,2025-02-06,6
PO000663,SUP006,COMP018,13195,2025-12-09,10
PO000664,SUP010,COMP031,9415,2025-02-18,14
PO000665,SUP008,COMP016,4761,2025-02-14,13
PO000666,SUP010,COMP006,852,2025-12-11,15
PO000667,SUP007,COMP001,8693,2025-08-04,8
PO000668,SUP004,COMP025,6287,2025-01-31,12
PO000669,SUP007,COMP003,2812,2025-07-30,23
PO000670,SUP003,COMP010,5594,2025-09-11,20
PO000671,SUP010,COMP009,2869,2025-06-22,6
PO000672,SUP009,COMP010,14734,2025-08-07,23
PO000673,SUP002,COMP016,6027,2025-01-23,16
PO000674,SUP003,COMP005,1488,2025-09-29,12
PO000675,SUP001,COMP005,5793,2025-09-03,22
PO000676,SUP010,COMP032,11175,2025-01-10,15
PO000677,SUP003,COMP040,14987,2025-09-26,5
PO000678,SUP001,COMP037,10523,2025-09-02,23
PO000679,SUP006,COMP012,14709,2025-08-05,19
PO000680,SUP007,COMP027,6630,2025-01-26,20
PO000681,SUP004,COMP027,9549,2025-02-17,15
PO000682,SUP009,COMP011,2363,2025-05-29,4
PO000683,SUP008,COMP015,8217,2025-04-11,4
PO000684,SUP009,COMP030,1855,2025-05-24,9
PO000685,SUP010,COMP002,3695,2025-11-13,3
PO000686,SUP010,COMP010,928,2025-01-27,13
PO000687,SUP007,COMP012,7017,2025-01-21,18
PO000688,SUP001,COMP012,11181,2025-05-26,18
PO000689,SUP005,COMP033,14022,2025-06-17,23
PO000690,SUP008,COMP040,9075,2025-10-01,19
PO000691,SUP010,COMP011,1534,2025-04-29,8
PO000692,SUP008,COMP015,9231,2025-03-02,13
PO000693,SUP003,COMP010,10265,2025-04-17,8
PO000694,SUP003,COMP037,7930,2025-12-10,24
PO000695,SUP003,COMP021,4693,2025-01-20,6
PO000696,SUP005,COMP038,11489,2025-12-13,10
PO000697,SUP009,COMP019,8516,2025-07-08,12
PO000698,SUP004,COMP006,8788,2025-10-02,15
PO000699,SUP005,COMP024,10332,2025-05-18,17
PO000700,SUP009,COMP004,1440,2025-09-01,23
PO000701,SUP010,COMP012,12565,2025-05-19,16
PO000702,SUP004,COMP026,7235,2025-11-03,19
PO000703,SUP004,COMP031,14299,2025-06-29,14
PO000704,SUP006,COMP002,5089,2025-06-22,20
PO000705,SUP004,COMP035,8574,2025-07-04,4
PO000706,SUP001,COMP032,12749,2025-08-26,4
PO000707,SUP010,COMP038,1388,2025-04-07,6
PO000708,SUP008,COMP010,2056,2025-11-19,5
PO000709,SUP004,COMP024,10126,2025-12-28,19
PO000710,SUP001,COMP019,3661,2025-04-18,10
PO000711,SUP002,COMP024,11531,2025-08-04,21
PO000712,SUP007,COMP017,801,2025-03-01,4
PO000713,SUP002,COMP020,7147,2025-01-16,5
PO000714,SUP010,COMP013,3920,2025-06-17,8
PO000715,SUP001,COMP028,3225,2025-03-31,15
PO000716,SUP001,COMP037,3892,2025-02-09,15
PO000717,SUP005,COMP009,12960,2025-07-17,15
PO000718,SUP004,COMP015,2416,2025-07-14,6
PO000719,SUP005,COMP004,9506,2025-03-21,9
PO000720,SUP002,COMP001,1545,2025-09-01,5
PO000721,SUP008,COMP008,10364,2025-10-26,12
PO000722,SUP006,COMP030,12599,2025-05-09,4
PO000723,SUP006,COMP008,10391,2025-12-07,23
PO000724,SUP010,COMP024,972,2025-10-11,5
PO000725,SUP010,COMP001,593,2025-06-20,16
PO000726,SUP008,COMP015,10947,2025-07-03,8
PO000727,SUP007,COMP015,6476,2025-11-03,14
PO000728,SUP002,COMP031,13603,2025-08-10,10
PO000729,SUP006,COMP012,4821,2025-02-26,10
PO000730,SUP001,COMP010,12042,2025-04-06,19
PO000731,SUP007,COMP031,2102,2025-01-28,15
PO000732,SUP007,COMP021,12664,2025-08-05,3
PO000733,SUP003,COMP019,10021,2025-03-27,9
PO000734,SUP006,COMP029,7713,2025-08-16,12
PO000735,SUP002,COMP020,10002,2025-01-23,14
PO000736,SUP008,COMP006,8665,2025-06-22,9
PO000737,SUP003,COMP009,12187,2025-09-11,24
PO000738,SUP010,COMP040,14377,2025-09-10,25
PO000739,SUP006,COMP011,6951,2025-03-04,13
PO000740,SUP009,COMP030,9062,2025-11-16,25
PO000741,SUP009,COMP039,13725,2025-03-01,15
PO000742,SUP009,COMP016,2116,2025-09-02,6
PO000743,SUP006,COMP008,2033,2025-02-04,11
PO000744,SUP003,COMP017,2400,2025-03-22,12
PO000745,SUP009,COMP020,6468,2025-06-06,16
PO000746,SUP008,COMP014,1718,2025-12-11,9
PO000747,SUP008,COMP005,12641,2025-08-29,25
PO000748,SUP005,COMP006,9894,2025-01-01,24
PO000749,SUP007,COMP026,10283,2025-06-14,12
PO000750,SUP006,COMP004,9392,2025-06-30,18
PO000751,SUP001,COMP013,4664,2025-01-04,6
PO000752,SUP002,COMP032,7107,2025-02-15,17
PO000753,SUP001,COMP025,2208,2025-04-16,23
PO000754,SUP001,COMP008,2196,2025-12-11,7
PO000755,SUP008,COMP014,9220,2025-04-24,5
PO000756,SUP009,COMP006,7955,2025-03-25,3
PO000757,SUP004,COMP021,8202,2025-10-28,15
PO000758,SUP006,COMP028,4752,2025-01-07,3
PO000759,SUP002,COMP037,1545,2025-12-07,23
PO000760,SUP006,COMP019,14521,2025-03-08,15
PO000761,SUP001,COMP029,9559,2025-03-18,12
PO000762,SUP002,COMP008,7400,2025-05-24,9
PO000763,SUP005,COMP012,5463,2025-12-05,25
PO000764,SUP002,COMP008,4652,2025-08-31,13
PO000765,SUP005,COMP026,7651,2025-03-15,11
PO000766,SUP009,COMP010,2579,2025-04-28,4
PO000767,SUP007,COMP019,2569,2025-02-07,5
PO000768,SUP007,COMP033,4787,2025-07-24,4
PO000769,SUP004,COMP034,13716,2025-11-02,14
PO000770,SUP002,COMP022,10549,2025-03-18,10
PO000771,SUP005,COMP028,6904,2025-06-13,7
PO000772,SUP002,COMP032,5196,2025-08-06,11
PO000773,SUP006,COMP013,12972,2025-04-30,6
PO000774,SUP007,COMP018,10010,2025-06-11,3
PO000775,SUP007,COMP003,13265,2025-06-15,23
PO000776,SUP005,COMP007,2074,2025-12-20,9
PO000777,SUP008,COMP007,4166,2025-11-25,24
PO000778,SUP005,COMP028,12670,2025-05-04,23
PO000779,SUP002,COMP001,8632,2025-10-06,22
PO000780,SUP001,COMP031,9274,2025-08-08,21
PO000781,SUP006,COMP029,12750,2025-07-12,4
PO000782,SUP002,COMP036,13619,2025-09-27,10
PO000783,SUP001,COMP018,2244,2025-12-23,24
PO000784,SUP006,COMP018,10964,2025-05-26,18
PO000785,SUP005,COMP032,4439,2025-05-02,11
PO000786,SUP004,COMP024,11221,2025-12-01,22
PO000787,SUP008,COMP016,7578,2025-11-05,18
PO000788,SUP001,COMP007,11392,2025-08-07,19
PO000789,SUP006,COMP010,14198,2025-07-05,10
PO000790,SUP002,COMP031,13558,2025-06-13,4
PO000791,SUP005,COMP001,13527,2025-10-16,9
PO000792,SUP008,COMP002,1853,2025-03-01,19
PO000793,SUP006,COMP040,7018,2025-10-13,21
PO000794,SUP008,COMP018,11055,2025-01-10,22
PO000795,SUP006,COMP011,9751,2025-01-11,13
PO000796,SUP006,COMP003,10313,2025-06-29,18
PO000797,SUP010,COMP010,8727,2025-02-04,19
PO000798,SUP005,COMP029,12459,2025-03-20,15
PO000799,SUP007,COMP033,1313,2025-07-23,9
PO000800,SUP010,COMP039,10905,2025-03-30,12
PO000801,SUP002,COMP028,10911,2025-02-18,5
PO000802,SUP010,COMP023,14620,2025-05-18,4
PO000803,SUP007,COMP012,12618,2025-09-07,19
PO000804,SUP010,COMP002,8864,2025-09-30,23
PO000805,SUP001,COMP026,8729,2025-04-14,5
PO000806,SUP002,COMP010,11440,2025-03-02,17
PO000807,SUP010,COMP022,10374,2025-03-13,20
PO000808,SUP003,COMP011,3935,2025-05-04,5
PO000809,SUP003,COMP022,6892,2025-09-06,18
PO000810,SUP003,COMP023,537,2025-12-20,25
PO000811,SUP004,COMP034,14447,2025-06-26,16
PO000812,SUP002,COMP028,3364,2025-12-19,17
PO000813,SUP002,COMP017,2006,2025-04-08,11
PO000814,SUP003,COMP032,11193,2025-12-29,18
PO000815,SUP004,COMP010,3802,2025-06-11,23
PO000816,SUP008,COMP015,11961,2025-09-08,11
PO000817,SUP003,COMP007,11579,2025-06-08,7
PO000818,SUP001,COMP039,4639,2025-04-05,4
PO000819,SUP008,COMP039,4406,2025-09-04,11
PO000820,SUP002,COMP024,11141,2025-09-18,17
PO000821,SUP002,COMP040,12114,2025-11-12,12
PO000822,SUP003,COMP022,1325,2025-12-06,13
PO000823,SUP010,COMP009,11364,2025-06-18,10
PO000824,SUP001,COMP037,6466,2025-07-03,25
PO000825,SUP009,COMP032,8599,2025-11-08,25
PO000826,SUP010,COMP015,6977,2025-06-01,24
PO000827,SUP003,COMP032,3954,2025-08-24,21
PO000828,SUP006,COMP030,2940,2025-04-24,19
PO000829,SUP002,COMP028,11657,2025-02-06,7
PO000830,SUP010,COMP010,1893,2025-05-03,13
PO000831,SUP002,COMP007,11308,2025-11-22,5
PO000832,SUP004,COMP014,1331,2025-02-24,3
PO000833,SUP008,COMP022,3575,2025-07-10,24
PO000834,SUP001,COMP012,14728,2025-05-14,15
PO000835,SUP010,COMP018,9106,2025-05-28,25
PO000836,SUP002,COMP011,3959,2025-03-13,7
PO000837,SUP003,COMP015,14526,2025-03-29,4
PO000838,SUP009,COMP031,13367,2025-05-08,19
PO000839,SUP006,COMP031,1470,2025-10-22,12
PO000840,SUP004,COMP038,14114,2025-02-23,10
PO000841,SUP008,COMP001,9130,2025-06-30,20
PO000842,SUP008,COMP034,3860,2025-09-03,22
PO000843,SUP003,COMP008,4189,2025-02-27,16
PO000844,SUP009,COMP012,2802,2025-07-12,23
PO000845,SUP001,COMP034,606,2025-11-13,22
PO000846,SUP004,COMP029,1607,2025-07-10,6
PO000847,SUP010,COMP015,1720,2025-08-18,20
PO000848,SUP005,COMP018,12204,2025-11-03,20
PO000849,SUP009,COMP016,9352,2025-01-02,9
PO000850,SUP008,COMP018,11149,2025-08-13,10
PO000851,SUP009,COMP008,2068,2025-04-25,9
PO000852,SUP008,COMP004,11496,2025-05-09,21
PO000853,SUP005,COMP026,3269,2025-06-06,14
PO000854,SUP006,COMP020,1010,2025-08-14,18
PO000855,SUP001,COMP001,5757,2025-04-30,14
PO000856,SUP006,COMP033,8999,2025-03-08,9
PO000857,SUP005,COMP036,12354,2025-02-21,24
PO000858,SUP002,COMP033,949,2025-12-08,20
PO000859,SUP003,COMP037,11180,2025-04-29,19
PO000860,SUP006,COMP004,13705,2025-03-11,20
PO000861,SUP005,COMP032,8384,2025-10-30,20
PO000862,SUP003,COMP022,8945,2025-09-06,14
PO000863,SUP004,COMP030,1649,2025-07-10,16
PO000864,SUP005,COMP007,5761,2025-05-01,9
PO000865,SUP001,COMP029,13145,2025-01-09,15
PO000866,SUP007,COMP027,11658,2025-09-10,4
PO000867,SUP007,COMP014,13042,2025-04-30,5
PO000868,SUP002,COMP037,13423,2025-02-05,25
PO000869,SUP007,COMP006,2209,2025-10-30,13
PO000870,SUP006,COMP015,918,2025-11-01,10
PO000871,SUP008,COMP014,12401,2025-02-28,9
PO000872,SUP005,COMP004,4274,2025-09-07,18
PO000873,SUP010,COMP005,8143,2025-01-05,9
PO000874,SUP008,COMP037,10838,2025-11-30,9
PO000875,SUP001,COMP027,2097,2025-10-03,21
PO000876,SUP003,COMP004,738,2025-05-27,14
PO000877,SUP009,COMP009,1238,2025-09-02,7
PO000878,SUP002,COMP026,3490,2025-05-19,17
PO000879,SUP005,COMP009,5391,2025-08-09,20
PO000880,SUP005,COMP031,4494,2025-03-17,14
PO000881,SUP006,COMP004,13079,2025-08-06,13
PO000882,SUP003,COMP037,11322,2025-11-07,3
PO000883,SUP006,COMP015,6801,2025-08-14,22
PO000884,SUP002,COMP009,896,2025-08-19,8
PO000885,SUP001,COMP040,6162,2025-09-02,20
PO000886,SUP010,COMP002,14378,2025-04-30,13
PO000887,SUP006,COMP001,9300,2025-02-20,21
PO000888,SUP010,COMP027,9340,2025-05-15,11
PO000889,SUP006,COMP028,5851,2025-12-27,17
PO000890,SUP009,COMP006,14006,2025-08-17,11
PO000891,SUP005,COMP012,1050,2025-06-11,11
PO000892,SUP001,COMP024,1891,2025-07-09,25
PO000893,SUP006,COMP027,8435,2025-05-24,3
PO000894,SUP010,COMP012,1294,2025-03-01,15
PO000895,SUP008,COMP021,10353,2025-11-02,24
PO000896,SUP004,COMP003,893,2025-02-06,10
PO000897,SUP005,COMP006,5467,2025-01-18,14
PO000898,SUP009,COMP004,6850,2025-11-19,18
PO000899,SUP001,COMP037,1682,2025-05-11,11
PO000900,SUP007,COMP023,5568,2025-09-23,11
PO000901,SUP001,COMP004,722,2025-01-21,12
PO000902,SUP001,COMP002,5298,2025-07-31,11
PO000903,SUP006,COMP017,10711,2025-08-25,15
PO000904,SUP009,COMP014,5344,2025-10-02,17
PO000905,SUP006,COMP011,6419,2025-07-28,3
PO000906,SUP005,COMP036,10018,2025-11-06,7
PO000907,SUP005,COMP026,7463,2025-03-10,13
PO000908,SUP008,COMP028,1491,2025-02-12,9
PO000909,SUP009,COMP003,11914,2025-08-29,22
PO000910,SUP006,COMP006,1961,2025-09-17,6
PO000911,SUP003,COMP007,13486,2025-07-16,14
PO000912,SUP003,COMP024,1481,2025-10-13,24
PO000913,SUP002,COMP024,9775,2025-06-18,22
PO000914,SUP001,COMP020,4436,2025-02-25,13
PO000915,SUP001,COMP029,14721,2025-02-06,18
PO000916,SUP005,COMP005,10853,2025-08-10,24
PO000917,SUP005,COMP031,13671,2025-09-05,24
PO000918,SUP007,COMP013,13911,2025-02-21,23
PO000919,SUP001,COMP015,13228,2025-03-22,25
PO000920,SUP004,COMP008,10067,2025-08-23,15
PO000921,SUP008,COMP004,3156,2025-07-05,12
PO000922,SUP007,COMP007,7271,2025-09-19,11
PO000923,SUP005,COMP018,6721,2025-10-31,16
PO000924,SUP005,COMP024,12969,2025-11-26,19
PO000925,SUP010,COMP012,4617,2025-12-16,12
PO000926,SUP002,COMP035,4234,2025-04-05,19
PO000927,SUP002,COMP006,14527,2025-05-04,17
PO000928,SUP003,COMP018,12720,2025-12-16,24
PO000929,SUP005,COMP032,12171,2025-11-01,25
PO000930,SUP003,COMP038,7996,2025-06-16,21
PO000931,SUP002,COMP018,14171,2025-06-03,19
PO000932,SUP010,COMP020,827,2025-01-03,21
PO000933,SUP005,COMP025,6066,2025-10-06,11
PO000934,SUP007,COMP016,14950,2025-10-24,7
PO000935,SUP005,COMP036,12647,2025-09-15,18
PO000936,SUP009,COMP002,11051,2025-09-02,10
PO000937,SUP008,COMP026,11413,2025-11-23,24
PO000938,SUP008,COMP027,13653,2025-05-11,21
PO000939,SUP008,COMP014,7918,2025-09-29,4
PO000940,SUP006,COMP016,4992,2025-03-17,14
PO000941,SUP002,COMP037,2132,2025-10-03,17
PO000942,SUP002,COMP028,2577,2025-10-03,21
PO000943,SUP008,COMP020,7734,2025-08-11,17
PO000944,SUP007,COMP028,11873,2025-07-24,4
PO000945,SUP010,COMP006,10139,2025-03-03,22
PO000946,SUP004,COMP024,3181,2025-07-14,11
PO000947,SUP003,COMP022,9951,2025-12-03,23
PO000948,SUP010,COMP014,2355,2025-08-18,16
PO000949,SUP010,COMP032,14352,2025-01-08,19
PO000950,SUP006,COMP027,12821,2025-08-18,13
PO000951,SUP010,COMP008,928,2025-11-18,14
PO000952,SUP007,COMP014,13549,2025-10-30,23
PO000953,SUP007,COMP032,1260,2025-12-05,12
PO000954,SUP005,COMP029,8322,2025-09-04,6
PO000955,SUP005,COMP003,6323,2025-08-19,17
PO000956,SUP001,COMP009,6483,2025-01-10,25
PO000957,SUP002,COMP024,6537,2025-05-25,11
PO000958,SUP010,COMP019,1086,2025-11-24,22
PO000959,SUP010,COMP035,5754,2025-08-23,13
PO000960,SUP003,COMP024,6880,2025-11-19,9
PO000961,SUP008,COMP017,4876,2025-10-09,11
PO000962,SUP006,COMP022,12502,2025-06-22,25
PO000963,SUP008,COMP025,14155,2025-12-11,16
PO000964,SUP004,COMP016,14067,2025-06-23,25
PO000965,SUP005,COMP012,552,2025-12-29,13
PO000966,SUP001,COMP037,6094,2025-04-21,3
PO000967,SUP008,COMP011,8207,2025-08-29,7
PO000968,SUP009,COMP010,8279,2025-07-19,21
PO000969,SUP006,COMP033,14929,2025-10-12,18
PO000970,SUP001,COMP036,10020,2025-05-20,8
PO000971,SUP007,COMP026,874,2025-05-01,16
PO000972,SUP007,COMP040,9352,2025-01-16,23
PO000973,SUP003,COMP030,7629,2025-12-15,12
PO000974,SUP005,COMP035,3325,2025-11-25,22
PO000975,SUP005,COMP013,11837,2025-07-04,4
PO000976,SUP001,COMP031,10382,2025-07-23,6
PO000977,SUP007,COMP023,4168,2025-09-02,18
PO000978,SUP008,COMP034,4695,2025-03-13,11
PO000979,SUP008,COMP007,7382,2025-05-28,21
PO000980,SUP002,COMP038,2330,2025-07-19,9
PO000981,SUP007,COMP038,5966,2025-01-12,24
PO000982,SUP008,COMP012,6121,2025-11-07,8
PO000983,SUP006,COMP003,2123,2025-07-18,22
PO000984,SUP002,COMP023,7497,2025-11-10,18
PO000985,SUP009,COMP004,8370,2025-11-16,19
PO000986,SUP003,COMP014,1376,2025-09-02,24
PO000987,SUP001,COMP002,9083,2025-02-02,9
PO000988,SUP004,COMP020,14013,2025-10-24,3
PO000989,SUP003,COMP014,13128,2025-09-03,12
PO000990,SUP004,COMP012,14118,2025-08-10,21
PO000991,SUP003,COMP018,10715,2025-05-25,6
PO000992,SUP009,COMP001,1979,2025-12-23,15
PO000993,SUP010,COMP023,10507,2025-11-10,6
PO000994,SUP002,COMP012,9877,2025-06-03,16
PO000995,SUP005,COMP003,4551,2025-02-04,6
PO000996,SUP009,COMP010,9565,2025-08-25,22
PO000997,SUP002,COMP017,7621,2025-07-02,21
PO000998,SUP006,COMP007,1845,2025-12-01,7
PO000999,SUP001,COMP013,14039,2025-04-29,21
PO001000,SUP001,COMP024,10375,2025-07-17,16
PO001001,SUP007,COMP038,4658,2025-03-20,9
PO001002,SUP010,COMP019,14051,2025-04-07,20
PO001003,SUP004,COMP031,6353,2025-12-13,12
PO001004,SUP003,COMP034,8706,2025-06-03,15
PO001005,SUP004,COMP031,12288,2025-09-03,10
PO001006,SUP005,COMP036,10820,2025-06-16,4
PO001007,SUP004,COMP001,13874,2025-04-02,17
PO001008,SUP008,COMP009,11703,2025-02-10,17
PO001009,SUP010,COMP014,13836,2025-02-08,15
PO001010,SUP003,COMP023,1263,2025-06-18,14
PO001011,SUP004,COMP011,7455,2025-08-16,22
PO001012,SUP010,COMP010,5053,2025-12-02,23
PO001013,SUP005,COMP033,4531,2025-12-20,17
PO001014,SUP003,COMP026,9648,2025-08-25,25
PO001015,SUP008,COMP038,15000,2025-05-04,19
PO001016,SUP009,COMP037,14133,2025-05-18,22
PO001017,SUP002,COMP011,14508,2025-09-27,16
PO001018,SUP008,COMP011,8797,2025-09-07,18
PO001019,SUP005,COMP032,13418,2025-10-03,15
PO001020,SUP010,COMP006,1352,2025-05-31,3
PO001021,SUP008,COMP025,12050,2025-03-26,22
PO001022,SUP007,COMP040,13515,2025-07-15,13
PO001023,SUP003,COMP019,2143,2025-06-12,18
PO001024,SUP004,COMP005,11407,2025-09-21,4
PO001025,SUP003,COMP002,5180,2025-01-11,11
PO001026,SUP002,COMP001,8039,2025-02-22,21
PO001027,SUP002,COMP009,10250,2025-05-24,10
PO001028,SUP004,COMP030,1421,2025-04-03,16
PO001029,SUP006,COMP029,9168,2025-02-21,12
PO001030,SUP010,COMP026,4137,2025-07-03,13
PO001031,SUP001,COMP006,10042,2025-04-18,14
PO001032,SUP004,COMP005,11341,2025-02-10,3
PO001033,SUP002,COMP021,8874,2025-06-04,14
PO001034,SUP007,COMP029,14317,2025-04-26,5
PO001035,SUP004,COMP031,1442,2025-12-22,4
PO001036,SUP002,COMP030,5009,2025-10-18,9
PO001037,SUP002,COMP029,6389,2025-08-01,3
PO001038,SUP008,COMP015,611,2025-04-05,6
PO001039,SUP008,COMP014,7924,2025-04-20,10
PO001040,SUP010,COMP031,13792,2025-11-21,24
PO001041,SUP001,COMP006,14286,2025-01-03,6
PO001042,SUP005,COMP037,3314,2025-07-31,8
PO001043,SUP002,COMP036,10602,2025-03-22,8
PO001044,SUP005,COMP001,501,2025-08-01,5
PO001045,SUP004,COMP034,6746,2025-06-21,11
PO001046,SUP010,COMP028,7100,2025-01-28,8
PO001047,SUP006,COMP006,4937,2025-05-08,13
PO001048,SUP009,COMP003,14173,2025-05-22,18
PO001049,SUP002,COMP005,14099,2025-10-13,25
PO001050,SUP001,COMP003,5461,2025-06-23,4
PO001051,SUP002,COMP021,12728,2025-05-05,5
PO001052,SUP002,COMP037,5873,2025-11-09,23
PO001053,SUP007,COMP004,14107,2025-03-19,18
PO001054,SUP007,COMP039,13287,2025-04-08,25
PO001055,SUP005,COMP032,8441,2025-11-07,16
PO001056,SUP007,COMP004,14382,2025-06-17,11
PO001057,SUP009,COMP022,6660,2025-03-18,13
PO001058,SUP008,COMP023,634,2025-05-20,8
PO001059,SUP003,COMP020,7065,2025-05-14,4
PO001060,SUP007,COMP038,14864,2025-05-15,24
PO001061,SUP009,COMP027,12900,2025-02-26,18
PO001062,SUP006,COMP017,14914,2025-02-24,19
PO001063,SUP003,COMP032,13233,2025-09-13,6
PO001064,SUP002,COMP020,9703,2025-10-13,6
PO001065,SUP007,COMP004,6547,2025-10-12,3
PO001066,SUP002,COMP037,8679,2025-12-10,13
PO001067,SUP006,COMP032,1188,2025-10-13,8
PO001068,SUP007,COMP032,12591,2025-10-08,15
PO001069,SUP006,COMP003,4803,2025-05-19,12
PO001070,SUP002,COMP020,5071,2025-03-12,22
PO001071,SUP005,COMP010,12767,2025-07-27,18
PO001072,SUP001,COMP034,9327,2025-02-01,25
PO001073,SUP006,COMP003,1561,2025-06-18,6
PO001074,SUP004,COMP029,11462,2025-09-20,24
PO001075,SUP007,COMP012,7229,2025-09-19,11
PO001076,SUP010,COMP029,1204,2025-05-31,7
PO001077,SUP005,COMP005,7233,2025-10-16,24
PO001078,SUP009,COMP008,5330,2025-03-18,3
PO001079,SUP008,COMP025,11304,2025-10-03,5
PO001080,SUP008,COMP001,1222,2025-08-08,20
PO001081,SUP002,COMP017,4103,2025-08-07,14
PO001082,SUP010,COMP031,3025,2025-12-10,10
PO001083,SUP010,COMP030,6913,2025-07-30,6
PO001084,SUP001,COMP021,4621,2025-03-04,17
PO001085,SUP002,COMP021,1118,2025-01-15,18
PO001086,SUP007,COMP001,1816,2025-12-19,17
PO001087,SUP006,COMP008,12138,2025-10-02,3
PO001088,SUP001,COMP029,8253,2025-10-11,11
PO001089,SUP003,COMP033,5152,2025-07-08,14
PO001090,SUP008,COMP028,2181,2025-09-29,23
PO001091,SUP007,COMP031,8400,2025-01-24,16
PO001092,SUP007,COMP032,2650,2025-12-19,5
PO001093,SUP010,COMP011,13580,2025-04-01,20
PO001094,SUP004,COMP020,10104,2025-03-02,11
PO001095,SUP004,COMP001,10905,2025-10-31,7
PO001096,SUP002,COMP024,3095,2025-08-20,8
PO001097,SUP006,COMP040,8450,2025-10-01,10
PO001098,SUP004,COMP028,14078,2025-08-26,11
PO001099,SUP001,COMP034,11606,2025-10-23,6
PO001100,SUP003,COMP003,6157,2025-10-31,21
PO001101,SUP005,COMP019,11773,2025-08-27,23
PO001102,SUP007,COMP038,12534,2025-10-01,20
PO001103,SUP001,COMP006,3389,2025-12-10,8
PO001104,SUP006,COMP026,13567,2025-03-08,4
PO001105,SUP009,COMP014,7298,2025-02-19,3
PO001106,SUP009,COMP035,1127,2025-03-18,14
PO001107,SUP008,COMP003,13478,2025-02-05,15
PO001108,SUP003,COMP004,12545,2025-12-01,15
PO001109,SUP004,COMP030,1520,2025-04-26,14
PO001110,SUP006,COMP040,6262,2025-11-15,6
PO001111,SUP006,COMP008,6913,2025-08-13,15
PO001112,SUP002,COMP028,12055,2025-07-31,7
PO001113,SUP010,COMP026,14851,2025-06-27,20
PO001114,SUP007,COMP013,6820,2025-01-28,7
PO001115,SUP006,COMP016,14618,2025-07-12,19
PO001116,SUP008,COMP013,2864,2025-02-01,22
PO001117,SUP003,COMP012,5844,2025-05-22,14
PO001118,SUP001,COMP036,821,2025-07-18,22
PO001119,SUP005,COMP002,10535,2025-08-13,20
PO001120,SUP008,COMP014,13973,2025-11-29,20
PO001121,SUP008,COMP007,13889,2025-10-02,9
PO001122,SUP005,COMP008,12864,2025-01-29,4
PO001123,SUP001,COMP028,6881,2025-06-15,20
PO001124,SUP005,COMP033,5205,2025-05-04,25
PO001125,SUP010,COMP015,947,2025-01-03,11
PO001126,SUP007,COMP004,4188,2025-12-26,13
PO001127,SUP007,COMP001,12114,2025-10-01,22
PO001128,SUP008,COMP003,6788,2025-05-22,21
PO001129,SUP004,COMP031,6610,2025-11-16,3
PO001130,SUP005,COMP019,8159,2025-11-09,4
PO001131,SUP006,COMP036,13958,2025-05-05,4
PO001132,SUP005,COMP031,741,2025-03-06,18
PO001133,SUP009,COMP037,886,2025-03-23,17
PO001134,SUP007,COMP017,6534,2025-02-28,9
PO001135,SUP001,COMP004,5753,2025-11-19,4
PO001136,SUP002,COMP040,9436,2025-06-17,18
PO001137,SUP006,COMP020,8400,2025-04-18,20
PO001138,SUP009,COMP001,9379,2025-05-25,8
PO001139,SUP008,COMP020,899,2025-07-15,8
PO001140,SUP009,COMP011,8714,2025-06-16,3
PO001141,SUP008,COMP011,6143,2025-06-11,10
PO001142,SUP003,COMP001,6569,2025-12-22,7
PO001143,SUP009,COMP024,1695,2025-06-13,14
PO001144,SUP001,COMP008,3588,2025-06-18,8
PO001145,SUP005,COMP030,1820,2025-02-17,17
PO001146,SUP009,COMP033,8265,2025-12-11,14
PO001147,SUP001,COMP024,2500,2025-04-17,22
PO001148,SUP002,COMP034,10905,2025-05-17,5
PO001149,SUP009,COMP002,6379,2025-02-17,12
PO001150,SUP002,COMP009,861,2025-01-02,18
PO001151,SUP005,COMP003,5003,2025-07-11,5
PO001152,SUP006,COMP028,10010,2025-11-06,9
PO001153,SUP004,COMP010,8246,2025-07-28,25
PO001154,SUP010,COMP010,13354,2025-07-15,20
PO001155,SUP010,COMP038,4845,2025-08-18,10
PO001156,SUP009,COMP030,14219,2025-11-10,9
PO001157,SUP001,COMP037,2971,2025-12-12,14
PO001158,SUP003,COMP014,10375,2025-01-25,15
PO001159,SUP001,COMP024,7262,2025-04-12,16
PO001160,SUP001,COMP029,1826,2025-03-18,12
PO001161,SUP002,COMP014,8318,2025-04-16,22
PO001162,SUP005,COMP040,1918,2025-03-12,23
PO001163,SUP006,COMP035,13838,2025-02-05,21
PO001164,SUP004,COMP028,6879,2025-10-24,12
PO001165,SUP004,COMP028,5373,2025-04-17,16
PO001166,SUP006,COMP013,1876,2025-12-03,12
PO001167,SUP006,COMP039,13479,2025-05-24,14
PO001168,SUP007,COMP036,12962,2025-03-02,14
PO001169,SUP001,COMP035,10062,2025-06-13,6
PO001170,SUP005,COMP025,11989,2025-04-30,23
PO001171,SUP002,COMP035,7835,2025-11-13,20
PO001172,SUP010,COMP031,14875,2025-07-30,10
PO001173,SUP004,COMP003,2609,2025-04-12,3
PO001174,SUP005,COMP010,13778,2025-04-18,10
PO001175,SUP004,COMP034,9104,2025-11-20,10
PO001176,SUP002,COMP037,6833,2025-01-03,7
PO001177,SUP006,COMP002,10503,2025-12-04,7
PO001178,SUP008,COMP002,4735,2025-01-03,3
PO001179,SUP005,COMP016,13194,2025-10-07,16
PO001180,SUP007,COMP028,8939,2025-06-05,17
PO001181,SUP001,COMP032,11187,2025-03-20,15
PO001182,SUP001,COMP011,8103,2025-06-11,18
PO001183,SUP009,COMP039,7356,2025-08-07,9
PO001184,SUP007,COMP033,974,2025-07-02,9
PO001185,SUP008,COMP013,9182,2025-01-30,20
PO001186,SUP009,COMP010,3797,2025-04-08,4
PO001187,SUP010,COMP030,984,2025-02-17,22
PO001188,SUP010,COMP035,3280,2025-05-31,17
PO001189,SUP008,COMP004,10836,2025-12-18,17
PO001190,SUP006,COMP007,9079,2025-12-21,15
PO001191,SUP003,COMP007,552,2025-10-16,19
PO001192,SUP007,COMP013,7115,2025-08-24,19
PO001193,SUP003,COMP033,11131,2025-11-29,5
PO001194,SUP007,COMP035,9904,2025-07-18,3
PO001195,SUP001,COMP025,13198,2025-07-24,19
PO001196,SUP009,COMP005,14839,2025-03-23,18
PO001197,SUP010,COMP004,5604,2025-03-25,14
PO001198,SUP003,COMP035,11509,2025-05-17,15
PO001199,SUP006,COMP033,880,2025-08-05,20
PO001200,SUP002,COMP029,10277,2025-03-10,8
PO001201,SUP005,COMP007,11408,2025-11-09,22
PO001202,SUP008,COMP039,7755,2025-01-05,9
PO001203,SUP002,COMP003,9635,2025-02-01,19
PO001204,SUP004,COMP017,9654,2025-01-03,22
PO001205,SUP009,COMP023,15000,2025-05-13,11
PO001206,SUP009,COMP030,9527,2025-10-21,4
PO001207,SUP005,COMP035,4541,2025-04-09,11
PO001208,SUP007,COMP021,9334,2025-07-13,25
PO001209,SUP008,COMP009,6838,2025-01-31,8
PO001210,SUP002,COMP014,1650,2025-12-10,19
PO001211,SUP001,COMP028,12021,2025-08-05,16
PO001212,SUP005,COMP004,5745,2025-11-24,22
PO001213,SUP010,COMP031,10910,2025-12-17,12
PO001214,SUP004,COMP002,9203,2025-09-13,20
PO001215,SUP001,COMP014,7793,2025-09-26,8
PO001216,SUP006,COMP016,7689,2025-02-24,7
PO001217,SUP007,COMP034,9142,2025-09-12,3
PO001218,SUP005,COMP006,5966,2025-06-13,18
PO001219,SUP009,COMP007,4349,2025-11-20,17
PO001220,SUP004,COMP005,5148,2025-03-27,6
PO001221,SUP008,COMP022,6852,2025-03-12,11
PO001222,SUP008,COMP039,10367,2025-05-22,11
PO001223,SUP004,COMP013,14181,2025-02-26,18
PO001224,SUP009,COMP011,7865,2025-04-26,4
PO001225,SUP006,COMP040,8324,2025-07-29,16
PO001226,SUP003,COMP003,9148,2025-06-08,3
PO001227,SUP008,COMP034,4993,2025-07-25,11
PO001228,SUP001,COMP008,5940,2025-08-15,17
PO001229,SUP005,COMP027,6827,2025-03-13,6
PO001230,SUP010,COMP040,11935,2025-09-06,19
PO001231,SUP006,COMP028,6118,2025-11-20,7
PO001232,SUP006,COMP022,11378,2025-06-03,7
PO001233,SUP005,COMP022,9711,2025-08-05,15
PO001234,SUP008,COMP012,10496,2025-04-02,21
PO001235,SUP010,COMP004,8089,2025-03-24,7
PO001236,SUP007,COMP031,10590,2025-05-19,4
PO001237,SUP007,COMP002,2120,2025-06-10,11
PO001238,SUP002,COMP015,8966,2025-03-25,17
PO001239,SUP004,COMP036,7170,2025-12-10,20
PO001240,SUP009,COMP014,4376,2025-11-12,7
PO001241,SUP004,COMP035,11418,2025-11-07,19
PO001242,SUP007,COMP009,3041,2025-07-03,23
PO001243,SUP005,COMP028,11136,2025-09-14,16
PO001244,SUP003,COMP037,7254,2025-08-09,5
PO001245,SUP001,COMP015,6404,2025-07-25,14
PO001246,SUP008,COMP018,11009,2025-10-11,4
PO001247,SUP009,COMP020,3789,2025-09-09,23
PO001248,SUP002,COMP020,14138,2025-10-24,8
PO001249,SUP007,COMP010,8381,2025-04-29,23
PO001250,SUP006,COMP001,11109,2025-07-24,4
PO001251,SUP001,COMP005,2935,2025-08-08,16
PO001252,SUP005,COMP025,10931,2025-01-19,21
PO001253,SUP007,COMP005,5165,2025-11-06,4
PO001254,SUP010,COMP006,604,2025-01-25,22
PO001255,SUP002,COMP028,6926,2025-07-02,24
PO001256,SUP010,COMP021,5561,2025-06-23,12
PO001257,SUP004,COMP003,1395,2025-02-19,18
PO001258,SUP009,COMP018,14495,2025-07-24,7
PO001259,SUP008,COMP020,14626,2025-11-30,25
PO001260,SUP003,COMP001,11095,2025-06-11,8
PO001261,SUP003,COMP022,11398,2025-12-12,20
PO001262,SUP010,COMP033,7999,2025-12-18,9
PO001263,SUP001,COMP032,13176,2025-04-12,8
PO001264,SUP002,COMP027,7001,2025-07-11,15
PO001265,SUP010,COMP007,1251,2025-08-18,4
PO001266,SUP009,COMP026,12804,2025-02-03,6
PO001267,SUP008,COMP006,3996,2025-12-09,11
PO001268,SUP001,COMP010,6358,2025-01-18,3
PO001269,SUP007,COMP018,3385,2025-03-17,17
PO001270,SUP007,COMP017,4517,2025-06-08,21
PO001271,SUP005,COMP027,6044,2025-03-13,16
PO001272,SUP006,COMP004,14383,2025-06-13,9
PO001273,SUP005,COMP032,8533,2025-12-11,11
PO001274,SUP002,COMP006,7237,2025-01-08,8
PO001275,SUP009,COMP024,11987,2025-10-21,14
PO001276,SUP004,COMP036,9306,2025-09-13,13
PO001277,SUP006,COMP039,10974,2025-10-15,18
PO001278,SUP006,COMP037,12604,2025-04-06,4
PO001279,SUP005,COMP005,11528,2025-06-26,13
PO001280,SUP003,COMP034,12587,2025-03-26,10
PO001281,SUP001,COMP007,7043,2025-05-21,10
PO001282,SUP001,COMP016,10775,2025-03-10,22
PO001283,SUP008,COMP030,12049,2025-05-23,12
PO001284,SUP005,COMP015,4233,2025-03-16,21
PO001285,SUP005,COMP023,11626,2025-08-22,19
PO001286,SUP007,COMP032,11857,2025-11-26,12
PO001287,SUP001,COMP019,14537,2025-08-30,17
PO001288,SUP003,COMP017,10924,2025-11-22,15
PO001289,SUP005,COMP040,8377,2025-03-18,19
PO001290,SUP004,COMP019,2183,2025-10-16,3
PO001291,SUP007,COMP029,10786,2025-12-04,5
PO001292,SUP001,COMP003,10272,2025-10-21,17
PO001293,SUP009,COMP019,5277,2025-03-30,22
PO001294,SUP009,COMP011,9985,2025-10-19,10
PO001295,SUP002,COMP025,10921,2025-05-13,7
PO001296,SUP002,COMP009,8737,2025-03-06,16
PO001297,SUP006,COMP033,6212,2025-11-06,18
PO001298,SUP001,COMP012,5156,2025-09-22,21
PO001299,SUP002,COMP001,6109,2025-11-26,14
PO001300,SUP008,COMP037,9887,2025-10-18,5
PO001301,SUP006,COMP034,12679,2025-05-14,10
PO001302,SUP005,COMP023,6707,2025-06-29,6
PO001303,SUP003,COMP015,5199,2025-04-15,11
PO001304,SUP005,COMP004,12242,2025-08-28,25
PO001305,SUP001,COMP033,13151,2025-01-11,16
PO001306,SUP004,COMP005,12521,2025-05-03,21
PO001307,SUP006,COMP040,11124,2025-05-30,10
PO001308,SUP006,COMP029,9345,2025-12-02,11
PO001309,SUP006,COMP040,836,2025-08-30,9
PO001310,SUP002,COMP010,9069,2025-03-25,5
PO001311,SUP002,COMP005,3489,2025-07-21,12
PO001312,SUP003,COMP007,11313,2025-09-19,5
PO001313,SUP006,COMP017,4802,2025-09-11,20
PO001314,SUP009,COMP038,4062,2025-08-26,23
PO001315,SUP008,COMP004,8488,2025-01-30,14
PO001316,SUP001,COMP029,911,2025-11-15,14
PO001317,SUP001,COMP026,2632,2025-07-17,24
PO001318,SUP004,COMP012,7770,2025-07-27,8
PO001319,SUP005,COMP013,2629,2025-08-07,13
PO001320,SUP008,COMP010,554,2025-09-11,22
PO001321,SUP009,COMP004,4683,2025-09-09,4
PO001322,SUP008,COMP033,10682,2025-11-25,10
PO001323,SUP008,COMP039,8972,2025-09-13,18
PO001324,SUP006,COMP011,11974,2025-11-30,9
PO001325,SUP010,COMP038,10686,2025-08-11,9
PO001326,SUP007,COMP037,13697,2025-02-25,19
PO001327,SUP005,COMP024,5040,2025-05-18,6
PO001328,SUP010,COMP035,11536,2025-04-25,19
PO001329,SUP006,COMP029,12267,2025-10-19,7
PO001330,SUP009,COMP011,7049,2025-03-17,22
PO001331,SUP001,COMP007,7371,2025-06-30,6
PO001332,SUP006,COMP039,12353,2025-10-23,13
PO001333,SUP003,COMP031,5154,2025-08-17,20
PO001334,SUP008,COMP007,6416,2025-11-26,13
PO001335,SUP004,COMP013,3855,2025-02-06,23
PO001336,SUP008,COMP037,13182,2025-04-27,5
PO001337,SUP004,COMP020,13890,2025-09-11,13
PO001338,SUP007,COMP005,10596,2025-08-05,6
PO001339,SUP008,COMP025,6410,2025-11-19,4
PO001340,SUP003,COMP008,13650,2025-01-11,3
PO001341,SUP001,COMP011,8670,2025-09-28,16
PO001342,SUP005,COMP040,13133,2025-10-16,14
PO001343,SUP009,COMP030,1424,2025-01-03,14
PO001344,SUP002,COMP009,5834,2025-04-27,19
PO001345,SUP001,COMP027,3666,2025-02-18,22
PO001346,SUP001,COMP022,4035,2025-09-11,15
PO001347,SUP010,COMP014,3295,2025-10-12,17
PO001348,SUP010,COMP011,12114,2025-09-12,12
PO001349,SUP007,COMP012,3432,2025-07-22,19
PO001350,SUP010,COMP031,5697,2025-04-10,5
PO001351,SUP002,COMP023,3179,2025-12-09,11
PO001352,SUP004,COMP035,8560,2025-03-10,24
PO001353,SUP001,COMP029,5827,2025-08-17,22
PO001354,SUP004,COMP007,5586,2025-11-30,12
PO001355,SUP005,COMP039,4885,2025-02-28,21
PO001356,SUP010,COMP025,11309,2025-05-19,13
PO001357,SUP010,COMP025,3380,2025-11-21,11
PO001358,SUP004,COMP036,5053,2025-01-04,21
PO001359,SUP003,COMP032,7819,2025-12-07,5
PO001360,SUP006,COMP029,14487,2025-04-28,24
PO001361,SUP007,COMP034,5929,2025-01-03,23
PO001362,SUP008,COMP004,5750,2025-12-12,6
PO001363,SUP009,COMP010,6227,2025-02-15,23
PO001364,SUP002,COMP002,3637,2025-02-15,23
PO001365,SUP009,COMP028,7920,2025-03-08,3
PO001366,SUP008,COMP023,9987,2025-02-23,11
PO001367,SUP005,COMP024,7287,2025-08-08,5
PO001368,SUP010,COMP027,13705,2025-07-26,17
PO001369,SUP007,COMP001,2011,2025-06-20,4
PO001370,SUP005,COMP016,4958,2025-01-01,5
PO001371,SUP001,COMP012,6925,2025-12-01,14
PO001372,SUP006,COMP030,6701,2025-12-22,12
PO001373,SUP008,COMP024,7369,2025-11-25,15
PO001374,SUP006,COMP030,14957,2025-04-09,7
PO001375,SUP010,COMP031,8359,2025-06-04,5
PO001376,SUP001,COMP022,544,2025-08-10,19
PO001377,SUP006,COMP040,844,2025-03-19,10
PO001378,SUP004,COMP004,10526,2025-06-02,16
PO001379,SUP003,COMP008,5589,2025-12-26,18
PO001380,SUP001,COMP027,14227,2025-02-20,15
PO001381,SUP006,COMP015,14422,2025-08-25,10
PO001382,SUP001,COMP021,3839,2025-06-01,8
PO001383,SUP009,COMP039,501,2025-09-09,25
PO001384,SUP009,COMP005,10902,2025-08-02,7
PO001385,SUP010,COMP013,1522,2025-10-22,23
PO001386,SUP007,COMP008,6260,2025-01-29,18
PO001387,SUP002,COMP004,7575,2025-07-23,6
PO001388,SUP007,COMP039,1394,2025-04-23,16
PO001389,SUP008,COMP004,5933,2025-10-23,4
PO001390,SUP005,COMP008,2459,2025-08-24,24
PO001391,SUP010,COMP031,7759,2025-11-08,16
PO001392,SUP004,COMP007,10239,2025-10-22,12
PO001393,SUP007,COMP029,1028,2025-10-18,22
PO001394,SUP007,COMP004,9503,2025-08-25,11
PO001395,SUP010,COMP027,14056,2025-02-05,7
PO001396,SUP003,COMP039,14636,2025-09-19,10
PO001397,SUP001,COMP033,11469,2025-09-08,20
PO001398,SUP009,COMP020,12167,2025-08-29,17
PO001399,SUP010,COMP035,8830,2025-09-16,7
PO001400,SUP005,COMP014,7959,2025-06-28,22
PO001401,SUP007,COMP034,12637,2025-07-20,20
PO001402,SUP007,COMP012,7823,2025-05-10,19
PO001403,SUP003,COMP015,700,2025-01-19,21
PO001404,SUP008,COMP005,5815,2025-05-12,18
PO001405,SUP006,COMP038,6315,2025-01-09,6
PO001406,SUP004,COMP014,6802,2025-08-20,7
PO001407,SUP002,COMP005,14185,2025-06-17,15
PO001408,SUP008,COMP034,1583,2025-05-22,3
PO001409,SUP009,COMP011,9260,2025-04-04,12
PO001410,SUP007,COMP020,10479,2025-11-25,6
PO001411,SUP004,COMP029,1806,2025-08-04,13
PO001412,SUP001,COMP037,5063,2025-12-10,23
PO001413,SUP003,COMP014,11324,2025-02-24,14
PO001414,SUP010,COMP027,10964,2025-05-01,18
PO001415,SUP009,COMP006,13546,2025-04-25,6
PO001416,SUP010,COMP005,6473,2025-02-24,19
PO001417,SUP002,COMP016,6745,2025-10-25,3
PO001418,SUP001,COMP018,7710,2025-11-01,4
PO001419,SUP005,COMP028,12520,2025-06-06,12
PO001420,SUP010,COMP017,1482,2025-06-27,24
PO001421,SUP009,COMP005,5883,2025-02-20,22
PO001422,SUP004,COMP040,4677,2025-03-21,18
PO001423,SUP009,COMP037,2025,2025-12-27,23
PO001424,SUP002,COMP040,11734,2025-03-24,16
PO001425,SUP009,COMP039,1390,2025-01-11,22
PO001426,SUP009,COMP028,11610,2025-01-26,23
PO001427,SUP007,COMP034,1689,2025-05-30,12
PO001428,SUP002,COMP028,10964,2025-08-07,15
PO001429,SUP002,COMP007,8313,2025-08-27,24
PO001430,SUP003,COMP039,5059,2025-03-25,3
PO001431,SUP007,COMP031,1321,2025-10-13,3
PO001432,SUP006,COMP034,12690,2025-06-26,20
PO001433,SUP003,COMP018,11613,2025-01-06,11
PO001434,SUP010,COMP031,8438,2025-12-31,24
PO001435,SUP010,COMP021,11996,2025-09-05,8
PO001436,SUP005,COMP001,1048,2025-04-29,4
PO001437,SUP004,COMP006,6488,2025-02-03,19
PO001438,SUP007,COMP006,7828,2025-06-27,21
PO001439,SUP009,COMP039,7630,2025-04-02,7
PO001440,SUP005,COMP040,5476,2025-11-21,17
PO001441,SUP007,COMP017,11072,2025-02-21,22
PO001442,SUP005,COMP038,14308,2025-06-27,19
PO001443,SUP004,COMP012,6445,2025-02-08,22
PO001444,SUP010,COMP003,1855,2025-01-06,7
PO001445,SUP007,COMP015,3977,2025-05-15,22
PO001446,SUP003,COMP010,7759,2025-09-06,25
PO001447,SUP008,COMP004,9208,2025-06-17,21
PO001448,SUP005,COMP011,7424,2025-09-17,8
PO001449,SUP004,COMP040,11292,2025-07-04,14
PO001450,SUP005,COMP013,11872,2025-05-23,11
PO001451,SUP009,COMP012,1997,2025-05-04,19
PO001452,SUP001,COMP008,2477,2025-06-10,23
PO001453,SUP006,COMP031,7142,2025-11-05,11
PO001454,SUP002,COMP024,14755,2025-02-22,9
PO001455,SUP010,COMP035,12997,2025-07-05,14
PO001456,SUP004,COMP011,3855,2025-08-29,14
PO001457,SUP001,COMP033,12920,2025-04-21,22
PO001458,SUP008,COMP016,2423,2025-08-25,13
PO001459,SUP003,COMP021,2951,2025-12-15,25
PO001460,SUP004,COMP010,5067,2025-05-01,11
PO001461,SUP003,COMP007,12603,2025-04-15,21
PO001462,SUP006,COMP031,13469,2025-10-22,16
PO001463,SUP006,COMP028,3216,2025-10-10,3
PO001464,SUP008,COMP013,4148,2025-07-11,3
PO001465,SUP001,COMP027,12123,2025-05-13,25
PO001466,SUP006,COMP021,12303,2025-09-25,4
PO001467,SUP005,COMP034,3296,2025-11-10,12
PO001468,SUP001,COMP031,14556,2025-12-14,20
PO001469,SUP003,COMP034,6710,2025-04-06,14
PO001470,SUP006,COMP034,7720,2025-04-03,21
PO001471,SUP004,COMP029,881,2025-08-08,8
PO001472,SUP006,COMP033,8086,2025-04-22,15
PO001473,SUP001,COMP034,1491,2025-07-08,14
PO001474,SUP009,COMP009,14040,2025-12-13,7
PO001475,SUP007,COMP010,12881,2025-04-14,25
PO001476,SUP002,COMP027,8039,2025-07-11,3
PO001477,SUP002,COMP006,6563,2025-04-12,7
PO001478,SUP008,COMP002,13204,2025-04-21,12
PO001479,SUP002,COMP019,7771,2025-09-02,13
PO001480,SUP007,COMP035,8844,2025-12-23,24
PO001481,SUP007,COMP014,12560,2025-09-07,5
PO001482,SUP004,COMP029,10168,2025-10-28,20
PO001483,SUP008,COMP001,9101,2025-01-16,25
PO001484,SUP006,COMP016,8788,2025-04-05,20
PO001485,SUP010,COMP036,12601,2025-02-08,8
PO001486,SUP003,COMP015,11296,2025-11-10,15
PO001487,SUP006,COMP029,11771,2025-07-06,9
PO001488,SUP008,COMP025,4920,2025-05-28,13
PO001489,SUP002,COMP011,10760,2025-06-17,15
PO001490,SUP003,COMP011,3009,2025-01-07,20
PO001491,SUP004,COMP018,13142,2025-07-28,11
PO001492,SUP005,COMP009,10135,2025-10-17,24
PO001493,SUP007,COMP008,3935,2025-09-23,4
PO001494,SUP008,COMP005,9658,2025-12-14,15
PO001495,SUP001,COMP028,9843,2025-10-31,23
PO001496,SUP004,COMP039,10311,2025-05-15,13
PO001497,SUP002,COMP003,6796,2025-12-03,19
PO001498,SUP004,COMP034,12303,2025-03-19,22
PO001499,SUP003,COMP005,6744,2025-03-16,21
PO001500,SUP009,COMP025,741,2025-06-06,25
PO001501,SUP003,COMP032,8804,2025-07-11,25
PO001502,SUP008,COMP007,12791,2025-01-30,10
PO001503,SUP007,COMP013,10887,2025-01-07,14
PO001504,SUP007,COMP039,5956,2025-11-30,23
PO001505,SUP007,COMP012,5676,2025-11-17,4
PO001506,SUP010,COMP025,10551,2025-06-03,5
PO001507,SUP003,COMP014,5728,2025-03-28,20
PO001508,SUP009,COMP035,10567,2025-10-26,24
PO001509,SUP001,COMP036,8928,2025-09-23,15
PO001510,SUP001,COMP034,1623,2025-02-16,3
PO001511,SUP008,COMP007,5125,2025-11-02,8
PO001512,SUP004,COMP026,920,2025-05-06,16
PO001513,SUP009,COMP002,8816,2025-11-29,13
PO001514,SUP009,COMP033,5189,2025-05-14,11
PO001515,SUP004,COMP032,2700,2025-02-27,9
PO001516,SUP003,COMP028,14571,2025-12-30,18
PO001517,SUP008,COMP027,3980,2025-10-14,10
PO001518,SUP002,COMP038,1743,2025-12-17,19
PO001519,SUP001,COMP020,4316,2025-09-20,12
PO001520,SUP004,COMP003,13134,2025-10-30,18
PO001521,SUP010,COMP032,5897,2025-07-12,19
PO001522,SUP005,COMP012,2420,2025-10-12,6
PO001523,SUP009,COMP003,1576,2025-09-27,18
PO001524,SUP005,COMP030,3221,2025-11-03,5
PO001525,SUP004,COMP007,2515,2025-03-23,15
PO001526,SUP006,COMP040,11833,2025-08-14,12
PO001527,SUP007,COMP001,4058,2025-01-30,7
PO001528,SUP004,COMP007,2677,2025-02-06,18
PO001529,SUP009,COMP008,7836,2025-01-09,12
PO001530,SUP003,COMP016,14732,2025-03-13,18
PO001531,SUP006,COMP034,9420,2025-10-10,5
PO001532,SUP002,COMP035,5701,2025-11-09,8
PO001533,SUP001,COMP027,4082,2025-01-13,11
PO001534,SUP002,COMP025,6137,2025-03-08,17
PO001535,SUP003,COMP026,1965,2025-10-11,21
PO001536,SUP002,COMP001,9917,2025-06-26,10
PO001537,SUP002,COMP003,804,2025-02-05,17
PO001538,SUP010,COMP012,12914,2025-06-15,5
PO001539,SUP004,COMP026,14712,2025-11-23,8
PO001540,SUP003,COMP013,9400,2025-11-30,3
PO001541,SUP002,COMP014,11354,2025-08-18,4
PO001542,SUP003,COMP002,14435,2025-10-17,23
PO001543,SUP009,COMP006,14140,2025-11-02,12
PO001544,SUP001,COMP005,14681,2025-05-22,15
PO001545,SUP010,COMP025,1849,2025-12-27,10
PO001546,SUP007,COMP003,8125,2025-09-11,7
PO001547,SUP008,COMP011,1095,2025-11-20,12
PO001548,SUP006,COMP004,11905,2025-10-20,20
PO001549,SUP001,COMP028,12555,2025-04-15,25
PO001550,SUP006,COMP015,4448,2025-04-16,14
PO001551,SUP001,COMP008,7090,2025-12-30,8
PO001552,SUP007,COMP009,5832,2025-02-04,4
PO001553,SUP005,COMP037,4958,2025-07-13,6
PO001554,SUP008,COMP016,1081,2025-07-05,24
PO001555,SUP002,COMP022,2146,2025-04-16,10
PO001556,SUP003,COMP002,10194,2025-07-22,17
PO001557,SUP004,COMP004,14671,2025-10-28,7
PO001558,SUP005,COMP001,8327,2025-06-08,5
PO001559,SUP004,COMP022,9790,2025-11-20,24
PO001560,SUP007,COMP027,6028,2025-05-03,10
PO001561,SUP010,COMP004,4142,2025-07-16,10
PO001562,SUP009,COMP024,8372,2025-05-23,9
PO001563,SUP004,COMP039,2157,2025-10-29,13
PO001564,SUP009,COMP002,12010,2025-01-06,3
PO001565,SUP009,COMP020,2170,2025-07-20,7
PO001566,SUP007,COMP032,6407,2025-01-23,5
PO001567,SUP005,COMP028,9011,2025-05-04,23
PO001568,SUP002,COMP018,6911,2025-07-05,3
PO001569,SUP001,COMP015,9962,2025-05-11,23
PO001570,SUP006,COMP024,8870,2025-12-12,25
PO001571,SUP005,COMP025,14595,2025-05-28,23
PO001572,SUP003,COMP004,2100,2025-09-15,6
PO001573,SUP010,COMP002,2801,2025-04-20,8
PO001574,SUP001,COMP007,6648,2025-06-28,6
PO001575,SUP010,COMP034,9471,2025-11-06,3
PO001576,SUP007,COMP002,14312,2025-11-01,6
PO001577,SUP008,COMP023,1029,2025-08-22,13
PO001578,SUP002,COMP038,3146,2025-07-19,17
PO001579,SUP008,COMP023,13646,2025-01-11,11
PO001580,SUP007,COMP007,6913,2025-11-28,8
PO001581,SUP003,COMP033,10777,2025-05-26,9
PO001582,SUP010,COMP028,6165,2025-08-06,20
PO001583,SUP009,COMP032,13354,2025-03-26,3
PO001584,SUP003,COMP001,4712,2025-10-12,18
PO001585,SUP002,COMP002,14072,2025-04-27,15
PO001586,SUP006,COMP015,5158,2025-09-07,15
PO001587,SUP005,COMP006,4637,2025-05-30,7
PO001588,SUP008,COMP008,11743,2025-10-26,17
PO001589,SUP005,COMP022,4069,2025-02-02,12
PO001590,SUP006,COMP038,6532,2025-07-01,3
PO001591,SUP009,COMP004,1314,2025-03-16,23
PO001592,SUP010,COMP002,7488,2025-10-26,14
PO001593,SUP005,COMP031,3707,2025-06-11,16
PO001594,SUP005,COMP009,13794,2025-08-18,25
PO001595,SUP003,COMP038,4664,2025-04-15,16
PO001596,SUP002,COMP003,13333,2025-11-09,3
PO001597,SUP010,COMP034,3113,2025-05-14,13
PO001598,SUP001,COMP034,2407,2025-05-16,25
PO001599,SUP007,COMP020,7740,2025-01-22,7
PO001600,SUP004,COMP027,598,2025-08-14,12
PO001601,SUP002,COMP032,1470,2025-08-08,3
PO001602,SUP003,COMP012,6447,2025-03-28,13
PO001603,SUP006,COMP013,11325,2025-12-04,5
PO001604,SUP004,COMP017,12673,2025-02-17,17
PO001605,SUP007,COMP012,3559,2025-10-07,3
PO001606,SUP010,COMP023,5401,2025-02-05,18
PO001607,SUP006,COMP018,11624,2025-01-17,6
PO001608,SUP007,COMP016,7858,2025-11-11,4
PO001609,SUP006,COMP036,4893,2025-10-11,8
PO001610,SUP009,COMP008,7800,2025-04-07,22
PO001611,SUP004,COMP014,12872,2025-11-09,15
PO001612,SUP010,COMP007,930,2025-10-06,8
PO001613,SUP010,COMP028,11177,2025-12-05,14
PO001614,SUP007,COMP007,2738,2025-02-01,15
PO001615,SUP005,COMP025,5051,2025-07-29,18
PO001616,SUP007,COMP017,8094,2025-10-12,14
PO001617,SUP007,COMP011,5921,2025-01-25,20
PO001618,SUP005,COMP023,1449,2025-12-15,5
PO001619,SUP005,COMP016,13513,2025-10-21,21
PO001620,SUP010,COMP010,6335,2025-08-28,3
PO001621,SUP010,COMP038,14985,2025-03-29,19
PO001622,SUP007,COMP008,635,2025-03-15,19
PO001623,SUP006,COMP022,13029,2025-02-24,11
PO001624,SUP004,COMP034,11578,2025-03-20,13
PO001625,SUP006,COMP010,683,2025-05-07,8
PO001626,SUP009,COMP027,6027,2025-10-16,6
PO001627,SUP009,COMP008,14608,2025-10-16,19
PO001628,SUP001,COMP023,3542,2025-09-29,9
PO001629,SUP010,COMP003,14429,2025-06-23,9
PO001630,SUP001,COMP028,8511,2025-04-23,3
PO001631,SUP009,COMP015,13801,2025-01-28,10
PO001632,SUP009,COMP034,5243,2025-01-10,6
PO001633,SUP007,COMP031,8100,2025-07-25,21
PO001634,SUP003,COMP005,10030,2025-11-28,6
PO001635,SUP001,COMP022,708,2025-09-08,6
PO001636,SUP010,COMP030,1073,2025-11-05,14
PO001637,SUP008,COMP019,12943,2025-06-06,14
PO001638,SUP005,COMP002,14420,2025-08-12,21
PO001639,SUP002,COMP020,4550,2025-09-19,17
PO001640,SUP007,COMP031,3895,2025-10-10,23
PO001641,SUP005,COMP016,2407,2025-12-21,23
PO001642,SUP006,COMP024,7269,2025-09-11,16
PO001643,SUP010,COMP021,10321,2025-08-25,22
PO001644,SUP003,COMP037,6678,2025-04-03,16
PO001645,SUP004,COMP011,12230,2025-09-01,9
PO001646,SUP003,COMP017,4241,2025-09-08,4
PO001647,SUP004,COMP040,1791,2025-10-20,24
PO001648,SUP001,COMP021,7202,2025-07-27,13
PO001649,SUP002,COMP017,1530,2025-12-17,10
PO001650,SUP005,COMP013,845,2025-08-18,15
PO001651,SUP009,COMP015,2962,2025-10-23,19
PO001652,SUP008,COMP025,13781,2025-12-22,20
PO001653,SUP002,COMP028,1047,2025-07-01,23
PO001654,SUP002,COMP038,2192,2025-08-30,3
PO001655,SUP003,COMP018,3548,2025-05-02,16
PO001656,SUP004,COMP029,4601,2025-12-05,9
PO001657,SUP008,COMP016,9250,2025-01-24,5
PO001658,SUP004,COMP005,9110,2025-05-15,9
PO001659,SUP005,COMP005,3587,2025-06-26,24
PO001660,SUP008,COMP008,13685,2025-08-12,20
PO001661,SUP003,COMP027,2537,2025-02-03,6
PO001662,SUP005,COMP030,6754,2025-03-29,3
PO001663,SUP008,COMP014,4683,2025-08-25,20
PO001664,SUP008,COMP015,12509,2025-06-26,12
PO001665,SUP002,COMP018,14013,2025-06-15,14
PO001666,SUP007,COMP020,7906,2025-04-10,5
PO001667,SUP002,COMP026,8886,2025-10-01,13
PO001668,SUP010,COMP012,7127,2025-07-26,10
PO001669,SUP008,COMP002,726,2025-10-07,23
PO001670,SUP009,COMP039,4899,2025-04-25,20
PO001671,SUP004,COMP003,2541,2025-06-02,20
PO001672,SUP006,COMP031,8808,2025-02-23,15
PO001673,SUP006,COMP028,660,2025-09-23,19
PO001674,SUP001,COMP017,1622,2025-09-18,24
PO001675,SUP010,COMP003,12805,2025-12-10,7
PO001676,SUP005,COMP019,7088,2025-04-05,20
PO001677,SUP009,COMP011,7581,2025-02-03,17
PO001678,SUP004,COMP017,11845,2025-07-13,4
PO001679,SUP009,COMP030,4064,2025-08-11,9
PO001680,SUP002,COMP017,9740,2025-04-10,25
PO001681,SUP002,COMP034,1898,2025-04-08,17
PO001682,SUP003,COMP010,10157,2025-04-14,19
PO001683,SUP001,COMP020,6060,2025-01-04,23
PO001684,SUP004,COMP001,13217,2025-11-25,19
PO001685,SUP004,COMP018,9800,2025-02-27,23
PO001686,SUP002,COMP026,5189,2025-09-08,16
PO001687,SUP005,COMP038,3529,2025-09-02,9
PO001688,SUP009,COMP027,9592,2025-02-19,9
PO001689,SUP004,COMP031,11132,2025-03-09,25
PO001690,SUP003,COMP032,13768,2025-12-23,20
PO001691,SUP002,COMP036,1731,2025-07-06,14
PO001692,SUP004,COMP038,3537,2025-07-06,25
PO001693,SUP009,COMP035,4580,2025-01-18,8
PO001694,SUP002,COMP013,7013,2025-09-07,5
PO001695,SUP007,COMP004,11176,2025-05-03,10
PO001696,SUP009,COMP020,1690,2025-08-31,19
PO001697,SUP008,COMP026,718,2025-03-21,19
PO001698,SUP008,COMP020,10295,2025-01-08,18
PO001699,SUP003,COMP027,11820,2025-12-18,11
PO001700,SUP009,COMP033,1662,2025-01-02,13
PO001701,SUP001,COMP016,10128,2025-02-15,16
PO001702,SUP008,COMP035,1721,2025-03-30,19
PO001703,SUP009,COMP016,7778,2025-11-09,23
PO001704,SUP004,COMP039,11118,2025-10-04,13
PO001705,SUP010,COMP015,12899,2025-01-30,20
PO001706,SUP003,COMP012,13396,2025-08-18,23
PO001707,SUP009,COMP007,4987,2025-08-06,21
PO001708,SUP006,COMP016,10224,2025-06-12,10
PO001709,SUP007,COMP038,8963,2025-03-18,10
PO001710,SUP003,COMP003,7687,2025-03-27,23
PO001711,SUP005,COMP033,7288,2025-02-20,24
PO001712,SUP002,COMP022,7574,2025-12-11,8
PO001713,SUP004,COMP004,13895,2025-12-22,15
PO001714,SUP008,COMP036,981,2025-02-03,24
PO001715,SUP010,COMP018,6819,2025-09-09,4
PO001716,SUP002,COMP018,12030,2025-02-09,7
PO001717,SUP009,COMP001,4683,2025-05-31,17
PO001718,SUP002,COMP011,1108,2025-10-15,9
PO001719,SUP007,COMP009,5168,2025-10-08,17
PO001720,SUP005,COMP033,5902,2025-07-26,8
PO001721,SUP004,COMP029,9421,2025-11-28,20
PO001722,SUP007,COMP005,8358,2025-04-24,7
PO001723,SUP008,COMP030,7172,2025-01-13,25
PO001724,SUP007,COMP013,10514,2025-11-29,24
PO001725,SUP006,COMP005,12065,2025-05-03,16
PO001726,SUP009,COMP037,14587,2025-10-26,4
PO001727,SUP007,COMP024,13158,2025-08-31,12
PO001728,SUP002,COMP027,10226,2025-10-08,11
PO001729,SUP004,COMP027,7130,2025-12-29,10
PO001730,SUP004,COMP031,12646,2025-07-10,16
PO001731,SUP002,COMP033,4962,2025-07-01,10
PO001732,SUP006,COMP031,7920,2025-09-04,25
PO001733,SUP008,COMP034,6434,2025-10-16,7
PO001734,SUP010,COMP018,6057,2025-09-16,10
PO001735,SUP007,COMP005,9277,2025-12-15,19
PO001736,SUP004,COMP029,5278,2025-06-09,20
PO001737,SUP010,COMP011,3614,2025-11-14,15
PO001738,SUP001,COMP019,2638,2025-05-18,11
PO001739,SUP006,COMP001,3488,2025-06-29,15
PO001740,SUP008,COMP004,3046,2025-03-03,18
PO001741,SUP009,COMP012,10622,2025-06-20,21
PO001742,SUP009,COMP035,1673,2025-07-23,6
PO001743,SUP001,COMP015,7678,2025-07-30,9
PO001744,SUP003,COMP038,5280,2025-01-02,10
PO001745,SUP009,COMP002,5481,2025-04-20,18
PO001746,SUP005,COMP006,10742,2025-03-22,16
PO001747,SUP010,COMP036,657,2025-09-20,15
PO001748,SUP006,COMP021,14567,2025-03-03,3
PO001749,SUP009,COMP027,13225,2025-02-22,22
PO001750,SUP010,COMP030,550,2025-09-11,19
PO001751,SUP004,COMP040,13454,2025-04-16,24
PO001752,SUP002,COMP016,2595,2025-11-15,12
PO001753,SUP001,COMP011,11579,2025-08-30,14
PO001754,SUP010,COMP019,3475,2025-07-03,4
PO001755,SUP002,COMP026,6619,2025-08-18,14
PO001756,SUP006,COMP021,8278,2025-06-04,19
PO001757,SUP007,COMP014,10897,2025-03-18,20
PO001758,SUP002,COMP001,11731,2025-12-08,18
PO001759,SUP001,COMP022,6960,2025-01-31,13
PO001760,SUP006,COMP031,3943,2025-09-25,25
PO001761,SUP005,COMP008,1332,2025-10-20,15
PO001762,SUP001,COMP002,12728,2025-08-09,15
PO001763,SUP002,COMP027,14895,2025-12-12,5
PO001764,SUP006,COMP013,1799,2025-08-14,15
PO001765,SUP007,COMP002,13681,2025-12-21,8
PO001766,SUP005,COMP019,11864,2025-07-11,15
PO001767,SUP010,COMP030,12007,2025-10-30,5
PO001768,SUP009,COMP006,5306,2025-04-20,10
PO001769,SUP007,COMP040,7898,2025-06-18,17
PO001770,SUP006,COMP024,4806,2025-07-21,3
PO001771,SUP007,COMP036,3621,2025-05-18,8
PO001772,SUP007,COMP002,6606,2025-04-10,10
PO001773,SUP009,COMP035,3078,2025-11-19,12
PO001774,SUP010,COMP038,7630,2025-10-29,15
PO001775,SUP007,COMP004,9457,2025-12-27,24
PO001776,SUP002,COMP033,8139,2025-06-13,19
PO001777,SUP009,COMP003,5225,2025-02-25,12
PO001778,SUP001,COMP013,7365,2025-04-25,12
PO001779,SUP009,COMP029,4761,2025-06-20,6
PO001780,SUP003,COMP025,2481,2025-10-16,10
PO001781,SUP008,COMP040,1426,2025-03-26,8
PO001782,SUP010,COMP014,14904,2025-01-12,22
PO001783,SUP005,COMP019,4029,2025-02-05,24
PO001784,SUP003,COMP006,13461,2025-04-12,11
PO001785,SUP006,COMP022,14121,2025-08-14,22
PO001786,SUP010,COMP039,1000,2025-01-21,18
PO001787,SUP003,COMP022,7071,2025-07-18,20
PO001788,SUP008,COMP009,4588,2025-01-30,15
PO001789,SUP004,COMP027,6209,2025-08-17,19
PO001790,SUP004,COMP029,11932,2025-02-07,23
PO001791,SUP006,COMP007,13402,2025-01-27,12
PO001792,SUP002,COMP016,7036,2025-09-06,17
PO001793,SUP008,COMP025,8472,2025-11-07,14
PO001794,SUP010,COMP013,12679,2025-03-07,7
PO001795,SUP005,COMP039,6775,2025-09-03,9
PO001796,SUP008,COMP006,10155,2025-08-04,18
PO001797,SUP006,COMP022,13270,2025-08-20,21
PO001798,SUP002,COMP009,993,2025-11-06,12
PO001799,SUP006,COMP017,11477,2025-01-13,8
PO001800,SUP009,COMP040,14973,2025-12-19,11
PO001801,SUP005,COMP014,9672,2025-09-28,7
PO001802,SUP007,COMP038,7821,2025-07-26,21
PO001803,SUP005,COMP008,4359,2025-12-12,15
PO001804,SUP007,COMP032,4916,2025-10-07,19
PO001805,SUP007,COMP033,10401,2025-10-26,15
PO001806,SUP010,COMP001,9009,2025-09-03,19
PO001807,SUP007,COMP015,9754,2025-02-10,12
PO001808,SUP002,COMP035,11849,2025-05-03,13
PO001809,SUP010,COMP003,12720,2025-11-16,12
PO001810,SUP010,COMP004,11755,2025-05-25,12
PO001811,SUP005,COMP030,5068,2025-04-06,17
PO001812,SUP001,COMP029,2756,2025-07-05,12
PO001813,SUP005,COMP022,12400,2025-03-19,18
PO001814,SUP009,COMP027,1544,2025-02-01,22
PO001815,SUP006,COMP017,8037,2025-11-29,8
PO001816,SUP009,COMP031,5042,2025-01-29,17
PO001817,SUP006,COMP006,14788,2025-11-11,10
PO001818,SUP010,COMP008,4637,2025-07-15,3
PO001819,SUP004,COMP029,9447,2025-03-28,20
PO001820,SUP001,COMP015,5646,2025-07-31,19
PO001821,SUP010,COMP039,11792,2025-02-28,24
PO001822,SUP001,COMP036,11185,2025-11-28,14
PO001823,SUP009,COMP032,8369,2025-08-24,3
PO001824,SUP008,COMP023,981,2025-02-24,9
PO001825,SUP010,COMP040,4030,2025-11-04,23
PO001826,SUP003,COMP021,6950,2025-08-20,22
PO001827,SUP008,COMP020,13168,2025-12-13,15
PO001828,SUP004,COMP006,13002,2025-09-03,18
PO001829,SUP002,COMP034,7106,2025-04-03,16
PO001830,SUP007,COMP029,12539,2025-09-28,16
PO001831,SUP002,COMP026,4308,2025-04-26,20
PO001832,SUP007,COMP014,13461,2025-10-01,6
PO001833,SUP004,COMP001,3742,2025-03-14,16
PO001834,SUP003,COMP020,11720,2025-11-11,19
PO001835,SUP007,COMP020,946,2025-11-09,11
PO001836,SUP007,COMP026,6500,2025-05-22,21
PO001837,SUP008,COMP029,996,2025-06-10,10
PO001838,SUP007,COMP020,4907,2025-05-08,11
PO001839,SUP010,COMP022,5206,2025-02-22,7
PO001840,SUP002,COMP030,6730,2025-03-29,4
PO001841,SUP009,COMP003,14391,2025-02-09,25
PO001842,SUP003,COMP034,10588,2025-05-08,11
PO001843,SUP009,COMP011,9226,2025-01-05,3
PO001844,SUP010,COMP011,13981,2025-01-10,14
PO001845,SUP004,COMP025,5764,2025-01-14,12
PO001846,SUP006,COMP026,9095,2025-08-07,22
PO001847,SUP007,COMP039,1146,2025-01-20,5
PO001848,SUP010,COMP011,14861,2025-04-22,9
PO001849,SUP002,COMP021,2679,2025-06-03,3
PO001850,SUP005,COMP008,5632,2025-11-23,17
PO001851,SUP006,COMP033,11796,2025-05-17,25
PO001852,SUP003,COMP030,7432,2025-09-22,16
PO001853,SUP002,COMP012,8370,2025-08-18,21
PO001854,SUP004,COMP016,4206,2025-05-03,13
PO001855,SUP007,COMP040,5590,2025-03-21,3
PO001856,SUP002,COMP036,4886,2025-05-12,13
PO001857,SUP008,COMP026,6696,2025-02-12,16
PO001858,SUP003,COMP037,14282,2025-07-06,4
PO001859,SUP007,COMP019,1570,2025-01-08,9
PO001860,SUP002,COMP035,5528,2025-02-02,23
PO001861,SUP008,COMP016,11450,2025-04-03,23
PO001862,SUP007,COMP024,14039,2025-03-13,9
PO001863,SUP005,COMP028,6553,2025-12-25,14
PO001864,SUP005,COMP028,12751,2025-02-02,7
PO001865,SUP001,COMP015,12965,2025-10-05,11
PO001866,SUP007,COMP030,11566,2025-03-30,16
PO001867,SUP005,COMP020,11557,2025-01-27,5
PO001868,SUP010,COMP033,10619,2025-03-30,25
PO001869,SUP009,COMP039,2376,2025-06-03,24
PO001870,SUP004,COMP022,3973,2025-06-23,23
PO001871,SUP005,COMP012,6117,2025-11-19,25
PO001872,SUP007,COMP009,14088,2025-09-30,24
PO001873,SUP007,COMP001,8634,2025-12-22,19
PO001874,SUP002,COMP016,13315,2025-09-17,12
PO001875,SUP008,COMP022,14374,2025-02-07,10
PO001876,SUP005,COMP003,8089,2025-12-11,11
PO001877,SUP010,COMP006,8740,2025-06-12,3
PO001878,SUP006,COMP035,14994,2025-03-12,24
PO001879,SUP005,COMP004,12922,2025-06-27,24
PO001880,SUP006,COMP018,7343,2025-12-31,14
PO001881,SUP002,COMP009,1474,2025-07-25,22
PO001882,SUP001,COMP028,2280,2025-02-19,22
PO001883,SUP006,COMP038,7943,2025-04-22,23
PO001884,SUP008,COMP010,5877,2025-05-03,3
PO001885,SUP004,COMP008,5670,2025-10-01,11
PO001886,SUP007,COMP020,4233,2025-11-02,11
PO001887,SUP005,COMP009,9462,2025-01-09,25
PO001888,SUP006,COMP017,11522,2025-01-09,4
PO001889,SUP010,COMP011,13273,2025-04-18,6
PO001890,SUP010,COMP023,1283,2025-08-30,20
PO001891,SUP008,COMP016,747,2025-06-25,24
PO001892,SUP004,COMP038,941,2025-01-20,10
PO001893,SUP005,COMP014,3550,2025-11-15,8
PO001894,SUP007,COMP010,911,2025-06-19,24
PO001895,SUP006,COMP024,12081,2025-06-27,15
PO001896,SUP003,COMP033,5440,2025-11-07,18
PO001897,SUP006,COMP025,13552,2025-06-26,17
PO001898,SUP009,COMP015,14169,2025-04-28,22
PO001899,SUP004,COMP039,10010,2025-05-29,9
PO001900,SUP002,COMP002,9975,2025-12-16,14
PO001901,SUP002,COMP035,8767,2025-09-18,14
PO001902,SUP008,COMP036,7707,2025-09-29,8
PO001903,SUP009,COMP001,11622,2025-10-17,13
PO001904,SUP008,COMP012,12395,2025-09-18,10
PO001905,SUP010,COMP029,8993,2025-04-12,3
PO001906,SUP002,COMP036,10371,2025-10-15,16
PO001907,SUP006,COMP038,14544,2025-12-15,19
PO001908,SUP005,COMP026,12884,2025-11-22,25
PO001909,SUP001,COMP029,12848,2025-05-30,13
PO001910,SUP007,COMP011,11466,2025-06-13,24
PO001911,SUP007,COMP030,558,2025-04-18,8
PO001912,SUP008,COMP007,9253,2025-11-24,19
PO001913,SUP008,COMP023,9026,2025-08-20,13
PO001914,SUP001,COMP038,9546,2025-01-17,24
PO001915,SUP003,COMP003,8456,2025-06-24,24
PO001916,SUP003,COMP003,4630,2025-07-24,21
PO001917,SUP001,COMP030,5210,2025-04-17,21
PO001918,SUP001,COMP026,14031,2025-05-13,20
PO001919,SUP005,COMP031,8608,2025-04-08,22
PO001920,SUP003,COMP003,2941,2025-06-02,23
PO001921,SUP005,COMP018,713,2025-12-16,18
PO001922,SUP004,COMP007,9906,2025-09-05,5
PO001923,SUP009,COMP040,12771,2025-12-11,3
PO001924,SUP002,COMP005,3463,2025-01-30,9
PO001925,SUP007,COMP032,3445,2025-11-09,24
PO001926,SUP002,COMP026,10631,2025-11-19,11
PO001927,SUP003,COMP028,1852,2025-11-23,15
PO001928,SUP007,COMP027,4998,2025-09-05,5
PO001929,SUP001,COMP032,11876,2025-10-21,10
PO001930,SUP006,COMP012,7757,2025-06-24,16
PO001931,SUP006,COMP009,11985,2025-12-29,3
PO001932,SUP009,COMP016,2243,2025-12-17,9
PO001933,SUP001,COMP001,1732,2025-07-17,5
PO001934,SUP009,COMP015,3424,2025-02-16,13
PO001935,SUP003,COMP037,1265,2025-01-31,18
PO001936,SUP005,COMP005,13727,2025-07-16,15
PO001937,SUP005,COMP014,1117,2025-10-09,15
PO001938,SUP001,COMP019,2930,2025-10-12,24
PO001939,SUP004,COMP007,7017,2025-09-09,7
PO001940,SUP004,COMP009,14447,2025-06-03,15
PO001941,SUP005,COMP018,8269,2025-03-01,4
PO001942,SUP007,COMP004,13455,2025-07-21,4
PO001943,SUP007,COMP030,11049,2025-05-02,18
PO001944,SUP008,COMP034,9210,2025-11-13,8
PO001945,SUP002,COMP017,2502,2025-10-06,6
PO001946,SUP001,COMP004,8022,2025-03-24,22
PO001947,SUP001,COMP033,11324,2025-05-12,18
PO001948,SUP010,COMP035,12296,2025-01-24,6
PO001949,SUP002,COMP030,1498,2025-06-26,15
PO001950,SUP005,COMP030,10948,2025-12-14,16
PO001951,SUP006,COMP035,10818,2025-07-09,17
PO001952,SUP006,COMP029,10208,2025-01-11,10
PO001953,SUP004,COMP026,10796,2025-08-25,13
PO001954,SUP010,COMP018,13086,2025-09-08,22
PO001955,SUP002,COMP002,13907,2025-10-26,22
PO001956,SUP010,COMP038,14236,2025-11-17,9
PO001957,SUP008,COMP034,5126,2025-10-04,25
PO001958,SUP007,COMP021,3158,2025-04-22,4
PO001959,SUP009,COMP001,5235,2025-06-11,9
PO001960,SUP004,COMP017,14868,2025-04-19,3
PO001961,SUP005,COMP040,13899,2025-10-06,8
PO001962,SUP001,COMP030,14404,2025-01-17,3
PO001963,SUP001,COMP010,6933,2025-08-28,14
PO001964,SUP006,COMP017,7818,2025-06-27,9
PO001965,SUP010,COMP028,13688,2025-05-29,25
PO001966,SUP002,COMP028,3954,2025-09-28,7
PO001967,SUP006,COMP006,2205,2025-08-30,7
PO001968,SUP004,COMP004,3653,2025-06-28,19
PO001969,SUP003,COMP006,8277,2025-03-31,15
PO001970,SUP004,COMP016,14681,2025-01-15,20
PO001971,SUP001,COMP017,9566,2025-11-23,23
PO001972,SUP001,COMP035,11827,2025-09-21,25
PO001973,SUP007,COMP006,2258,2025-03-27,14
PO001974,SUP009,COMP002,5457,2025-06-05,25
PO001975,SUP004,COMP004,7017,2025-06-13,24
PO001976,SUP008,COMP031,2578,2025-02-17,6
PO001977,SUP003,COMP029,2253,2025-12-26,15
PO001978,SUP009,COMP007,512,2025-10-17,19
PO001979,SUP002,COMP030,7308,2025-08-08,10
PO001980,SUP006,COMP009,1896,2025-06-20,7
PO001981,SUP007,COMP031,3809,2025-12-01,17
PO001982,SUP002,COMP005,704,2025-08-20,3
PO001983,SUP007,COMP035,7224,2025-09-27,23
PO001984,SUP007,COMP018,7367,2025-06-07,6
PO001985,SUP005,COMP031,4353,2025-06-29,22
PO001986,SUP005,COMP028,9499,2025-10-19,13
PO001987,SUP004,COMP030,5281,2025-04-06,13
PO001988,SUP003,COMP021,8026,2025-08-16,15
PO001989,SUP009,COMP038,14174,2025-10-19,23
PO001990,SUP008,COMP031,13791,2025-04-24,24
PO001991,SUP010,COMP024,1948,2025-07-18,23
PO001992,SUP007,COMP003,4179,2025-03-24,24
PO001993,SUP004,COMP031,12617,2025-01-16,6
PO001994,SUP005,COMP002,14948,2025-11-11,14
PO001995,SUP001,COMP029,13542,2025-11-27,5
PO001996,SUP006,COMP007,10674,2025-11-09,15
PO001997,SUP004,COMP010,4163,2025-01-30,23
PO001998,SUP005,COMP032,8549,2025-03-19,13
PO001999,SUP010,COMP027,1733,2025-12-26,5
PO002000,SUP006,COMP039,12053,2025-06-26,24
PO002001,SUP004,COMP015,13678,2025-09-16,12
PO002002,SUP002,COMP026,2559,2025-12-16,21
PO002003,SUP001,COMP028,3534,2025-10-08,19
PO002004,SUP002,COMP021,12290,2025-12-23,16
PO002005,SUP007,COMP004,11340,2025-04-09,3
PO002006,SUP010,COMP035,1450,2025-06-29,5
PO002007,SUP009,COMP014,4809,2025-04-13,11
PO002008,SUP010,COMP014,7175,2025-05-08,13
PO002009,SUP007,COMP034,1503,2025-12-21,19
PO002010,SUP008,COMP029,10585,2025-11-19,10
PO002011,SUP005,COMP032,2875,2025-05-31,25
PO002012,SUP005,COMP007,12031,2025-08-06,17
PO002013,SUP007,COMP010,2045,2025-10-02,18
PO002014,SUP005,COMP016,837,2025-11-13,16
PO002015,SUP005,COMP032,5438,2025-03-08,22
PO002016,SUP004,COMP009,6903,2025-09-28,10
PO002017,SUP005,COMP034,8413,2025-01-13,22
PO002018,SUP003,COMP038,14402,2025-06-21,6
PO002019,SUP007,COMP011,9677,2025-12-30,21
PO002020,SUP001,COMP036,5614,2025-06-28,11
PO002021,SUP009,COMP010,6687,2025-03-13,17
PO002022,SUP008,COMP014,4157,2025-02-22,8
PO002023,SUP006,COMP034,2075,2025-03-08,24
PO002024,SUP009,COMP030,6944,2025-07-26,10
PO002025,SUP005,COMP001,4696,2025-02-23,22
PO002026,SUP008,COMP017,4780,2025-08-28,16
PO002027,SUP006,COMP012,14422,2025-03-08,12
PO002028,SUP007,COMP040,7071,2025-09-22,13
PO002029,SUP002,COMP027,10211,2025-04-02,5
PO002030,SUP008,COMP024,1682,2025-08-25,6
PO002031,SUP004,COMP024,11766,2025-12-03,7
PO002032,SUP009,COMP020,5869,2025-05-14,23
PO002033,SUP008,COMP002,12160,2025-11-17,13
PO002034,SUP001,COMP002,6307,2025-08-14,11
PO002035,SUP006,COMP034,1213,2025-09-06,16
PO002036,SUP007,COMP020,9260,2025-08-24,19
PO002037,SUP005,COMP008,4200,2025-10-07,24
PO002038,SUP004,COMP008,3429,2025-08-22,16
PO002039,SUP001,COMP032,9278,2025-05-01,9
PO002040,SUP006,COMP039,5188,2025-10-04,8
PO002041,SUP003,COMP017,6436,2025-03-06,12
PO002042,SUP009,COMP035,2444,2025-07-18,3
PO002043,SUP004,COMP024,13720,2025-05-08,12
PO002044,SUP002,COMP032,7445,2025-12-25,14
PO002045,SUP005,COMP027,2247,2025-05-15,6
PO002046,SUP002,COMP038,11244,2025-02-25,4
PO002047,SUP002,COMP019,11535,2025-08-25,10
PO002048,SUP010,COMP006,10811,2025-03-28,21
PO002049,SUP009,COMP016,13689,2025-06-10,19
PO002050,SUP005,COMP019,9675,2025-12-30,3
PO002051,SUP002,COMP009,8015,2025-09-01,5
PO002052,SUP003,COMP029,8525,2025-12-24,6
PO002053,SUP006,COMP025,11103,2025-09-14,13
PO002054,SUP004,COMP039,573,2025-10-30,6
PO002055,SUP008,COMP019,4946,2025-09-07,21
PO002056,SUP005,COMP001,9120,2025-01-02,24
PO002057,SUP004,COMP002,13497,2025-10-03,22
PO002058,SUP003,COMP011,9776,2025-11-22,4
PO002059,SUP007,COMP017,14067,2025-02-19,22
PO002060,SUP010,COMP025,5837,2025-10-12,12
PO002061,SUP001,COMP010,11879,2025-10-17,10
PO002062,SUP008,COMP027,4625,2025-06-14,7
PO002063,SUP007,COMP021,9594,2025-08-20,7
PO002064,SUP009,COMP001,3262,2025-05-02,20
PO002065,SUP007,COMP021,7377,2025-04-02,16
PO002066,SUP001,COMP001,9583,2025-01-05,14
PO002067,SUP010,COMP035,921,2025-12-09,6
PO002068,SUP009,COMP036,8879,2025-01-07,3
PO002069,SUP004,COMP001,507,2025-06-20,9
PO002070,SUP008,COMP035,3019,2025-10-07,15
PO002071,SUP009,COMP031,10815,2025-03-24,23
PO002072,SUP003,COMP004,12882,2025-04-08,3
PO002073,SUP008,COMP005,1506,2025-10-05,5
PO002074,SUP007,COMP037,12590,2025-03-29,8
PO002075,SUP004,COMP038,8157,2025-07-13,23
PO002076,SUP007,COMP011,2348,2025-07-07,11
PO002077,SUP002,COMP023,14446,2025-12-23,5
PO002078,SUP010,COMP036,1474,2025-08-17,3
PO002079,SUP003,COMP030,12523,2025-03-10,22
PO002080,SUP003,COMP039,5550,2025-03-21,24
PO002081,SUP009,COMP027,4049,2025-06-20,20
PO002082,SUP004,COMP020,10064,2025-03-27,25
PO002083,SUP007,COMP013,9665,2025-10-26,23
PO002084,SUP009,COMP032,11065,2025-12-02,11
PO002085,SUP010,COMP021,6253,2025-11-08,5
PO002086,SUP001,COMP040,2806,2025-04-28,10
PO002087,SUP006,COMP024,14412,2025-09-26,19
PO002088,SUP006,COMP030,14348,2025-03-18,19
PO002089,SUP004,COMP017,7053,2025-12-02,9
PO002090,SUP009,COMP039,2096,2025-08-11,5
PO002091,SUP010,COMP002,6236,2025-06-14,20
PO002092,SUP008,COMP024,3907,2025-01-10,25
PO002093,SUP003,COMP038,7207,2025-02-14,11
PO002094,SUP010,COMP039,11464,2025-01-30,24
PO002095,SUP010,COMP020,1556,2025-08-08,17
PO002096,SUP010,COMP021,10776,2025-12-04,8
PO002097,SUP001,COMP012,8105,2025-11-02,19
PO002098,SUP010,COMP007,5002,2025-06-18,11
PO002099,SUP009,COMP006,13764,2025-02-06,20
PO002100,SUP010,COMP008,8253,2025-11-17,8
PO002101,SUP009,COMP018,6024,2025-09-22,12
PO002102,SUP009,COMP031,4931,2025-10-28,11
PO002103,SUP001,COMP003,9942,2025-03-31,16
PO002104,SUP003,COMP036,13277,2025-09-22,15
PO002105,SUP006,COMP035,14267,2025-01-12,18
PO002106,SUP003,COMP002,14069,2025-01-29,20
PO002107,SUP001,COMP023,7984,2025-01-11,5
PO002108,SUP010,COMP032,5173,2025-04-18,24
PO002109,SUP006,COMP029,5767,2025-12-18,7
PO002110,SUP010,COMP009,5909,2025-06-26,25
PO002111,SUP006,COMP027,8695,2025-01-13,25
PO002112,SUP009,COMP018,7452,2025-11-04,3
PO002113,SUP001,COMP007,6061,2025-12-22,23
PO002114,SUP009,COMP008,2592,2025-04-19,15
PO002115,SUP003,COMP018,12029,2025-04-06,12
PO002116,SUP010,COMP019,13356,2025-09-05,24
PO002117,SUP001,COMP001,2718,2025-06-26,6
PO002118,SUP010,COMP003,6941,2025-11-30,17
PO002119,SUP003,COMP020,11877,2025-05-18,16
PO002120,SUP001,COMP040,6390,2025-08-31,25
PO002121,SUP008,COMP011,14223,2025-05-28,20
PO002122,SUP008,COMP032,5232,2025-08-23,15
PO002123,SUP004,COMP004,11742,2025-09-30,9
PO002124,SUP006,COMP029,2663,2025-12-09,20
PO002125,SUP010,COMP002,10624,2025-02-18,24
PO002126,SUP001,COMP003,12232,2025-12-20,16
PO002127,SUP004,COMP018,11001,2025-08-24,12
PO002128,SUP002,COMP033,735,2025-05-16,7
PO002129,SUP001,COMP010,3070,2025-04-10,3
PO002130,SUP006,COMP037,8310,2025-06-26,17
PO002131,SUP004,COMP014,13232,2025-08-10,20
PO002132,SUP003,COMP033,14409,2025-09-03,15
PO002133,SUP006,COMP029,6396,2025-07-02,14
PO002134,SUP003,COMP022,8838,2025-07-31,20
PO002135,SUP006,COMP025,14865,2025-10-04,14
PO002136,SUP001,COMP028,12987,2025-07-16,11
PO002137,SUP009,COMP031,9103,2025-03-27,24
PO002138,SUP007,COMP020,14832,2025-09-19,18
PO002139,SUP002,COMP015,1236,2025-01-27,4
PO002140,SUP003,COMP022,6272,2025-05-14,15
PO002141,SUP005,COMP022,14401,2025-05-08,10
PO002142,SUP005,COMP029,10686,2025-09-18,14
PO002143,SUP003,COMP038,4850,2025-11-22,23
PO002144,SUP009,COMP019,5215,2025-08-22,3
PO002145,SUP005,COMP008,11795,2025-12-24,12
PO002146,SUP006,COMP003,5889,2025-12-08,15
PO002147,SUP004,COMP013,8403,2025-01-21,16
PO002148,SUP010,COMP022,11129,2025-02-24,5
PO002149,SUP009,COMP007,10175,2025-07-21,23
PO002150,SUP002,COMP013,9262,2025-11-27,17
PO002151,SUP006,COMP040,6205,2025-06-16,21
PO002152,SUP005,COMP011,3419,2025-10-22,19
PO002153,SUP002,COMP013,4532,2025-11-28,7
PO002154,SUP005,COMP005,10592,2025-12-08,22
PO002155,SUP008,COMP030,12276,2025-02-14,5
PO002156,SUP009,COMP001,14602,2025-02-25,25
PO002157,SUP007,COMP029,11921,2025-08-24,12
PO002158,SUP004,COMP025,1345,2025-05-16,20
PO002159,SUP010,COMP001,14689,2025-10-31,19
PO002160,SUP006,COMP039,3043,2025-08-13,6
PO002161,SUP005,COMP015,11714,2025-08-01,21
PO002162,SUP005,COMP031,4643,2025-11-06,9
PO002163,SUP005,COMP031,6896,2025-12-23,19
PO002164,SUP009,COMP038,3977,2025-09-16,16
PO002165,SUP002,COMP026,10852,2025-02-16,25
PO002166,SUP009,COMP031,13691,2025-08-24,15
PO002167,SUP005,COMP021,9077,2025-12-12,4
PO002168,SUP009,COMP019,3597,2025-02-11,22
PO002169,SUP007,COMP021,3163,2025-02-04,25
PO002170,SUP008,COMP037,12559,2025-01-19,23
PO002171,SUP001,COMP021,3673,2025-12-06,5
PO002172,SUP003,COMP027,825,2025-07-09,13
PO002173,SUP008,COMP020,1517,2025-03-13,23
PO002174,SUP009,COMP020,6005,2025-11-15,14
PO002175,SUP009,COMP029,7437,2025-10-21,13
PO002176,SUP006,COMP037,14769,2025-02-18,23
PO002177,SUP003,COMP027,8951,2025-02-16,10
PO002178,SUP001,COMP032,8993,2025-05-04,17
PO002179,SUP004,COMP007,13300,2025-09-24,25
PO002180,SUP004,COMP023,10027,2025-06-07,6
PO002181,SUP003,COMP016,13032,2025-05-14,13
PO002182,SUP010,COMP012,3806,2025-04-01,14
PO002183,SUP009,COMP004,12773,2025-04-03,12
PO002184,SUP006,COMP021,14208,2025-09-13,5
PO002185,SUP002,COMP025,3435,2025-12-25,17
PO002186,SUP005,COMP014,5954,2025-02-22,12
PO002187,SUP010,COMP009,8926,2025-07-30,9
PO002188,SUP003,COMP032,11982,2025-01-29,7
PO002189,SUP004,COMP007,8113,2025-05-12,23
PO002190,SUP001,COMP009,9096,2025-02-08,4
PO002191,SUP007,COMP001,13298,2025-11-20,18
PO002192,SUP007,COMP015,14105,2025-06-01,11
PO002193,SUP004,COMP014,5084,2025-12-15,16
PO002194,SUP001,COMP012,11142,2025-07-12,9
PO002195,SUP004,COMP024,7022,2025-05-23,5
PO002196,SUP007,COMP012,10206,2025-10-08,24
PO002197,SUP008,COMP003,13796,2025-03-29,13
PO002198,SUP003,COMP007,6398,2025-02-15,11
PO002199,SUP004,COMP023,14499,2025-02-18,18
PO002200,SUP003,COMP013,11453,2025-07-15,19
PO002201,SUP006,COMP003,4812,2025-12-04,12
PO002202,SUP009,COMP024,3276,2025-07-18,4
PO002203,SUP003,COMP016,5969,2025-05-28,23
PO002204,SUP008,COMP010,14872,2025-03-28,11
PO002205,SUP001,COMP021,12366,2025-07-04,10
PO002206,SUP001,COMP026,1759,2025-03-01,10
PO002207,SUP010,COMP002,569,2025-05-17,14
PO002208,SUP009,COMP039,2715,2025-08-31,14
PO002209,SUP003,COMP013,4890,2025-01-27,19
PO002210,SUP008,COMP003,12820,2025-07-11,16
PO002211,SUP009,COMP015,4087,2025-06-21,14
PO002212,SUP006,COMP026,4429,2025-09-18,14
PO002213,SUP010,COMP036,1537,2025-09-27,7
PO002214,SUP009,COMP017,14966,2025-04-18,22
PO002215,SUP010,COMP029,5367,2025-09-29,15
PO002216,SUP010,COMP036,1193,2025-01-23,14
PO002217,SUP006,COMP032,12156,2025-04-17,9
PO002218,SUP009,COMP001,8050,2025-11-16,7
PO002219,SUP007,COMP025,515,2025-10-23,24
PO002220,SUP005,COMP001,5480,2025-05-09,17
PO002221,SUP006,COMP002,2180,2025-08-21,13
PO002222,SUP001,COMP022,7256,2025-12-14,15
PO002223,SUP006,COMP021,8951,2025-11-01,22
PO002224,SUP001,COMP026,5793,2025-10-01,15
PO002225,SUP010,COMP032,14677,2025-12-31,25
PO002226,SUP003,COMP011,3808,2025-03-28,12
PO002227,SUP003,COMP003,4629,2025-05-03,3
PO002228,SUP001,COMP026,4417,2025-12-20,5
PO002229,SUP010,COMP007,14711,2025-01-20,16
PO002230,SUP010,COMP031,14231,2025-02-21,10
PO002231,SUP007,COMP016,6068,2025-10-30,5
PO002232,SUP002,COMP020,12275,2025-03-17,4
PO002233,SUP003,COMP036,7019,2025-02-25,7
PO002234,SUP003,COMP014,3084,2025-10-11,16
PO002235,SUP002,COMP018,532,2025-03-09,23
PO002236,SUP005,COMP022,5381,2025-03-11,7
PO002237,SUP005,COMP039,3059,2025-03-29,12
PO002238,SUP004,COMP002,2935,2025-04-29,25
PO002239,SUP003,COMP004,747,2025-01-14,6
PO002240,SUP004,COMP009,7833,2025-09-27,22
PO002241,SUP003,COMP035,11301,2025-12-11,8
PO002242,SUP005,COMP016,5954,2025-02-01,23
PO002243,SUP010,COMP032,9792,2025-02-19,25
PO002244,SUP004,COMP022,4272,2025-03-24,22
PO002245,SUP006,COMP025,2409,2025-11-22,18
PO002246,SUP007,COMP012,10140,2025-05-24,25
PO002247,SUP009,COMP018,7183,2025-09-07,15
PO002248,SUP005,COMP004,13076,2025-10-03,22
PO002249,SUP008,COMP030,10003,2025-07-05,9
PO002250,SUP007,COMP005,5006,2025-01-02,20
PO002251,SUP004,COMP001,11017,2025-08-27,4
PO002252,SUP010,COMP004,6924,2025-05-06,10
PO002253,SUP007,COMP004,2611,2025-09-06,9
PO002254,SUP002,COMP022,7431,2025-08-29,8
PO002255,SUP007,COMP005,8526,2025-04-12,16
PO002256,SUP003,COMP038,2885,2025-05-30,13
PO002257,SUP010,COMP035,9874,2025-08-29,25
PO002258,SUP008,COMP030,3702,2025-10-06,8
PO002259,SUP005,COMP013,8732,2025-03-21,5
PO002260,SUP005,COMP028,3222,2025-11-01,8
PO002261,SUP003,COMP012,3131,2025-09-29,10
PO002262,SUP004,COMP034,12308,2025-02-12,9
PO002263,SUP009,COMP021,3393,2025-03-25,9
PO002264,SUP006,COMP039,957,2025-07-17,7
PO002265,SUP008,COMP002,13138,2025-10-25,25
PO002266,SUP005,COMP003,14876,2025-12-18,6
PO002267,SUP005,COMP020,1719,2025-03-29,12
PO002268,SUP006,COMP011,3539,2025-10-30,7
PO002269,SUP005,COMP024,6854,2025-08-15,24
PO002270,SUP001,COMP034,11400,2025-11-27,21
PO002271,SUP004,COMP037,12070,2025-04-27,25
PO002272,SUP006,COMP003,5080,2025-08-01,8
PO002273,SUP010,COMP013,3721,2025-11-26,17
PO002274,SUP005,COMP008,6273,2025-04-11,13
PO002275,SUP009,COMP015,3895,2025-09-25,17
PO002276,SUP009,COMP038,6483,2025-11-16,5
PO002277,SUP010,COMP002,6076,2025-05-05,4
PO002278,SUP010,COMP018,6075,2025-10-15,18
PO002279,SUP006,COMP037,6161,2025-01-31,19
PO002280,SUP003,COMP023,13748,2025-09-02,7
PO002281,SUP004,COMP012,12641,2025-12-24,24
PO002282,SUP004,COMP001,593,2025-09-04,3
PO002283,SUP009,COMP027,14819,2025-02-05,20
PO002284,SUP007,COMP039,13826,2025-06-05,19
PO002285,SUP005,COMP026,11661,2025-08-22,12
PO002286,SUP008,COMP023,3255,2025-11-14,6
PO002287,SUP005,COMP036,4589,2025-07-07,23
PO002288,SUP007,COMP024,1177,2025-10-12,23
PO002289,SUP007,COMP037,2734,2025-12-07,7
PO002290,SUP008,COMP001,12727,2025-03-30,13
PO002291,SUP003,COMP024,13653,2025-11-22,24
PO002292,SUP005,COMP007,13541,2025-02-26,24
PO002293,SUP001,COMP024,6317,2025-07-30,8
PO002294,SUP005,COMP005,2840,2025-08-05,24
PO002295,SUP007,COMP029,7395,2025-11-27,19
PO002296,SUP001,COMP037,14056,2025-05-16,4
PO002297,SUP006,COMP037,7091,2025-06-04,18
PO002298,SUP001,COMP016,3783,2025-08-06,11
PO002299,SUP003,COMP019,14301,2025-06-16,9
PO002300,SUP003,COMP002,7547,2025-06-13,11
PO002301,SUP004,COMP009,7184,2025-11-21,5
PO002302,SUP005,COMP015,5388,2025-01-31,25
PO002303,SUP004,COMP031,1666,2025-06-26,7
PO002304,SUP005,COMP013,13523,2025-03-03,4
PO002305,SUP010,COMP005,5991,2025-12-13,16
PO002306,SUP009,COMP016,11158,2025-01-16,22
PO002307,SUP006,COMP016,12404,2025-02-09,8
PO002308,SUP003,COMP024,3177,2025-07-25,11
PO002309,SUP010,COMP029,5115,2025-08-13,20
PO002310,SUP008,COMP004,7624,2025-08-13,23
PO002311,SUP007,COMP019,5117,2025-03-25,19
PO002312,SUP007,COMP015,1106,2025-08-27,24
PO002313,SUP001,COMP030,9088,2025-02-10,4
PO002314,SUP002,COMP003,2288,2025-03-11,12
PO002315,SUP005,COMP034,13138,2025-01-05,14
PO002316,SUP007,COMP039,10988,2025-06-02,7
PO002317,SUP002,COMP008,12605,2025-09-18,18
PO002318,SUP005,COMP038,11197,2025-01-11,3
PO002319,SUP005,COMP017,10071,2025-02-05,4
PO002320,SUP001,COMP029,3277,2025-12-24,9
PO002321,SUP002,COMP019,9839,2025-03-30,3
PO002322,SUP005,COMP037,10345,2025-04-17,3
PO002323,SUP007,COMP019,1427,2025-05-16,5
PO002324,SUP003,COMP005,1466,2025-08-23,4
PO002325,SUP005,COMP014,1729,2025-01-15,14
PO002326,SUP006,COMP001,4055,2025-02-15,14
PO002327,SUP009,COMP033,7966,2025-10-09,13
PO002328,SUP001,COMP025,7303,2025-01-08,16
PO002329,SUP008,COMP023,11108,2025-03-01,11
PO002330,SUP002,COMP017,9058,2025-04-27,14
PO002331,SUP002,COMP022,7105,2025-01-11,21
PO002332,SUP006,COMP008,4855,2025-03-09,17
PO002333,SUP008,COMP004,11727,2025-03-21,5
PO002334,SUP006,COMP015,9345,2025-07-18,6
PO002335,SUP002,COMP022,2501,2025-03-02,5
PO002336,SUP007,COMP012,14672,2025-08-30,6
PO002337,SUP005,COMP014,12811,2025-07-09,22
PO002338,SUP004,COMP017,2332,2025-01-19,15
PO002339,SUP002,COMP027,5834,2025-01-06,23
PO002340,SUP005,COMP032,3560,2025-06-12,14
PO002341,SUP004,COMP008,14415,2025-12-24,4
PO002342,SUP008,COMP013,8679,2025-02-08,8
PO002343,SUP003,COMP001,7687,2025-03-16,13
PO002344,SUP001,COMP035,11116,2025-06-06,13
PO002345,SUP003,COMP020,827,2025-10-08,19
PO002346,SUP007,COMP003,12619,2025-11-09,16
PO002347,SUP010,COMP009,5703,2025-04-28,10
PO002348,SUP007,COMP003,2124,2025-12-11,3
PO002349,SUP010,COMP040,9922,2025-05-02,5
PO002350,SUP010,COMP007,13165,2025-12-28,11
PO002351,SUP001,COMP002,13792,2025-11-01,22
PO002352,SUP009,COMP008,3199,2025-11-16,17
PO002353,SUP002,COMP038,2723,2025-12-05,25
PO002354,SUP003,COMP034,9032,2025-08-18,12
PO002355,SUP002,COMP022,12132,2025-10-30,11
PO002356,SUP010,COMP010,13615,2025-07-02,11
PO002357,SUP004,COMP020,12094,2025-06-19,4
PO002358,SUP003,COMP026,7485,2025-05-14,23
PO002359,SUP003,COMP031,4478,2025-09-30,25
PO002360,SUP007,COMP039,14495,2025-07-21,16
PO002361,SUP005,COMP036,1524,2025-02-12,4
PO002362,SUP006,COMP005,13049,2025-03-29,21
PO002363,SUP003,COMP030,2931,2025-05-19,9
PO002364,SUP001,COMP028,8572,2025-08-30,18
PO002365,SUP010,COMP034,4326,2025-12-06,15
PO002366,SUP008,COMP030,8816,2025-02-04,3
PO002367,SUP008,COMP001,8866,2025-12-20,7
PO002368,SUP005,COMP004,8746,2025-11-09,10
PO002369,SUP006,COMP006,12228,2025-12-22,10
PO002370,SUP004,COMP007,6323,2025-08-21,21
PO002371,SUP003,COMP004,9706,2025-04-03,24
PO002372,SUP004,COMP028,6813,2025-02-12,25
PO002373,SUP007,COMP011,764,2025-02-12,17
PO002374,SUP003,COMP038,13796,2025-06-16,6
PO002375,SUP003,COMP025,11058,2025-07-25,4
PO002376,SUP009,COMP027,10108,2025-08-05,6
PO002377,SUP002,COMP002,9587,2025-05-19,3
PO002378,SUP004,COMP040,941,2025-10-18,8
PO002379,SUP008,COMP026,8420,2025-04-21,16
PO002380,SUP001,COMP034,7339,2025-04-28,9
PO002381,SUP004,COMP038,10257,2025-11-28,14
PO002382,SUP001,COMP026,6906,2025-12-26,15
PO002383,SUP008,COMP028,640,2025-06-24,14
PO002384,SUP001,COMP034,11077,2025-01-14,23
PO002385,SUP001,COMP022,14122,2025-01-25,24
PO002386,SUP010,COMP004,9484,2025-04-22,4
PO002387,SUP007,COMP040,3560,2025-07-04,4
PO002388,SUP010,COMP033,14089,2025-01-19,14
PO002389,SUP006,COMP028,5333,2025-06-09,5
PO002390,SUP010,COMP037,12768,2025-05-28,5
PO002391,SUP003,COMP017,3960,2025-08-02,5
PO002392,SUP007,COMP004,6591,2025-01-07,25
PO002393,SUP003,COMP039,10915,2025-10-27,22
PO002394,SUP001,COMP029,7036,2025-02-17,21
PO002395,SUP002,COMP033,2295,2025-06-08,22
PO002396,SUP009,COMP014,7267,2025-09-10,19
PO002397,SUP005,COMP040,735,2025-05-02,7
PO002398,SUP002,COMP029,7749,2025-05-23,21
PO002399,SUP002,COMP008,13063,2025-09-02,16
PO002400,SUP008,COMP022,6584,2025-01-12,25
PO002401,SUP001,COMP018,3584,2025-09-10,13
PO002402,SUP004,COMP007,5946,2025-08-17,14
PO002403,SUP003,COMP012,10671,2025-06-14,4
PO002404,SUP009,COMP016,13988,2025-10-14,15
PO002405,SUP001,COMP013,10055,2025-01-31,9
PO002406,SUP007,COMP032,5269,2025-10-12,16
PO002407,SUP008,COMP024,14958,2025-07-22,18
PO002408,SUP006,COMP014,13148,2025-06-16,5
PO002409,SUP006,COMP016,4738,2025-12-05,25
PO002410,SUP008,COMP019,3808,2025-11-03,7
PO002411,SUP008,COMP001,8988,2025-02-23,8
PO002412,SUP001,COMP030,9440,2025-01-23,25
PO002413,SUP001,COMP014,8570,2025-10-04,5
PO002414,SUP001,COMP008,550,2025-05-08,23
PO002415,SUP003,COMP001,8737,2025-03-19,10
PO002416,SUP005,COMP007,13815,2025-07-27,3
PO002417,SUP010,COMP040,902,2025-10-23,17
PO002418,SUP006,COMP032,12039,2025-09-24,20
PO002419,SUP006,COMP008,7062,2025-07-24,5
PO002420,SUP010,COMP002,8670,2025-07-22,11
PO002421,SUP005,COMP018,10317,2025-01-25,11
PO002422,SUP004,COMP038,5233,2025-12-10,25
PO002423,SUP007,COMP005,7613,2025-11-28,7
PO002424,SUP003,COMP011,8138,2025-12-20,17
PO002425,SUP003,COMP028,2214,2025-01-10,13
PO002426,SUP005,COMP003,3275,2025-07-15,3
PO002427,SUP003,COMP034,11144,2025-06-04,16
PO002428,SUP006,COMP022,10080,2025-03-14,5
PO002429,SUP009,COMP038,5694,2025-07-16,20
PO002430,SUP009,COMP026,4598,2025-11-16,21
PO002431,SUP004,COMP013,11455,2025-10-27,17
PO002432,SUP005,COMP023,3616,2025-11-07,5
PO002433,SUP009,COMP003,3387,2025-04-30,20
PO002434,SUP005,COMP036,7723,2025-07-30,5
PO002435,SUP005,COMP020,4678,2025-04-25,25
PO002436,SUP004,COMP029,4298,2025-07-13,23
PO002437,SUP001,COMP040,14355,2025-02-01,19
PO002438,SUP006,COMP029,6061,2025-04-25,17
PO002439,SUP010,COMP020,7754,2025-07-20,9
PO002440,SUP002,COMP034,12219,2025-04-22,23
PO002441,SUP005,COMP012,12140,2025-10-21,3
PO002442,SUP001,COMP011,5177,2025-10-31,8
PO002443,SUP008,COMP035,13544,2025-06-25,8
PO002444,SUP004,COMP019,7045,2025-12-04,5
PO002445,SUP006,COMP005,13435,2025-03-23,6
PO002446,SUP007,COMP032,7106,2025-01-03,19
PO002447,SUP010,COMP027,1224,2025-02-15,3
PO002448,SUP007,COMP028,14814,2025-06-12,19
PO002449,SUP010,COMP029,8725,2025-12-13,8
PO002450,SUP005,COMP009,12543,2025-07-09,16
PO002451,SUP006,COMP036,2642,2025-10-23,9
PO002452,SUP009,COMP022,4604,2025-12-26,23
PO002453,SUP001,COMP020,12327,2025-05-31,23
PO002454,SUP006,COMP002,11795,2025-04-30,21
PO002455,SUP009,COMP026,3672,2025-09-27,9
PO002456,SUP005,COMP025,6890,2025-11-05,3
PO002457,SUP009,COMP008,4718,2025-05-31,22
PO002458,SUP009,COMP026,1213,2025-03-12,22
PO002459,SUP007,COMP022,4188,2025-04-04,24
PO002460,SUP009,COMP015,14685,2025-02-09,14
PO002461,SUP004,COMP002,8354,2025-01-09,17
PO002462,SUP010,COMP007,10624,2025-01-22,12
PO002463,SUP009,COMP032,8960,2025-08-06,3
PO002464,SUP002,COMP023,1517,2025-09-21,25
PO002465,SUP004,COMP016,5040,2025-06-13,5
PO002466,SUP003,COMP039,9147,2025-03-18,22
PO002467,SUP005,COMP023,4978,2025-02-14,19
PO002468,SUP004,COMP013,13258,2025-09-12,20
PO002469,SUP009,COMP007,5485,2025-11-30,18
PO002470,SUP005,COMP010,14976,2025-06-29,3
PO002471,SUP008,COMP020,4143,2025-09-27,7
PO002472,SUP001,COMP013,10245,2025-07-02,24
PO002473,SUP001,COMP004,7762,2025-09-18,16
PO002474,SUP008,COMP029,14707,2025-06-20,13
PO002475,SUP001,COMP003,13235,2025-06-14,9
PO002476,SUP006,COMP031,13532,2025-11-23,23
PO002477,SUP007,COMP004,11187,2025-04-23,15
PO002478,SUP008,COMP014,4059,2025-07-19,5
PO002479,SUP005,COMP012,4648,2025-08-30,11
PO002480,SUP002,COMP023,13025,2025-02-17,16
PO002481,SUP004,COMP010,10589,2025-06-11,16
PO002482,SUP007,COMP005,11006,2025-05-21,19
PO002483,SUP003,COMP017,11191,2025-05-04,16
PO002484,SUP005,COMP035,6103,2025-02-08,17
PO002485,SUP009,COMP011,11893,2025-08-19,24
PO002486,SUP006,COMP032,8267,2025-04-14,4
PO002487,SUP007,COMP005,4766,2025-07-20,3
PO002488,SUP002,COMP032,11472,2025-05-11,5
PO002489,SUP010,COMP025,5522,2025-01-14,4
PO002490,SUP001,COMP038,3040,2025-06-17,16
PO002491,SUP009,COMP013,14409,2025-12-13,13
PO002492,SUP010,COMP028,14082,2025-03-06,17
PO002493,SUP009,COMP016,10754,2025-10-13,18
PO002494,SUP008,COMP031,6765,2025-06-18,11
PO002495,SUP001,COMP009,4176,2025-06-02,18
PO002496,SUP002,COMP019,6145,2025-02-28,9
PO002497,SUP008,COMP018,11292,2025-01-04,7
PO002498,SUP009,COMP011,7350,2025-07-02,23
PO002499,SUP007,COMP022,3462,2025-10-19,10
PO002500,SUP007,COMP031,6430,2025-07-18,8
PO002501,SUP008,COMP024,12978,2025-05-09,13
PO002502,SUP005,COMP001,4339,2025-06-06,21
PO002503,SUP009,COMP037,4543,2025-11-06,17
PO002504,SUP006,COMP040,6365,2025-06-18,10
PO002505,SUP007,COMP020,10795,2025-03-28,8
PO002506,SUP001,COMP038,4792,2025-08-13,4
PO002507,SUP006,COMP017,4759,2025-09-11,15
PO002508,SUP006,COMP033,14857,2025-12-29,25
PO002509,SUP004,COMP040,11339,2025-12-29,3
PO002510,SUP002,COMP036,12436,2025-12-02,17
PO002511,SUP007,COMP039,3193,2025-08-17,4
PO002512,SUP005,COMP016,8879,2025-10-04,13
PO002513,SUP003,COMP034,7884,2025-02-02,14
PO002514,SUP009,COMP015,4946,2025-11-30,23
PO002515,SUP005,COMP015,903,2025-03-09,21
PO002516,SUP010,COMP030,12244,2025-05-03,20
PO002517,SUP006,COMP020,4928,2025-04-01,11
PO002518,SUP001,COMP010,10580,2025-05-13,20
PO002519,SUP001,COMP020,11950,2025-08-06,19
PO002520,SUP009,COMP025,12011,2025-11-18,22
PO002521,SUP009,COMP040,1266,2025-10-04,25
PO002522,SUP008,COMP026,3766,2025-05-11,24
PO002523,SUP003,COMP032,3212,2025-06-07,17
PO002524,SUP008,COMP007,2325,2025-06-29,17
PO002525,SUP009,COMP030,3670,2025-09-03,20
PO002526,SUP002,COMP022,7162,2025-03-04,15
PO002527,SUP003,COMP005,12633,2025-09-08,9
PO002528,SUP007,COMP031,14340,2025-02-13,10
PO002529,SUP009,COMP032,3735,2025-02-02,12
PO002530,SUP001,COMP014,1734,2025-10-19,25
PO002531,SUP002,COMP026,7465,2025-08-01,25
PO002532,SUP002,COMP028,3278,2025-06-09,24
PO002533,SUP007,COMP040,12368,2025-10-07,19
PO002534,SUP010,COMP028,8356,2025-07-21,8
PO002535,SUP002,COMP033,2771,2025-04-03,12
PO002536,SUP008,COMP037,10808,2025-11-19,8
PO002537,SUP003,COMP017,8594,2025-07-27,23
PO002538,SUP009,COMP028,7708,2025-01-22,24
PO002539,SUP008,COMP007,6929,2025-08-15,5
PO002540,SUP005,COMP034,11405,2025-10-20,14
PO002541,SUP008,COMP040,2809,2025-06-20,17
PO002542,SUP009,COMP024,11835,2025-03-30,9
PO002543,SUP006,COMP010,10291,2025-09-15,4
PO002544,SUP001,COMP040,3598,2025-05-30,5
PO002545,SUP004,COMP029,4418,2025-05-09,13
PO002546,SUP005,COMP009,5185,2025-09-02,6
PO002547,SUP002,COMP023,14849,2025-06-11,19
PO002548,SUP003,COMP012,1584,2025-10-13,6
PO002549,SUP010,COMP022,1880,2025-08-16,5
PO002550,SUP010,COMP001,7888,2025-01-14,16
PO002551,SUP008,COMP031,11201,2025-08-07,24
PO002552,SUP010,COMP013,14044,2025-03-01,9
PO002553,SUP002,COMP026,14649,2025-06-02,13
PO002554,SUP004,COMP036,3718,2025-04-09,15
PO002555,SUP005,COMP011,6214,2025-06-15,3
PO002556,SUP004,COMP024,4511,2025-05-05,25
PO002557,SUP003,COMP006,1041,2025-02-21,8
PO002558,SUP006,COMP020,11937,2025-07-26,17
PO002559,SUP006,COMP039,1630,2025-05-30,21
PO002560,SUP010,COMP039,6368,2025-10-20,17
PO002561,SUP008,COMP003,4308,2025-02-18,25
PO002562,SUP008,COMP001,6404,2025-08-08,20
PO002563,SUP003,COMP024,9541,2025-04-11,8
PO002564,SUP001,COMP005,4854,2025-04-21,13
PO002565,SUP005,COMP024,6862,2025-04-09,15
PO002566,SUP008,COMP040,8860,2025-09-21,24
PO002567,SUP004,COMP028,8701,2025-08-10,10
PO002568,SUP007,COMP020,11461,2025-06-09,12
PO002569,SUP010,COMP033,14858,2025-03-01,3
PO002570,SUP007,COMP013,12814,2025-03-09,16
PO002571,SUP008,COMP013,9749,2025-03-13,23
PO002572,SUP001,COMP025,13946,2025-12-30,3
PO002573,SUP005,COMP009,14713,2025-10-25,12
PO002574,SUP003,COMP040,10491,2025-03-13,5
PO002575,SUP002,COMP040,14090,2025-03-31,11
PO002576,SUP008,COMP017,3981,2025-11-25,23
PO002577,SUP006,COMP004,7559,2025-11-05,24
PO002578,SUP008,COMP035,3276,2025-01-31,21
PO002579,SUP010,COMP014,8735,2025-09-03,7
PO002580,SUP002,COMP007,2767,2025-01-10,9
PO002581,SUP009,COMP010,12350,2025-10-31,22
PO002582,SUP009,COMP013,10125,2025-11-02,4
PO002583,SUP002,COMP024,542,2025-12-08,24
PO002584,SUP006,COMP040,6224,2025-06-02,18
PO002585,SUP007,COMP006,7620,2025-10-14,4
PO002586,SUP007,COMP033,1064,2025-05-02,4
PO002587,SUP005,COMP002,600,2025-06-17,24
PO002588,SUP005,COMP027,9032,2025-01-09,5
PO002589,SUP004,COMP008,13936,2025-05-21,9
PO002590,SUP004,COMP027,515,2025-07-03,18
PO002591,SUP005,COMP013,3543,2025-02-22,6
PO002592,SUP002,COMP023,4859,2025-10-22,13
PO002593,SUP010,COMP040,2630,2025-10-23,5
PO002594,SUP008,COMP039,12548,2025-02-25,22
PO002595,SUP007,COMP040,13596,2025-12-03,4
PO002596,SUP010,COMP005,4349,2025-07-14,12
PO002597,SUP002,COMP032,11042,2025-08-02,13
PO002598,SUP010,COMP009,796,2025-07-08,21
PO002599,SUP005,COMP035,10895,2025-04-15,15
PO002600,SUP001,COMP037,947,2025-02-08,16
PO002601,SUP009,COMP001,2259,2025-02-12,13
PO002602,SUP004,COMP027,795,2025-11-16,15
PO002603,SUP005,COMP014,10469,2025-06-03,14
PO002604,SUP004,COMP018,10457,2025-09-10,9
PO002605,SUP003,COMP004,548,2025-10-26,16
PO002606,SUP001,COMP008,6588,2025-04-11,13
PO002607,SUP004,COMP002,6378,2025-04-23,8
PO002608,SUP006,COMP028,12706,2025-03-30,12
PO002609,SUP009,COMP035,12658,2025-10-15,23
PO002610,SUP009,COMP002,14658,2025-06-03,22
PO002611,SUP008,COMP003,4837,2025-07-30,11
PO002612,SUP009,COMP022,5787,2025-07-02,6
PO002613,SUP007,COMP037,12496,2025-04-18,8
PO002614,SUP005,COMP003,14318,2025-06-20,23
PO002615,SUP008,COMP019,2134,2025-02-11,23
PO002616,SUP010,COMP014,6555,2025-04-12,21
PO002617,SUP002,COMP001,4341,2025-09-20,23
PO002618,SUP010,COMP005,11864,2025-07-22,15
PO002619,SUP008,COMP029,11759,2025-01-14,22
PO002620,SUP006,COMP010,1687,2025-09-17,13
PO002621,SUP009,COMP025,9194,2025-01-22,11
PO002622,SUP004,COMP039,4766,2025-03-15,21
PO002623,SUP001,COMP003,13490,2025-09-21,24
PO002624,SUP009,COMP038,2841,2025-06-17,20
PO002625,SUP006,COMP031,8920,2025-04-13,22
PO002626,SUP009,COMP003,3641,2025-09-02,3
PO002627,SUP004,COMP029,8224,2025-04-16,5
PO002628,SUP003,COMP004,6532,2025-10-10,20
PO002629,SUP007,COMP037,11026,2025-12-19,12
PO002630,SUP009,COMP023,3862,2025-12-21,4
PO002631,SUP008,COMP017,9027,2025-08-23,20
PO002632,SUP002,COMP013,4699,2025-01-12,21
PO002633,SUP006,COMP008,4985,2025-01-08,13
PO002634,SUP001,COMP005,9569,2025-02-21,10
PO002635,SUP007,COMP005,8598,2025-01-18,3
PO002636,SUP001,COMP018,8932,2025-07-03,12
PO002637,SUP002,COMP009,11674,2025-04-09,24
PO002638,SUP005,COMP033,2196,2025-01-05,21
PO002639,SUP005,COMP021,3210,2025-06-12,13
PO002640,SUP004,COMP037,6810,2025-03-16,13
PO002641,SUP006,COMP028,1783,2025-05-20,11
PO002642,SUP002,COMP010,11365,2025-12-21,21
PO002643,SUP009,COMP029,1503,2025-02-02,4
PO002644,SUP010,COMP013,11335,2025-03-08,6
PO002645,SUP006,COMP010,10147,2025-05-11,6
PO002646,SUP008,COMP028,2295,2025-02-26,6
PO002647,SUP005,COMP033,4336,2025-03-22,11
PO002648,SUP001,COMP039,7155,2025-06-25,7
PO002649,SUP007,COMP005,2658,2025-03-05,15
PO002650,SUP007,COMP037,5391,2025-09-22,5
PO002651,SUP001,COMP001,1761,2025-02-02,8
PO002652,SUP004,COMP015,11903,2025-01-12,6
PO002653,SUP007,COMP030,9997,2025-07-15,13
PO002654,SUP006,COMP025,11158,2025-08-26,10
PO002655,SUP003,COMP015,9484,2025-11-28,9
PO002656,SUP007,COMP033,5536,2025-02-20,12
PO002657,SUP004,COMP020,5112,2025-07-21,8
PO002658,SUP003,COMP033,870,2025-09-07,11
PO002659,SUP010,COMP004,5641,2025-04-13,19
PO002660,SUP010,COMP001,6115,2025-11-11,14
PO002661,SUP001,COMP040,13005,2025-05-19,8
PO002662,SUP009,COMP005,7643,2025-10-06,10
PO002663,SUP007,COMP010,5928,2025-08-17,18
PO002664,SUP003,COMP006,930,2025-12-25,19
PO002665,SUP008,COMP012,8149,2025-05-27,6
PO002666,SUP001,COMP024,10051,2025-02-10,14
PO002667,SUP008,COMP037,8838,2025-02-13,14
PO002668,SUP006,COMP022,1992,2025-10-10,12
PO002669,SUP010,COMP023,12266,2025-07-08,8
PO002670,SUP010,COMP028,4694,2025-05-07,23
PO002671,SUP006,COMP009,2756,2025-02-19,18
PO002672,SUP004,COMP009,9538,2025-06-06,7
PO002673,SUP005,COMP034,8356,2025-11-26,24
PO002674,SUP003,COMP037,9261,2025-01-31,24
PO002675,SUP003,COMP002,3038,2025-11-13,5
PO002676,SUP008,COMP012,6790,2025-06-10,6
PO002677,SUP004,COMP017,2885,2025-01-17,12
PO002678,SUP006,COMP032,8949,2025-02-26,10
PO002679,SUP002,COMP019,6445,2025-07-14,7
PO002680,SUP006,COMP015,1492,2025-04-22,4
PO002681,SUP003,COMP018,14424,2025-02-03,10
PO002682,SUP001,COMP001,2393,2025-02-27,9
PO002683,SUP002,COMP019,7451,2025-06-04,12
PO002684,SUP003,COMP006,5120,2025-05-08,17
PO002685,SUP008,COMP033,11606,2025-12-13,3
PO002686,SUP006,COMP022,11375,2025-11-12,7
PO002687,SUP003,COMP031,8270,2025-01-13,24
PO002688,SUP003,COMP028,1369,2025-06-06,21
PO002689,SUP008,COMP026,10706,2025-11-30,18
PO002690,SUP010,COMP038,12559,2025-09-23,17
PO002691,SUP003,COMP023,7100,2025-12-10,21
PO002692,SUP007,COMP020,1775,2025-02-02,9
PO002693,SUP006,COMP001,14492,2025-08-18,25
PO002694,SUP007,COMP019,10627,2025-11-15,15
PO002695,SUP008,COMP011,11978,2025-08-17,25
PO002696,SUP007,COMP013,4067,2025-10-17,16
PO002697,SUP009,COMP002,1156,2025-08-15,6
PO002698,SUP002,COMP040,14648,2025-05-25,18
PO002699,SUP006,COMP004,11283,2025-07-02,23
PO002700,SUP003,COMP009,1245,2025-02-18,5
PO002701,SUP003,COMP031,13845,2025-01-05,12
PO002702,SUP003,COMP009,11963,2025-07-09,21
PO002703,SUP004,COMP016,11132,2025-03-12,9
PO002704,SUP009,COMP006,13741,2025-06-05,10
PO002705,SUP004,COMP008,7156,2025-02-08,16
PO002706,SUP007,COMP040,14913,2025-12-07,18
PO002707,SUP005,COMP020,14879,2025-07-31,21
PO002708,SUP008,COMP003,8491,2025-02-28,6
PO002709,SUP010,COMP034,13723,2025-10-24,13
PO002710,SUP002,COMP008,2428,2025-07-09,18
PO002711,SUP009,COMP030,2603,2025-05-03,21
PO002712,SUP001,COMP013,8605,2025-03-02,13
PO002713,SUP006,COMP034,7064,2025-01-06,8
PO002714,SUP007,COMP020,2633,2025-04-18,15
PO002715,SUP003,COMP020,6052,2025-09-18,20
PO002716,SUP005,COMP025,12636,2025-10-25,9
PO002717,SUP008,COMP005,13811,2025-05-24,17
PO002718,SUP009,COMP032,6175,2025-01-14,19
PO002719,SUP001,COMP023,11086,2025-12-22,17
PO002720,SUP002,COMP005,13920,2025-09-12,19
PO002721,SUP005,COMP020,5072,2025-01-26,4
PO002722,SUP003,COMP032,14021,2025-05-14,19
PO002723,SUP010,COMP017,3285,2025-05-22,12
PO002724,SUP004,COMP029,10452,2025-04-15,15
PO002725,SUP007,COMP028,1354,2025-05-27,12
PO002726,SUP009,COMP026,13374,2025-08-23,6
PO002727,SUP002,COMP035,9085,2025-02-08,16
PO002728,SUP002,COMP034,3265,2025-09-08,25
PO002729,SUP008,COMP015,5347,2025-08-17,17
PO002730,SUP005,COMP038,7342,2025-08-13,19
PO002731,SUP005,COMP024,11973,2025-03-06,17
PO002732,SUP004,COMP016,11022,2025-11-21,23
PO002733,SUP002,COMP034,14091,2025-09-24,6
PO002734,SUP006,COMP027,8618,2025-06-17,12
PO002735,SUP002,COMP014,13462,2025-06-21,11
PO002736,SUP006,COMP022,11344,2025-08-13,22
PO002737,SUP008,COMP002,12360,2025-08-24,22
PO002738,SUP001,COMP031,7741,2025-11-25,4
PO002739,SUP005,COMP024,6027,2025-04-18,3
PO002740,SUP001,COMP005,8445,2025-04-11,6
PO002741,SUP005,COMP007,2979,2025-08-30,8
PO002742,SUP006,COMP038,3373,2025-02-25,23
PO002743,SUP003,COMP037,10762,2025-10-11,14
PO002744,SUP007,COMP029,11815,2025-03-07,11
PO002745,SUP001,COMP024,6496,2025-06-25,23
PO002746,SUP003,COMP021,14447,2025-02-23,18
PO002747,SUP008,COMP019,10898,2025-09-30,14
PO002748,SUP007,COMP021,3056,2025-11-29,15
PO002749,SUP005,COMP010,12940,2025-05-19,9
PO002750,SUP008,COMP020,3030,2025-09-16,7
PO002751,SUP003,COMP002,3528,2025-03-07,4
PO002752,SUP005,COMP005,557,2025-08-03,12
PO002753,SUP010,COMP026,1187,2025-08-23,8
PO002754,SUP007,COMP022,3062,2025-02-01,24
PO002755,SUP002,COMP018,8913,2025-08-25,16
PO002756,SUP001,COMP040,7237,2025-08-20,10
PO002757,SUP008,COMP011,6626,2025-01-18,4
PO002758,SUP010,COMP016,3134,2025-03-02,21
PO002759,SUP006,COMP025,12307,2025-11-15,9
PO002760,SUP003,COMP004,6635,2025-01-01,16
PO002761,SUP006,COMP003,7003,2025-10-18,15
PO002762,SUP002,COMP022,9363,2025-09-24,11
PO002763,SUP005,COMP023,2574,2025-04-22,15
PO002764,SUP005,COMP038,4831,2025-02-06,6
PO002765,SUP001,COMP003,13521,2025-12-13,8
PO002766,SUP001,COMP035,9834,2025-07-12,18
PO002767,SUP007,COMP003,5373,2025-01-30,16
PO002768,SUP003,COMP016,3555,2025-02-19,14
PO002769,SUP002,COMP030,5661,2025-03-05,22
PO002770,SUP007,COMP031,10170,2025-04-02,21
PO002771,SUP007,COMP002,6026,2025-09-25,16
PO002772,SUP006,COMP015,1820,2025-05-19,24
PO002773,SUP004,COMP018,3418,2025-04-02,4
PO002774,SUP008,COMP003,5198,2025-04-22,5
PO002775,SUP001,COMP030,7994,2025-03-28,8
PO002776,SUP003,COMP036,8147,2025-05-10,22
PO002777,SUP010,COMP022,8801,2025-10-18,9
PO002778,SUP007,COMP032,5301,2025-03-26,20
PO002779,SUP007,COMP003,1844,2025-09-06,15
PO002780,SUP008,COMP034,7876,2025-04-20,19
PO002781,SUP009,COMP004,2434,2025-02-23,5
PO002782,SUP004,COMP003,11197,2025-06-29,8
PO002783,SUP010,COMP010,3905,2025-09-29,10
PO002784,SUP006,COMP011,2923,2025-04-18,17
PO002785,SUP008,COMP022,1224,2025-05-19,12
PO002786,SUP009,COMP002,7013,2025-12-01,10
PO002787,SUP003,COMP017,5065,2025-10-09,24
PO002788,SUP010,COMP026,9492,2025-05-09,16
PO002789,SUP001,COMP018,14331,2025-02-26,25
PO002790,SUP003,COMP027,2217,2025-07-22,14
PO002791,SUP006,COMP020,2626,2025-08-28,21
PO002792,SUP004,COMP013,11291,2025-10-29,21
PO002793,SUP008,COMP004,2667,2025-03-03,12
PO002794,SUP007,COMP005,12644,2025-07-17,22
PO002795,SUP001,COMP020,8259,2025-12-09,15
PO002796,SUP002,COMP004,2938,2025-11-09,16
PO002797,SUP006,COMP017,5312,2025-02-12,21
PO002798,SUP001,COMP017,3750,2025-09-08,17
PO002799,SUP001,COMP011,10624,2025-12-05,16
PO002800,SUP008,COMP003,5909,2025-01-06,9
PO002801,SUP006,COMP027,13255,2025-03-28,10
PO002802,SUP008,COMP012,12837,2025-05-21,15
PO002803,SUP005,COMP021,13746,2025-07-23,3
PO002804,SUP005,COMP035,12952,2025-07-02,5
PO002805,SUP002,COMP038,10218,2025-01-17,15
PO002806,SUP006,COMP026,12493,2025-05-01,8
PO002807,SUP003,COMP026,8449,2025-11-06,5
PO002808,SUP002,COMP005,13840,2025-09-09,19
PO002809,SUP006,COMP008,3444,2025-06-27,22
PO002810,SUP003,COMP030,3425,2025-10-25,5
PO002811,SUP007,COMP039,5270,2025-03-13,7
PO002812,SUP003,COMP039,2827,2025-06-28,10
PO002813,SUP009,COMP017,1658,2025-10-10,17
PO002814,SUP006,COMP031,6894,2025-02-14,18
PO002815,SUP007,COMP024,11635,2025-09-06,8
PO002816,SUP003,COMP017,14636,2025-07-06,19
PO002817,SUP009,COMP016,7643,2025-08-10,3
PO002818,SUP008,COMP038,9668,2025-04-21,10
PO002819,SUP005,COMP004,8917,2025-04-13,9
PO002820,SUP008,COMP033,4074,2025-07-20,23
PO002821,SUP002,COMP023,14151,2025-11-21,21
PO002822,SUP003,COMP025,7293,2025-09-25,15
PO002823,SUP007,COMP034,886,2025-10-05,3
PO002824,SUP008,COMP038,6549,2025-08-02,13
PO002825,SUP004,COMP004,913,2025-01-26,8
PO002826,SUP003,COMP032,6473,2025-01-07,22
PO002827,SUP004,COMP027,11297,2025-01-09,11
PO002828,SUP008,COMP001,10638,2025-03-21,20
PO002829,SUP001,COMP016,4139,2025-08-20,5
PO002830,SUP005,COMP010,11677,2025-02-27,9
PO002831,SUP008,COMP019,7865,2025-04-01,18
PO002832,SUP010,COMP015,9982,2025-03-31,23
PO002833,SUP003,COMP027,12358,2025-12-27,19
PO002834,SUP010,COMP018,14820,2025-10-20,13
PO002835,SUP005,COMP011,8671,2025-08-02,7
PO002836,SUP010,COMP016,12442,2025-05-07,15
PO002837,SUP010,COMP033,4010,2025-03-14,12
PO002838,SUP001,COMP031,3348,2025-09-21,5
PO002839,SUP010,COMP023,10522,2025-09-15,6
PO002840,SUP007,COMP005,11391,2025-09-14,3
PO002841,SUP010,COMP033,13916,2025-01-16,22
PO002842,SUP009,COMP036,12359,2025-02-01,11
PO002843,SUP001,COMP040,3905,2025-04-29,15
PO002844,SUP003,COMP029,2901,2025-05-18,12
PO002845,SUP006,COMP009,3542,2025-09-05,14
PO002846,SUP010,COMP017,2729,2025-07-19,18
PO002847,SUP004,COMP009,11796,2025-12-27,25
PO002848,SUP008,COMP012,3537,2025-03-17,6
PO002849,SUP006,COMP023,4401,2025-03-16,13
PO002850,SUP001,COMP007,6928,2025-11-13,21
PO002851,SUP004,COMP012,9784,2025-08-15,11
PO002852,SUP006,COMP007,1898,2025-12-27,24
PO002853,SUP007,COMP022,13849,2025-12-26,5
PO002854,SUP007,COMP001,9456,2025-07-24,8
PO002855,SUP005,COMP038,13333,2025-06-16,6
PO002856,SUP004,COMP013,10020,2025-08-06,16
PO002857,SUP001,COMP022,14064,2025-08-26,13
PO002858,SUP003,COMP037,7153,2025-07-22,12
PO002859,SUP008,COMP005,11644,2025-02-17,19
PO002860,SUP002,COMP014,2705,2025-12-04,3
PO002861,SUP008,COMP010,3667,2025-10-21,6
PO002862,SUP010,COMP006,9303,2025-05-15,15
PO002863,SUP006,COMP024,14596,2025-01-28,16
PO002864,SUP004,COMP028,10007,2025-12-22,24
PO002865,SUP009,COMP022,13406,2025-02-02,15
PO002866,SUP008,COMP027,11130,2025-07-04,14
PO002867,SUP010,COMP040,12824,2025-10-25,5
PO002868,SUP010,COMP025,14012,2025-07-31,21
PO002869,SUP008,COMP026,1506,2025-04-05,7
PO002870,SUP004,COMP025,5001,2025-06-06,21
PO002871,SUP010,COMP023,11744,2025-02-23,12
PO002872,SUP004,COMP029,11422,2025-01-03,11
PO002873,SUP004,COMP017,3040,2025-06-01,22
PO002874,SUP002,COMP027,3044,2025-08-09,9
PO002875,SUP002,COMP032,8166,2025-08-29,11
PO002876,SUP005,COMP010,3467,2025-03-16,6
PO002877,SUP003,COMP020,2649,2025-11-27,6
PO002878,SUP010,COMP031,3642,2025-09-20,5
PO002879,SUP010,COMP002,4310,2025-05-12,17
PO002880,SUP004,COMP007,7933,2025-06-17,6
PO002881,SUP001,COMP012,10181,2025-07-07,20
PO002882,SUP004,COMP036,5856,2025-01-08,19
PO002883,SUP004,COMP016,3257,2025-08-31,6
PO002884,SUP001,COMP020,5645,2025-04-17,13
PO002885,SUP002,COMP014,5707,2025-11-29,16
PO002886,SUP004,COMP019,4189,2025-02-03,25
PO002887,SUP008,COMP005,10419,2025-12-11,23
PO002888,SUP002,COMP025,4272,2025-04-11,14
PO002889,SUP005,COMP029,10792,2025-02-13,25
PO002890,SUP006,COMP017,14677,2025-04-19,10
PO002891,SUP009,COMP011,5802,2025-06-04,6
PO002892,SUP008,COMP027,9421,2025-10-20,7
PO002893,SUP003,COMP003,7021,2025-10-04,7
PO002894,SUP010,COMP038,12392,2025-05-11,13
PO002895,SUP009,COMP003,3346,2025-09-20,12
PO002896,SUP006,COMP030,2441,2025-12-12,20
PO002897,SUP007,COMP037,11750,2025-02-21,21
PO002898,SUP009,COMP006,7499,2025-04-01,14
PO002899,SUP005,COMP039,10413,2025-04-11,6
PO002900,SUP005,COMP021,4576,2025-08-03,13
PO002901,SUP002,COMP013,4055,2025-09-22,16
PO002902,SUP002,COMP015,7287,2025-08-27,25
PO002903,SUP005,COMP025,1839,2025-08-09,6
PO002904,SUP007,COMP001,5721,2025-05-20,10
PO002905,SUP004,COMP029,11673,2025-01-11,18
PO002906,SUP004,COMP025,8194,2025-02-10,7
PO002907,SUP008,COMP017,8427,2025-01-03,16
PO002908,SUP010,COMP024,4421,2025-02-09,8
PO002909,SUP002,COMP030,13434,2025-09-28,22
PO002910,SUP005,COMP001,11363,2025-12-18,15
PO002911,SUP010,COMP029,2800,2025-11-01,16
PO002912,SUP008,COMP010,14492,2025-01-27,11
PO002913,SUP002,COMP036,7545,2025-03-28,22
PO002914,SUP004,COMP005,10590,2025-02-24,23
PO002915,SUP007,COMP029,9543,2025-11-20,17
PO002916,SUP006,COMP036,6809,2025-12-20,11
PO002917,SUP008,COMP017,733,2025-03-01,22
PO002918,SUP003,COMP024,6144,2025-05-07,6
PO002919,SUP008,COMP022,5844,2025-01-01,11
PO002920,SUP007,COMP007,7618,2025-02-27,12
PO002921,SUP004,COMP035,14355,2025-05-20,4
PO002922,SUP004,COMP039,14803,2025-08-27,7
PO002923,SUP007,COMP031,6009,2025-05-25,14
PO002924,SUP008,COMP027,13910,2025-10-29,23
PO002925,SUP001,COMP038,5321,2025-02-15,11
PO002926,SUP003,COMP023,11314,2025-02-01,22
PO002927,SUP006,COMP026,3721,2025-07-29,24
PO002928,SUP001,COMP014,8846,2025-06-19,23
PO002929,SUP006,COMP011,8808,2025-09-25,8
PO002930,SUP004,COMP008,3942,2025-03-18,22
PO002931,SUP010,COMP028,8465,2025-09-20,9
PO002932,SUP005,COMP013,6380,2025-10-02,25
PO002933,SUP006,COMP040,9985,2025-02-25,22
PO002934,SUP008,COMP030,7205,2025-05-07,19
PO002935,SUP006,COMP033,6919,2025-12-27,24
PO002936,SUP010,COMP010,2822,2025-06-21,25
PO002937,SUP005,COMP015,8491,2025-12-21,16
PO002938,SUP004,COMP027,7139,2025-04-01,19
PO002939,SUP008,COMP007,1758,2025-08-25,6
PO002940,SUP007,COMP024,14610,2025-04-19,23
PO002941,SUP006,COMP039,12908,2025-06-20,14
PO002942,SUP004,COMP039,4912,2025-07-09,4
PO002943,SUP007,COMP037,9042,2025-11-12,13
PO002944,SUP009,COMP009,10443,2025-05-15,20
PO002945,SUP007,COMP016,13308,2025-02-01,22
PO002946,SUP010,COMP030,12032,2025-03-19,19
PO002947,SUP006,COMP021,11878,2025-11-18,11
PO002948,SUP002,COMP029,10009,2025-04-15,25
PO002949,SUP010,COMP020,4093,2025-02-13,12
PO002950,SUP010,COMP008,4814,2025-03-23,5
PO002951,SUP006,COMP017,5579,2025-01-17,21
PO002952,SUP007,COMP030,14305,2025-07-19,7
PO002953,SUP005,COMP010,9515,2025-07-04,18
PO002954,SUP005,COMP003,5566,2025-01-12,14
PO002955,SUP003,COMP032,10930,2025-12-20,17
PO002956,SUP001,COMP013,6532,2025-05-09,17
PO002957,SUP007,COMP025,13828,2025-04-29,4
PO002958,SUP008,COMP029,9844,2025-11-08,18
PO002959,SUP006,COMP005,11429,2025-11-27,3
PO002960,SUP010,COMP002,6975,2025-12-27,23
PO002961,SUP006,COMP007,10681,2025-05-25,3
PO002962,SUP008,COMP011,14042,2025-04-27,11
PO002963,SUP007,COMP007,6440,2025-01-22,11
PO002964,SUP002,COMP005,8676,2025-01-26,19
PO002965,SUP003,COMP037,2982,2025-03-13,4
PO002966,SUP010,COMP010,13982,2025-06-12,5
PO002967,SUP004,COMP040,964,2025-01-03,8
PO002968,SUP010,COMP023,1233,2025-02-02,5
PO002969,SUP005,COMP029,4706,2025-12-12,17
PO002970,SUP003,COMP040,9874,2025-01-29,25
PO002971,SUP006,COMP024,5775,2025-03-06,10
PO002972,SUP008,COMP033,3576,2025-12-22,22
PO002973,SUP001,COMP017,10546,2025-09-11,14
PO002974,SUP008,COMP019,5633,2025-07-12,20
PO002975,SUP005,COMP019,2734,2025-07-15,10
PO002976,SUP004,COMP014,13989,2025-05-06,23
PO002977,SUP009,COMP035,5538,2025-08-01,13
PO002978,SUP002,COMP037,1188,2025-04-17,25
PO002979,SUP005,COMP036,3774,2025-01-28,20
PO002980,SUP003,COMP019,1961,2025-04-17,4
PO002981,SUP002,COMP028,13519,2025-01-26,15
PO002982,SUP005,COMP017,13681,2025-10-25,4
PO002983,SUP004,COMP024,10966,2025-10-17,10
PO002984,SUP005,COMP008,8451,2025-12-16,18
PO002985,SUP004,COMP014,5164,2025-12-18,23
PO002986,SUP004,COMP003,12920,2025-12-27,17
PO002987,SUP002,COMP036,12291,2025-03-19,6
PO002988,SUP009,COMP011,2007,2025-07-16,24
PO002989,SUP001,COMP028,11397,2025-04-07,21
PO002990,SUP003,COMP015,1598,2025-09-28,15
PO002991,SUP008,COMP034,2359,2025-12-12,5
PO002992,SUP001,COMP035,13646,2025-02-01,7
PO002993,SUP004,COMP035,9627,2025-05-04,15
PO002994,SUP010,COMP031,602,2025-12-12,7
PO002995,SUP006,COMP029,10463,2025-06-12,10
PO002996,SUP006,COMP028,5572,2025-05-19,24
PO002997,SUP002,COMP005,10424,2025-12-02,24
PO002998,SUP004,COMP023,5283,2025-08-20,25
PO002999,SUP003,COMP034,6901,2025-05-08,21
PO003000,SUP010,COMP026,3163,2025-06-06,3
PO003001,SUP003,COMP015,8728,2025-12-26,11
PO003002,SUP010,COMP010,1443,2025-04-26,5
PO003003,SUP008,COMP023,10707,2025-02-08,11
PO003004,SUP006,COMP001,10448,2025-01-23,22
PO003005,SUP001,COMP013,10692,2025-12-12,14
PO003006,SUP008,COMP009,9039,2025-07-12,22
PO003007,SUP004,COMP040,6070,2025-05-01,21
PO003008,SUP002,COMP002,6774,2025-09-04,10
PO003009,SUP004,COMP014,9014,2025-04-05,17
PO003010,SUP007,COMP021,13935,2025-04-21,12
PO003011,SUP009,COMP004,14575,2025-04-02,25
PO003012,SUP005,COMP037,6876,2025-07-20,19
PO003013,SUP010,COMP037,12039,2025-03-29,10
PO003014,SUP009,COMP024,9475,2025-06-26,13
PO003015,SUP003,COMP002,1703,2025-01-01,24
PO003016,SUP002,COMP024,11617,2025-06-08,12
PO003017,SUP005,COMP036,14413,2025-06-08,18
PO003018,SUP010,COMP010,564,2025-08-17,11
PO003019,SUP001,COMP024,2217,2025-12-20,20
PO003020,SUP008,COMP001,3592,2025-12-14,7
PO003021,SUP003,COMP007,12338,2025-11-30,17
PO003022,SUP008,COMP022,10581,2025-11-10,4
PO003023,SUP003,COMP023,13236,2025-05-09,23
PO003024,SUP010,COMP034,4450,2025-10-21,5
PO003025,SUP001,COMP014,3382,2025-01-04,25
PO003026,SUP005,COMP007,12347,2025-01-27,10
PO003027,SUP008,COMP009,8826,2025-02-04,4
PO003028,SUP003,COMP039,7936,2025-03-30,22
PO003029,SUP006,COMP029,5853,2025-07-02,6
PO003030,SUP003,COMP028,4016,2025-08-26,4
PO003031,SUP001,COMP032,12994,2025-11-07,16
PO003032,SUP004,COMP014,12000,2025-01-12,8
PO003033,SUP003,COMP023,2195,2025-08-28,15
PO003034,SUP007,COMP028,14191,2025-09-30,22
PO003035,SUP010,COMP012,2434,2025-03-26,18
PO003036,SUP005,COMP027,3127,2025-02-20,9
PO003037,SUP004,COMP020,6470,2025-10-23,25
PO003038,SUP006,COMP036,3401,2025-11-24,22
PO003039,SUP006,COMP026,6241,2025-07-23,8
PO003040,SUP002,COMP038,3303,2025-11-03,13
PO003041,SUP010,COMP003,10059,2025-10-18,12
PO003042,SUP005,COMP005,12799,2025-06-02,18
PO003043,SUP006,COMP014,12968,2025-08-13,16
PO003044,SUP004,COMP029,12965,2025-10-12,25
PO003045,SUP003,COMP023,7339,2025-05-30,19
PO003046,SUP006,COMP035,7519,2025-06-09,18
PO003047,SUP007,COMP027,10060,2025-07-03,24
PO003048,SUP006,COMP032,8464,2025-01-03,13
PO003049,SUP002,COMP036,7165,2025-07-07,4
PO003050,SUP007,COMP030,10315,2025-10-25,16
PO003051,SUP005,COMP022,1591,2025-02-20,14
PO003052,SUP010,COMP001,5628,2025-11-12,7
PO003053,SUP006,COMP027,8742,2025-08-22,3
PO003054,SUP005,COMP011,7459,2025-05-15,15
PO003055,SUP010,COMP032,10614,2025-07-02,4
PO003056,SUP009,COMP004,13364,2025-06-03,25
PO003057,SUP007,COMP027,14250,2025-01-04,25
PO003058,SUP007,COMP015,8810,2025-12-27,8
PO003059,SUP009,COMP024,1018,2025-06-01,6
PO003060,SUP007,COMP010,13001,2025-08-26,13
PO003061,SUP001,COMP011,952,2025-11-24,22
PO003062,SUP003,COMP012,5982,2025-03-31,6
PO003063,SUP003,COMP015,9692,2025-01-07,8
PO003064,SUP010,COMP019,4849,2025-12-25,15
PO003065,SUP003,COMP032,6693,2025-05-05,13
PO003066,SUP002,COMP019,8880,2025-08-26,11
PO003067,SUP010,COMP031,10822,2025-02-16,13
PO003068,SUP002,COMP009,11525,2025-11-02,13
PO003069,SUP005,COMP024,12850,2025-10-14,22
PO003070,SUP004,COMP035,5630,2025-04-25,23
PO003071,SUP004,COMP022,8695,2025-12-05,12
PO003072,SUP010,COMP039,10777,2025-11-05,24
PO003073,SUP010,COMP005,7598,2025-10-30,14
PO003074,SUP004,COMP023,12981,2025-11-27,23
PO003075,SUP010,COMP022,2845,2025-03-10,20
PO003076,SUP008,COMP021,1797,2025-03-08,3
PO003077,SUP010,COMP003,1577,2025-10-08,5
PO003078,SUP008,COMP020,12854,2025-10-22,17
PO003079,SUP004,COMP005,2507,2025-02-10,12
PO003080,SUP010,COMP028,4412,2025-04-18,16
PO003081,SUP001,COMP037,9392,2025-11-09,25
PO003082,SUP002,COMP004,5652,2025-12-09,3
PO003083,SUP005,COMP021,10415,2025-07-19,23
PO003084,SUP002,COMP040,11221,2025-08-20,23
PO003085,SUP005,COMP004,958,2025-12-27,14
PO003086,SUP010,COMP032,6513,2025-09-24,9
PO003087,SUP005,COMP019,6359,2025-11-04,11
PO003088,SUP003,COMP006,769,2025-06-03,8
PO003089,SUP001,COMP033,5323,2025-02-15,19
PO003090,SUP003,COMP035,10775,2025-07-28,13
PO003091,SUP005,COMP037,1090,2025-08-27,20
PO003092,SUP008,COMP012,5815,2025-06-18,4
PO003093,SUP006,COMP020,2456,2025-06-21,6
PO003094,SUP010,COMP004,9900,2025-04-15,17
PO003095,SUP006,COMP029,12937,2025-08-27,3
PO003096,SUP008,COMP038,6710,2025-12-03,3
PO003097,SUP007,COMP006,11484,2025-08-05,21
PO003098,SUP005,COMP008,3961,2025-07-06,6
PO003099,SUP003,COMP035,4801,2025-10-12,9
PO003100,SUP007,COMP039,5630,2025-07-04,21
PO003101,SUP006,COMP035,3123,2025-09-06,17
PO003102,SUP001,COMP027,10052,2025-11-14,7
PO003103,SUP003,COMP027,10314,2025-12-03,6
PO003104,SUP006,COMP025,9729,2025-12-11,24
PO003105,SUP005,COMP039,968,2025-08-11,3
PO003106,SUP009,COMP012,8648,2025-08-06,6
PO003107,SUP001,COMP001,3280,2025-12-31,10
PO003108,SUP006,COMP005,11281,2025-03-12,3
PO003109,SUP010,COMP017,6487,2025-10-28,25
PO003110,SUP007,COMP038,2296,2025-06-21,18
PO003111,SUP004,COMP017,10345,2025-05-14,9
PO003112,SUP009,COMP023,10900,2025-12-05,16
PO003113,SUP004,COMP014,8309,2025-07-03,21
PO003114,SUP009,COMP018,10203,2025-12-21,5
PO003115,SUP004,COMP035,12549,2025-08-31,25
PO003116,SUP009,COMP032,14765,2025-01-02,6
PO003117,SUP009,COMP034,1951,2025-11-19,24
PO003118,SUP002,COMP008,12310,2025-04-29,10
PO003119,SUP008,COMP040,5837,2025-12-09,8
PO003120,SUP004,COMP013,2036,2025-05-17,10
PO003121,SUP003,COMP018,1835,2025-11-19,17
PO003122,SUP001,COMP030,14889,2025-02-20,7
PO003123,SUP008,COMP033,8448,2025-11-05,16
PO003124,SUP004,COMP016,12717,2025-09-19,18
PO003125,SUP010,COMP003,14290,2025-09-20,5
PO003126,SUP004,COMP012,3329,2025-01-26,19
PO003127,SUP003,COMP012,14904,2025-01-28,12
PO003128,SUP005,COMP034,5312,2025-12-04,25
PO003129,SUP004,COMP021,2338,2025-11-06,18
PO003130,SUP009,COMP036,2107,2025-08-01,11
PO003131,SUP010,COMP023,8295,2025-02-27,4
PO003132,SUP005,COMP010,11454,2025-06-24,22
PO003133,SUP010,COMP002,743,2025-12-27,23
PO003134,SUP003,COMP033,5327,2025-03-26,7
PO003135,SUP005,COMP007,8668,2025-01-23,25
PO003136,SUP002,COMP035,13618,2025-12-01,10
PO003137,SUP002,COMP016,8600,2025-09-10,24
PO003138,SUP005,COMP014,4717,2025-01-18,10
PO003139,SUP001,COMP022,12605,2025-12-08,18
PO003140,SUP010,COMP011,5941,2025-12-29,23
PO003141,SUP002,COMP032,4157,2025-04-25,10
PO003142,SUP006,COMP034,2387,2025-04-30,16
PO003143,SUP009,COMP011,12952,2025-03-25,4
PO003144,SUP002,COMP022,14535,2025-03-21,22
PO003145,SUP008,COMP040,7355,2025-10-11,14
PO003146,SUP005,COMP026,3378,2025-02-11,5
PO003147,SUP007,COMP029,642,2025-11-21,4
PO003148,SUP007,COMP011,1213,2025-09-21,7
PO003149,SUP002,COMP009,4888,2025-01-06,17
PO003150,SUP007,COMP028,5160,2025-11-22,23
PO003151,SUP006,COMP014,6871,2025-03-20,21
PO003152,SUP003,COMP008,12892,2025-12-23,10
PO003153,SUP006,COMP003,10870,2025-02-21,6
PO003154,SUP004,COMP018,4699,2025-11-07,15
PO003155,SUP009,COMP038,5844,2025-01-14,21
PO003156,SUP003,COMP037,1853,2025-09-27,12
PO003157,SUP009,COMP038,10223,2025-05-12,14
PO003158,SUP005,COMP038,5054,2025-11-01,17
PO003159,SUP003,COMP023,5329,2025-08-27,7
PO003160,SUP001,COMP019,8519,2025-05-09,12
PO003161,SUP003,COMP007,7836,2025-07-04,16
PO003162,SUP004,COMP037,4712,2025-10-28,3
PO003163,SUP005,COMP025,5834,2025-02-21,12
PO003164,SUP005,COMP017,5499,2025-08-04,25
PO003165,SUP006,COMP032,5570,2025-09-22,5
PO003166,SUP005,COMP021,3122,2025-06-12,7
PO003167,SUP009,COMP033,9251,2025-12-08,15
PO003168,SUP005,COMP025,5710,2025-01-09,20
PO003169,SUP010,COMP015,907,2025-05-09,10
PO003170,SUP002,COMP031,9643,2025-05-31,7
PO003171,SUP002,COMP016,10264,2025-02-20,10
PO003172,SUP007,COMP039,10616,2025-09-13,13
PO003173,SUP005,COMP034,4084,2025-11-12,9
PO003174,SUP008,COMP032,8425,2025-03-09,17
PO003175,SUP002,COMP024,4618,2025-03-19,8
PO003176,SUP005,COMP008,3189,2025-06-12,3
PO003177,SUP004,COMP034,11598,2025-04-18,11
PO003178,SUP002,COMP012,5218,2025-09-01,7
PO003179,SUP003,COMP015,14671,2025-08-22,7
PO003180,SUP001,COMP029,5374,2025-02-05,22
PO003181,SUP008,COMP023,4047,2025-09-02,4
PO003182,SUP001,COMP028,4370,2025-03-24,10
PO003183,SUP010,COMP039,9626,2025-12-06,23
PO003184,SUP009,COMP032,7971,2025-04-18,10
PO003185,SUP006,COMP011,2088,2025-01-01,19
PO003186,SUP006,COMP034,3599,2025-11-24,17
PO003187,SUP006,COMP023,11680,2025-10-07,8
PO003188,SUP007,COMP015,3106,2025-02-14,19
PO003189,SUP010,COMP018,13608,2025-07-09,6
PO003190,SUP001,COMP036,9074,2025-06-27,19
PO003191,SUP010,COMP038,8952,2025-12-30,24
PO003192,SUP002,COMP034,2506,2025-02-21,22
PO003193,SUP010,COMP018,3471,2025-10-15,6
PO003194,SUP008,COMP036,4352,2025-05-27,7
PO003195,SUP001,COMP027,4681,2025-04-08,9
PO003196,SUP010,COMP021,6060,2025-04-07,12
PO003197,SUP004,COMP013,5149,2025-10-16,24
PO003198,SUP008,COMP007,13093,2025-11-02,17
PO003199,SUP003,COMP001,4930,2025-01-26,21
PO003200,SUP004,COMP012,5268,2025-03-17,11
PO003201,SUP004,COMP003,14687,2025-01-13,22
PO003202,SUP002,COMP030,4185,2025-02-27,15
PO003203,SUP004,COMP015,2691,2025-05-31,23
PO003204,SUP004,COMP001,11275,2025-09-22,23
PO003205,SUP008,COMP011,5509,2025-05-11,18
PO003206,SUP009,COMP016,14246,2025-10-21,3
PO003207,SUP008,COMP008,2717,2025-02-12,8
PO003208,SUP006,COMP032,10648,2025-10-04,21
PO003209,SUP007,COMP039,1779,2025-01-26,7
PO003210,SUP005,COMP008,9820,2025-09-15,24
PO003211,SUP003,COMP031,13037,2025-03-25,11
PO003212,SUP005,COMP040,6397,2025-04-01,4
PO003213,SUP008,COMP025,9847,2025-10-26,23
PO003214,SUP002,COMP023,2848,2025-10-04,9
PO003215,SUP002,COMP006,13184,2025-10-17,17
PO003216,SUP008,COMP033,9941,2025-07-02,6
PO003217,SUP007,COMP026,6370,2025-01-29,6
PO003218,SUP009,COMP004,1362,2025-07-10,11
PO003219,SUP005,COMP002,12811,2025-03-15,17
PO003220,SUP008,COMP025,1468,2025-03-01,24
PO003221,SUP003,COMP015,2094,2025-07-19,7
PO003222,SUP006,COMP031,6527,2025-02-17,3
PO003223,SUP001,COMP002,4032,2025-07-17,16
PO003224,SUP009,COMP023,8224,2025-06-09,10
PO003225,SUP010,COMP031,11033,2025-05-02,20
PO003226,SUP005,COMP029,10967,2025-02-16,25
PO003227,SUP009,COMP018,13638,2025-07-07,19
PO003228,SUP002,COMP025,4217,2025-01-25,8
PO003229,SUP002,COMP012,10203,2025-02-09,20
PO003230,SUP003,COMP013,7169,2025-04-10,18
PO003231,SUP003,COMP022,14022,2025-02-27,5
PO003232,SUP003,COMP039,11375,2025-09-24,4
PO003233,SUP004,COMP006,1363,2025-03-20,15
PO003234,SUP003,COMP015,7719,2025-01-13,14
PO003235,SUP001,COMP025,13317,2025-08-21,24
PO003236,SUP005,COMP036,12340,2025-03-31,24
PO003237,SUP006,COMP011,14652,2025-03-20,21
PO003238,SUP003,COMP021,5109,2025-07-21,13
PO003239,SUP005,COMP032,6661,2025-04-24,5
PO003240,SUP007,COMP039,2011,2025-06-02,14
PO003241,SUP006,COMP039,14301,2025-01-28,9
PO003242,SUP007,COMP022,4191,2025-07-01,12
PO003243,SUP003,COMP014,7724,2025-03-23,11
PO003244,SUP007,COMP028,7903,2025-07-16,7
PO003245,SUP003,COMP027,11935,2025-09-04,15
PO003246,SUP002,COMP032,5482,2025-11-26,17
PO003247,SUP010,COMP001,5046,2025-07-02,13
PO003248,SUP003,COMP010,5320,2025-03-29,25
PO003249,SUP001,COMP024,10287,2025-08-07,11
PO003250,SUP003,COMP024,5234,2025-11-06,17
PO003251,SUP009,COMP004,6651,2025-05-20,10
PO003252,SUP008,COMP006,10615,2025-12-02,15
PO003253,SUP001,COMP013,5252,2025-09-19,22
PO003254,SUP008,COMP015,1632,2025-02-25,16
PO003255,SUP001,COMP008,6201,2025-07-14,13
PO003256,SUP004,COMP037,10379,2025-07-09,8
PO003257,SUP002,COMP007,13152,2025-11-24,24
PO003258,SUP006,COMP018,13800,2025-04-04,11
PO003259,SUP001,COMP006,6190,2025-01-12,24
PO003260,SUP005,COMP014,14272,2025-11-24,17
PO003261,SUP010,COMP004,12030,2025-09-26,16
PO003262,SUP009,COMP002,9203,2025-09-20,10
PO003263,SUP006,COMP034,12268,2025-07-09,14
PO003264,SUP009,COMP015,7498,2025-05-14,13
PO003265,SUP005,COMP036,7845,2025-07-11,22
PO003266,SUP008,COMP037,9759,2025-12-31,18
PO003267,SUP005,COMP009,6225,2025-05-30,8
PO003268,SUP010,COMP004,12480,2025-06-05,9
PO003269,SUP007,COMP034,3245,2025-09-02,13
PO003270,SUP007,COMP033,4691,2025-10-27,18
PO003271,SUP009,COMP021,1511,2025-12-21,17
PO003272,SUP009,COMP028,13640,2025-09-04,8
PO003273,SUP006,COMP015,1429,2025-09-19,6
PO003274,SUP006,COMP034,593,2025-10-06,15
PO003275,SUP008,COMP034,11553,2025-11-01,11
PO003276,SUP006,COMP007,2261,2025-11-05,10
PO003277,SUP003,COMP019,7262,2025-09-04,5
PO003278,SUP010,COMP040,10222,2025-03-21,17
PO003279,SUP006,COMP011,4044,2025-08-13,6
PO003280,SUP001,COMP001,12359,2025-03-17,22
PO003281,SUP006,COMP040,10996,2025-07-17,9
PO003282,SUP006,COMP005,13633,2025-10-14,18
PO003283,SUP006,COMP029,1410,2025-07-07,9
PO003284,SUP003,COMP003,9719,2025-05-06,15
PO003285,SUP002,COMP015,11706,2025-11-20,3
PO003286,SUP002,COMP019,5607,2025-07-28,11
PO003287,SUP002,COMP040,8403,2025-03-22,25
PO003288,SUP010,COMP019,1662,2025-12-03,4
PO003289,SUP004,COMP028,8578,2025-06-17,19
PO003290,SUP001,COMP025,9810,2025-04-24,7
PO003291,SUP009,COMP038,4860,2025-01-21,5
PO003292,SUP002,COMP030,1771,2025-04-08,4
PO003293,SUP004,COMP032,958,2025-11-13,17
PO003294,SUP002,COMP034,4833,2025-07-30,17
PO003295,SUP010,COMP004,9542,2025-08-27,18
PO003296,SUP004,COMP031,4041,2025-11-23,6
PO003297,SUP007,COMP037,13519,2025-03-15,17
PO003298,SUP006,COMP040,3275,2025-09-09,12
PO003299,SUP007,COMP004,1881,2025-01-23,3
PO003300,SUP007,COMP039,11179,2025-08-15,18
PO003301,SUP005,COMP004,526,2025-11-01,25
PO003302,SUP008,COMP004,1532,2025-09-20,9
PO003303,SUP003,COMP024,10817,2025-12-12,25
PO003304,SUP007,COMP025,12684,2025-02-06,20
PO003305,SUP001,COMP025,2036,2025-01-02,19
PO003306,SUP006,COMP016,13783,2025-08-21,4
PO003307,SUP001,COMP032,1521,2025-01-11,6
PO003308,SUP001,COMP010,12792,2025-03-13,7
PO003309,SUP002,COMP011,12005,2025-07-22,20
PO003310,SUP004,COMP040,1185,2025-06-13,6
PO003311,SUP001,COMP008,14135,2025-02-09,20
PO003312,SUP002,COMP025,9778,2025-04-11,11
PO003313,SUP010,COMP008,585,2025-07-15,17
PO003314,SUP007,COMP040,8989,2025-09-02,5
PO003315,SUP001,COMP008,5113,2025-11-11,12
PO003316,SUP002,COMP006,13467,2025-08-06,10
PO003317,SUP003,COMP036,2954,2025-03-19,14
PO003318,SUP002,COMP037,6744,2025-05-12,7
PO003319,SUP010,COMP022,8804,2025-11-20,15
PO003320,SUP002,COMP028,7808,2025-03-16,6
PO003321,SUP002,COMP032,823,2025-03-21,13
PO003322,SUP005,COMP020,13389,2025-11-01,15
PO003323,SUP006,COMP021,1090,2025-03-22,25
PO003324,SUP005,COMP011,12230,2025-02-12,19
PO003325,SUP003,COMP021,14161,2025-05-15,23
PO003326,SUP009,COMP004,5928,2025-12-23,17
PO003327,SUP006,COMP040,14215,2025-06-18,3
PO003328,SUP003,COMP019,2820,2025-05-09,23
PO003329,SUP003,COMP027,4026,2025-05-06,14
PO003330,SUP003,COMP015,2390,2025-12-04,17
PO003331,SUP006,COMP019,8744,2025-08-15,18
PO003332,SUP002,COMP013,3017,2025-01-02,7
PO003333,SUP001,COMP026,1976,2025-12-20,9
PO003334,SUP010,COMP009,735,2025-05-01,6
PO003335,SUP009,COMP027,7866,2025-08-06,17
PO003336,SUP005,COMP020,8987,2025-03-27,8
PO003337,SUP009,COMP032,9587,2025-01-06,18
PO003338,SUP004,COMP040,1512,2025-01-23,12
PO003339,SUP010,COMP028,4274,2025-01-17,25
PO003340,SUP010,COMP025,7338,2025-07-20,17
PO003341,SUP007,COMP012,9800,2025-07-13,4
PO003342,SUP003,COMP039,14409,2025-08-11,23
PO003343,SUP005,COMP040,10301,2025-02-05,23
PO003344,SUP001,COMP017,13476,2025-09-10,6
PO003345,SUP007,COMP020,13963,2025-11-01,13
PO003346,SUP005,COMP021,10952,2025-09-15,11
PO003347,SUP005,COMP027,6138,2025-08-28,17
PO003348,SUP002,COMP016,11770,2025-11-21,17
PO003349,SUP002,COMP023,3736,2025-05-11,8
PO003350,SUP008,COMP033,12728,2025-10-25,9
PO003351,SUP003,COMP034,14408,2025-08-26,9
PO003352,SUP003,COMP012,13702,2025-08-28,15
PO003353,SUP007,COMP021,4711,2025-10-01,23
PO003354,SUP005,COMP009,8685,2025-06-06,22
PO003355,SUP005,COMP028,11781,2025-06-06,13
PO003356,SUP005,COMP004,3598,2025-01-16,3
PO003357,SUP003,COMP007,14422,2025-06-03,10
PO003358,SUP007,COMP027,5847,2025-10-16,12
PO003359,SUP006,COMP013,9578,2025-10-11,8
PO003360,SUP004,COMP009,4576,2025-06-06,13
PO003361,SUP004,COMP014,6219,2025-07-18,16
PO003362,SUP009,COMP011,2670,2025-09-26,22
PO003363,SUP007,COMP024,13121,2025-09-05,24
PO003364,SUP006,COMP020,10408,2025-11-21,7
PO003365,SUP001,COMP015,14283,2025-12-25,22
PO003366,SUP009,COMP001,2352,2025-04-14,10
PO003367,SUP008,COMP026,1699,2025-11-10,5
PO003368,SUP006,COMP030,8394,2025-01-05,6
PO003369,SUP005,COMP006,2387,2025-02-10,14
PO003370,SUP009,COMP007,10931,2025-07-14,7
PO003371,SUP004,COMP005,6294,2025-05-05,22
PO003372,SUP005,COMP011,9491,2025-02-07,6
PO003373,SUP006,COMP035,8080,2025-07-27,13
PO003374,SUP001,COMP037,13210,2025-02-02,15
PO003375,SUP004,COMP039,7848,2025-11-23,14
PO003376,SUP001,COMP024,7695,2025-11-07,7
PO003377,SUP002,COMP024,1554,2025-01-20,23
PO003378,SUP010,COMP036,14089,2025-02-17,4
PO003379,SUP001,COMP038,14507,2025-05-16,12
PO003380,SUP004,COMP001,1081,2025-03-13,17
PO003381,SUP008,COMP015,2766,2025-01-08,24
PO003382,SUP007,COMP022,7004,2025-10-17,12
PO003383,SUP003,COMP029,11038,2025-07-31,23
PO003384,SUP004,COMP036,639,2025-11-21,19
PO003385,SUP003,COMP025,14647,2025-04-12,8
PO003386,SUP007,COMP029,7335,2025-04-26,25
PO003387,SUP002,COMP006,5569,2025-05-07,5
PO003388,SUP001,COMP030,6065,2025-04-28,22
PO003389,SUP009,COMP031,1784,2025-05-22,6
PO003390,SUP005,COMP012,7575,2025-05-30,7
PO003391,SUP010,COMP015,1003,2025-07-12,24
PO003392,SUP005,COMP025,2335,2025-05-25,9
PO003393,SUP009,COMP013,14159,2025-09-17,5
PO003394,SUP007,COMP032,5422,2025-12-29,7
PO003395,SUP009,COMP039,14149,2025-06-10,12
PO003396,SUP001,COMP023,9221,2025-05-26,24
PO003397,SUP008,COMP017,4532,2025-10-13,21
PO003398,SUP005,COMP032,14870,2025-06-22,7
PO003399,SUP009,COMP038,8435,2025-03-24,23
PO003400,SUP005,COMP022,13883,2025-11-07,17
PO003401,SUP010,COMP036,10160,2025-10-06,8
PO003402,SUP003,COMP019,6068,2025-06-26,25
PO003403,SUP005,COMP002,12428,2025-11-30,11
PO003404,SUP003,COMP008,849,2025-01-05,6
PO003405,SUP005,COMP038,10512,2025-07-24,6
PO003406,SUP002,COMP031,7799,2025-09-27,13
PO003407,SUP005,COMP024,3920,2025-10-17,23
PO003408,SUP001,COMP023,7711,2025-12-27,22
PO003409,SUP009,COMP025,6796,2025-03-07,16
PO003410,SUP010,COMP012,14419,2025-04-21,10
PO003411,SUP010,COMP022,13626,2025-05-04,3
PO003412,SUP001,COMP009,11220,2025-06-27,14
PO003413,SUP004,COMP039,5983,2025-12-04,8
PO003414,SUP006,COMP026,11857,2025-04-16,17
PO003415,SUP008,COMP014,2228,2025-03-31,14
PO003416,SUP003,COMP020,6433,2025-09-29,18
PO003417,SUP001,COMP008,4118,2025-02-18,6
PO003418,SUP002,COMP029,6251,2025-03-04,18
PO003419,SUP004,COMP014,6477,2025-10-13,9
PO003420,SUP007,COMP010,5316,2025-10-16,23
PO003421,SUP003,COMP008,6019,2025-02-14,13
PO003422,SUP007,COMP038,5563,2025-06-09,10
PO003423,SUP009,COMP032,9472,2025-09-01,5
PO003424,SUP008,COMP005,4284,2025-06-15,24
PO003425,SUP010,COMP014,6210,2025-12-23,24
PO003426,SUP009,COMP038,1873,2025-01-29,14
PO003427,SUP005,COMP035,13136,2025-03-31,13
PO003428,SUP007,COMP011,12322,2025-09-05,9
PO003429,SUP010,COMP028,13378,2025-05-24,9
PO003430,SUP004,COMP008,7552,2025-02-12,7
PO003431,SUP001,COMP039,10598,2025-03-14,20
PO003432,SUP007,COMP035,11333,2025-12-27,18
PO003433,SUP009,COMP019,3009,2025-12-08,25
PO003434,SUP008,COMP031,5915,2025-02-22,13
PO003435,SUP004,COMP026,11269,2025-08-14,7
PO003436,SUP001,COMP038,7702,2025-07-01,4
PO003437,SUP007,COMP025,10591,2025-10-31,6
PO003438,SUP003,COMP035,5640,2025-07-22,19
PO003439,SUP006,COMP037,14610,2025-05-21,12
PO003440,SUP002,COMP027,5179,2025-10-20,10
PO003441,SUP004,COMP007,13047,2025-02-12,5
PO003442,SUP006,COMP025,12899,2025-11-23,25
PO003443,SUP009,COMP021,5614,2025-01-15,8
PO003444,SUP007,COMP009,2128,2025-09-23,4
PO003445,SUP007,COMP001,12227,2025-05-06,16
PO003446,SUP004,COMP011,4282,2025-12-17,14
PO003447,SUP002,COMP036,5830,2025-03-29,7
PO003448,SUP010,COMP006,7504,2025-07-01,15
PO003449,SUP002,COMP013,11891,2025-02-01,17
PO003450,SUP004,COMP040,8946,2025-08-13,5
PO003451,SUP005,COMP033,5237,2025-12-15,13
PO003452,SUP005,COMP020,14750,2025-04-12,3
PO003453,SUP001,COMP030,11079,2025-05-30,13
PO003454,SUP008,COMP032,8182,2025-05-29,6
PO003455,SUP005,COMP027,13964,2025-06-27,6
PO003456,SUP009,COMP014,2090,2025-07-25,10
PO003457,SUP004,COMP012,6511,2025-04-24,10
PO003458,SUP007,COMP013,1151,2025-06-20,17
PO003459,SUP006,COMP030,11764,2025-09-16,15
PO003460,SUP007,COMP004,7925,2025-01-30,8
PO003461,SUP006,COMP002,7979,2025-07-15,16
PO003462,SUP007,COMP003,6833,2025-10-22,23
PO003463,SUP006,COMP002,8947,2025-07-04,25
PO003464,SUP003,COMP028,1841,2025-01-25,16
PO003465,SUP009,COMP040,7213,2025-07-10,14
PO003466,SUP004,COMP009,6815,2025-05-11,18
PO003467,SUP005,COMP007,11125,2025-12-30,11
PO003468,SUP002,COMP012,11518,2025-05-20,3
PO003469,SUP005,COMP013,9819,2025-08-12,19
PO003470,SUP005,COMP033,14324,2025-04-18,13
PO003471,SUP010,COMP025,1320,2025-01-04,3
PO003472,SUP002,COMP036,11314,2025-12-18,7
PO003473,SUP001,COMP033,8499,2025-02-24,15
PO003474,SUP004,COMP034,9534,2025-03-04,21
PO003475,SUP004,COMP038,10844,2025-11-25,7
PO003476,SUP008,COMP006,9779,2025-02-18,19
PO003477,SUP010,COMP037,13718,2025-04-23,20
PO003478,SUP002,COMP040,9253,2025-09-02,22
PO003479,SUP003,COMP007,7271,2025-06-20,3
PO003480,SUP002,COMP034,1712,2025-08-27,14
PO003481,SUP008,COMP027,12697,2025-01-05,6
PO003482,SUP009,COMP003,9018,2025-08-09,25
PO003483,SUP008,COMP021,12778,2025-03-06,7
PO003484,SUP007,COMP009,5516,2025-11-02,5
PO003485,SUP006,COMP009,11741,2025-09-23,22
PO003486,SUP004,COMP011,8861,2025-02-24,15
PO003487,SUP007,COMP022,13502,2025-02-11,18
PO003488,SUP008,COMP013,1772,2025-04-16,5
PO003489,SUP010,COMP030,5245,2025-10-19,10
PO003490,SUP002,COMP016,5843,2025-03-12,25
PO003491,SUP008,COMP028,13608,2025-04-04,14
PO003492,SUP006,COMP040,4547,2025-09-09,16
PO003493,SUP006,COMP005,2020,2025-09-23,7
PO003494,SUP006,COMP028,12844,2025-08-06,23
PO003495,SUP006,COMP008,6781,2025-04-20,22
PO003496,SUP002,COMP030,3277,2025-08-29,6
PO003497,SUP006,COMP017,9262,2025-12-21,9
PO003498,SUP007,COMP012,9265,2025-02-17,9
PO003499,SUP005,COMP008,4338,2025-06-20,3
PO003500,SUP004,COMP013,5140,2025-07-25,3
PO003501,SUP008,COMP020,10211,2025-08-01,23
PO003502,SUP009,COMP029,5837,2025-08-17,12
PO003503,SUP005,COMP028,11966,2025-06-11,12
PO003504,SUP005,COMP035,2833,2025-02-28,19
PO003505,SUP008,COMP014,10572,2025-10-13,24
PO003506,SUP003,COMP007,12921,2025-03-07,13
PO003507,SUP006,COMP033,9401,2025-09-08,18
PO003508,SUP005,COMP003,13263,2025-06-29,4
PO003509,SUP004,COMP005,6077,2025-02-03,9
PO003510,SUP005,COMP025,6618,2025-01-28,20
PO003511,SUP007,COMP021,11859,2025-08-03,22
PO003512,SUP010,COMP028,11800,2025-04-23,20
PO003513,SUP008,COMP018,5303,2025-09-03,18
PO003514,SUP002,COMP015,5545,2025-02-14,8
PO003515,SUP006,COMP016,11005,2025-09-23,25
PO003516,SUP004,COMP017,14654,2025-02-14,3
PO003517,SUP007,COMP024,13222,2025-08-23,7
PO003518,SUP010,COMP040,7799,2025-08-04,15
PO003519,SUP006,COMP027,13024,2025-03-22,25
PO003520,SUP001,COMP027,13902,2025-09-13,23
PO003521,SUP001,COMP016,10443,2025-04-30,9
PO003522,SUP007,COMP029,14507,2025-12-15,18
PO003523,SUP008,COMP017,5601,2025-02-18,4
PO003524,SUP009,COMP017,3825,2025-10-27,18
PO003525,SUP002,COMP008,9015,2025-04-06,25
PO003526,SUP001,COMP001,4069,2025-12-10,11
PO003527,SUP001,COMP040,12554,2025-05-06,13
PO003528,SUP009,COMP012,8320,2025-12-17,6
PO003529,SUP008,COMP013,11763,2025-03-11,4
PO003530,SUP004,COMP006,11384,2025-01-06,16
PO003531,SUP007,COMP026,5111,2025-08-12,25
PO003532,SUP006,COMP007,14304,2025-09-14,11
PO003533,SUP008,COMP033,13454,2025-09-18,18
PO003534,SUP010,COMP030,9117,2025-10-09,19
PO003535,SUP005,COMP023,14484,2025-09-14,23
PO003536,SUP008,COMP040,12500,2025-07-02,17
PO003537,SUP010,COMP031,1897,2025-02-20,12
PO003538,SUP010,COMP006,8005,2025-11-05,12
PO003539,SUP007,COMP005,11105,2025-11-10,4
PO003540,SUP007,COMP038,12107,2025-04-01,10
PO003541,SUP010,COMP023,2079,2025-01-11,20
PO003542,SUP004,COMP009,12983,2025-09-10,24
PO003543,SUP009,COMP026,6930,2025-09-24,16
PO003544,SUP009,COMP039,9860,2025-09-26,12
PO003545,SUP003,COMP002,842,2025-04-28,8
PO003546,SUP007,COMP022,1490,2025-11-25,10
PO003547,SUP001,COMP021,2790,2025-05-14,6
PO003548,SUP002,COMP018,12868,2025-03-28,4
PO003549,SUP008,COMP027,6626,2025-02-18,10
PO003550,SUP004,COMP022,3412,2025-10-16,12
PO003551,SUP010,COMP024,8305,2025-08-12,4
PO003552,SUP004,COMP037,7341,2025-12-19,5
PO003553,SUP001,COMP035,4931,2025-11-20,24
PO003554,SUP010,COMP011,12872,2025-10-30,18
PO003555,SUP001,COMP020,13161,2025-06-12,9
PO003556,SUP009,COMP028,9392,2025-08-16,15
PO003557,SUP002,COMP010,11882,2025-10-18,17
PO003558,SUP007,COMP032,6672,2025-03-19,6
PO003559,SUP004,COMP022,5415,2025-11-20,13
PO003560,SUP007,COMP005,5099,2025-04-27,6
PO003561,SUP006,COMP013,11397,2025-09-20,23
PO003562,SUP004,COMP020,9650,2025-11-25,21
PO003563,SUP010,COMP024,4514,2025-02-03,8
PO003564,SUP001,COMP003,9016,2025-06-19,21
PO003565,SUP001,COMP020,1282,2025-01-16,8
PO003566,SUP005,COMP007,11598,2025-08-19,4
PO003567,SUP004,COMP026,12237,2025-05-09,8
PO003568,SUP004,COMP032,12342,2025-05-08,9
PO003569,SUP002,COMP014,5397,2025-11-21,7
PO003570,SUP005,COMP005,5289,2025-11-17,17
PO003571,SUP002,COMP033,9877,2025-09-04,15
PO003572,SUP003,COMP005,12945,2025-09-03,18
PO003573,SUP010,COMP019,12420,2025-03-14,23
PO003574,SUP010,COMP012,2114,2025-01-18,6
PO003575,SUP008,COMP009,8622,2025-05-17,20
PO003576,SUP003,COMP006,12108,2025-06-24,5
PO003577,SUP008,COMP022,824,2025-09-09,24
PO003578,SUP010,COMP027,4365,2025-02-11,10
PO003579,SUP003,COMP018,11762,2025-01-31,24
PO003580,SUP005,COMP038,6881,2025-02-11,22
PO003581,SUP007,COMP021,2008,2025-11-09,15
PO003582,SUP007,COMP011,8387,2025-02-17,11
PO003583,SUP006,COMP031,1344,2025-08-06,13
PO003584,SUP009,COMP028,13260,2025-09-17,16
PO003585,SUP003,COMP014,7736,2025-09-19,14
PO003586,SUP008,COMP030,2081,2025-12-13,17
PO003587,SUP002,COMP012,1578,2025-10-22,21
PO003588,SUP010,COMP013,14496,2025-12-22,23
PO003589,SUP010,COMP006,8571,2025-07-14,18
PO003590,SUP001,COMP032,10935,2025-01-06,3
PO003591,SUP003,COMP011,11095,2025-08-13,21
PO003592,SUP007,COMP011,12567,2025-05-22,12
PO003593,SUP006,COMP012,7749,2025-09-16,12
PO003594,SUP004,COMP001,11958,2025-01-06,10
PO003595,SUP010,COMP035,8642,2025-09-14,23
PO003596,SUP001,COMP027,13330,2025-05-27,16
PO003597,SUP006,COMP037,5538,2025-11-02,5
PO003598,SUP009,COMP027,9393,2025-11-27,12
PO003599,SUP010,COMP033,8471,2025-12-23,11
PO003600,SUP010,COMP013,11948,2025-04-02,3
PO003601,SUP004,COMP038,2813,2025-03-27,15
PO003602,SUP009,COMP026,8711,2025-08-30,3
PO003603,SUP004,COMP031,6513,2025-07-10,18
PO003604,SUP009,COMP024,13379,2025-05-27,13
PO003605,SUP008,COMP025,5813,2025-04-20,3
PO003606,SUP010,COMP010,4770,2025-08-03,12
PO003607,SUP004,COMP002,8778,2025-02-27,10
PO003608,SUP003,COMP010,3339,2025-06-27,17
PO003609,SUP006,COMP002,4738,2025-02-08,7
PO003610,SUP003,COMP027,6942,2025-06-06,10
PO003611,SUP006,COMP001,9871,2025-05-24,13
PO003612,SUP006,COMP029,4307,2025-02-20,12
PO003613,SUP010,COMP010,11305,2025-08-06,16
PO003614,SUP003,COMP010,13737,2025-12-03,11
PO003615,SUP008,COMP029,7520,2025-01-02,9
PO003616,SUP009,COMP010,13696,2025-12-15,19
PO003617,SUP001,COMP031,1651,2025-02-01,4
PO003618,SUP003,COMP017,5679,2025-09-27,25
PO003619,SUP009,COMP028,4970,2025-02-27,23
PO003620,SUP008,COMP038,4420,2025-11-03,22
PO003621,SUP007,COMP040,8337,2025-11-05,10
PO003622,SUP004,COMP040,13046,2025-04-14,10
PO003623,SUP009,COMP013,12369,2025-04-11,19
PO003624,SUP008,COMP028,9575,2025-09-20,9
PO003625,SUP009,COMP026,9052,2025-10-25,19
PO003626,SUP003,COMP023,8900,2025-03-04,17
PO003627,SUP004,COMP036,14763,2025-08-11,20
PO003628,SUP002,COMP025,6211,2025-04-03,7
PO003629,SUP004,COMP022,1108,2025-09-09,23
PO003630,SUP010,COMP040,4360,2025-09-03,20
PO003631,SUP008,COMP015,12505,2025-11-20,14
PO003632,SUP003,COMP008,9998,2025-11-06,19
PO003633,SUP001,COMP025,8960,2025-05-11,22
PO003634,SUP007,COMP002,11426,2025-04-11,9
PO003635,SUP005,COMP012,10236,2025-11-12,14
PO003636,SUP001,COMP035,6965,2025-08-26,7
PO003637,SUP003,COMP027,11357,2025-11-20,16
PO003638,SUP003,COMP035,1944,2025-01-29,17
PO003639,SUP007,COMP029,7985,2025-08-16,20
PO003640,SUP007,COMP029,11488,2025-12-31,10
PO003641,SUP010,COMP031,1732,2025-09-30,5
PO003642,SUP010,COMP003,6379,2025-11-30,21
PO003643,SUP008,COMP017,7548,2025-09-14,21
PO003644,SUP010,COMP015,4058,2025-01-17,14
PO003645,SUP004,COMP032,5097,2025-01-22,24
PO003646,SUP007,COMP011,4699,2025-03-13,15
PO003647,SUP002,COMP004,12119,2025-05-01,10
PO003648,SUP003,COMP018,9611,2025-12-21,18
PO003649,SUP008,COMP013,6882,2025-06-29,6
PO003650,SUP009,COMP035,4985,2025-11-07,6
PO003651,SUP010,COMP035,13997,2025-07-29,15
PO003652,SUP002,COMP014,2813,2025-10-25,12
PO003653,SUP001,COMP026,4402,2025-07-06,18
PO003654,SUP003,COMP017,8153,2025-07-26,9
PO003655,SUP010,COMP036,6205,2025-09-01,7
PO003656,SUP007,COMP034,5788,2025-01-18,3
PO003657,SUP008,COMP009,9556,2025-12-13,25
PO003658,SUP005,COMP015,8825,2025-11-28,25
PO003659,SUP006,COMP034,13193,2025-01-05,3
PO003660,SUP010,COMP040,13800,2025-10-29,19
PO003661,SUP007,COMP028,11751,2025-12-25,21
PO003662,SUP003,COMP018,11065,2025-06-10,25
PO003663,SUP001,COMP021,1561,2025-05-17,22
PO003664,SUP001,COMP020,8744,2025-08-28,10
PO003665,SUP006,COMP039,8491,2025-07-11,11
PO003666,SUP004,COMP019,13522,2025-06-14,10
PO003667,SUP007,COMP019,10635,2025-10-17,15
PO003668,SUP002,COMP004,8484,2025-09-13,21
PO003669,SUP010,COMP029,7979,2025-03-14,7
PO003670,SUP003,COMP010,11930,2025-08-08,12
PO003671,SUP007,COMP006,12889,2025-06-15,10
PO003672,SUP004,COMP003,671,2025-03-17,18
PO003673,SUP001,COMP009,8040,2025-07-06,4
PO003674,SUP008,COMP027,13688,2025-11-10,18
PO003675,SUP007,COMP037,4485,2025-10-03,25
PO003676,SUP001,COMP021,2273,2025-05-10,14
PO003677,SUP004,COMP036,6682,2025-11-29,22
PO003678,SUP001,COMP008,7624,2025-09-22,5
PO003679,SUP003,COMP003,8658,2025-06-25,3
PO003680,SUP001,COMP002,7095,2025-11-10,22
PO003681,SUP002,COMP023,6495,2025-09-29,14
PO003682,SUP010,COMP015,14698,2025-10-27,24
PO003683,SUP003,COMP010,14698,2025-05-13,11
PO003684,SUP006,COMP023,7645,2025-06-23,8
PO003685,SUP004,COMP012,2583,2025-02-19,12
PO003686,SUP009,COMP040,5564,2025-05-24,5
PO003687,SUP004,COMP040,13634,2025-10-20,21
PO003688,SUP006,COMP006,7827,2025-07-25,21
PO003689,SUP010,COMP013,3917,2025-01-27,10
PO003690,SUP009,COMP006,5690,2025-08-11,21
PO003691,SUP006,COMP038,1181,2025-09-04,3
PO003692,SUP006,COMP028,10293,2025-07-09,25
PO003693,SUP002,COMP001,14254,2025-08-09,9
PO003694,SUP007,COMP008,11162,2025-02-02,7
PO003695,SUP009,COMP032,5272,2025-01-22,25
PO003696,SUP009,COMP008,1546,2025-08-21,9
PO003697,SUP001,COMP025,9968,2025-11-04,10
PO003698,SUP009,COMP010,1634,2025-05-22,13
PO003699,SUP003,COMP035,7722,2025-09-23,21
PO003700,SUP010,COMP038,9758,2025-07-23,7
PO003701,SUP009,COMP037,4343,2025-01-04,23
PO003702,SUP003,COMP036,5200,2025-01-29,14
PO003703,SUP003,COMP005,8732,2025-07-03,4
PO003704,SUP006,COMP025,14661,2025-01-27,20
PO003705,SUP004,COMP007,9854,2025-02-19,7
PO003706,SUP007,COMP004,4803,2025-12-26,20
PO003707,SUP006,COMP034,9793,2025-08-04,13
PO003708,SUP005,COMP040,9537,2025-02-04,20
PO003709,SUP005,COMP018,753,2025-11-01,10
PO003710,SUP009,COMP028,6286,2025-06-07,17
PO003711,SUP002,COMP040,13128,2025-04-06,18
PO003712,SUP001,COMP024,4653,2025-09-19,17
PO003713,SUP005,COMP034,8232,2025-01-19,13
PO003714,SUP007,COMP025,3009,2025-04-26,3
PO003715,SUP001,COMP024,6930,2025-01-04,21
PO003716,SUP005,COMP018,10758,2025-07-20,6
PO003717,SUP006,COMP001,14574,2025-02-19,7
PO003718,SUP004,COMP022,1362,2025-08-02,15
PO003719,SUP006,COMP025,7590,2025-01-29,14
PO003720,SUP001,COMP023,10618,2025-01-11,19
PO003721,SUP006,COMP024,11907,2025-08-23,16
PO003722,SUP006,COMP032,9311,2025-10-22,9
PO003723,SUP008,COMP037,11961,2025-05-08,21
PO003724,SUP002,COMP039,5552,2025-09-07,11
PO003725,SUP004,COMP030,2989,2025-10-18,21
PO003726,SUP001,COMP013,5834,2025-03-20,5
PO003727,SUP010,COMP025,13738,2025-01-10,21
PO003728,SUP002,COMP002,2762,2025-08-22,16
PO003729,SUP005,COMP032,1667,2025-06-07,8
PO003730,SUP005,COMP015,3258,2025-02-11,6
PO003731,SUP002,COMP038,1305,2025-03-08,16
PO003732,SUP007,COMP009,4342,2025-09-06,17
PO003733,SUP004,COMP036,2286,2025-04-23,10
PO003734,SUP001,COMP040,9302,2025-05-05,6
PO003735,SUP005,COMP024,3162,2025-05-08,18
PO003736,SUP009,COMP001,3896,2025-06-08,15
PO003737,SUP004,COMP013,12588,2025-04-03,19
PO003738,SUP008,COMP017,10872,2025-03-20,14
PO003739,SUP007,COMP021,7109,2025-10-10,15
PO003740,SUP007,COMP035,1058,2025-12-04,13
PO003741,SUP009,COMP003,1014,2025-01-26,25
PO003742,SUP006,COMP036,9933,2025-12-03,14
PO003743,SUP004,COMP035,2397,2025-06-17,18
PO003744,SUP006,COMP004,2016,2025-06-10,11
PO003745,SUP004,COMP035,11776,2025-06-20,17
PO003746,SUP009,COMP007,9672,2025-11-22,4
PO003747,SUP008,COMP030,10674,2025-12-31,11
PO003748,SUP010,COMP007,13592,2025-05-25,19
PO003749,SUP009,COMP008,6194,2025-12-09,23
PO003750,SUP002,COMP019,4941,2025-08-07,16
PO003751,SUP002,COMP039,11277,2025-11-01,13
PO003752,SUP005,COMP008,7940,2025-02-17,4
PO003753,SUP001,COMP027,6454,2025-08-01,7
PO003754,SUP007,COMP026,7515,2025-10-02,20
PO003755,SUP006,COMP019,14535,2025-06-10,24
PO003756,SUP006,COMP016,13234,2025-11-21,24
PO003757,SUP007,COMP015,8653,2025-09-12,16
PO003758,SUP007,COMP024,10403,2025-11-14,14
PO003759,SUP010,COMP039,1246,2025-03-28,24
PO003760,SUP004,COMP018,5113,2025-03-09,10
PO003761,SUP009,COMP007,14176,2025-08-08,8
PO003762,SUP003,COMP025,7529,2025-05-18,19
PO003763,SUP005,COMP040,11087,2025-02-25,19
PO003764,SUP007,COMP007,5612,2025-07-17,8
PO003765,SUP009,COMP034,4328,2025-07-26,9
PO003766,SUP006,COMP035,1479,2025-12-04,14
PO003767,SUP004,COMP013,1920,2025-12-04,14
PO003768,SUP002,COMP013,1765,2025-12-13,9
PO003769,SUP006,COMP028,2362,2025-02-25,17
PO003770,SUP001,COMP011,8448,2025-09-17,12
PO003771,SUP008,COMP013,5367,2025-06-07,17
PO003772,SUP010,COMP013,7800,2025-03-29,8
PO003773,SUP004,COMP040,13710,2025-02-26,18
PO003774,SUP007,COMP005,10496,2025-12-24,16
PO003775,SUP009,COMP011,14936,2025-03-29,14
PO003776,SUP009,COMP035,6088,2025-12-08,19
PO003777,SUP005,COMP013,2468,2025-04-21,23
PO003778,SUP006,COMP032,5487,2025-01-08,19
PO003779,SUP008,COMP020,7823,2025-05-21,3
PO003780,SUP008,COMP013,10495,2025-09-02,7
PO003781,SUP010,COMP027,2209,2025-09-07,14
PO003782,SUP007,COMP022,7697,2025-09-06,21
PO003783,SUP010,COMP004,6805,2025-03-05,19
PO003784,SUP004,COMP019,4801,2025-03-18,13
PO003785,SUP002,COMP006,8790,2025-01-20,22
PO003786,SUP006,COMP017,5968,2025-06-10,5
PO003787,SUP010,COMP009,5241,2025-02-23,14
PO003788,SUP003,COMP033,7577,2025-05-02,12
PO003789,SUP009,COMP017,599,2025-02-04,16
PO003790,SUP002,COMP029,1285,2025-11-29,24
PO003791,SUP007,COMP017,10442,2025-03-02,12
PO003792,SUP005,COMP021,3979,2025-05-06,18
PO003793,SUP006,COMP012,828,2025-02-19,14
PO003794,SUP007,COMP040,2066,2025-05-22,16
PO003795,SUP002,COMP025,11721,2025-06-02,5
PO003796,SUP006,COMP031,4233,2025-04-07,18
PO003797,SUP007,COMP034,4925,2025-01-04,22
PO003798,SUP002,COMP013,4876,2025-02-06,23
PO003799,SUP008,COMP033,1627,2025-01-08,22
PO003800,SUP001,COMP032,2323,2025-10-21,14
PO003801,SUP008,COMP007,11264,2025-06-03,14
PO003802,SUP002,COMP020,10049,2025-07-03,6
PO003803,SUP005,COMP038,14543,2025-12-20,23
PO003804,SUP006,COMP021,9219,2025-04-07,20
PO003805,SUP008,COMP014,6785,2025-10-09,4
PO003806,SUP008,COMP012,10244,2025-07-21,16
PO003807,SUP002,COMP034,1312,2025-10-01,11
PO003808,SUP004,COMP034,8996,2025-02-05,15
PO003809,SUP009,COMP020,9174,2025-03-13,17
PO003810,SUP003,COMP013,11184,2025-01-12,22
PO003811,SUP010,COMP003,7965,2025-01-09,12
PO003812,SUP007,COMP018,4608,2025-06-24,3
PO003813,SUP004,COMP002,11362,2025-01-04,15
PO003814,SUP001,COMP017,6359,2025-03-05,24
PO003815,SUP010,COMP040,1279,2025-09-19,5
PO003816,SUP009,COMP031,4280,2025-04-19,4
PO003817,SUP001,COMP012,8576,2025-11-23,15
PO003818,SUP004,COMP009,13734,2025-08-22,8
PO003819,SUP003,COMP014,13315,2025-09-12,10
PO003820,SUP007,COMP040,14542,2025-06-15,4
PO003821,SUP005,COMP014,2894,2025-11-29,15
PO003822,SUP001,COMP022,10086,2025-01-25,11
PO003823,SUP008,COMP015,6343,2025-04-18,13
PO003824,SUP003,COMP011,7353,2025-12-03,14
PO003825,SUP005,COMP038,3875,2025-01-27,14
PO003826,SUP004,COMP037,8171,2025-04-08,12
PO003827,SUP006,COMP007,3690,2025-12-13,24
PO003828,SUP006,COMP040,10124,2025-08-11,12
PO003829,SUP003,COMP027,1470,2025-11-21,15
PO003830,SUP001,COMP002,10495,2025-10-15,22
PO003831,SUP008,COMP011,8152,2025-05-11,3
PO003832,SUP006,COMP006,4733,2025-12-02,25
PO003833,SUP004,COMP008,14466,2025-07-18,12
PO003834,SUP002,COMP005,10461,2025-11-11,5
PO003835,SUP004,COMP028,6515,2025-08-03,12
PO003836,SUP001,COMP011,11938,2025-07-04,12
PO003837,SUP003,COMP028,1167,2025-01-22,16
PO003838,SUP003,COMP035,12828,2025-11-27,21
PO003839,SUP003,COMP011,3602,2025-09-24,11
PO003840,SUP004,COMP024,14441,2025-08-25,22
PO003841,SUP010,COMP013,9310,2025-11-27,22
PO003842,SUP006,COMP037,5425,2025-07-08,20
PO003843,SUP010,COMP011,3049,2025-06-16,5
PO003844,SUP008,COMP018,14708,2025-09-06,13
PO003845,SUP003,COMP039,4936,2025-11-15,17
PO003846,SUP008,COMP023,7023,2025-07-07,13
PO003847,SUP002,COMP011,8936,2025-09-20,24
PO003848,SUP010,COMP022,7637,2025-04-14,20
PO003849,SUP004,COMP028,8535,2025-07-28,16
PO003850,SUP006,COMP030,1454,2025-04-18,5
PO003851,SUP001,COMP006,3246,2025-03-07,23
PO003852,SUP002,COMP016,4178,2025-11-26,25
PO003853,SUP009,COMP032,6339,2025-04-18,23
PO003854,SUP005,COMP012,1707,2025-06-04,12
PO003855,SUP009,COMP014,14009,2025-06-21,12
PO003856,SUP006,COMP030,5227,2025-10-16,19
PO003857,SUP009,COMP015,10632,2025-08-06,19
PO003858,SUP004,COMP036,11856,2025-03-07,14
PO003859,SUP003,COMP024,14714,2025-05-27,9
PO003860,SUP001,COMP040,14543,2025-04-09,13
PO003861,SUP004,COMP022,3332,2025-02-02,14
PO003862,SUP002,COMP032,3706,2025-12-15,12
PO003863,SUP007,COMP027,14423,2025-01-11,16
PO003864,SUP009,COMP037,10991,2025-10-17,25
PO003865,SUP003,COMP017,8204,2025-02-22,14
PO003866,SUP008,COMP021,7302,2025-02-23,3
PO003867,SUP009,COMP003,11386,2025-02-09,4
PO003868,SUP004,COMP002,3159,2025-04-02,6
PO003869,SUP003,COMP014,10037,2025-06-23,14
PO003870,SUP002,COMP012,2081,2025-08-02,22
PO003871,SUP009,COMP015,2734,2025-04-08,7
PO003872,SUP009,COMP023,4749,2025-02-20,11
PO003873,SUP003,COMP011,7205,2025-04-29,23
PO003874,SUP003,COMP027,12686,2025-03-07,6
PO003875,SUP005,COMP017,5733,2025-04-14,18
PO003876,SUP002,COMP022,11084,2025-01-19,11
PO003877,SUP006,COMP008,14176,2025-11-13,15
PO003878,SUP008,COMP035,14620,2025-08-14,18
PO003879,SUP009,COMP033,13767,2025-01-17,5
PO003880,SUP002,COMP023,12977,2025-11-07,6
PO003881,SUP004,COMP012,7425,2025-10-02,12
PO003882,SUP003,COMP013,3365,2025-12-28,24
PO003883,SUP007,COMP013,6032,2025-07-01,11
PO003884,SUP007,COMP040,11648,2025-01-21,9
PO003885,SUP004,COMP025,13974,2025-10-16,25
PO003886,SUP004,COMP006,1075,2025-06-24,17
PO003887,SUP002,COMP037,7954,2025-05-07,8
PO003888,SUP004,COMP036,2141,2025-07-01,12
PO003889,SUP006,COMP022,2755,2025-08-21,20
PO003890,SUP008,COMP028,10966,2025-03-24,23
PO003891,SUP007,COMP001,14909,2025-04-04,9
PO003892,SUP006,COMP028,5156,2025-01-12,24
PO003893,SUP010,COMP015,738,2025-11-15,22
PO003894,SUP010,COMP035,7603,2025-09-18,22
PO003895,SUP002,COMP039,12366,2025-07-11,3
PO003896,SUP008,COMP036,7653,2025-09-11,21
PO003897,SUP007,COMP037,9862,2025-11-07,21
PO003898,SUP004,COMP034,2273,2025-10-19,23
PO003899,SUP002,COMP037,5257,2025-10-15,24
PO003900,SUP008,COMP018,6869,2025-03-02,8
PO003901,SUP004,COMP006,10307,2025-12-23,24
PO003902,SUP001,COMP003,2826,2025-05-29,5
PO003903,SUP006,COMP022,2352,2025-09-11,13
PO003904,SUP009,COMP026,4067,2025-08-20,9
PO003905,SUP006,COMP014,3821,2025-03-26,18
PO003906,SUP001,COMP009,8768,2025-10-31,22
PO003907,SUP007,COMP027,7618,2025-09-14,16
PO003908,SUP009,COMP024,13827,2025-10-04,11
PO003909,SUP004,COMP005,1956,2025-07-17,8
PO003910,SUP002,COMP004,12171,2025-12-10,25
PO003911,SUP007,COMP023,14643,2025-02-13,12
PO003912,SUP010,COMP017,14301,2025-08-25,9
PO003913,SUP010,COMP026,12526,2025-07-06,24
PO003914,SUP005,COMP013,1780,2025-01-10,13
PO003915,SUP006,COMP029,8614,2025-02-03,24
PO003916,SUP001,COMP014,11646,2025-01-29,24
PO003917,SUP003,COMP030,5915,2025-10-21,16
PO003918,SUP001,COMP036,10815,2025-10-07,21
PO003919,SUP006,COMP036,6775,2025-11-09,17
PO003920,SUP010,COMP013,5935,2025-09-24,12
PO003921,SUP004,COMP017,3139,2025-04-07,6
PO003922,SUP005,COMP037,5030,2025-06-20,8
PO003923,SUP002,COMP011,6162,2025-12-29,20
PO003924,SUP007,COMP003,7451,2025-03-13,23
PO003925,SUP001,COMP040,8891,2025-02-25,20
PO003926,SUP001,COMP018,1282,2025-12-01,21
PO003927,SUP010,COMP038,2391,2025-06-12,6
PO003928,SUP005,COMP007,5281,2025-01-02,14
PO003929,SUP001,COMP036,6212,2025-01-08,24
PO003930,SUP002,COMP016,11551,2025-05-17,18
PO003931,SUP005,COMP011,10353,2025-12-19,15
PO003932,SUP004,COMP027,4672,2025-02-06,8
PO003933,SUP003,COMP027,5467,2025-08-20,7
PO003934,SUP006,COMP018,11793,2025-04-23,25
PO003935,SUP010,COMP012,5175,2025-06-24,9
PO003936,SUP010,COMP026,714,2025-05-29,7
PO003937,SUP005,COMP002,9296,2025-02-12,17
PO003938,SUP005,COMP018,2764,2025-07-08,24
PO003939,SUP004,COMP037,11957,2025-12-26,15
PO003940,SUP009,COMP022,12812,2025-11-17,8
PO003941,SUP008,COMP028,8743,2025-04-01,3
PO003942,SUP010,COMP007,9479,2025-11-28,20
PO003943,SUP002,COMP011,2997,2025-06-07,15
PO003944,SUP007,COMP008,4754,2025-03-23,20
PO003945,SUP001,COMP039,13676,2025-09-07,3
PO003946,SUP003,COMP001,10461,2025-08-28,21
PO003947,SUP001,COMP039,7632,2025-12-12,10
PO003948,SUP006,COMP007,14115,2025-12-18,13
PO003949,SUP010,COMP005,1725,2025-08-29,13
PO003950,SUP004,COMP016,2421,2025-08-14,4
PO003951,SUP003,COMP023,3839,2025-05-03,18
PO003952,SUP010,COMP031,527,2025-09-30,15
PO003953,SUP001,COMP020,11103,2025-05-01,17
PO003954,SUP008,COMP023,9516,2025-08-24,8
PO003955,SUP006,COMP013,8154,2025-02-14,18
PO003956,SUP003,COMP003,11717,2025-02-28,13
PO003957,SUP004,COMP016,4221,2025-01-13,3
PO003958,SUP004,COMP012,6015,2025-07-15,21
PO003959,SUP007,COMP018,7791,2025-05-09,5
PO003960,SUP004,COMP016,1646,2025-02-21,14
PO003961,SUP002,COMP039,7292,2025-09-15,10
PO003962,SUP010,COMP019,9337,2025-12-21,12
PO003963,SUP003,COMP010,7254,2025-12-02,16
PO003964,SUP004,COMP006,6528,2025-06-04,9
PO003965,SUP001,COMP038,14926,2025-11-11,3
PO003966,SUP004,COMP020,11828,2025-10-19,6
PO003967,SUP004,COMP005,6329,2025-07-15,23
PO003968,SUP006,COMP013,14571,2025-12-30,15
PO003969,SUP007,COMP032,1941,2025-04-17,15
PO003970,SUP005,COMP027,14945,2025-12-28,9
PO003971,SUP006,COMP006,12737,2025-06-04,13
PO003972,SUP003,COMP012,8938,2025-11-24,7
PO003973,SUP004,COMP009,14940,2025-06-16,24
PO003974,SUP004,COMP020,8880,2025-12-04,13
PO003975,SUP003,COMP039,7821,2025-11-10,21
PO003976,SUP004,COMP017,10266,2025-07-28,14
PO003977,SUP008,COMP030,5665,2025-10-09,10
PO003978,SUP004,COMP023,3388,2025-03-03,24
PO003979,SUP010,COMP032,502,2025-12-16,15
PO003980,SUP005,COMP001,7597,2025-05-28,5
PO003981,SUP003,COMP013,11838,2025-11-25,5
PO003982,SUP006,COMP018,1170,2025-03-21,12
PO003983,SUP005,COMP030,8741,2025-04-15,3
PO003984,SUP008,COMP022,738,2025-02-24,15
PO003985,SUP004,COMP010,8650,2025-11-21,3
PO003986,SUP004,COMP018,9857,2025-02-28,11
PO003987,SUP002,COMP002,11571,2025-06-27,7
PO003988,SUP007,COMP039,10797,2025-07-23,9
PO003989,SUP007,COMP020,3238,2025-08-26,7
PO003990,SUP002,COMP012,14815,2025-07-27,11
PO003991,SUP006,COMP019,3821,2025-07-18,18
PO003992,SUP007,COMP033,11114,2025-09-04,22
PO003993,SUP007,COMP031,11298,2025-06-06,15
PO003994,SUP008,COMP012,6830,2025-11-02,19
PO003995,SUP007,COMP013,578,2025-02-15,25
PO003996,SUP004,COMP014,4114,2025-03-09,18
PO003997,SUP010,COMP036,12569,2025-10-09,7
PO003998,SUP002,COMP029,519,2025-03-29,23
PO003999,SUP007,COMP031,2476,2025-11-05,21
PO004000,SUP007,COMP005,5359,2025-11-05,12
PO004001,SUP010,COMP007,14542,2025-10-04,14
PO004002,SUP002,COMP020,12538,2025-08-24,14
PO004003,SUP007,COMP008,7312,2025-01-22,9
PO004004,SUP009,COMP019,10054,2025-06-17,25
PO004005,SUP003,COMP026,979,2025-08-03,19
PO004006,SUP003,COMP011,8720,2025-08-23,21
PO004007,SUP006,COMP026,1673,2025-06-07,5
PO004008,SUP001,COMP037,6731,2025-07-15,5
PO004009,SUP006,COMP040,3280,2025-11-14,9
PO004010,SUP003,COMP022,7902,2025-09-28,22
PO004011,SUP001,COMP036,8768,2025-06-21,4
PO004012,SUP007,COMP037,744,2025-04-08,4
PO004013,SUP004,COMP019,12557,2025-09-05,5
PO004014,SUP002,COMP012,1307,2025-03-12,18
PO004015,SUP004,COMP002,14121,2025-11-29,7
PO004016,SUP004,COMP034,10745,2025-07-05,23
PO004017,SUP010,COMP022,12005,2025-02-19,25
PO004018,SUP003,COMP038,10758,2025-03-20,4
PO004019,SUP008,COMP010,2911,2025-04-11,4
PO004020,SUP004,COMP016,6589,2025-10-11,7
PO004021,SUP004,COMP015,9942,2025-10-04,22
PO004022,SUP006,COMP005,2229,2025-12-24,6
PO004023,SUP004,COMP040,10044,2025-09-12,18
PO004024,SUP004,COMP035,13995,2025-12-05,17
PO004025,SUP010,COMP011,7692,2025-10-10,17
PO004026,SUP007,COMP029,9240,2025-03-22,10
PO004027,SUP007,COMP001,10900,2025-10-10,25
PO004028,SUP005,COMP012,2633,2025-10-31,15
PO004029,SUP007,COMP022,2204,2025-06-05,11
PO004030,SUP005,COMP033,6673,2025-06-23,17
PO004031,SUP005,COMP013,887,2025-07-26,7
PO004032,SUP001,COMP025,9148,2025-02-03,12
PO004033,SUP009,COMP020,13762,2025-10-17,22
PO004034,SUP002,COMP038,8786,2025-12-26,17
PO004035,SUP003,COMP004,3337,2025-10-30,19
PO004036,SUP002,COMP005,3915,2025-01-06,3
PO004037,SUP009,COMP018,4393,2025-11-28,9
PO004038,SUP010,COMP008,5244,2025-02-13,21
PO004039,SUP009,COMP008,12866,2025-02-08,25
PO004040,SUP008,COMP038,7220,2025-05-08,9
PO004041,SUP001,COMP022,521,2025-08-21,11
PO004042,SUP010,COMP022,1365,2025-05-25,12
PO004043,SUP004,COMP011,7725,2025-02-19,21
PO004044,SUP003,COMP037,9649,2025-11-29,3
PO004045,SUP003,COMP034,5103,2025-11-29,11
PO004046,SUP002,COMP027,1916,2025-12-12,15
PO004047,SUP010,COMP014,11704,2025-07-29,8
PO004048,SUP005,COMP004,9013,2025-09-27,13
PO004049,SUP002,COMP028,4311,2025-03-09,10
PO004050,SUP009,COMP007,3708,2025-09-08,3
PO004051,SUP006,COMP031,12164,2025-12-07,12
PO004052,SUP002,COMP003,4479,2025-09-01,16
PO004053,SUP003,COMP012,7289,2025-06-21,22
PO004054,SUP005,COMP008,12275,2025-06-17,7
PO004055,SUP006,COMP035,3946,2025-09-27,14
PO004056,SUP002,COMP028,4338,2025-06-11,18
PO004057,SUP009,COMP005,13590,2025-03-02,16
PO004058,SUP005,COMP018,12207,2025-08-11,16
PO004059,SUP009,COMP018,13704,2025-09-03,6
PO004060,SUP004,COMP011,11716,2025-11-14,4
PO004061,SUP002,COMP004,3412,2025-11-06,23
PO004062,SUP002,COMP022,9042,2025-12-12,13
PO004063,SUP002,COMP007,9526,2025-07-08,19
PO004064,SUP002,COMP008,14043,2025-01-28,6
PO004065,SUP005,COMP025,1247,2025-03-09,9
PO004066,SUP006,COMP016,6035,2025-11-21,21
PO004067,SUP007,COMP033,3170,2025-09-19,21
PO004068,SUP001,COMP007,13354,2025-05-19,4
PO004069,SUP009,COMP008,14411,2025-03-13,25
PO004070,SUP004,COMP022,7525,2025-04-27,5
PO004071,SUP007,COMP032,13884,2025-07-15,15
PO004072,SUP001,COMP010,7921,2025-02-18,15
PO004073,SUP009,COMP038,3450,2025-08-26,19
PO004074,SUP009,COMP036,4999,2025-08-28,19
PO004075,SUP008,COMP006,9433,2025-02-09,22
PO004076,SUP004,COMP035,4260,2025-06-07,18
PO004077,SUP008,COMP003,6203,2025-02-15,3
PO004078,SUP005,COMP031,4310,2025-01-01,23
PO004079,SUP009,COMP002,3527,2025-09-22,8
PO004080,SUP002,COMP014,2363,2025-12-27,5
PO004081,SUP005,COMP033,3329,2025-06-09,23
PO004082,SUP002,COMP020,12590,2025-04-30,3
PO004083,SUP005,COMP019,5564,2025-07-15,21
PO004084,SUP008,COMP035,10769,2025-10-29,12
PO004085,SUP003,COMP021,9717,2025-07-31,10
PO004086,SUP005,COMP038,14203,2025-01-09,3
PO004087,SUP002,COMP038,7898,2025-08-03,19
PO004088,SUP010,COMP015,4542,2025-05-22,14
PO004089,SUP001,COMP004,4732,2025-02-23,22
PO004090,SUP006,COMP006,11421,2025-02-14,9
PO004091,SUP001,COMP014,931,2025-08-15,15
PO004092,SUP007,COMP005,8310,2025-01-03,15
PO004093,SUP002,COMP025,11727,2025-07-25,20
PO004094,SUP005,COMP027,5592,2025-12-20,20
PO004095,SUP003,COMP002,10319,2025-09-25,18
PO004096,SUP003,COMP034,5571,2025-09-25,5
PO004097,SUP009,COMP007,9258,2025-07-19,21
PO004098,SUP007,COMP039,2788,2025-04-26,11
PO004099,SUP005,COMP017,1413,2025-06-17,14
PO004100,SUP008,COMP010,14436,2025-06-08,18
PO004101,SUP008,COMP011,1858,2025-04-24,21
PO004102,SUP007,COMP013,11151,2025-07-26,7
PO004103,SUP001,COMP038,1718,2025-07-28,3
PO004104,SUP005,COMP038,11592,2025-05-31,6
PO004105,SUP008,COMP011,14659,2025-04-10,5
PO004106,SUP010,COMP002,1524,2025-08-13,4
PO004107,SUP007,COMP028,13997,2025-09-27,15
PO004108,SUP004,COMP029,2698,2025-02-21,25
PO004109,SUP009,COMP024,13389,2025-10-12,21
PO004110,SUP004,COMP023,8914,2025-05-09,23
PO004111,SUP001,COMP020,8387,2025-01-21,14
PO004112,SUP008,COMP006,14048,2025-03-23,16
PO004113,SUP006,COMP025,6176,2025-07-16,25
PO004114,SUP005,COMP007,11650,2025-08-08,13
PO004115,SUP007,COMP025,7374,2025-08-23,6
PO004116,SUP006,COMP030,13165,2025-02-27,5
PO004117,SUP002,COMP009,1138,2025-09-11,3
PO004118,SUP002,COMP034,11784,2025-12-03,3
PO004119,SUP006,COMP034,13083,2025-10-18,9
PO004120,SUP006,COMP037,7426,2025-09-09,23
PO004121,SUP010,COMP012,13672,2025-07-29,8
PO004122,SUP006,COMP022,2748,2025-06-26,17
PO004123,SUP007,COMP006,6225,2025-01-15,25
PO004124,SUP004,COMP013,6188,2025-11-07,23
PO004125,SUP009,COMP017,9273,2025-01-25,19
PO004126,SUP007,COMP005,8757,2025-08-09,24
PO004127,SUP009,COMP013,12818,2025-01-06,11
PO004128,SUP004,COMP018,2876,2025-03-24,21
PO004129,SUP010,COMP032,9350,2025-07-11,9
PO004130,SUP003,COMP008,11820,2025-12-20,3
PO004131,SUP002,COMP016,4088,2025-10-26,20
PO004132,SUP010,COMP014,657,2025-10-17,3
PO004133,SUP005,COMP001,1277,2025-05-07,18
PO004134,SUP007,COMP023,9579,2025-06-08,24
PO004135,SUP010,COMP002,2237,2025-06-05,4
PO004136,SUP006,COMP028,5953,2025-01-01,7
PO004137,SUP006,COMP029,9482,2025-09-08,4
PO004138,SUP010,COMP003,10505,2025-06-16,22
PO004139,SUP001,COMP010,11677,2025-08-25,22
PO004140,SUP010,COMP001,4943,2025-07-20,9
PO004141,SUP007,COMP039,14569,2025-02-04,22
PO004142,SUP010,COMP008,8959,2025-04-09,19
PO004143,SUP007,COMP018,9193,2025-10-04,9
PO004144,SUP007,COMP009,7193,2025-10-28,16
PO004145,SUP002,COMP027,11976,2025-04-10,15
PO004146,SUP008,COMP031,1589,2025-08-22,25
PO004147,SUP008,COMP021,3534,2025-11-03,16
PO004148,SUP010,COMP020,11531,2025-04-03,25
PO004149,SUP007,COMP040,2126,2025-07-03,11
PO004150,SUP009,COMP040,8071,2025-10-04,20
PO004151,SUP002,COMP017,2077,2025-12-20,7
PO004152,SUP005,COMP021,14138,2025-03-25,17
PO004153,SUP008,COMP003,6424,2025-01-20,20
PO004154,SUP008,COMP022,6037,2025-01-21,13
PO004155,SUP007,COMP011,4850,2025-06-01,20
PO004156,SUP002,COMP035,12670,2025-10-02,20
PO004157,SUP007,COMP029,8963,2025-10-30,25
PO004158,SUP006,COMP002,2161,2025-04-26,21
PO004159,SUP002,COMP037,3791,2025-09-27,17
PO004160,SUP001,COMP029,5060,2025-02-11,12
PO004161,SUP003,COMP002,2158,2025-05-04,11
PO004162,SUP010,COMP035,14565,2025-06-08,9
PO004163,SUP009,COMP012,9442,2025-12-06,5
PO004164,SUP005,COMP002,5299,2025-07-19,8
PO004165,SUP005,COMP031,9231,2025-08-12,24
PO004166,SUP004,COMP023,14273,2025-08-14,8
PO004167,SUP004,COMP027,11365,2025-03-25,18
PO004168,SUP004,COMP015,1276,2025-09-14,24
PO004169,SUP010,COMP001,4463,2025-06-06,13
PO004170,SUP005,COMP020,7000,2025-12-02,19
PO004171,SUP005,COMP016,12972,2025-04-02,5
PO004172,SUP001,COMP039,5773,2025-06-01,22
PO004173,SUP007,COMP036,7358,2025-02-22,18
PO004174,SUP008,COMP013,1437,2025-08-30,21
PO004175,SUP001,COMP037,10664,2025-02-08,25
PO004176,SUP010,COMP040,11002,2025-11-21,23
PO004177,SUP009,COMP018,7001,2025-08-17,16
PO004178,SUP002,COMP030,814,2025-11-02,21
PO004179,SUP006,COMP008,2018,2025-01-21,9
PO004180,SUP006,COMP026,12445,2025-03-25,13
PO004181,SUP008,COMP026,2678,2025-02-05,4
PO004182,SUP010,COMP003,2834,2025-09-27,3
PO004183,SUP006,COMP030,12920,2025-10-30,25
PO004184,SUP006,COMP024,881,2025-01-13,4
PO004185,SUP005,COMP020,4992,2025-02-07,14
PO004186,SUP007,COMP025,11639,2025-05-02,4
PO004187,SUP006,COMP029,3062,2025-09-12,14
PO004188,SUP007,COMP010,13639,2025-04-06,3
PO004189,SUP003,COMP008,7889,2025-06-13,20
PO004190,SUP010,COMP012,13973,2025-10-15,9
PO004191,SUP010,COMP002,5749,2025-04-10,17
PO004192,SUP001,COMP008,12694,2025-04-27,23
PO004193,SUP008,COMP026,12008,2025-01-15,24
PO004194,SUP008,COMP012,578,2025-12-10,9
PO004195,SUP003,COMP018,9010,2025-11-08,9
PO004196,SUP003,COMP015,11117,2025-08-27,18
PO004197,SUP006,COMP027,8553,2025-09-01,22
PO004198,SUP005,COMP025,6856,2025-10-07,13
PO004199,SUP004,COMP012,5043,2025-03-01,12
PO004200,SUP009,COMP019,3059,2025-08-03,23
PO004201,SUP009,COMP039,8827,2025-10-09,4
PO004202,SUP008,COMP029,6381,2025-09-01,23
PO004203,SUP005,COMP028,13495,2025-06-26,19
PO004204,SUP006,COMP029,9497,2025-07-10,15
PO004205,SUP005,COMP024,1937,2025-12-23,21
PO004206,SUP003,COMP018,2753,2025-08-18,21
PO004207,SUP004,COMP017,6822,2025-10-03,24
PO004208,SUP003,COMP040,11451,2025-10-14,14
PO004209,SUP002,COMP026,6166,2025-03-15,8
PO004210,SUP009,COMP032,14997,2025-04-17,13
PO004211,SUP002,COMP006,9523,2025-08-28,18
PO004212,SUP009,COMP026,4440,2025-05-13,23
PO004213,SUP002,COMP018,5163,2025-10-14,18
PO004214,SUP008,COMP029,5424,2025-08-16,16
PO004215,SUP004,COMP038,7803,2025-12-04,5
PO004216,SUP001,COMP013,1602,2025-09-26,20
PO004217,SUP008,COMP012,8647,2025-09-07,21
PO004218,SUP007,COMP004,14834,2025-07-29,24
PO004219,SUP009,COMP033,13518,2025-09-25,24
PO004220,SUP007,COMP029,11438,2025-05-25,8
PO004221,SUP001,COMP022,11740,2025-12-26,3
PO004222,SUP006,COMP031,9265,2025-06-01,15
PO004223,SUP003,COMP010,13982,2025-02-05,15
PO004224,SUP004,COMP017,13142,2025-07-28,13
PO004225,SUP002,COMP035,12316,2025-07-27,13
PO004226,SUP002,COMP023,4312,2025-02-13,7
PO004227,SUP002,COMP019,1675,2025-12-13,10
PO004228,SUP009,COMP009,10799,2025-11-12,19
PO004229,SUP008,COMP040,1268,2025-09-30,16
PO004230,SUP009,COMP028,5659,2025-02-25,23
PO004231,SUP005,COMP028,14231,2025-07-29,4
PO004232,SUP002,COMP032,730,2025-06-29,21
PO004233,SUP004,COMP040,7295,2025-08-26,4
PO004234,SUP002,COMP022,6555,2025-12-21,8
PO004235,SUP003,COMP025,5550,2025-02-09,7
PO004236,SUP005,COMP025,6628,2025-06-21,7
PO004237,SUP010,COMP024,12268,2025-09-06,20
PO004238,SUP008,COMP013,5696,2025-02-28,15
PO004239,SUP009,COMP016,2786,2025-01-03,8
PO004240,SUP003,COMP030,12240,2025-03-05,5
PO004241,SUP004,COMP006,8699,2025-01-26,4
PO004242,SUP003,COMP006,12734,2025-05-23,22
PO004243,SUP009,COMP004,1022,2025-10-01,11
PO004244,SUP008,COMP021,13861,2025-06-20,14
PO004245,SUP008,COMP032,4540,2025-05-29,24
PO004246,SUP004,COMP010,9681,2025-04-03,10
PO004247,SUP010,COMP005,3584,2025-03-07,24
PO004248,SUP002,COMP036,13476,2025-11-21,10
PO004249,SUP007,COMP025,10005,2025-05-15,22
PO004250,SUP009,COMP016,6370,2025-10-28,19
PO004251,SUP001,COMP034,4948,2025-07-19,22
PO004252,SUP009,COMP032,3880,2025-03-12,21
PO004253,SUP008,COMP021,8863,2025-05-20,13
PO004254,SUP007,COMP010,8269,2025-02-24,23
PO004255,SUP004,COMP030,1373,2025-11-17,7
PO004256,SUP005,COMP020,6928,2025-11-09,19
PO004257,SUP005,COMP023,9739,2025-10-05,22
PO004258,SUP001,COMP039,1504,2025-07-14,15
PO004259,SUP001,COMP037,5364,2025-08-28,19
PO004260,SUP004,COMP004,13875,2025-08-02,7
PO004261,SUP007,COMP019,7143,2025-06-19,19
PO004262,SUP009,COMP037,10170,2025-10-11,18
PO004263,SUP003,COMP018,4889,2025-06-03,15
PO004264,SUP004,COMP006,2831,2025-09-29,24
PO004265,SUP005,COMP009,11761,2025-01-22,21
PO004266,SUP003,COMP030,5508,2025-10-27,10
PO004267,SUP010,COMP003,10148,2025-09-22,5
PO004268,SUP002,COMP010,2767,2025-01-20,8
PO004269,SUP002,COMP022,11245,2025-02-19,7
PO004270,SUP009,COMP023,1782,2025-04-18,15
PO004271,SUP009,COMP018,1025,2025-06-16,12
PO004272,SUP002,COMP025,11464,2025-06-19,8
PO004273,SUP004,COMP032,628,2025-01-01,20
PO004274,SUP008,COMP032,8300,2025-07-10,5
PO004275,SUP010,COMP004,12802,2025-01-24,9
PO004276,SUP003,COMP011,12384,2025-08-09,3
PO004277,SUP008,COMP016,5201,2025-08-26,19
PO004278,SUP005,COMP016,3133,2025-08-07,17
PO004279,SUP005,COMP035,5572,2025-08-05,11
PO004280,SUP004,COMP005,13221,2025-02-01,9
PO004281,SUP003,COMP014,4300,2025-10-06,24
PO004282,SUP006,COMP017,4476,2025-08-17,25
PO004283,SUP007,COMP031,4368,2025-01-29,14
PO004284,SUP009,COMP022,9315,2025-03-31,5
PO004285,SUP010,COMP028,12683,2025-05-23,13
PO004286,SUP010,COMP040,7374,2025-10-07,7
PO004287,SUP003,COMP018,3875,2025-02-17,7
PO004288,SUP002,COMP010,6328,2025-07-07,19
PO004289,SUP009,COMP040,9014,2025-04-11,22
PO004290,SUP003,COMP014,843,2025-09-02,20
PO004291,SUP002,COMP018,2319,2025-03-07,13
PO004292,SUP008,COMP002,11362,2025-07-31,17
PO004293,SUP001,COMP030,8662,2025-11-14,25
PO004294,SUP003,COMP020,4655,2025-12-31,13
PO004295,SUP005,COMP031,5839,2025-12-01,22
PO004296,SUP008,COMP005,2189,2025-04-29,6
PO004297,SUP006,COMP027,13613,2025-09-27,18
PO004298,SUP004,COMP008,11539,2025-01-22,7
PO004299,SUP005,COMP011,6843,2025-06-01,13
PO004300,SUP010,COMP028,4281,2025-10-20,11
PO004301,SUP007,COMP034,5197,2025-07-10,19
PO004302,SUP004,COMP007,13729,2025-01-07,21
PO004303,SUP001,COMP013,14539,2025-06-27,20
PO004304,SUP006,COMP033,12165,2025-09-01,7
PO004305,SUP007,COMP013,11661,2025-04-06,25
PO004306,SUP008,COMP023,1064,2025-04-06,18
PO004307,SUP002,COMP039,3033,2025-07-19,12
PO004308,SUP003,COMP008,12720,2025-01-04,8
PO004309,SUP004,COMP036,13299,2025-08-13,8
PO004310,SUP009,COMP036,1008,2025-09-08,10
PO004311,SUP007,COMP027,12581,2025-11-23,12
PO004312,SUP010,COMP032,1185,2025-07-13,23
PO004313,SUP010,COMP021,9983,2025-12-30,22
PO004314,SUP001,COMP008,9727,2025-07-27,24
PO004315,SUP005,COMP015,12708,2025-12-05,25
PO004316,SUP004,COMP023,7283,2025-03-15,9
PO004317,SUP010,COMP022,13413,2025-01-14,8
PO004318,SUP002,COMP005,14623,2025-03-03,19
PO004319,SUP008,COMP001,11747,2025-01-23,3
PO004320,SUP001,COMP035,14787,2025-03-13,8
PO004321,SUP003,COMP004,6380,2025-05-01,7
PO004322,SUP003,COMP003,9376,2025-10-28,10
PO004323,SUP010,COMP023,6782,2025-01-26,19
PO004324,SUP010,COMP034,996,2025-05-30,16
PO004325,SUP007,COMP005,14414,2025-08-17,6
PO004326,SUP001,COMP006,5185,2025-08-29,20
PO004327,SUP003,COMP017,13752,2025-08-27,14
PO004328,SUP010,COMP040,12312,2025-02-21,6
PO004329,SUP008,COMP013,9801,2025-01-23,15
PO004330,SUP007,COMP021,1454,2025-07-26,19
PO004331,SUP009,COMP033,6481,2025-08-25,25
PO004332,SUP007,COMP003,3495,2025-08-27,9
PO004333,SUP002,COMP028,825,2025-05-03,14
PO004334,SUP001,COMP010,11783,2025-06-06,13
PO004335,SUP001,COMP026,13972,2025-04-13,7
PO004336,SUP008,COMP004,11818,2025-12-22,24
PO004337,SUP006,COMP010,14333,2025-05-21,5
PO004338,SUP007,COMP039,13830,2025-05-12,23
PO004339,SUP006,COMP028,5411,2025-07-15,20
PO004340,SUP007,COMP025,8148,2025-07-23,23
PO004341,SUP005,COMP027,10560,2025-03-03,11
PO004342,SUP003,COMP033,5497,2025-01-05,3
PO004343,SUP001,COMP001,14211,2025-12-24,6
PO004344,SUP004,COMP029,4810,2025-04-08,17
PO004345,SUP009,COMP018,8513,2025-02-19,3
PO004346,SUP008,COMP016,8817,2025-04-02,9
PO004347,SUP003,COMP010,5826,2025-12-06,24
PO004348,SUP009,COMP015,4156,2025-09-04,16
PO004349,SUP003,COMP010,14769,2025-04-18,10
PO004350,SUP005,COMP022,1227,2025-03-01,13
PO004351,SUP005,COMP008,8212,2025-09-10,15
PO004352,SUP006,COMP030,9331,2025-08-04,16
PO004353,SUP002,COMP003,11941,2025-11-30,4
PO004354,SUP001,COMP002,6258,2025-11-03,5
PO004355,SUP002,COMP034,6745,2025-03-25,23
PO004356,SUP005,COMP032,10467,2025-05-03,22
PO004357,SUP004,COMP014,5437,2025-09-18,24
PO004358,SUP010,COMP006,5172,2025-01-29,7
PO004359,SUP007,COMP038,11020,2025-12-12,15
PO004360,SUP004,COMP006,5743,2025-12-25,14
PO004361,SUP006,COMP034,1283,2025-11-29,3
PO004362,SUP009,COMP031,6570,2025-09-13,13
PO004363,SUP008,COMP022,2114,2025-12-20,9
PO004364,SUP002,COMP033,12989,2025-04-25,20
PO004365,SUP003,COMP013,8547,2025-01-28,24
PO004366,SUP009,COMP018,4999,2025-05-12,15
PO004367,SUP009,COMP021,770,2025-02-23,24
PO004368,SUP004,COMP035,1935,2025-05-06,19
PO004369,SUP006,COMP020,14469,2025-02-25,20
PO004370,SUP005,COMP012,10594,2025-04-26,8
PO004371,SUP007,COMP018,5794,2025-08-21,4
PO004372,SUP002,COMP031,14619,2025-08-18,10
PO004373,SUP004,COMP032,11331,2025-01-20,5
PO004374,SUP001,COMP028,6420,2025-04-09,15
PO004375,SUP001,COMP023,5325,2025-10-17,18
PO004376,SUP002,COMP012,8249,2025-10-23,10
PO004377,SUP002,COMP003,9249,2025-03-21,15
PO004378,SUP003,COMP031,8165,2025-06-10,16
PO004379,SUP010,COMP039,12028,2025-11-11,3
PO004380,SUP007,COMP002,5426,2025-03-01,19
PO004381,SUP007,COMP040,13947,2025-07-18,3
PO004382,SUP010,COMP024,6795,2025-07-26,6
PO004383,SUP002,COMP036,3561,2025-10-09,21
PO004384,SUP003,COMP006,12069,2025-01-09,18
PO004385,SUP006,COMP033,7557,2025-06-05,10
PO004386,SUP006,COMP036,13752,2025-05-02,3
PO004387,SUP010,COMP032,5771,2025-04-25,9
PO004388,SUP007,COMP013,2349,2025-05-15,21
PO004389,SUP003,COMP033,10813,2025-10-30,16
PO004390,SUP010,COMP007,8954,2025-12-18,15
PO004391,SUP002,COMP031,5739,2025-11-28,15
PO004392,SUP009,COMP028,4070,2025-05-09,13
PO004393,SUP005,COMP038,6759,2025-05-24,24
PO004394,SUP003,COMP012,969,2025-08-02,21
PO004395,SUP010,COMP010,6043,2025-06-25,19
PO004396,SUP004,COMP004,677,2025-04-12,14
PO004397,SUP009,COMP004,11376,2025-12-26,25
PO004398,SUP009,COMP030,6533,2025-07-27,23
PO004399,SUP004,COMP017,12697,2025-05-29,22
PO004400,SUP002,COMP003,8805,2025-09-23,14
PO004401,SUP004,COMP019,9634,2025-10-07,10
PO004402,SUP002,COMP039,14160,2025-04-06,17
PO004403,SUP003,COMP029,14355,2025-08-15,19
PO004404,SUP004,COMP019,1271,2025-09-12,21
PO004405,SUP004,COMP009,8723,2025-02-10,20
PO004406,SUP002,COMP025,11348,2025-08-31,5
PO004407,SUP008,COMP029,11403,2025-02-18,6
PO004408,SUP001,COMP015,5161,2025-01-23,8
PO004409,SUP001,COMP032,14782,2025-04-23,16
PO004410,SUP002,COMP032,5593,2025-06-13,17
PO004411,SUP005,COMP007,8261,2025-11-17,22
PO004412,SUP002,COMP033,4956,2025-11-24,19
PO004413,SUP001,COMP002,13482,2025-02-01,3
PO004414,SUP001,COMP006,4230,2025-05-03,4
PO004415,SUP003,COMP008,5026,2025-10-08,21
PO004416,SUP001,COMP017,631,2025-02-10,5
PO004417,SUP004,COMP037,3148,2025-02-25,14
PO004418,SUP009,COMP005,10006,2025-03-18,17
PO004419,SUP008,COMP010,4867,2025-05-28,10
PO004420,SUP008,COMP027,5234,2025-06-15,15
PO004421,SUP002,COMP034,12483,2025-06-08,16
PO004422,SUP009,COMP037,2116,2025-07-11,25
PO004423,SUP009,COMP013,3880,2025-07-23,13
PO004424,SUP010,COMP029,5571,2025-09-07,4
PO004425,SUP010,COMP007,5275,2025-09-21,17
PO004426,SUP002,COMP039,3533,2025-12-24,24
PO004427,SUP010,COMP001,14683,2025-09-19,10
PO004428,SUP004,COMP034,2651,2025-07-12,14
PO004429,SUP007,COMP008,9782,2025-08-29,20
PO004430,SUP010,COMP025,9403,2025-02-06,7
PO004431,SUP007,COMP026,7240,2025-12-16,22
PO004432,SUP010,COMP008,6808,2025-10-21,21
PO004433,SUP003,COMP030,14742,2025-08-20,24
PO004434,SUP001,COMP033,13800,2025-11-21,16
PO004435,SUP007,COMP023,7970,2025-06-01,20
PO004436,SUP007,COMP024,14260,2025-11-02,17
PO004437,SUP008,COMP021,10337,2025-08-26,18
PO004438,SUP007,COMP031,4005,2025-12-21,24
PO004439,SUP009,COMP002,1142,2025-08-25,13
PO004440,SUP001,COMP027,9093,2025-03-10,9
PO004441,SUP004,COMP031,4350,2025-04-25,21
PO004442,SUP004,COMP018,8161,2025-05-25,25
PO004443,SUP002,COMP012,7610,2025-09-13,20
PO004444,SUP009,COMP026,13868,2025-06-22,17
PO004445,SUP001,COMP029,4528,2025-11-27,20
PO004446,SUP006,COMP017,14264,2025-07-26,3
PO004447,SUP006,COMP010,1832,2025-08-24,9
PO004448,SUP003,COMP005,4572,2025-04-22,3
PO004449,SUP006,COMP033,13577,2025-08-13,24
PO004450,SUP009,COMP038,3243,2025-11-18,19
PO004451,SUP009,COMP001,3193,2025-12-13,8
PO004452,SUP010,COMP023,5966,2025-09-13,15
PO004453,SUP010,COMP014,1403,2025-09-20,19
PO004454,SUP009,COMP014,8661,2025-12-17,4
PO004455,SUP008,COMP039,12491,2025-10-26,5
PO004456,SUP010,COMP001,7339,2025-03-07,9
PO004457,SUP002,COMP023,12638,2025-05-25,10
PO004458,SUP005,COMP019,10734,2025-02-10,21
PO004459,SUP008,COMP020,14427,2025-08-21,3
PO004460,SUP009,COMP019,9367,2025-07-23,18
PO004461,SUP002,COMP008,12022,2025-08-14,8
PO004462,SUP005,COMP040,9157,2025-11-20,13
PO004463,SUP010,COMP025,4425,2025-05-12,9
PO004464,SUP007,COMP024,14104,2025-01-25,22
PO004465,SUP005,COMP007,7341,2025-03-14,23
PO004466,SUP007,COMP030,3424,2025-05-17,3
PO004467,SUP009,COMP039,6716,2025-03-25,20
PO004468,SUP008,COMP004,1865,2025-05-07,7
PO004469,SUP002,COMP024,14828,2025-07-23,16
PO004470,SUP008,COMP004,1532,2025-12-13,22
PO004471,SUP002,COMP033,8120,2025-03-02,17
PO004472,SUP002,COMP001,4887,2025-06-20,25
PO004473,SUP010,COMP037,13641,2025-11-03,8
PO004474,SUP001,COMP031,13770,2025-02-10,19
PO004475,SUP010,COMP036,11449,2025-01-12,7
PO004476,SUP003,COMP006,4469,2025-02-23,20
PO004477,SUP010,COMP026,1030,2025-06-10,4
PO004478,SUP004,COMP020,6804,2025-02-25,23
PO004479,SUP002,COMP031,4398,2025-06-01,5
PO004480,SUP008,COMP017,1941,2025-05-23,16
PO004481,SUP006,COMP024,5415,2025-06-17,5
PO004482,SUP003,COMP016,14580,2025-04-16,13
PO004483,SUP006,COMP038,1728,2025-08-01,12
PO004484,SUP010,COMP006,6217,2025-12-02,16
PO004485,SUP007,COMP013,885,2025-12-20,9
PO004486,SUP007,COMP013,4312,2025-09-20,16
PO004487,SUP005,COMP033,7047,2025-06-20,3
PO004488,SUP001,COMP029,5326,2025-05-15,9
PO004489,SUP006,COMP012,13664,2025-06-12,23
PO004490,SUP001,COMP005,9784,2025-02-14,16
PO004491,SUP006,COMP015,7014,2025-05-13,17
PO004492,SUP001,COMP026,11170,2025-08-11,22
PO004493,SUP007,COMP031,8453,2025-09-17,23
PO004494,SUP002,COMP014,4837,2025-02-03,12
PO004495,SUP006,COMP010,4989,2025-05-22,20
PO004496,SUP007,COMP018,13130,2025-10-26,5
PO004497,SUP006,COMP014,6170,2025-01-13,21
PO004498,SUP001,COMP017,3716,2025-06-29,5
PO004499,SUP009,COMP018,1143,2025-07-13,9
PO004500,SUP010,COMP010,10347,2025-12-31,11
PO004501,SUP007,COMP024,2110,2025-04-15,7
PO004502,SUP008,COMP006,1305,2025-01-18,12
PO004503,SUP010,COMP038,2199,2025-03-30,16
PO004504,SUP005,COMP016,8961,2025-05-16,18
PO004505,SUP001,COMP040,9690,2025-02-20,21
PO004506,SUP003,COMP002,6437,2025-01-25,22
PO004507,SUP002,COMP025,14570,2025-04-19,10
PO004508,SUP010,COMP010,11294,2025-05-05,15
PO004509,SUP003,COMP021,10044,2025-04-23,7
PO004510,SUP009,COMP028,6419,2025-09-08,6
PO004511,SUP002,COMP039,3266,2025-12-29,12
PO004512,SUP010,COMP007,2793,2025-09-19,9
PO004513,SUP001,COMP002,7505,2025-03-30,10
PO004514,SUP009,COMP008,8894,2025-04-19,23
PO004515,SUP010,COMP011,4895,2025-07-06,6
PO004516,SUP007,COMP032,9847,2025-02-15,18
PO004517,SUP008,COMP026,2504,2025-12-16,25
PO004518,SUP010,COMP028,628,2025-09-09,22
PO004519,SUP002,COMP007,8238,2025-03-14,22
PO004520,SUP003,COMP016,4242,2025-12-27,13
PO004521,SUP010,COMP008,4578,2025-04-18,14
PO004522,SUP004,COMP006,6616,2025-05-07,14
PO004523,SUP007,COMP011,12162,2025-10-06,17
PO004524,SUP003,COMP020,6300,2025-12-24,23
PO004525,SUP001,COMP018,12275,2025-12-21,3
PO004526,SUP010,COMP017,2196,2025-05-17,17
PO004527,SUP008,COMP006,12887,2025-08-08,20
PO004528,SUP003,COMP035,11414,2025-11-09,20
PO004529,SUP003,COMP005,9284,2025-11-30,7
PO004530,SUP005,COMP019,6826,2025-10-08,8
PO004531,SUP002,COMP026,3688,2025-07-12,7
PO004532,SUP010,COMP032,564,2025-04-19,19
PO004533,SUP007,COMP019,11048,2025-12-23,24
PO004534,SUP008,COMP015,2818,2025-03-25,9
PO004535,SUP003,COMP009,4632,2025-03-23,16
PO004536,SUP004,COMP029,14765,2025-10-12,9
PO004537,SUP007,COMP033,12724,2025-02-10,8
PO004538,SUP006,COMP017,2204,2025-05-31,13
PO004539,SUP003,COMP034,13244,2025-09-06,20
PO004540,SUP005,COMP031,6188,2025-11-09,3
PO004541,SUP005,COMP017,8128,2025-05-25,25
PO004542,SUP002,COMP029,7451,2025-06-09,9
PO004543,SUP005,COMP018,1777,2025-01-02,14
PO004544,SUP008,COMP038,5407,2025-12-08,4
PO004545,SUP007,COMP021,3490,2025-06-29,9
PO004546,SUP003,COMP038,4542,2025-11-20,7
PO004547,SUP005,COMP020,14194,2025-05-18,24
PO004548,SUP009,COMP015,5050,2025-07-11,6
PO004549,SUP010,COMP038,6546,2025-06-13,3
PO004550,SUP009,COMP039,7865,2025-09-05,13
PO004551,SUP005,COMP032,2732,2025-10-06,6
PO004552,SUP006,COMP029,952,2025-08-08,16
PO004553,SUP003,COMP023,13471,2025-01-01,6
PO004554,SUP007,COMP012,3567,2025-01-14,12
PO004555,SUP004,COMP029,7767,2025-03-05,11
PO004556,SUP010,COMP019,9477,2025-09-01,8
PO004557,SUP005,COMP034,4601,2025-10-27,7
PO004558,SUP007,COMP008,6209,2025-03-30,19
PO004559,SUP004,COMP001,5787,2025-08-06,20
PO004560,SUP003,COMP004,14591,2025-10-14,4
PO004561,SUP009,COMP012,849,2025-08-31,23
PO004562,SUP009,COMP001,10231,2025-09-14,19
PO004563,SUP003,COMP011,1089,2025-10-25,7
PO004564,SUP006,COMP012,10758,2025-02-28,3
PO004565,SUP010,COMP018,13071,2025-03-15,9
PO004566,SUP006,COMP017,8546,2025-10-17,5
PO004567,SUP004,COMP004,12456,2025-03-22,18
PO004568,SUP010,COMP009,10125,2025-10-25,3
PO004569,SUP003,COMP021,1923,2025-01-12,3
PO004570,SUP003,COMP011,8351,2025-11-03,20
PO004571,SUP003,COMP024,14222,2025-08-26,21
PO004572,SUP010,COMP033,9108,2025-05-07,13
PO004573,SUP010,COMP017,3968,2025-03-28,16
PO004574,SUP001,COMP015,3419,2025-03-29,12
PO004575,SUP001,COMP036,572,2025-11-29,17
PO004576,SUP008,COMP003,705,2025-04-30,18
PO004577,SUP009,COMP007,8539,2025-02-24,14
PO004578,SUP001,COMP025,9381,2025-06-17,7
PO004579,SUP005,COMP025,721,2025-09-17,19
PO004580,SUP009,COMP038,6548,2025-10-22,8
PO004581,SUP001,COMP035,5850,2025-03-01,14
PO004582,SUP002,COMP012,2798,2025-11-27,19
PO004583,SUP007,COMP025,1244,2025-01-12,21
PO004584,SUP010,COMP040,12273,2025-08-22,25
PO004585,SUP005,COMP037,5098,2025-02-26,6
PO004586,SUP008,COMP008,6615,2025-10-26,4
PO004587,SUP004,COMP026,5344,2025-09-14,18
PO004588,SUP004,COMP031,2561,2025-12-23,14
PO004589,SUP010,COMP002,12867,2025-02-24,7
PO004590,SUP006,COMP039,9934,2025-08-07,19
PO004591,SUP005,COMP034,11798,2025-04-15,11
PO004592,SUP004,COMP009,9746,2025-12-17,25
PO004593,SUP008,COMP035,11319,2025-08-07,23
PO004594,SUP008,COMP005,5992,2025-06-09,24
PO004595,SUP003,COMP037,11803,2025-06-23,24
PO004596,SUP010,COMP039,12932,2025-06-15,18
PO004597,SUP002,COMP038,5448,2025-08-13,24
PO004598,SUP008,COMP004,1228,2025-08-28,5
PO004599,SUP010,COMP006,12652,2025-11-26,25
PO004600,SUP001,COMP015,6504,2025-04-07,10
PO004601,SUP007,COMP015,6223,2025-11-16,7
PO004602,SUP002,COMP031,3441,2025-04-14,11
PO004603,SUP001,COMP022,12842,2025-11-20,5
PO004604,SUP006,COMP021,9233,2025-10-06,23
PO004605,SUP007,COMP027,4556,2025-02-26,24
PO004606,SUP005,COMP015,9379,2025-08-27,4
PO004607,SUP007,COMP008,1553,2025-06-25,12
PO004608,SUP003,COMP008,2341,2025-12-23,19
PO004609,SUP009,COMP040,13703,2025-06-23,22
PO004610,SUP005,COMP039,12123,2025-02-28,22
PO004611,SUP003,COMP025,5828,2025-12-10,21
PO004612,SUP006,COMP008,8296,2025-04-16,10
PO004613,SUP007,COMP025,7431,2025-06-06,20
PO004614,SUP002,COMP018,4154,2025-02-15,9
PO004615,SUP008,COMP017,880,2025-01-01,25
PO004616,SUP002,COMP037,9459,2025-01-30,6
PO004617,SUP002,COMP001,7215,2025-05-07,20
PO004618,SUP003,COMP012,4984,2025-05-19,10
PO004619,SUP003,COMP025,6190,2025-05-16,21
PO004620,SUP006,COMP006,11412,2025-09-21,22
PO004621,SUP009,COMP008,11014,2025-10-24,18
PO004622,SUP009,COMP022,14569,2025-06-16,5
PO004623,SUP008,COMP039,2347,2025-06-27,12
PO004624,SUP004,COMP026,9988,2025-10-13,4
PO004625,SUP004,COMP018,6515,2025-11-05,25
PO004626,SUP005,COMP035,10239,2025-04-15,3
PO004627,SUP005,COMP040,4969,2025-01-26,19
PO004628,SUP001,COMP039,14892,2025-02-05,4
PO004629,SUP001,COMP027,10110,2025-06-16,15
PO004630,SUP010,COMP035,2030,2025-11-05,20
PO004631,SUP004,COMP013,3623,2025-02-13,15
PO004632,SUP008,COMP038,12924,2025-03-28,15
PO004633,SUP007,COMP019,781,2025-12-25,10
PO004634,SUP001,COMP029,6185,2025-01-02,13
PO004635,SUP010,COMP037,9787,2025-01-14,23
PO004636,SUP007,COMP018,837,2025-09-22,6
PO004637,SUP001,COMP025,7830,2025-02-26,4
PO004638,SUP010,COMP007,7735,2025-11-16,15
PO004639,SUP006,COMP007,789,2025-06-16,22
PO004640,SUP003,COMP002,9352,2025-07-15,13
PO004641,SUP004,COMP032,5239,2025-10-24,11
PO004642,SUP006,COMP023,12178,2025-09-30,9
PO004643,SUP010,COMP013,1894,2025-09-26,14
PO004644,SUP007,COMP025,12508,2025-06-20,11
PO004645,SUP010,COMP016,4690,2025-08-25,19
PO004646,SUP002,COMP010,13098,2025-07-30,19
PO004647,SUP009,COMP033,12494,2025-03-05,3
PO004648,SUP008,COMP036,14806,2025-07-12,25
PO004649,SUP004,COMP012,1465,2025-02-11,22
PO004650,SUP008,COMP003,10792,2025-04-22,3
PO004651,SUP008,COMP034,2477,2025-08-26,16
PO004652,SUP003,COMP016,12269,2025-03-30,13
PO004653,SUP006,COMP034,9417,2025-02-28,5
PO004654,SUP010,COMP008,3210,2025-08-14,17
PO004655,SUP007,COMP007,14962,2025-07-05,6
PO004656,SUP009,COMP002,7870,2025-09-15,11
PO004657,SUP005,COMP009,4813,2025-07-19,17
PO004658,SUP007,COMP002,1501,2025-05-11,24
PO004659,SUP003,COMP023,10465,2025-08-16,16
PO004660,SUP006,COMP032,2014,2025-04-05,13
PO004661,SUP005,COMP020,14828,2025-06-29,20
PO004662,SUP005,COMP029,9809,2025-12-07,14
PO004663,SUP002,COMP039,6905,2025-02-02,11
PO004664,SUP010,COMP040,792,2025-02-04,24
PO004665,SUP005,COMP002,11849,2025-10-28,3
PO004666,SUP006,COMP020,11065,2025-06-03,12
PO004667,SUP010,COMP028,3284,2025-11-29,14
PO004668,SUP003,COMP008,7397,2025-06-28,10
PO004669,SUP009,COMP040,7983,2025-04-22,21
PO004670,SUP001,COMP030,7114,2025-07-19,15
PO004671,SUP008,COMP023,11994,2025-03-19,11
PO004672,SUP005,COMP012,731,2025-05-04,6
PO004673,SUP006,COMP031,10153,2025-10-31,18
PO004674,SUP001,COMP026,6187,2025-10-13,5
PO004675,SUP002,COMP009,5045,2025-07-08,4
PO004676,SUP008,COMP029,9522,2025-04-30,16
PO004677,SUP004,COMP021,1198,2025-12-12,22
PO004678,SUP007,COMP033,1299,2025-02-22,21
PO004679,SUP003,COMP010,8028,2025-03-03,16
PO004680,SUP007,COMP011,3880,2025-11-07,23
PO004681,SUP004,COMP023,3452,2025-08-03,3
PO004682,SUP002,COMP030,10809,2025-08-18,8
PO004683,SUP007,COMP022,6001,2025-09-16,5
PO004684,SUP004,COMP009,13491,2025-08-11,6
PO004685,SUP004,COMP022,11242,2025-05-14,7
PO004686,SUP008,COMP001,1847,2025-12-10,20
PO004687,SUP003,COMP014,3813,2025-11-27,7
PO004688,SUP001,COMP004,3220,2025-06-16,24
PO004689,SUP004,COMP003,5012,2025-07-24,18
PO004690,SUP005,COMP002,13293,2025-08-21,6
PO004691,SUP009,COMP024,4105,2025-04-30,6
PO004692,SUP002,COMP022,7112,2025-06-01,25
PO004693,SUP009,COMP015,5804,2025-08-01,8
PO004694,SUP009,COMP030,6062,2025-04-09,24
PO004695,SUP002,COMP033,4737,2025-10-05,10
PO004696,SUP004,COMP025,5213,2025-10-16,7
PO004697,SUP002,COMP023,2959,2025-12-27,21
PO004698,SUP007,COMP017,6461,2025-09-24,17
PO004699,SUP002,COMP025,6791,2025-04-10,23
PO004700,SUP010,COMP014,12274,2025-01-25,9
PO004701,SUP003,COMP011,2074,2025-08-11,20
PO004702,SUP009,COMP003,8140,2025-01-02,6
PO004703,SUP009,COMP010,14743,2025-02-12,25
PO004704,SUP006,COMP022,8517,2025-05-15,24
PO004705,SUP002,COMP009,13692,2025-07-08,6
PO004706,SUP003,COMP007,9424,2025-10-07,9
PO004707,SUP004,COMP019,749,2025-11-30,5
PO004708,SUP008,COMP037,12187,2025-02-07,21
PO004709,SUP005,COMP018,11925,2025-12-30,13
PO004710,SUP006,COMP031,7659,2025-07-18,21
PO004711,SUP007,COMP010,6133,2025-04-14,16
PO004712,SUP008,COMP007,2178,2025-09-06,6
PO004713,SUP003,COMP003,4238,2025-06-06,14
PO004714,SUP008,COMP018,2501,2025-11-20,17
PO004715,SUP006,COMP025,6144,2025-11-13,8
PO004716,SUP004,COMP001,1275,2025-03-08,8
PO004717,SUP005,COMP012,2614,2025-04-29,17
PO004718,SUP002,COMP026,6808,2025-06-09,10
PO004719,SUP004,COMP013,12557,2025-12-22,14
PO004720,SUP002,COMP039,10700,2025-11-14,17
PO004721,SUP003,COMP005,1582,2025-02-05,13
PO004722,SUP003,COMP040,3149,2025-08-15,3
PO004723,SUP010,COMP038,3978,2025-01-29,16
PO004724,SUP008,COMP028,10830,2025-05-12,7
PO004725,SUP001,COMP008,12422,2025-02-17,18
PO004726,SUP004,COMP005,1157,2025-02-09,4
PO004727,SUP010,COMP008,1005,2025-12-15,11
PO004728,SUP007,COMP003,1287,2025-06-19,8
PO004729,SUP001,COMP020,10091,2025-06-24,15
PO004730,SUP007,COMP035,13783,2025-07-25,25
PO004731,SUP006,COMP006,841,2025-04-13,20
PO004732,SUP010,COMP023,3949,2025-08-30,24
PO004733,SUP003,COMP009,8026,2025-12-28,19
PO004734,SUP004,COMP037,3492,2025-11-04,3
PO004735,SUP003,COMP022,13430,2025-04-20,8
PO004736,SUP005,COMP018,9163,2025-10-06,20
PO004737,SUP001,COMP032,13164,2025-07-29,22
PO004738,SUP007,COMP023,8080,2025-08-31,15
PO004739,SUP006,COMP020,3995,2025-10-20,14
PO004740,SUP010,COMP011,9578,2025-10-18,6
PO004741,SUP005,COMP028,4367,2025-02-07,8
PO004742,SUP005,COMP022,11702,2025-05-02,11
PO004743,SUP008,COMP017,10034,2025-12-27,24
PO004744,SUP002,COMP005,7155,2025-01-18,19
PO004745,SUP005,COMP030,9415,2025-12-15,6
PO004746,SUP009,COMP011,2875,2025-03-25,9
PO004747,SUP005,COMP018,10893,2025-10-21,12
PO004748,SUP005,COMP030,13427,2025-12-08,12
PO004749,SUP009,COMP020,9105,2025-07-01,24
PO004750,SUP007,COMP040,13460,2025-06-08,12
PO004751,SUP006,COMP006,11963,2025-05-15,8
PO004752,SUP002,COMP024,8093,2025-03-13,22
PO004753,SUP010,COMP006,4706,2025-03-09,15
PO004754,SUP001,COMP031,1552,2025-04-23,9
PO004755,SUP010,COMP006,4920,2025-04-30,20
PO004756,SUP003,COMP029,7106,2025-05-25,24
PO004757,SUP007,COMP008,13051,2025-03-09,9
PO004758,SUP010,COMP023,5784,2025-05-16,14
PO004759,SUP003,COMP022,12368,2025-10-20,6
PO004760,SUP004,COMP029,3331,2025-01-06,16
PO004761,SUP008,COMP029,10961,2025-12-08,9
PO004762,SUP001,COMP040,11581,2025-08-24,20
PO004763,SUP001,COMP016,14474,2025-11-10,22
PO004764,SUP004,COMP017,7059,2025-10-14,15
PO004765,SUP003,COMP004,12205,2025-09-03,13
PO004766,SUP004,COMP037,2396,2025-11-03,5
PO004767,SUP010,COMP013,9494,2025-03-22,19
PO004768,SUP010,COMP006,8857,2025-04-18,13
PO004769,SUP001,COMP029,4370,2025-11-15,19
PO004770,SUP005,COMP035,10962,2025-06-14,13
PO004771,SUP001,COMP024,1103,2025-07-20,19
PO004772,SUP002,COMP023,2038,2025-12-17,5
PO004773,SUP005,COMP027,2680,2025-08-24,19
PO004774,SUP006,COMP026,13108,2025-11-21,16
PO004775,SUP003,COMP005,8191,2025-12-28,15
PO004776,SUP003,COMP030,14844,2025-04-01,12
PO004777,SUP004,COMP033,14069,2025-03-05,12
PO004778,SUP005,COMP024,7209,2025-06-29,5
PO004779,SUP005,COMP038,10371,2025-08-20,13
PO004780,SUP004,COMP003,1641,2025-06-01,11
PO004781,SUP007,COMP014,4499,2025-10-06,11
PO004782,SUP006,COMP021,5151,2025-06-20,3
PO004783,SUP002,COMP009,11238,2025-03-14,7
PO004784,SUP002,COMP040,11751,2025-09-24,23
PO004785,SUP009,COMP020,9672,2025-02-21,9
PO004786,SUP002,COMP009,1379,2025-07-03,22
PO004787,SUP004,COMP004,9571,2025-10-21,19
PO004788,SUP010,COMP015,889,2025-10-17,25
PO004789,SUP003,COMP012,2982,2025-12-31,4
PO004790,SUP003,COMP020,14868,2025-02-05,18
PO004791,SUP007,COMP027,13321,2025-10-31,17
PO004792,SUP001,COMP026,14767,2025-09-29,9
PO004793,SUP009,COMP011,9555,2025-03-26,15
PO004794,SUP007,COMP029,5243,2025-01-31,24
PO004795,SUP001,COMP001,10303,2025-12-06,18
PO004796,SUP008,COMP015,5869,2025-12-20,12
PO004797,SUP010,COMP027,3535,2025-07-07,24
PO004798,SUP010,COMP023,10186,2025-01-10,6
PO004799,SUP003,COMP006,4061,2025-07-06,13
PO004800,SUP004,COMP004,2436,2025-03-24,13
PO004801,SUP004,COMP017,11716,2025-04-12,16
PO004802,SUP005,COMP025,7537,2025-10-25,10
PO004803,SUP008,COMP004,7482,2025-09-01,23
PO004804,SUP006,COMP028,5389,2025-05-29,3
PO004805,SUP004,COMP006,4888,2025-09-21,8
PO004806,SUP003,COMP008,1713,2025-11-14,11
PO004807,SUP006,COMP032,3458,2025-01-10,14
PO004808,SUP006,COMP021,4220,2025-03-25,6
PO004809,SUP007,COMP036,14259,2025-06-16,14
PO004810,SUP006,COMP001,3025,2025-07-18,22
PO004811,SUP005,COMP024,725,2025-06-30,19
PO004812,SUP004,COMP026,1381,2025-08-25,8
PO004813,SUP003,COMP036,8739,2025-05-25,21
PO004814,SUP010,COMP013,10002,2025-03-18,20
PO004815,SUP009,COMP027,14860,2025-07-18,19
PO004816,SUP010,COMP034,738,2025-02-20,3
PO004817,SUP007,COMP022,13095,2025-04-03,19
PO004818,SUP006,COMP019,5605,2025-04-11,4
PO004819,SUP006,COMP012,11317,2025-04-19,16
PO004820,SUP002,COMP017,14723,2025-02-18,16
PO004821,SUP004,COMP029,792,2025-08-24,23
PO004822,SUP003,COMP032,4771,2025-12-28,7
PO004823,SUP001,COMP003,14835,2025-12-04,23
PO004824,SUP006,COMP004,3501,2025-11-29,22
PO004825,SUP005,COMP001,7750,2025-10-19,22
PO004826,SUP004,COMP039,7755,2025-08-31,20
PO004827,SUP009,COMP006,1272,2025-05-15,19
PO004828,SUP006,COMP038,2143,2025-06-28,22
PO004829,SUP001,COMP023,14660,2025-05-16,8
PO004830,SUP005,COMP036,12904,2025-08-17,19
PO004831,SUP005,COMP003,5551,2025-02-23,12
PO004832,SUP008,COMP007,4764,2025-01-04,24
PO004833,SUP009,COMP034,8084,2025-09-07,21
PO004834,SUP006,COMP005,5796,2025-12-24,15
PO004835,SUP010,COMP038,14100,2025-03-24,7
PO004836,SUP010,COMP008,11080,2025-04-13,17
PO004837,SUP010,COMP003,10798,2025-02-02,15
PO004838,SUP009,COMP034,5119,2025-12-12,3
PO004839,SUP005,COMP031,14373,2025-07-26,25
PO004840,SUP004,COMP015,687,2025-11-16,25
PO004841,SUP010,COMP020,8215,2025-11-25,22
PO004842,SUP002,COMP020,2178,2025-06-10,23
PO004843,SUP010,COMP012,13069,2025-09-14,12
PO004844,SUP003,COMP030,14908,2025-07-14,18
PO004845,SUP008,COMP018,2178,2025-08-10,13
PO004846,SUP004,COMP029,5086,2025-07-28,15
PO004847,SUP008,COMP036,6128,2025-08-03,9
PO004848,SUP008,COMP007,6691,2025-06-01,10
PO004849,SUP007,COMP005,11199,2025-12-28,6
PO004850,SUP002,COMP026,13691,2025-09-23,14
PO004851,SUP010,COMP024,14899,2025-03-12,12
PO004852,SUP002,COMP032,2427,2025-08-09,19
PO004853,SUP008,COMP020,8539,2025-10-08,8
PO004854,SUP006,COMP027,10954,2025-05-07,11
PO004855,SUP004,COMP012,5819,2025-02-14,3
PO004856,SUP002,COMP006,943,2025-03-26,24
PO004857,SUP009,COMP034,3827,2025-12-22,6
PO004858,SUP005,COMP037,11427,2025-02-04,11
PO004859,SUP002,COMP004,1889,2025-02-15,7
PO004860,SUP001,COMP006,11099,2025-08-21,12
PO004861,SUP008,COMP017,11973,2025-10-14,5
PO004862,SUP006,COMP031,9816,2025-08-12,6
PO004863,SUP010,COMP018,2621,2025-04-07,19
PO004864,SUP001,COMP012,12606,2025-02-04,8
PO004865,SUP005,COMP021,13667,2025-12-22,20
PO004866,SUP003,COMP017,14522,2025-09-02,3
PO004867,SUP009,COMP002,12778,2025-09-13,4
PO004868,SUP010,COMP012,8058,2025-09-22,23
PO004869,SUP006,COMP029,4910,2025-04-09,16
PO004870,SUP005,COMP011,5907,2025-05-21,8
PO004871,SUP005,COMP030,1495,2025-03-30,15
PO004872,SUP010,COMP007,10810,2025-06-13,24
PO004873,SUP005,COMP026,7146,2025-08-12,22
PO004874,SUP003,COMP001,8426,2025-12-24,8
PO004875,SUP010,COMP030,2943,2025-03-09,10
PO004876,SUP002,COMP034,11116,2025-08-13,3
PO004877,SUP009,COMP027,11842,2025-05-04,9
PO004878,SUP005,COMP018,6241,2025-04-29,21
PO004879,SUP008,COMP024,14821,2025-01-24,20
PO004880,SUP003,COMP037,11217,2025-01-11,25
PO004881,SUP004,COMP033,12284,2025-06-14,15
PO004882,SUP010,COMP033,1252,2025-03-12,20
PO004883,SUP005,COMP018,531,2025-03-20,17
PO004884,SUP009,COMP013,7379,2025-12-21,7
PO004885,SUP007,COMP036,12257,2025-05-22,22
PO004886,SUP005,COMP007,11717,2025-12-14,12
PO004887,SUP008,COMP039,1404,2025-05-16,12
PO004888,SUP008,COMP021,1842,2025-06-27,10
PO004889,SUP008,COMP039,3231,2025-07-25,23
PO004890,SUP001,COMP028,845,2025-10-04,7
PO004891,SUP004,COMP034,2901,2025-01-06,24
PO004892,SUP001,COMP001,11672,2025-11-22,8
PO004893,SUP010,COMP031,9287,2025-01-05,16
PO004894,SUP008,COMP036,2776,2025-11-17,11
PO004895,SUP007,COMP021,10846,2025-06-10,9
PO004896,SUP001,COMP040,2915,2025-03-18,8
PO004897,SUP003,COMP008,2593,2025-09-21,20
PO004898,SUP002,COMP026,10714,2025-01-11,9
PO004899,SUP006,COMP035,13923,2025-04-22,8
PO004900,SUP003,COMP015,3226,2025-09-11,7
PO004901,SUP004,COMP020,4744,2025-03-12,11
PO004902,SUP002,COMP026,14420,2025-01-30,19
PO004903,SUP004,COMP036,9102,2025-11-26,24
PO004904,SUP002,COMP017,12909,2025-10-06,21
PO004905,SUP010,COMP018,9379,2025-12-09,8
PO004906,SUP003,COMP014,11735,2025-04-09,7
PO004907,SUP003,COMP033,12415,2025-06-04,16
PO004908,SUP007,COMP008,10358,2025-10-26,21
PO004909,SUP008,COMP006,1243,2025-09-18,25
PO004910,SUP002,COMP033,7053,2025-04-11,7
PO004911,SUP002,COMP016,11037,2025-04-27,17
PO004912,SUP006,COMP012,1821,2025-05-14,14
PO004913,SUP006,COMP020,4716,2025-08-17,7
PO004914,SUP003,COMP031,956,2025-01-27,11
PO004915,SUP009,COMP040,11662,2025-11-23,22
PO004916,SUP008,COMP017,13152,2025-05-11,8
PO004917,SUP003,COMP022,10548,2025-12-16,17
PO004918,SUP004,COMP003,4077,2025-09-09,11
PO004919,SUP009,COMP024,11112,2025-01-27,19
PO004920,SUP004,COMP029,14259,2025-05-18,10
PO004921,SUP003,COMP004,12816,2025-01-27,15
PO004922,SUP001,COMP036,4539,2025-01-02,23
PO004923,SUP008,COMP032,4484,2025-08-11,24
PO004924,SUP007,COMP031,12959,2025-07-06,19
PO004925,SUP006,COMP038,9000,2025-08-15,18
PO004926,SUP002,COMP021,8164,2025-04-30,10
PO004927,SUP004,COMP022,4143,2025-09-14,9
PO004928,SUP008,COMP038,1110,2025-04-05,10
PO004929,SUP009,COMP038,5268,2025-12-12,4
PO004930,SUP006,COMP028,10234,2025-05-29,24
PO004931,SUP008,COMP025,12985,2025-02-23,22
PO004932,SUP003,COMP030,12597,2025-09-26,6
PO004933,SUP003,COMP003,8059,2025-11-07,23
PO004934,SUP007,COMP010,5085,2025-10-04,4
PO004935,SUP010,COMP040,6286,2025-03-23,8
PO004936,SUP005,COMP009,12859,2025-08-21,13
PO004937,SUP007,COMP008,14755,2025-08-19,25
PO004938,SUP004,COMP029,2977,2025-01-28,5
PO004939,SUP008,COMP002,1542,2025-02-27,17
PO004940,SUP006,COMP022,5954,2025-12-22,15
PO004941,SUP008,COMP030,14795,2025-05-31,18
PO004942,SUP004,COMP024,2333,2025-01-23,16
PO004943,SUP008,COMP020,14696,2025-06-02,11
PO004944,SUP010,COMP039,13446,2025-09-18,21
PO004945,SUP001,COMP032,2539,2025-12-25,15
PO004946,SUP008,COMP032,9009,2025-12-31,19
PO004947,SUP001,COMP016,797,2025-03-26,12
PO004948,SUP010,COMP009,4089,2025-12-12,24
PO004949,SUP001,COMP001,9676,2025-04-20,10
PO004950,SUP005,COMP008,9239,2025-09-03,6
PO004951,SUP006,COMP021,13443,2025-12-17,3
PO004952,SUP004,COMP040,10746,2025-04-10,4
PO004953,SUP004,COMP033,14525,2025-01-06,9
PO004954,SUP006,COMP018,3871,2025-02-23,10
PO004955,SUP008,COMP015,2291,2025-03-19,25
PO004956,SUP010,COMP024,13541,2025-12-22,3
PO004957,SUP005,COMP036,8935,2025-11-17,20
PO004958,SUP002,COMP040,9365,2025-09-13,25
PO004959,SUP006,COMP037,14389,2025-10-17,17
PO004960,SUP004,COMP009,11873,2025-04-01,23
PO004961,SUP010,COMP009,14832,2025-09-04,19
PO004962,SUP001,COMP040,10173,2025-03-15,19
PO004963,SUP004,COMP037,14326,2025-10-04,15
PO004964,SUP004,COMP037,2042,2025-11-19,4
PO004965,SUP007,COMP012,1011,2025-05-22,16
PO004966,SUP008,COMP036,7295,2025-04-11,4
PO004967,SUP004,COMP035,1541,2025-07-18,21
PO004968,SUP002,COMP037,12862,2025-05-12,20
PO004969,SUP007,COMP031,1140,2025-08-28,23
PO004970,SUP007,COMP040,9311,2025-07-28,11
PO004971,SUP005,COMP018,10110,2025-02-02,6
PO004972,SUP009,COMP023,1841,2025-01-22,6
PO004973,SUP006,COMP017,11459,2025-03-27,17
PO004974,SUP003,COMP021,5976,2025-08-24,10
PO004975,SUP001,COMP007,8759,2025-01-24,19
PO004976,SUP008,COMP009,6028,2025-09-15,12
PO004977,SUP003,COMP015,770,2025-03-09,8
PO004978,SUP008,COMP012,8442,2025-12-20,14
PO004979,SUP003,COMP008,11759,2025-06-26,8
PO004980,SUP008,COMP010,4454,2025-02-05,6
PO004981,SUP005,COMP015,5205,2025-02-04,15
PO004982,SUP007,COMP015,9382,2025-03-23,16
PO004983,SUP008,COMP029,12904,2025-07-07,21
PO004984,SUP008,COMP009,8120,2025-08-14,17
PO004985,SUP002,COMP037,8838,2025-12-25,11
PO004986,SUP007,COMP002,6275,2025-04-07,25
PO004987,SUP005,COMP026,12472,2025-06-19,23
PO004988,SUP008,COMP019,12944,2025-02-01,22
PO004989,SUP007,COMP035,4305,2025-05-13,25
PO004990,SUP009,COMP028,13300,2025-11-17,22
PO004991,SUP009,COMP032,2037,2025-08-07,25
PO004992,SUP005,COMP026,13421,2025-03-23,22
PO004993,SUP003,COMP037,2029,2025-09-12,18
PO004994,SUP004,COMP025,13091,2025-01-10,13
PO004995,SUP004,COMP039,533,2025-10-06,5
PO004996,SUP002,COMP001,882,2025-01-17,18
PO004997,SUP008,COMP035,4374,2025-03-01,19
PO004998,SUP003,COMP027,3831,2025-09-02,23
PO004999,SUP005,COMP005,10114,2025-10-04,18
PO005000,SUP001,COMP014,3505,2025-04-06,13
PO005001,SUP001,COMP033,1949,2025-11-16,9
PO005002,SUP004,COMP040,11543,2025-03-18,8
PO005003,SUP008,COMP017,11124,2025-05-30,14
PO005004,SUP005,COMP023,12402,2025-05-26,12
PO005005,SUP008,COMP011,7769,2025-09-23,18
PO005006,SUP010,COMP012,5254,2025-05-25,17
PO005007,SUP008,COMP005,7964,2025-06-09,3
PO005008,SUP007,COMP026,9643,2025-07-18,17
PO005009,SUP010,COMP037,12717,2025-05-14,7
PO005010,SUP001,COMP025,2476,2025-04-22,18
PO005011,SUP007,COMP039,9214,2025-03-26,9
PO005012,SUP008,COMP025,1899,2025-10-15,7
PO005013,SUP006,COMP039,14537,2025-04-15,3
PO005014,SUP009,COMP032,8983,2025-09-10,21
PO005015,SUP001,COMP039,1646,2025-04-01,19
PO005016,SUP002,COMP012,1850,2025-03-24,15
PO005017,SUP004,COMP021,13574,2025-10-12,6
PO005018,SUP006,COMP028,8335,2025-02-08,4
PO005019,SUP003,COMP025,3307,2025-03-29,25
PO005020,SUP006,COMP007,10458,2025-04-13,9
PO005021,SUP006,COMP027,2638,2025-09-17,12
PO005022,SUP005,COMP015,8483,2025-12-11,8
PO005023,SUP009,COMP012,14972,2025-09-14,11
PO005024,SUP001,COMP007,14704,2025-03-27,14
PO005025,SUP003,COMP004,1206,2025-05-16,10
PO005026,SUP003,COMP003,9716,2025-02-05,20
PO005027,SUP003,COMP033,12983,2025-11-29,6
PO005028,SUP003,COMP019,8388,2025-11-13,15
PO005029,SUP007,COMP028,13585,2025-12-05,17
PO005030,SUP009,COMP014,926,2025-04-09,6
PO005031,SUP008,COMP011,10276,2025-05-17,4
PO005032,SUP010,COMP040,4039,2025-09-01,14
PO005033,SUP002,COMP014,8476,2025-08-01,24
PO005034,SUP009,COMP017,9190,2025-02-27,12
PO005035,SUP002,COMP039,12563,2025-07-14,18
PO005036,SUP010,COMP040,14559,2025-02-21,20
PO005037,SUP005,COMP021,1618,2025-11-16,7
PO005038,SUP001,COMP033,12324,2025-05-20,22
PO005039,SUP007,COMP023,4591,2025-09-20,13
PO005040,SUP002,COMP037,4798,2025-01-21,14
PO005041,SUP007,COMP035,5251,2025-12-16,14
PO005042,SUP010,COMP014,11870,2025-05-10,4
PO005043,SUP002,COMP004,14191,2025-08-25,14
PO005044,SUP003,COMP036,7918,2025-12-29,22
PO005045,SUP010,COMP031,3196,2025-03-13,13
PO005046,SUP008,COMP021,1275,2025-03-07,8
PO005047,SUP006,COMP040,4571,2025-03-02,24
PO005048,SUP003,COMP012,8280,2025-03-28,14
PO005049,SUP005,COMP019,11599,2025-10-19,14
PO005050,SUP006,COMP001,4551,2025-12-15,3
PO005051,SUP008,COMP037,5696,2025-10-07,7
PO005052,SUP006,COMP017,13305,2025-08-08,18
PO005053,SUP008,COMP010,4394,2025-11-13,15
PO005054,SUP008,COMP032,9022,2025-04-08,21
PO005055,SUP001,COMP029,5732,2025-02-11,16
PO005056,SUP004,COMP035,573,2025-07-25,16
PO005057,SUP003,COMP026,12866,2025-09-05,22
PO005058,SUP005,COMP001,10475,2025-12-22,21
PO005059,SUP001,COMP030,3918,2025-08-27,7
PO005060,SUP003,COMP040,12361,2025-02-27,18
PO005061,SUP007,COMP018,9229,2025-01-08,9
PO005062,SUP007,COMP005,5181,2025-11-21,24
PO005063,SUP006,COMP020,4609,2025-01-13,24
PO005064,SUP003,COMP039,1808,2025-11-10,14
PO005065,SUP007,COMP022,816,2025-12-07,13
PO005066,SUP009,COMP018,9681,2025-06-03,5
PO005067,SUP005,COMP037,3442,2025-03-06,20
PO005068,SUP004,COMP021,12183,2025-07-25,4
PO005069,SUP003,COMP009,14220,2025-10-31,10
PO005070,SUP006,COMP005,1843,2025-12-06,18
PO005071,SUP005,COMP033,10899,2025-07-27,9
PO005072,SUP007,COMP040,4475,2025-10-04,4
PO005073,SUP006,COMP035,4648,2025-07-20,4
PO005074,SUP008,COMP001,11331,2025-05-15,10
PO005075,SUP006,COMP007,8477,2025-07-11,22
PO005076,SUP004,COMP006,7668,2025-03-24,16
PO005077,SUP002,COMP003,9365,2025-12-11,11
PO005078,SUP006,COMP026,3792,2025-11-27,5
PO005079,SUP005,COMP029,11676,2025-10-30,15
PO005080,SUP002,COMP012,7411,2025-06-21,4
PO005081,SUP009,COMP035,12156,2025-11-08,22
PO005082,SUP008,COMP024,5988,2025-09-16,13
PO005083,SUP004,COMP031,10173,2025-11-04,24
PO005084,SUP008,COMP035,8880,2025-02-11,16
PO005085,SUP007,COMP033,10902,2025-01-23,22
PO005086,SUP007,COMP022,1778,2025-02-23,21
PO005087,SUP009,COMP033,9571,2025-08-17,12
PO005088,SUP005,COMP031,3680,2025-04-03,5
PO005089,SUP008,COMP029,8837,2025-06-15,12
PO005090,SUP006,COMP030,5172,2025-09-02,24
PO005091,SUP008,COMP002,7001,2025-01-21,19
PO005092,SUP006,COMP022,9545,2025-09-17,24
PO005093,SUP004,COMP020,9352,2025-07-11,16
PO005094,SUP005,COMP015,3230,2025-08-27,25
PO005095,SUP006,COMP020,1848,2025-02-06,13
PO005096,SUP007,COMP024,2963,2025-08-31,17
PO005097,SUP001,COMP006,11025,2025-06-26,15
PO005098,SUP003,COMP025,7069,2025-11-16,21
PO005099,SUP009,COMP006,9344,2025-01-30,14
PO005100,SUP003,COMP029,13734,2025-10-28,7
PO005101,SUP001,COMP003,9646,2025-06-16,11
PO005102,SUP007,COMP016,13876,2025-02-22,16
PO005103,SUP005,COMP027,1140,2025-07-24,24
PO005104,SUP007,COMP020,9742,2025-04-13,8
PO005105,SUP004,COMP032,5984,2025-06-18,25
PO005106,SUP009,COMP014,8941,2025-09-24,9
PO005107,SUP004,COMP015,11213,2025-02-15,11
PO005108,SUP010,COMP016,11163,2025-03-21,14
PO005109,SUP005,COMP033,5819,2025-10-23,24
PO005110,SUP003,COMP033,13626,2025-11-19,8
PO005111,SUP001,COMP026,7539,2025-08-11,13
PO005112,SUP004,COMP017,8691,2025-11-09,17
PO005113,SUP002,COMP003,9796,2025-01-11,3
PO005114,SUP003,COMP035,1850,2025-01-01,4
PO005115,SUP001,COMP014,3249,2025-08-03,15
PO005116,SUP007,COMP006,8143,2025-10-15,3
PO005117,SUP009,COMP033,14016,2025-07-27,11
PO005118,SUP005,COMP040,12036,2025-10-25,5
PO005119,SUP007,COMP010,8596,2025-12-22,18
PO005120,SUP007,COMP023,557,2025-03-17,22
PO005121,SUP005,COMP011,6307,2025-02-01,5
PO005122,SUP003,COMP009,13819,2025-10-21,6
PO005123,SUP006,COMP013,6536,2025-04-14,17
PO005124,SUP006,COMP038,3060,2025-09-04,5
PO005125,SUP010,COMP030,14660,2025-07-22,15
PO005126,SUP002,COMP025,3239,2025-05-28,7
PO005127,SUP010,COMP013,3983,2025-09-29,3
PO005128,SUP002,COMP004,13014,2025-08-31,24
PO005129,SUP001,COMP008,7684,2025-08-25,12
PO005130,SUP005,COMP026,823,2025-10-04,10
PO005131,SUP005,COMP036,6648,2025-05-16,21
PO005132,SUP002,COMP032,12679,2025-06-15,3
PO005133,SUP008,COMP036,12936,2025-04-14,6
PO005134,SUP003,COMP014,4147,2025-03-01,13
PO005135,SUP004,COMP018,10306,2025-09-13,15
PO005136,SUP003,COMP007,14213,2025-09-08,12
PO005137,SUP002,COMP002,14257,2025-11-23,10
PO005138,SUP008,COMP023,2213,2025-06-02,6
PO005139,SUP007,COMP018,9693,2025-07-29,25
PO005140,SUP007,COMP034,11727,2025-10-23,20
PO005141,SUP003,COMP013,10486,2025-08-21,24
PO005142,SUP004,COMP009,7795,2025-09-28,15
PO005143,SUP001,COMP011,13807,2025-09-27,12
PO005144,SUP010,COMP027,4029,2025-07-04,14
PO005145,SUP006,COMP002,1614,2025-03-14,5
PO005146,SUP010,COMP037,13754,2025-02-11,11
PO005147,SUP010,COMP038,6201,2025-03-08,13
PO005148,SUP004,COMP022,9948,2025-07-07,10
PO005149,SUP001,COMP006,13176,2025-10-21,15
PO005150,SUP006,COMP018,9826,2025-09-07,4
PO005151,SUP006,COMP040,14587,2025-05-29,11
PO005152,SUP006,COMP038,9799,2025-02-21,11
PO005153,SUP006,COMP010,13125,2025-02-06,3
PO005154,SUP003,COMP003,10984,2025-04-15,19
PO005155,SUP009,COMP031,526,2025-11-20,17
PO005156,SUP002,COMP016,14218,2025-11-22,16
PO005157,SUP001,COMP019,2653,2025-02-04,7
PO005158,SUP002,COMP001,1055,2025-05-27,16
PO005159,SUP009,COMP032,10473,2025-08-30,14
PO005160,SUP003,COMP006,1162,2025-01-31,19
PO005161,SUP005,COMP036,7571,2025-06-10,12
PO005162,SUP003,COMP023,11603,2025-06-19,25
PO005163,SUP007,COMP034,6787,2025-03-14,8
PO005164,SUP003,COMP040,1403,2025-11-26,13
PO005165,SUP005,COMP019,13712,2025-02-18,17
PO005166,SUP002,COMP002,6188,2025-07-15,18
PO005167,SUP004,COMP039,12495,2025-03-15,22
PO005168,SUP004,COMP027,12854,2025-10-21,4
PO005169,SUP008,COMP001,14151,2025-07-14,11
PO005170,SUP009,COMP032,2821,2025-05-04,13
PO005171,SUP009,COMP013,9700,2025-11-20,21
PO005172,SUP006,COMP006,8071,2025-07-06,23
PO005173,SUP003,COMP004,5483,2025-08-26,18
PO005174,SUP001,COMP003,5516,2025-09-24,9
PO005175,SUP001,COMP029,6901,2025-03-08,17
PO005176,SUP004,COMP011,6430,2025-06-25,9
PO005177,SUP009,COMP011,8037,2025-06-07,9
PO005178,SUP009,COMP015,3055,2025-12-23,15
PO005179,SUP003,COMP009,6026,2025-01-30,16
PO005180,SUP004,COMP020,9175,2025-04-18,17
PO005181,SUP004,COMP009,4299,2025-01-02,5
PO005182,SUP005,COMP027,4704,2025-08-06,18
PO005183,SUP006,COMP002,4579,2025-09-29,4
PO005184,SUP010,COMP021,12618,2025-06-01,5
PO005185,SUP009,COMP021,11889,2025-03-26,4
PO005186,SUP004,COMP038,8609,2025-02-23,4
PO005187,SUP002,COMP002,5026,2025-05-19,9
PO005188,SUP004,COMP003,6456,2025-01-23,21
PO005189,SUP009,COMP004,13895,2025-10-25,21
PO005190,SUP004,COMP017,1172,2025-12-06,21
PO005191,SUP007,COMP002,1398,2025-09-28,18
PO005192,SUP007,COMP033,5279,2025-12-08,19
PO005193,SUP007,COMP024,5863,2025-09-24,24
PO005194,SUP005,COMP010,3166,2025-06-29,8
PO005195,SUP008,COMP029,6892,2025-09-25,14
PO005196,SUP008,COMP022,6500,2025-12-21,16
PO005197,SUP005,COMP020,2819,2025-10-25,8
PO005198,SUP008,COMP032,6091,2025-01-12,5
PO005199,SUP010,COMP014,2899,2025-07-04,7
PO005200,SUP007,COMP029,5614,2025-11-09,11
PO005201,SUP003,COMP012,13001,2025-03-30,5
PO005202,SUP007,COMP025,1450,2025-11-10,14
PO005203,SUP003,COMP013,8842,2025-02-22,11
PO005204,SUP010,COMP036,7874,2025-02-08,25
PO005205,SUP005,COMP012,12734,2025-01-12,25
PO005206,SUP004,COMP021,7979,2025-09-13,17
PO005207,SUP010,COMP015,2469,2025-04-01,11
PO005208,SUP001,COMP019,10159,2025-05-06,19
PO005209,SUP007,COMP014,6644,2025-03-17,10
PO005210,SUP002,COMP032,6036,2025-11-24,14
PO005211,SUP004,COMP014,12482,2025-08-28,9
PO005212,SUP005,COMP031,8166,2025-11-29,16
PO005213,SUP004,COMP004,14807,2025-08-11,13
PO005214,SUP009,COMP023,8844,2025-03-15,17
PO005215,SUP007,COMP023,5415,2025-11-19,15
PO005216,SUP010,COMP038,1611,2025-06-26,24
PO005217,SUP009,COMP037,8517,2025-04-23,23
PO005218,SUP001,COMP016,12172,2025-09-09,19
PO005219,SUP006,COMP034,2185,2025-05-18,24
PO005220,SUP005,COMP009,9784,2025-09-26,25
PO005221,SUP004,COMP027,9218,2025-08-28,16
PO005222,SUP002,COMP040,845,2025-08-24,13
PO005223,SUP001,COMP021,6985,2025-02-10,6
PO005224,SUP006,COMP023,6460,2025-02-19,4
PO005225,SUP008,COMP020,13715,2025-11-01,23
PO005226,SUP009,COMP008,9714,2025-09-24,15
PO005227,SUP010,COMP025,2210,2025-02-14,14
PO005228,SUP009,COMP034,10464,2025-01-15,5
PO005229,SUP008,COMP005,12525,2025-09-15,17
PO005230,SUP003,COMP038,7974,2025-01-05,5
PO005231,SUP003,COMP027,8806,2025-04-20,23
PO005232,SUP002,COMP023,12924,2025-07-27,8
PO005233,SUP005,COMP012,1487,2025-07-19,4
PO005234,SUP006,COMP005,13247,2025-02-19,15
PO005235,SUP010,COMP031,7339,2025-11-09,3
PO005236,SUP006,COMP018,4543,2025-06-20,7
PO005237,SUP007,COMP036,13398,2025-03-06,5
PO005238,SUP010,COMP020,12137,2025-08-18,5
PO005239,SUP010,COMP001,11844,2025-03-09,24
PO005240,SUP004,COMP012,8636,2025-12-28,6
PO005241,SUP001,COMP031,13307,2025-05-07,7
PO005242,SUP006,COMP029,6487,2025-11-16,7
PO005243,SUP002,COMP012,4433,2025-01-19,9
PO005244,SUP005,COMP033,10546,2025-10-16,23
PO005245,SUP001,COMP021,7212,2025-12-31,11
PO005246,SUP004,COMP006,7755,2025-03-12,5
PO005247,SUP001,COMP018,14269,2025-07-22,9
PO005248,SUP002,COMP005,9101,2025-12-21,15
PO005249,SUP008,COMP002,11181,2025-02-04,21
PO005250,SUP009,COMP032,9257,2025-04-18,14
PO005251,SUP001,COMP021,5430,2025-06-01,14
PO005252,SUP010,COMP013,2289,2025-10-08,6
PO005253,SUP004,COMP007,2935,2025-07-03,12
PO005254,SUP008,COMP001,9959,2025-10-25,18
PO005255,SUP004,COMP017,13985,2025-02-22,10
PO005256,SUP006,COMP002,6103,2025-05-23,25
PO005257,SUP001,COMP029,14495,2025-07-30,11
PO005258,SUP008,COMP008,11145,2025-10-12,24
PO005259,SUP007,COMP009,10820,2025-10-28,11
PO005260,SUP004,COMP027,9483,2025-12-20,6
PO005261,SUP004,COMP006,5342,2025-06-20,10
PO005262,SUP010,COMP019,9557,2025-11-29,3
PO005263,SUP008,COMP009,13296,2025-01-12,17
PO005264,SUP009,COMP017,12450,2025-06-27,24
PO005265,SUP009,COMP018,5894,2025-10-02,12
PO005266,SUP001,COMP012,2665,2025-03-24,17
PO005267,SUP008,COMP025,11738,2025-01-03,7
PO005268,SUP002,COMP036,1390,2025-08-05,16
PO005269,SUP008,COMP009,6000,2025-04-01,17
PO005270,SUP010,COMP013,12806,2025-05-26,11
PO005271,SUP005,COMP023,2513,2025-12-31,21
PO005272,SUP001,COMP026,7709,2025-09-08,12
PO005273,SUP003,COMP005,12502,2025-01-04,20
PO005274,SUP004,COMP001,7313,2025-04-17,11
PO005275,SUP005,COMP013,14169,2025-09-08,6
PO005276,SUP001,COMP034,4697,2025-03-27,13
PO005277,SUP008,COMP023,4916,2025-04-05,10
PO005278,SUP008,COMP016,6031,2025-04-18,25
PO005279,SUP005,COMP037,14479,2025-08-22,7
PO005280,SUP005,COMP034,7371,2025-09-24,22
PO005281,SUP009,COMP013,3217,2025-03-24,13
PO005282,SUP004,COMP022,930,2025-04-05,8
PO005283,SUP008,COMP029,4785,2025-11-30,15
PO005284,SUP010,COMP001,3653,2025-04-28,19
PO005285,SUP005,COMP032,14825,2025-02-26,10
PO005286,SUP008,COMP001,6062,2025-09-28,18
PO005287,SUP008,COMP022,2800,2025-03-25,8
PO005288,SUP002,COMP011,12355,2025-01-24,4
PO005289,SUP005,COMP001,10885,2025-03-18,9
PO005290,SUP005,COMP009,1273,2025-04-07,10
PO005291,SUP009,COMP031,10995,2025-04-18,20
PO005292,SUP005,COMP024,13085,2025-04-18,14
PO005293,SUP001,COMP004,2552,2025-02-19,13
PO005294,SUP007,COMP016,9397,2025-04-12,15
PO005295,SUP007,COMP027,9770,2025-05-24,23
PO005296,SUP004,COMP027,14777,2025-06-23,19
PO005297,SUP007,COMP040,5483,2025-11-12,5
PO005298,SUP010,COMP037,8358,2025-10-05,25
PO005299,SUP006,COMP008,14256,2025-04-23,25
PO005300,SUP005,COMP019,13628,2025-06-11,13
PO005301,SUP004,COMP011,10272,2025-07-19,18
PO005302,SUP008,COMP013,8554,2025-06-11,21
PO005303,SUP005,COMP010,9373,2025-04-18,5
PO005304,SUP009,COMP035,9107,2025-12-03,15
PO005305,SUP002,COMP026,7361,2025-07-24,10
PO005306,SUP004,COMP020,3527,2025-09-20,4
PO005307,SUP010,COMP006,2095,2025-06-23,11
PO005308,SUP002,COMP025,8866,2025-03-30,12
PO005309,SUP010,COMP030,7976,2025-01-03,14
PO005310,SUP005,COMP037,2364,2025-02-06,24
PO005311,SUP005,COMP003,14775,2025-08-08,14
PO005312,SUP005,COMP032,7000,2025-06-30,6
PO005313,SUP003,COMP028,8404,2025-12-17,23
PO005314,SUP005,COMP039,787,2025-08-23,14
PO005315,SUP004,COMP023,2160,2025-04-13,19
PO005316,SUP004,COMP017,6491,2025-07-31,8
PO005317,SUP010,COMP014,4121,2025-06-04,24
PO005318,SUP010,COMP021,7413,2025-06-19,6
PO005319,SUP006,COMP035,3015,2025-03-21,25
PO005320,SUP004,COMP004,10230,2025-06-03,18
PO005321,SUP007,COMP003,6105,2025-10-18,16
PO005322,SUP008,COMP027,12617,2025-07-06,24
PO005323,SUP007,COMP006,3248,2025-05-20,21
PO005324,SUP009,COMP014,4270,2025-06-02,11
PO005325,SUP002,COMP020,6756,2025-09-06,21
PO005326,SUP007,COMP038,12492,2025-04-15,19
PO005327,SUP010,COMP010,6588,2025-12-11,8
PO005328,SUP010,COMP007,13729,2025-05-27,23
PO005329,SUP010,COMP015,8256,2025-04-20,13
PO005330,SUP003,COMP040,1281,2025-09-23,10
PO005331,SUP002,COMP006,11998,2025-07-20,25
PO005332,SUP009,COMP027,7834,2025-12-20,11
PO005333,SUP005,COMP029,9088,2025-08-12,19
PO005334,SUP008,COMP013,2648,2025-01-02,17
PO005335,SUP002,COMP035,1919,2025-02-19,15
PO005336,SUP010,COMP017,4612,2025-02-28,24
PO005337,SUP009,COMP010,6953,2025-11-05,18
PO005338,SUP002,COMP033,12213,2025-08-28,24
PO005339,SUP001,COMP008,6116,2025-04-27,21
PO005340,SUP009,COMP030,4893,2025-01-11,14
PO005341,SUP005,COMP005,9964,2025-02-03,21
PO005342,SUP010,COMP038,5402,2025-12-24,22
PO005343,SUP009,COMP021,11258,2025-03-04,6
PO005344,SUP008,COMP019,3263,2025-07-19,5
PO005345,SUP005,COMP009,2824,2025-08-16,12
PO005346,SUP001,COMP019,6363,2025-02-11,8
PO005347,SUP003,COMP034,11636,2025-06-18,19
PO005348,SUP010,COMP014,11145,2025-08-24,3
PO005349,SUP009,COMP008,1310,2025-05-01,14
PO005350,SUP008,COMP018,4166,2025-02-14,20
PO005351,SUP010,COMP008,1106,2025-01-16,12
PO005352,SUP010,COMP012,4681,2025-07-25,4
PO005353,SUP002,COMP010,9381,2025-11-17,14
PO005354,SUP005,COMP037,9919,2025-11-24,17
PO005355,SUP003,COMP026,13192,2025-04-27,6
PO005356,SUP006,COMP004,8888,2025-02-06,3
PO005357,SUP009,COMP028,7667,2025-08-15,4
PO005358,SUP005,COMP009,12580,2025-10-24,14
PO005359,SUP008,COMP039,802,2025-04-20,13
PO005360,SUP005,COMP003,14102,2025-07-18,11
PO005361,SUP003,COMP034,3100,2025-04-24,14
PO005362,SUP010,COMP033,5085,2025-09-30,19
PO005363,SUP008,COMP026,10707,2025-12-06,5
PO005364,SUP009,COMP027,5129,2025-09-23,25
PO005365,SUP005,COMP005,3379,2025-02-11,7
PO005366,SUP004,COMP019,9830,2025-07-14,4
PO005367,SUP006,COMP039,11037,2025-04-15,18
PO005368,SUP001,COMP026,2895,2025-08-26,7
PO005369,SUP004,COMP022,2781,2025-07-20,11
PO005370,SUP004,COMP025,1960,2025-02-26,10
PO005371,SUP009,COMP035,8269,2025-01-30,25
PO005372,SUP006,COMP031,2181,2025-08-10,8
PO005373,SUP010,COMP033,5090,2025-09-12,14
PO005374,SUP005,COMP033,8575,2025-01-23,4
PO005375,SUP010,COMP028,4677,2025-07-30,6
PO005376,SUP005,COMP025,9893,2025-11-09,11
PO005377,SUP009,COMP016,13687,2025-09-20,23
PO005378,SUP006,COMP026,12336,2025-01-23,6
PO005379,SUP007,COMP028,8742,2025-06-23,20
PO005380,SUP007,COMP030,13362,2025-08-14,19
PO005381,SUP010,COMP022,4281,2025-03-12,12
PO005382,SUP010,COMP029,13053,2025-06-22,9
PO005383,SUP010,COMP014,1175,2025-04-27,23
PO005384,SUP007,COMP005,14827,2025-11-10,21
PO005385,SUP010,COMP014,2562,2025-07-13,3
PO005386,SUP004,COMP035,11770,2025-07-23,6
PO005387,SUP006,COMP029,14900,2025-11-25,12
PO005388,SUP003,COMP013,14672,2025-07-21,20
PO005389,SUP004,COMP029,12566,2025-09-26,3
PO005390,SUP004,COMP029,1803,2025-08-28,5
PO005391,SUP009,COMP028,5774,2025-10-03,20
PO005392,SUP001,COMP030,5167,2025-07-26,6
PO005393,SUP003,COMP003,4617,2025-07-31,13
PO005394,SUP005,COMP021,6690,2025-06-12,16
PO005395,SUP007,COMP015,11810,2025-07-17,9
PO005396,SUP007,COMP013,12067,2025-10-10,24
PO005397,SUP002,COMP014,10641,2025-03-15,24
PO005398,SUP003,COMP012,3953,2025-01-30,12
PO005399,SUP003,COMP007,1428,2025-04-29,18
PO005400,SUP010,COMP037,9494,2025-04-06,3
PO005401,SUP005,COMP035,7806,2025-10-16,25
PO005402,SUP004,COMP032,12346,2025-01-24,5
PO005403,SUP003,COMP015,3791,2025-06-21,17
PO005404,SUP010,COMP014,12626,2025-09-11,23
PO005405,SUP008,COMP023,10282,2025-01-04,5
PO005406,SUP003,COMP039,2627,2025-10-29,24
PO005407,SUP010,COMP009,10643,2025-03-21,3
PO005408,SUP002,COMP015,3926,2025-08-16,3
PO005409,SUP005,COMP021,14973,2025-08-31,11
PO005410,SUP001,COMP036,5773,2025-01-26,18
PO005411,SUP005,COMP039,10961,2025-02-10,5
PO005412,SUP004,COMP039,3046,2025-10-03,7
PO005413,SUP004,COMP027,9999,2025-08-05,12
PO005414,SUP010,COMP016,9446,2025-03-17,16
PO005415,SUP009,COMP015,1934,2025-05-03,20
PO005416,SUP001,COMP002,12202,2025-12-17,9
PO005417,SUP004,COMP036,3739,2025-05-01,16
PO005418,SUP008,COMP013,12017,2025-07-27,5
PO005419,SUP005,COMP004,5150,2025-09-13,24
PO005420,SUP007,COMP005,10425,2025-05-28,14
PO005421,SUP007,COMP006,11471,2025-06-13,20
PO005422,SUP002,COMP033,2322,2025-11-27,5
PO005423,SUP001,COMP026,11959,2025-11-09,22
PO005424,SUP005,COMP010,13586,2025-10-24,8
PO005425,SUP003,COMP016,1540,2025-11-14,18
PO005426,SUP009,COMP038,12165,2025-06-25,25
PO005427,SUP009,COMP038,3946,2025-11-26,23
PO005428,SUP003,COMP003,1552,2025-01-20,24
PO005429,SUP009,COMP039,13499,2025-09-23,25
PO005430,SUP002,COMP001,8377,2025-03-23,10
PO005431,SUP003,COMP010,11213,2025-12-11,18
PO005432,SUP005,COMP029,9000,2025-05-02,4
PO005433,SUP002,COMP040,12970,2025-06-08,11
PO005434,SUP002,COMP001,8838,2025-10-02,9
PO005435,SUP005,COMP018,4602,2025-03-19,13
PO005436,SUP004,COMP032,5277,2025-03-12,11
PO005437,SUP010,COMP020,2009,2025-09-11,19
PO005438,SUP006,COMP036,4807,2025-09-01,18
PO005439,SUP001,COMP010,4024,2025-10-26,7
PO005440,SUP009,COMP013,1836,2025-01-29,22
PO005441,SUP002,COMP024,7695,2025-02-05,22
PO005442,SUP002,COMP001,5286,2025-11-25,10
PO005443,SUP010,COMP029,13103,2025-10-23,25
PO005444,SUP003,COMP016,5583,2025-02-16,3
PO005445,SUP003,COMP020,2864,2025-06-28,4
PO005446,SUP006,COMP039,11753,2025-07-19,9
PO005447,SUP002,COMP004,6669,2025-03-22,16
PO005448,SUP009,COMP019,5113,2025-02-03,20
PO005449,SUP008,COMP030,13403,2025-08-10,24
PO005450,SUP009,COMP040,7299,2025-02-14,25
PO005451,SUP008,COMP028,10883,2025-10-01,17
PO005452,SUP003,COMP037,7332,2025-03-06,3
PO005453,SUP005,COMP011,13089,2025-10-28,18
PO005454,SUP006,COMP035,10795,2025-02-15,4
PO005455,SUP002,COMP020,1538,2025-01-25,3
PO005456,SUP009,COMP010,6137,2025-10-31,23
PO005457,SUP003,COMP014,1275,2025-07-18,14
PO005458,SUP002,COMP008,8343,2025-07-31,20
PO005459,SUP003,COMP021,2447,2025-06-13,7
PO005460,SUP009,COMP033,928,2025-01-22,12
PO005461,SUP010,COMP027,903,2025-07-06,11
PO005462,SUP007,COMP037,894,2025-07-11,4
PO005463,SUP009,COMP020,11038,2025-11-26,21
PO005464,SUP006,COMP006,8277,2025-01-08,11
PO005465,SUP003,COMP004,12946,2025-05-25,18
PO005466,SUP004,COMP002,9080,2025-08-14,20
PO005467,SUP009,COMP029,5930,2025-03-06,15
PO005468,SUP004,COMP011,3209,2025-09-25,11
PO005469,SUP005,COMP008,4316,2025-04-29,24
PO005470,SUP004,COMP021,9543,2025-11-30,4
PO005471,SUP003,COMP005,1476,2025-04-21,18
PO005472,SUP008,COMP001,960,2025-03-14,10
PO005473,SUP004,COMP021,9391,2025-03-13,9
PO005474,SUP006,COMP002,7653,2025-03-31,17
PO005475,SUP005,COMP006,12650,2025-07-09,18
PO005476,SUP001,COMP033,14563,2025-09-29,9
PO005477,SUP003,COMP033,6941,2025-01-19,11
PO005478,SUP002,COMP025,2137,2025-06-09,10
PO005479,SUP006,COMP018,4101,2025-06-05,21
PO005480,SUP002,COMP033,9876,2025-03-19,12
PO005481,SUP006,COMP021,7915,2025-05-27,23
PO005482,SUP007,COMP019,12352,2025-04-30,9
PO005483,SUP004,COMP004,4960,2025-01-09,9
PO005484,SUP001,COMP022,9470,2025-02-11,19
PO005485,SUP002,COMP024,11356,2025-09-20,14
PO005486,SUP004,COMP022,552,2025-08-09,7
PO005487,SUP010,COMP010,6409,2025-10-02,24
PO005488,SUP001,COMP039,13669,2025-11-02,11
PO005489,SUP010,COMP005,9829,2025-12-02,11
PO005490,SUP004,COMP029,3708,2025-05-02,9
PO005491,SUP002,COMP012,13842,2025-11-11,9
PO005492,SUP009,COMP025,12642,2025-06-30,13
PO005493,SUP007,COMP036,6087,2025-12-03,4
PO005494,SUP003,COMP009,659,2025-11-23,20
PO005495,SUP001,COMP024,3612,2025-10-06,25
PO005496,SUP005,COMP032,13882,2025-12-12,24
PO005497,SUP010,COMP010,7871,2025-11-01,14
PO005498,SUP002,COMP014,14564,2025-04-05,11
PO005499,SUP007,COMP021,1745,2025-10-07,9
PO005500,SUP006,COMP039,2128,2025-05-11,16
PO005501,SUP002,COMP011,1230,2025-02-28,11
PO005502,SUP001,COMP030,10160,2025-09-17,10
PO005503,SUP005,COMP002,590,2025-08-19,17
PO005504,SUP002,COMP027,10842,2025-01-31,6
PO005505,SUP001,COMP036,12381,2025-04-23,6
PO005506,SUP008,COMP016,5562,2025-11-07,21
PO005507,SUP007,COMP013,3368,2025-02-18,14
PO005508,SUP006,COMP015,11158,2025-05-04,22
PO005509,SUP008,COMP021,3810,2025-02-22,18
PO005510,SUP006,COMP009,13889,2025-10-07,15
PO005511,SUP002,COMP012,11327,2025-03-23,11
PO005512,SUP001,COMP004,1039,2025-03-10,13
PO005513,SUP010,COMP013,8593,2025-12-29,13
PO005514,SUP009,COMP006,9233,2025-04-27,13
PO005515,SUP001,COMP003,3531,2025-03-16,20
PO005516,SUP008,COMP018,709,2025-12-10,19
PO005517,SUP010,COMP032,6594,2025-11-27,18
PO005518,SUP009,COMP017,14750,2025-03-11,10
PO005519,SUP006,COMP006,10793,2025-10-15,24
PO005520,SUP001,COMP011,13682,2025-08-11,12
PO005521,SUP003,COMP008,10919,2025-06-04,21
PO005522,SUP003,COMP035,12117,2025-09-19,12
PO005523,SUP002,COMP025,12328,2025-04-30,25
PO005524,SUP005,COMP019,8547,2025-08-28,23
PO005525,SUP010,COMP012,8444,2025-11-26,22
PO005526,SUP007,COMP040,13388,2025-04-12,22
PO005527,SUP003,COMP001,6167,2025-07-08,5
PO005528,SUP006,COMP030,591,2025-05-09,14
PO005529,SUP004,COMP015,681,2025-05-29,10
PO005530,SUP005,COMP040,4963,2025-10-12,6
PO005531,SUP006,COMP037,9713,2025-09-19,7
PO005532,SUP007,COMP034,8207,2025-05-30,12
PO005533,SUP004,COMP016,11526,2025-09-10,9
PO005534,SUP002,COMP017,10832,2025-01-06,7
PO005535,SUP010,COMP002,4224,2025-01-11,4
PO005536,SUP009,COMP007,13459,2025-12-18,3
PO005537,SUP004,COMP039,1987,2025-02-05,6
PO005538,SUP005,COMP001,8553,2025-06-26,14
PO005539,SUP010,COMP030,9307,2025-08-12,8
PO005540,SUP002,COMP027,4021,2025-05-10,19
PO005541,SUP005,COMP019,4338,2025-01-31,13
PO005542,SUP004,COMP020,4772,2025-11-21,18
PO005543,SUP006,COMP023,844,2025-09-21,7
PO005544,SUP004,COMP036,2883,2025-09-28,23
PO005545,SUP009,COMP036,2096,2025-07-21,5
PO005546,SUP004,COMP030,11197,2025-02-13,21
PO005547,SUP006,COMP033,9271,2025-01-15,18
PO005548,SUP004,COMP010,8438,2025-03-04,12
PO005549,SUP007,COMP015,6212,2025-06-25,12
PO005550,SUP003,COMP035,5504,2025-08-11,19
PO005551,SUP007,COMP014,12966,2025-11-20,25
PO005552,SUP009,COMP029,3403,2025-01-27,9
PO005553,SUP003,COMP013,9106,2025-04-25,7
PO005554,SUP003,COMP031,1492,2025-06-09,22
PO005555,SUP005,COMP016,14862,2025-03-13,18
PO005556,SUP005,COMP002,3121,2025-07-14,14
PO005557,SUP006,COMP036,5803,2025-11-12,8
PO005558,SUP005,COMP024,9670,2025-01-26,8
PO005559,SUP004,COMP016,2477,2025-01-15,19
PO005560,SUP002,COMP033,6304,2025-11-28,11
PO005561,SUP009,COMP002,13898,2025-06-16,24
PO005562,SUP002,COMP017,4360,2025-12-04,19
PO005563,SUP009,COMP012,8261,2025-04-26,18
PO005564,SUP005,COMP038,1255,2025-10-28,21
PO005565,SUP005,COMP018,8648,2025-02-16,20
PO005566,SUP002,COMP013,14045,2025-03-15,12
PO005567,SUP001,COMP027,2954,2025-02-06,12
PO005568,SUP007,COMP007,4307,2025-04-21,14
PO005569,SUP005,COMP029,3598,2025-05-07,18
PO005570,SUP001,COMP011,14630,2025-06-14,13
PO005571,SUP006,COMP026,3629,2025-05-29,23
PO005572,SUP009,COMP008,4844,2025-02-28,23
PO005573,SUP006,COMP030,7945,2025-12-07,6
PO005574,SUP009,COMP004,12741,2025-08-19,11
PO005575,SUP010,COMP009,2859,2025-12-05,23
PO005576,SUP004,COMP040,14285,2025-08-08,16
PO005577,SUP006,COMP009,9223,2025-11-21,14
PO005578,SUP002,COMP017,2242,2025-10-31,3
PO005579,SUP009,COMP012,13075,2025-08-18,11
PO005580,SUP006,COMP029,5008,2025-07-11,16
PO005581,SUP006,COMP038,11156,2025-11-06,7
PO005582,SUP006,COMP002,8492,2025-08-08,9
PO005583,SUP004,COMP031,14126,2025-12-20,10
PO005584,SUP007,COMP019,14374,2025-04-14,14
PO005585,SUP004,COMP032,2338,2025-04-03,6
PO005586,SUP005,COMP026,4497,2025-01-28,18
PO005587,SUP001,COMP004,10457,2025-06-18,19
PO005588,SUP004,COMP002,4715,2025-03-29,20
PO005589,SUP007,COMP014,2944,2025-05-03,5
PO005590,SUP001,COMP012,7112,2025-07-03,25
PO005591,SUP006,COMP032,5109,2025-09-02,11
PO005592,SUP005,COMP039,3778,2025-07-22,15
PO005593,SUP008,COMP015,5836,2025-03-15,6
PO005594,SUP007,COMP002,9024,2025-05-07,12
PO005595,SUP001,COMP011,14149,2025-09-17,21
PO005596,SUP008,COMP018,13287,2025-01-02,22
PO005597,SUP004,COMP038,3834,2025-05-17,22
PO005598,SUP007,COMP018,8289,2025-11-03,9
PO005599,SUP006,COMP015,10672,2025-12-30,13
PO005600,SUP007,COMP011,13612,2025-02-23,13
PO005601,SUP005,COMP010,12050,2025-08-02,7
PO005602,SUP007,COMP030,14348,2025-02-11,19
PO005603,SUP009,COMP039,14056,2025-11-26,8
PO005604,SUP007,COMP031,1507,2025-02-15,9
PO005605,SUP007,COMP005,10055,2025-02-17,16
PO005606,SUP007,COMP029,4084,2025-04-06,7
PO005607,SUP002,COMP030,11137,2025-08-18,14
PO005608,SUP010,COMP018,13792,2025-02-04,12
PO005609,SUP005,COMP032,8350,2025-04-02,3
PO005610,SUP005,COMP022,4195,2025-04-25,17
PO005611,SUP007,COMP038,13357,2025-08-22,22
PO005612,SUP002,COMP028,2755,2025-08-24,15
PO005613,SUP003,COMP018,4508,2025-10-22,16
PO005614,SUP001,COMP026,4117,2025-01-20,4
PO005615,SUP008,COMP038,9194,2025-03-30,9
PO005616,SUP004,COMP036,10032,2025-02-09,18
PO005617,SUP009,COMP032,12866,2025-04-15,24
PO005618,SUP006,COMP027,4120,2025-11-15,8
PO005619,SUP002,COMP007,8751,2025-08-21,20
PO005620,SUP002,COMP025,2826,2025-07-16,23
PO005621,SUP010,COMP034,8320,2025-08-13,10
PO005622,SUP006,COMP008,1284,2025-06-30,24
PO005623,SUP010,COMP030,3976,2025-06-03,12
PO005624,SUP007,COMP034,6122,2025-01-02,4
PO005625,SUP010,COMP019,7845,2025-11-12,24
PO005626,SUP005,COMP030,12912,2025-12-07,21
PO005627,SUP003,COMP038,4335,2025-11-28,15
PO005628,SUP002,COMP025,14509,2025-07-30,7
PO005629,SUP010,COMP003,9423,2025-08-16,21
PO005630,SUP003,COMP037,6950,2025-10-04,15
PO005631,SUP004,COMP028,12498,2025-09-08,17
PO005632,SUP007,COMP015,10715,2025-07-12,15
PO005633,SUP004,COMP024,2598,2025-09-01,10
PO005634,SUP007,COMP001,802,2025-08-20,14
PO005635,SUP006,COMP001,4707,2025-01-05,23
PO005636,SUP009,COMP018,2371,2025-12-30,9
PO005637,SUP009,COMP015,13293,2025-09-14,21
PO005638,SUP001,COMP007,1586,2025-08-24,13
PO005639,SUP003,COMP035,11078,2025-03-09,3
PO005640,SUP008,COMP039,696,2025-09-12,18
PO005641,SUP010,COMP033,12400,2025-10-02,24
PO005642,SUP007,COMP008,8962,2025-03-31,14
PO005643,SUP007,COMP005,7286,2025-08-07,11
PO005644,SUP001,COMP011,9548,2025-11-25,3
PO005645,SUP003,COMP036,928,2025-03-16,8
PO005646,SUP003,COMP020,5319,2025-07-18,16
PO005647,SUP002,COMP027,5837,2025-02-17,18
PO005648,SUP006,COMP036,7592,2025-07-23,16
PO005649,SUP003,COMP026,6314,2025-09-12,4
PO005650,SUP005,COMP014,9420,2025-09-29,9
PO005651,SUP004,COMP037,3376,2025-04-12,24
PO005652,SUP009,COMP017,914,2025-11-15,21
PO005653,SUP002,COMP012,13187,2025-07-22,22
PO005654,SUP002,COMP030,7139,2025-05-11,21
PO005655,SUP009,COMP024,7836,2025-08-16,12
PO005656,SUP003,COMP029,3935,2025-06-11,21
PO005657,SUP009,COMP017,1405,2025-12-14,24
PO005658,SUP008,COMP002,12339,2025-06-14,12
PO005659,SUP008,COMP010,1287,2025-11-14,7
PO005660,SUP007,COMP018,14395,2025-07-18,25
PO005661,SUP006,COMP010,10120,2025-07-31,17
PO005662,SUP010,COMP017,8222,2025-02-26,19
PO005663,SUP010,COMP005,11995,2025-08-08,16
PO005664,SUP009,COMP003,8530,2025-04-29,25
PO005665,SUP002,COMP003,970,2025-02-10,17
PO005666,SUP010,COMP031,8198,2025-07-25,15
PO005667,SUP001,COMP004,3431,2025-03-23,3
PO005668,SUP001,COMP016,11787,2025-12-25,16
PO005669,SUP005,COMP009,4058,2025-09-19,8
PO005670,SUP003,COMP016,6130,2025-06-13,8
PO005671,SUP003,COMP002,10370,2025-06-09,6
PO005672,SUP003,COMP017,6008,2025-12-02,25
PO005673,SUP007,COMP012,10877,2025-11-17,6
PO005674,SUP003,COMP002,3274,2025-07-04,11
PO005675,SUP001,COMP037,4638,2025-02-24,5
PO005676,SUP004,COMP037,13394,2025-07-26,13
PO005677,SUP005,COMP023,3109,2025-06-18,25
PO005678,SUP006,COMP007,7785,2025-07-19,13
PO005679,SUP007,COMP040,9683,2025-04-23,16
PO005680,SUP005,COMP039,5801,2025-01-14,22
PO005681,SUP003,COMP027,2916,2025-09-19,22
PO005682,SUP008,COMP024,11582,2025-09-09,7
PO005683,SUP001,COMP013,12159,2025-02-20,12
PO005684,SUP004,COMP001,7141,2025-02-21,12
PO005685,SUP004,COMP012,8859,2025-09-14,14
PO005686,SUP009,COMP037,10689,2025-05-29,17
PO005687,SUP001,COMP039,11296,2025-10-26,3
PO005688,SUP007,COMP039,9925,2025-10-08,6
PO005689,SUP009,COMP037,2606,2025-04-25,18
PO005690,SUP002,COMP004,4724,2025-06-05,21
PO005691,SUP001,COMP032,2075,2025-12-03,6
PO005692,SUP004,COMP028,4659,2025-08-06,20
PO005693,SUP010,COMP004,14862,2025-07-17,25
PO005694,SUP009,COMP034,8151,2025-09-21,13
PO005695,SUP009,COMP002,3602,2025-11-03,6
PO005696,SUP003,COMP030,13541,2025-09-05,22
PO005697,SUP001,COMP022,3630,2025-12-10,20
PO005698,SUP008,COMP022,1742,2025-12-21,19
PO005699,SUP010,COMP022,3977,2025-05-09,8
PO005700,SUP010,COMP029,11008,2025-01-28,10
PO005701,SUP010,COMP030,12492,2025-09-10,9
PO005702,SUP004,COMP033,552,2025-01-16,11
PO005703,SUP002,COMP017,11439,2025-04-10,8
PO005704,SUP007,COMP040,5618,2025-11-22,12
PO005705,SUP002,COMP001,13974,2025-05-16,7
PO005706,SUP004,COMP010,729,2025-01-18,25
PO005707,SUP009,COMP025,6468,2025-10-07,15
PO005708,SUP003,COMP013,4156,2025-05-13,20
PO005709,SUP008,COMP034,1597,2025-11-12,10
PO005710,SUP005,COMP011,2027,2025-02-02,12
PO005711,SUP008,COMP019,7000,2025-08-28,13
PO005712,SUP008,COMP015,3268,2025-12-26,13
PO005713,SUP002,COMP017,2285,2025-06-20,16
PO005714,SUP002,COMP030,3611,2025-02-14,8
PO005715,SUP005,COMP015,2951,2025-03-01,21
PO005716,SUP008,COMP037,3020,2025-05-10,18
PO005717,SUP007,COMP008,8076,2025-05-21,4
PO005718,SUP004,COMP021,10930,2025-12-31,9
PO005719,SUP001,COMP003,13098,2025-06-20,15
PO005720,SUP009,COMP018,2528,2025-08-18,7
PO005721,SUP008,COMP014,4940,2025-01-29,15
PO005722,SUP010,COMP032,13771,2025-06-18,11
PO005723,SUP002,COMP015,13173,2025-04-04,15
PO005724,SUP004,COMP001,14489,2025-12-09,6
PO005725,SUP006,COMP004,9535,2025-11-25,21
PO005726,SUP003,COMP009,10548,2025-09-16,9
PO005727,SUP001,COMP038,2984,2025-03-16,5
PO005728,SUP004,COMP014,14892,2025-08-26,3
PO005729,SUP005,COMP021,13410,2025-12-25,4
PO005730,SUP004,COMP033,7211,2025-01-09,18
PO005731,SUP003,COMP040,5394,2025-04-10,4
PO005732,SUP007,COMP009,8755,2025-08-23,9
PO005733,SUP005,COMP022,2523,2025-03-12,21
PO005734,SUP006,COMP008,10572,2025-08-15,24
PO005735,SUP003,COMP035,12485,2025-06-21,13
PO005736,SUP009,COMP025,8679,2025-11-16,10
PO005737,SUP002,COMP025,14834,2025-01-21,23
PO005738,SUP003,COMP031,8906,2025-08-06,9
PO005739,SUP005,COMP035,7727,2025-08-03,14
PO005740,SUP007,COMP007,2683,2025-09-29,4
PO005741,SUP007,COMP039,14254,2025-06-28,13
PO005742,SUP003,COMP008,2227,2025-01-19,25
PO005743,SUP010,COMP022,3974,2025-02-10,15
PO005744,SUP002,COMP022,6764,2025-07-20,18
PO005745,SUP009,COMP022,10549,2025-08-16,6
PO005746,SUP004,COMP018,1690,2025-02-28,7
PO005747,SUP010,COMP010,10852,2025-10-02,24
PO005748,SUP009,COMP005,640,2025-05-19,8
PO005749,SUP004,COMP036,10819,2025-12-10,13
PO005750,SUP003,COMP017,7888,2025-11-14,15
PO005751,SUP006,COMP023,5251,2025-07-01,4
PO005752,SUP009,COMP021,5793,2025-05-14,20
PO005753,SUP009,COMP022,10340,2025-09-21,23
PO005754,SUP001,COMP025,9900,2025-01-26,12
PO005755,SUP004,COMP038,13349,2025-10-08,18
PO005756,SUP009,COMP034,9345,2025-11-07,21
PO005757,SUP010,COMP019,10683,2025-11-24,20
PO005758,SUP005,COMP018,14342,2025-01-01,15
PO005759,SUP001,COMP010,13416,2025-07-18,21
PO005760,SUP001,COMP037,10915,2025-07-07,22
PO005761,SUP005,COMP004,6158,2025-12-14,23
PO005762,SUP003,COMP007,9768,2025-09-27,21
PO005763,SUP010,COMP002,3569,2025-01-01,18
PO005764,SUP008,COMP032,3678,2025-01-27,20
PO005765,SUP009,COMP006,5902,2025-04-28,3
PO005766,SUP003,COMP038,4111,2025-04-16,9
PO005767,SUP007,COMP030,7853,2025-02-01,14
PO005768,SUP003,COMP037,8580,2025-10-24,7
PO005769,SUP006,COMP015,9359,2025-06-07,6
PO005770,SUP003,COMP029,10132,2025-11-20,6
PO005771,SUP004,COMP010,6623,2025-04-23,10
PO005772,SUP003,COMP023,9020,2025-10-15,19
PO005773,SUP005,COMP002,5477,2025-02-10,16
PO005774,SUP003,COMP032,5009,2025-04-01,7
PO005775,SUP002,COMP009,11505,2025-02-27,5
PO005776,SUP006,COMP020,11172,2025-05-20,12
PO005777,SUP009,COMP023,752,2025-03-16,24
PO005778,SUP005,COMP027,11938,2025-02-07,3
PO005779,SUP002,COMP025,14131,2025-10-01,5
PO005780,SUP001,COMP032,2175,2025-05-07,18
PO005781,SUP008,COMP038,14360,2025-09-08,10
PO005782,SUP001,COMP040,10890,2025-11-19,13
PO005783,SUP002,COMP020,10892,2025-07-21,3
PO005784,SUP008,COMP013,14676,2025-09-10,8
PO005785,SUP001,COMP020,1150,2025-05-05,23
PO005786,SUP003,COMP020,648,2025-05-26,12
PO005787,SUP001,COMP007,3092,2025-02-08,17
PO005788,SUP009,COMP022,7459,2025-12-29,23
PO005789,SUP004,COMP020,3776,2025-07-24,5
PO005790,SUP005,COMP022,6474,2025-01-17,5
PO005791,SUP003,COMP039,759,2025-05-09,10
PO005792,SUP002,COMP011,9165,2025-08-11,20
PO005793,SUP007,COMP028,7991,2025-08-13,14
PO005794,SUP007,COMP019,7043,2025-11-09,19
PO005795,SUP004,COMP025,4466,2025-04-16,7
PO005796,SUP001,COMP037,5124,2025-09-25,6
PO005797,SUP007,COMP033,14247,2025-07-01,9
PO005798,SUP002,COMP038,9980,2025-12-04,22
PO005799,SUP001,COMP034,8235,2025-01-18,5
PO005800,SUP005,COMP025,2351,2025-09-21,18
PO005801,SUP001,COMP011,8304,2025-12-24,10
PO005802,SUP010,COMP009,4866,2025-07-19,17
PO005803,SUP009,COMP015,1960,2025-06-06,25
PO005804,SUP007,COMP018,3083,2025-06-20,3
PO005805,SUP009,COMP034,12525,2025-03-31,10
PO005806,SUP003,COMP017,10861,2025-04-12,22
PO005807,SUP007,COMP037,7575,2025-11-17,12
PO005808,SUP008,COMP032,3989,2025-03-18,10
PO005809,SUP008,COMP011,4689,2025-10-30,25
PO005810,SUP003,COMP039,3214,2025-11-29,5
PO005811,SUP004,COMP015,2764,2025-06-06,3
PO005812,SUP007,COMP005,8970,2025-07-26,24
PO005813,SUP010,COMP019,7122,2025-01-11,14
PO005814,SUP007,COMP038,13821,2025-03-18,17
PO005815,SUP005,COMP024,942,2025-07-07,25
PO005816,SUP007,COMP040,6374,2025-12-08,19
PO005817,SUP003,COMP025,1867,2025-08-08,21
PO005818,SUP002,COMP013,5030,2025-04-24,23
PO005819,SUP009,COMP005,3058,2025-06-23,20
PO005820,SUP001,COMP012,5743,2025-07-20,8
PO005821,SUP002,COMP039,7749,2025-05-19,18
PO005822,SUP007,COMP004,5410,2025-06-02,4
PO005823,SUP005,COMP010,4863,2025-02-25,12
PO005824,SUP003,COMP027,5662,2025-07-12,7
PO005825,SUP007,COMP005,14768,2025-07-22,4
PO005826,SUP005,COMP026,5364,2025-05-07,3
PO005827,SUP001,COMP029,3124,2025-06-06,17
PO005828,SUP007,COMP025,11797,2025-01-06,14
PO005829,SUP004,COMP005,14268,2025-04-22,22
PO005830,SUP008,COMP034,3936,2025-08-25,12
PO005831,SUP008,COMP025,6723,2025-11-05,10
PO005832,SUP008,COMP031,12425,2025-09-04,8
PO005833,SUP005,COMP012,4709,2025-03-28,18
PO005834,SUP009,COMP020,13322,2025-12-21,5
PO005835,SUP003,COMP035,11429,2025-09-09,23
PO005836,SUP007,COMP007,2689,2025-09-16,7
PO005837,SUP007,COMP007,3112,2025-05-24,25
PO005838,SUP010,COMP040,14698,2025-10-11,17
PO005839,SUP008,COMP039,9793,2025-11-04,12
PO005840,SUP009,COMP005,10049,2025-06-09,25
PO005841,SUP001,COMP027,12080,2025-10-10,6
PO005842,SUP003,COMP030,6185,2025-07-25,5
PO005843,SUP001,COMP019,1103,2025-10-14,16
PO005844,SUP008,COMP013,2846,2025-06-15,19
PO005845,SUP007,COMP033,4860,2025-09-24,5
PO005846,SUP001,COMP025,14439,2025-03-23,11
PO005847,SUP008,COMP005,6843,2025-06-27,15
PO005848,SUP010,COMP013,10804,2025-12-24,20
PO005849,SUP007,COMP021,1639,2025-04-04,3
PO005850,SUP006,COMP017,2316,2025-07-01,7
PO005851,SUP009,COMP002,12447,2025-09-05,19
PO005852,SUP007,COMP020,8111,2025-09-05,3
PO005853,SUP002,COMP027,10023,2025-07-12,7
PO005854,SUP001,COMP010,11369,2025-05-03,9
PO005855,SUP007,COMP009,8554,2025-01-16,15
PO005856,SUP006,COMP016,11536,2025-10-14,5
PO005857,SUP004,COMP031,9348,2025-10-31,13
PO005858,SUP007,COMP009,3804,2025-06-17,12
PO005859,SUP004,COMP024,11145,2025-02-04,8
PO005860,SUP010,COMP002,5602,2025-07-04,20
PO005861,SUP010,COMP027,4089,2025-12-29,20
PO005862,SUP006,COMP039,6461,2025-03-12,12
PO005863,SUP001,COMP022,14422,2025-01-21,4
PO005864,SUP005,COMP021,13425,2025-02-14,3
PO005865,SUP007,COMP025,13019,2025-07-28,3
PO005866,SUP006,COMP036,8913,2025-01-23,21
PO005867,SUP006,COMP037,3062,2025-11-25,11
PO005868,SUP004,COMP038,10980,2025-12-01,19
PO005869,SUP002,COMP022,9126,2025-11-17,19
PO005870,SUP004,COMP011,3043,2025-07-11,18
PO005871,SUP001,COMP011,2314,2025-02-24,16
PO005872,SUP009,COMP025,7092,2025-12-07,4
PO005873,SUP003,COMP035,10482,2025-12-08,25
PO005874,SUP003,COMP034,14895,2025-02-17,11
PO005875,SUP010,COMP033,10428,2025-07-21,14
PO005876,SUP007,COMP038,11343,2025-02-18,25
PO005877,SUP008,COMP036,2308,2025-07-07,11
PO005878,SUP009,COMP013,6790,2025-02-14,5
PO005879,SUP006,COMP016,9637,2025-04-23,10
PO005880,SUP007,COMP025,12981,2025-11-24,12
PO005881,SUP005,COMP038,3723,2025-05-25,17
PO005882,SUP005,COMP015,1359,2025-04-30,12
PO005883,SUP003,COMP028,8129,2025-10-08,11
PO005884,SUP006,COMP026,7614,2025-02-03,6
PO005885,SUP006,COMP023,7036,2025-10-15,23
PO005886,SUP002,COMP027,554,2025-11-02,15
PO005887,SUP005,COMP004,6563,2025-08-13,19
PO005888,SUP008,COMP028,7340,2025-01-15,5
PO005889,SUP008,COMP035,3081,2025-12-13,22
PO005890,SUP007,COMP007,14686,2025-05-26,23
PO005891,SUP008,COMP015,779,2025-08-20,12
PO005892,SUP009,COMP002,2948,2025-08-22,22
PO005893,SUP008,COMP009,8630,2025-04-14,3
PO005894,SUP002,COMP038,10563,2025-08-07,22
PO005895,SUP010,COMP020,6976,2025-07-10,7
PO005896,SUP002,COMP031,5286,2025-07-10,23
PO005897,SUP007,COMP021,9607,2025-10-25,25
PO005898,SUP009,COMP035,4864,2025-04-11,20
PO005899,SUP007,COMP036,5347,2025-06-05,10
PO005900,SUP009,COMP002,11441,2025-07-20,19
PO005901,SUP005,COMP007,14021,2025-06-05,14
PO005902,SUP008,COMP037,6294,2025-06-27,17
PO005903,SUP004,COMP036,14666,2025-02-03,13
PO005904,SUP007,COMP029,9971,2025-11-01,18
PO005905,SUP003,COMP034,1817,2025-06-26,16
PO005906,SUP002,COMP013,11131,2025-01-11,7
PO005907,SUP004,COMP011,13331,2025-09-04,15
PO005908,SUP004,COMP039,1979,2025-07-21,25
PO005909,SUP010,COMP019,13256,2025-11-05,18
PO005910,SUP004,COMP037,7886,2025-07-21,19
PO005911,SUP008,COMP025,6504,2025-10-26,16
PO005912,SUP005,COMP032,2291,2025-10-01,5
PO005913,SUP008,COMP023,4218,2025-05-17,4
PO005914,SUP010,COMP028,2264,2025-11-21,21
PO005915,SUP010,COMP029,13151,2025-11-19,14
PO005916,SUP002,COMP006,13662,2025-09-06,13
PO005917,SUP007,COMP014,13963,2025-05-25,11
PO005918,SUP001,COMP027,1316,2025-03-20,6
PO005919,SUP001,COMP038,2159,2025-07-16,8
PO005920,SUP007,COMP040,7304,2025-11-14,16
PO005921,SUP008,COMP011,13145,2025-08-21,19
PO005922,SUP004,COMP014,3368,2025-04-02,15
PO005923,SUP004,COMP032,3767,2025-02-03,21
PO005924,SUP007,COMP034,3356,2025-06-05,9
PO005925,SUP007,COMP038,8694,2025-02-06,7
PO005926,SUP001,COMP003,7553,2025-08-31,20
PO005927,SUP010,COMP029,3087,2025-08-05,17
PO005928,SUP002,COMP024,7413,2025-10-27,5
PO005929,SUP005,COMP030,13701,2025-01-08,5
PO005930,SUP003,COMP040,14043,2025-10-06,9
PO005931,SUP010,COMP017,11735,2025-07-02,12
PO005932,SUP002,COMP025,5016,2025-07-17,3
PO005933,SUP008,COMP007,6253,2025-01-22,3
PO005934,SUP007,COMP026,6189,2025-03-26,20
PO005935,SUP006,COMP013,1320,2025-01-17,11
PO005936,SUP006,COMP024,8191,2025-12-22,23
PO005937,SUP009,COMP026,9248,2025-06-21,22
PO005938,SUP003,COMP010,2982,2025-03-06,4
PO005939,SUP001,COMP025,13515,2025-06-27,24
PO005940,SUP010,COMP031,11095,2025-08-20,12
PO005941,SUP002,COMP020,4958,2025-03-11,23
PO005942,SUP001,COMP006,8816,2025-12-04,3
PO005943,SUP004,COMP019,2858,2025-01-01,25
PO005944,SUP007,COMP036,8154,2025-03-30,5
PO005945,SUP008,COMP002,5097,2025-08-08,16
PO005946,SUP009,COMP031,11018,2025-01-15,24
PO005947,SUP009,COMP008,13597,2025-09-08,22
PO005948,SUP007,COMP010,2537,2025-02-11,16
PO005949,SUP008,COMP007,2905,2025-05-01,4
PO005950,SUP005,COMP025,11910,2025-06-25,19
PO005951,SUP004,COMP026,13714,2025-07-06,22
PO005952,SUP010,COMP035,537,2025-12-12,23
PO005953,SUP002,COMP027,11479,2025-08-01,14
PO005954,SUP009,COMP007,14126,2025-04-26,16
PO005955,SUP007,COMP011,3237,2025-03-20,4
PO005956,SUP009,COMP025,14649,2025-02-02,24
PO005957,SUP001,COMP009,2146,2025-05-02,3
PO005958,SUP006,COMP002,14811,2025-10-20,15
PO005959,SUP004,COMP039,9898,2025-05-14,18
PO005960,SUP009,COMP013,5327,2025-09-29,20
PO005961,SUP002,COMP018,6996,2025-01-04,24
PO005962,SUP009,COMP010,4760,2025-12-23,17
PO005963,SUP005,COMP001,12634,2025-08-28,21
PO005964,SUP005,COMP014,5591,2025-06-09,12
PO005965,SUP002,COMP030,13979,2025-07-08,15
PO005966,SUP007,COMP025,1963,2025-11-04,15
PO005967,SUP003,COMP006,4145,2025-03-29,10
PO005968,SUP010,COMP012,10667,2025-07-11,3
PO005969,SUP002,COMP038,8418,2025-07-16,5
PO005970,SUP001,COMP013,2705,2025-02-22,15
PO005971,SUP006,COMP033,12073,2025-01-03,20
PO005972,SUP008,COMP010,6701,2025-12-09,18
PO005973,SUP001,COMP022,11293,2025-02-08,6
PO005974,SUP010,COMP015,14344,2025-09-26,20
PO005975,SUP004,COMP004,10374,2025-01-10,11
PO005976,SUP006,COMP033,1933,2025-07-22,24
PO005977,SUP008,COMP012,10346,2025-02-12,22
PO005978,SUP004,COMP001,4941,2025-03-08,4
PO005979,SUP002,COMP036,6490,2025-10-27,4
PO005980,SUP006,COMP011,8333,2025-04-27,6
PO005981,SUP002,COMP036,7684,2025-07-21,14
PO005982,SUP007,COMP032,3542,2025-04-06,11
PO005983,SUP002,COMP011,8866,2025-07-19,13
PO005984,SUP001,COMP016,14365,2025-09-22,12
PO005985,SUP002,COMP004,2071,2025-12-13,21
PO005986,SUP006,COMP038,10403,2025-11-18,25
PO005987,SUP003,COMP011,3470,2025-05-16,21
PO005988,SUP003,COMP018,4674,2025-05-15,3
PO005989,SUP007,COMP028,1904,2025-06-26,21
PO005990,SUP003,COMP009,2699,2025-01-27,21
PO005991,SUP008,COMP025,11984,2025-12-12,11
PO005992,SUP009,COMP025,1579,2025-10-10,9
PO005993,SUP009,COMP011,6209,2025-06-22,25
PO005994,SUP010,COMP008,5327,2025-04-23,8
PO005995,SUP002,COMP008,12105,2025-09-05,8
PO005996,SUP005,COMP023,6684,2025-02-01,14
PO005997,SUP002,COMP033,3365,2025-01-29,19
PO005998,SUP001,COMP036,7281,2025-02-28,17
PO005999,SUP009,COMP001,9122,2025-09-11,6
PO006000,SUP004,COMP022,4169,2025-09-23,25
PO006001,SUP005,COMP029,14624,2025-04-11,7
PO006002,SUP005,COMP010,1474,2025-12-20,14
PO006003,SUP008,COMP004,12735,2025-04-25,16
PO006004,SUP006,COMP037,13057,2025-07-11,21
PO006005,SUP003,COMP021,8334,2025-01-14,18
PO006006,SUP003,COMP031,14296,2025-12-01,21
PO006007,SUP003,COMP039,530,2025-12-25,11
PO006008,SUP007,COMP037,12707,2025-11-12,20
PO006009,SUP002,COMP005,12435,2025-08-13,7
PO006010,SUP002,COMP015,8366,2025-01-27,8
PO006011,SUP007,COMP005,6773,2025-09-08,5
PO006012,SUP007,COMP031,3463,2025-09-12,4
PO006013,SUP003,COMP010,12470,2025-05-30,5
PO006014,SUP001,COMP011,7345,2025-03-24,6
PO006015,SUP001,COMP035,3882,2025-01-07,20
PO006016,SUP004,COMP012,806,2025-10-24,5
PO006017,SUP005,COMP015,10941,2025-03-04,21
PO006018,SUP004,COMP035,13732,2025-05-11,5
PO006019,SUP006,COMP016,1980,2025-12-13,5
PO006020,SUP009,COMP039,3244,2025-04-28,4
PO006021,SUP008,COMP015,1805,2025-04-28,21
PO006022,SUP008,COMP010,9803,2025-10-04,19
PO006023,SUP008,COMP012,9169,2025-08-19,17
PO006024,SUP002,COMP014,12758,2025-01-21,12
PO006025,SUP003,COMP015,8814,2025-08-29,24
PO006026,SUP007,COMP033,868,2025-10-28,3
PO006027,SUP001,COMP031,13826,2025-12-12,17
PO006028,SUP010,COMP028,5115,2025-03-22,25
PO006029,SUP008,COMP030,12577,2025-01-18,22
PO006030,SUP008,COMP034,13327,2025-07-08,7
PO006031,SUP006,COMP016,14297,2025-10-28,22
PO006032,SUP002,COMP013,9076,2025-06-15,12
PO006033,SUP002,COMP015,2507,2025-08-24,23
PO006034,SUP005,COMP017,9300,2025-12-11,23
PO006035,SUP006,COMP008,13527,2025-10-26,14
PO006036,SUP005,COMP018,3292,2025-12-10,10
PO006037,SUP004,COMP017,4686,2025-01-22,8
PO006038,SUP006,COMP036,11191,2025-09-17,14
PO006039,SUP006,COMP005,652,2025-09-27,19
PO006040,SUP010,COMP010,10877,2025-02-22,17
PO006041,SUP002,COMP001,9073,2025-12-07,17
PO006042,SUP005,COMP035,5826,2025-05-05,5
PO006043,SUP006,COMP039,14182,2025-11-20,22
PO006044,SUP007,COMP019,11546,2025-07-23,25
PO006045,SUP001,COMP036,12713,2025-08-18,24
PO006046,SUP003,COMP022,4610,2025-09-13,18
PO006047,SUP008,COMP022,4369,2025-09-19,20
PO006048,SUP002,COMP029,13507,2025-08-11,20
PO006049,SUP004,COMP024,3610,2025-03-08,11
PO006050,SUP008,COMP034,1805,2025-02-27,3
PO006051,SUP002,COMP028,2976,2025-02-28,22
PO006052,SUP009,COMP037,14759,2025-09-03,11
PO006053,SUP005,COMP027,10013,2025-04-14,5
PO006054,SUP007,COMP036,11844,2025-02-15,25
PO006055,SUP006,COMP005,6862,2025-05-28,22
PO006056,SUP002,COMP040,809,2025-09-10,4
PO006057,SUP005,COMP018,6090,2025-03-01,22
PO006058,SUP007,COMP019,14128,2025-10-22,8
PO006059,SUP004,COMP002,6732,2025-12-22,16
PO006060,SUP002,COMP040,724,2025-02-28,18
PO006061,SUP005,COMP034,14703,2025-05-31,8
PO006062,SUP006,COMP011,4903,2025-07-29,17
PO006063,SUP002,COMP039,4071,2025-02-01,15
PO006064,SUP005,COMP032,3756,2025-12-19,21
PO006065,SUP001,COMP034,8352,2025-06-30,9
PO006066,SUP006,COMP035,11213,2025-10-16,20
PO006067,SUP004,COMP011,12392,2025-05-20,9
PO006068,SUP006,COMP039,12349,2025-07-04,6
PO006069,SUP004,COMP013,4209,2025-02-05,25
PO006070,SUP007,COMP039,6606,2025-05-18,9
PO006071,SUP003,COMP016,3504,2025-05-22,16
PO006072,SUP010,COMP015,6246,2025-07-02,6
PO006073,SUP007,COMP040,8631,2025-10-10,19
PO006074,SUP004,COMP032,13809,2025-08-31,18
PO006075,SUP003,COMP004,5546,2025-04-28,21
PO006076,SUP008,COMP008,8725,2025-09-20,20
PO006077,SUP005,COMP010,8124,2025-02-26,15
PO006078,SUP010,COMP028,5682,2025-08-02,12
PO006079,SUP006,COMP024,12522,2025-04-22,22
PO006080,SUP003,COMP034,4773,2025-01-10,9
PO006081,SUP005,COMP032,7587,2025-11-03,15
PO006082,SUP005,COMP024,11866,2025-05-17,12
PO006083,SUP001,COMP027,6939,2025-09-23,22
PO006084,SUP010,COMP020,2949,2025-06-24,9
PO006085,SUP003,COMP033,3593,2025-07-23,21
PO006086,SUP004,COMP001,14727,2025-11-17,20
PO006087,SUP001,COMP005,2106,2025-11-28,24
PO006088,SUP009,COMP032,3364,2025-02-28,23
PO006089,SUP004,COMP037,9405,2025-04-07,3
PO006090,SUP003,COMP003,11882,2025-01-15,14
PO006091,SUP007,COMP022,7830,2025-03-26,24
PO006092,SUP004,COMP035,7525,2025-12-08,6
PO006093,SUP007,COMP004,1748,2025-10-07,16
PO006094,SUP002,COMP038,2270,2025-05-05,16
PO006095,SUP005,COMP004,11809,2025-07-31,21
PO006096,SUP006,COMP035,1025,2025-07-04,5
PO006097,SUP009,COMP020,1260,2025-06-01,23
PO006098,SUP008,COMP032,4453,2025-07-01,4
PO006099,SUP004,COMP008,8898,2025-09-28,12
PO006100,SUP010,COMP030,14122,2025-05-31,5
PO006101,SUP007,COMP015,3490,2025-03-26,19
PO006102,SUP006,COMP023,7158,2025-04-25,10
PO006103,SUP007,COMP027,14025,2025-12-06,3
PO006104,SUP003,COMP015,5998,2025-03-17,5
PO006105,SUP008,COMP037,11274,2025-03-10,6
PO006106,SUP002,COMP036,3356,2025-10-01,21
PO006107,SUP002,COMP016,948,2025-12-25,13
PO006108,SUP002,COMP002,3040,2025-08-21,5
PO006109,SUP010,COMP002,6261,2025-11-25,19
PO006110,SUP002,COMP017,8032,2025-11-17,21
PO006111,SUP007,COMP004,12102,2025-06-20,15
PO006112,SUP003,COMP016,4054,2025-01-19,21
PO006113,SUP005,COMP030,9948,2025-12-29,17
PO006114,SUP007,COMP033,9128,2025-06-22,11
PO006115,SUP004,COMP017,13461,2025-11-26,15
PO006116,SUP005,COMP021,8790,2025-03-21,22
PO006117,SUP006,COMP017,7101,2025-04-16,18
PO006118,SUP004,COMP016,4098,2025-01-06,4
PO006119,SUP004,COMP001,4963,2025-08-22,6
PO006120,SUP007,COMP026,13807,2025-03-19,10
PO006121,SUP005,COMP012,6496,2025-05-07,23
PO006122,SUP001,COMP008,2560,2025-11-21,19
PO006123,SUP002,COMP038,5220,2025-01-07,3
PO006124,SUP002,COMP006,2729,2025-10-28,14
PO006125,SUP003,COMP004,8497,2025-12-06,19
PO006126,SUP002,COMP035,8610,2025-12-03,12
PO006127,SUP002,COMP020,6831,2025-06-28,16
PO006128,SUP007,COMP016,7882,2025-01-23,18
PO006129,SUP001,COMP017,13069,2025-12-20,10
PO006130,SUP008,COMP013,13041,2025-08-22,25
PO006131,SUP006,COMP006,4681,2025-05-01,14
PO006132,SUP004,COMP021,6259,2025-05-15,16
PO006133,SUP003,COMP009,2996,2025-12-15,20
PO006134,SUP005,COMP030,13000,2025-07-27,15
PO006135,SUP001,COMP004,10515,2025-09-07,12
PO006136,SUP010,COMP001,9929,2025-02-16,23
PO006137,SUP003,COMP025,2267,2025-11-07,10
PO006138,SUP006,COMP036,2108,2025-07-08,6
PO006139,SUP005,COMP007,9414,2025-07-09,22
PO006140,SUP005,COMP004,1445,2025-06-09,19
PO006141,SUP010,COMP026,5991,2025-08-11,3
PO006142,SUP009,COMP017,6834,2025-10-16,14
PO006143,SUP005,COMP018,10289,2025-06-10,15
PO006144,SUP010,COMP030,8075,2025-07-04,14
PO006145,SUP007,COMP005,3128,2025-05-06,12
PO006146,SUP001,COMP003,1841,2025-12-24,13
PO006147,SUP003,COMP012,10533,2025-01-14,12
PO006148,SUP001,COMP006,6354,2025-01-14,18
PO006149,SUP007,COMP011,10225,2025-05-19,8
PO006150,SUP001,COMP007,2921,2025-02-25,17
PO006151,SUP003,COMP012,1190,2025-10-31,12
PO006152,SUP004,COMP017,3351,2025-04-06,3
PO006153,SUP009,COMP009,5367,2025-02-13,24
PO006154,SUP010,COMP036,11216,2025-07-04,17
PO006155,SUP008,COMP033,8276,2025-04-19,12
PO006156,SUP002,COMP016,7805,2025-03-18,9
PO006157,SUP001,COMP030,4201,2025-06-11,18
PO006158,SUP002,COMP014,6892,2025-02-05,19
PO006159,SUP008,COMP030,4662,2025-10-23,18
PO006160,SUP009,COMP038,6395,2025-04-17,24
PO006161,SUP006,COMP011,5758,2025-10-01,13
PO006162,SUP004,COMP021,5802,2025-11-22,22
PO006163,SUP010,COMP022,2464,2025-06-11,11
PO006164,SUP002,COMP019,4565,2025-08-04,4
PO006165,SUP005,COMP016,9471,2025-09-10,7
PO006166,SUP005,COMP016,537,2025-10-04,19
PO006167,SUP005,COMP036,12899,2025-07-27,4
PO006168,SUP007,COMP017,11155,2025-03-02,12
PO006169,SUP005,COMP010,6443,2025-12-20,4
PO006170,SUP010,COMP025,9986,2025-04-09,10
PO006171,SUP008,COMP022,11961,2025-09-06,21
PO006172,SUP001,COMP007,5847,2025-07-02,3
PO006173,SUP009,COMP035,516,2025-08-08,9
PO006174,SUP010,COMP022,9029,2025-05-28,13
PO006175,SUP005,COMP023,610,2025-11-18,13
PO006176,SUP003,COMP039,6872,2025-06-26,10
PO006177,SUP008,COMP003,14366,2025-05-11,18
PO006178,SUP007,COMP033,1508,2025-11-08,20
PO006179,SUP006,COMP026,9484,2025-05-01,13
PO006180,SUP001,COMP023,2101,2025-09-27,10
PO006181,SUP005,COMP020,994,2025-04-04,17
PO006182,SUP006,COMP024,4789,2025-11-21,18
PO006183,SUP001,COMP008,5020,2025-04-01,21
PO006184,SUP006,COMP002,4436,2025-11-19,9
PO006185,SUP007,COMP037,4508,2025-07-14,20
PO006186,SUP004,COMP020,1081,2025-03-21,6
PO006187,SUP002,COMP002,4904,2025-06-27,12
PO006188,SUP010,COMP034,1174,2025-11-18,23
PO006189,SUP005,COMP025,931,2025-07-22,14
PO006190,SUP004,COMP020,10898,2025-10-24,9
PO006191,SUP001,COMP040,7430,2025-07-30,16
PO006192,SUP004,COMP020,10386,2025-03-05,16
PO006193,SUP007,COMP004,6624,2025-06-15,18
PO006194,SUP008,COMP013,14422,2025-10-22,4
PO006195,SUP005,COMP023,6012,2025-11-23,12
PO006196,SUP004,COMP027,3550,2025-04-24,9
PO006197,SUP002,COMP039,10771,2025-04-19,5
PO006198,SUP003,COMP005,12270,2025-01-24,20
PO006199,SUP002,COMP008,11673,2025-01-21,9
PO006200,SUP009,COMP032,8221,2025-04-08,20
PO006201,SUP001,COMP003,7809,2025-09-13,20
PO006202,SUP010,COMP034,2041,2025-10-20,25
PO006203,SUP007,COMP036,13196,2025-08-20,3
PO006204,SUP007,COMP025,7542,2025-09-18,24
PO006205,SUP009,COMP020,3775,2025-04-11,5
PO006206,SUP007,COMP021,1032,2025-11-02,20
PO006207,SUP004,COMP015,9223,2025-02-03,24
PO006208,SUP003,COMP032,2798,2025-05-31,22
PO006209,SUP001,COMP007,14340,2025-05-18,4
PO006210,SUP006,COMP020,3764,2025-11-02,10
PO006211,SUP005,COMP025,10685,2025-09-22,22
PO006212,SUP009,COMP017,8338,2025-12-03,10
PO006213,SUP009,COMP019,4565,2025-10-31,13
PO006214,SUP004,COMP032,3415,2025-07-08,19
PO006215,SUP001,COMP006,13921,2025-06-22,10
PO006216,SUP006,COMP034,5109,2025-10-20,16
PO006217,SUP003,COMP002,1077,2025-04-15,8
PO006218,SUP004,COMP003,3160,2025-01-06,6
PO006219,SUP010,COMP009,6719,2025-12-03,20
PO006220,SUP007,COMP004,14347,2025-02-26,18
PO006221,SUP004,COMP033,6313,2025-06-15,25
PO006222,SUP006,COMP024,6298,2025-01-26,14
PO006223,SUP002,COMP035,2006,2025-12-27,17
PO006224,SUP007,COMP006,5429,2025-03-23,15
PO006225,SUP007,COMP009,5347,2025-06-06,10
PO006226,SUP007,COMP032,8322,2025-12-28,3
PO006227,SUP005,COMP006,1922,2025-01-09,19
PO006228,SUP001,COMP004,10849,2025-04-02,23
PO006229,SUP007,COMP018,10624,2025-02-22,9
PO006230,SUP006,COMP038,8308,2025-05-13,19
PO006231,SUP010,COMP023,7128,2025-05-17,7
PO006232,SUP006,COMP010,8555,2025-06-23,9
PO006233,SUP002,COMP029,8500,2025-10-27,5
PO006234,SUP001,COMP024,13215,2025-04-29,17
PO006235,SUP003,COMP023,7218,2025-06-26,15
PO006236,SUP004,COMP014,8637,2025-04-12,11
PO006237,SUP004,COMP020,9456,2025-10-11,22
PO006238,SUP002,COMP040,1491,2025-01-13,3
PO006239,SUP001,COMP011,4608,2025-04-01,3
PO006240,SUP002,COMP009,7860,2025-08-25,15
PO006241,SUP001,COMP025,7018,2025-03-10,14
PO006242,SUP010,COMP024,12933,2025-08-30,20
PO006243,SUP008,COMP019,5387,2025-02-26,6
PO006244,SUP003,COMP033,5589,2025-09-14,12
PO006245,SUP003,COMP006,8430,2025-03-31,18
PO006246,SUP005,COMP010,1774,2025-12-30,22
PO006247,SUP005,COMP004,11303,2025-05-28,18
PO006248,SUP009,COMP037,14414,2025-12-10,5
PO006249,SUP004,COMP028,8362,2025-02-26,16
PO006250,SUP002,COMP027,9100,2025-05-31,21
PO006251,SUP009,COMP037,10318,2025-11-26,5
PO006252,SUP003,COMP025,14803,2025-05-01,25
PO006253,SUP009,COMP009,7896,2025-11-01,12
PO006254,SUP002,COMP020,6241,2025-11-27,14
PO006255,SUP001,COMP038,8128,2025-05-03,9
PO006256,SUP004,COMP003,10386,2025-09-24,18
PO006257,SUP001,COMP015,14506,2025-09-21,8
PO006258,SUP005,COMP011,10206,2025-10-07,14
PO006259,SUP003,COMP032,1474,2025-05-30,22
PO006260,SUP008,COMP015,5049,2025-06-06,12
PO006261,SUP007,COMP014,13704,2025-12-04,12
PO006262,SUP007,COMP017,8379,2025-05-12,21
PO006263,SUP007,COMP022,9800,2025-03-04,10
PO006264,SUP002,COMP006,736,2025-02-06,14
PO006265,SUP003,COMP011,12284,2025-02-07,23
PO006266,SUP009,COMP006,6252,2025-10-27,14
PO006267,SUP009,COMP035,1683,2025-03-25,9
PO006268,SUP007,COMP036,9130,2025-07-30,15
PO006269,SUP001,COMP033,11267,2025-10-10,8
PO006270,SUP004,COMP010,4385,2025-07-10,6
PO006271,SUP002,COMP016,11257,2025-10-27,13
PO006272,SUP003,COMP012,5786,2025-05-16,21
PO006273,SUP005,COMP024,7866,2025-01-10,9
PO006274,SUP002,COMP031,7088,2025-10-07,24
PO006275,SUP002,COMP004,13911,2025-02-14,23
PO006276,SUP004,COMP011,5057,2025-08-29,4
PO006277,SUP008,COMP013,1428,2025-09-19,6
PO006278,SUP005,COMP006,5044,2025-04-03,10
PO006279,SUP008,COMP023,7679,2025-05-22,25
PO006280,SUP006,COMP018,14115,2025-07-11,23
PO006281,SUP002,COMP029,12946,2025-04-29,23
PO006282,SUP004,COMP001,1600,2025-07-28,13
PO006283,SUP005,COMP033,7963,2025-07-20,14
PO006284,SUP008,COMP034,1980,2025-07-10,21
PO006285,SUP002,COMP027,6905,2025-06-30,13
PO006286,SUP002,COMP029,2876,2025-10-13,15
PO006287,SUP005,COMP010,1754,2025-04-21,16
PO006288,SUP001,COMP008,8367,2025-02-17,12
PO006289,SUP008,COMP011,14916,2025-03-30,24
PO006290,SUP003,COMP039,13525,2025-12-20,12
PO006291,SUP006,COMP013,2118,2025-10-16,15
PO006292,SUP006,COMP006,6798,2025-05-25,12
PO006293,SUP002,COMP036,11343,2025-01-08,13
PO006294,SUP005,COMP001,957,2025-09-23,13
PO006295,SUP004,COMP034,12553,2025-01-07,24
PO006296,SUP010,COMP018,13104,2025-03-23,3
PO006297,SUP008,COMP040,7018,2025-12-21,6
PO006298,SUP010,COMP038,1111,2025-11-19,22
PO006299,SUP008,COMP038,9379,2025-10-30,16
PO006300,SUP006,COMP037,11893,2025-02-10,10
PO006301,SUP002,COMP007,9609,2025-09-13,3
PO006302,SUP009,COMP030,9008,2025-02-09,13
PO006303,SUP008,COMP017,11871,2025-10-27,24
PO006304,SUP002,COMP028,14386,2025-09-06,5
PO006305,SUP007,COMP021,7603,2025-08-30,4
PO006306,SUP010,COMP034,7547,2025-08-09,18
PO006307,SUP009,COMP035,5904,2025-03-02,16
PO006308,SUP009,COMP012,878,2025-04-14,20
PO006309,SUP006,COMP010,11227,2025-09-22,14
PO006310,SUP008,COMP040,5397,2025-01-31,5
PO006311,SUP006,COMP019,11961,2025-02-12,24
PO006312,SUP006,COMP002,7036,2025-09-21,21
PO006313,SUP009,COMP022,1965,2025-02-24,20
PO006314,SUP009,COMP006,1818,2025-07-14,24
PO006315,SUP008,COMP035,8526,2025-04-13,11
PO006316,SUP009,COMP004,9666,2025-06-14,6
PO006317,SUP005,COMP040,7115,2025-07-30,17
PO006318,SUP006,COMP030,11294,2025-02-21,25
PO006319,SUP007,COMP037,5684,2025-05-29,3
PO006320,SUP003,COMP013,2037,2025-04-13,12
PO006321,SUP003,COMP025,9678,2025-04-11,22
PO006322,SUP007,COMP038,10635,2025-06-26,17
PO006323,SUP002,COMP015,13822,2025-11-22,23
PO006324,SUP010,COMP023,8101,2025-01-12,4
PO006325,SUP002,COMP028,9462,2025-05-30,14
PO006326,SUP002,COMP010,3258,2025-05-19,23
PO006327,SUP001,COMP012,4123,2025-09-23,17
PO006328,SUP009,COMP040,11590,2025-04-07,4
PO006329,SUP004,COMP035,2388,2025-06-01,17
PO006330,SUP007,COMP004,5004,2025-01-02,21
PO006331,SUP007,COMP012,12582,2025-08-05,7
PO006332,SUP010,COMP011,2967,2025-06-28,21
PO006333,SUP006,COMP013,7744,2025-08-07,8
PO006334,SUP002,COMP001,12366,2025-10-17,20
PO006335,SUP006,COMP013,3469,2025-08-16,7
PO006336,SUP008,COMP009,13563,2025-01-21,16
PO006337,SUP007,COMP030,6539,2025-05-21,21
PO006338,SUP001,COMP024,9959,2025-09-12,9
PO006339,SUP001,COMP016,7984,2025-06-15,24
PO006340,SUP004,COMP031,13202,2025-05-11,14
PO006341,SUP001,COMP033,13082,2025-12-27,19
PO006342,SUP004,COMP001,12264,2025-07-25,20
PO006343,SUP003,COMP037,4765,2025-09-22,6
PO006344,SUP008,COMP004,5059,2025-10-24,25
PO006345,SUP007,COMP032,2940,2025-10-26,12
PO006346,SUP003,COMP029,12298,2025-11-14,5
PO006347,SUP010,COMP005,7529,2025-04-19,17
PO006348,SUP010,COMP034,13288,2025-01-15,4
PO006349,SUP005,COMP029,2894,2025-01-01,8
PO006350,SUP009,COMP035,9620,2025-12-30,8
PO006351,SUP004,COMP038,7753,2025-10-16,18
PO006352,SUP001,COMP036,14848,2025-08-14,18
PO006353,SUP001,COMP005,5677,2025-12-08,8
PO006354,SUP005,COMP012,4882,2025-05-26,10
PO006355,SUP002,COMP003,2569,2025-11-14,21
PO006356,SUP004,COMP010,2050,2025-01-12,9
PO006357,SUP007,COMP031,11200,2025-05-16,4
PO006358,SUP001,COMP038,3520,2025-06-24,24
PO006359,SUP005,COMP010,8641,2025-01-13,21
PO006360,SUP009,COMP014,2267,2025-12-21,19
PO006361,SUP002,COMP035,1493,2025-05-02,11
PO006362,SUP004,COMP002,7986,2025-02-23,12
PO006363,SUP009,COMP036,11021,2025-04-22,4
PO006364,SUP006,COMP020,6156,2025-01-13,20
PO006365,SUP003,COMP032,10935,2025-07-03,24
PO006366,SUP010,COMP035,13759,2025-12-30,15
PO006367,SUP009,COMP024,9582,2025-02-19,22
PO006368,SUP008,COMP018,8794,2025-10-10,24
PO006369,SUP005,COMP027,11239,2025-08-13,11
PO006370,SUP009,COMP010,3297,2025-04-08,8
PO006371,SUP009,COMP026,4661,2025-03-26,13
PO006372,SUP001,COMP020,7177,2025-05-23,17
PO006373,SUP002,COMP032,5295,2025-03-13,15
PO006374,SUP006,COMP035,9426,2025-06-02,4
PO006375,SUP007,COMP028,13503,2025-02-13,7
PO006376,SUP005,COMP023,917,2025-02-12,5
PO006377,SUP007,COMP003,13778,2025-02-21,8
PO006378,SUP005,COMP008,14162,2025-10-11,6
PO006379,SUP002,COMP027,1364,2025-08-22,15
PO006380,SUP003,COMP007,876,2025-10-27,15
PO006381,SUP010,COMP011,7196,2025-04-03,5
PO006382,SUP007,COMP036,4944,2025-08-29,8
PO006383,SUP001,COMP011,1272,2025-07-14,9
PO006384,SUP002,COMP020,1610,2025-01-18,21
PO006385,SUP003,COMP018,4708,2025-04-20,8
PO006386,SUP010,COMP023,12739,2025-06-02,3
PO006387,SUP006,COMP028,14565,2025-09-29,25
PO006388,SUP007,COMP019,2925,2025-10-21,15
PO006389,SUP002,COMP032,3332,2025-05-22,17
PO006390,SUP003,COMP032,11558,2025-04-17,5
PO006391,SUP009,COMP036,9829,2025-09-09,4
PO006392,SUP007,COMP004,5557,2025-05-17,15
PO006393,SUP003,COMP002,3953,2025-08-15,12
PO006394,SUP005,COMP023,8291,2025-02-07,21
PO006395,SUP010,COMP005,11428,2025-08-12,24
PO006396,SUP008,COMP013,5113,2025-12-24,7
PO006397,SUP002,COMP017,2868,2025-02-16,6
PO006398,SUP005,COMP002,8094,2025-12-02,20
PO006399,SUP002,COMP015,7655,2025-12-06,15
PO006400,SUP005,COMP039,2660,2025-10-31,3
PO006401,SUP008,COMP004,3640,2025-09-23,10
PO006402,SUP010,COMP019,3333,2025-08-25,6
PO006403,SUP004,COMP017,2842,2025-06-02,18
PO006404,SUP001,COMP027,11435,2025-06-02,24
PO006405,SUP010,COMP009,2600,2025-03-07,13
PO006406,SUP008,COMP007,7400,2025-05-29,4
PO006407,SUP001,COMP018,14430,2025-09-14,25
PO006408,SUP010,COMP024,13974,2025-03-25,11
PO006409,SUP002,COMP018,4138,2025-11-23,11
PO006410,SUP006,COMP028,5542,2025-07-29,15
PO006411,SUP004,COMP039,8382,2025-02-10,19
PO006412,SUP001,COMP006,2784,2025-01-23,15
PO006413,SUP004,COMP016,6297,2025-09-10,14
PO006414,SUP010,COMP040,12172,2025-09-02,22
PO006415,SUP005,COMP039,8160,2025-06-11,15
PO006416,SUP008,COMP023,7357,2025-05-24,15
PO006417,SUP007,COMP032,6678,2025-07-23,17
PO006418,SUP005,COMP037,12205,2025-02-17,10
PO006419,SUP005,COMP033,2190,2025-07-21,21
PO006420,SUP005,COMP001,3981,2025-03-27,12
PO006421,SUP003,COMP011,2312,2025-08-05,25
PO006422,SUP005,COMP023,3770,2025-12-26,7
PO006423,SUP005,COMP019,11824,2025-11-21,7
PO006424,SUP002,COMP020,7038,2025-02-18,3
PO006425,SUP001,COMP019,9874,2025-09-21,9
PO006426,SUP006,COMP040,1202,2025-01-28,13
PO006427,SUP009,COMP007,13023,2025-11-13,20
PO006428,SUP004,COMP028,6492,2025-02-08,12
PO006429,SUP007,COMP038,1439,2025-06-15,22
PO006430,SUP002,COMP035,4217,2025-09-04,16
PO006431,SUP006,COMP014,10648,2025-08-23,21
PO006432,SUP001,COMP003,5756,2025-08-23,20
PO006433,SUP004,COMP017,1994,2025-01-09,20
PO006434,SUP001,COMP032,6364,2025-01-19,21
PO006435,SUP006,COMP004,11278,2025-04-19,13
PO006436,SUP005,COMP024,2339,2025-04-18,16
PO006437,SUP005,COMP003,2560,2025-12-24,22
PO006438,SUP005,COMP012,12428,2025-03-18,25
PO006439,SUP001,COMP036,5949,2025-10-27,13
PO006440,SUP001,COMP013,13460,2025-02-21,7
PO006441,SUP002,COMP024,6019,2025-10-21,14
PO006442,SUP010,COMP040,14346,2025-07-08,21
PO006443,SUP003,COMP018,1648,2025-11-08,25
PO006444,SUP008,COMP008,7600,2025-07-20,13
PO006445,SUP006,COMP014,6710,2025-01-24,6
PO006446,SUP009,COMP006,2288,2025-11-27,18
PO006447,SUP001,COMP014,2627,2025-10-08,4
PO006448,SUP004,COMP010,11868,2025-07-01,9
PO006449,SUP009,COMP013,7003,2025-02-06,12
PO006450,SUP005,COMP040,2484,2025-08-29,21
PO006451,SUP003,COMP005,11220,2025-08-03,13
PO006452,SUP002,COMP020,14170,2025-10-07,6
PO006453,SUP002,COMP007,14662,2025-05-31,16
PO006454,SUP009,COMP032,3412,2025-07-14,6
PO006455,SUP002,COMP032,4342,2025-09-02,3
PO006456,SUP003,COMP008,6642,2025-04-17,20
PO006457,SUP005,COMP023,1181,2025-04-15,14
PO006458,SUP006,COMP038,10311,2025-07-23,17
PO006459,SUP004,COMP006,3757,2025-12-07,6
PO006460,SUP003,COMP008,3824,2025-02-08,8
PO006461,SUP005,COMP013,4680,2025-12-29,24
PO006462,SUP007,COMP025,11921,2025-07-18,7
PO006463,SUP010,COMP008,3798,2025-12-22,15
PO006464,SUP003,COMP006,5982,2025-04-27,21
PO006465,SUP005,COMP017,737,2025-07-16,3
PO006466,SUP002,COMP019,7366,2025-02-27,25
PO006467,SUP003,COMP001,6123,2025-10-11,11
PO006468,SUP010,COMP036,5110,2025-05-12,17
PO006469,SUP006,COMP015,10643,2025-04-13,16
PO006470,SUP001,COMP002,8356,2025-06-01,19
PO006471,SUP002,COMP013,14431,2025-12-17,9
PO006472,SUP006,COMP016,3958,2025-12-22,10
PO006473,SUP007,COMP040,5010,2025-02-02,17
PO006474,SUP006,COMP008,8715,2025-01-16,24
PO006475,SUP001,COMP029,11365,2025-06-29,15
PO006476,SUP006,COMP035,2825,2025-06-22,13
PO006477,SUP005,COMP033,12590,2025-05-03,19
PO006478,SUP007,COMP036,12723,2025-07-12,5
PO006479,SUP003,COMP013,11637,2025-06-24,19
PO006480,SUP008,COMP040,534,2025-06-23,3
PO006481,SUP008,COMP014,1186,2025-12-26,22
PO006482,SUP001,COMP031,14684,2025-03-07,21
PO006483,SUP005,COMP034,5640,2025-07-17,10
PO006484,SUP007,COMP028,7116,2025-08-15,9
PO006485,SUP002,COMP014,12892,2025-11-05,15
PO006486,SUP003,COMP034,6996,2025-05-07,9
PO006487,SUP009,COMP037,8018,2025-06-21,12
PO006488,SUP008,COMP002,2432,2025-12-09,5
PO006489,SUP003,COMP006,5207,2025-04-11,25
PO006490,SUP006,COMP039,14015,2025-04-08,22
PO006491,SUP004,COMP037,4752,2025-03-24,17
PO006492,SUP003,COMP033,14043,2025-03-18,20
PO006493,SUP009,COMP008,13090,2025-06-29,16
PO006494,SUP006,COMP040,12944,2025-07-15,3
PO006495,SUP005,COMP004,3377,2025-10-12,24
PO006496,SUP008,COMP019,5497,2025-08-24,17
PO006497,SUP001,COMP025,5097,2025-10-05,5
PO006498,SUP004,COMP016,6024,2025-09-13,19
PO006499,SUP003,COMP040,14371,2025-10-29,7
PO006500,SUP005,COMP019,2641,2025-04-29,13
PO006501,SUP001,COMP026,9450,2025-09-22,12
PO006502,SUP004,COMP038,4559,2025-10-30,10
PO006503,SUP010,COMP025,934,2025-07-20,25
PO006504,SUP003,COMP028,3716,2025-10-05,25
PO006505,SUP003,COMP015,10661,2025-02-26,22
PO006506,SUP003,COMP038,5344,2025-08-29,25
PO006507,SUP009,COMP031,5064,2025-07-01,11
PO006508,SUP006,COMP027,12241,2025-12-15,25
PO006509,SUP001,COMP013,11375,2025-03-04,23
PO006510,SUP009,COMP027,8763,2025-07-17,14
PO006511,SUP010,COMP012,8279,2025-11-02,22
PO006512,SUP005,COMP034,2367,2025-11-20,8
PO006513,SUP010,COMP027,5330,2025-06-14,12
PO006514,SUP009,COMP009,8046,2025-09-11,6
PO006515,SUP010,COMP023,10400,2025-02-11,23
PO006516,SUP002,COMP040,12772,2025-10-28,11
PO006517,SUP002,COMP015,7041,2025-06-02,12
PO006518,SUP008,COMP031,3134,2025-10-24,6
PO006519,SUP002,COMP035,8732,2025-05-26,12
PO006520,SUP001,COMP008,13563,2025-05-11,17
PO006521,SUP001,COMP036,3397,2025-04-12,5
PO006522,SUP010,COMP025,2306,2025-08-30,23
PO006523,SUP003,COMP023,8888,2025-10-07,7
PO006524,SUP009,COMP017,11765,2025-05-15,8
PO006525,SUP008,COMP008,10971,2025-09-17,3
PO006526,SUP005,COMP024,5840,2025-11-10,5
PO006527,SUP003,COMP035,14705,2025-11-08,21
PO006528,SUP006,COMP008,3140,2025-02-25,23
PO006529,SUP008,COMP020,12817,2025-11-23,12
PO006530,SUP008,COMP024,7442,2025-04-28,15
PO006531,SUP006,COMP008,14463,2025-09-15,9
PO006532,SUP008,COMP002,5465,2025-08-23,4
PO006533,SUP003,COMP013,14645,2025-08-21,6
PO006534,SUP003,COMP024,870,2025-07-12,19
PO006535,SUP003,COMP008,12504,2025-03-12,3
PO006536,SUP004,COMP024,8927,2025-03-03,10
PO006537,SUP010,COMP029,10644,2025-12-05,13
PO006538,SUP002,COMP040,13502,2025-12-16,16
PO006539,SUP003,COMP017,6632,2025-03-18,11
PO006540,SUP001,COMP024,6433,2025-09-17,21
PO006541,SUP008,COMP012,4316,2025-07-05,22
PO006542,SUP002,COMP037,11421,2025-11-16,19
PO006543,SUP009,COMP021,13205,2025-07-03,8
PO006544,SUP003,COMP039,3053,2025-11-10,17
PO006545,SUP008,COMP003,3482,2025-07-06,23
PO006546,SUP010,COMP036,5144,2025-07-01,20
PO006547,SUP006,COMP021,14296,2025-05-26,7
PO006548,SUP003,COMP003,5765,2025-05-31,19
PO006549,SUP008,COMP012,14264,2025-10-23,6
PO006550,SUP003,COMP039,8757,2025-12-03,25
PO006551,SUP010,COMP026,7838,2025-05-03,10
PO006552,SUP006,COMP016,7970,2025-01-15,23
PO006553,SUP007,COMP014,2894,2025-04-16,4
PO006554,SUP001,COMP005,7716,2025-02-13,22
PO006555,SUP006,COMP023,14840,2025-09-02,16
PO006556,SUP004,COMP009,10255,2025-07-11,23
PO006557,SUP002,COMP026,14486,2025-07-31,7
PO006558,SUP002,COMP023,11816,2025-08-05,23
PO006559,SUP008,COMP018,13540,2025-10-13,15
PO006560,SUP004,COMP032,5131,2025-09-09,4
PO006561,SUP004,COMP002,3983,2025-07-31,15
PO006562,SUP004,COMP034,7503,2025-12-08,25
PO006563,SUP001,COMP009,6823,2025-11-17,19
PO006564,SUP008,COMP008,11654,2025-08-22,13
PO006565,SUP009,COMP017,825,2025-06-20,10
PO006566,SUP002,COMP035,10769,2025-10-10,16
PO006567,SUP006,COMP035,5837,2025-04-04,8
PO006568,SUP009,COMP033,10964,2025-08-29,15
PO006569,SUP002,COMP029,3070,2025-08-25,11
PO006570,SUP007,COMP004,671,2025-05-06,12
PO006571,SUP002,COMP001,12993,2025-07-11,20
PO006572,SUP009,COMP012,13676,2025-09-28,17
PO006573,SUP001,COMP016,6611,2025-02-15,18
PO006574,SUP002,COMP038,10138,2025-05-18,24
PO006575,SUP010,COMP029,4727,2025-06-23,3
PO006576,SUP001,COMP039,8310,2025-01-26,16
PO006577,SUP005,COMP017,1325,2025-12-21,18
PO006578,SUP002,COMP012,11650,2025-06-14,10
PO006579,SUP005,COMP027,2242,2025-02-19,13
PO006580,SUP006,COMP022,3488,2025-05-14,23
PO006581,SUP001,COMP009,7696,2025-10-14,24
PO006582,SUP003,COMP004,2360,2025-07-05,20
PO006583,SUP002,COMP008,4253,2025-01-16,19
PO006584,SUP004,COMP039,6246,2025-04-08,6
PO006585,SUP002,COMP028,10946,2025-11-14,13
PO006586,SUP002,COMP023,13669,2025-03-07,7
PO006587,SUP004,COMP017,5864,2025-01-29,20
PO006588,SUP010,COMP028,977,2025-12-18,18
PO006589,SUP002,COMP014,8499,2025-07-16,15
PO006590,SUP008,COMP001,11268,2025-10-15,4
PO006591,SUP007,COMP001,7512,2025-01-28,13
PO006592,SUP001,COMP027,5247,2025-01-15,14
PO006593,SUP002,COMP006,9353,2025-04-28,8
PO006594,SUP009,COMP018,860,2025-12-24,6
PO006595,SUP005,COMP018,1166,2025-08-21,22
PO006596,SUP001,COMP018,3811,2025-09-22,21
PO006597,SUP004,COMP021,4188,2025-02-21,17
PO006598,SUP004,COMP010,14659,2025-05-29,16
PO006599,SUP002,COMP023,11469,2025-07-03,8
PO006600,SUP003,COMP019,11167,2025-12-30,5
PO006601,SUP002,COMP016,4768,2025-02-10,12
PO006602,SUP009,COMP007,2766,2025-08-01,20
PO006603,SUP010,COMP009,14804,2025-07-16,14
PO006604,SUP009,COMP015,5873,2025-11-22,8
PO006605,SUP008,COMP016,9294,2025-04-15,23
PO006606,SUP010,COMP027,13408,2025-09-14,20
PO006607,SUP006,COMP027,940,2025-07-29,22
PO006608,SUP005,COMP021,12876,2025-07-27,19
PO006609,SUP005,COMP029,1346,2025-11-07,9
PO006610,SUP002,COMP040,6640,2025-09-09,21
PO006611,SUP010,COMP028,5913,2025-10-17,6
PO006612,SUP003,COMP016,10238,2025-05-10,11
PO006613,SUP010,COMP017,10605,2025-04-22,3
PO006614,SUP008,COMP036,5561,2025-06-18,17
PO006615,SUP009,COMP017,4603,2025-11-02,23
PO006616,SUP001,COMP011,13755,2025-04-30,4
PO006617,SUP008,COMP031,2376,2025-06-08,23
PO006618,SUP007,COMP022,11762,2025-01-17,23
PO006619,SUP003,COMP036,7412,2025-01-07,5
PO006620,SUP002,COMP033,4594,2025-08-16,16
PO006621,SUP010,COMP005,1017,2025-09-19,5
PO006622,SUP009,COMP039,9342,2025-02-19,25
PO006623,SUP004,COMP031,9151,2025-01-29,6
PO006624,SUP002,COMP003,5167,2025-08-24,3
PO006625,SUP009,COMP018,5040,2025-12-24,11
PO006626,SUP005,COMP021,14544,2025-04-28,24
PO006627,SUP003,COMP023,7150,2025-08-29,7
PO006628,SUP002,COMP005,9721,2025-12-15,13
PO006629,SUP002,COMP006,624,2025-10-18,11
PO006630,SUP006,COMP009,7086,2025-07-01,19
PO006631,SUP003,COMP005,7161,2025-06-24,14
PO006632,SUP002,COMP020,13697,2025-08-11,8
PO006633,SUP001,COMP001,612,2025-09-30,19
PO006634,SUP009,COMP034,11194,2025-08-30,23
PO006635,SUP007,COMP020,12701,2025-02-24,12
PO006636,SUP004,COMP030,7795,2025-03-26,8
PO006637,SUP003,COMP033,6540,2025-06-16,16
PO006638,SUP010,COMP013,1780,2025-05-23,21
PO006639,SUP004,COMP023,5207,2025-10-02,20
PO006640,SUP002,COMP003,12314,2025-09-10,9
PO006641,SUP003,COMP030,7318,2025-12-31,5
PO006642,SUP010,COMP039,12333,2025-01-21,10
PO006643,SUP008,COMP031,7894,2025-05-07,5
PO006644,SUP002,COMP001,13493,2025-03-29,13
PO006645,SUP004,COMP030,11302,2025-06-13,21
PO006646,SUP004,COMP014,5909,2025-10-06,13
PO006647,SUP002,COMP023,11431,2025-02-04,23
PO006648,SUP005,COMP037,4990,2025-01-21,24
PO006649,SUP001,COMP032,4838,2025-08-09,18
PO006650,SUP003,COMP015,10127,2025-08-23,22
PO006651,SUP009,COMP035,1834,2025-02-23,19
PO006652,SUP009,COMP010,2077,2025-01-25,17
PO006653,SUP007,COMP003,5811,2025-12-08,21
PO006654,SUP006,COMP021,9271,2025-12-04,23
PO006655,SUP008,COMP003,4624,2025-03-15,14
PO006656,SUP004,COMP029,8175,2025-07-28,21
PO006657,SUP007,COMP031,12218,2025-05-08,7
PO006658,SUP006,COMP018,10126,2025-07-20,15
PO006659,SUP001,COMP032,13358,2025-01-04,8
PO006660,SUP009,COMP031,4017,2025-09-11,7
PO006661,SUP004,COMP036,966,2025-07-04,17
PO006662,SUP002,COMP010,2398,2025-07-26,16
PO006663,SUP003,COMP039,6798,2025-12-11,15
PO006664,SUP009,COMP012,8324,2025-04-28,11
PO006665,SUP003,COMP034,9736,2025-01-31,23
PO006666,SUP005,COMP011,7004,2025-10-05,13
PO006667,SUP005,COMP019,6957,2025-01-02,23
PO006668,SUP007,COMP033,9135,2025-10-22,13
PO006669,SUP009,COMP039,10468,2025-05-03,7
PO006670,SUP002,COMP040,1763,2025-12-10,10
PO006671,SUP004,COMP003,5053,2025-06-02,7
PO006672,SUP002,COMP031,10412,2025-06-16,9
PO006673,SUP005,COMP035,13262,2025-06-27,16
PO006674,SUP005,COMP023,12756,2025-01-08,12
PO006675,SUP005,COMP027,3258,2025-05-13,3
PO006676,SUP005,COMP019,2081,2025-07-27,9
PO006677,SUP002,COMP028,12374,2025-12-04,25
PO006678,SUP007,COMP019,14317,2025-02-18,18
PO006679,SUP001,COMP004,1522,2025-04-24,10
PO006680,SUP008,COMP038,760,2025-05-12,17
PO006681,SUP005,COMP009,2413,2025-03-09,4
PO006682,SUP007,COMP026,851,2025-07-11,24
PO006683,SUP009,COMP002,11865,2025-10-02,13
PO006684,SUP007,COMP038,605,2025-03-09,20
PO006685,SUP010,COMP007,10778,2025-09-12,4
PO006686,SUP009,COMP033,8725,2025-01-06,17
PO006687,SUP003,COMP018,2963,2025-02-01,18
PO006688,SUP006,COMP016,792,2025-10-15,25
PO006689,SUP008,COMP030,2890,2025-03-19,15
PO006690,SUP010,COMP028,13195,2025-07-20,17
PO006691,SUP004,COMP018,10646,2025-06-11,19
PO006692,SUP007,COMP004,1963,2025-06-16,25
PO006693,SUP001,COMP003,9170,2025-07-10,20
PO006694,SUP006,COMP018,9926,2025-02-04,25
PO006695,SUP005,COMP025,6236,2025-02-04,16
PO006696,SUP008,COMP038,3261,2025-02-26,7
PO006697,SUP008,COMP005,12288,2025-11-05,13
PO006698,SUP003,COMP026,2019,2025-09-05,6
PO006699,SUP009,COMP027,8205,2025-01-31,24
PO006700,SUP010,COMP028,8776,2025-05-04,25
PO006701,SUP008,COMP009,14951,2025-01-14,5
PO006702,SUP007,COMP017,9368,2025-11-30,13
PO006703,SUP005,COMP030,1781,2025-05-07,10
PO006704,SUP003,COMP021,9575,2025-02-16,25
PO006705,SUP010,COMP027,3920,2025-05-10,20
PO006706,SUP002,COMP015,797,2025-01-19,12
PO006707,SUP004,COMP025,14894,2025-03-15,14
PO006708,SUP007,COMP037,2385,2025-12-09,13
PO006709,SUP004,COMP039,14643,2025-12-13,10
PO006710,SUP001,COMP022,9619,2025-02-11,20
PO006711,SUP008,COMP025,3208,2025-05-25,3
PO006712,SUP005,COMP028,6692,2025-02-17,3
PO006713,SUP002,COMP003,7623,2025-12-18,25
PO006714,SUP002,COMP037,6194,2025-09-17,5
PO006715,SUP007,COMP006,9170,2025-11-10,9
PO006716,SUP003,COMP037,11906,2025-10-05,16
PO006717,SUP006,COMP013,7510,2025-07-17,6
PO006718,SUP005,COMP023,783,2025-12-10,5
PO006719,SUP009,COMP005,9698,2025-09-03,20
PO006720,SUP006,COMP004,4222,2025-08-26,12
PO006721,SUP004,COMP025,11086,2025-02-08,8
PO006722,SUP006,COMP005,5167,2025-03-27,24
PO006723,SUP007,COMP007,9111,2025-11-05,24
PO006724,SUP002,COMP009,5604,2025-02-02,13
PO006725,SUP003,COMP005,3048,2025-02-11,23
PO006726,SUP010,COMP016,13450,2025-04-19,20
PO006727,SUP008,COMP014,781,2025-01-24,24
PO006728,SUP007,COMP003,13549,2025-05-01,23
PO006729,SUP003,COMP033,10156,2025-08-16,22
PO006730,SUP006,COMP030,4222,2025-08-28,17
PO006731,SUP006,COMP028,12656,2025-12-20,23
PO006732,SUP005,COMP007,854,2025-10-09,21
PO006733,SUP005,COMP024,2759,2025-01-17,18
PO006734,SUP003,COMP022,10478,2025-05-20,3
PO006735,SUP004,COMP032,6812,2025-05-15,21
PO006736,SUP005,COMP006,3667,2025-05-02,3
PO006737,SUP010,COMP033,14663,2025-05-11,13
PO006738,SUP006,COMP010,12199,2025-03-11,14
PO006739,SUP006,COMP019,14687,2025-11-15,25
PO006740,SUP005,COMP009,3270,2025-09-18,13
PO006741,SUP002,COMP017,1993,2025-05-01,15
PO006742,SUP004,COMP010,6252,2025-06-11,19
PO006743,SUP007,COMP007,4353,2025-04-19,9
PO006744,SUP004,COMP001,6198,2025-08-07,6
PO006745,SUP004,COMP007,1776,2025-03-05,24
PO006746,SUP004,COMP032,2788,2025-04-16,25
PO006747,SUP007,COMP031,12246,2025-12-19,22
PO006748,SUP001,COMP033,3455,2025-03-05,9
PO006749,SUP006,COMP012,12624,2025-03-19,5
PO006750,SUP002,COMP005,2201,2025-09-22,21
PO006751,SUP001,COMP037,9499,2025-04-21,24
PO006752,SUP001,COMP033,8398,2025-10-27,21
PO006753,SUP004,COMP015,3885,2025-01-24,22
PO006754,SUP002,COMP013,8958,2025-11-29,22
PO006755,SUP002,COMP039,9712,2025-08-05,3
PO006756,SUP003,COMP002,14564,2025-09-19,7
PO006757,SUP009,COMP037,7168,2025-12-03,24
PO006758,SUP009,COMP008,9439,2025-03-03,11
PO006759,SUP004,COMP014,13024,2025-06-12,23
PO006760,SUP009,COMP027,3436,2025-10-05,10
PO006761,SUP006,COMP033,12260,2025-10-15,3
PO006762,SUP006,COMP035,9096,2025-08-20,18
PO006763,SUP010,COMP028,8696,2025-01-19,17
PO006764,SUP007,COMP036,8609,2025-10-19,4
PO006765,SUP003,COMP018,5148,2025-08-03,11
PO006766,SUP005,COMP011,3770,2025-12-02,14
PO006767,SUP010,COMP034,12334,2025-11-21,15
PO006768,SUP005,COMP033,4978,2025-01-15,25
PO006769,SUP010,COMP012,11745,2025-08-30,3
PO006770,SUP003,COMP037,1162,2025-09-06,14
PO006771,SUP005,COMP010,13542,2025-03-20,23
PO006772,SUP005,COMP036,10049,2025-10-10,4
PO006773,SUP002,COMP020,8096,2025-07-18,20
PO006774,SUP010,COMP036,13205,2025-04-17,15
PO006775,SUP004,COMP039,12859,2025-02-25,13
PO006776,SUP010,COMP026,6350,2025-09-18,15
PO006777,SUP007,COMP034,12303,2025-02-24,11
PO006778,SUP001,COMP016,14178,2025-05-19,20
PO006779,SUP005,COMP022,5041,2025-06-16,10
PO006780,SUP007,COMP030,9784,2025-04-07,23
PO006781,SUP003,COMP027,3613,2025-04-22,11
PO006782,SUP006,COMP029,1453,2025-09-17,24
PO006783,SUP002,COMP005,8265,2025-07-03,21
PO006784,SUP007,COMP027,13692,2025-02-14,25
PO006785,SUP005,COMP020,11312,2025-08-06,15
PO006786,SUP006,COMP034,11435,2025-05-18,21
PO006787,SUP001,COMP034,11864,2025-11-07,25
PO006788,SUP006,COMP031,2513,2025-01-26,18
PO006789,SUP001,COMP025,2406,2025-02-19,11
PO006790,SUP001,COMP012,3232,2025-12-04,9
PO006791,SUP006,COMP038,7345,2025-01-06,15
PO006792,SUP006,COMP034,5984,2025-06-30,8
PO006793,SUP003,COMP038,13306,2025-07-05,3
PO006794,SUP010,COMP020,5230,2025-04-20,16
PO006795,SUP001,COMP018,9250,2025-09-21,12
PO006796,SUP009,COMP026,12294,2025-02-03,20
PO006797,SUP002,COMP032,5156,2025-06-15,17
PO006798,SUP006,COMP029,7097,2025-09-25,7
PO006799,SUP007,COMP014,13539,2025-08-11,22
PO006800,SUP001,COMP003,8810,2025-10-25,24
PO006801,SUP008,COMP015,11122,2025-01-25,10
PO006802,SUP007,COMP023,10589,2025-12-25,4
PO006803,SUP008,COMP030,5005,2025-08-05,17
PO006804,SUP005,COMP014,3697,2025-06-02,3
PO006805,SUP010,COMP030,1379,2025-06-14,13
PO006806,SUP006,COMP002,2305,2025-12-22,24
PO006807,SUP004,COMP014,3689,2025-05-29,10
PO006808,SUP002,COMP031,12380,2025-03-10,24
PO006809,SUP008,COMP019,10697,2025-08-05,25
PO006810,SUP004,COMP007,8708,2025-09-17,14
PO006811,SUP004,COMP017,831,2025-03-16,15
PO006812,SUP002,COMP004,2504,2025-06-19,19
PO006813,SUP006,COMP010,6744,2025-04-17,8
PO006814,SUP004,COMP006,1253,2025-08-16,25
PO006815,SUP009,COMP022,8195,2025-08-31,19
PO006816,SUP009,COMP019,7361,2025-03-14,4
PO006817,SUP006,COMP019,2702,2025-01-10,25
PO006818,SUP002,COMP006,8994,2025-08-03,15
PO006819,SUP009,COMP012,8198,2025-03-26,15
PO006820,SUP004,COMP020,1257,2025-02-10,19
PO006821,SUP009,COMP006,5133,2025-10-17,17
PO006822,SUP008,COMP017,2270,2025-10-09,5
PO006823,SUP009,COMP009,8088,2025-02-10,23
PO006824,SUP006,COMP007,13191,2025-04-10,6
PO006825,SUP010,COMP018,9113,2025-03-28,20
PO006826,SUP009,COMP009,8149,2025-08-01,25
PO006827,SUP004,COMP018,3939,2025-11-02,11
PO006828,SUP007,COMP015,6580,2025-08-17,6
PO006829,SUP009,COMP034,7084,2025-11-23,20
PO006830,SUP004,COMP021,5088,2025-08-30,10
PO006831,SUP008,COMP019,5953,2025-08-24,6
PO006832,SUP005,COMP029,3531,2025-08-18,11
PO006833,SUP008,COMP039,3811,2025-03-05,25
PO006834,SUP010,COMP035,923,2025-08-15,5
PO006835,SUP003,COMP016,3615,2025-08-06,17
PO006836,SUP009,COMP007,11701,2025-03-16,6
PO006837,SUP006,COMP023,4929,2025-03-23,10
PO006838,SUP008,COMP016,10151,2025-12-16,21
PO006839,SUP008,COMP029,11377,2025-12-26,3
PO006840,SUP005,COMP007,4603,2025-12-25,13
PO006841,SUP009,COMP035,7277,2025-02-12,9
PO006842,SUP007,COMP018,3689,2025-03-19,10
PO006843,SUP006,COMP037,12821,2025-01-17,15
PO006844,SUP004,COMP009,8786,2025-08-23,17
PO006845,SUP006,COMP022,4760,2025-09-14,12
PO006846,SUP001,COMP001,5132,2025-03-18,5
PO006847,SUP001,COMP039,9950,2025-09-06,21
PO006848,SUP009,COMP034,5968,2025-08-24,16
PO006849,SUP001,COMP005,11622,2025-10-20,15
PO006850,SUP007,COMP025,11758,2025-08-15,21
PO006851,SUP004,COMP038,9776,2025-04-06,18
PO006852,SUP009,COMP013,6867,2025-11-23,25
PO006853,SUP001,COMP032,10028,2025-09-23,22
PO006854,SUP001,COMP037,8477,2025-12-15,20
PO006855,SUP010,COMP012,13822,2025-01-09,18
PO006856,SUP010,COMP033,4342,2025-12-25,10
PO006857,SUP009,COMP005,14913,2025-01-07,6
PO006858,SUP004,COMP026,14906,2025-03-08,11
PO006859,SUP001,COMP033,12677,2025-04-08,5
PO006860,SUP010,COMP022,13447,2025-12-15,7
PO006861,SUP007,COMP017,13203,2025-07-22,18
PO006862,SUP005,COMP017,5766,2025-07-30,25
PO006863,SUP004,COMP012,2868,2025-11-26,13
PO006864,SUP001,COMP024,5499,2025-11-29,15
PO006865,SUP008,COMP034,14663,2025-09-24,24
PO006866,SUP005,COMP033,14798,2025-10-12,3
PO006867,SUP006,COMP037,5926,2025-05-15,18
PO006868,SUP005,COMP012,620,2025-01-15,7
PO006869,SUP009,COMP037,12552,2025-03-18,10
PO006870,SUP005,COMP015,11343,2025-08-20,6
PO006871,SUP005,COMP012,14439,2025-12-29,12
PO006872,SUP004,COMP033,11304,2025-09-21,4
PO006873,SUP002,COMP016,12304,2025-08-25,8
PO006874,SUP005,COMP039,3070,2025-10-02,20
PO006875,SUP005,COMP003,13319,2025-10-20,15
PO006876,SUP010,COMP027,5685,2025-09-09,10
PO006877,SUP009,COMP022,4328,2025-11-18,17
PO006878,SUP006,COMP007,3380,2025-03-19,3
PO006879,SUP008,COMP009,1906,2025-06-12,21
PO006880,SUP009,COMP004,5906,2025-07-16,3
PO006881,SUP003,COMP012,2959,2025-05-18,18
PO006882,SUP001,COMP015,3264,2025-11-25,25
PO006883,SUP002,COMP016,13307,2025-04-08,17
PO006884,SUP009,COMP002,1475,2025-07-18,20
PO006885,SUP005,COMP001,10593,2025-12-18,16
PO006886,SUP005,COMP010,9877,2025-04-29,20
PO006887,SUP006,COMP021,6500,2025-01-21,17
PO006888,SUP010,COMP013,3371,2025-01-04,4
PO006889,SUP009,COMP009,11281,2025-03-07,12
PO006890,SUP005,COMP038,2485,2025-04-23,4
PO006891,SUP007,COMP007,502,2025-09-20,14
PO006892,SUP006,COMP032,1396,2025-05-24,6
PO006893,SUP010,COMP013,7177,2025-05-11,3
PO006894,SUP007,COMP018,2115,2025-07-11,6
PO006895,SUP002,COMP033,2736,2025-04-04,8
PO006896,SUP005,COMP008,4175,2025-12-10,25
PO006897,SUP003,COMP037,6606,2025-02-01,5
PO006898,SUP001,COMP009,4509,2025-04-02,9
PO006899,SUP003,COMP008,4060,2025-10-19,21
PO006900,SUP003,COMP035,5655,2025-09-17,6
PO006901,SUP005,COMP012,8608,2025-04-30,13
PO006902,SUP001,COMP012,2752,2025-02-21,25
PO006903,SUP005,COMP040,1889,2025-07-20,5
PO006904,SUP001,COMP006,10325,2025-10-25,13
PO006905,SUP004,COMP010,2004,2025-01-01,13
PO006906,SUP010,COMP031,8731,2025-11-25,12
PO006907,SUP003,COMP035,1954,2025-05-31,23
PO006908,SUP004,COMP021,14273,2025-03-03,25
PO006909,SUP010,COMP020,11766,2025-12-28,6
PO006910,SUP010,COMP037,8173,2025-11-07,20
PO006911,SUP002,COMP032,7161,2025-05-04,3
PO006912,SUP002,COMP039,13853,2025-12-02,6
PO006913,SUP002,COMP023,5027,2025-04-18,6
PO006914,SUP007,COMP029,1349,2025-02-10,24
PO006915,SUP005,COMP008,520,2025-06-04,24
PO006916,SUP009,COMP034,2747,2025-01-15,16
PO006917,SUP005,COMP023,6733,2025-03-16,23
PO006918,SUP001,COMP002,10595,2025-10-08,9
PO006919,SUP003,COMP032,3620,2025-08-10,14
PO006920,SUP003,COMP037,3851,2025-11-09,17
PO006921,SUP003,COMP024,10954,2025-12-26,7
PO006922,SUP001,COMP021,6705,2025-06-29,16
PO006923,SUP008,COMP040,12243,2025-02-18,16
PO006924,SUP008,COMP005,2832,2025-08-26,22
PO006925,SUP005,COMP018,12052,2025-01-10,6
PO006926,SUP004,COMP002,6204,2025-10-23,17
PO006927,SUP003,COMP021,13571,2025-04-14,10
PO006928,SUP003,COMP020,13153,2025-11-19,21
PO006929,SUP008,COMP003,8006,2025-12-08,9
PO006930,SUP001,COMP026,9611,2025-08-06,20
PO006931,SUP009,COMP031,9529,2025-08-12,6
PO006932,SUP010,COMP012,14023,2025-02-01,25
PO006933,SUP003,COMP010,9398,2025-12-26,14
PO006934,SUP005,COMP003,4892,2025-01-08,7
PO006935,SUP007,COMP006,7521,2025-07-19,19
PO006936,SUP005,COMP021,11739,2025-02-01,6
PO006937,SUP006,COMP028,12762,2025-12-01,7
PO006938,SUP003,COMP022,13563,2025-10-04,11
PO006939,SUP009,COMP008,10705,2025-01-10,16
PO006940,SUP001,COMP019,5944,2025-11-27,22
PO006941,SUP009,COMP012,12074,2025-08-13,20
PO006942,SUP002,COMP019,8262,2025-01-19,13
PO006943,SUP007,COMP020,10536,2025-08-25,24
PO006944,SUP002,COMP031,2885,2025-10-25,6
PO006945,SUP003,COMP026,9730,2025-09-20,6
PO006946,SUP006,COMP016,4150,2025-05-19,14
PO006947,SUP004,COMP013,9419,2025-06-02,9
PO006948,SUP001,COMP040,10934,2025-03-12,16
PO006949,SUP010,COMP030,8775,2025-09-19,23
PO006950,SUP004,COMP014,2431,2025-01-26,25
PO006951,SUP003,COMP004,8747,2025-06-24,25
PO006952,SUP003,COMP003,11029,2025-07-05,15
PO006953,SUP005,COMP022,10565,2025-09-26,3
PO006954,SUP004,COMP017,4685,2025-01-27,13
PO006955,SUP009,COMP023,7661,2025-07-02,22
PO006956,SUP006,COMP006,10067,2025-08-30,11
PO006957,SUP004,COMP039,13124,2025-06-26,4
PO006958,SUP005,COMP019,12826,2025-12-29,24
PO006959,SUP005,COMP037,12493,2025-03-13,24
PO006960,SUP001,COMP038,6595,2025-05-24,13
PO006961,SUP006,COMP018,10372,2025-02-14,8
PO006962,SUP009,COMP014,1685,2025-02-20,17
PO006963,SUP010,COMP019,10062,2025-05-31,11
PO006964,SUP003,COMP012,14257,2025-09-20,10
PO006965,SUP003,COMP040,10914,2025-10-21,13
PO006966,SUP009,COMP030,14806,2025-06-01,7
PO006967,SUP008,COMP039,14029,2025-07-30,10
PO006968,SUP001,COMP018,10578,2025-06-14,23
PO006969,SUP006,COMP002,9799,2025-06-05,17
PO006970,SUP009,COMP025,12135,2025-05-26,5
PO006971,SUP007,COMP013,9451,2025-10-11,8
PO006972,SUP009,COMP005,719,2025-06-22,21
PO006973,SUP003,COMP023,2175,2025-03-26,6
PO006974,SUP002,COMP033,10184,2025-05-25,15
PO006975,SUP003,COMP016,2225,2025-02-12,16
PO006976,SUP007,COMP024,14078,2025-07-08,15
PO006977,SUP004,COMP028,14718,2025-04-24,3
PO006978,SUP001,COMP019,13942,2025-12-14,9
PO006979,SUP004,COMP021,10018,2025-01-21,5
PO006980,SUP006,COMP026,13967,2025-06-01,3
PO006981,SUP008,COMP024,14213,2025-06-18,25
PO006982,SUP007,COMP037,5181,2025-02-16,11
PO006983,SUP007,COMP029,3951,2025-06-24,22
PO006984,SUP003,COMP033,3697,2025-12-14,22
PO006985,SUP007,COMP010,6538,2025-08-31,17
PO006986,SUP005,COMP007,11259,2025-07-21,6
PO006987,SUP007,COMP024,7318,2025-12-18,15
PO006988,SUP006,COMP030,7086,2025-06-08,3
PO006989,SUP007,COMP014,4491,2025-07-16,14
PO006990,SUP006,COMP033,6923,2025-02-28,17
PO006991,SUP002,COMP006,1412,2025-08-05,21
PO006992,SUP007,COMP030,9851,2025-07-19,22
PO006993,SUP004,COMP040,3509,2025-05-24,21
PO006994,SUP007,COMP010,4212,2025-06-09,12
PO006995,SUP004,COMP028,10340,2025-03-30,19
PO006996,SUP006,COMP006,6146,2025-08-01,8
PO006997,SUP009,COMP014,8636,2025-11-03,12
PO006998,SUP008,COMP029,10835,2025-05-29,5
PO006999,SUP008,COMP014,4159,2025-12-25,10
PO007000,SUP007,COMP004,2396,2025-01-28,18
PO007001,SUP009,COMP028,8329,2025-07-16,24
PO007002,SUP001,COMP024,4017,2025-05-25,13
PO007003,SUP001,COMP014,5877,2025-10-08,25
PO007004,SUP002,COMP028,11517,2025-12-06,24
PO007005,SUP006,COMP020,10510,2025-10-04,23
PO007006,SUP001,COMP026,2287,2025-09-19,12
PO007007,SUP007,COMP020,9580,2025-09-10,15
PO007008,SUP001,COMP034,11452,2025-07-09,17
PO007009,SUP007,COMP020,7530,2025-01-14,9
PO007010,SUP007,COMP013,11333,2025-03-28,12
PO007011,SUP003,COMP035,13280,2025-08-09,15
PO007012,SUP003,COMP010,8680,2025-02-20,22
PO007013,SUP003,COMP006,7983,2025-04-25,16
PO007014,SUP007,COMP022,7631,2025-08-03,17
PO007015,SUP004,COMP039,1415,2025-07-13,24
PO007016,SUP001,COMP032,3101,2025-09-12,24
PO007017,SUP008,COMP011,13404,2025-12-08,9
PO007018,SUP007,COMP024,12173,2025-08-17,16
PO007019,SUP002,COMP017,8029,2025-12-24,16
PO007020,SUP007,COMP023,11852,2025-08-29,23
PO007021,SUP002,COMP027,4680,2025-01-15,8
PO007022,SUP003,COMP026,2302,2025-12-04,7
PO007023,SUP004,COMP017,14607,2025-10-26,25
PO007024,SUP005,COMP022,12411,2025-08-18,8
PO007025,SUP005,COMP017,10242,2025-02-14,17
PO007026,SUP007,COMP018,9314,2025-04-05,16
PO007027,SUP002,COMP020,13605,2025-09-26,23
PO007028,SUP002,COMP002,9974,2025-11-01,13
PO007029,SUP008,COMP033,13716,2025-02-06,20
PO007030,SUP004,COMP014,9009,2025-11-23,3
PO007031,SUP008,COMP001,4122,2025-11-20,10
PO007032,SUP002,COMP023,6951,2025-08-02,18
PO007033,SUP001,COMP022,3666,2025-05-08,23
PO007034,SUP001,COMP035,13297,2025-06-18,5
PO007035,SUP010,COMP035,3764,2025-10-06,24
PO007036,SUP007,COMP004,7009,2025-10-19,15
PO007037,SUP003,COMP020,10622,2025-10-08,22
PO007038,SUP006,COMP027,12644,2025-10-20,5
PO007039,SUP002,COMP003,14302,2025-04-10,3
PO007040,SUP009,COMP038,7723,2025-07-03,19
PO007041,SUP007,COMP014,9598,2025-12-21,23
PO007042,SUP001,COMP017,1400,2025-06-01,11
PO007043,SUP002,COMP025,1718,2025-07-22,15
PO007044,SUP002,COMP013,13601,2025-01-02,15
PO007045,SUP004,COMP021,5154,2025-09-27,14
PO007046,SUP004,COMP037,7370,2025-02-15,23
PO007047,SUP001,COMP019,13362,2025-09-21,3
PO007048,SUP009,COMP036,599,2025-06-11,23
PO007049,SUP008,COMP017,14743,2025-12-15,21
PO007050,SUP009,COMP032,6401,2025-09-29,25
PO007051,SUP005,COMP004,3273,2025-06-03,21
PO007052,SUP004,COMP033,8033,2025-02-04,9
PO007053,SUP009,COMP039,10303,2025-03-14,17
PO007054,SUP010,COMP015,6043,2025-12-09,12
PO007055,SUP005,COMP018,6015,2025-10-05,22
PO007056,SUP001,COMP022,14582,2025-08-13,9
PO007057,SUP001,COMP008,10190,2025-11-04,13
PO007058,SUP003,COMP026,1727,2025-05-22,25
PO007059,SUP006,COMP029,10987,2025-09-23,8
PO007060,SUP005,COMP024,12515,2025-11-24,15
PO007061,SUP007,COMP015,7619,2025-04-20,4
PO007062,SUP006,COMP008,2765,2025-09-22,5
PO007063,SUP007,COMP013,14111,2025-08-13,22
PO007064,SUP010,COMP028,4245,2025-02-15,17
PO007065,SUP004,COMP013,12856,2025-04-12,20
PO007066,SUP006,COMP026,9526,2025-11-19,10
PO007067,SUP007,COMP037,13018,2025-11-21,13
PO007068,SUP008,COMP003,12487,2025-11-20,4
PO007069,SUP002,COMP022,11586,2025-01-18,25
PO007070,SUP004,COMP018,3846,2025-03-03,16
PO007071,SUP003,COMP040,3403,2025-04-13,13
PO007072,SUP007,COMP012,2527,2025-05-03,11
PO007073,SUP004,COMP016,6556,2025-08-17,5
PO007074,SUP003,COMP002,5787,2025-09-07,12
PO007075,SUP010,COMP009,13936,2025-02-05,10
PO007076,SUP009,COMP028,542,2025-07-14,19
PO007077,SUP003,COMP034,10516,2025-08-19,7
PO007078,SUP009,COMP029,1044,2025-03-14,11
PO007079,SUP006,COMP026,5573,2025-12-19,13
PO007080,SUP004,COMP008,11569,2025-01-26,18
PO007081,SUP007,COMP038,11998,2025-01-29,18
PO007082,SUP001,COMP001,13044,2025-12-11,21
PO007083,SUP007,COMP003,9497,2025-10-21,16
PO007084,SUP008,COMP020,4823,2025-04-27,23
PO007085,SUP006,COMP038,13090,2025-04-26,11
PO007086,SUP006,COMP032,1663,2025-07-28,25
PO007087,SUP002,COMP024,14896,2025-11-29,23
PO007088,SUP007,COMP014,4528,2025-07-19,3
PO007089,SUP007,COMP006,783,2025-12-23,24
PO007090,SUP002,COMP016,11726,2025-03-25,9
PO007091,SUP002,COMP012,3611,2025-01-12,10
PO007092,SUP007,COMP032,3113,2025-08-07,19
PO007093,SUP005,COMP029,4248,2025-01-21,20
PO007094,SUP002,COMP027,10242,2025-01-22,9
PO007095,SUP006,COMP002,3895,2025-05-20,7
PO007096,SUP001,COMP026,2888,2025-09-17,22
PO007097,SUP006,COMP034,12719,2025-01-05,11
PO007098,SUP003,COMP019,9584,2025-06-19,6
PO007099,SUP002,COMP028,9108,2025-10-13,10
PO007100,SUP010,COMP011,1695,2025-02-03,12
PO007101,SUP004,COMP025,8619,2025-10-09,14
PO007102,SUP009,COMP029,4329,2025-04-10,24
PO007103,SUP005,COMP025,6701,2025-09-05,16
PO007104,SUP007,COMP034,2608,2025-11-12,9
PO007105,SUP001,COMP002,12621,2025-09-07,9
PO007106,SUP008,COMP001,4433,2025-09-16,17
PO007107,SUP008,COMP019,14380,2025-08-10,11
PO007108,SUP004,COMP033,11373,2025-06-24,3
PO007109,SUP009,COMP034,14464,2025-03-27,14
PO007110,SUP008,COMP002,5128,2025-05-17,13
PO007111,SUP006,COMP017,3183,2025-10-13,10
PO007112,SUP006,COMP033,9336,2025-09-03,23
PO007113,SUP005,COMP012,2097,2025-01-25,21
PO007114,SUP005,COMP015,14547,2025-10-06,4
PO007115,SUP006,COMP019,11740,2025-08-22,21
PO007116,SUP005,COMP033,10167,2025-09-19,10
PO007117,SUP001,COMP008,9036,2025-08-06,4
PO007118,SUP009,COMP002,13140,2025-08-28,14
PO007119,SUP004,COMP037,4257,2025-12-04,25
PO007120,SUP010,COMP036,14766,2025-07-04,15
PO007121,SUP008,COMP028,13336,2025-01-05,3
PO007122,SUP005,COMP012,8349,2025-01-21,21
PO007123,SUP009,COMP016,10367,2025-07-30,13
PO007124,SUP005,COMP034,14876,2025-11-18,21
PO007125,SUP005,COMP013,11672,2025-04-21,19
PO007126,SUP001,COMP024,4056,2025-07-30,10
PO007127,SUP005,COMP029,13444,2025-11-19,5
PO007128,SUP007,COMP032,8737,2025-01-21,11
PO007129,SUP008,COMP036,1512,2025-06-26,23
PO007130,SUP005,COMP017,6202,2025-03-09,21
PO007131,SUP003,COMP024,8932,2025-04-06,11
PO007132,SUP010,COMP007,5202,2025-10-07,3
PO007133,SUP009,COMP029,4741,2025-06-17,21
PO007134,SUP003,COMP007,11163,2025-09-17,21
PO007135,SUP004,COMP007,13193,2025-12-31,4
PO007136,SUP006,COMP034,8372,2025-07-19,19
PO007137,SUP007,COMP039,12450,2025-05-12,15
PO007138,SUP002,COMP036,5080,2025-02-12,15
PO007139,SUP006,COMP032,1524,2025-05-14,6
PO007140,SUP008,COMP036,11569,2025-08-20,12
PO007141,SUP002,COMP002,5855,2025-07-25,16
PO007142,SUP004,COMP009,7243,2025-04-02,11
PO007143,SUP007,COMP014,1022,2025-04-03,13
PO007144,SUP008,COMP035,12569,2025-08-01,13
PO007145,SUP004,COMP022,8373,2025-10-10,15
PO007146,SUP007,COMP026,8040,2025-04-20,16
PO007147,SUP001,COMP015,2879,2025-02-19,6
PO007148,SUP003,COMP018,5768,2025-10-15,16
PO007149,SUP002,COMP023,14915,2025-05-21,18
PO007150,SUP010,COMP037,8809,2025-06-02,11
PO007151,SUP002,COMP035,11614,2025-06-28,5
PO007152,SUP010,COMP039,7235,2025-09-20,9
PO007153,SUP003,COMP031,12656,2025-08-03,7
PO007154,SUP009,COMP038,10843,2025-01-30,19
PO007155,SUP003,COMP015,8445,2025-02-26,3
PO007156,SUP006,COMP038,7361,2025-01-06,8
PO007157,SUP004,COMP015,11808,2025-11-07,19
PO007158,SUP001,COMP018,7802,2025-12-29,10
PO007159,SUP003,COMP032,13388,2025-04-04,7
PO007160,SUP005,COMP013,11948,2025-09-08,13
PO007161,SUP009,COMP007,2181,2025-08-07,7
PO007162,SUP006,COMP037,6898,2025-11-11,17
PO007163,SUP002,COMP033,6534,2025-02-06,6
PO007164,SUP005,COMP029,7734,2025-08-27,6
PO007165,SUP007,COMP013,2405,2025-12-19,13
PO007166,SUP010,COMP013,9078,2025-01-26,22
PO007167,SUP007,COMP010,11160,2025-08-26,19
PO007168,SUP007,COMP008,2030,2025-09-23,21
PO007169,SUP002,COMP037,3199,2025-10-13,10
PO007170,SUP005,COMP018,1100,2025-03-08,16
PO007171,SUP001,COMP033,4181,2025-06-20,24
PO007172,SUP009,COMP035,12730,2025-10-18,17
PO007173,SUP005,COMP014,6639,2025-11-27,12
PO007174,SUP001,COMP033,13511,2025-06-11,20
PO007175,SUP005,COMP011,14380,2025-01-01,12
PO007176,SUP010,COMP024,10797,2025-05-09,22
PO007177,SUP003,COMP033,8616,2025-07-18,17
PO007178,SUP006,COMP028,7893,2025-06-11,10
PO007179,SUP009,COMP027,7201,2025-10-14,19
PO007180,SUP002,COMP020,6111,2025-11-27,9
PO007181,SUP010,COMP009,11517,2025-06-07,5
PO007182,SUP004,COMP013,8502,2025-04-15,9
PO007183,SUP003,COMP026,11293,2025-06-05,4
PO007184,SUP009,COMP007,10341,2025-11-22,12
PO007185,SUP005,COMP019,9708,2025-10-20,4
PO007186,SUP003,COMP002,9034,2025-06-01,7
PO007187,SUP008,COMP015,6341,2025-11-09,21
PO007188,SUP002,COMP037,2593,2025-02-17,13
PO007189,SUP008,COMP033,7512,2025-05-12,25
PO007190,SUP005,COMP034,14049,2025-03-25,21
PO007191,SUP007,COMP006,13700,2025-03-27,3
PO007192,SUP006,COMP010,11559,2025-09-19,17
PO007193,SUP001,COMP003,2469,2025-10-22,4
PO007194,SUP007,COMP011,5185,2025-08-07,14
PO007195,SUP003,COMP005,10794,2025-12-07,7
PO007196,SUP003,COMP023,7143,2025-03-20,11
PO007197,SUP005,COMP015,8054,2025-08-01,7
PO007198,SUP010,COMP010,12348,2025-01-20,16
PO007199,SUP007,COMP023,4766,2025-07-07,16
PO007200,SUP007,COMP032,1382,2025-04-08,17
PO007201,SUP001,COMP029,1270,2025-02-04,4
PO007202,SUP010,COMP024,12228,2025-07-06,18
PO007203,SUP006,COMP015,8817,2025-09-28,7
PO007204,SUP006,COMP029,9603,2025-05-11,25
PO007205,SUP004,COMP030,2023,2025-02-22,18
PO007206,SUP002,COMP036,6241,2025-12-23,23
PO007207,SUP007,COMP040,2251,2025-12-19,5
PO007208,SUP008,COMP035,1825,2025-09-14,20
PO007209,SUP008,COMP022,13555,2025-09-16,5
PO007210,SUP006,COMP036,10159,2025-03-03,19
PO007211,SUP007,COMP009,4364,2025-11-05,9
PO007212,SUP008,COMP034,4879,2025-01-30,19
PO007213,SUP008,COMP005,9921,2025-07-06,18
PO007214,SUP002,COMP023,14557,2025-07-25,8
PO007215,SUP002,COMP001,1300,2025-01-10,11
PO007216,SUP008,COMP005,13424,2025-10-20,12
PO007217,SUP001,COMP028,11242,2025-06-18,16
PO007218,SUP009,COMP022,13664,2025-10-30,4
PO007219,SUP001,COMP013,7777,2025-01-03,20
PO007220,SUP007,COMP005,5457,2025-08-05,9
PO007221,SUP010,COMP006,1385,2025-03-14,17
PO007222,SUP005,COMP012,4059,2025-08-30,19
PO007223,SUP004,COMP029,11130,2025-08-05,7
PO007224,SUP004,COMP008,12356,2025-05-21,18
PO007225,SUP001,COMP006,2885,2025-07-21,24
PO007226,SUP001,COMP024,14970,2025-07-28,25
PO007227,SUP003,COMP040,2610,2025-07-26,15
PO007228,SUP010,COMP011,4330,2025-07-18,7
PO007229,SUP001,COMP007,4302,2025-05-29,7
PO007230,SUP002,COMP017,12220,2025-09-18,18
PO007231,SUP007,COMP015,1010,2025-03-17,25
PO007232,SUP010,COMP033,6955,2025-03-09,19
PO007233,SUP002,COMP006,9527,2025-01-10,9
PO007234,SUP002,COMP038,6900,2025-12-19,19
PO007235,SUP009,COMP022,3647,2025-07-06,21
PO007236,SUP002,COMP013,12624,2025-06-28,19
PO007237,SUP003,COMP028,4589,2025-09-12,12
PO007238,SUP008,COMP034,9073,2025-12-25,19
PO007239,SUP003,COMP020,5927,2025-12-17,22
PO007240,SUP002,COMP039,9031,2025-09-13,20
PO007241,SUP002,COMP014,3995,2025-10-18,6
PO007242,SUP008,COMP010,3738,2025-03-08,20
PO007243,SUP009,COMP011,11036,2025-04-26,22
PO007244,SUP003,COMP030,5736,2025-06-06,5
PO007245,SUP004,COMP034,8237,2025-01-26,14
PO007246,SUP006,COMP019,13702,2025-05-25,3
PO007247,SUP006,COMP020,8467,2025-06-15,14
PO007248,SUP004,COMP012,5332,2025-02-27,9
PO007249,SUP007,COMP040,1164,2025-09-02,4
PO007250,SUP003,COMP020,10066,2025-11-11,6
PO007251,SUP005,COMP007,706,2025-12-20,18
PO007252,SUP002,COMP031,13907,2025-10-10,17
PO007253,SUP009,COMP037,7392,2025-09-11,14
PO007254,SUP004,COMP025,668,2025-01-01,11
PO007255,SUP006,COMP020,6100,2025-09-13,22
PO007256,SUP005,COMP009,8630,2025-07-09,10
PO007257,SUP008,COMP014,7950,2025-04-17,8
PO007258,SUP007,COMP037,14818,2025-06-26,9
PO007259,SUP008,COMP010,4689,2025-06-09,11
PO007260,SUP010,COMP031,12355,2025-03-03,8
PO007261,SUP003,COMP025,10192,2025-06-11,5
PO007262,SUP005,COMP016,7321,2025-11-02,8
PO007263,SUP001,COMP004,9999,2025-02-19,7
PO007264,SUP006,COMP033,6623,2025-05-01,12
PO007265,SUP001,COMP009,10355,2025-09-06,3
PO007266,SUP009,COMP037,6310,2025-05-01,19
PO007267,SUP010,COMP031,861,2025-08-11,24
PO007268,SUP005,COMP003,1755,2025-04-16,18
PO007269,SUP005,COMP036,9916,2025-07-20,18
PO007270,SUP009,COMP009,7519,2025-04-24,18
PO007271,SUP007,COMP039,2570,2025-05-15,15
PO007272,SUP002,COMP001,5921,2025-10-20,23
PO007273,SUP010,COMP016,2329,2025-10-07,3
PO007274,SUP005,COMP020,13227,2025-09-06,22
PO007275,SUP005,COMP002,5867,2025-01-20,25
PO007276,SUP006,COMP007,5963,2025-10-27,11
PO007277,SUP010,COMP001,7203,2025-02-01,10
PO007278,SUP006,COMP027,10879,2025-03-24,17
PO007279,SUP001,COMP025,1735,2025-01-10,24
PO007280,SUP006,COMP003,1453,2025-11-03,6
PO007281,SUP008,COMP007,10659,2025-11-18,14
PO007282,SUP004,COMP029,2945,2025-10-12,6
PO007283,SUP008,COMP031,12724,2025-05-15,3
PO007284,SUP009,COMP040,9638,2025-09-26,12
PO007285,SUP008,COMP037,7732,2025-07-06,24
PO007286,SUP004,COMP005,13338,2025-12-15,6
PO007287,SUP006,COMP019,5781,2025-02-02,16
PO007288,SUP005,COMP014,12713,2025-05-05,25
PO007289,SUP010,COMP034,2636,2025-09-24,20
PO007290,SUP004,COMP025,14332,2025-08-25,3
PO007291,SUP001,COMP038,7956,2025-05-10,6
PO007292,SUP009,COMP036,7301,2025-10-10,7
PO007293,SUP009,COMP032,12465,2025-06-30,18
PO007294,SUP002,COMP038,11544,2025-10-05,20
PO007295,SUP008,COMP012,10885,2025-12-18,9
PO007296,SUP001,COMP029,6086,2025-12-22,14
PO007297,SUP008,COMP036,7165,2025-11-29,6
PO007298,SUP007,COMP021,14586,2025-10-11,11
PO007299,SUP002,COMP013,14191,2025-01-04,4
PO007300,SUP010,COMP014,3137,2025-03-26,3
PO007301,SUP007,COMP019,7083,2025-04-02,3
PO007302,SUP007,COMP028,8497,2025-03-30,22
PO007303,SUP009,COMP016,7327,2025-02-13,21
PO007304,SUP005,COMP006,12354,2025-01-15,8
PO007305,SUP009,COMP012,10276,2025-07-26,9
PO007306,SUP009,COMP001,3394,2025-08-12,12
PO007307,SUP010,COMP010,14152,2025-10-14,4
PO007308,SUP004,COMP005,6176,2025-02-24,23
PO007309,SUP003,COMP011,12679,2025-08-09,13
PO007310,SUP009,COMP006,11971,2025-08-15,17
PO007311,SUP003,COMP038,11073,2025-11-27,8
PO007312,SUP006,COMP030,9203,2025-04-11,16
PO007313,SUP004,COMP027,9203,2025-02-24,7
PO007314,SUP004,COMP002,5831,2025-12-20,10
PO007315,SUP003,COMP021,2767,2025-08-06,4
PO007316,SUP001,COMP005,10905,2025-02-15,20
PO007317,SUP002,COMP012,4504,2025-01-09,18
PO007318,SUP004,COMP034,9122,2025-10-15,24
PO007319,SUP001,COMP005,10816,2025-03-14,8
PO007320,SUP002,COMP009,4823,2025-11-17,9
PO007321,SUP007,COMP023,2591,2025-02-18,4
PO007322,SUP002,COMP003,7757,2025-11-24,11
PO007323,SUP006,COMP012,14649,2025-01-25,14
PO007324,SUP001,COMP003,10151,2025-10-23,5
PO007325,SUP002,COMP039,10799,2025-08-25,6
PO007326,SUP006,COMP033,960,2025-09-19,14
PO007327,SUP002,COMP006,11866,2025-02-02,13
PO007328,SUP001,COMP020,2257,2025-03-26,8
PO007329,SUP006,COMP004,14248,2025-02-08,6
PO007330,SUP003,COMP033,7964,2025-06-19,4
PO007331,SUP009,COMP012,6976,2025-08-28,4
PO007332,SUP004,COMP037,1400,2025-10-29,18
PO007333,SUP004,COMP036,635,2025-08-13,22
PO007334,SUP010,COMP007,5157,2025-11-06,10
PO007335,SUP008,COMP007,10335,2025-02-17,4
PO007336,SUP005,COMP024,2315,2025-06-05,6
PO007337,SUP005,COMP025,12038,2025-10-03,19
PO007338,SUP002,COMP032,5711,2025-07-29,5
PO007339,SUP001,COMP037,6223,2025-10-12,10
PO007340,SUP005,COMP035,12342,2025-05-03,13
PO007341,SUP010,COMP005,13878,2025-03-23,17
PO007342,SUP006,COMP015,7332,2025-04-05,12
PO007343,SUP008,COMP040,10619,2025-01-29,14
PO007344,SUP003,COMP015,11686,2025-04-09,24
PO007345,SUP005,COMP031,6031,2025-01-07,21
PO007346,SUP002,COMP031,9521,2025-04-09,14
PO007347,SUP007,COMP013,11095,2025-07-13,11
PO007348,SUP001,COMP024,9141,2025-06-19,19
PO007349,SUP009,COMP005,2144,2025-10-07,14
PO007350,SUP006,COMP029,8284,2025-02-13,18
PO007351,SUP001,COMP029,14321,2025-08-20,14
PO007352,SUP008,COMP028,7600,2025-03-09,17
PO007353,SUP002,COMP004,14441,2025-12-30,15
PO007354,SUP002,COMP003,5170,2025-03-30,4
PO007355,SUP004,COMP002,8245,2025-04-16,25
PO007356,SUP006,COMP015,9705,2025-07-19,19
PO007357,SUP003,COMP033,1573,2025-06-14,22
PO007358,SUP008,COMP035,846,2025-01-05,17
PO007359,SUP009,COMP025,2407,2025-08-08,22
PO007360,SUP001,COMP004,13959,2025-09-24,13
PO007361,SUP004,COMP017,12200,2025-08-27,13
PO007362,SUP006,COMP004,12730,2025-08-13,12
PO007363,SUP009,COMP007,4735,2025-06-03,12
PO007364,SUP004,COMP038,4795,2025-05-24,16
PO007365,SUP010,COMP011,7051,2025-07-24,8
PO007366,SUP007,COMP014,10279,2025-06-26,6
PO007367,SUP010,COMP034,2261,2025-04-27,20
PO007368,SUP004,COMP013,5076,2025-12-25,22
PO007369,SUP005,COMP006,5724,2025-06-22,8
PO007370,SUP010,COMP040,3108,2025-08-25,17
PO007371,SUP008,COMP030,1958,2025-04-08,14
PO007372,SUP009,COMP040,10408,2025-11-28,16
PO007373,SUP002,COMP026,882,2025-01-30,5
PO007374,SUP004,COMP007,2409,2025-05-05,24
PO007375,SUP008,COMP033,7788,2025-02-04,20
PO007376,SUP008,COMP039,13367,2025-08-25,24
PO007377,SUP009,COMP038,3214,2025-10-20,10
PO007378,SUP001,COMP037,1442,2025-08-19,18
PO007379,SUP003,COMP021,9580,2025-06-02,4
PO007380,SUP001,COMP039,11005,2025-01-03,16
PO007381,SUP003,COMP022,925,2025-10-27,11
PO007382,SUP007,COMP025,11422,2025-07-22,3
PO007383,SUP006,COMP001,7320,2025-09-22,21
PO007384,SUP001,COMP012,13844,2025-07-06,14
PO007385,SUP003,COMP033,9034,2025-11-02,17
PO007386,SUP004,COMP030,10956,2025-10-14,11
PO007387,SUP001,COMP029,11296,2025-01-06,11
PO007388,SUP002,COMP038,939,2025-03-30,11
PO007389,SUP002,COMP027,11626,2025-02-23,18
PO007390,SUP008,COMP009,3626,2025-09-13,21
PO007391,SUP008,COMP015,1027,2025-10-18,3
PO007392,SUP006,COMP015,13768,2025-04-10,4
PO007393,SUP002,COMP038,3124,2025-06-18,6
PO007394,SUP009,COMP028,5123,2025-08-18,3
PO007395,SUP005,COMP034,6606,2025-06-12,4
PO007396,SUP003,COMP014,1849,2025-05-08,17
PO007397,SUP005,COMP018,14243,2025-09-08,6
PO007398,SUP006,COMP025,6368,2025-01-27,9
PO007399,SUP008,COMP007,5799,2025-12-29,3
PO007400,SUP001,COMP031,4704,2025-10-12,19
PO007401,SUP004,COMP033,2940,2025-08-12,20
PO007402,SUP003,COMP004,1841,2025-03-15,4
PO007403,SUP003,COMP007,5721,2025-03-15,15
PO007404,SUP003,COMP004,8425,2025-12-04,24
PO007405,SUP007,COMP031,9880,2025-07-06,25
PO007406,SUP008,COMP021,11629,2025-08-25,6
PO007407,SUP009,COMP028,10326,2025-08-18,7
PO007408,SUP006,COMP002,13721,2025-01-14,16
PO007409,SUP010,COMP030,4509,2025-08-05,13
PO007410,SUP009,COMP029,13651,2025-11-26,25
PO007411,SUP010,COMP017,10157,2025-12-23,7
PO007412,SUP004,COMP008,10864,2025-06-27,6
PO007413,SUP002,COMP001,14861,2025-11-21,20
PO007414,SUP002,COMP032,8897,2025-04-12,5
PO007415,SUP004,COMP022,14356,2025-08-23,5
PO007416,SUP010,COMP004,10183,2025-12-19,9
PO007417,SUP007,COMP028,12283,2025-02-26,18
PO007418,SUP007,COMP024,8808,2025-09-17,5
PO007419,SUP009,COMP033,13560,2025-05-03,17
PO007420,SUP007,COMP002,7396,2025-02-04,23
PO007421,SUP008,COMP005,2666,2025-07-01,13
PO007422,SUP001,COMP029,6139,2025-10-04,11
PO007423,SUP010,COMP013,10484,2025-03-01,24
PO007424,SUP008,COMP035,3114,2025-08-03,11
PO007425,SUP001,COMP036,3731,2025-05-19,24
PO007426,SUP005,COMP020,3893,2025-05-21,4
PO007427,SUP003,COMP034,9051,2025-06-21,25
PO007428,SUP006,COMP038,10238,2025-02-13,4
PO007429,SUP009,COMP030,7914,2025-02-25,18
PO007430,SUP006,COMP028,6691,2025-12-16,10
PO007431,SUP006,COMP032,10032,2025-01-01,9
PO007432,SUP009,COMP005,9330,2025-08-06,19
PO007433,SUP004,COMP011,1499,2025-01-05,17
PO007434,SUP004,COMP036,12525,2025-12-17,15
PO007435,SUP006,COMP019,4322,2025-08-16,3
PO007436,SUP002,COMP008,2665,2025-07-21,22
PO007437,SUP010,COMP012,9102,2025-11-08,17
PO007438,SUP003,COMP009,4795,2025-10-20,17
PO007439,SUP007,COMP006,10507,2025-12-14,10
PO007440,SUP005,COMP035,8600,2025-08-31,23
PO007441,SUP007,COMP003,2083,2025-04-24,6
PO007442,SUP001,COMP040,9236,2025-08-08,7
PO007443,SUP005,COMP024,3732,2025-02-10,6
PO007444,SUP006,COMP032,2240,2025-10-07,7
PO007445,SUP007,COMP022,2702,2025-04-03,17
PO007446,SUP002,COMP001,7093,2025-09-29,11
PO007447,SUP007,COMP028,14290,2025-08-12,14
PO007448,SUP007,COMP024,9375,2025-05-09,4
PO007449,SUP005,COMP012,10925,2025-10-24,5
PO007450,SUP001,COMP014,14025,2025-08-15,11
PO007451,SUP010,COMP029,3671,2025-08-06,12
PO007452,SUP006,COMP027,8621,2025-02-07,8
PO007453,SUP002,COMP011,5405,2025-11-08,20
PO007454,SUP008,COMP028,10984,2025-06-04,5
PO007455,SUP006,COMP023,8269,2025-12-09,7
PO007456,SUP002,COMP016,1570,2025-12-23,22
PO007457,SUP002,COMP016,10046,2025-07-13,19
PO007458,SUP004,COMP038,14773,2025-12-26,4
PO007459,SUP003,COMP033,3118,2025-10-23,17
PO007460,SUP007,COMP032,12376,2025-04-01,8
PO007461,SUP001,COMP032,13769,2025-02-13,23
PO007462,SUP002,COMP014,6495,2025-01-15,23
PO007463,SUP004,COMP013,7164,2025-07-31,19
PO007464,SUP010,COMP019,13920,2025-11-08,12
PO007465,SUP010,COMP010,8603,2025-10-14,9
PO007466,SUP007,COMP031,8385,2025-05-23,12
PO007467,SUP008,COMP013,3272,2025-05-29,13
PO007468,SUP008,COMP008,9876,2025-06-19,14
PO007469,SUP005,COMP037,12956,2025-08-11,20
PO007470,SUP005,COMP031,3077,2025-08-22,24
PO007471,SUP007,COMP003,4768,2025-02-05,8
PO007472,SUP009,COMP006,8334,2025-09-13,6
PO007473,SUP008,COMP006,6811,2025-10-27,21
PO007474,SUP005,COMP018,5578,2025-04-05,23
PO007475,SUP009,COMP013,10044,2025-07-13,9
PO007476,SUP003,COMP018,8577,2025-01-21,3
PO007477,SUP005,COMP011,10083,2025-12-15,24
PO007478,SUP006,COMP021,12352,2025-12-30,11
PO007479,SUP008,COMP008,3207,2025-01-26,4
PO007480,SUP008,COMP015,1944,2025-07-16,20
PO007481,SUP001,COMP035,1216,2025-07-14,20
PO007482,SUP003,COMP018,2810,2025-05-06,22
PO007483,SUP010,COMP031,10962,2025-08-13,15
PO007484,SUP008,COMP021,3744,2025-03-07,22
PO007485,SUP010,COMP037,9288,2025-04-24,21
PO007486,SUP002,COMP036,8371,2025-12-26,13
PO007487,SUP010,COMP037,1339,2025-07-05,19
PO007488,SUP009,COMP020,2418,2025-10-26,23
PO007489,SUP005,COMP033,3504,2025-05-22,16
PO007490,SUP005,COMP008,1593,2025-09-28,19
PO007491,SUP001,COMP015,12384,2025-05-19,15
PO007492,SUP008,COMP003,12004,2025-01-10,16
PO007493,SUP002,COMP028,10362,2025-04-20,20
PO007494,SUP005,COMP032,4408,2025-09-19,5
PO007495,SUP001,COMP026,4519,2025-09-13,3
PO007496,SUP008,COMP011,1654,2025-10-15,14
PO007497,SUP001,COMP036,2592,2025-03-12,15
PO007498,SUP002,COMP026,4565,2025-06-07,4
PO007499,SUP006,COMP019,6885,2025-05-27,22
PO007500,SUP009,COMP021,10573,2025-01-11,6
PO007501,SUP008,COMP023,3293,2025-06-08,4
PO007502,SUP001,COMP005,7943,2025-07-07,14
PO007503,SUP001,COMP019,10200,2025-12-07,10
PO007504,SUP006,COMP029,9481,2025-02-28,12
PO007505,SUP002,COMP010,8229,2025-09-06,3
PO007506,SUP002,COMP024,4427,2025-04-10,19
PO007507,SUP008,COMP039,2714,2025-12-05,20
PO007508,SUP004,COMP038,3259,2025-11-01,6
PO007509,SUP003,COMP016,8728,2025-12-11,6
PO007510,SUP002,COMP036,8533,2025-05-23,23
PO007511,SUP001,COMP004,13324,2025-09-11,11
PO007512,SUP004,COMP010,6835,2025-03-26,20
PO007513,SUP005,COMP014,3239,2025-04-25,24
PO007514,SUP008,COMP025,1179,2025-11-20,9
PO007515,SUP006,COMP025,8264,2025-03-12,21
PO007516,SUP005,COMP018,2884,2025-05-27,18
PO007517,SUP003,COMP009,3076,2025-08-05,12
PO007518,SUP008,COMP010,8717,2025-05-07,23
PO007519,SUP004,COMP015,5492,2025-05-01,8
PO007520,SUP007,COMP003,13168,2025-12-18,24
PO007521,SUP004,COMP012,2730,2025-03-18,24
PO007522,SUP008,COMP022,6651,2025-02-21,18
PO007523,SUP006,COMP034,4008,2025-06-06,24
PO007524,SUP005,COMP005,13932,2025-08-22,10
PO007525,SUP001,COMP040,13815,2025-09-17,25
PO007526,SUP002,COMP033,12813,2025-02-12,25
PO007527,SUP010,COMP010,5234,2025-12-04,7
PO007528,SUP005,COMP008,13811,2025-03-29,22
PO007529,SUP007,COMP015,6336,2025-11-05,18
PO007530,SUP006,COMP011,2750,2025-09-20,25
PO007531,SUP009,COMP015,2940,2025-01-16,22
PO007532,SUP004,COMP038,8529,2025-05-15,22
PO007533,SUP009,COMP003,13896,2025-01-14,22
PO007534,SUP003,COMP040,4276,2025-07-28,17
PO007535,SUP008,COMP035,6525,2025-02-12,11
PO007536,SUP006,COMP022,4917,2025-11-01,12
PO007537,SUP005,COMP018,12512,2025-06-06,7
PO007538,SUP010,COMP030,4145,2025-09-08,7
PO007539,SUP007,COMP036,3582,2025-03-25,10
PO007540,SUP004,COMP017,9232,2025-04-20,9
PO007541,SUP008,COMP023,6593,2025-12-20,17
PO007542,SUP004,COMP032,9369,2025-06-24,5
PO007543,SUP004,COMP039,3709,2025-02-09,6
PO007544,SUP007,COMP022,4032,2025-02-28,7
PO007545,SUP007,COMP017,6174,2025-07-15,25
PO007546,SUP010,COMP025,7787,2025-06-30,17
PO007547,SUP001,COMP023,8326,2025-02-24,18
PO007548,SUP002,COMP024,10692,2025-11-27,5
PO007549,SUP009,COMP015,4268,2025-04-26,10
PO007550,SUP006,COMP026,3234,2025-11-20,23
PO007551,SUP006,COMP022,780,2025-03-04,9
PO007552,SUP006,COMP036,5498,2025-02-27,4
PO007553,SUP004,COMP017,1862,2025-02-09,10
PO007554,SUP008,COMP013,13964,2025-12-05,7
PO007555,SUP001,COMP009,2667,2025-01-17,5
PO007556,SUP008,COMP015,13919,2025-10-04,8
PO007557,SUP003,COMP028,13192,2025-01-21,15
PO007558,SUP009,COMP026,10813,2025-10-12,25
PO007559,SUP007,COMP027,4274,2025-01-01,18
PO007560,SUP001,COMP040,10698,2025-07-31,12
PO007561,SUP009,COMP035,7177,2025-04-27,22
PO007562,SUP010,COMP033,14508,2025-08-20,13
PO007563,SUP007,COMP036,2115,2025-10-22,8
PO007564,SUP010,COMP037,12971,2025-06-19,21
PO007565,SUP002,COMP006,794,2025-03-07,22
PO007566,SUP009,COMP020,10033,2025-11-29,9
PO007567,SUP009,COMP013,5740,2025-01-08,21
PO007568,SUP004,COMP010,7762,2025-07-08,9
PO007569,SUP003,COMP040,12280,2025-07-18,22
PO007570,SUP005,COMP033,12694,2025-07-22,9
PO007571,SUP003,COMP004,11916,2025-02-11,10
PO007572,SUP001,COMP026,14211,2025-06-15,9
PO007573,SUP004,COMP011,4385,2025-11-04,25
PO007574,SUP007,COMP039,1659,2025-02-20,24
PO007575,SUP009,COMP025,6728,2025-06-08,24
PO007576,SUP002,COMP005,6053,2025-02-17,15
PO007577,SUP005,COMP017,7264,2025-06-20,22
PO007578,SUP003,COMP013,10688,2025-08-01,14
PO007579,SUP010,COMP031,9698,2025-03-19,16
PO007580,SUP010,COMP002,1348,2025-09-27,3
PO007581,SUP001,COMP019,7960,2025-01-02,9
PO007582,SUP003,COMP011,7319,2025-01-21,3
PO007583,SUP009,COMP033,13152,2025-09-30,12
PO007584,SUP004,COMP037,1824,2025-04-14,25
PO007585,SUP005,COMP040,8028,2025-05-06,6
PO007586,SUP001,COMP024,3984,2025-10-15,19
PO007587,SUP009,COMP039,4131,2025-02-21,8
PO007588,SUP010,COMP001,5595,2025-05-20,8
PO007589,SUP009,COMP010,4402,2025-08-04,6
PO007590,SUP007,COMP003,13018,2025-02-13,3
PO007591,SUP010,COMP032,2929,2025-10-14,22
PO007592,SUP004,COMP035,3308,2025-02-05,7
PO007593,SUP002,COMP003,2095,2025-07-05,6
PO007594,SUP001,COMP027,1271,2025-11-03,18
PO007595,SUP009,COMP020,9730,2025-09-04,24
PO007596,SUP001,COMP019,11544,2025-11-24,7
PO007597,SUP001,COMP038,7669,2025-12-11,17
PO007598,SUP007,COMP028,11488,2025-05-04,6
PO007599,SUP001,COMP004,10386,2025-06-08,13
PO007600,SUP004,COMP005,10278,2025-12-29,23
PO007601,SUP005,COMP009,2703,2025-04-20,15
PO007602,SUP006,COMP016,3194,2025-08-31,5
PO007603,SUP005,COMP031,13206,2025-12-22,8
PO007604,SUP006,COMP001,8394,2025-07-13,7
PO007605,SUP004,COMP015,13926,2025-03-07,17
PO007606,SUP006,COMP003,10028,2025-12-06,11
PO007607,SUP005,COMP017,8931,2025-04-24,5
PO007608,SUP008,COMP019,12739,2025-10-25,9
PO007609,SUP007,COMP001,13583,2025-02-07,15
PO007610,SUP002,COMP028,12211,2025-09-20,18
PO007611,SUP007,COMP015,12557,2025-01-16,18
PO007612,SUP004,COMP030,3164,2025-03-19,24
PO007613,SUP006,COMP031,6597,2025-10-07,11
PO007614,SUP009,COMP016,7100,2025-04-17,22
PO007615,SUP002,COMP029,14005,2025-01-17,6
PO007616,SUP004,COMP033,10569,2025-10-13,20
PO007617,SUP002,COMP001,2852,2025-10-19,13
PO007618,SUP008,COMP036,9013,2025-03-06,8
PO007619,SUP004,COMP015,11601,2025-06-22,19
PO007620,SUP007,COMP009,4011,2025-05-21,7
PO007621,SUP003,COMP015,14005,2025-05-30,7
PO007622,SUP003,COMP027,5449,2025-02-08,3
PO007623,SUP002,COMP017,10918,2025-05-21,7
PO007624,SUP004,COMP001,6451,2025-07-15,15
PO007625,SUP006,COMP029,7905,2025-08-04,3
PO007626,SUP007,COMP007,10859,2025-11-23,7
PO007627,SUP006,COMP008,8462,2025-05-13,10
PO007628,SUP005,COMP012,2543,2025-01-15,20
PO007629,SUP005,COMP016,10611,2025-10-02,19
PO007630,SUP010,COMP013,11937,2025-10-18,3
PO007631,SUP004,COMP007,7631,2025-11-06,16
PO007632,SUP005,COMP025,7576,2025-09-22,3
PO007633,SUP003,COMP026,11393,2025-10-12,18
PO007634,SUP005,COMP036,6161,2025-02-26,23
PO007635,SUP002,COMP029,14047,2025-08-06,24
PO007636,SUP007,COMP008,2914,2025-05-24,18
PO007637,SUP007,COMP036,5841,2025-12-20,21
PO007638,SUP008,COMP025,7475,2025-06-04,16
PO007639,SUP010,COMP011,7594,2025-07-08,22
PO007640,SUP001,COMP012,9513,2025-03-23,18
PO007641,SUP008,COMP020,7227,2025-11-11,11
PO007642,SUP009,COMP012,5940,2025-05-29,13
PO007643,SUP008,COMP025,4484,2025-05-31,12
PO007644,SUP008,COMP036,3307,2025-01-21,4
PO007645,SUP002,COMP013,8534,2025-12-06,15
PO007646,SUP009,COMP016,6431,2025-03-23,24
PO007647,SUP009,COMP005,4342,2025-09-06,7
PO007648,SUP005,COMP012,14871,2025-01-24,12
PO007649,SUP007,COMP024,4224,2025-06-10,8
PO007650,SUP002,COMP032,10924,2025-02-01,13
PO007651,SUP008,COMP009,6692,2025-09-11,17
PO007652,SUP010,COMP036,3660,2025-01-23,4
PO007653,SUP003,COMP004,3650,2025-01-20,11
PO007654,SUP004,COMP013,1298,2025-09-06,17
PO007655,SUP010,COMP002,12333,2025-01-15,23
PO007656,SUP002,COMP009,1957,2025-07-04,9
PO007657,SUP003,COMP016,8734,2025-10-06,12
PO007658,SUP001,COMP037,10525,2025-06-23,14
PO007659,SUP006,COMP001,13632,2025-08-08,8
PO007660,SUP008,COMP008,9628,2025-03-05,4
PO007661,SUP007,COMP013,1660,2025-11-02,20
PO007662,SUP006,COMP019,5017,2025-10-06,4
PO007663,SUP007,COMP025,7872,2025-07-15,11
PO007664,SUP007,COMP009,10926,2025-11-10,24
PO007665,SUP001,COMP027,5785,2025-02-02,15
PO007666,SUP006,COMP006,2668,2025-07-25,13
PO007667,SUP005,COMP031,14282,2025-04-11,18
PO007668,SUP001,COMP018,3191,2025-11-29,5
PO007669,SUP005,COMP008,6452,2025-03-15,10
PO007670,SUP009,COMP029,7684,2025-09-28,18
PO007671,SUP001,COMP002,602,2025-10-18,19
PO007672,SUP006,COMP018,6167,2025-01-29,16
PO007673,SUP010,COMP014,13700,2025-06-24,23
PO007674,SUP008,COMP026,4435,2025-12-09,9
PO007675,SUP009,COMP008,3550,2025-04-10,13
PO007676,SUP005,COMP013,11194,2025-04-20,16
PO007677,SUP001,COMP026,3032,2025-01-03,9
PO007678,SUP008,COMP027,1419,2025-03-08,23
PO007679,SUP001,COMP032,1025,2025-08-17,10
PO007680,SUP008,COMP016,6981,2025-08-03,20
PO007681,SUP001,COMP016,1983,2025-08-11,22
PO007682,SUP008,COMP028,766,2025-08-18,25
PO007683,SUP010,COMP001,4900,2025-07-16,23
PO007684,SUP007,COMP002,1226,2025-06-22,13
PO007685,SUP010,COMP016,12614,2025-02-03,21
PO007686,SUP010,COMP018,9899,2025-04-07,11
PO007687,SUP005,COMP040,12126,2025-11-08,5
PO007688,SUP007,COMP006,6463,2025-11-13,4
PO007689,SUP003,COMP036,7687,2025-11-09,25
PO007690,SUP009,COMP010,7324,2025-12-02,8
PO007691,SUP003,COMP021,6010,2025-06-20,17
PO007692,SUP005,COMP007,10657,2025-05-14,14
PO007693,SUP001,COMP034,10881,2025-11-10,4
PO007694,SUP007,COMP025,910,2025-04-29,16
PO007695,SUP004,COMP018,716,2025-10-26,23
PO007696,SUP002,COMP025,14871,2025-02-10,16
PO007697,SUP010,COMP014,2520,2025-05-06,9
PO007698,SUP004,COMP025,3788,2025-05-30,13
PO007699,SUP003,COMP035,1008,2025-05-18,24
PO007700,SUP004,COMP013,3414,2025-07-17,11
PO007701,SUP005,COMP018,13844,2025-07-11,19
PO007702,SUP002,COMP026,5447,2025-10-27,11
PO007703,SUP007,COMP007,13454,2025-06-18,8
PO007704,SUP009,COMP027,9537,2025-02-28,13
PO007705,SUP010,COMP007,6425,2025-07-31,17
PO007706,SUP005,COMP002,10823,2025-09-07,25
PO007707,SUP010,COMP017,9857,2025-02-18,17
PO007708,SUP010,COMP002,7440,2025-01-09,24
PO007709,SUP009,COMP007,2780,2025-06-26,17
PO007710,SUP001,COMP026,1002,2025-03-21,25
PO007711,SUP010,COMP034,12326,2025-03-26,7
PO007712,SUP005,COMP036,10076,2025-12-25,17
PO007713,SUP002,COMP020,8298,2025-01-27,16
PO007714,SUP008,COMP023,10473,2025-07-20,13
PO007715,SUP001,COMP002,13201,2025-12-12,24
PO007716,SUP001,COMP012,14294,2025-02-27,24
PO007717,SUP010,COMP029,10666,2025-08-17,25
PO007718,SUP007,COMP020,13546,2025-11-27,17
PO007719,SUP001,COMP020,11798,2025-10-13,16
PO007720,SUP001,COMP006,7111,2025-06-24,15
PO007721,SUP002,COMP010,5585,2025-08-12,16
PO007722,SUP003,COMP022,7253,2025-10-25,14
PO007723,SUP002,COMP010,14360,2025-07-10,5
PO007724,SUP007,COMP009,8723,2025-11-19,3
PO007725,SUP003,COMP025,2289,2025-05-21,8
PO007726,SUP003,COMP034,11360,2025-05-30,18
PO007727,SUP005,COMP025,10101,2025-09-07,19
PO007728,SUP006,COMP008,3948,2025-08-05,19
PO007729,SUP002,COMP039,4990,2025-10-04,3
PO007730,SUP005,COMP018,12522,2025-07-12,10
PO007731,SUP006,COMP036,1139,2025-01-22,23
PO007732,SUP003,COMP029,13818,2025-03-12,22
PO007733,SUP002,COMP029,2167,2025-05-17,6
PO007734,SUP002,COMP009,2289,2025-04-03,22
PO007735,SUP001,COMP023,9053,2025-09-15,19
PO007736,SUP005,COMP005,10059,2025-04-11,15
PO007737,SUP003,COMP025,10824,2025-12-23,9
PO007738,SUP002,COMP015,11770,2025-06-04,21
PO007739,SUP005,COMP028,950,2025-08-27,19
PO007740,SUP002,COMP033,3123,2025-11-16,13
PO007741,SUP003,COMP007,10159,2025-12-06,10
PO007742,SUP009,COMP022,3182,2025-03-10,8
PO007743,SUP010,COMP014,2492,2025-02-03,12
PO007744,SUP003,COMP015,1799,2025-02-10,14
PO007745,SUP005,COMP031,13897,2025-10-25,25
PO007746,SUP008,COMP001,4720,2025-11-16,23
PO007747,SUP010,COMP035,11352,2025-09-19,24
PO007748,SUP004,COMP006,13451,2025-12-30,8
PO007749,SUP001,COMP025,11330,2025-01-19,13
PO007750,SUP004,COMP038,6104,2025-06-08,10
PO007751,SUP003,COMP033,5036,2025-06-27,23
PO007752,SUP002,COMP009,14162,2025-11-02,24
PO007753,SUP010,COMP014,9277,2025-08-23,25
PO007754,SUP009,COMP033,4929,2025-04-14,5
PO007755,SUP001,COMP029,5294,2025-10-20,5
PO007756,SUP005,COMP034,7891,2025-08-01,11
PO007757,SUP003,COMP029,4053,2025-01-03,3
PO007758,SUP010,COMP011,1354,2025-02-21,20
PO007759,SUP009,COMP032,1496,2025-08-03,23
PO007760,SUP010,COMP035,3729,2025-03-17,21
PO007761,SUP003,COMP018,1415,2025-02-10,6
PO007762,SUP007,COMP012,14307,2025-09-19,3
PO007763,SUP002,COMP027,9358,2025-01-18,17
PO007764,SUP004,COMP011,8996,2025-02-23,21
PO007765,SUP008,COMP024,10754,2025-11-27,23
PO007766,SUP001,COMP030,8540,2025-03-18,5
PO007767,SUP009,COMP036,10673,2025-01-10,16
PO007768,SUP007,COMP023,11035,2025-01-29,24
PO007769,SUP006,COMP028,6425,2025-07-09,10
PO007770,SUP005,COMP002,1322,2025-03-18,16
PO007771,SUP008,COMP006,7250,2025-02-05,17
PO007772,SUP003,COMP030,7790,2025-06-12,10
PO007773,SUP010,COMP037,5923,2025-05-13,9
PO007774,SUP002,COMP028,2039,2025-02-07,20
PO007775,SUP007,COMP038,8973,2025-02-26,11
PO007776,SUP003,COMP008,8807,2025-07-09,21
PO007777,SUP003,COMP037,4456,2025-01-27,3
PO007778,SUP005,COMP018,10432,2025-03-16,8
PO007779,SUP010,COMP018,7261,2025-10-10,22
PO007780,SUP008,COMP026,10808,2025-02-22,16
PO007781,SUP007,COMP008,2408,2025-10-02,14
PO007782,SUP008,COMP003,12723,2025-01-26,5
PO007783,SUP001,COMP037,3070,2025-01-31,18
PO007784,SUP004,COMP029,9536,2025-12-24,16
PO007785,SUP007,COMP021,6382,2025-12-09,18
PO007786,SUP002,COMP039,6004,2025-06-19,18
PO007787,SUP003,COMP037,1201,2025-04-08,11
PO007788,SUP002,COMP015,9452,2025-08-03,13
PO007789,SUP002,COMP030,6803,2025-09-12,24
PO007790,SUP004,COMP031,2935,2025-09-06,8
PO007791,SUP006,COMP038,13583,2025-01-15,15
PO007792,SUP004,COMP023,10534,2025-12-22,10
PO007793,SUP002,COMP011,13145,2025-03-02,25
PO007794,SUP006,COMP005,11357,2025-01-24,3
PO007795,SUP010,COMP039,10391,2025-02-25,8
PO007796,SUP010,COMP038,9135,2025-04-04,11
PO007797,SUP009,COMP028,2039,2025-04-22,24
PO007798,SUP002,COMP007,501,2025-04-08,13
PO007799,SUP009,COMP002,7948,2025-08-27,25
PO007800,SUP002,COMP004,10165,2025-02-17,8
PO007801,SUP001,COMP017,12262,2025-06-24,24
PO007802,SUP010,COMP015,8878,2025-09-01,22
PO007803,SUP006,COMP039,6670,2025-04-26,19
PO007804,SUP005,COMP021,4593,2025-06-16,11
PO007805,SUP007,COMP035,2359,2025-11-14,16
PO007806,SUP007,COMP012,14051,2025-04-09,24
PO007807,SUP001,COMP001,3620,2025-08-16,10
PO007808,SUP007,COMP013,8127,2025-12-16,14
PO007809,SUP008,COMP003,8989,2025-02-05,13
PO007810,SUP002,COMP035,14079,2025-12-30,3
PO007811,SUP008,COMP032,14889,2025-10-04,10
PO007812,SUP004,COMP028,9125,2025-04-05,16
PO007813,SUP002,COMP019,11849,2025-06-05,15
PO007814,SUP005,COMP023,6470,2025-08-18,14
PO007815,SUP004,COMP005,1509,2025-01-23,7
PO007816,SUP007,COMP028,9653,2025-11-08,25
PO007817,SUP008,COMP020,14398,2025-04-04,18
PO007818,SUP006,COMP029,1660,2025-05-20,19
PO007819,SUP010,COMP005,3382,2025-07-10,14
PO007820,SUP003,COMP040,2100,2025-12-14,15
PO007821,SUP006,COMP013,13309,2025-11-08,18
PO007822,SUP010,COMP017,5015,2025-08-20,11
PO007823,SUP001,COMP005,11426,2025-06-20,20
PO007824,SUP007,COMP027,9123,2025-05-25,21
PO007825,SUP003,COMP029,13643,2025-03-23,14
PO007826,SUP005,COMP022,14389,2025-03-28,19
PO007827,SUP004,COMP010,4995,2025-01-15,7
PO007828,SUP004,COMP003,9043,2025-10-26,5
PO007829,SUP003,COMP011,14938,2025-10-25,12
PO007830,SUP004,COMP040,7709,2025-02-23,13
PO007831,SUP001,COMP007,1281,2025-03-18,24
PO007832,SUP004,COMP037,5390,2025-03-01,12
PO007833,SUP003,COMP038,1419,2025-02-01,21
PO007834,SUP005,COMP003,2491,2025-08-15,18
PO007835,SUP005,COMP040,10887,2025-02-19,21
PO007836,SUP003,COMP033,3819,2025-03-13,12
PO007837,SUP010,COMP024,13905,2025-02-19,6
PO007838,SUP001,COMP038,12226,2025-08-07,25
PO007839,SUP008,COMP002,11690,2025-04-01,12
PO007840,SUP010,COMP005,1700,2025-08-01,21
PO007841,SUP010,COMP015,13520,2025-06-02,17
PO007842,SUP009,COMP029,8090,2025-08-01,7
PO007843,SUP010,COMP031,4971,2025-07-19,17
PO007844,SUP010,COMP014,532,2025-12-22,17
PO007845,SUP003,COMP008,13049,2025-09-06,20
PO007846,SUP003,COMP005,11115,2025-10-27,25
PO007847,SUP003,COMP031,10391,2025-01-15,25
PO007848,SUP001,COMP026,12635,2025-09-20,23
PO007849,SUP005,COMP026,5260,2025-04-01,20
PO007850,SUP008,COMP016,5432,2025-07-07,24
PO007851,SUP008,COMP025,3625,2025-12-13,14
PO007852,SUP009,COMP030,3660,2025-02-19,5
PO007853,SUP002,COMP014,6493,2025-05-28,22
PO007854,SUP003,COMP021,9701,2025-07-15,18
PO007855,SUP005,COMP021,7180,2025-05-29,12
PO007856,SUP004,COMP008,3867,2025-03-25,20
PO007857,SUP002,COMP024,6827,2025-02-09,9
PO007858,SUP007,COMP033,3541,2025-04-23,10
PO007859,SUP003,COMP040,12143,2025-01-18,25
PO007860,SUP005,COMP028,562,2025-09-22,12
PO007861,SUP007,COMP029,5372,2025-01-18,18
PO007862,SUP003,COMP019,13824,2025-09-28,4
PO007863,SUP002,COMP033,8326,2025-11-16,22
PO007864,SUP010,COMP031,2176,2025-09-07,22
PO007865,SUP001,COMP035,13584,2025-05-11,20
PO007866,SUP002,COMP021,11950,2025-03-23,18
PO007867,SUP008,COMP007,1685,2025-07-03,8
PO007868,SUP008,COMP021,12006,2025-01-08,17
PO007869,SUP004,COMP028,1856,2025-05-03,8
PO007870,SUP001,COMP020,1428,2025-07-23,10
PO007871,SUP003,COMP011,3677,2025-07-18,8
PO007872,SUP009,COMP007,11021,2025-12-31,21
PO007873,SUP008,COMP037,10707,2025-02-10,6
PO007874,SUP002,COMP014,931,2025-09-01,10
PO007875,SUP007,COMP025,1975,2025-11-03,25
PO007876,SUP007,COMP030,2296,2025-10-24,17
PO007877,SUP010,COMP028,13393,2025-11-01,17
PO007878,SUP009,COMP005,6738,2025-03-30,15
PO007879,SUP007,COMP032,2049,2025-05-19,5
PO007880,SUP007,COMP035,3346,2025-07-28,24
PO007881,SUP006,COMP038,8577,2025-01-22,4
PO007882,SUP008,COMP014,3147,2025-02-26,7
PO007883,SUP008,COMP005,11440,2025-03-13,5
PO007884,SUP006,COMP008,13164,2025-11-14,17
PO007885,SUP001,COMP039,14323,2025-07-26,7
PO007886,SUP008,COMP015,2290,2025-08-08,18
PO007887,SUP004,COMP017,9797,2025-11-14,7
PO007888,SUP009,COMP017,2867,2025-08-09,18
PO007889,SUP009,COMP027,12541,2025-02-17,17
PO007890,SUP009,COMP018,653,2025-06-15,12
PO007891,SUP009,COMP023,11154,2025-02-27,7
PO007892,SUP001,COMP027,2234,2025-03-06,15
PO007893,SUP009,COMP031,14857,2025-05-08,18
PO007894,SUP001,COMP007,4931,2025-05-17,22
PO007895,SUP009,COMP030,8430,2025-02-21,25
PO007896,SUP006,COMP034,11118,2025-11-08,7
PO007897,SUP008,COMP036,13575,2025-02-20,7
PO007898,SUP006,COMP039,8790,2025-04-30,9
PO007899,SUP010,COMP037,1756,2025-10-30,18
PO007900,SUP010,COMP014,7377,2025-09-14,16
PO007901,SUP005,COMP011,2426,2025-06-11,5
PO007902,SUP002,COMP009,12084,2025-07-20,5
PO007903,SUP001,COMP038,12495,2025-02-03,7
PO007904,SUP009,COMP010,8351,2025-09-07,13
PO007905,SUP007,COMP023,3631,2025-11-07,21
PO007906,SUP009,COMP014,8542,2025-08-08,25
PO007907,SUP008,COMP015,13629,2025-03-22,16
PO007908,SUP005,COMP011,7637,2025-12-05,16
PO007909,SUP008,COMP029,3968,2025-01-15,5
PO007910,SUP005,COMP009,13936,2025-04-14,13
PO007911,SUP003,COMP032,11560,2025-11-11,24
PO007912,SUP005,COMP016,5130,2025-01-20,17
PO007913,SUP002,COMP026,2823,2025-09-06,15
PO007914,SUP007,COMP017,8377,2025-09-28,25
PO007915,SUP005,COMP034,7614,2025-01-15,23
PO007916,SUP006,COMP025,4611,2025-03-02,10
PO007917,SUP002,COMP002,7067,2025-07-25,15
PO007918,SUP001,COMP010,10542,2025-12-26,18
PO007919,SUP003,COMP040,5475,2025-06-20,6
PO007920,SUP004,COMP023,14768,2025-07-30,3
PO007921,SUP010,COMP038,1353,2025-02-08,24
PO007922,SUP005,COMP034,732,2025-07-25,20
PO007923,SUP002,COMP004,14984,2025-08-08,23
PO007924,SUP006,COMP038,14145,2025-07-06,24
PO007925,SUP001,COMP014,11011,2025-07-24,9
PO007926,SUP003,COMP028,3311,2025-04-27,18
PO007927,SUP006,COMP002,5994,2025-11-20,12
PO007928,SUP004,COMP010,3528,2025-08-03,3
PO007929,SUP003,COMP031,9676,2025-05-21,15
PO007930,SUP003,COMP019,14548,2025-01-29,15
PO007931,SUP009,COMP014,7904,2025-06-21,22
PO007932,SUP005,COMP023,9106,2025-09-05,25
PO007933,SUP001,COMP010,4000,2025-01-10,18
PO007934,SUP002,COMP003,12782,2025-06-18,15
PO007935,SUP005,COMP003,12640,2025-01-12,16
PO007936,SUP008,COMP020,2236,2025-07-10,19
PO007937,SUP007,COMP032,10501,2025-06-12,24
PO007938,SUP003,COMP019,12385,2025-01-12,23
PO007939,SUP009,COMP032,11998,2025-05-20,6
PO007940,SUP006,COMP024,777,2025-08-21,13
PO007941,SUP008,COMP027,4738,2025-06-06,21
PO007942,SUP007,COMP016,14680,2025-10-21,8
PO007943,SUP002,COMP020,9591,2025-03-03,21
PO007944,SUP007,COMP020,3222,2025-05-22,25
PO007945,SUP001,COMP019,13055,2025-04-11,15
PO007946,SUP006,COMP019,12696,2025-06-15,5
PO007947,SUP010,COMP005,12171,2025-08-07,4
PO007948,SUP001,COMP012,12106,2025-03-12,7
PO007949,SUP007,COMP022,12163,2025-08-05,18
PO007950,SUP010,COMP040,3069,2025-08-04,15
PO007951,SUP003,COMP020,4257,2025-05-23,25
PO007952,SUP002,COMP030,13405,2025-10-06,24
PO007953,SUP002,COMP020,9066,2025-12-13,4
PO007954,SUP009,COMP040,12048,2025-07-19,14
PO007955,SUP009,COMP025,2193,2025-06-02,16
PO007956,SUP010,COMP010,11263,2025-03-01,25
PO007957,SUP002,COMP038,4142,2025-12-15,15
PO007958,SUP009,COMP030,12797,2025-07-05,18
PO007959,SUP005,COMP006,3292,2025-03-30,25
PO007960,SUP009,COMP031,7523,2025-09-06,3
PO007961,SUP005,COMP018,5551,2025-08-31,5
PO007962,SUP009,COMP025,9752,2025-06-01,24
PO007963,SUP002,COMP015,10375,2025-01-27,11
PO007964,SUP001,COMP035,1356,2025-09-17,16
PO007965,SUP003,COMP034,12949,2025-04-29,13
PO007966,SUP006,COMP031,2154,2025-05-25,8
PO007967,SUP008,COMP003,10112,2025-04-22,5
PO007968,SUP010,COMP006,12410,2025-04-04,25
PO007969,SUP002,COMP010,5996,2025-12-02,21
PO007970,SUP006,COMP015,5989,2025-04-20,23
PO007971,SUP003,COMP019,2454,2025-03-26,16
PO007972,SUP007,COMP026,11917,2025-04-02,24
PO007973,SUP001,COMP028,9701,2025-06-17,15
PO007974,SUP007,COMP003,14305,2025-11-11,3
PO007975,SUP003,COMP033,9479,2025-06-19,12
PO007976,SUP002,COMP005,14162,2025-02-09,25
PO007977,SUP002,COMP009,972,2025-02-16,14
PO007978,SUP001,COMP010,13306,2025-07-12,5
PO007979,SUP006,COMP024,14796,2025-05-11,7
PO007980,SUP008,COMP029,11487,2025-02-16,23
PO007981,SUP005,COMP005,1348,2025-06-09,14
PO007982,SUP003,COMP034,9283,2025-08-30,16
PO007983,SUP005,COMP028,8806,2025-09-19,3
PO007984,SUP010,COMP002,12097,2025-12-16,11
PO007985,SUP010,COMP021,3059,2025-07-14,3
PO007986,SUP006,COMP007,12617,2025-09-14,14
PO007987,SUP005,COMP025,5030,2025-02-18,9
PO007988,SUP008,COMP010,13854,2025-10-14,6
PO007989,SUP002,COMP009,3243,2025-04-17,5
PO007990,SUP005,COMP017,9651,2025-10-01,15
PO007991,SUP004,COMP027,7434,2025-09-16,4
PO007992,SUP003,COMP039,5703,2025-07-08,11
PO007993,SUP009,COMP022,12875,2025-10-16,25
PO007994,SUP010,COMP029,5894,2025-04-05,16
PO007995,SUP006,COMP032,1123,2025-01-30,14
PO007996,SUP007,COMP009,9081,2025-12-25,12
PO007997,SUP005,COMP013,14907,2025-03-16,22
PO007998,SUP001,COMP035,1943,2025-12-28,5
PO007999,SUP007,COMP003,12182,2025-11-01,16
PO008000,SUP003,COMP040,11732,2025-05-07,21
PO008001,SUP006,COMP028,1998,2025-04-10,15
PO008002,SUP002,COMP021,13491,2025-02-22,3
PO008003,SUP001,COMP014,8621,2025-05-13,23
PO008004,SUP010,COMP010,2532,2025-03-18,3
PO008005,SUP010,COMP027,10574,2025-09-20,15
PO008006,SUP001,COMP004,11864,2025-09-12,17
PO008007,SUP006,COMP029,2027,2025-07-05,14
PO008008,SUP006,COMP025,2765,2025-12-20,9
PO008009,SUP010,COMP019,8638,2025-08-02,12
PO008010,SUP007,COMP040,1531,2025-05-25,13
PO008011,SUP008,COMP033,13530,2025-07-11,22
PO008012,SUP001,COMP038,6009,2025-03-03,22
PO008013,SUP009,COMP002,10108,2025-06-10,22
PO008014,SUP010,COMP004,6369,2025-07-12,3
PO008015,SUP004,COMP009,6885,2025-07-27,7
PO008016,SUP006,COMP007,1396,2025-04-30,6
PO008017,SUP006,COMP016,912,2025-09-18,17
PO008018,SUP001,COMP016,4217,2025-01-01,8
PO008019,SUP005,COMP027,8430,2025-09-03,16
PO008020,SUP010,COMP027,9571,2025-12-01,20
PO008021,SUP008,COMP001,7461,2025-05-31,5
PO008022,SUP001,COMP033,1375,2025-11-15,24
PO008023,SUP002,COMP001,8197,2025-12-02,7
PO008024,SUP010,COMP040,12521,2025-08-11,18
PO008025,SUP003,COMP012,5149,2025-09-27,13
PO008026,SUP006,COMP008,6091,2025-11-20,17
PO008027,SUP001,COMP013,4730,2025-04-14,12
PO008028,SUP010,COMP006,7693,2025-02-09,24
PO008029,SUP001,COMP004,4321,2025-12-01,23
PO008030,SUP006,COMP032,10755,2025-01-21,13
PO008031,SUP009,COMP015,11190,2025-04-23,23
PO008032,SUP005,COMP038,5101,2025-05-06,23
PO008033,SUP008,COMP019,8539,2025-07-11,4
PO008034,SUP007,COMP014,7090,2025-10-13,13
PO008035,SUP004,COMP037,10715,2025-12-19,8
PO008036,SUP009,COMP026,12323,2025-04-15,15
PO008037,SUP010,COMP015,4625,2025-12-12,5
PO008038,SUP002,COMP024,2743,2025-07-02,16
PO008039,SUP005,COMP007,11147,2025-07-24,14
PO008040,SUP001,COMP028,14295,2025-06-01,9
PO008041,SUP004,COMP002,6156,2025-06-01,4
PO008042,SUP007,COMP037,7475,2025-07-09,6
PO008043,SUP005,COMP033,2807,2025-07-17,20
PO008044,SUP003,COMP030,2814,2025-06-23,16
PO008045,SUP004,COMP040,4558,2025-01-19,4
PO008046,SUP010,COMP010,11671,2025-03-21,11
PO008047,SUP002,COMP006,8268,2025-08-31,6
PO008048,SUP006,COMP023,12027,2025-04-09,16
PO008049,SUP008,COMP016,2345,2025-12-29,18
PO008050,SUP005,COMP011,13371,2025-02-03,6
PO008051,SUP006,COMP009,2174,2025-12-22,21
PO008052,SUP003,COMP028,12718,2025-11-04,10
PO008053,SUP007,COMP001,9966,2025-10-28,18
PO008054,SUP001,COMP031,3615,2025-11-12,22
PO008055,SUP006,COMP024,2141,2025-04-30,5
PO008056,SUP001,COMP016,10823,2025-10-19,20
PO008057,SUP007,COMP035,9025,2025-08-08,9
PO008058,SUP006,COMP039,5332,2025-02-21,7
PO008059,SUP004,COMP001,11501,2025-08-30,14
PO008060,SUP007,COMP029,5443,2025-06-10,10
PO008061,SUP008,COMP032,1090,2025-11-08,15
PO008062,SUP005,COMP010,2739,2025-07-07,16
PO008063,SUP004,COMP033,13208,2025-07-06,5
PO008064,SUP007,COMP002,3749,2025-02-26,7
PO008065,SUP002,COMP040,1830,2025-06-03,11
PO008066,SUP003,COMP013,9364,2025-02-10,12
PO008067,SUP006,COMP018,1429,2025-05-06,7
PO008068,SUP008,COMP018,2181,2025-06-25,11
PO008069,SUP007,COMP017,3499,2025-03-21,14
PO008070,SUP006,COMP037,2781,2025-03-11,18
PO008071,SUP002,COMP040,3502,2025-11-19,3
PO008072,SUP008,COMP020,5002,2025-02-10,24
PO008073,SUP002,COMP019,11544,2025-09-23,15
PO008074,SUP003,COMP039,14012,2025-12-09,25
PO008075,SUP008,COMP033,14205,2025-04-07,7
PO008076,SUP009,COMP019,5794,2025-04-09,19
PO008077,SUP002,COMP011,13017,2025-10-20,6
PO008078,SUP007,COMP028,13727,2025-01-30,11
PO008079,SUP001,COMP002,12591,2025-10-24,20
PO008080,SUP010,COMP015,12537,2025-08-05,20
PO008081,SUP008,COMP003,1585,2025-08-29,7
PO008082,SUP002,COMP024,11871,2025-02-14,20
PO008083,SUP005,COMP030,12870,2025-05-25,11
PO008084,SUP001,COMP004,1489,2025-06-12,11
PO008085,SUP004,COMP006,11491,2025-03-24,7
PO008086,SUP003,COMP027,5401,2025-10-26,8
PO008087,SUP004,COMP010,7745,2025-03-26,12
PO008088,SUP005,COMP023,14810,2025-01-18,10
PO008089,SUP009,COMP037,3920,2025-06-05,18
PO008090,SUP007,COMP018,10689,2025-10-27,13
PO008091,SUP003,COMP013,2978,2025-06-13,9
PO008092,SUP008,COMP031,11077,2025-06-01,8
PO008093,SUP003,COMP027,12931,2025-08-15,5
PO008094,SUP007,COMP019,9484,2025-05-11,10
PO008095,SUP006,COMP008,5196,2025-07-03,12
PO008096,SUP007,COMP009,6886,2025-01-21,13
PO008097,SUP006,COMP015,8745,2025-07-05,14
PO008098,SUP006,COMP035,8694,2025-06-23,21
PO008099,SUP010,COMP007,12528,2025-11-22,19
PO008100,SUP010,COMP004,4100,2025-05-18,18
PO008101,SUP008,COMP017,4981,2025-11-12,21
PO008102,SUP006,COMP036,5978,2025-04-19,25
PO008103,SUP010,COMP007,2526,2025-02-05,10
PO008104,SUP001,COMP035,13939,2025-04-17,7
PO008105,SUP002,COMP012,2215,2025-08-07,6
PO008106,SUP008,COMP027,2783,2025-07-02,5
PO008107,SUP010,COMP030,3890,2025-12-14,6
PO008108,SUP001,COMP010,13501,2025-11-23,24
PO008109,SUP010,COMP034,10920,2025-05-08,9
PO008110,SUP002,COMP010,7660,2025-06-16,7
PO008111,SUP009,COMP007,527,2025-01-29,17
PO008112,SUP005,COMP040,9453,2025-10-08,24
PO008113,SUP009,COMP031,1737,2025-01-05,14
PO008114,SUP005,COMP034,5279,2025-01-19,11
PO008115,SUP004,COMP036,14904,2025-01-28,4
PO008116,SUP009,COMP025,7202,2025-07-30,13
PO008117,SUP009,COMP005,5653,2025-04-17,22
PO008118,SUP004,COMP025,3050,2025-03-16,10
PO008119,SUP004,COMP040,3954,2025-07-17,11
PO008120,SUP007,COMP037,6226,2025-05-17,21
PO008121,SUP005,COMP028,6393,2025-12-23,21
PO008122,SUP003,COMP001,6442,2025-06-03,19
PO008123,SUP009,COMP034,6434,2025-01-27,17
PO008124,SUP004,COMP010,6532,2025-08-26,22
PO008125,SUP002,COMP027,3526,2025-12-05,23
PO008126,SUP010,COMP004,14734,2025-09-04,18
PO008127,SUP003,COMP027,10428,2025-03-07,14
PO008128,SUP003,COMP014,2619,2025-01-21,22
PO008129,SUP010,COMP026,7346,2025-03-16,17
PO008130,SUP003,COMP022,13430,2025-01-18,18
PO008131,SUP001,COMP005,2716,2025-01-20,3
PO008132,SUP009,COMP019,1249,2025-09-01,14
PO008133,SUP009,COMP033,3135,2025-03-08,7
PO008134,SUP008,COMP009,11629,2025-06-09,19
PO008135,SUP006,COMP038,10608,2025-04-25,5
PO008136,SUP008,COMP033,14880,2025-06-21,19
PO008137,SUP008,COMP033,13975,2025-12-05,18
PO008138,SUP004,COMP018,1370,2025-06-29,10
PO008139,SUP009,COMP026,8354,2025-12-22,15
PO008140,SUP008,COMP030,699,2025-12-13,9
PO008141,SUP008,COMP013,7746,2025-10-17,15
PO008142,SUP008,COMP010,9600,2025-01-21,9
PO008143,SUP007,COMP029,14932,2025-03-04,25
PO008144,SUP010,COMP037,9945,2025-05-09,24
PO008145,SUP007,COMP024,14032,2025-01-17,5
PO008146,SUP003,COMP013,6013,2025-09-05,19
PO008147,SUP003,COMP012,3727,2025-11-24,22
PO008148,SUP005,COMP040,12616,2025-08-25,4
PO008149,SUP009,COMP015,5514,2025-01-25,16
PO008150,SUP003,COMP025,2806,2025-11-16,14
PO008151,SUP004,COMP026,5618,2025-06-08,5
PO008152,SUP005,COMP035,14491,2025-08-31,18
PO008153,SUP008,COMP019,6050,2025-10-19,21
PO008154,SUP005,COMP008,8712,2025-10-02,10
PO008155,SUP007,COMP033,12910,2025-01-03,20
PO008156,SUP010,COMP034,9085,2025-12-27,4
PO008157,SUP010,COMP013,3222,2025-01-11,17
PO008158,SUP010,COMP025,5171,2025-05-30,19
PO008159,SUP002,COMP031,14122,2025-07-01,14
PO008160,SUP003,COMP022,14179,2025-12-30,10
PO008161,SUP010,COMP005,10763,2025-04-04,14
PO008162,SUP006,COMP009,5758,2025-01-15,3
PO008163,SUP004,COMP004,9414,2025-10-22,25
PO008164,SUP008,COMP013,12515,2025-09-01,16
PO008165,SUP001,COMP012,8206,2025-09-23,18
PO008166,SUP001,COMP013,14654,2025-05-08,7
PO008167,SUP002,COMP022,14834,2025-09-14,9
PO008168,SUP007,COMP014,1150,2025-04-11,25
PO008169,SUP010,COMP009,8870,2025-06-26,19
PO008170,SUP007,COMP030,4946,2025-04-25,23
PO008171,SUP007,COMP002,5283,2025-09-15,24
PO008172,SUP010,COMP034,9030,2025-05-01,10
PO008173,SUP007,COMP009,12554,2025-10-08,24
PO008174,SUP002,COMP029,12497,2025-06-12,3
PO008175,SUP007,COMP003,11766,2025-10-30,12
PO008176,SUP008,COMP005,9255,2025-09-19,19
PO008177,SUP001,COMP025,11534,2025-11-16,23
PO008178,SUP006,COMP005,14363,2025-04-30,5
PO008179,SUP010,COMP008,13100,2025-05-22,8
PO008180,SUP010,COMP027,7840,2025-04-13,3
PO008181,SUP008,COMP017,6907,2025-10-08,15
PO008182,SUP004,COMP035,6684,2025-06-01,15
PO008183,SUP002,COMP004,12715,2025-08-22,20
PO008184,SUP002,COMP011,7896,2025-08-22,22
PO008185,SUP005,COMP040,2505,2025-08-30,16
PO008186,SUP006,COMP021,8894,2025-11-09,20
PO008187,SUP009,COMP009,4108,2025-11-03,5
PO008188,SUP007,COMP010,8406,2025-01-18,12
PO008189,SUP010,COMP007,5164,2025-11-25,6
PO008190,SUP009,COMP024,7318,2025-03-07,10
PO008191,SUP004,COMP014,9214,2025-12-12,10
PO008192,SUP002,COMP026,8671,2025-04-02,21
PO008193,SUP001,COMP003,4344,2025-08-20,7
PO008194,SUP005,COMP032,14721,2025-01-31,24
PO008195,SUP010,COMP017,2451,2025-11-10,14
PO008196,SUP002,COMP013,1358,2025-09-08,12
PO008197,SUP006,COMP024,2910,2025-11-03,4
PO008198,SUP001,COMP013,6246,2025-11-11,8
PO008199,SUP001,COMP024,8334,2025-11-28,4
PO008200,SUP009,COMP013,10026,2025-12-16,7
PO008201,SUP003,COMP027,4466,2025-01-02,9
PO008202,SUP001,COMP032,8771,2025-04-30,23
PO008203,SUP008,COMP005,14271,2025-11-25,16
PO008204,SUP005,COMP010,12417,2025-11-07,11
PO008205,SUP007,COMP007,2900,2025-11-19,14
PO008206,SUP008,COMP040,14886,2025-10-02,24
PO008207,SUP002,COMP011,3593,2025-04-08,6
PO008208,SUP007,COMP002,14033,2025-04-12,4
PO008209,SUP009,COMP040,10340,2025-04-05,24
PO008210,SUP006,COMP026,4441,2025-12-13,5
PO008211,SUP002,COMP019,852,2025-03-29,6
PO008212,SUP006,COMP014,1317,2025-09-18,3
PO008213,SUP005,COMP004,3130,2025-08-24,16
PO008214,SUP002,COMP030,8508,2025-10-07,6
PO008215,SUP003,COMP033,10156,2025-05-08,10
PO008216,SUP003,COMP015,5016,2025-07-11,11
PO008217,SUP003,COMP010,12920,2025-04-16,24
PO008218,SUP002,COMP031,11647,2025-09-13,19
PO008219,SUP002,COMP025,3411,2025-02-27,11
PO008220,SUP003,COMP031,7301,2025-07-05,23
PO008221,SUP007,COMP022,7675,2025-01-12,18
PO008222,SUP007,COMP010,1606,2025-12-19,11
PO008223,SUP002,COMP027,4081,2025-06-10,4
PO008224,SUP003,COMP005,5149,2025-04-06,5
PO008225,SUP001,COMP025,11167,2025-03-03,6
PO008226,SUP005,COMP005,1264,2025-07-19,12
PO008227,SUP006,COMP022,8747,2025-04-06,3
PO008228,SUP001,COMP037,4673,2025-02-02,25
PO008229,SUP003,COMP018,4654,2025-07-03,6
PO008230,SUP007,COMP007,10272,2025-06-07,16
PO008231,SUP006,COMP016,13327,2025-08-26,3
PO008232,SUP010,COMP010,4068,2025-09-19,24
PO008233,SUP008,COMP039,13769,2025-09-23,10
PO008234,SUP003,COMP015,3277,2025-05-05,25
PO008235,SUP007,COMP029,7700,2025-01-13,22
PO008236,SUP009,COMP037,13931,2025-07-09,9
PO008237,SUP005,COMP010,6301,2025-12-21,5
PO008238,SUP008,COMP004,2495,2025-04-09,25
PO008239,SUP006,COMP033,9241,2025-02-16,24
PO008240,SUP003,COMP008,6617,2025-07-11,14
PO008241,SUP003,COMP017,9661,2025-10-23,22
PO008242,SUP004,COMP001,14837,2025-09-16,18
PO008243,SUP002,COMP014,715,2025-02-22,15
PO008244,SUP002,COMP036,9065,2025-01-14,12
PO008245,SUP002,COMP007,12016,2025-04-03,5
PO008246,SUP003,COMP025,2508,2025-01-26,21
PO008247,SUP001,COMP028,11801,2025-03-02,4
PO008248,SUP003,COMP037,13238,2025-07-19,18
PO008249,SUP005,COMP027,14592,2025-12-27,22
PO008250,SUP008,COMP029,8876,2025-01-13,9
PO008251,SUP005,COMP037,13320,2025-04-10,6
PO008252,SUP007,COMP015,12325,2025-11-01,9
PO008253,SUP005,COMP035,4356,2025-07-07,14
PO008254,SUP008,COMP020,9940,2025-01-16,20
PO008255,SUP006,COMP029,5411,2025-09-07,5
PO008256,SUP008,COMP029,2256,2025-06-13,13
PO008257,SUP007,COMP019,9046,2025-10-22,25
PO008258,SUP007,COMP017,4361,2025-03-20,7
PO008259,SUP005,COMP026,10121,2025-07-17,10
PO008260,SUP002,COMP035,10893,2025-02-21,13
PO008261,SUP009,COMP039,10543,2025-08-04,3
PO008262,SUP010,COMP040,3724,2025-12-27,23
PO008263,SUP003,COMP025,3812,2025-05-09,9
PO008264,SUP001,COMP039,2952,2025-08-09,8
PO008265,SUP001,COMP019,8895,2025-03-11,11
PO008266,SUP001,COMP008,13700,2025-06-27,7
PO008267,SUP002,COMP029,13068,2025-04-17,20
PO008268,SUP002,COMP004,1605,2025-12-04,19
PO008269,SUP010,COMP029,4406,2025-04-16,25
PO008270,SUP003,COMP019,13429,2025-09-02,6
PO008271,SUP006,COMP011,6096,2025-10-13,21
PO008272,SUP010,COMP039,11976,2025-12-28,15
PO008273,SUP008,COMP015,10569,2025-01-31,9
PO008274,SUP002,COMP025,9821,2025-08-17,8
PO008275,SUP009,COMP007,9338,2025-09-19,14
PO008276,SUP009,COMP017,1110,2025-08-23,10
PO008277,SUP005,COMP015,1858,2025-10-20,3
PO008278,SUP009,COMP023,10784,2025-08-18,25
PO008279,SUP004,COMP018,6963,2025-11-13,19
PO008280,SUP007,COMP030,6065,2025-12-17,20
PO008281,SUP010,COMP031,1495,2025-02-17,13
PO008282,SUP005,COMP010,11405,2025-03-10,24
PO008283,SUP008,COMP003,10665,2025-07-08,14
PO008284,SUP008,COMP030,14873,2025-11-30,8
PO008285,SUP001,COMP004,12301,2025-06-14,25
PO008286,SUP004,COMP027,13248,2025-10-09,19
PO008287,SUP010,COMP004,9577,2025-10-23,16
PO008288,SUP005,COMP015,5635,2025-05-06,20
PO008289,SUP003,COMP003,2176,2025-10-04,18
PO008290,SUP008,COMP027,7902,2025-12-23,5
PO008291,SUP003,COMP037,4905,2025-11-30,11
PO008292,SUP002,COMP005,6565,2025-04-24,23
PO008293,SUP001,COMP040,2264,2025-03-18,25
PO008294,SUP008,COMP004,13687,2025-08-16,9
PO008295,SUP007,COMP026,3426,2025-01-27,16
PO008296,SUP003,COMP032,2548,2025-05-13,11
PO008297,SUP008,COMP001,14023,2025-10-18,21
PO008298,SUP007,COMP031,4759,2025-07-06,3
PO008299,SUP008,COMP005,7573,2025-03-16,10
PO008300,SUP010,COMP010,6342,2025-03-10,16
PO008301,SUP006,COMP024,5948,2025-12-21,23
PO008302,SUP008,COMP022,7774,2025-07-28,24
PO008303,SUP009,COMP008,2316,2025-03-25,3
PO008304,SUP001,COMP023,7371,2025-06-14,24
PO008305,SUP006,COMP023,4494,2025-01-25,24
PO008306,SUP005,COMP002,8399,2025-05-23,9
PO008307,SUP010,COMP014,9196,2025-08-23,8
PO008308,SUP008,COMP001,8289,2025-12-01,14
PO008309,SUP010,COMP014,4222,2025-06-30,22
PO008310,SUP003,COMP019,3239,2025-04-10,20
PO008311,SUP005,COMP017,9579,2025-03-08,10
PO008312,SUP003,COMP035,10161,2025-01-07,6
PO008313,SUP008,COMP005,1101,2025-07-23,9
PO008314,SUP008,COMP034,1739,2025-12-19,6
PO008315,SUP009,COMP028,9055,2025-10-28,10
PO008316,SUP009,COMP014,10070,2025-12-17,25
PO008317,SUP006,COMP017,3628,2025-05-22,23
PO008318,SUP006,COMP032,11890,2025-12-20,5
PO008319,SUP003,COMP036,5166,2025-01-29,9
PO008320,SUP009,COMP017,12856,2025-02-01,14
PO008321,SUP009,COMP034,8100,2025-01-04,11
PO008322,SUP010,COMP006,9796,2025-04-12,6
PO008323,SUP009,COMP030,4090,2025-03-08,10
PO008324,SUP004,COMP021,2168,2025-10-18,13
PO008325,SUP001,COMP040,7287,2025-03-13,9
PO008326,SUP004,COMP020,4978,2025-01-14,24
PO008327,SUP006,COMP037,12958,2025-12-09,10
PO008328,SUP009,COMP040,9413,2025-05-01,10
PO008329,SUP004,COMP014,7803,2025-12-14,19
PO008330,SUP008,COMP014,11453,2025-12-04,10
PO008331,SUP006,COMP034,1466,2025-06-17,20
PO008332,SUP003,COMP040,10805,2025-10-27,19
PO008333,SUP010,COMP022,9814,2025-09-15,5
PO008334,SUP005,COMP034,9285,2025-01-07,13
PO008335,SUP010,COMP022,1595,2025-06-29,13
PO008336,SUP007,COMP032,4992,2025-07-26,12
PO008337,SUP003,COMP012,8079,2025-04-12,4
PO008338,SUP001,COMP027,4426,2025-07-20,12
PO008339,SUP008,COMP003,5052,2025-09-26,18
PO008340,SUP001,COMP019,14175,2025-03-13,19
PO008341,SUP001,COMP018,11445,2025-10-04,22
PO008342,SUP002,COMP039,2808,2025-11-14,12
PO008343,SUP005,COMP029,7414,2025-04-20,9
PO008344,SUP008,COMP032,13150,2025-11-05,21
PO008345,SUP004,COMP033,810,2025-05-11,17
PO008346,SUP001,COMP008,4493,2025-01-05,9
PO008347,SUP008,COMP028,14605,2025-01-06,11
PO008348,SUP010,COMP007,10105,2025-02-20,18
PO008349,SUP010,COMP037,8166,2025-01-11,13
PO008350,SUP008,COMP038,14349,2025-12-12,17
PO008351,SUP004,COMP007,835,2025-09-16,4
PO008352,SUP003,COMP032,12682,2025-02-05,10
PO008353,SUP007,COMP011,13942,2025-04-04,13
PO008354,SUP006,COMP032,9025,2025-05-25,5
PO008355,SUP010,COMP001,4583,2025-03-18,7
PO008356,SUP003,COMP005,2414,2025-04-23,25
PO008357,SUP009,COMP033,7488,2025-11-12,23
PO008358,SUP002,COMP036,7132,2025-08-10,3
PO008359,SUP008,COMP001,10588,2025-06-07,5
PO008360,SUP010,COMP021,8625,2025-03-23,11
PO008361,SUP002,COMP027,9632,2025-06-24,19
PO008362,SUP005,COMP023,11932,2025-04-17,15
PO008363,SUP010,COMP033,11330,2025-02-07,23
PO008364,SUP001,COMP023,3770,2025-06-08,3
PO008365,SUP006,COMP015,5315,2025-09-12,12
PO008366,SUP010,COMP012,13993,2025-11-24,9
PO008367,SUP001,COMP035,1581,2025-01-26,18
PO008368,SUP010,COMP038,13440,2025-04-29,11
PO008369,SUP006,COMP026,6359,2025-02-06,10
PO008370,SUP010,COMP002,14228,2025-08-29,24
PO008371,SUP003,COMP025,7950,2025-06-03,24
PO008372,SUP006,COMP016,12495,2025-04-26,22
PO008373,SUP007,COMP009,5692,2025-10-21,21
PO008374,SUP010,COMP006,7720,2025-10-09,3
PO008375,SUP003,COMP031,2112,2025-06-12,8
PO008376,SUP003,COMP029,4345,2025-09-04,25
PO008377,SUP003,COMP009,7276,2025-04-13,19
PO008378,SUP007,COMP008,8164,2025-02-26,15
PO008379,SUP009,COMP005,3659,2025-10-08,9
PO008380,SUP006,COMP034,2199,2025-09-10,19
PO008381,SUP002,COMP002,13249,2025-07-03,7
PO008382,SUP005,COMP021,703,2025-04-07,13
PO008383,SUP008,COMP035,3967,2025-07-07,12
PO008384,SUP003,COMP005,12800,2025-03-01,25
PO008385,SUP004,COMP022,8256,2025-11-13,15
PO008386,SUP002,COMP020,4789,2025-06-01,3
PO008387,SUP001,COMP022,7999,2025-10-27,21
PO008388,SUP008,COMP039,9488,2025-06-05,10
PO008389,SUP002,COMP022,3308,2025-03-25,18
PO008390,SUP010,COMP006,2305,2025-01-07,24
PO008391,SUP008,COMP020,7624,2025-06-29,13
PO008392,SUP001,COMP026,6553,2025-05-02,3
PO008393,SUP003,COMP001,917,2025-08-05,20
PO008394,SUP007,COMP023,11176,2025-03-25,9
PO008395,SUP003,COMP004,5468,2025-03-11,3
PO008396,SUP005,COMP011,2926,2025-05-23,17
PO008397,SUP001,COMP017,3064,2025-09-25,12
PO008398,SUP009,COMP021,1295,2025-02-08,9
PO008399,SUP007,COMP031,2757,2025-06-01,13
PO008400,SUP001,COMP036,10582,2025-05-02,7
PO008401,SUP001,COMP002,9148,2025-06-12,25
PO008402,SUP009,COMP029,5792,2025-03-16,5
PO008403,SUP010,COMP015,3121,2025-07-16,22
PO008404,SUP005,COMP018,11335,2025-07-12,12
PO008405,SUP004,COMP007,821,2025-03-06,21
PO008406,SUP002,COMP009,941,2025-10-16,18
PO008407,SUP007,COMP022,9013,2025-04-20,23
PO008408,SUP006,COMP032,2368,2025-11-26,25
PO008409,SUP008,COMP034,13002,2025-08-05,7
PO008410,SUP001,COMP034,12632,2025-11-01,8
PO008411,SUP008,COMP038,9951,2025-09-11,22
PO008412,SUP004,COMP017,9614,2025-04-20,8
PO008413,SUP010,COMP017,9013,2025-01-09,18
PO008414,SUP005,COMP010,7087,2025-09-15,22
PO008415,SUP001,COMP008,7829,2025-06-30,4
PO008416,SUP002,COMP030,8328,2025-06-28,11
PO008417,SUP008,COMP023,1030,2025-04-23,23
PO008418,SUP002,COMP027,14993,2025-11-20,25
PO008419,SUP009,COMP008,6360,2025-08-23,9
PO008420,SUP007,COMP028,5596,2025-01-08,24
PO008421,SUP010,COMP027,9676,2025-01-04,6
PO008422,SUP003,COMP002,809,2025-04-18,21
PO008423,SUP001,COMP034,11163,2025-03-04,25
PO008424,SUP010,COMP030,12448,2025-01-30,24
PO008425,SUP005,COMP029,7150,2025-06-23,22
PO008426,SUP006,COMP019,14821,2025-05-28,4
PO008427,SUP009,COMP035,9615,2025-09-14,13
PO008428,SUP001,COMP013,13650,2025-09-09,8
PO008429,SUP002,COMP037,3858,2025-01-14,12
PO008430,SUP002,COMP036,13409,2025-01-09,19
PO008431,SUP005,COMP036,2671,2025-10-28,16
PO008432,SUP001,COMP019,7379,2025-03-22,4
PO008433,SUP009,COMP032,4300,2025-10-09,12
PO008434,SUP004,COMP009,3251,2025-02-21,14
PO008435,SUP007,COMP015,13430,2025-06-01,9
PO008436,SUP010,COMP032,7392,2025-09-15,7
PO008437,SUP006,COMP009,13978,2025-05-05,19
PO008438,SUP002,COMP022,13059,2025-05-25,18
PO008439,SUP005,COMP014,12033,2025-03-29,23
PO008440,SUP010,COMP039,6337,2025-06-16,17
PO008441,SUP006,COMP021,4397,2025-09-28,10
PO008442,SUP006,COMP002,7636,2025-06-26,25
PO008443,SUP005,COMP005,3593,2025-10-22,3
PO008444,SUP008,COMP018,14782,2025-05-09,10
PO008445,SUP003,COMP037,8445,2025-10-19,7
PO008446,SUP001,COMP012,12848,2025-03-12,8
PO008447,SUP002,COMP010,4349,2025-12-14,17
PO008448,SUP001,COMP015,3057,2025-11-21,23
PO008449,SUP003,COMP034,8717,2025-10-01,22
PO008450,SUP008,COMP004,11610,2025-04-03,24
PO008451,SUP007,COMP002,1448,2025-11-22,14
PO008452,SUP003,COMP004,7438,2025-02-28,3
PO008453,SUP009,COMP019,2289,2025-01-13,15
PO008454,SUP010,COMP032,8264,2025-12-18,23
PO008455,SUP008,COMP022,3582,2025-03-13,10
PO008456,SUP009,COMP026,3640,2025-12-07,23
PO008457,SUP008,COMP031,3867,2025-07-26,12
PO008458,SUP003,COMP008,7745,2025-10-07,13
PO008459,SUP008,COMP011,14564,2025-03-28,19
PO008460,SUP001,COMP018,12037,2025-12-23,10
PO008461,SUP007,COMP039,1970,2025-08-13,12
PO008462,SUP003,COMP014,9582,2025-01-28,23
PO008463,SUP009,COMP028,10373,2025-02-15,21
PO008464,SUP002,COMP034,1377,2025-10-21,20
PO008465,SUP002,COMP031,5405,2025-06-13,13
PO008466,SUP003,COMP029,13149,2025-06-13,23
PO008467,SUP004,COMP032,14595,2025-01-05,3
PO008468,SUP005,COMP008,1054,2025-03-30,9
PO008469,SUP004,COMP025,13166,2025-03-23,20
PO008470,SUP007,COMP019,1790,2025-02-05,15
PO008471,SUP010,COMP009,8540,2025-08-30,23
PO008472,SUP001,COMP016,9541,2025-11-01,10
PO008473,SUP002,COMP015,11913,2025-12-05,16
PO008474,SUP005,COMP038,838,2025-05-05,16
PO008475,SUP006,COMP029,1735,2025-08-05,19
PO008476,SUP009,COMP039,8518,2025-03-17,21
PO008477,SUP004,COMP005,10343,2025-01-16,5
PO008478,SUP001,COMP006,9383,2025-06-28,14
PO008479,SUP005,COMP001,6641,2025-09-06,11
PO008480,SUP005,COMP034,8463,2025-01-12,10
PO008481,SUP009,COMP006,11891,2025-09-12,6
PO008482,SUP008,COMP018,8422,2025-05-29,22
PO008483,SUP001,COMP031,10535,2025-04-04,10
PO008484,SUP003,COMP034,6562,2025-04-14,10
PO008485,SUP008,COMP016,6997,2025-03-16,9
PO008486,SUP001,COMP022,12946,2025-08-16,15
PO008487,SUP003,COMP004,12017,2025-08-25,8
PO008488,SUP007,COMP027,13908,2025-11-05,10
PO008489,SUP002,COMP035,12246,2025-07-07,19
PO008490,SUP006,COMP012,12022,2025-11-30,6
PO008491,SUP009,COMP028,2826,2025-07-09,10
PO008492,SUP010,COMP023,6888,2025-04-20,21
PO008493,SUP005,COMP035,8560,2025-05-25,8
PO008494,SUP003,COMP017,3839,2025-05-30,21
PO008495,SUP001,COMP038,14142,2025-04-13,11
PO008496,SUP003,COMP025,12868,2025-10-27,8
PO008497,SUP007,COMP015,14862,2025-06-07,11
PO008498,SUP005,COMP036,3945,2025-01-04,11
PO008499,SUP002,COMP002,14376,2025-07-09,12
PO008500,SUP006,COMP034,10511,2025-07-19,3
PO008501,SUP002,COMP039,4193,2025-11-23,17
PO008502,SUP008,COMP011,9531,2025-07-19,18
PO008503,SUP006,COMP028,7121,2025-10-03,3
PO008504,SUP008,COMP013,5572,2025-06-23,25
PO008505,SUP008,COMP008,881,2025-08-26,6
PO008506,SUP008,COMP033,863,2025-07-29,14
PO008507,SUP006,COMP003,3317,2025-08-07,12
PO008508,SUP008,COMP009,2687,2025-04-14,5
PO008509,SUP005,COMP027,11655,2025-05-31,7
PO008510,SUP001,COMP010,708,2025-08-17,15
PO008511,SUP006,COMP032,9898,2025-08-09,15
PO008512,SUP008,COMP023,9055,2025-02-11,25
PO008513,SUP004,COMP020,4236,2025-06-01,25
PO008514,SUP005,COMP030,14542,2025-08-15,15
PO008515,SUP003,COMP015,7000,2025-12-28,25
PO008516,SUP010,COMP025,7182,2025-12-11,10
PO008517,SUP008,COMP036,7503,2025-03-03,8
PO008518,SUP001,COMP017,6291,2025-11-15,18
PO008519,SUP008,COMP027,8395,2025-11-25,11
PO008520,SUP001,COMP017,10650,2025-06-28,3
PO008521,SUP007,COMP039,3230,2025-06-28,5
PO008522,SUP010,COMP008,1922,2025-06-27,24
PO008523,SUP006,COMP028,6125,2025-04-01,22
PO008524,SUP003,COMP030,11452,2025-10-12,6
PO008525,SUP004,COMP026,2855,2025-05-13,24
PO008526,SUP009,COMP001,13149,2025-12-29,11
PO008527,SUP007,COMP031,8193,2025-11-08,10
PO008528,SUP004,COMP036,4378,2025-10-26,13
PO008529,SUP001,COMP010,10744,2025-08-26,20
PO008530,SUP007,COMP011,11565,2025-07-17,9
PO008531,SUP002,COMP017,1970,2025-04-27,13
PO008532,SUP001,COMP013,11792,2025-11-07,17
PO008533,SUP009,COMP021,1833,2025-06-03,5
PO008534,SUP003,COMP002,14305,2025-02-04,5
PO008535,SUP010,COMP002,6805,2025-09-10,18
PO008536,SUP004,COMP027,9421,2025-06-13,8
PO008537,SUP004,COMP030,13103,2025-11-25,12
PO008538,SUP008,COMP027,2499,2025-03-01,13
PO008539,SUP006,COMP035,12529,2025-05-25,21
PO008540,SUP008,COMP013,8810,2025-06-05,3
PO008541,SUP001,COMP034,2321,2025-02-08,4
PO008542,SUP006,COMP010,1992,2025-03-27,11
PO008543,SUP001,COMP031,7432,2025-07-31,18
PO008544,SUP009,COMP025,11993,2025-02-21,22
PO008545,SUP009,COMP025,12959,2025-07-15,12
PO008546,SUP006,COMP013,4489,2025-09-22,9
PO008547,SUP008,COMP015,3843,2025-03-04,4
PO008548,SUP008,COMP020,7675,2025-07-24,3
PO008549,SUP004,COMP006,1155,2025-08-29,17
PO008550,SUP008,COMP013,11071,2025-07-08,10
PO008551,SUP004,COMP037,7208,2025-05-16,5
PO008552,SUP005,COMP020,1982,2025-03-26,18
PO008553,SUP006,COMP031,13873,2025-10-19,20
PO008554,SUP009,COMP001,3373,2025-08-23,7
PO008555,SUP001,COMP040,10483,2025-12-17,9
PO008556,SUP006,COMP011,6468,2025-02-06,7
PO008557,SUP001,COMP040,9191,2025-08-21,14
PO008558,SUP006,COMP020,12739,2025-07-24,18
PO008559,SUP001,COMP001,5189,2025-09-01,14
PO008560,SUP009,COMP030,1209,2025-02-20,7
PO008561,SUP009,COMP002,9704,2025-08-23,4
PO008562,SUP004,COMP018,2134,2025-03-03,15
PO008563,SUP004,COMP035,7361,2025-02-07,4
PO008564,SUP002,COMP001,9181,2025-04-13,4
PO008565,SUP002,COMP024,3677,2025-06-25,24
PO008566,SUP003,COMP029,9618,2025-01-12,4
PO008567,SUP006,COMP027,1113,2025-09-18,20
PO008568,SUP007,COMP013,13383,2025-10-13,24
PO008569,SUP005,COMP006,10348,2025-07-16,7
PO008570,SUP009,COMP020,13789,2025-02-24,22
PO008571,SUP005,COMP017,7685,2025-05-25,15
PO008572,SUP010,COMP002,12340,2025-07-04,18
PO008573,SUP010,COMP011,4573,2025-03-28,24
PO008574,SUP002,COMP035,3740,2025-10-20,13
PO008575,SUP008,COMP027,12039,2025-10-04,14
PO008576,SUP004,COMP034,10429,2025-04-29,9
PO008577,SUP006,COMP025,2564,2025-12-25,11
PO008578,SUP002,COMP039,6182,2025-02-12,17
PO008579,SUP009,COMP026,4346,2025-02-20,20
PO008580,SUP010,COMP012,8084,2025-09-23,15
PO008581,SUP010,COMP036,11072,2025-07-07,16
PO008582,SUP009,COMP031,12339,2025-10-19,15
PO008583,SUP008,COMP013,8121,2025-12-19,22
PO008584,SUP010,COMP024,6775,2025-10-01,19
PO008585,SUP001,COMP034,5781,2025-12-19,22
PO008586,SUP007,COMP028,6215,2025-03-15,6
PO008587,SUP007,COMP014,11774,2025-11-24,23
PO008588,SUP005,COMP034,8298,2025-10-10,15
PO008589,SUP005,COMP034,890,2025-03-05,4
PO008590,SUP006,COMP008,11146,2025-02-17,19
PO008591,SUP005,COMP009,11337,2025-07-12,12
PO008592,SUP002,COMP001,3071,2025-03-16,4
PO008593,SUP006,COMP035,4420,2025-06-14,21
PO008594,SUP006,COMP031,13145,2025-10-11,19
PO008595,SUP001,COMP035,4159,2025-06-27,7
PO008596,SUP007,COMP012,12400,2025-08-18,10
PO008597,SUP009,COMP012,7739,2025-07-22,3
PO008598,SUP007,COMP030,1090,2025-07-23,7
PO008599,SUP006,COMP001,10637,2025-02-11,24
PO008600,SUP008,COMP040,3248,2025-07-26,6
PO008601,SUP002,COMP040,12085,2025-10-03,25
PO008602,SUP001,COMP039,13546,2025-06-16,16
PO008603,SUP001,COMP025,11117,2025-10-21,22
PO008604,SUP004,COMP012,4515,2025-03-12,9
PO008605,SUP007,COMP032,11857,2025-05-03,15
PO008606,SUP006,COMP017,12319,2025-01-25,5
PO008607,SUP010,COMP031,4006,2025-03-03,5
PO008608,SUP002,COMP011,870,2025-03-14,17
PO008609,SUP003,COMP012,2360,2025-07-21,10
PO008610,SUP002,COMP032,5339,2025-12-09,24
PO008611,SUP002,COMP040,10234,2025-04-25,20
PO008612,SUP010,COMP009,11317,2025-08-19,10
PO008613,SUP004,COMP018,13968,2025-01-09,22
PO008614,SUP006,COMP035,6972,2025-05-06,13
PO008615,SUP005,COMP028,10092,2025-04-05,10
PO008616,SUP003,COMP025,13294,2025-08-08,7
PO008617,SUP005,COMP010,10026,2025-10-31,16
PO008618,SUP007,COMP015,10181,2025-01-09,17
PO008619,SUP005,COMP009,11345,2025-07-17,16
PO008620,SUP004,COMP014,8721,2025-11-18,22
PO008621,SUP002,COMP012,2926,2025-09-28,3
PO008622,SUP001,COMP012,14002,2025-04-24,23
PO008623,SUP008,COMP004,10860,2025-12-14,16
PO008624,SUP001,COMP040,13693,2025-12-17,9
PO008625,SUP002,COMP019,1587,2025-08-23,24
PO008626,SUP004,COMP016,6882,2025-02-27,8
PO008627,SUP004,COMP038,4064,2025-04-14,20
PO008628,SUP002,COMP036,10183,2025-05-12,13
PO008629,SUP005,COMP038,7737,2025-06-29,5
PO008630,SUP006,COMP011,4451,2025-09-29,24
PO008631,SUP006,COMP036,9919,2025-08-13,7
PO008632,SUP006,COMP002,13467,2025-07-15,17
PO008633,SUP002,COMP015,2821,2025-03-10,24
PO008634,SUP004,COMP029,13894,2025-12-27,3
PO008635,SUP010,COMP002,14982,2025-05-02,6
PO008636,SUP004,COMP020,6914,2025-06-09,12
PO008637,SUP004,COMP039,663,2025-12-26,5
PO008638,SUP006,COMP015,4130,2025-10-23,13
PO008639,SUP009,COMP015,14251,2025-04-07,25
PO008640,SUP003,COMP028,6411,2025-01-21,22
PO008641,SUP001,COMP008,3357,2025-09-28,5
PO008642,SUP009,COMP020,11184,2025-10-01,22
PO008643,SUP004,COMP025,5409,2025-06-20,22
PO008644,SUP001,COMP016,14813,2025-12-12,4
PO008645,SUP001,COMP025,8130,2025-10-22,21
PO008646,SUP002,COMP013,5153,2025-07-29,20
PO008647,SUP001,COMP025,10787,2025-01-15,15
PO008648,SUP006,COMP026,1558,2025-03-16,6
PO008649,SUP008,COMP020,8232,2025-03-13,16
PO008650,SUP008,COMP012,3970,2025-06-05,4
PO008651,SUP007,COMP035,9453,2025-08-14,18
PO008652,SUP003,COMP031,13195,2025-06-23,23
PO008653,SUP004,COMP036,7343,2025-07-19,20
PO008654,SUP010,COMP032,12091,2025-01-29,17
PO008655,SUP004,COMP020,11096,2025-03-06,6
PO008656,SUP009,COMP002,12415,2025-09-19,22
PO008657,SUP004,COMP007,7011,2025-11-06,19
PO008658,SUP003,COMP013,12306,2025-09-13,21
PO008659,SUP010,COMP024,4504,2025-06-04,7
PO008660,SUP001,COMP022,7230,2025-07-27,19
PO008661,SUP001,COMP030,4173,2025-07-03,8
PO008662,SUP007,COMP029,5696,2025-07-18,14
PO008663,SUP003,COMP040,14410,2025-12-14,25
PO008664,SUP009,COMP001,6631,2025-05-05,23
PO008665,SUP001,COMP013,7008,2025-03-02,3
PO008666,SUP001,COMP018,10771,2025-08-11,23
PO008667,SUP001,COMP022,2286,2025-01-02,3
PO008668,SUP002,COMP037,12272,2025-11-15,13
PO008669,SUP001,COMP003,10729,2025-10-13,18
PO008670,SUP003,COMP026,4947,2025-08-03,7
PO008671,SUP008,COMP007,7343,2025-08-22,14
PO008672,SUP003,COMP001,6419,2025-10-21,10
PO008673,SUP006,COMP017,1782,2025-07-09,18
PO008674,SUP003,COMP016,9988,2025-09-11,11
PO008675,SUP003,COMP017,13524,2025-08-26,12
PO008676,SUP003,COMP021,9360,2025-10-29,6
PO008677,SUP010,COMP038,12098,2025-06-11,22
PO008678,SUP008,COMP020,7521,2025-06-16,5
PO008679,SUP010,COMP035,5356,2025-08-05,24
PO008680,SUP006,COMP025,3961,2025-02-26,15
PO008681,SUP001,COMP014,3526,2025-11-26,20
PO008682,SUP009,COMP033,10152,2025-05-13,24
PO008683,SUP009,COMP037,8421,2025-10-13,22
PO008684,SUP005,COMP007,11870,2025-09-10,7
PO008685,SUP007,COMP015,11833,2025-12-28,14
PO008686,SUP003,COMP034,9524,2025-03-12,19
PO008687,SUP001,COMP034,3132,2025-04-20,6
PO008688,SUP005,COMP013,11348,2025-01-20,24
PO008689,SUP003,COMP023,2941,2025-01-21,3
PO008690,SUP003,COMP037,12854,2025-12-20,19
PO008691,SUP010,COMP002,5249,2025-03-24,24
PO008692,SUP007,COMP037,11887,2025-10-08,4
PO008693,SUP009,COMP031,9402,2025-03-30,13
PO008694,SUP004,COMP017,6679,2025-09-11,24
PO008695,SUP001,COMP038,10095,2025-08-16,24
PO008696,SUP009,COMP022,11153,2025-01-19,16
PO008697,SUP002,COMP025,1603,2025-05-08,6
PO008698,SUP003,COMP008,8025,2025-09-28,20
PO008699,SUP009,COMP034,11532,2025-11-17,5
PO008700,SUP007,COMP012,6927,2025-08-05,15
PO008701,SUP010,COMP033,8306,2025-05-18,7
PO008702,SUP003,COMP016,14870,2025-04-27,19
PO008703,SUP005,COMP020,5605,2025-07-24,5
PO008704,SUP002,COMP030,9804,2025-06-12,12
PO008705,SUP010,COMP024,12700,2025-08-23,5
PO008706,SUP002,COMP029,13275,2025-01-06,12
PO008707,SUP010,COMP017,11045,2025-12-25,12
PO008708,SUP002,COMP024,3652,2025-07-17,6
PO008709,SUP005,COMP022,14506,2025-02-06,24
PO008710,SUP009,COMP014,1713,2025-04-28,7
PO008711,SUP002,COMP034,2298,2025-12-25,15
PO008712,SUP008,COMP003,5443,2025-10-26,6
PO008713,SUP006,COMP026,14182,2025-02-25,3
PO008714,SUP001,COMP032,2595,2025-08-10,4
PO008715,SUP008,COMP025,8896,2025-12-16,14
PO008716,SUP002,COMP027,14874,2025-05-30,4
PO008717,SUP007,COMP019,1045,2025-01-27,13
PO008718,SUP009,COMP019,5322,2025-06-27,6
PO008719,SUP003,COMP033,14866,2025-03-29,18
PO008720,SUP003,COMP040,4785,2025-03-23,20
PO008721,SUP010,COMP035,1735,2025-02-26,16
PO008722,SUP007,COMP019,13787,2025-11-02,18
PO008723,SUP003,COMP018,9098,2025-05-07,7
PO008724,SUP006,COMP039,5769,2025-09-11,12
PO008725,SUP009,COMP024,10688,2025-02-25,10
PO008726,SUP004,COMP032,6262,2025-10-25,21
PO008727,SUP004,COMP015,4688,2025-07-07,20
PO008728,SUP003,COMP014,9483,2025-09-30,5
PO008729,SUP009,COMP032,2331,2025-07-23,21
PO008730,SUP005,COMP025,12712,2025-08-13,14
PO008731,SUP007,COMP036,13283,2025-11-10,24
PO008732,SUP003,COMP039,10793,2025-04-04,12
PO008733,SUP008,COMP027,9005,2025-01-17,18
PO008734,SUP003,COMP022,8181,2025-12-06,21
PO008735,SUP008,COMP023,14296,2025-11-20,5
PO008736,SUP004,COMP006,5804,2025-05-23,16
PO008737,SUP004,COMP028,8670,2025-12-02,16
PO008738,SUP003,COMP007,4056,2025-12-18,16
PO008739,SUP001,COMP028,2917,2025-11-12,12
PO008740,SUP010,COMP018,4867,2025-08-27,23
PO008741,SUP003,COMP032,2714,2025-06-09,14
PO008742,SUP006,COMP032,6886,2025-11-03,21
PO008743,SUP010,COMP035,13140,2025-09-13,13
PO008744,SUP002,COMP007,10729,2025-05-27,19
PO008745,SUP010,COMP016,11550,2025-04-14,25
PO008746,SUP004,COMP026,12824,2025-04-18,22
PO008747,SUP010,COMP028,993,2025-02-04,12
PO008748,SUP005,COMP032,2356,2025-07-06,24
PO008749,SUP010,COMP037,11750,2025-08-23,18
PO008750,SUP002,COMP037,4736,2025-11-19,11
PO008751,SUP006,COMP040,6460,2025-12-23,22
PO008752,SUP007,COMP006,4815,2025-01-20,22
PO008753,SUP008,COMP030,13899,2025-06-08,5
PO008754,SUP009,COMP019,2189,2025-03-14,15
PO008755,SUP005,COMP002,5834,2025-05-07,14
PO008756,SUP003,COMP039,4121,2025-03-31,7
PO008757,SUP008,COMP026,10117,2025-12-25,18
PO008758,SUP004,COMP004,5834,2025-08-21,8
PO008759,SUP002,COMP033,7557,2025-05-23,13
PO008760,SUP004,COMP009,11270,2025-08-11,5
PO008761,SUP007,COMP040,1752,2025-08-28,11
PO008762,SUP010,COMP037,4137,2025-11-24,25
PO008763,SUP010,COMP018,6155,2025-11-26,8
PO008764,SUP003,COMP029,12122,2025-10-31,6
PO008765,SUP009,COMP001,6304,2025-06-10,11
PO008766,SUP008,COMP004,1411,2025-12-29,16
PO008767,SUP009,COMP034,8440,2025-05-02,25
PO008768,SUP001,COMP009,13783,2025-10-16,16
PO008769,SUP003,COMP002,13875,2025-06-26,16
PO008770,SUP004,COMP015,6906,2025-05-13,4
PO008771,SUP010,COMP029,7186,2025-03-17,20
PO008772,SUP003,COMP029,1895,2025-12-05,8
PO008773,SUP009,COMP036,3387,2025-07-30,10
PO008774,SUP002,COMP002,12493,2025-10-18,15
PO008775,SUP009,COMP030,3324,2025-07-11,12
PO008776,SUP001,COMP029,8575,2025-05-10,20
PO008777,SUP009,COMP005,14909,2025-08-01,19
PO008778,SUP003,COMP001,5069,2025-04-21,8
PO008779,SUP009,COMP006,2711,2025-08-25,18
PO008780,SUP004,COMP008,12890,2025-08-22,17
PO008781,SUP005,COMP011,11604,2025-09-04,20
PO008782,SUP010,COMP017,3601,2025-09-02,20
PO008783,SUP009,COMP031,3122,2025-05-19,7
PO008784,SUP008,COMP023,8710,2025-02-11,11
PO008785,SUP001,COMP025,5868,2025-01-30,13
PO008786,SUP009,COMP001,14064,2025-10-20,23
PO008787,SUP006,COMP014,2261,2025-08-07,12
PO008788,SUP008,COMP004,6624,2025-11-09,23
PO008789,SUP005,COMP036,13472,2025-10-12,17
PO008790,SUP006,COMP013,11997,2025-05-19,4
PO008791,SUP008,COMP014,3449,2025-10-03,23
PO008792,SUP005,COMP023,6661,2025-10-06,19
PO008793,SUP010,COMP016,2852,2025-03-12,19
PO008794,SUP002,COMP031,1927,2025-01-19,20
PO008795,SUP003,COMP010,14092,2025-10-07,6
PO008796,SUP010,COMP018,1419,2025-04-20,9
PO008797,SUP005,COMP037,11940,2025-09-03,17
PO008798,SUP006,COMP040,13484,2025-05-07,9
PO008799,SUP007,COMP029,13258,2025-10-05,10
PO008800,SUP006,COMP033,9526,2025-05-25,13
PO008801,SUP005,COMP038,1029,2025-12-11,20
PO008802,SUP007,COMP032,10880,2025-09-26,6
PO008803,SUP004,COMP033,11571,2025-03-14,10
PO008804,SUP002,COMP007,10528,2025-07-28,25
PO008805,SUP008,COMP026,11502,2025-05-24,17
PO008806,SUP006,COMP034,12636,2025-05-08,10
PO008807,SUP006,COMP025,6714,2025-05-07,19
PO008808,SUP009,COMP011,8858,2025-03-26,8
PO008809,SUP008,COMP001,7038,2025-12-14,23
PO008810,SUP010,COMP031,8677,2025-08-22,18
PO008811,SUP004,COMP003,9224,2025-06-09,8
PO008812,SUP010,COMP033,5631,2025-01-31,17
PO008813,SUP008,COMP003,10925,2025-03-13,9
PO008814,SUP007,COMP035,1962,2025-12-11,4
PO008815,SUP005,COMP028,13350,2025-04-29,15
PO008816,SUP004,COMP010,12686,2025-01-10,5
PO008817,SUP006,COMP020,6654,2025-02-06,7
PO008818,SUP002,COMP017,12482,2025-10-28,5
PO008819,SUP003,COMP012,9291,2025-12-01,23
PO008820,SUP007,COMP029,3601,2025-02-23,24
PO008821,SUP010,COMP017,12456,2025-03-03,23
PO008822,SUP010,COMP017,13846,2025-10-21,7
PO008823,SUP007,COMP021,11628,2025-02-23,6
PO008824,SUP009,COMP022,11960,2025-09-16,4
PO008825,SUP003,COMP001,3467,2025-11-29,9
PO008826,SUP002,COMP021,10836,2025-11-27,8
PO008827,SUP002,COMP035,714,2025-10-19,16
PO008828,SUP002,COMP010,5586,2025-11-10,7
PO008829,SUP001,COMP008,9500,2025-06-02,10
PO008830,SUP006,COMP039,8275,2025-04-25,3
PO008831,SUP010,COMP034,1384,2025-07-29,13
PO008832,SUP008,COMP010,8408,2025-04-07,19
PO008833,SUP001,COMP007,7319,2025-12-24,13
PO008834,SUP009,COMP020,14442,2025-07-05,16
PO008835,SUP004,COMP012,11690,2025-05-09,14
PO008836,SUP005,COMP001,12589,2025-07-04,10
PO008837,SUP007,COMP001,7049,2025-06-17,16
PO008838,SUP009,COMP007,12830,2025-06-14,11
PO008839,SUP001,COMP039,9029,2025-07-06,24
PO008840,SUP003,COMP007,7876,2025-12-27,18
PO008841,SUP003,COMP037,7654,2025-03-08,7
PO008842,SUP010,COMP012,4216,2025-12-13,12
PO008843,SUP007,COMP031,2255,2025-10-04,12
PO008844,SUP005,COMP027,1716,2025-12-03,17
PO008845,SUP004,COMP009,7914,2025-06-02,10
PO008846,SUP001,COMP029,6961,2025-12-10,23
PO008847,SUP007,COMP029,14397,2025-12-01,11
PO008848,SUP001,COMP001,2130,2025-11-21,19
PO008849,SUP005,COMP030,13594,2025-12-09,23
PO008850,SUP007,COMP025,10098,2025-11-03,14
PO008851,SUP004,COMP023,9869,2025-07-12,3
PO008852,SUP008,COMP006,2888,2025-05-21,4
PO008853,SUP009,COMP017,11495,2025-09-01,15
PO008854,SUP006,COMP010,14893,2025-01-15,24
PO008855,SUP006,COMP025,3352,2025-04-05,24
PO008856,SUP005,COMP030,2547,2025-09-30,4
PO008857,SUP004,COMP034,9148,2025-02-06,23
PO008858,SUP005,COMP016,7975,2025-02-22,4
PO008859,SUP005,COMP021,11032,2025-09-25,8
PO008860,SUP007,COMP004,10195,2025-07-25,4
PO008861,SUP001,COMP030,5667,2025-01-29,17
PO008862,SUP010,COMP030,6006,2025-03-16,8
PO008863,SUP002,COMP030,8797,2025-01-05,16
PO008864,SUP007,COMP032,7772,2025-06-05,19
PO008865,SUP002,COMP033,9972,2025-04-13,3
PO008866,SUP002,COMP026,3823,2025-12-20,24
PO008867,SUP007,COMP033,4949,2025-03-06,16
PO008868,SUP004,COMP014,7660,2025-02-11,20
PO008869,SUP010,COMP007,4400,2025-06-12,13
PO008870,SUP010,COMP028,6460,2025-08-23,8
PO008871,SUP008,COMP010,9511,2025-09-10,20
PO008872,SUP002,COMP033,13433,2025-05-11,24
PO008873,SUP002,COMP020,14514,2025-08-26,15
PO008874,SUP003,COMP016,8844,2025-01-19,8
PO008875,SUP007,COMP032,1449,2025-11-01,12
PO008876,SUP007,COMP005,9628,2025-08-07,17
PO008877,SUP008,COMP006,14896,2025-07-28,11
PO008878,SUP002,COMP034,2526,2025-05-15,16
PO008879,SUP001,COMP017,14982,2025-12-05,24
PO008880,SUP010,COMP038,1926,2025-03-19,21
PO008881,SUP004,COMP028,3778,2025-03-16,7
PO008882,SUP009,COMP002,12578,2025-12-05,8
PO008883,SUP010,COMP029,10345,2025-09-19,3
PO008884,SUP002,COMP014,12991,2025-06-02,18
PO008885,SUP003,COMP003,9753,2025-08-11,18
PO008886,SUP004,COMP035,12400,2025-08-05,15
PO008887,SUP008,COMP023,1606,2025-11-16,16
PO008888,SUP006,COMP014,7768,2025-07-18,17
PO008889,SUP001,COMP016,14797,2025-11-16,8
PO008890,SUP008,COMP020,10671,2025-11-01,5
PO008891,SUP005,COMP015,9421,2025-05-02,22
PO008892,SUP008,COMP021,13914,2025-01-01,13
PO008893,SUP004,COMP001,9518,2025-11-17,9
PO008894,SUP004,COMP025,12978,2025-01-19,6
PO008895,SUP005,COMP028,14189,2025-09-08,6
PO008896,SUP006,COMP005,1857,2025-11-22,20
PO008897,SUP009,COMP034,9616,2025-12-29,8
PO008898,SUP008,COMP004,4445,2025-03-23,8
PO008899,SUP005,COMP033,10528,2025-02-02,10
PO008900,SUP007,COMP003,5508,2025-04-10,17
PO008901,SUP005,COMP023,6548,2025-08-18,23
PO008902,SUP007,COMP028,13227,2025-05-07,21
PO008903,SUP005,COMP002,9283,2025-02-13,21
PO008904,SUP003,COMP032,5932,2025-09-17,11
PO008905,SUP009,COMP011,8506,2025-08-14,14
PO008906,SUP010,COMP020,14090,2025-08-20,22
PO008907,SUP003,COMP011,8106,2025-12-10,4
PO008908,SUP002,COMP038,2971,2025-05-11,23
PO008909,SUP007,COMP030,6316,2025-11-10,13
PO008910,SUP008,COMP040,10834,2025-07-16,9
PO008911,SUP004,COMP031,2464,2025-12-19,5
PO008912,SUP010,COMP013,5729,2025-03-02,17
PO008913,SUP001,COMP036,7967,2025-02-26,16
PO008914,SUP006,COMP004,9155,2025-02-26,17
PO008915,SUP001,COMP014,13644,2025-12-15,17
PO008916,SUP007,COMP005,4054,2025-06-17,8
PO008917,SUP005,COMP010,9528,2025-02-22,16
PO008918,SUP010,COMP018,5898,2025-05-04,25
PO008919,SUP009,COMP017,5655,2025-06-25,12
PO008920,SUP003,COMP030,2687,2025-05-23,11
PO008921,SUP008,COMP023,12947,2025-04-14,22
PO008922,SUP009,COMP029,10822,2025-11-28,21
PO008923,SUP003,COMP003,1971,2025-05-25,19
PO008924,SUP003,COMP040,3251,2025-04-12,18
PO008925,SUP010,COMP012,6515,2025-12-13,21
PO008926,SUP010,COMP025,9244,2025-07-30,24
PO008927,SUP006,COMP001,6717,2025-08-02,3
PO008928,SUP002,COMP006,7086,2025-06-26,13
PO008929,SUP009,COMP026,6297,2025-02-18,5
PO008930,SUP006,COMP002,4396,2025-06-15,14
PO008931,SUP006,COMP036,2186,2025-10-06,24
PO008932,SUP001,COMP004,7315,2025-07-24,23
PO008933,SUP001,COMP023,7436,2025-12-17,18
PO008934,SUP008,COMP012,10978,2025-02-23,9
PO008935,SUP007,COMP002,1157,2025-10-03,11
PO008936,SUP004,COMP035,1063,2025-01-13,16
PO008937,SUP004,COMP039,10373,2025-04-30,18
PO008938,SUP009,COMP009,13255,2025-05-05,16
PO008939,SUP010,COMP008,719,2025-11-05,24
PO008940,SUP010,COMP032,11354,2025-09-27,17
PO008941,SUP003,COMP005,9944,2025-02-20,15
PO008942,SUP004,COMP001,11774,2025-12-05,22
PO008943,SUP002,COMP028,5914,2025-02-16,16
PO008944,SUP009,COMP003,1011,2025-05-19,18
PO008945,SUP003,COMP007,5851,2025-04-12,13
PO008946,SUP008,COMP003,834,2025-11-10,9
PO008947,SUP006,COMP033,7872,2025-02-11,18
PO008948,SUP001,COMP012,662,2025-01-27,24
PO008949,SUP006,COMP021,11320,2025-07-06,3
PO008950,SUP002,COMP035,7891,2025-09-28,21
PO008951,SUP001,COMP004,11189,2025-06-16,8
PO008952,SUP010,COMP039,13049,2025-05-15,7
PO008953,SUP004,COMP009,6320,2025-06-27,24
PO008954,SUP005,COMP013,11088,2025-04-11,11
PO008955,SUP010,COMP011,11744,2025-04-18,8
PO008956,SUP002,COMP012,11594,2025-06-04,9
PO008957,SUP001,COMP010,5923,2025-09-21,24
PO008958,SUP004,COMP016,11843,2025-01-09,9
PO008959,SUP007,COMP005,4413,2025-03-11,7
PO008960,SUP008,COMP028,12525,2025-10-24,3
PO008961,SUP005,COMP031,11231,2025-05-15,12
PO008962,SUP008,COMP015,695,2025-11-06,23
PO008963,SUP009,COMP007,2482,2025-01-16,17
PO008964,SUP009,COMP001,13725,2025-10-13,18
PO008965,SUP007,COMP025,8372,2025-09-28,12
PO008966,SUP006,COMP014,3745,2025-05-29,23
PO008967,SUP004,COMP016,6244,2025-12-14,17
PO008968,SUP009,COMP020,4089,2025-08-22,4
PO008969,SUP002,COMP005,8813,2025-12-16,4
PO008970,SUP004,COMP013,12649,2025-07-24,5
PO008971,SUP004,COMP026,3982,2025-09-04,25
PO008972,SUP006,COMP002,7407,2025-01-12,13
PO008973,SUP001,COMP015,4486,2025-07-11,6
PO008974,SUP002,COMP026,4371,2025-12-05,18
PO008975,SUP009,COMP019,14710,2025-07-01,24
PO008976,SUP008,COMP016,7258,2025-03-28,14
PO008977,SUP004,COMP001,4514,2025-05-17,24
PO008978,SUP003,COMP028,13351,2025-01-02,8
PO008979,SUP008,COMP016,3556,2025-03-07,15
PO008980,SUP010,COMP039,2639,2025-08-19,7
PO008981,SUP009,COMP030,926,2025-03-08,8
PO008982,SUP010,COMP020,12706,2025-01-08,3
PO008983,SUP010,COMP032,5911,2025-02-11,5
PO008984,SUP001,COMP012,9815,2025-05-02,22
PO008985,SUP005,COMP001,9916,2025-10-22,16
PO008986,SUP006,COMP027,8165,2025-10-13,21
PO008987,SUP006,COMP025,4999,2025-07-01,22
PO008988,SUP009,COMP006,12929,2025-08-15,5
PO008989,SUP004,COMP003,4140,2025-03-24,21
PO008990,SUP003,COMP036,5281,2025-06-02,8
PO008991,SUP003,COMP007,3973,2025-10-06,12
PO008992,SUP004,COMP014,2593,2025-02-17,10
PO008993,SUP004,COMP003,14983,2025-02-01,23
PO008994,SUP001,COMP019,12492,2025-03-26,22
PO008995,SUP006,COMP025,523,2025-04-08,3
PO008996,SUP003,COMP039,3756,2025-12-16,3
PO008997,SUP010,COMP022,14767,2025-09-15,18
PO008998,SUP003,COMP002,3281,2025-01-13,17
PO008999,SUP006,COMP010,1322,2025-01-11,25
PO009000,SUP003,COMP021,6352,2025-07-21,22
PO009001,SUP004,COMP006,8879,2025-08-10,3
PO009002,SUP007,COMP011,4150,2025-11-23,6
PO009003,SUP005,COMP016,9130,2025-09-03,12
PO009004,SUP005,COMP015,8584,2025-05-06,3
PO009005,SUP006,COMP015,6269,2025-11-12,16
PO009006,SUP003,COMP032,7277,2025-05-01,3
PO009007,SUP001,COMP038,8530,2025-07-15,10
PO009008,SUP003,COMP021,2747,2025-08-23,24
PO009009,SUP004,COMP039,7707,2025-07-17,18
PO009010,SUP005,COMP036,9483,2025-02-15,10
PO009011,SUP010,COMP007,4993,2025-03-16,3
PO009012,SUP004,COMP032,6438,2025-07-21,22
PO009013,SUP005,COMP005,13528,2025-06-08,10
PO009014,SUP002,COMP020,975,2025-02-22,10
PO009015,SUP010,COMP034,9690,2025-08-30,25
PO009016,SUP009,COMP020,3150,2025-11-10,14
PO009017,SUP004,COMP013,12306,2025-08-25,6
PO009018,SUP009,COMP038,4687,2025-04-06,20
PO009019,SUP005,COMP001,13477,2025-10-02,25
PO009020,SUP009,COMP033,6510,2025-07-30,24
PO009021,SUP004,COMP033,632,2025-04-04,24
PO009022,SUP009,COMP022,2934,2025-02-05,7
PO009023,SUP001,COMP004,14009,2025-05-27,23
PO009024,SUP002,COMP026,4873,2025-10-11,25
PO009025,SUP006,COMP006,14608,2025-07-08,14
PO009026,SUP010,COMP026,4787,2025-10-04,18
PO009027,SUP001,COMP013,14751,2025-03-11,6
PO009028,SUP009,COMP030,744,2025-05-03,22
PO009029,SUP006,COMP003,12399,2025-12-08,20
PO009030,SUP009,COMP036,8966,2025-05-24,8
PO009031,SUP004,COMP024,10620,2025-05-16,3
PO009032,SUP003,COMP005,7247,2025-10-22,20
PO009033,SUP001,COMP028,9540,2025-02-05,10
PO009034,SUP006,COMP025,3842,2025-12-17,25
PO009035,SUP007,COMP010,2840,2025-05-19,24
PO009036,SUP005,COMP028,13125,2025-04-05,16
PO009037,SUP006,COMP024,7242,2025-03-04,14
PO009038,SUP008,COMP029,2602,2025-04-28,13
PO009039,SUP006,COMP006,8360,2025-03-09,17
PO009040,SUP005,COMP036,5358,2025-08-22,22
PO009041,SUP003,COMP030,1202,2025-06-30,21
PO009042,SUP010,COMP017,14859,2025-05-23,15
PO009043,SUP002,COMP029,4165,2025-06-11,10
PO009044,SUP007,COMP004,7364,2025-12-28,19
PO009045,SUP005,COMP019,8666,2025-12-15,3
PO009046,SUP007,COMP032,5535,2025-01-03,22
PO009047,SUP002,COMP011,6817,2025-01-16,7
PO009048,SUP009,COMP030,10948,2025-01-28,3
PO009049,SUP008,COMP005,2263,2025-01-14,16
PO009050,SUP005,COMP033,1368,2025-03-16,9
PO009051,SUP003,COMP023,11530,2025-09-18,15
PO009052,SUP010,COMP040,13712,2025-11-18,19
PO009053,SUP001,COMP004,13173,2025-10-05,20
PO009054,SUP002,COMP019,9103,2025-06-03,20
PO009055,SUP010,COMP020,6847,2025-12-18,13
PO009056,SUP005,COMP005,11962,2025-02-04,8
PO009057,SUP005,COMP012,2866,2025-11-03,16
PO009058,SUP001,COMP028,13048,2025-11-14,5
PO009059,SUP004,COMP036,3468,2025-03-03,18
PO009060,SUP003,COMP040,5625,2025-03-15,25
PO009061,SUP002,COMP036,7247,2025-08-09,17
PO009062,SUP009,COMP010,3971,2025-12-04,21
PO009063,SUP007,COMP031,5793,2025-08-09,17
PO009064,SUP007,COMP024,10081,2025-05-29,24
PO009065,SUP009,COMP026,4172,2025-08-19,20
PO009066,SUP008,COMP034,6227,2025-06-21,21
PO009067,SUP008,COMP008,13842,2025-02-11,19
PO009068,SUP010,COMP031,11891,2025-03-09,12
PO009069,SUP009,COMP008,9186,2025-08-16,3
PO009070,SUP007,COMP013,4066,2025-09-02,23
PO009071,SUP009,COMP030,4787,2025-08-16,7
PO009072,SUP007,COMP029,12318,2025-04-19,8
PO009073,SUP007,COMP034,2293,2025-04-30,16
PO009074,SUP002,COMP022,11272,2025-11-12,10
PO009075,SUP007,COMP020,1276,2025-09-05,25
PO009076,SUP007,COMP009,1252,2025-12-24,23
PO009077,SUP003,COMP035,3033,2025-12-31,3
PO009078,SUP008,COMP020,10808,2025-10-28,13
PO009079,SUP010,COMP027,3475,2025-05-23,5
PO009080,SUP004,COMP010,5082,2025-06-25,22
PO009081,SUP002,COMP009,4434,2025-12-13,5
PO009082,SUP005,COMP006,4916,2025-03-28,5
PO009083,SUP006,COMP034,2927,2025-06-25,11
PO009084,SUP006,COMP008,4612,2025-04-23,12
PO009085,SUP004,COMP035,2928,2025-06-26,4
PO009086,SUP001,COMP034,12409,2025-07-15,24
PO009087,SUP010,COMP038,2579,2025-01-19,14
PO009088,SUP002,COMP004,3666,2025-05-09,25
PO009089,SUP002,COMP024,10202,2025-06-05,22
PO009090,SUP003,COMP035,3575,2025-05-25,21
PO009091,SUP005,COMP010,8973,2025-05-07,14
PO009092,SUP003,COMP029,1494,2025-08-03,3
PO009093,SUP008,COMP031,11100,2025-11-29,5
PO009094,SUP005,COMP039,14136,2025-09-03,15
PO009095,SUP005,COMP010,4295,2025-07-22,22
PO009096,SUP002,COMP032,14983,2025-11-26,4
PO009097,SUP004,COMP009,5619,2025-03-30,8
PO009098,SUP004,COMP019,1639,2025-08-24,23
PO009099,SUP008,COMP038,12202,2025-03-19,25
PO009100,SUP002,COMP007,8002,2025-01-31,4
PO009101,SUP006,COMP011,5215,2025-06-10,22
PO009102,SUP007,COMP001,10678,2025-01-13,6
PO009103,SUP003,COMP031,14430,2025-03-03,18
PO009104,SUP003,COMP003,9724,2025-12-11,20
PO009105,SUP005,COMP002,3062,2025-08-16,4
PO009106,SUP010,COMP018,3716,2025-02-16,14
PO009107,SUP003,COMP008,2015,2025-11-08,22
PO009108,SUP008,COMP008,8236,2025-09-25,16
PO009109,SUP003,COMP023,11189,2025-07-25,25
PO009110,SUP002,COMP024,7177,2025-05-04,16
PO009111,SUP009,COMP035,7030,2025-05-20,24
PO009112,SUP007,COMP022,11104,2025-01-10,12
PO009113,SUP006,COMP025,9918,2025-07-18,3
PO009114,SUP007,COMP011,8983,2025-06-29,10
PO009115,SUP007,COMP032,13936,2025-06-08,22
PO009116,SUP003,COMP036,10810,2025-02-04,19
PO009117,SUP008,COMP005,13777,2025-02-07,25
PO009118,SUP004,COMP027,4324,2025-06-29,12
PO009119,SUP004,COMP008,4308,2025-05-05,6
PO009120,SUP002,COMP010,11752,2025-09-08,4
PO009121,SUP007,COMP019,5743,2025-06-08,18
PO009122,SUP009,COMP014,13628,2025-10-20,23
PO009123,SUP010,COMP002,5072,2025-10-24,18
PO009124,SUP010,COMP006,796,2025-05-03,4
PO009125,SUP004,COMP015,14078,2025-09-01,21
PO009126,SUP010,COMP008,7129,2025-02-06,19
PO009127,SUP006,COMP001,3134,2025-11-12,17
PO009128,SUP007,COMP029,1357,2025-08-08,11
PO009129,SUP005,COMP001,10289,2025-04-18,3
PO009130,SUP006,COMP031,7710,2025-08-06,25
PO009131,SUP002,COMP019,701,2025-07-16,21
PO009132,SUP003,COMP026,863,2025-01-23,14
PO009133,SUP005,COMP010,9641,2025-08-01,9
PO009134,SUP006,COMP032,5100,2025-01-20,20
PO009135,SUP009,COMP022,2251,2025-08-15,12
PO009136,SUP005,COMP020,5252,2025-02-08,10
PO009137,SUP009,COMP035,14243,2025-03-08,13
PO009138,SUP009,COMP012,12276,2025-05-06,24
PO009139,SUP006,COMP022,2869,2025-07-20,10
PO009140,SUP008,COMP014,4519,2025-10-02,4
PO009141,SUP007,COMP007,8615,2025-09-03,22
PO009142,SUP010,COMP033,9738,2025-01-23,12
PO009143,SUP004,COMP035,11863,2025-02-14,4
PO009144,SUP001,COMP026,4034,2025-02-25,3
PO009145,SUP006,COMP039,10859,2025-06-30,3
PO009146,SUP008,COMP026,2538,2025-05-11,3
PO009147,SUP005,COMP033,7528,2025-09-17,17
PO009148,SUP002,COMP028,10267,2025-01-31,18
PO009149,SUP004,COMP015,9615,2025-03-16,6
PO009150,SUP001,COMP039,3477,2025-01-28,4
PO009151,SUP010,COMP007,2409,2025-05-23,22
PO009152,SUP009,COMP039,2759,2025-03-01,24
PO009153,SUP007,COMP036,6218,2025-01-12,21
PO009154,SUP009,COMP039,5078,2025-08-25,22
PO009155,SUP004,COMP040,9034,2025-11-25,10
PO009156,SUP007,COMP017,6904,2025-11-05,3
PO009157,SUP007,COMP008,728,2025-11-10,16
PO009158,SUP001,COMP015,4333,2025-09-24,7
PO009159,SUP003,COMP014,9555,2025-11-20,25
PO009160,SUP003,COMP012,4427,2025-07-11,9
PO009161,SUP008,COMP021,5838,2025-12-14,18
PO009162,SUP003,COMP030,11837,2025-01-20,13
PO009163,SUP010,COMP009,12860,2025-11-23,13
PO009164,SUP001,COMP005,9406,2025-11-19,20
PO009165,SUP008,COMP010,1258,2025-07-29,22
PO009166,SUP007,COMP024,14680,2025-08-14,18
PO009167,SUP007,COMP032,12421,2025-08-27,20
PO009168,SUP009,COMP031,2512,2025-04-08,3
PO009169,SUP009,COMP017,13888,2025-09-15,9
PO009170,SUP010,COMP032,2647,2025-01-01,4
PO009171,SUP007,COMP028,3985,2025-03-08,22
PO009172,SUP006,COMP028,8825,2025-10-16,20
PO009173,SUP007,COMP023,7698,2025-06-08,19
PO009174,SUP010,COMP016,7065,2025-08-27,23
PO009175,SUP001,COMP028,12776,2025-02-03,21
PO009176,SUP008,COMP023,634,2025-01-02,9
PO009177,SUP009,COMP005,13800,2025-06-02,23
PO009178,SUP001,COMP017,3858,2025-10-13,20
PO009179,SUP001,COMP006,6292,2025-04-15,5
PO009180,SUP006,COMP001,670,2025-07-04,25
PO009181,SUP009,COMP014,6576,2025-12-10,9
PO009182,SUP005,COMP035,5756,2025-12-01,20
PO009183,SUP005,COMP012,5913,2025-06-18,15
PO009184,SUP002,COMP018,1536,2025-08-15,19
PO009185,SUP005,COMP014,14970,2025-08-20,15
PO009186,SUP001,COMP007,13182,2025-09-25,9
PO009187,SUP003,COMP023,8328,2025-12-14,21
PO009188,SUP009,COMP008,11975,2025-07-16,22
PO009189,SUP006,COMP015,11062,2025-07-07,7
PO009190,SUP005,COMP027,12959,2025-10-31,9
PO009191,SUP007,COMP004,4764,2025-04-05,13
PO009192,SUP010,COMP038,849,2025-05-13,24
PO009193,SUP001,COMP005,10566,2025-05-04,21
PO009194,SUP006,COMP036,9912,2025-09-18,5
PO009195,SUP009,COMP019,4364,2025-04-06,11
PO009196,SUP005,COMP024,8631,2025-12-31,12
PO009197,SUP004,COMP020,11136,2025-04-04,13
PO009198,SUP010,COMP023,10827,2025-02-08,8
PO009199,SUP003,COMP036,7101,2025-10-26,13
PO009200,SUP003,COMP038,13017,2025-12-31,10
PO009201,SUP009,COMP011,2188,2025-01-26,16
PO009202,SUP003,COMP035,6755,2025-10-10,14
PO009203,SUP003,COMP007,11696,2025-01-22,4
PO009204,SUP008,COMP015,6008,2025-11-02,4
PO009205,SUP002,COMP013,3504,2025-11-24,14
PO009206,SUP008,COMP002,11087,2025-06-05,12
PO009207,SUP002,COMP017,8851,2025-03-15,7
PO009208,SUP005,COMP014,13528,2025-01-10,8
PO009209,SUP006,COMP040,5812,2025-09-16,19
PO009210,SUP009,COMP024,14919,2025-06-16,17
PO009211,SUP004,COMP039,14366,2025-04-23,22
PO009212,SUP008,COMP018,3256,2025-11-24,15
PO009213,SUP001,COMP035,6380,2025-07-01,4
PO009214,SUP003,COMP026,3079,2025-07-11,21
PO009215,SUP010,COMP008,4855,2025-12-13,10
PO009216,SUP006,COMP014,13436,2025-10-20,14
PO009217,SUP010,COMP021,7172,2025-11-05,6
PO009218,SUP008,COMP011,738,2025-08-30,4
PO009219,SUP004,COMP028,12006,2025-09-06,22
PO009220,SUP009,COMP033,10329,2025-04-15,18
PO009221,SUP004,COMP025,4106,2025-01-25,6
PO009222,SUP006,COMP012,8228,2025-09-05,9
PO009223,SUP008,COMP019,12257,2025-10-05,5
PO009224,SUP002,COMP035,5428,2025-05-21,20
PO009225,SUP008,COMP035,9999,2025-01-09,14
PO009226,SUP003,COMP037,2151,2025-10-05,12
PO009227,SUP005,COMP004,9825,2025-01-12,4
PO009228,SUP003,COMP022,13684,2025-06-14,19
PO009229,SUP008,COMP033,2999,2025-06-15,17
PO009230,SUP004,COMP008,3969,2025-01-12,8
PO009231,SUP003,COMP002,4293,2025-08-20,10
PO009232,SUP006,COMP020,1190,2025-07-07,23
PO009233,SUP004,COMP013,11744,2025-12-15,11
PO009234,SUP001,COMP007,7340,2025-05-23,24
PO009235,SUP008,COMP035,12530,2025-07-04,24
PO009236,SUP001,COMP027,1013,2025-11-16,10
PO009237,SUP004,COMP032,1631,2025-11-14,20
PO009238,SUP007,COMP023,8786,2025-06-13,5
PO009239,SUP001,COMP009,12133,2025-12-23,5
PO009240,SUP005,COMP026,5785,2025-05-14,20
PO009241,SUP002,COMP037,13746,2025-12-08,9
PO009242,SUP003,COMP011,14819,2025-01-12,15
PO009243,SUP002,COMP023,3295,2025-12-17,13
PO009244,SUP001,COMP006,10325,2025-02-10,17
PO009245,SUP008,COMP039,8859,2025-12-31,17
PO009246,SUP010,COMP021,842,2025-06-03,17
PO009247,SUP001,COMP001,14607,2025-07-24,8
PO009248,SUP003,COMP021,13840,2025-01-23,5
PO009249,SUP008,COMP032,5956,2025-11-09,5
PO009250,SUP008,COMP019,13658,2025-10-07,23
PO009251,SUP010,COMP003,10332,2025-04-02,9
PO009252,SUP010,COMP015,7197,2025-01-09,25
PO009253,SUP005,COMP018,8443,2025-01-10,17
PO009254,SUP001,COMP027,7597,2025-01-27,14
PO009255,SUP008,COMP040,6728,2025-06-14,7
PO009256,SUP008,COMP014,9963,2025-10-13,10
PO009257,SUP002,COMP007,3115,2025-06-16,21
PO009258,SUP009,COMP011,2781,2025-02-13,19
PO009259,SUP010,COMP035,7855,2025-01-05,6
PO009260,SUP007,COMP010,11697,2025-05-30,24
PO009261,SUP005,COMP018,6133,2025-02-06,15
PO009262,SUP010,COMP027,1849,2025-04-21,18
PO009263,SUP001,COMP016,4786,2025-01-16,20
PO009264,SUP005,COMP039,8280,2025-09-24,13
PO009265,SUP004,COMP008,5705,2025-01-23,7
PO009266,SUP008,COMP019,4465,2025-10-16,10
PO009267,SUP010,COMP008,14541,2025-10-16,6
PO009268,SUP007,COMP023,5045,2025-06-11,21
PO009269,SUP005,COMP035,889,2025-07-30,7
PO009270,SUP001,COMP037,11501,2025-06-11,7
PO009271,SUP008,COMP040,5978,2025-09-14,23
PO009272,SUP007,COMP004,7859,2025-03-22,14
PO009273,SUP001,COMP039,3613,2025-04-08,23
PO009274,SUP004,COMP002,2931,2025-01-26,16
PO009275,SUP009,COMP012,13574,2025-03-14,3
PO009276,SUP006,COMP014,13373,2025-09-19,12
PO009277,SUP006,COMP011,9604,2025-02-27,9
PO009278,SUP005,COMP037,8174,2025-09-21,13
PO009279,SUP008,COMP021,14685,2025-03-18,10
PO009280,SUP003,COMP025,6669,2025-02-13,4
PO009281,SUP004,COMP036,3047,2025-02-27,6
PO009282,SUP009,COMP027,3336,2025-01-04,13
PO009283,SUP001,COMP009,6595,2025-06-13,5
PO009284,SUP004,COMP004,14915,2025-10-16,23
PO009285,SUP010,COMP040,6925,2025-03-30,22
PO009286,SUP005,COMP012,13326,2025-12-07,16
PO009287,SUP005,COMP040,8662,2025-09-09,3
PO009288,SUP008,COMP002,4083,2025-05-30,13
PO009289,SUP007,COMP012,1683,2025-07-02,14
PO009290,SUP006,COMP009,8446,2025-05-12,7
PO009291,SUP002,COMP026,9833,2025-02-22,21
PO009292,SUP006,COMP032,6320,2025-10-18,12
PO009293,SUP002,COMP037,12453,2025-01-08,11
PO009294,SUP006,COMP017,14336,2025-10-22,4
PO009295,SUP007,COMP021,5432,2025-09-12,19
PO009296,SUP003,COMP039,2904,2025-06-03,4
PO009297,SUP010,COMP033,9068,2025-07-18,16
PO009298,SUP007,COMP005,14801,2025-12-04,6
PO009299,SUP009,COMP029,14800,2025-01-30,3
PO009300,SUP008,COMP018,10541,2025-10-11,22
PO009301,SUP001,COMP001,7308,2025-02-16,20
PO009302,SUP001,COMP010,14807,2025-01-17,9
PO009303,SUP002,COMP024,6556,2025-08-10,17
PO009304,SUP008,COMP021,3541,2025-02-28,16
PO009305,SUP004,COMP024,10648,2025-03-22,23
PO009306,SUP005,COMP018,5434,2025-07-01,3
PO009307,SUP008,COMP028,5794,2025-06-06,17
PO009308,SUP009,COMP033,9960,2025-02-19,13
PO009309,SUP006,COMP040,4450,2025-11-15,20
PO009310,SUP010,COMP030,8546,2025-07-05,24
PO009311,SUP002,COMP020,2684,2025-06-13,25
PO009312,SUP009,COMP002,8646,2025-06-01,7
PO009313,SUP003,COMP008,3145,2025-01-01,9
PO009314,SUP008,COMP014,13575,2025-07-31,3
PO009315,SUP001,COMP007,5447,2025-06-14,8
PO009316,SUP004,COMP012,4501,2025-03-09,22
PO009317,SUP002,COMP019,2691,2025-11-23,4
PO009318,SUP005,COMP007,8486,2025-10-29,9
PO009319,SUP010,COMP021,4098,2025-09-19,12
PO009320,SUP004,COMP001,14874,2025-09-05,5
PO009321,SUP009,COMP020,7225,2025-08-09,3
PO009322,SUP010,COMP002,4493,2025-06-19,6
PO009323,SUP005,COMP039,1332,2025-12-01,9
PO009324,SUP004,COMP015,2091,2025-05-07,21
PO009325,SUP004,COMP025,12613,2025-01-19,14
PO009326,SUP008,COMP010,12480,2025-01-27,24
PO009327,SUP008,COMP013,1953,2025-02-06,14
PO009328,SUP007,COMP032,14624,2025-07-31,24
PO009329,SUP003,COMP016,8738,2025-08-07,14
PO009330,SUP009,COMP009,7136,2025-04-30,3
PO009331,SUP002,COMP025,14632,2025-02-09,19
PO009332,SUP001,COMP013,1063,2025-12-10,9
PO009333,SUP009,COMP029,13787,2025-10-25,11
PO009334,SUP003,COMP026,3959,2025-12-12,12
PO009335,SUP001,COMP023,5330,2025-09-10,14
PO009336,SUP006,COMP005,5950,2025-12-06,15
PO009337,SUP010,COMP034,4185,2025-03-22,8
PO009338,SUP010,COMP038,1683,2025-12-26,20
PO009339,SUP002,COMP011,8804,2025-11-18,3
PO009340,SUP010,COMP005,13749,2025-10-16,5
PO009341,SUP008,COMP031,11930,2025-01-15,5
PO009342,SUP010,COMP034,3562,2025-09-07,17
PO009343,SUP002,COMP030,10178,2025-06-22,15
PO009344,SUP008,COMP034,5898,2025-11-21,20
PO009345,SUP008,COMP026,7657,2025-03-04,7
PO009346,SUP002,COMP029,8516,2025-05-25,11
PO009347,SUP005,COMP007,6161,2025-07-13,14
PO009348,SUP008,COMP019,4011,2025-09-04,13
PO009349,SUP010,COMP034,3509,2025-05-31,20
PO009350,SUP002,COMP014,2883,2025-10-03,6
PO009351,SUP009,COMP001,13337,2025-02-18,8
PO009352,SUP010,COMP024,6263,2025-09-15,11
PO009353,SUP005,COMP021,7830,2025-04-07,13
PO009354,SUP003,COMP025,4818,2025-01-18,17
PO009355,SUP002,COMP020,14436,2025-11-18,21
PO009356,SUP002,COMP013,2263,2025-01-22,11
PO009357,SUP007,COMP024,2844,2025-09-13,12
PO009358,SUP001,COMP017,6329,2025-08-10,11
PO009359,SUP006,COMP018,13513,2025-04-19,5
PO009360,SUP003,COMP037,1420,2025-05-02,19
PO009361,SUP003,COMP028,5728,2025-02-20,7
PO009362,SUP010,COMP017,7887,2025-04-05,21
PO009363,SUP010,COMP009,7141,2025-04-25,9
PO009364,SUP008,COMP003,11225,2025-01-18,22
PO009365,SUP006,COMP008,1637,2025-04-22,24
PO009366,SUP010,COMP006,11627,2025-04-05,7
PO009367,SUP003,COMP029,12293,2025-08-10,6
PO009368,SUP006,COMP036,4669,2025-03-19,14
PO009369,SUP002,COMP006,9369,2025-08-31,25
PO009370,SUP005,COMP012,3078,2025-05-03,6
PO009371,SUP009,COMP022,8811,2025-04-21,5
PO009372,SUP004,COMP011,10708,2025-09-05,14
PO009373,SUP008,COMP002,3773,2025-05-30,3
PO009374,SUP010,COMP029,14495,2025-03-02,20
PO009375,SUP002,COMP018,14044,2025-10-01,14
PO009376,SUP005,COMP015,7084,2025-03-16,23
PO009377,SUP008,COMP018,9028,2025-02-24,20
PO009378,SUP008,COMP013,2400,2025-09-03,20
PO009379,SUP006,COMP009,10207,2025-09-03,16
PO009380,SUP005,COMP011,13872,2025-09-18,11
PO009381,SUP007,COMP036,5696,2025-03-05,21
PO009382,SUP003,COMP026,1577,2025-09-07,25
PO009383,SUP006,COMP035,13828,2025-07-24,22
PO009384,SUP003,COMP029,11998,2025-12-31,12
PO009385,SUP003,COMP040,1319,2025-11-26,4
PO009386,SUP004,COMP040,14436,2025-03-03,15
PO009387,SUP002,COMP003,2760,2025-09-20,5
PO009388,SUP002,COMP007,2162,2025-09-08,4
PO009389,SUP005,COMP002,5246,2025-12-31,18
PO009390,SUP009,COMP031,4271,2025-09-01,12
PO009391,SUP009,COMP004,6621,2025-03-11,6
PO009392,SUP008,COMP001,2603,2025-01-24,18
PO009393,SUP004,COMP037,14421,2025-09-05,4
PO009394,SUP002,COMP027,11623,2025-04-27,6
PO009395,SUP007,COMP009,9984,2025-06-11,19
PO009396,SUP002,COMP004,14108,2025-08-20,18
PO009397,SUP002,COMP038,6981,2025-12-03,18
PO009398,SUP007,COMP032,14732,2025-05-12,5
PO009399,SUP007,COMP025,14078,2025-01-27,15
PO009400,SUP005,COMP036,6042,2025-10-09,24
PO009401,SUP009,COMP035,11203,2025-05-27,23
PO009402,SUP005,COMP018,11407,2025-03-11,12
PO009403,SUP006,COMP004,4965,2025-11-12,19
PO009404,SUP009,COMP026,5274,2025-07-01,10
PO009405,SUP009,COMP028,9658,2025-05-30,13
PO009406,SUP002,COMP012,7330,2025-06-18,8
PO009407,SUP008,COMP027,7407,2025-08-16,10
PO009408,SUP002,COMP022,6543,2025-03-30,13
PO009409,SUP005,COMP006,11890,2025-08-27,20
PO009410,SUP004,COMP012,1951,2025-02-10,7
PO009411,SUP007,COMP035,2290,2025-10-11,16
PO009412,SUP009,COMP024,891,2025-07-20,9
PO009413,SUP005,COMP021,9138,2025-12-12,13
PO009414,SUP007,COMP038,8554,2025-09-06,5
PO009415,SUP001,COMP019,6517,2025-12-01,15
PO009416,SUP009,COMP036,3507,2025-08-11,25
PO009417,SUP004,COMP020,3393,2025-06-05,8
PO009418,SUP004,COMP024,10597,2025-04-05,19
PO009419,SUP009,COMP031,689,2025-01-09,13
PO009420,SUP003,COMP023,1844,2025-04-18,15
PO009421,SUP003,COMP031,14478,2025-04-01,13
PO009422,SUP009,COMP026,2423,2025-09-17,8
PO009423,SUP002,COMP005,10773,2025-05-12,3
PO009424,SUP009,COMP018,12415,2025-09-14,17
PO009425,SUP005,COMP010,7264,2025-02-28,14
PO009426,SUP005,COMP030,2413,2025-03-29,5
PO009427,SUP007,COMP009,8236,2025-07-11,17
PO009428,SUP004,COMP016,12118,2025-04-05,4
PO009429,SUP001,COMP027,2059,2025-02-27,23
PO009430,SUP010,COMP015,7622,2025-10-11,22
PO009431,SUP006,COMP010,10553,2025-12-22,24
PO009432,SUP008,COMP019,13774,2025-10-04,3
PO009433,SUP003,COMP013,4284,2025-11-22,14
PO009434,SUP003,COMP016,5727,2025-09-22,23
PO009435,SUP005,COMP024,10289,2025-08-10,10
PO009436,SUP009,COMP014,11411,2025-12-02,19
PO009437,SUP005,COMP026,1521,2025-08-19,12
PO009438,SUP010,COMP005,6940,2025-11-09,19
PO009439,SUP002,COMP021,5855,2025-06-15,16
PO009440,SUP002,COMP013,13472,2025-11-08,16
PO009441,SUP001,COMP020,8240,2025-11-27,13
PO009442,SUP002,COMP001,5256,2025-04-05,11
PO009443,SUP003,COMP021,9617,2025-05-14,15
PO009444,SUP006,COMP034,10204,2025-10-25,9
PO009445,SUP004,COMP016,13477,2025-06-23,18
PO009446,SUP002,COMP029,7590,2025-10-08,25
PO009447,SUP006,COMP013,8819,2025-05-19,21
PO009448,SUP010,COMP018,860,2025-09-25,11
PO009449,SUP008,COMP030,2919,2025-08-29,22
PO009450,SUP008,COMP010,8874,2025-01-13,22
PO009451,SUP003,COMP032,7988,2025-02-07,12
PO009452,SUP001,COMP002,14573,2025-12-17,12
PO009453,SUP007,COMP017,1360,2025-09-28,18
PO009454,SUP010,COMP035,2140,2025-08-31,10
PO009455,SUP007,COMP008,8838,2025-09-26,13
PO009456,SUP008,COMP022,2938,2025-05-19,14
PO009457,SUP003,COMP008,6898,2025-05-30,8
PO009458,SUP001,COMP006,2316,2025-09-22,4
PO009459,SUP009,COMP011,13174,2025-12-18,23
PO009460,SUP010,COMP021,4628,2025-11-19,20
PO009461,SUP006,COMP009,1873,2025-02-11,23
PO009462,SUP003,COMP008,13710,2025-12-22,14
PO009463,SUP010,COMP020,13387,2025-08-05,10
PO009464,SUP004,COMP016,9708,2025-02-24,18
PO009465,SUP010,COMP035,4635,2025-03-17,17
PO009466,SUP007,COMP038,1237,2025-02-21,17
PO009467,SUP008,COMP002,6651,2025-11-15,23
PO009468,SUP001,COMP022,4251,2025-04-11,17
PO009469,SUP001,COMP008,10320,2025-11-21,10
PO009470,SUP007,COMP015,10383,2025-11-09,19
PO009471,SUP007,COMP022,1529,2025-05-13,23
PO009472,SUP004,COMP027,4609,2025-08-09,8
PO009473,SUP010,COMP025,12182,2025-12-24,21
PO009474,SUP001,COMP023,5612,2025-06-24,8
PO009475,SUP002,COMP038,1159,2025-10-26,8
PO009476,SUP007,COMP031,2536,2025-04-06,13
PO009477,SUP009,COMP018,684,2025-06-01,18
PO009478,SUP007,COMP004,8811,2025-12-03,10
PO009479,SUP001,COMP029,4545,2025-06-18,11
PO009480,SUP007,COMP004,752,2025-09-07,21
PO009481,SUP008,COMP017,1473,2025-11-21,18
PO009482,SUP007,COMP034,6242,2025-07-15,11
PO009483,SUP005,COMP039,11819,2025-03-19,13
PO009484,SUP006,COMP037,4281,2025-05-07,11
PO009485,SUP009,COMP033,6743,2025-10-18,13
PO009486,SUP005,COMP027,9454,2025-01-31,3
PO009487,SUP003,COMP012,742,2025-12-07,22
PO009488,SUP008,COMP028,4996,2025-07-19,14
PO009489,SUP004,COMP005,12100,2025-09-12,24
PO009490,SUP006,COMP040,6038,2025-10-17,16
PO009491,SUP003,COMP031,4828,2025-03-07,9
PO009492,SUP004,COMP020,11297,2025-03-04,7
PO009493,SUP009,COMP016,5211,2025-05-02,23
PO009494,SUP008,COMP002,4451,2025-08-25,13
PO009495,SUP003,COMP026,14712,2025-11-10,16
PO009496,SUP009,COMP024,8324,2025-07-02,10
PO009497,SUP010,COMP005,6771,2025-11-26,22
PO009498,SUP002,COMP013,10684,2025-05-15,15
PO009499,SUP009,COMP039,4279,2025-05-01,7
PO009500,SUP008,COMP026,7000,2025-02-15,15
PO009501,SUP004,COMP040,8723,2025-05-24,19
PO009502,SUP002,COMP008,8012,2025-03-19,7
PO009503,SUP006,COMP008,3358,2025-06-16,18
PO009504,SUP005,COMP034,2437,2025-06-28,9
PO009505,SUP003,COMP020,7593,2025-11-21,4
PO009506,SUP007,COMP015,10418,2025-09-21,6
PO009507,SUP009,COMP001,9126,2025-06-19,14
PO009508,SUP005,COMP012,1075,2025-07-20,3
PO009509,SUP010,COMP039,12198,2025-05-08,22
PO009510,SUP007,COMP004,1403,2025-12-28,18
PO009511,SUP009,COMP037,12693,2025-05-13,21
PO009512,SUP004,COMP022,13091,2025-01-04,15
PO009513,SUP002,COMP032,7924,2025-04-03,9
PO009514,SUP009,COMP009,1019,2025-08-22,14
PO009515,SUP002,COMP008,4427,2025-06-03,20
PO009516,SUP007,COMP022,7885,2025-10-30,16
PO009517,SUP009,COMP008,696,2025-05-05,8
PO009518,SUP001,COMP009,3174,2025-05-13,3
PO009519,SUP002,COMP032,4143,2025-12-14,8
PO009520,SUP009,COMP006,5729,2025-11-10,25
PO009521,SUP006,COMP020,3924,2025-02-03,7
PO009522,SUP005,COMP027,8503,2025-05-09,3
PO009523,SUP001,COMP040,5228,2025-01-04,12
PO009524,SUP004,COMP029,9490,2025-02-21,12
PO009525,SUP002,COMP008,10065,2025-07-11,19
PO009526,SUP008,COMP015,7370,2025-01-26,16
PO009527,SUP004,COMP017,1155,2025-07-10,5
PO009528,SUP004,COMP003,1256,2025-06-28,17
PO009529,SUP003,COMP015,9762,2025-07-11,9
PO009530,SUP003,COMP029,9760,2025-02-28,19
PO009531,SUP003,COMP015,4112,2025-03-05,16
PO009532,SUP008,COMP008,7358,2025-03-12,22
PO009533,SUP010,COMP027,12538,2025-12-23,20
PO009534,SUP002,COMP030,13188,2025-06-20,12
PO009535,SUP009,COMP006,5205,2025-05-31,7
PO009536,SUP004,COMP015,6137,2025-03-21,24
PO009537,SUP002,COMP021,7143,2025-01-26,7
PO009538,SUP004,COMP011,5430,2025-09-11,12
PO009539,SUP007,COMP034,8364,2025-10-18,7
PO009540,SUP008,COMP006,9525,2025-06-29,14
PO009541,SUP002,COMP015,8153,2025-01-28,9
PO009542,SUP006,COMP038,7901,2025-11-03,17
PO009543,SUP009,COMP002,9655,2025-09-11,19
PO009544,SUP005,COMP007,8003,2025-09-20,16
PO009545,SUP008,COMP040,11141,2025-04-25,22
PO009546,SUP004,COMP028,10266,2025-04-23,21
PO009547,SUP005,COMP039,10106,2025-12-06,13
PO009548,SUP008,COMP012,988,2025-03-09,4
PO009549,SUP004,COMP021,3177,2025-03-04,4
PO009550,SUP005,COMP035,2076,2025-03-02,11
PO009551,SUP007,COMP034,10860,2025-02-15,10
PO009552,SUP009,COMP038,12403,2025-04-27,10
PO009553,SUP002,COMP014,9078,2025-08-09,9
PO009554,SUP005,COMP037,2722,2025-04-21,13
PO009555,SUP003,COMP018,10448,2025-04-11,18
PO009556,SUP002,COMP003,5067,2025-02-20,17
PO009557,SUP007,COMP012,13701,2025-10-12,13
PO009558,SUP002,COMP001,4595,2025-11-29,3
PO009559,SUP002,COMP027,4995,2025-01-22,11
PO009560,SUP001,COMP015,10552,2025-12-24,17
PO009561,SUP007,COMP009,2390,2025-02-26,19
PO009562,SUP009,COMP002,7655,2025-11-10,4
PO009563,SUP005,COMP016,14307,2025-09-15,21
PO009564,SUP002,COMP007,5481,2025-11-28,19
PO009565,SUP003,COMP005,10469,2025-10-23,6
PO009566,SUP003,COMP001,6656,2025-03-17,11
PO009567,SUP005,COMP005,9153,2025-06-11,3
PO009568,SUP002,COMP027,13280,2025-08-03,12
PO009569,SUP002,COMP022,13964,2025-01-10,22
PO009570,SUP010,COMP024,8601,2025-06-19,15
PO009571,SUP009,COMP006,1712,2025-11-28,10
PO009572,SUP005,COMP015,1760,2025-06-23,10
PO009573,SUP003,COMP039,4140,2025-02-18,11
PO009574,SUP010,COMP015,10404,2025-03-10,19
PO009575,SUP003,COMP011,3905,2025-07-07,25
PO009576,SUP010,COMP026,4468,2025-05-22,25
PO009577,SUP008,COMP011,13158,2025-08-08,8
PO009578,SUP005,COMP029,2206,2025-11-01,10
PO009579,SUP010,COMP007,7391,2025-06-12,8
PO009580,SUP008,COMP029,14544,2025-04-12,3
PO009581,SUP009,COMP031,11993,2025-03-11,24
PO009582,SUP005,COMP001,4329,2025-07-22,12
PO009583,SUP009,COMP003,703,2025-12-19,8
PO009584,SUP006,COMP019,650,2025-08-09,25
PO009585,SUP005,COMP025,11465,2025-08-21,16
PO009586,SUP006,COMP005,8560,2025-03-16,18
PO009587,SUP008,COMP021,12876,2025-04-23,8
PO009588,SUP010,COMP008,2659,2025-04-15,23
PO009589,SUP007,COMP021,12555,2025-06-20,16
PO009590,SUP005,COMP017,2277,2025-05-14,21
PO009591,SUP004,COMP001,1011,2025-02-07,14
PO009592,SUP010,COMP001,4083,2025-10-14,8
PO009593,SUP005,COMP001,4399,2025-01-25,21
PO009594,SUP003,COMP009,11530,2025-09-17,10
PO009595,SUP005,COMP013,6827,2025-05-20,12
PO009596,SUP006,COMP025,7457,2025-04-13,3
PO009597,SUP010,COMP003,6707,2025-08-07,21
PO009598,SUP006,COMP036,1369,2025-05-27,22
PO009599,SUP005,COMP002,6911,2025-07-28,12
PO009600,SUP005,COMP027,14436,2025-07-08,5
PO009601,SUP006,COMP030,2040,2025-09-06,24
PO009602,SUP010,COMP010,11877,2025-04-29,4
PO009603,SUP001,COMP009,9113,2025-09-15,9
PO009604,SUP005,COMP037,11282,2025-03-06,20
PO009605,SUP005,COMP019,5934,2025-06-17,4
PO009606,SUP008,COMP020,14282,2025-11-27,8
PO009607,SUP010,COMP033,2820,2025-10-06,3
PO009608,SUP004,COMP032,10011,2025-12-17,11
PO009609,SUP005,COMP002,1357,2025-01-06,5
PO009610,SUP001,COMP022,7600,2025-09-29,21
PO009611,SUP008,COMP031,10284,2025-01-26,10
PO009612,SUP007,COMP017,10481,2025-07-12,12
PO009613,SUP005,COMP009,11469,2025-03-20,6
PO009614,SUP007,COMP038,7162,2025-12-16,19
PO009615,SUP010,COMP011,11888,2025-09-14,16
PO009616,SUP010,COMP032,10059,2025-08-21,21
PO009617,SUP004,COMP019,8692,2025-06-13,22
PO009618,SUP007,COMP013,14479,2025-07-04,18
PO009619,SUP003,COMP009,13690,2025-12-07,9
PO009620,SUP002,COMP021,2575,2025-12-11,15
PO009621,SUP001,COMP024,11775,2025-08-23,21
PO009622,SUP005,COMP036,1626,2025-06-10,17
PO009623,SUP006,COMP034,2458,2025-01-13,4
PO009624,SUP002,COMP024,5525,2025-06-07,17
PO009625,SUP006,COMP005,3442,2025-05-14,14
PO009626,SUP008,COMP016,8311,2025-12-14,21
PO009627,SUP009,COMP018,8872,2025-01-20,25
PO009628,SUP001,COMP010,13649,2025-01-03,24
PO009629,SUP004,COMP011,14506,2025-09-23,18
PO009630,SUP001,COMP029,9059,2025-10-23,15
PO009631,SUP002,COMP031,9128,2025-05-01,7
PO009632,SUP003,COMP024,11401,2025-01-30,22
PO009633,SUP002,COMP024,12299,2025-07-04,17
PO009634,SUP004,COMP011,3412,2025-03-16,8
PO009635,SUP004,COMP009,7083,2025-01-19,5
PO009636,SUP008,COMP023,5188,2025-03-15,15
PO009637,SUP010,COMP034,9029,2025-04-16,8
PO009638,SUP001,COMP040,9912,2025-11-20,5
PO009639,SUP003,COMP018,2942,2025-04-17,12
PO009640,SUP009,COMP013,11216,2025-11-14,23
PO009641,SUP001,COMP027,1788,2025-12-27,19
PO009642,SUP005,COMP022,7143,2025-12-23,25
PO009643,SUP008,COMP010,7683,2025-09-19,14
PO009644,SUP008,COMP013,879,2025-03-10,25
PO009645,SUP004,COMP038,14051,2025-05-29,20
PO009646,SUP005,COMP031,11924,2025-08-15,5
PO009647,SUP005,COMP026,8213,2025-04-30,9
PO009648,SUP010,COMP004,10703,2025-03-20,6
PO009649,SUP004,COMP029,1150,2025-02-27,19
PO009650,SUP004,COMP011,8459,2025-05-15,3
PO009651,SUP004,COMP008,7659,2025-10-30,12
PO009652,SUP008,COMP018,4461,2025-05-14,5
PO009653,SUP009,COMP034,2307,2025-07-04,23
PO009654,SUP008,COMP028,14147,2025-12-12,14
PO009655,SUP002,COMP024,1496,2025-03-14,6
PO009656,SUP009,COMP026,4771,2025-06-24,22
PO009657,SUP009,COMP009,1908,2025-10-22,12
PO009658,SUP002,COMP024,1883,2025-09-01,16
PO009659,SUP004,COMP033,7193,2025-02-15,20
PO009660,SUP010,COMP002,9489,2025-06-29,12
PO009661,SUP001,COMP015,1509,2025-04-10,7
PO009662,SUP006,COMP015,6563,2025-06-15,13
PO009663,SUP010,COMP039,12359,2025-07-04,9
PO009664,SUP010,COMP029,3466,2025-01-06,25
PO009665,SUP006,COMP027,759,2025-01-02,23
PO009666,SUP007,COMP019,14424,2025-03-13,3
PO009667,SUP010,COMP012,14465,2025-03-14,14
PO009668,SUP010,COMP032,13753,2025-05-07,22
PO009669,SUP007,COMP030,13644,2025-01-25,17
PO009670,SUP002,COMP003,6875,2025-12-28,3
PO009671,SUP002,COMP006,12021,2025-04-30,23
PO009672,SUP001,COMP015,2724,2025-03-25,9
PO009673,SUP003,COMP016,6313,2025-12-30,12
PO009674,SUP004,COMP013,11772,2025-09-10,11
PO009675,SUP006,COMP014,13908,2025-08-09,25
PO009676,SUP006,COMP026,1116,2025-03-12,15
PO009677,SUP008,COMP020,14954,2025-02-21,8
PO009678,SUP002,COMP026,4112,2025-09-18,8
PO009679,SUP005,COMP021,10064,2025-07-15,8
PO009680,SUP003,COMP015,10674,2025-11-22,18
PO009681,SUP003,COMP018,11806,2025-10-03,11
PO009682,SUP004,COMP037,7506,2025-12-25,4
PO009683,SUP010,COMP038,6724,2025-12-24,4
PO009684,SUP008,COMP038,3617,2025-10-25,5
PO009685,SUP001,COMP023,2067,2025-06-30,23
PO009686,SUP001,COMP030,1642,2025-11-18,4
PO009687,SUP009,COMP005,7254,2025-07-09,9
PO009688,SUP006,COMP037,12061,2025-12-05,20
PO009689,SUP006,COMP005,13176,2025-07-06,23
PO009690,SUP004,COMP010,1515,2025-11-12,8
PO009691,SUP009,COMP015,11216,2025-07-10,10
PO009692,SUP005,COMP010,11157,2025-05-21,23
PO009693,SUP010,COMP022,647,2025-12-27,5
PO009694,SUP006,COMP011,12240,2025-12-16,20
PO009695,SUP001,COMP004,12415,2025-08-02,11
PO009696,SUP009,COMP027,2501,2025-11-17,13
PO009697,SUP008,COMP030,13510,2025-10-29,21
PO009698,SUP004,COMP012,4892,2025-07-26,25
PO009699,SUP010,COMP026,11773,2025-05-17,22
PO009700,SUP003,COMP034,10154,2025-08-10,9
PO009701,SUP009,COMP040,11151,2025-10-16,21
PO009702,SUP007,COMP033,677,2025-02-22,8
PO009703,SUP007,COMP025,9841,2025-11-10,9
PO009704,SUP001,COMP003,5746,2025-06-09,17
PO009705,SUP007,COMP018,13453,2025-03-28,12
PO009706,SUP010,COMP018,5528,2025-03-14,20
PO009707,SUP003,COMP035,1980,2025-09-21,9
PO009708,SUP003,COMP022,6455,2025-02-12,8
PO009709,SUP007,COMP026,13459,2025-11-01,5
PO009710,SUP008,COMP035,3481,2025-08-13,8
PO009711,SUP010,COMP030,14631,2025-04-05,6
PO009712,SUP004,COMP028,10587,2025-12-20,3
PO009713,SUP009,COMP026,7513,2025-01-10,8
PO009714,SUP003,COMP038,7091,2025-04-28,5
PO009715,SUP007,COMP023,14345,2025-01-25,6
PO009716,SUP003,COMP018,14076,2025-01-31,12
PO009717,SUP001,COMP014,5613,2025-02-19,18
PO009718,SUP007,COMP001,11392,2025-12-11,22
PO009719,SUP008,COMP008,3784,2025-09-13,18
PO009720,SUP008,COMP040,4048,2025-09-24,15
PO009721,SUP005,COMP002,4788,2025-08-27,3
PO009722,SUP005,COMP010,1209,2025-12-05,20
PO009723,SUP007,COMP026,12313,2025-06-02,18
PO009724,SUP009,COMP027,3589,2025-07-06,25
PO009725,SUP010,COMP018,4583,2025-01-08,25
PO009726,SUP002,COMP010,2620,2025-07-18,22
PO009727,SUP005,COMP008,5814,2025-05-05,24
PO009728,SUP006,COMP017,13813,2025-04-12,6
PO009729,SUP009,COMP031,13778,2025-01-07,23
PO009730,SUP006,COMP003,10672,2025-10-09,8
PO009731,SUP003,COMP005,12854,2025-07-28,7
PO009732,SUP006,COMP040,14689,2025-04-24,8
PO009733,SUP003,COMP018,642,2025-12-28,19
PO009734,SUP005,COMP002,11126,2025-09-12,12
PO009735,SUP010,COMP013,9196,2025-05-05,11
PO009736,SUP002,COMP027,2794,2025-05-05,7
PO009737,SUP006,COMP009,8853,2025-09-13,11
PO009738,SUP005,COMP002,2797,2025-10-19,6
PO009739,SUP004,COMP014,2728,2025-03-19,18
PO009740,SUP007,COMP002,14613,2025-04-16,21
PO009741,SUP003,COMP008,9719,2025-02-22,16
PO009742,SUP006,COMP033,12846,2025-01-20,15
PO009743,SUP005,COMP014,10750,2025-09-20,14
PO009744,SUP006,COMP005,2774,2025-11-11,21
PO009745,SUP009,COMP028,7111,2025-12-26,10
PO009746,SUP002,COMP034,11684,2025-01-16,13
PO009747,SUP009,COMP016,13630,2025-01-05,22
PO009748,SUP008,COMP026,10077,2025-01-15,24
PO009749,SUP005,COMP025,3778,2025-06-11,3
PO009750,SUP008,COMP031,4311,2025-02-25,20
PO009751,SUP009,COMP022,10678,2025-05-01,17
PO009752,SUP008,COMP024,4431,2025-04-22,14
PO009753,SUP010,COMP017,10939,2025-01-23,21
PO009754,SUP006,COMP016,13904,2025-04-09,8
PO009755,SUP005,COMP016,3729,2025-06-17,3
PO009756,SUP007,COMP037,12801,2025-09-27,12
PO009757,SUP005,COMP016,4073,2025-09-22,22
PO009758,SUP001,COMP011,5807,2025-05-17,18
PO009759,SUP002,COMP012,8255,2025-10-06,3
PO009760,SUP007,COMP025,4614,2025-06-08,20
PO009761,SUP006,COMP027,13780,2025-09-05,20
PO009762,SUP007,COMP033,10290,2025-03-29,15
PO009763,SUP009,COMP023,12219,2025-06-11,6
PO009764,SUP003,COMP031,13060,2025-01-28,6
PO009765,SUP002,COMP034,12225,2025-04-15,16
PO009766,SUP001,COMP026,4208,2025-09-12,3
PO009767,SUP006,COMP022,5543,2025-07-02,16
PO009768,SUP006,COMP007,5977,2025-05-20,23
PO009769,SUP002,COMP018,3382,2025-04-23,25
PO009770,SUP009,COMP027,1744,2025-06-06,13
PO009771,SUP001,COMP039,5495,2025-03-05,10
PO009772,SUP009,COMP011,3046,2025-07-01,19
PO009773,SUP002,COMP018,12150,2025-01-18,5
PO009774,SUP001,COMP007,11498,2025-03-04,21
PO009775,SUP001,COMP023,1069,2025-12-06,12
PO009776,SUP005,COMP011,11452,2025-10-05,6
PO009777,SUP007,COMP020,5697,2025-09-16,25
PO009778,SUP001,COMP034,2286,2025-01-18,23
PO009779,SUP007,COMP015,5931,2025-07-02,6
PO009780,SUP010,COMP032,13313,2025-03-15,15
PO009781,SUP004,COMP019,12115,2025-05-20,14
PO009782,SUP006,COMP027,6594,2025-10-10,8
PO009783,SUP005,COMP032,7343,2025-10-13,7
PO009784,SUP006,COMP035,14536,2025-05-10,14
PO009785,SUP010,COMP032,2678,2025-03-18,4
PO009786,SUP006,COMP003,2483,2025-12-18,5
PO009787,SUP007,COMP002,867,2025-03-13,16
PO009788,SUP009,COMP020,11551,2025-10-27,16
PO009789,SUP008,COMP030,14883,2025-09-11,16
PO009790,SUP002,COMP038,3396,2025-01-25,7
PO009791,SUP010,COMP030,7082,2025-05-07,17
PO009792,SUP008,COMP022,6188,2025-07-04,24
PO009793,SUP008,COMP040,14519,2025-06-02,10
PO009794,SUP002,COMP039,3603,2025-07-16,15
PO009795,SUP008,COMP006,2000,2025-07-24,8
PO009796,SUP006,COMP013,5993,2025-04-02,7
PO009797,SUP010,COMP015,13007,2025-10-14,15
PO009798,SUP003,COMP037,11155,2025-02-11,20
PO009799,SUP008,COMP038,3792,2025-12-04,23
PO009800,SUP008,COMP022,10434,2025-05-08,23
PO009801,SUP008,COMP009,8335,2025-07-01,6
PO009802,SUP004,COMP005,13273,2025-06-17,19
PO009803,SUP007,COMP010,14637,2025-01-12,18
PO009804,SUP002,COMP014,14490,2025-09-26,21
PO009805,SUP005,COMP031,11413,2025-08-27,24
PO009806,SUP009,COMP022,5406,2025-11-22,23
PO009807,SUP001,COMP029,10090,2025-05-14,14
PO009808,SUP004,COMP040,3976,2025-05-21,5
PO009809,SUP002,COMP012,4076,2025-07-28,12
PO009810,SUP007,COMP012,11096,2025-10-06,13
PO009811,SUP001,COMP025,9894,2025-07-24,17
PO009812,SUP003,COMP001,7008,2025-05-17,17
PO009813,SUP005,COMP001,12160,2025-06-24,14
PO009814,SUP001,COMP015,8294,2025-06-11,3
PO009815,SUP002,COMP027,501,2025-06-15,14
PO009816,SUP008,COMP003,5048,2025-09-03,19
PO009817,SUP008,COMP005,2672,2025-04-29,18
PO009818,SUP003,COMP036,8182,2025-12-29,10
PO009819,SUP006,COMP032,7060,2025-09-23,14
PO009820,SUP007,COMP017,2982,2025-11-16,16
PO009821,SUP006,COMP014,12907,2025-11-13,21
PO009822,SUP010,COMP004,10656,2025-06-10,12
PO009823,SUP008,COMP006,8637,2025-12-20,17
PO009824,SUP005,COMP007,7425,2025-09-27,16
PO009825,SUP008,COMP019,11786,2025-05-23,19
PO009826,SUP010,COMP040,6962,2025-03-02,25
PO009827,SUP006,COMP007,11268,2025-12-01,16
PO009828,SUP001,COMP002,9618,2025-01-07,11
PO009829,SUP005,COMP014,6459,2025-10-02,10
PO009830,SUP006,COMP007,530,2025-01-25,16
PO009831,SUP008,COMP003,13448,2025-08-17,23
PO009832,SUP007,COMP002,4536,2025-12-18,11
PO009833,SUP006,COMP015,818,2025-01-17,23
PO009834,SUP008,COMP013,5100,2025-02-14,14
PO009835,SUP003,COMP031,5026,2025-12-06,7
PO009836,SUP002,COMP010,9305,2025-03-04,10
PO009837,SUP004,COMP004,10479,2025-06-01,10
PO009838,SUP009,COMP004,2462,2025-10-08,4
PO009839,SUP009,COMP032,14824,2025-12-28,14
PO009840,SUP004,COMP030,5370,2025-02-24,8
PO009841,SUP007,COMP002,902,2025-03-24,16
PO009842,SUP008,COMP018,6111,2025-12-17,19
PO009843,SUP007,COMP005,13989,2025-09-25,21
PO009844,SUP005,COMP009,12894,2025-01-16,15
PO009845,SUP003,COMP019,9282,2025-10-01,17
PO009846,SUP009,COMP009,11442,2025-01-16,8
PO009847,SUP009,COMP010,6213,2025-04-10,16
PO009848,SUP006,COMP021,2946,2025-03-21,3
PO009849,SUP006,COMP013,13777,2025-10-03,12
PO009850,SUP009,COMP004,4327,2025-01-05,8
PO009851,SUP006,COMP007,6137,2025-08-27,6
PO009852,SUP007,COMP005,10369,2025-06-23,25
PO009853,SUP005,COMP027,7990,2025-03-19,9
PO009854,SUP010,COMP001,12967,2025-12-03,12
PO009855,SUP005,COMP007,9453,2025-07-07,24
PO009856,SUP001,COMP029,1647,2025-02-09,9
PO009857,SUP009,COMP013,14244,2025-12-01,24
PO009858,SUP006,COMP005,4763,2025-08-12,10
PO009859,SUP006,COMP019,8053,2025-07-24,14
PO009860,SUP009,COMP018,9294,2025-12-22,20
PO009861,SUP006,COMP020,13126,2025-12-29,17
PO009862,SUP007,COMP012,530,2025-08-06,21
PO009863,SUP004,COMP019,13274,2025-09-19,15
PO009864,SUP008,COMP014,7964,2025-01-09,24
PO009865,SUP003,COMP007,12081,2025-11-02,18
PO009866,SUP007,COMP008,8339,2025-05-13,9
PO009867,SUP003,COMP027,5470,2025-02-12,18
PO009868,SUP003,COMP012,6399,2025-07-05,6
PO009869,SUP005,COMP023,9568,2025-09-18,13
PO009870,SUP001,COMP008,9390,2025-04-03,21
PO009871,SUP010,COMP037,752,2025-11-10,5
PO009872,SUP001,COMP007,1418,2025-03-29,15
PO009873,SUP004,COMP038,11649,2025-01-21,3
PO009874,SUP002,COMP039,10044,2025-01-16,17
PO009875,SUP004,COMP037,4958,2025-10-15,20
PO009876,SUP004,COMP020,506,2025-04-19,22
PO009877,SUP001,COMP028,11590,2025-01-01,17
PO009878,SUP008,COMP005,9234,2025-08-25,8
PO009879,SUP010,COMP032,1281,2025-04-08,11
PO009880,SUP006,COMP004,11578,2025-07-10,20
PO009881,SUP009,COMP011,11399,2025-01-23,8
PO009882,SUP005,COMP017,7050,2025-12-10,21
PO009883,SUP005,COMP014,10549,2025-11-20,18
PO009884,SUP005,COMP012,2938,2025-06-16,18
PO009885,SUP008,COMP038,12431,2025-09-19,10
PO009886,SUP001,COMP020,14535,2025-11-26,7
PO009887,SUP002,COMP018,5763,2025-04-15,19
PO009888,SUP003,COMP013,4430,2025-03-28,5
PO009889,SUP004,COMP003,1623,2025-10-31,9
PO009890,SUP009,COMP025,10928,2025-09-21,8
PO009891,SUP003,COMP026,8138,2025-03-30,10
PO009892,SUP006,COMP027,2145,2025-02-02,22
PO009893,SUP005,COMP013,7227,2025-02-20,12
PO009894,SUP008,COMP021,6858,2025-03-12,21
PO009895,SUP008,COMP036,9398,2025-03-18,10
PO009896,SUP006,COMP022,3930,2025-02-06,20
PO009897,SUP005,COMP019,14815,2025-06-07,25
PO009898,SUP007,COMP039,1193,2025-06-03,19
PO009899,SUP009,COMP013,6003,2025-07-20,9
PO009900,SUP005,COMP032,2117,2025-08-09,20
PO009901,SUP009,COMP004,2243,2025-08-30,17
PO009902,SUP002,COMP004,9430,2025-08-10,22
PO009903,SUP007,COMP024,4765,2025-01-21,15
PO009904,SUP006,COMP002,1347,2025-03-16,9
PO009905,SUP006,COMP026,12360,2025-06-05,5
PO009906,SUP005,COMP003,8223,2025-08-21,6
PO009907,SUP005,COMP010,1832,2025-12-30,3
PO009908,SUP006,COMP020,4513,2025-06-19,5
PO009909,SUP004,COMP029,2143,2025-09-17,10
PO009910,SUP005,COMP038,10812,2025-09-09,25
PO009911,SUP010,COMP037,2946,2025-03-20,22
PO009912,SUP002,COMP004,12274,2025-10-07,4
PO009913,SUP008,COMP029,9377,2025-07-10,24
PO009914,SUP009,COMP021,10487,2025-11-18,22
PO009915,SUP002,COMP040,3355,2025-09-21,21
PO009916,SUP003,COMP008,13293,2025-08-25,16
PO009917,SUP010,COMP028,13572,2025-01-30,10
PO009918,SUP009,COMP016,4786,2025-09-09,19
PO009919,SUP007,COMP010,7209,2025-05-21,16
PO009920,SUP002,COMP026,2450,2025-06-19,23
PO009921,SUP001,COMP005,9219,2025-07-30,3
PO009922,SUP006,COMP001,4384,2025-06-17,4
PO009923,SUP010,COMP001,11243,2025-09-13,20
PO009924,SUP007,COMP005,14345,2025-02-19,25
PO009925,SUP005,COMP002,11726,2025-08-26,16
PO009926,SUP008,COMP002,4291,2025-06-04,24
PO009927,SUP008,COMP002,1058,2025-09-17,7
PO009928,SUP007,COMP013,8418,2025-06-03,24
PO009929,SUP007,COMP019,6646,2025-03-19,7
PO009930,SUP006,COMP003,11013,2025-08-18,11
PO009931,SUP008,COMP028,3250,2025-02-17,21
PO009932,SUP009,COMP037,12581,2025-05-05,20
PO009933,SUP004,COMP021,9846,2025-04-28,3
PO009934,SUP002,COMP026,8807,2025-05-11,21
PO009935,SUP008,COMP004,7732,2025-02-03,21
PO009936,SUP010,COMP009,6423,2025-09-05,13
PO009937,SUP002,COMP007,8001,2025-02-09,11
PO009938,SUP005,COMP002,14809,2025-04-09,12
PO009939,SUP003,COMP035,13843,2025-08-22,13
PO009940,SUP007,COMP029,3799,2025-12-22,6
PO009941,SUP002,COMP004,2546,2025-08-27,15
PO009942,SUP007,COMP001,14387,2025-04-04,17
PO009943,SUP010,COMP006,11667,2025-03-09,16
PO009944,SUP002,COMP023,5039,2025-01-19,22
PO009945,SUP009,COMP024,7066,2025-11-05,5
PO009946,SUP001,COMP015,10164,2025-04-14,12
PO009947,SUP009,COMP008,1447,2025-01-31,10
PO009948,SUP004,COMP020,10974,2025-06-24,9
PO009949,SUP010,COMP013,2312,2025-11-22,18
PO009950,SUP005,COMP009,2866,2025-02-17,16
PO009951,SUP006,COMP038,8708,2025-02-19,5
PO009952,SUP006,COMP031,13219,2025-10-17,5
PO009953,SUP004,COMP025,14160,2025-12-12,17
PO009954,SUP009,COMP039,6097,2025-05-07,17
PO009955,SUP010,COMP010,9363,2025-01-31,15
PO009956,SUP004,COMP040,6761,2025-12-09,20
PO009957,SUP003,COMP017,9052,2025-02-08,18
PO009958,SUP003,COMP040,8573,2025-02-23,9
PO009959,SUP002,COMP006,11651,2025-06-17,19
PO009960,SUP003,COMP021,1317,2025-10-03,12
PO009961,SUP004,COMP018,11400,2025-04-05,5
PO009962,SUP002,COMP011,2052,2025-12-21,20
PO009963,SUP003,COMP035,9102,2025-03-28,21
PO009964,SUP002,COMP017,6230,2025-06-09,17
PO009965,SUP001,COMP021,5126,2025-05-08,9
PO009966,SUP003,COMP006,3020,2025-06-14,21
PO009967,SUP006,COMP019,3650,2025-03-14,25
PO009968,SUP005,COMP019,12103,2025-04-21,22
PO009969,SUP003,COMP012,1476,2025-08-27,19
PO009970,SUP002,COMP002,5912,2025-01-16,20
PO009971,SUP010,COMP036,11851,2025-12-06,22
PO009972,SUP005,COMP004,12693,2025-10-04,25
PO009973,SUP002,COMP026,10789,2025-08-25,8
PO009974,SUP004,COMP014,7084,2025-10-27,10
PO009975,SUP006,COMP007,12588,2025-01-23,17
PO009976,SUP004,COMP033,6627,2025-02-02,13
PO009977,SUP004,COMP019,10796,2025-04-19,14
PO009978,SUP007,COMP031,13383,2025-10-31,12
PO009979,SUP002,COMP023,5214,2025-12-10,3
PO009980,SUP010,COMP020,7363,2025-02-18,17
PO009981,SUP005,COMP024,5728,2025-07-29,9
PO009982,SUP008,COMP036,12997,2025-01-20,6
PO009983,SUP009,COMP032,2093,2025-06-16,5
PO009984,SUP004,COMP001,586,2025-07-22,9
PO009985,SUP005,COMP003,10200,2025-08-03,6
PO009986,SUP003,COMP038,9892,2025-03-26,15
PO009987,SUP003,COMP015,13015,2025-07-18,6
PO009988,SUP009,COMP008,6493,2025-08-13,21
PO009989,SUP008,COMP029,7161,2025-05-28,7
PO009990,SUP004,COMP030,9192,2025-09-14,13
PO009991,SUP001,COMP029,9730,2025-12-28,3
PO009992,SUP005,COMP030,6628,2025-06-28,8
PO009993,SUP004,COMP001,13294,2025-05-05,9
PO009994,SUP006,COMP002,2226,2025-04-02,10
PO009995,SUP003,COMP037,592,2025-01-26,6
PO009996,SUP002,COMP011,13718,2025-05-17,22
PO009997,SUP004,COMP018,2239,2025-11-19,14
PO009998,SUP009,COMP010,2778,2025-02-12,8
PO009999,SUP002,COMP024,1745,2025-02-22,4
PO010000,SUP009,COMP035,13895,2025-01-01,25
PO010001,SUP010,COMP035,9764,2025-06-25,4
PO010002,SUP007,COMP027,13637,2025-07-10,22
PO010003,SUP004,COMP022,6983,2025-02-18,25
PO010004,SUP005,COMP004,899,2025-10-08,6
PO010005,SUP005,COMP023,2612,2025-11-25,20
PO010006,SUP007,COMP001,7093,2025-10-02,21
PO010007,SUP003,COMP006,8421,2025-06-07,11
PO010008,SUP008,COMP002,8378,2025-05-09,22
PO010009,SUP006,COMP012,2774,2025-06-01,22
PO010010,SUP010,COMP017,11325,2025-11-07,23
PO010011,SUP009,COMP038,7755,2025-07-24,10
PO010012,SUP010,COMP008,6698,2025-01-16,4
PO010013,SUP008,COMP026,9819,2025-05-28,5
PO010014,SUP007,COMP021,11626,2025-10-13,17
PO010015,SUP001,COMP005,6206,2025-03-06,22
PO010016,SUP006,COMP004,12905,2025-08-02,10
PO010017,SUP006,COMP020,2305,2025-11-21,25
PO010018,SUP007,COMP029,9114,2025-11-19,13
PO010019,SUP004,COMP002,5034,2025-06-05,13
PO010020,SUP007,COMP030,13240,2025-06-26,23
PO010021,SUP010,COMP033,11667,2025-02-02,20
PO010022,SUP007,COMP016,14280,2025-03-11,23
PO010023,SUP005,COMP014,3757,2025-06-13,3
PO010024,SUP009,COMP023,1971,2025-02-28,7
PO010025,SUP008,COMP017,8892,2025-11-30,25
PO010026,SUP002,COMP025,2836,2025-08-04,22
PO010027,SUP009,COMP024,3342,2025-01-13,13
PO010028,SUP007,COMP027,613,2025-06-20,25
PO010029,SUP010,COMP037,9857,2025-04-10,7
PO010030,SUP002,COMP037,8068,2025-05-20,15
PO010031,SUP006,COMP026,3885,2025-11-20,19
PO010032,SUP003,COMP024,7199,2025-11-03,4
PO010033,SUP003,COMP034,7771,2025-11-23,15
PO010034,SUP002,COMP040,7692,2025-07-31,20
PO010035,SUP002,COMP015,8797,2025-10-16,6
PO010036,SUP001,COMP009,11100,2025-01-21,20
PO010037,SUP008,COMP020,1033,2025-03-31,20
PO010038,SUP010,COMP038,4308,2025-08-03,13
PO010039,SUP001,COMP003,12566,2025-12-08,10
PO010040,SUP002,COMP040,844,2025-09-30,13
PO010041,SUP008,COMP036,14553,2025-10-12,8
PO010042,SUP006,COMP034,4941,2025-03-14,8
PO010043,SUP001,COMP033,10995,2025-07-13,14
PO010044,SUP003,COMP004,7939,2025-09-13,12
PO010045,SUP009,COMP025,1291,2025-04-03,14
PO010046,SUP007,COMP015,8283,2025-09-18,5
PO010047,SUP002,COMP025,10141,2025-01-28,24
PO010048,SUP010,COMP029,2939,2025-08-15,10
PO010049,SUP003,COMP033,6575,2025-07-10,18
PO010050,SUP008,COMP038,14866,2025-09-01,11
PO010051,SUP009,COMP017,12728,2025-01-01,19
PO010052,SUP006,COMP011,12795,2025-04-03,19
PO010053,SUP007,COMP006,10355,2025-09-28,7
PO010054,SUP008,COMP010,7194,2025-01-04,15
PO010055,SUP006,COMP031,7604,2025-09-18,8
PO010056,SUP010,COMP039,13047,2025-08-12,18
PO010057,SUP003,COMP034,3418,2025-06-07,6
PO010058,SUP010,COMP030,8714,2025-07-26,19
PO010059,SUP001,COMP017,3260,2025-09-27,20
PO010060,SUP008,COMP033,11673,2025-11-02,8
PO010061,SUP006,COMP037,9100,2025-07-22,17
PO010062,SUP003,COMP019,2494,2025-11-07,14
PO010063,SUP005,COMP008,10740,2025-07-06,18
PO010064,SUP002,COMP031,7644,2025-03-29,15
PO010065,SUP010,COMP025,8082,2025-03-31,20
PO010066,SUP010,COMP009,6392,2025-09-06,16
PO010067,SUP006,COMP022,14500,2025-06-22,5
PO010068,SUP005,COMP028,6414,2025-11-07,21
PO010069,SUP009,COMP015,1567,2025-05-18,9
PO010070,SUP001,COMP039,10238,2025-06-26,10
PO010071,SUP003,COMP007,9373,2025-10-23,10
PO010072,SUP002,COMP024,11747,2025-05-08,4
PO010073,SUP006,COMP033,12324,2025-07-14,14
PO010074,SUP005,COMP035,3919,2025-04-29,24
PO010075,SUP009,COMP036,1228,2025-08-06,18
PO010076,SUP002,COMP039,2199,2025-09-10,12
PO010077,SUP003,COMP024,1849,2025-09-20,24
PO010078,SUP007,COMP040,8139,2025-06-18,24
PO010079,SUP007,COMP025,11447,2025-08-31,6
PO010080,SUP008,COMP024,14697,2025-03-06,12
PO010081,SUP001,COMP040,7985,2025-12-25,14
PO010082,SUP009,COMP025,2270,2025-05-07,23
PO010083,SUP010,COMP015,4982,2025-08-29,11
PO010084,SUP010,COMP024,13925,2025-01-22,4
PO010085,SUP005,COMP020,14642,2025-02-02,20
PO010086,SUP006,COMP004,658,2025-08-08,4
PO010087,SUP004,COMP001,8669,2025-12-02,25
PO010088,SUP010,COMP034,5532,2025-05-03,15
PO010089,SUP004,COMP018,9121,2025-07-24,5
PO010090,SUP006,COMP028,5741,2025-10-07,19
PO010091,SUP008,COMP039,13792,2025-04-09,12
PO010092,SUP001,COMP017,9577,2025-07-21,22
PO010093,SUP004,COMP035,12138,2025-05-16,5
PO010094,SUP004,COMP031,769,2025-08-15,19
PO010095,SUP008,COMP002,4250,2025-12-04,9
PO010096,SUP001,COMP006,5081,2025-02-03,6
PO010097,SUP009,COMP010,6849,2025-11-20,4
PO010098,SUP007,COMP003,13247,2025-07-18,19
PO010099,SUP003,COMP006,8262,2025-11-14,17
PO010100,SUP007,COMP018,14162,2025-11-26,15
PO010101,SUP008,COMP002,13178,2025-06-25,18
PO010102,SUP005,COMP011,502,2025-06-26,4
PO010103,SUP001,COMP035,1115,2025-01-05,4
PO010104,SUP002,COMP034,11214,2025-03-19,16
PO010105,SUP001,COMP026,3532,2025-02-01,6
PO010106,SUP002,COMP040,10384,2025-01-05,15
PO010107,SUP009,COMP036,8365,2025-01-03,22
PO010108,SUP001,COMP038,1387,2025-06-07,8
PO010109,SUP004,COMP010,7197,2025-11-23,16
PO010110,SUP004,COMP018,6220,2025-07-25,12
PO010111,SUP006,COMP003,10899,2025-11-17,11
PO010112,SUP001,COMP031,10196,2025-12-15,12
PO010113,SUP003,COMP023,14383,2025-11-03,7
PO010114,SUP003,COMP001,3228,2025-02-02,10
PO010115,SUP010,COMP021,13332,2025-03-08,3
PO010116,SUP008,COMP027,4792,2025-12-15,10
PO010117,SUP006,COMP037,4042,2025-03-19,14
PO010118,SUP007,COMP008,11057,2025-09-18,9
PO010119,SUP008,COMP003,2536,2025-06-25,17
PO010120,SUP008,COMP020,5593,2025-02-13,23
PO010121,SUP007,COMP028,2992,2025-03-01,12
PO010122,SUP006,COMP037,8930,2025-06-06,24
PO010123,SUP009,COMP018,8361,2025-11-27,5
PO010124,SUP007,COMP037,11843,2025-04-25,16
PO010125,SUP002,COMP032,11583,2025-06-14,15
PO010126,SUP009,COMP011,11508,2025-11-22,15
PO010127,SUP009,COMP005,14898,2025-05-13,24
PO010128,SUP002,COMP024,5880,2025-12-04,3
PO010129,SUP002,COMP019,5993,2025-08-22,3
PO010130,SUP001,COMP019,11551,2025-01-09,6
PO010131,SUP008,COMP013,11000,2025-04-27,17
PO010132,SUP006,COMP038,1984,2025-02-22,23
PO010133,SUP003,COMP034,10752,2025-08-04,25
PO010134,SUP002,COMP015,2460,2025-09-25,19
PO010135,SUP004,COMP040,6056,2025-06-18,17
PO010136,SUP001,COMP006,7380,2025-01-15,6
PO010137,SUP007,COMP006,11324,2025-11-09,22
PO010138,SUP006,COMP037,5368,2025-03-28,14
PO010139,SUP004,COMP021,12819,2025-03-12,14
PO010140,SUP004,COMP029,724,2025-11-10,12
PO010141,SUP003,COMP002,14137,2025-12-29,15
PO010142,SUP006,COMP040,14074,2025-10-27,21
PO010143,SUP006,COMP018,5002,2025-01-02,20
PO010144,SUP001,COMP038,10034,2025-06-12,20
PO010145,SUP010,COMP010,11224,2025-12-06,19
PO010146,SUP003,COMP008,11063,2025-06-21,12
PO010147,SUP010,COMP028,3597,2025-01-06,19
PO010148,SUP004,COMP039,11913,2025-12-22,18
PO010149,SUP008,COMP009,11266,2025-06-23,6
PO010150,SUP009,COMP033,4248,2025-04-10,20
PO010151,SUP010,COMP022,4495,2025-06-04,21
PO010152,SUP002,COMP003,3422,2025-07-18,10
PO010153,SUP010,COMP035,12586,2025-08-02,12
PO010154,SUP010,COMP015,6531,2025-05-31,11
PO010155,SUP010,COMP040,11095,2025-09-06,3
PO010156,SUP008,COMP022,14644,2025-06-13,12
PO010157,SUP006,COMP013,9238,2025-10-07,8
PO010158,SUP003,COMP016,11107,2025-05-20,3
PO010159,SUP010,COMP008,7805,2025-01-18,19
PO010160,SUP010,COMP021,8450,2025-06-06,9
PO010161,SUP009,COMP010,7512,2025-09-12,19
PO010162,SUP003,COMP036,3105,2025-08-14,14
PO010163,SUP010,COMP034,7911,2025-07-12,19
PO010164,SUP001,COMP030,9922,2025-10-11,5
PO010165,SUP001,COMP023,2497,2025-12-21,10
PO010166,SUP002,COMP020,7658,2025-10-26,8
PO010167,SUP010,COMP040,4088,2025-04-15,23
PO010168,SUP009,COMP025,12667,2025-12-12,9
PO010169,SUP005,COMP023,8762,2025-09-06,8
PO010170,SUP004,COMP025,13394,2025-05-08,23
PO010171,SUP007,COMP010,9103,2025-06-19,25
PO010172,SUP009,COMP019,11086,2025-10-28,20
PO010173,SUP002,COMP007,13948,2025-11-24,11
PO010174,SUP006,COMP032,6415,2025-09-28,17
PO010175,SUP004,COMP035,14985,2025-07-29,20
PO010176,SUP009,COMP002,6513,2025-01-25,25
PO010177,SUP008,COMP020,5629,2025-02-19,6
PO010178,SUP006,COMP012,5305,2025-08-25,5
PO010179,SUP009,COMP029,12750,2025-02-13,3
PO010180,SUP001,COMP002,12930,2025-04-12,3
PO010181,SUP001,COMP016,6086,2025-12-04,7
PO010182,SUP008,COMP021,2105,2025-08-26,23
PO010183,SUP003,COMP034,6933,2025-04-24,7
PO010184,SUP005,COMP040,5511,2025-10-09,18
PO010185,SUP009,COMP016,7449,2025-01-20,25
PO010186,SUP001,COMP010,10456,2025-09-16,12
PO010187,SUP006,COMP023,12508,2025-10-06,8
PO010188,SUP009,COMP005,5344,2025-07-26,23
PO010189,SUP002,COMP030,14819,2025-03-27,18
PO010190,SUP001,COMP006,9603,2025-10-19,6
PO010191,SUP004,COMP033,9636,2025-09-11,7
PO010192,SUP002,COMP032,11550,2025-03-09,24
PO010193,SUP009,COMP016,7099,2025-01-02,16
PO010194,SUP010,COMP025,7419,2025-10-03,19
PO010195,SUP005,COMP017,9437,2025-09-10,21
PO010196,SUP005,COMP040,4471,2025-02-14,17
PO010197,SUP004,COMP013,2692,2025-03-08,3
PO010198,SUP007,COMP012,5066,2025-12-29,20
PO010199,SUP001,COMP030,3126,2025-08-22,12
PO010200,SUP004,COMP022,14218,2025-09-19,24
PO010201,SUP006,COMP025,9849,2025-04-19,7
PO010202,SUP009,COMP032,12680,2025-05-16,25
PO010203,SUP004,COMP019,2742,2025-01-27,13
PO010204,SUP001,COMP011,5188,2025-01-29,21
PO010205,SUP001,COMP023,1172,2025-10-14,23
PO010206,SUP004,COMP019,6199,2025-01-30,9
PO010207,SUP008,COMP015,6611,2025-01-07,22
PO010208,SUP003,COMP025,13251,2025-10-18,8
PO010209,SUP006,COMP011,7477,2025-02-04,18
PO010210,SUP006,COMP006,6504,2025-05-11,5
PO010211,SUP009,COMP035,11163,2025-03-11,25
PO010212,SUP003,COMP033,7898,2025-01-17,4
PO010213,SUP003,COMP005,14639,2025-04-22,16
PO010214,SUP002,COMP014,10375,2025-10-24,21
PO010215,SUP003,COMP014,3039,2025-04-21,21
PO010216,SUP009,COMP029,14115,2025-05-24,24
PO010217,SUP005,COMP022,2054,2025-03-24,7
PO010218,SUP008,COMP027,11167,2025-12-18,24
PO010219,SUP001,COMP029,13817,2025-10-01,16
PO010220,SUP007,COMP001,7823,2025-12-24,15
PO010221,SUP005,COMP019,11126,2025-12-09,7
PO010222,SUP001,COMP030,1115,2025-09-10,18
PO010223,SUP002,COMP015,11079,2025-07-09,24
PO010224,SUP010,COMP040,3055,2025-05-01,10
PO010225,SUP002,COMP012,9464,2025-11-14,21
PO010226,SUP009,COMP021,2415,2025-02-15,19
PO010227,SUP007,COMP001,6188,2025-05-18,7
PO010228,SUP004,COMP005,14879,2025-02-21,23
PO010229,SUP003,COMP025,2797,2025-06-30,17
PO010230,SUP005,COMP033,10264,2025-05-24,15
PO010231,SUP007,COMP032,5504,2025-07-17,25
PO010232,SUP006,COMP022,894,2025-07-05,17
PO010233,SUP006,COMP005,9819,2025-05-17,10
PO010234,SUP005,COMP009,6008,2025-05-22,19
PO010235,SUP003,COMP021,11403,2025-01-05,20
PO010236,SUP006,COMP005,1799,2025-07-04,12
PO010237,SUP010,COMP017,7878,2025-12-20,14
PO010238,SUP001,COMP019,7431,2025-07-09,9
PO010239,SUP005,COMP011,6086,2025-06-03,23
PO010240,SUP003,COMP010,12953,2025-09-14,20
PO010241,SUP001,COMP015,12065,2025-03-20,16
PO010242,SUP001,COMP011,9832,2025-09-03,23
PO010243,SUP005,COMP036,898,2025-06-15,17
PO010244,SUP010,COMP028,11832,2025-11-22,20
PO010245,SUP008,COMP013,3892,2025-06-26,8
PO010246,SUP001,COMP007,9014,2025-10-09,22
PO010247,SUP008,COMP026,14663,2025-02-16,5
PO010248,SUP001,COMP039,7820,2025-08-10,9
PO010249,SUP001,COMP011,13989,2025-09-23,16
PO010250,SUP007,COMP023,4493,2025-07-06,25
PO010251,SUP009,COMP005,9512,2025-10-24,20
PO010252,SUP006,COMP030,10643,2025-02-24,24
PO010253,SUP008,COMP011,1818,2025-05-16,19
PO010254,SUP007,COMP036,9279,2025-03-26,23
PO010255,SUP004,COMP036,12092,2025-07-02,14
PO010256,SUP002,COMP023,2167,2025-01-15,24
PO010257,SUP010,COMP016,4634,2025-07-26,16
PO010258,SUP008,COMP016,1300,2025-09-17,20
PO010259,SUP001,COMP017,9395,2025-12-06,3
PO010260,SUP009,COMP006,3327,2025-09-06,7
PO010261,SUP008,COMP018,7554,2025-01-08,4
PO010262,SUP002,COMP008,1959,2025-07-07,16
PO010263,SUP007,COMP016,10849,2025-03-03,5
PO010264,SUP001,COMP033,4883,2025-10-06,14
PO010265,SUP006,COMP030,12008,2025-11-07,23
PO010266,SUP004,COMP039,11734,2025-04-25,19
PO010267,SUP002,COMP010,4596,2025-01-10,6
PO010268,SUP005,COMP032,7150,2025-07-17,21
PO010269,SUP007,COMP018,9481,2025-05-16,16
PO010270,SUP002,COMP022,10575,2025-02-24,3
PO010271,SUP002,COMP020,5743,2025-03-28,21
PO010272,SUP008,COMP007,7967,2025-12-06,9
PO010273,SUP001,COMP018,3574,2025-12-11,6
PO010274,SUP002,COMP013,8762,2025-08-16,13
PO010275,SUP001,COMP037,3629,2025-02-07,23
PO010276,SUP001,COMP027,12206,2025-02-23,18
PO010277,SUP004,COMP022,12007,2025-06-26,24
PO010278,SUP010,COMP040,8517,2025-03-04,18
PO010279,SUP008,COMP029,3064,2025-02-28,16
PO010280,SUP007,COMP019,1467,2025-02-10,15
PO010281,SUP003,COMP021,9736,2025-06-25,9
PO010282,SUP005,COMP024,4914,2025-08-21,22
PO010283,SUP008,COMP009,9250,2025-12-13,3
PO010284,SUP009,COMP039,12891,2025-04-10,18
PO010285,SUP003,COMP021,9928,2025-06-28,16
PO010286,SUP002,COMP026,12317,2025-10-01,22
PO010287,SUP009,COMP013,14437,2025-09-12,24
PO010288,SUP006,COMP002,2234,2025-06-06,20
PO010289,SUP002,COMP003,3270,2025-09-12,3
PO010290,SUP004,COMP026,14814,2025-05-22,25
PO010291,SUP007,COMP023,11993,2025-09-01,15
PO010292,SUP002,COMP003,6399,2025-03-13,18
PO010293,SUP003,COMP013,11693,2025-09-13,14
PO010294,SUP005,COMP013,5817,2025-06-06,18
PO010295,SUP008,COMP036,11706,2025-01-29,6
PO010296,SUP006,COMP012,7562,2025-12-03,3
PO010297,SUP008,COMP019,9239,2025-07-17,21
PO010298,SUP010,COMP014,6019,2025-09-21,19
PO010299,SUP004,COMP037,8443,2025-10-10,11
PO010300,SUP008,COMP039,2337,2025-12-31,24
PO010301,SUP007,COMP026,5789,2025-10-20,23
PO010302,SUP002,COMP019,5437,2025-05-13,14
PO010303,SUP001,COMP015,3429,2025-12-30,9
PO010304,SUP002,COMP010,4809,2025-11-21,19
PO010305,SUP010,COMP008,12997,2025-05-11,8
PO010306,SUP008,COMP017,2601,2025-12-15,13
PO010307,SUP009,COMP037,2185,2025-07-04,22
PO010308,SUP007,COMP021,5411,2025-06-19,24
PO010309,SUP009,COMP010,13675,2025-09-04,9
PO010310,SUP008,COMP012,883,2025-05-13,6
PO010311,SUP007,COMP033,13703,2025-10-28,9
PO010312,SUP010,COMP018,3249,2025-05-17,6
PO010313,SUP009,COMP021,795,2025-05-29,19
PO010314,SUP010,COMP004,687,2025-07-18,3
PO010315,SUP007,COMP032,714,2025-09-27,25
PO010316,SUP008,COMP026,2568,2025-05-18,3
PO010317,SUP009,COMP009,9667,2025-04-21,9
PO010318,SUP001,COMP002,11538,2025-10-23,8
PO010319,SUP008,COMP014,4289,2025-09-24,13
PO010320,SUP003,COMP036,10347,2025-04-02,13
PO010321,SUP008,COMP002,14031,2025-03-14,25
PO010322,SUP007,COMP032,3085,2025-02-04,20
PO010323,SUP003,COMP023,8519,2025-02-08,14
PO010324,SUP008,COMP032,4304,2025-03-04,18
PO010325,SUP006,COMP016,13501,2025-07-27,10
PO010326,SUP010,COMP029,9331,2025-07-15,23
PO010327,SUP010,COMP003,4114,2025-07-21,6
PO010328,SUP009,COMP018,4428,2025-11-11,16
PO010329,SUP009,COMP011,3118,2025-10-27,19
PO010330,SUP004,COMP014,7245,2025-10-26,5
PO010331,SUP010,COMP022,7730,2025-02-25,18
PO010332,SUP009,COMP014,668,2025-01-27,25
PO010333,SUP004,COMP002,10805,2025-07-08,15
PO010334,SUP005,COMP017,1835,2025-06-14,20
PO010335,SUP010,COMP026,9484,2025-10-24,24
PO010336,SUP008,COMP020,9037,2025-03-18,24
PO010337,SUP009,COMP030,5698,2025-11-26,20
PO010338,SUP004,COMP013,12871,2025-02-19,20
PO010339,SUP004,COMP040,797,2025-03-08,5
PO010340,SUP006,COMP032,4425,2025-11-23,7
PO010341,SUP001,COMP035,3925,2025-12-26,16
PO010342,SUP002,COMP025,12013,2025-04-05,7
PO010343,SUP009,COMP031,10160,2025-05-28,18
PO010344,SUP004,COMP006,1551,2025-01-08,21
PO010345,SUP009,COMP009,1460,2025-05-31,19
PO010346,SUP002,COMP027,2062,2025-02-02,9
PO010347,SUP004,COMP028,3327,2025-10-13,20
PO010348,SUP006,COMP031,13381,2025-11-25,4
PO010349,SUP002,COMP024,9407,2025-11-06,16
PO010350,SUP008,COMP007,9826,2025-08-01,14
PO010351,SUP003,COMP028,11202,2025-05-03,25
PO010352,SUP001,COMP011,11489,2025-07-28,16
PO010353,SUP010,COMP034,1259,2025-04-15,7
PO010354,SUP008,COMP014,9723,2025-10-17,16
PO010355,SUP007,COMP025,3414,2025-10-22,3
PO010356,SUP010,COMP005,3831,2025-08-22,12
PO010357,SUP002,COMP011,9431,2025-04-18,21
PO010358,SUP002,COMP029,6150,2025-12-08,15
PO010359,SUP008,COMP014,12818,2025-06-23,4
PO010360,SUP009,COMP012,2635,2025-12-22,3
PO010361,SUP005,COMP032,11280,2025-12-12,25
PO010362,SUP004,COMP002,2058,2025-10-31,7
PO010363,SUP005,COMP037,11521,2025-01-15,17
PO010364,SUP005,COMP033,9192,2025-04-01,11
PO010365,SUP002,COMP036,3994,2025-11-25,9
PO010366,SUP006,COMP027,8156,2025-03-17,3
PO010367,SUP008,COMP005,13692,2025-11-27,21
PO010368,SUP001,COMP007,4933,2025-12-30,18
PO010369,SUP004,COMP018,12650,2025-03-13,17
PO010370,SUP003,COMP012,1313,2025-09-22,21
PO010371,SUP006,COMP035,11744,2025-01-06,22
PO010372,SUP001,COMP007,6410,2025-02-08,17
PO010373,SUP005,COMP035,13550,2025-10-31,19
PO010374,SUP007,COMP009,2584,2025-01-10,16
PO010375,SUP009,COMP027,8374,2025-05-06,16
PO010376,SUP005,COMP016,10769,2025-10-01,22
PO010377,SUP005,COMP005,13097,2025-07-10,8
PO010378,SUP004,COMP023,10143,2025-09-24,8
PO010379,SUP001,COMP009,14419,2025-10-20,23
PO010380,SUP001,COMP005,6957,2025-07-25,14
PO010381,SUP002,COMP024,1646,2025-08-26,11
PO010382,SUP008,COMP029,12881,2025-03-23,10
PO010383,SUP005,COMP014,11709,2025-08-09,15
PO010384,SUP007,COMP019,7679,2025-11-15,19
PO010385,SUP005,COMP028,5998,2025-11-30,3
PO010386,SUP004,COMP016,6368,2025-01-10,11
PO010387,SUP007,COMP033,13239,2025-12-23,4
PO010388,SUP002,COMP021,11828,2025-03-10,17
PO010389,SUP007,COMP023,1117,2025-11-16,15
PO010390,SUP001,COMP016,1105,2025-08-21,14
PO010391,SUP009,COMP022,7192,2025-11-08,24
PO010392,SUP004,COMP040,11002,2025-08-01,10
PO010393,SUP003,COMP012,10136,2025-11-16,6
PO010394,SUP010,COMP017,12329,2025-11-21,13
PO010395,SUP008,COMP025,4360,2025-11-29,11
PO010396,SUP004,COMP016,10301,2025-10-25,18
PO010397,SUP002,COMP012,4509,2025-07-31,10
PO010398,SUP001,COMP028,2427,2025-11-07,10
PO010399,SUP008,COMP030,11074,2025-02-01,15
PO010400,SUP002,COMP040,8773,2025-09-01,20
PO010401,SUP001,COMP006,9493,2025-08-27,24
PO010402,SUP002,COMP027,14926,2025-07-16,23
PO010403,SUP010,COMP037,3786,2025-05-17,23
PO010404,SUP002,COMP004,5903,2025-06-24,15
PO010405,SUP008,COMP011,4824,2025-03-07,17
PO010406,SUP005,COMP009,1069,2025-11-24,23
PO010407,SUP008,COMP033,5343,2025-04-02,23
PO010408,SUP008,COMP008,12982,2025-08-23,24
PO010409,SUP002,COMP013,7694,2025-06-25,15
PO010410,SUP005,COMP036,7357,2025-08-14,6
PO010411,SUP005,COMP015,7264,2025-05-22,20
PO010412,SUP010,COMP015,14322,2025-07-12,5
PO010413,SUP008,COMP021,10296,2025-01-06,19
PO010414,SUP009,COMP031,11799,2025-01-07,4
PO010415,SUP003,COMP024,2265,2025-09-28,20
PO010416,SUP003,COMP036,2317,2025-07-21,4
PO010417,SUP003,COMP021,4593,2025-05-01,11
PO010418,SUP005,COMP005,14437,2025-02-28,3
PO010419,SUP003,COMP012,1046,2025-02-07,10
PO010420,SUP010,COMP009,1670,2025-07-30,3
PO010421,SUP010,COMP009,2937,2025-09-28,22
PO010422,SUP004,COMP030,528,2025-11-02,22
PO010423,SUP008,COMP012,7358,2025-05-06,10
PO010424,SUP003,COMP037,3707,2025-04-24,24
PO010425,SUP001,COMP001,3004,2025-04-15,8
PO010426,SUP009,COMP021,3170,2025-03-03,7
PO010427,SUP005,COMP001,1168,2025-07-19,7
PO010428,SUP003,COMP018,2037,2025-09-05,12
PO010429,SUP009,COMP026,1216,2025-01-12,15
PO010430,SUP005,COMP038,11713,2025-09-20,19
PO010431,SUP003,COMP017,7925,2025-12-20,16
PO010432,SUP010,COMP002,10922,2025-03-28,21
PO010433,SUP001,COMP012,8095,2025-07-25,21
PO010434,SUP010,COMP038,855,2025-05-18,13
PO010435,SUP001,COMP036,3554,2025-01-09,23
PO010436,SUP003,COMP028,12324,2025-11-15,7
PO010437,SUP008,COMP036,3205,2025-12-15,22
PO010438,SUP008,COMP011,14675,2025-06-19,9
PO010439,SUP010,COMP034,3600,2025-12-24,18
PO010440,SUP005,COMP021,4197,2025-08-16,11
PO010441,SUP001,COMP005,12737,2025-04-06,15
PO010442,SUP009,COMP018,12843,2025-11-10,4
PO010443,SUP009,COMP023,7322,2025-05-30,9
PO010444,SUP003,COMP001,7239,2025-06-19,22
PO010445,SUP004,COMP008,2887,2025-05-15,19
PO010446,SUP004,COMP035,3397,2025-08-19,22
PO010447,SUP001,COMP025,10828,2025-06-11,12
PO010448,SUP006,COMP029,4397,2025-05-15,24
PO010449,SUP009,COMP022,4964,2025-03-02,9
PO010450,SUP003,COMP015,7643,2025-07-15,5
PO010451,SUP007,COMP012,14194,2025-07-08,8
PO010452,SUP004,COMP003,11335,2025-12-11,20
PO010453,SUP002,COMP039,11460,2025-08-25,9
PO010454,SUP004,COMP017,10578,2025-06-03,13
PO010455,SUP003,COMP001,4625,2025-07-02,7
PO010456,SUP005,COMP010,11248,2025-01-31,14
PO010457,SUP003,COMP027,11684,2025-09-09,9
PO010458,SUP009,COMP033,10512,2025-01-07,23
PO010459,SUP008,COMP025,12364,2025-02-28,10
PO010460,SUP002,COMP036,13119,2025-09-01,25
PO010461,SUP007,COMP015,11315,2025-12-06,22
PO010462,SUP006,COMP019,12255,2025-01-22,3
PO010463,SUP003,COMP009,643,2025-12-28,8
PO010464,SUP007,COMP030,9659,2025-10-13,16
PO010465,SUP010,COMP024,2180,2025-03-22,18
PO010466,SUP001,COMP021,8512,2025-01-15,25
PO010467,SUP003,COMP031,3622,2025-11-21,3
PO010468,SUP004,COMP034,14509,2025-04-04,4
PO010469,SUP001,COMP001,11481,2025-01-20,9
PO010470,SUP010,COMP001,14286,2025-02-15,6
PO010471,SUP001,COMP036,1302,2025-01-26,21
PO010472,SUP003,COMP036,3257,2025-02-27,3
PO010473,SUP004,COMP035,14320,2025-09-29,18
PO010474,SUP009,COMP007,5976,2025-02-28,12
PO010475,SUP002,COMP030,8753,2025-10-25,8
PO010476,SUP007,COMP024,5176,2025-01-29,5
PO010477,SUP007,COMP012,12560,2025-05-25,7
PO010478,SUP010,COMP023,11573,2025-07-07,14
PO010479,SUP004,COMP033,8402,2025-01-26,21
PO010480,SUP008,COMP038,1962,2025-06-12,24
PO010481,SUP005,COMP011,3366,2025-12-30,4
PO010482,SUP006,COMP036,11345,2025-04-13,7
PO010483,SUP009,COMP015,8192,2025-02-02,25
PO010484,SUP006,COMP034,8398,2025-06-18,12
PO010485,SUP005,COMP040,7138,2025-04-20,8
PO010486,SUP005,COMP010,5272,2025-07-20,15
PO010487,SUP001,COMP020,8451,2025-04-03,22
PO010488,SUP005,COMP033,4873,2025-03-20,8
PO010489,SUP001,COMP040,876,2025-01-08,6
PO010490,SUP005,COMP015,13313,2025-02-20,4
PO010491,SUP002,COMP028,10999,2025-02-01,22
PO010492,SUP008,COMP002,12582,2025-08-09,17
PO010493,SUP001,COMP017,12282,2025-05-06,3
PO010494,SUP003,COMP018,2290,2025-11-12,9
PO010495,SUP006,COMP003,8749,2025-12-28,3
PO010496,SUP006,COMP018,14272,2025-03-31,9
PO010497,SUP004,COMP023,8689,2025-05-26,5
PO010498,SUP006,COMP008,9510,2025-03-04,10
PO010499,SUP005,COMP012,11724,2025-10-05,23
PO010500,SUP009,COMP008,6435,2025-02-12,24
PO010501,SUP005,COMP029,12523,2025-05-04,21
PO010502,SUP010,COMP001,5838,2025-04-25,17
PO010503,SUP010,COMP038,9827,2025-02-24,25
PO010504,SUP006,COMP022,14001,2025-09-11,7
PO010505,SUP009,COMP031,6838,2025-10-09,12
PO010506,SUP002,COMP034,12898,2025-02-22,16
PO010507,SUP003,COMP036,3566,2025-07-18,6
PO010508,SUP004,COMP026,2835,2025-05-14,10
PO010509,SUP005,COMP008,9924,2025-02-13,17
PO010510,SUP004,COMP037,5736,2025-10-17,10
PO010511,SUP003,COMP038,6406,2025-06-06,11
PO010512,SUP001,COMP022,12433,2025-06-13,11
PO010513,SUP007,COMP016,11739,2025-03-13,5
PO010514,SUP009,COMP012,7767,2025-01-11,3
PO010515,SUP007,COMP009,7533,2025-10-11,16
PO010516,SUP002,COMP003,9645,2025-06-03,12
PO010517,SUP008,COMP027,1122,2025-11-24,18
PO010518,SUP008,COMP039,8834,2025-10-26,19
PO010519,SUP010,COMP025,11712,2025-03-22,19
PO010520,SUP007,COMP032,5275,2025-04-22,10
PO010521,SUP004,COMP040,11029,2025-10-10,22
PO010522,SUP009,COMP022,13934,2025-03-21,13
PO010523,SUP009,COMP033,1457,2025-06-07,21
PO010524,SUP007,COMP011,6335,2025-03-27,14
PO010525,SUP006,COMP036,980,2025-05-07,25
PO010526,SUP002,COMP021,4118,2025-11-06,13
PO010527,SUP004,COMP005,12433,2025-04-10,5
PO010528,SUP004,COMP023,14378,2025-03-08,5
PO010529,SUP005,COMP033,5971,2025-12-05,18
PO010530,SUP006,COMP005,7873,2025-05-17,10
PO010531,SUP002,COMP039,14001,2025-04-05,23
PO010532,SUP007,COMP009,1787,2025-10-28,17
PO010533,SUP004,COMP007,5391,2025-07-06,17
PO010534,SUP003,COMP028,11153,2025-07-08,12
PO010535,SUP003,COMP021,8924,2025-12-03,16
PO010536,SUP007,COMP001,13926,2025-03-02,21
PO010537,SUP005,COMP026,11875,2025-02-22,6
PO010538,SUP007,COMP001,9321,2025-02-28,3
PO010539,SUP008,COMP020,11425,2025-06-22,8
PO010540,SUP006,COMP020,10974,2025-10-07,15
PO010541,SUP002,COMP022,1180,2025-09-29,14
PO010542,SUP006,COMP008,2013,2025-01-26,23
PO010543,SUP009,COMP002,14632,2025-04-10,3
PO010544,SUP007,COMP008,6180,2025-06-01,18
PO010545,SUP002,COMP004,5730,2025-08-26,20
PO010546,SUP008,COMP004,4560,2025-11-17,17
PO010547,SUP002,COMP014,12837,2025-02-26,5
PO010548,SUP010,COMP020,10972,2025-03-10,25
PO010549,SUP008,COMP005,1231,2025-02-01,9
PO010550,SUP007,COMP025,7562,2025-01-05,16
PO010551,SUP004,COMP010,9602,2025-12-26,18
PO010552,SUP010,COMP034,9634,2025-02-03,14
PO010553,SUP010,COMP018,12168,2025-12-10,13
PO010554,SUP007,COMP004,6960,2025-10-20,23
PO010555,SUP006,COMP021,11143,2025-10-31,21
PO010556,SUP002,COMP022,3410,2025-05-17,8
PO010557,SUP008,COMP021,11407,2025-01-31,22
PO010558,SUP001,COMP007,6666,2025-11-23,6
PO010559,SUP006,COMP013,10754,2025-12-15,15
PO010560,SUP005,COMP018,13176,2025-04-24,5
PO010561,SUP007,COMP011,4122,2025-01-08,3
PO010562,SUP004,COMP001,985,2025-06-07,24
PO010563,SUP006,COMP011,14703,2025-01-23,19
PO010564,SUP003,COMP013,5620,2025-01-02,22
PO010565,SUP007,COMP033,9261,2025-09-20,24
PO010566,SUP009,COMP015,1592,2025-02-14,12
PO010567,SUP010,COMP026,3744,2025-12-19,19
PO010568,SUP007,COMP032,7181,2025-10-05,11
PO010569,SUP005,COMP018,1579,2025-12-03,7
PO010570,SUP002,COMP039,13476,2025-02-04,18
PO010571,SUP001,COMP025,2921,2025-03-15,23
PO010572,SUP002,COMP032,9389,2025-10-27,12
PO010573,SUP003,COMP027,12522,2025-01-02,9
PO010574,SUP003,COMP001,615,2025-04-19,24
PO010575,SUP010,COMP002,3113,2025-11-16,6
PO010576,SUP006,COMP020,2735,2025-06-30,22
PO010577,SUP005,COMP010,8804,2025-05-07,21
PO010578,SUP009,COMP007,2305,2025-03-14,6
PO010579,SUP001,COMP022,10172,2025-09-10,3
PO010580,SUP002,COMP012,11710,2025-05-14,24
PO010581,SUP005,COMP010,12014,2025-04-12,15
PO010582,SUP001,COMP010,5727,2025-08-01,18
PO010583,SUP004,COMP012,11926,2025-03-28,22
PO010584,SUP002,COMP029,2194,2025-03-26,10
PO010585,SUP003,COMP004,14909,2025-11-03,13
PO010586,SUP006,COMP020,529,2025-11-14,9
PO010587,SUP005,COMP015,6674,2025-09-19,23
PO010588,SUP009,COMP027,9885,2025-02-24,11
PO010589,SUP009,COMP004,4021,2025-01-15,15
PO010590,SUP007,COMP024,14584,2025-07-23,24
PO010591,SUP010,COMP013,823,2025-01-14,23
PO010592,SUP010,COMP003,4556,2025-09-18,24
PO010593,SUP008,COMP021,11004,2025-06-19,16
PO010594,SUP008,COMP025,15000,2025-02-11,10
PO010595,SUP005,COMP012,9616,2025-03-08,10
PO010596,SUP004,COMP018,14355,2025-05-19,10
PO010597,SUP001,COMP017,8277,2025-02-16,12
PO010598,SUP003,COMP032,2681,2025-01-06,14
PO010599,SUP002,COMP013,10386,2025-07-02,12
PO010600,SUP002,COMP019,9826,2025-02-26,16
PO010601,SUP002,COMP006,1796,2025-03-18,19
PO010602,SUP005,COMP010,5718,2025-07-30,23
PO010603,SUP002,COMP039,6968,2025-03-30,10
PO010604,SUP003,COMP026,12695,2025-09-30,16
PO010605,SUP003,COMP024,1965,2025-04-09,17
PO010606,SUP008,COMP010,8265,2025-07-22,24
PO010607,SUP010,COMP001,6320,2025-07-05,14
PO010608,SUP010,COMP001,14739,2025-09-20,12
PO010609,SUP009,COMP014,2262,2025-01-08,9
PO010610,SUP005,COMP020,7214,2025-11-01,11
PO010611,SUP004,COMP004,7883,2025-05-25,22
PO010612,SUP009,COMP012,1274,2025-11-07,18
PO010613,SUP007,COMP033,1719,2025-03-16,17
PO010614,SUP009,COMP033,8959,2025-12-30,22
PO010615,SUP001,COMP005,11017,2025-04-02,7
PO010616,SUP007,COMP040,9763,2025-06-30,5
PO010617,SUP010,COMP004,14344,2025-08-03,8
PO010618,SUP010,COMP020,5453,2025-03-14,3
PO010619,SUP006,COMP012,860,2025-04-13,4
PO010620,SUP007,COMP022,14935,2025-09-07,6
PO010621,SUP003,COMP036,8668,2025-07-01,25
PO010622,SUP004,COMP014,11387,2025-05-28,19
PO010623,SUP001,COMP036,13148,2025-01-10,5
PO010624,SUP004,COMP028,13609,2025-01-29,12
PO010625,SUP010,COMP019,8616,2025-05-13,25
PO010626,SUP003,COMP008,5029,2025-04-01,13
PO010627,SUP005,COMP035,3474,2025-08-21,6
PO010628,SUP009,COMP038,9619,2025-01-16,12
PO010629,SUP006,COMP030,13368,2025-07-21,21
PO010630,SUP003,COMP011,9756,2025-08-07,8
PO010631,SUP006,COMP036,11964,2025-06-02,18
PO010632,SUP001,COMP031,11731,2025-03-21,6
PO010633,SUP008,COMP028,13828,2025-11-01,23
PO010634,SUP010,COMP038,6457,2025-11-16,4
PO010635,SUP006,COMP015,1249,2025-05-15,11
PO010636,SUP004,COMP006,11029,2025-11-09,17
PO010637,SUP005,COMP004,6940,2025-05-07,23
PO010638,SUP010,COMP024,10673,2025-01-26,18
PO010639,SUP001,COMP003,10728,2025-08-16,12
PO010640,SUP001,COMP030,14910,2025-05-06,10
PO010641,SUP010,COMP032,4062,2025-06-17,6
PO010642,SUP001,COMP038,619,2025-10-25,9
PO010643,SUP004,COMP006,9032,2025-08-02,25
PO010644,SUP009,COMP016,11440,2025-10-26,19
PO010645,SUP006,COMP037,1579,2025-05-11,25
PO010646,SUP007,COMP040,4488,2025-07-21,15
PO010647,SUP007,COMP015,10059,2025-02-04,24
PO010648,SUP009,COMP037,1318,2025-01-22,21
PO010649,SUP002,COMP033,11962,2025-01-01,18
PO010650,SUP004,COMP011,13078,2025-02-18,19
PO010651,SUP010,COMP023,2531,2025-05-20,23
PO010652,SUP002,COMP040,8520,2025-12-21,9
PO010653,SUP005,COMP034,6930,2025-01-17,17
PO010654,SUP002,COMP030,12875,2025-09-07,13
PO010655,SUP005,COMP024,13180,2025-01-10,18
PO010656,SUP006,COMP026,8744,2025-12-03,16
PO010657,SUP009,COMP002,5329,2025-09-08,18
PO010658,SUP010,COMP004,13295,2025-01-30,5
PO010659,SUP004,COMP036,13456,2025-12-22,20
PO010660,SUP006,COMP037,7783,2025-12-11,20
PO010661,SUP008,COMP005,9978,2025-02-16,10
PO010662,SUP010,COMP012,1552,2025-03-02,18
PO010663,SUP001,COMP021,10017,2025-05-31,15
PO010664,SUP007,COMP038,6888,2025-02-24,11
PO010665,SUP008,COMP038,13966,2025-08-22,24
PO010666,SUP010,COMP013,14891,2025-09-19,21
PO010667,SUP003,COMP026,10263,2025-05-17,19
PO010668,SUP002,COMP015,11425,2025-05-07,14
PO010669,SUP003,COMP038,11429,2025-07-01,11
PO010670,SUP001,COMP002,6227,2025-05-29,13
PO010671,SUP004,COMP002,5565,2025-03-10,6
PO010672,SUP005,COMP016,13932,2025-02-13,25
PO010673,SUP007,COMP027,6219,2025-02-28,20
PO010674,SUP010,COMP038,13168,2025-11-16,11
PO010675,SUP001,COMP013,7014,2025-12-05,11
PO010676,SUP001,COMP009,9979,2025-10-04,5
PO010677,SUP007,COMP033,8486,2025-10-13,23
PO010678,SUP004,COMP014,3557,2025-07-14,8
PO010679,SUP002,COMP002,879,2025-04-26,24
PO010680,SUP009,COMP022,8827,2025-11-11,11
PO010681,SUP008,COMP009,9767,2025-03-03,13
PO010682,SUP006,COMP007,5761,2025-12-07,8
PO010683,SUP002,COMP038,9169,2025-04-10,16
PO010684,SUP003,COMP014,12023,2025-01-15,20
PO010685,SUP002,COMP030,2815,2025-12-30,15
PO010686,SUP001,COMP031,7545,2025-02-15,7
PO010687,SUP005,COMP009,1323,2025-06-08,11
PO010688,SUP002,COMP022,6956,2025-10-05,24
PO010689,SUP003,COMP004,13574,2025-08-30,7
PO010690,SUP008,COMP039,9821,2025-11-15,23
PO010691,SUP010,COMP019,9864,2025-12-21,22
PO010692,SUP005,COMP004,13554,2025-03-03,25
PO010693,SUP009,COMP040,13922,2025-09-24,21
PO010694,SUP003,COMP025,7448,2025-04-03,21
PO010695,SUP004,COMP025,7870,2025-05-09,4
PO010696,SUP009,COMP027,6525,2025-07-29,4
PO010697,SUP001,COMP011,14717,2025-04-02,21
PO010698,SUP006,COMP032,907,2025-04-25,12
PO010699,SUP010,COMP013,6179,2025-07-11,9
PO010700,SUP005,COMP008,8282,2025-07-19,4
PO010701,SUP008,COMP039,11795,2025-09-25,18
PO010702,SUP007,COMP031,10252,2025-11-08,10
PO010703,SUP007,COMP036,13063,2025-11-09,6
PO010704,SUP010,COMP023,3566,2025-01-23,21
PO010705,SUP009,COMP020,6664,2025-12-24,10
PO010706,SUP005,COMP032,7788,2025-08-28,11
PO010707,SUP002,COMP023,14469,2025-06-03,16
PO010708,SUP004,COMP014,5456,2025-12-15,12
PO010709,SUP002,COMP040,1092,2025-02-14,8
PO010710,SUP009,COMP002,3420,2025-10-24,5
PO010711,SUP005,COMP013,14074,2025-10-22,11
PO010712,SUP003,COMP004,7770,2025-05-13,19
PO010713,SUP001,COMP005,5998,2025-07-04,22
PO010714,SUP008,COMP011,1428,2025-06-27,15
PO010715,SUP006,COMP009,3300,2025-08-22,5
PO010716,SUP010,COMP009,12768,2025-08-03,23
PO010717,SUP009,COMP002,8103,2025-07-10,4
PO010718,SUP001,COMP037,6840,2025-08-23,3
PO010719,SUP009,COMP016,3878,2025-09-24,19
PO010720,SUP009,COMP001,7525,2025-10-16,17
PO010721,SUP004,COMP013,9175,2025-03-07,19
PO010722,SUP008,COMP033,11758,2025-11-12,23
PO010723,SUP010,COMP006,11725,2025-08-15,7
PO010724,SUP004,COMP022,3481,2025-10-13,20
PO010725,SUP002,COMP023,14524,2025-02-19,9
PO010726,SUP007,COMP039,13207,2025-11-07,8
PO010727,SUP009,COMP032,2106,2025-12-27,3
PO010728,SUP001,COMP012,3943,2025-10-24,18
PO010729,SUP008,COMP002,4907,2025-04-24,5
PO010730,SUP004,COMP019,6315,2025-12-22,14
PO010731,SUP002,COMP027,3873,2025-09-29,19
PO010732,SUP009,COMP016,3422,2025-09-16,22
PO010733,SUP010,COMP029,11621,2025-02-28,4
PO010734,SUP006,COMP030,5769,2025-05-16,25
PO010735,SUP010,COMP035,13775,2025-02-09,6
PO010736,SUP002,COMP035,727,2025-11-12,20
PO010737,SUP002,COMP027,7651,2025-12-17,3
PO010738,SUP009,COMP037,9520,2025-12-02,22
PO010739,SUP002,COMP008,3044,2025-09-18,6
PO010740,SUP005,COMP031,2114,2025-05-17,10
PO010741,SUP009,COMP019,1028,2025-02-24,5
PO010742,SUP006,COMP019,977,2025-12-18,9
PO010743,SUP004,COMP022,10537,2025-08-06,21
PO010744,SUP001,COMP004,14911,2025-08-24,4
PO010745,SUP006,COMP021,3835,2025-01-09,22
PO010746,SUP007,COMP009,12464,2025-09-09,17
PO010747,SUP002,COMP036,7371,2025-10-27,19
PO010748,SUP007,COMP035,14899,2025-04-12,4
PO010749,SUP002,COMP029,8601,2025-08-05,8
PO010750,SUP007,COMP004,10516,2025-12-11,11
PO010751,SUP010,COMP010,12241,2025-09-03,24
PO010752,SUP005,COMP024,4528,2025-08-29,22
PO010753,SUP006,COMP026,10625,2025-08-02,20
PO010754,SUP003,COMP026,13729,2025-12-19,4
PO010755,SUP007,COMP039,2866,2025-10-15,3
PO010756,SUP005,COMP008,7867,2025-11-12,23
PO010757,SUP006,COMP036,9287,2025-12-11,9
PO010758,SUP001,COMP016,4179,2025-06-24,4
PO010759,SUP001,COMP014,7774,2025-07-16,15
PO010760,SUP001,COMP003,3444,2025-09-23,13
PO010761,SUP006,COMP004,3917,2025-10-12,11
PO010762,SUP008,COMP006,607,2025-08-03,19
PO010763,SUP010,COMP032,3669,2025-02-08,17
PO010764,SUP004,COMP028,7838,2025-03-18,10
PO010765,SUP002,COMP004,11528,2025-03-03,25
PO010766,SUP001,COMP040,5240,2025-06-30,21
PO010767,SUP008,COMP023,11354,2025-02-23,10
PO010768,SUP001,COMP007,3213,2025-01-06,18
PO010769,SUP004,COMP002,14227,2025-10-06,5
PO010770,SUP007,COMP013,5233,2025-09-14,6
PO010771,SUP002,COMP002,12999,2025-06-23,3
PO010772,SUP003,COMP030,13034,2025-03-27,13
PO010773,SUP008,COMP030,13271,2025-03-30,16
PO010774,SUP002,COMP039,5713,2025-09-30,25
PO010775,SUP005,COMP016,6841,2025-02-27,25
PO010776,SUP003,COMP032,3615,2025-06-29,20
PO010777,SUP006,COMP035,11264,2025-03-17,12
PO010778,SUP004,COMP020,9109,2025-03-20,7
PO010779,SUP009,COMP001,14550,2025-09-18,13
PO010780,SUP008,COMP025,3261,2025-12-05,9
PO010781,SUP007,COMP011,4384,2025-10-22,5
PO010782,SUP007,COMP007,13310,2025-05-08,13
PO010783,SUP001,COMP010,5586,2025-10-01,24
PO010784,SUP006,COMP021,13315,2025-04-01,13
PO010785,SUP007,COMP033,7809,2025-12-21,23
PO010786,SUP001,COMP034,9279,2025-01-21,15
PO010787,SUP004,COMP023,14483,2025-09-03,7
PO010788,SUP010,COMP033,13958,2025-11-18,22
PO010789,SUP009,COMP010,1209,2025-06-26,12
PO010790,SUP002,COMP016,8165,2025-03-30,20
PO010791,SUP003,COMP040,2081,2025-04-01,17
PO010792,SUP002,COMP026,5147,2025-04-29,6
PO010793,SUP007,COMP040,5975,2025-11-26,20
PO010794,SUP001,COMP004,13338,2025-07-30,19
PO010795,SUP005,COMP005,12960,2025-12-17,5
PO010796,SUP007,COMP003,14803,2025-03-26,23
PO010797,SUP001,COMP005,3266,2025-03-16,6
PO010798,SUP003,COMP023,9337,2025-06-07,18
PO010799,SUP003,COMP016,9078,2025-08-24,12
PO010800,SUP009,COMP019,8796,2025-10-20,25
PO010801,SUP004,COMP027,9845,2025-09-17,3
PO010802,SUP003,COMP011,6005,2025-01-24,21
PO010803,SUP002,COMP014,6620,2025-12-05,17
PO010804,SUP009,COMP006,4026,2025-08-29,25
PO010805,SUP005,COMP012,13724,2025-02-24,12
PO010806,SUP002,COMP021,12792,2025-08-29,3
PO010807,SUP010,COMP039,6636,2025-03-09,6
PO010808,SUP001,COMP018,7111,2025-01-03,13
PO010809,SUP010,COMP035,10220,2025-10-17,8
PO010810,SUP007,COMP008,2309,2025-01-13,24
PO010811,SUP005,COMP019,12443,2025-09-06,24
PO010812,SUP007,COMP007,12016,2025-05-27,21
PO010813,SUP005,COMP013,5334,2025-01-07,14
PO010814,SUP001,COMP006,4284,2025-08-01,19
PO010815,SUP002,COMP039,5511,2025-12-13,24
PO010816,SUP006,COMP030,13668,2025-06-11,11
PO010817,SUP006,COMP011,4105,2025-06-11,14
PO010818,SUP009,COMP039,8151,2025-03-06,21
PO010819,SUP006,COMP024,550,2025-06-29,14
PO010820,SUP003,COMP018,1622,2025-02-20,3
PO010821,SUP009,COMP032,11029,2025-02-14,13
PO010822,SUP005,COMP001,13402,2025-11-10,21
PO010823,SUP003,COMP012,10616,2025-12-17,24
PO010824,SUP004,COMP019,7204,2025-07-24,8
PO010825,SUP010,COMP029,3114,2025-07-07,12
PO010826,SUP009,COMP015,6282,2025-05-21,14
PO010827,SUP010,COMP038,5689,2025-08-21,8
PO010828,SUP007,COMP014,5427,2025-09-23,14
PO010829,SUP006,COMP001,1286,2025-03-21,10
PO010830,SUP001,COMP039,12390,2025-11-30,17
PO010831,SUP003,COMP039,6702,2025-12-17,17
PO010832,SUP009,COMP011,9376,2025-07-23,15
PO010833,SUP002,COMP037,8808,2025-03-12,19
PO010834,SUP006,COMP040,905,2025-05-18,4
PO010835,SUP007,COMP009,1371,2025-10-19,23
PO010836,SUP005,COMP015,13579,2025-05-25,6
PO010837,SUP001,COMP010,14047,2025-04-30,25
PO010838,SUP001,COMP007,13333,2025-12-06,9
PO010839,SUP001,COMP008,13550,2025-02-05,10
PO010840,SUP003,COMP025,4464,2025-05-07,22
PO010841,SUP009,COMP036,7214,2025-09-21,12
PO010842,SUP010,COMP027,7480,2025-08-02,19
PO010843,SUP007,COMP031,3791,2025-05-22,19
PO010844,SUP002,COMP023,11718,2025-05-03,21
PO010845,SUP002,COMP012,3257,2025-02-11,22
PO010846,SUP001,COMP017,3655,2025-12-24,24
PO010847,SUP007,COMP003,5688,2025-08-03,21
PO010848,SUP001,COMP018,12933,2025-05-02,16
PO010849,SUP005,COMP017,4715,2025-12-05,15
PO010850,SUP010,COMP017,5455,2025-03-12,23
PO010851,SUP002,COMP005,729,2025-07-30,17
PO010852,SUP001,COMP040,10501,2025-11-23,4
PO010853,SUP006,COMP014,10874,2025-01-20,10
PO010854,SUP003,COMP027,13188,2025-11-17,5
PO010855,SUP006,COMP007,10859,2025-10-12,17
PO010856,SUP002,COMP003,4714,2025-01-11,24
PO010857,SUP005,COMP018,7512,2025-05-14,15
PO010858,SUP004,COMP035,9952,2025-10-14,21
PO010859,SUP003,COMP010,8976,2025-06-08,4
PO010860,SUP002,COMP020,12430,2025-05-12,23
PO010861,SUP010,COMP032,9861,2025-01-24,25
PO010862,SUP006,COMP032,11019,2025-04-23,13
PO010863,SUP009,COMP004,5945,2025-05-18,6
PO010864,SUP007,COMP016,2213,2025-09-19,22
PO010865,SUP003,COMP029,6352,2025-01-20,3
PO010866,SUP007,COMP037,14272,2025-03-23,6
PO010867,SUP006,COMP013,10501,2025-12-02,3
PO010868,SUP001,COMP021,885,2025-12-29,16
PO010869,SUP008,COMP019,13074,2025-09-15,23
PO010870,SUP002,COMP029,10560,2025-10-03,25
PO010871,SUP010,COMP004,3803,2025-12-13,23
PO010872,SUP004,COMP003,14904,2025-05-04,21
PO010873,SUP004,COMP031,6359,2025-11-25,24
PO010874,SUP009,COMP007,13212,2025-04-21,25
PO010875,SUP001,COMP007,14258,2025-03-11,5
PO010876,SUP008,COMP002,10506,2025-10-27,25
PO010877,SUP005,COMP019,10145,2025-06-15,17
PO010878,SUP002,COMP035,1571,2025-04-16,11
PO010879,SUP002,COMP004,3522,2025-11-02,3
PO010880,SUP007,COMP008,6862,2025-10-18,6
PO010881,SUP009,COMP022,3986,2025-08-01,5
PO010882,SUP001,COMP027,8681,2025-01-15,17
PO010883,SUP007,COMP038,6687,2025-09-04,3
PO010884,SUP003,COMP021,12086,2025-09-28,22
PO010885,SUP002,COMP009,8279,2025-02-23,18
PO010886,SUP008,COMP016,13324,2025-03-22,15
PO010887,SUP009,COMP021,12182,2025-11-26,18
PO010888,SUP009,COMP005,1489,2025-06-26,7
PO010889,SUP009,COMP038,5257,2025-02-02,16
PO010890,SUP009,COMP028,13569,2025-04-30,5
PO010891,SUP009,COMP023,6586,2025-03-06,24
PO010892,SUP006,COMP027,8006,2025-07-13,25
PO010893,SUP008,COMP035,7684,2025-11-09,24
PO010894,SUP001,COMP021,12639,2025-06-03,6
PO010895,SUP002,COMP028,11409,2025-07-14,22
PO010896,SUP002,COMP006,6362,2025-04-17,12
PO010897,SUP001,COMP021,2868,2025-06-05,7
PO010898,SUP007,COMP039,13091,2025-11-15,16
PO010899,SUP010,COMP028,9841,2025-08-17,16
PO010900,SUP009,COMP028,10583,2025-10-20,3
PO010901,SUP001,COMP030,9636,2025-03-31,19
PO010902,SUP002,COMP026,13963,2025-01-07,11
PO010903,SUP002,COMP016,8627,2025-10-30,25
PO010904,SUP007,COMP018,11484,2025-01-22,12
PO010905,SUP010,COMP031,1198,2025-04-18,20
PO010906,SUP004,COMP020,2055,2025-01-02,10
PO010907,SUP002,COMP007,1690,2025-07-09,14
PO010908,SUP008,COMP031,1388,2025-02-05,20
PO010909,SUP004,COMP001,11760,2025-12-04,18
PO010910,SUP009,COMP020,10534,2025-01-11,19
PO010911,SUP003,COMP017,6175,2025-07-13,3
PO010912,SUP010,COMP019,4285,2025-03-19,3
PO010913,SUP002,COMP013,1222,2025-03-19,7
PO010914,SUP004,COMP037,13094,2025-11-24,10
PO010915,SUP006,COMP018,1342,2025-05-07,14
PO010916,SUP008,COMP006,4318,2025-04-12,20
PO010917,SUP005,COMP017,8466,2025-03-24,23
PO010918,SUP008,COMP036,1703,2025-03-08,6
PO010919,SUP010,COMP025,11142,2025-12-31,13
PO010920,SUP008,COMP015,13986,2025-07-09,5
PO010921,SUP006,COMP019,9791,2025-07-14,4
PO010922,SUP007,COMP028,1514,2025-08-18,25
PO010923,SUP007,COMP027,4863,2025-09-06,5
PO010924,SUP003,COMP018,3928,2025-05-29,15
PO010925,SUP009,COMP015,4800,2025-09-27,13
PO010926,SUP005,COMP038,7967,2025-06-24,6
PO010927,SUP006,COMP032,10266,2025-09-25,4
PO010928,SUP001,COMP021,14299,2025-09-18,10
PO010929,SUP003,COMP028,11007,2025-10-27,18
PO010930,SUP004,COMP026,1363,2025-08-11,10
PO010931,SUP001,COMP005,7693,2025-11-07,19
PO010932,SUP003,COMP006,12774,2025-01-21,22
PO010933,SUP006,COMP040,3408,2025-09-13,20
PO010934,SUP004,COMP015,3443,2025-10-01,13
PO010935,SUP010,COMP025,14002,2025-10-15,10
PO010936,SUP005,COMP021,2404,2025-02-08,16
PO010937,SUP002,COMP004,14021,2025-07-16,14
PO010938,SUP002,COMP021,11216,2025-02-18,9
PO010939,SUP009,COMP010,13032,2025-03-29,8
PO010940,SUP007,COMP010,10572,2025-04-11,15
PO010941,SUP006,COMP033,9478,2025-04-28,11
PO010942,SUP010,COMP040,6833,2025-01-25,13
PO010943,SUP003,COMP003,12334,2025-06-04,20
PO010944,SUP009,COMP010,5690,2025-03-16,15
PO010945,SUP008,COMP039,1750,2025-04-09,19
PO010946,SUP009,COMP024,1992,2025-07-01,19
PO010947,SUP007,COMP037,5170,2025-01-20,22
PO010948,SUP005,COMP033,14722,2025-08-27,5
PO010949,SUP009,COMP034,13606,2025-03-12,22
PO010950,SUP010,COMP006,10902,2025-08-28,20
PO010951,SUP001,COMP032,6926,2025-08-03,6
PO010952,SUP006,COMP017,6357,2025-12-27,19
PO010953,SUP001,COMP028,2226,2025-09-24,17
PO010954,SUP001,COMP002,1818,2025-04-21,16
PO010955,SUP006,COMP005,2913,2025-04-05,3
PO010956,SUP002,COMP027,3813,2025-07-04,17
PO010957,SUP007,COMP039,2222,2025-05-03,15
PO010958,SUP005,COMP029,3489,2025-12-17,13
PO010959,SUP010,COMP036,13960,2025-07-02,15
PO010960,SUP009,COMP018,3397,2025-02-21,25
PO010961,SUP003,COMP009,8889,2025-11-05,19
PO010962,SUP006,COMP014,13050,2025-06-14,11
PO010963,SUP002,COMP017,4511,2025-01-19,6
PO010964,SUP010,COMP017,3427,2025-07-22,17
PO010965,SUP004,COMP026,3658,2025-03-18,13
PO010966,SUP002,COMP023,4402,2025-02-16,4
PO010967,SUP005,COMP015,876,2025-10-05,3
PO010968,SUP005,COMP021,4129,2025-02-15,4
PO010969,SUP001,COMP011,5809,2025-11-09,4
PO010970,SUP005,COMP029,6595,2025-05-31,25
PO010971,SUP008,COMP028,10284,2025-02-14,17
PO010972,SUP002,COMP015,6150,2025-10-17,13
PO010973,SUP002,COMP033,5083,2025-07-31,21
PO010974,SUP002,COMP031,2956,2025-09-18,12
PO010975,SUP008,COMP006,2857,2025-08-20,6
PO010976,SUP010,COMP039,2987,2025-09-08,8
PO010977,SUP005,COMP006,10410,2025-10-04,25
PO010978,SUP008,COMP035,14314,2025-04-13,10
PO010979,SUP004,COMP014,1407,2025-08-05,14
PO010980,SUP006,COMP040,13667,2025-08-19,15
PO010981,SUP002,COMP016,6329,2025-06-25,7
PO010982,SUP003,COMP001,11934,2025-03-20,7
PO010983,SUP008,COMP040,7614,2025-02-20,24
PO010984,SUP008,COMP030,11418,2025-01-15,4
PO010985,SUP002,COMP012,9247,2025-01-24,20
PO010986,SUP006,COMP022,11820,2025-02-04,17
PO010987,SUP003,COMP038,4937,2025-10-07,20
PO010988,SUP010,COMP036,4549,2025-04-24,25
PO010989,SUP002,COMP006,9730,2025-09-19,21
PO010990,SUP007,COMP036,4528,2025-07-05,12
PO010991,SUP001,COMP024,2766,2025-12-13,13
PO010992,SUP007,COMP017,843,2025-07-17,3
PO010993,SUP006,COMP026,5534,2025-04-17,7
PO010994,SUP010,COMP001,1308,2025-09-19,20
PO010995,SUP010,COMP022,667,2025-10-22,5
PO010996,SUP006,COMP032,11705,2025-04-02,18
PO010997,SUP006,COMP001,13037,2025-08-09,25
PO010998,SUP004,COMP027,3289,2025-03-20,22
PO010999,SUP009,COMP012,14677,2025-03-24,13
PO011000,SUP001,COMP023,4502,2025-09-18,15
PO011001,SUP006,COMP013,2030,2025-03-08,9
PO011002,SUP006,COMP036,4853,2025-09-23,25
PO011003,SUP005,COMP010,1499,2025-10-20,11
PO011004,SUP002,COMP034,4965,2025-06-01,11
PO011005,SUP007,COMP011,13183,2025-01-23,11
PO011006,SUP003,COMP020,6022,2025-09-13,23
PO011007,SUP010,COMP030,3559,2025-08-18,9
PO011008,SUP002,COMP016,11461,2025-11-10,8
PO011009,SUP002,COMP007,11033,2025-09-18,4
PO011010,SUP009,COMP011,11380,2025-10-30,10
PO011011,SUP009,COMP003,8000,2025-05-21,9
PO011012,SUP009,COMP022,13049,2025-11-27,17
PO011013,SUP003,COMP039,1239,2025-04-30,7
PO011014,SUP002,COMP028,5976,2025-03-04,13
PO011015,SUP006,COMP028,10993,2025-08-22,10
PO011016,SUP004,COMP029,6658,2025-02-07,4
PO011017,SUP008,COMP009,13466,2025-08-13,17
PO011018,SUP009,COMP032,12430,2025-08-02,23
PO011019,SUP006,COMP039,8508,2025-05-01,7
PO011020,SUP005,COMP027,940,2025-07-08,24
PO011021,SUP008,COMP003,6226,2025-01-09,7
PO011022,SUP002,COMP007,10303,2025-03-12,13
PO011023,SUP001,COMP024,8873,2025-12-05,9
PO011024,SUP007,COMP034,14676,2025-03-28,13
PO011025,SUP002,COMP030,13117,2025-01-25,23
PO011026,SUP003,COMP018,11152,2025-06-30,23
PO011027,SUP006,COMP010,6649,2025-08-21,11
PO011028,SUP007,COMP037,11639,2025-05-01,12
PO011029,SUP005,COMP013,3422,2025-03-09,8
PO011030,SUP009,COMP013,7797,2025-03-29,5
PO011031,SUP004,COMP001,3533,2025-12-11,18
PO011032,SUP004,COMP012,2556,2025-01-16,12
PO011033,SUP005,COMP036,5227,2025-01-05,23
PO011034,SUP001,COMP001,4979,2025-07-01,9
PO011035,SUP005,COMP019,4994,2025-07-21,8
PO011036,SUP003,COMP032,12381,2025-11-06,7
PO011037,SUP009,COMP005,8585,2025-03-20,18
PO011038,SUP003,COMP018,13168,2025-05-05,9
PO011039,SUP005,COMP030,7842,2025-03-27,24
PO011040,SUP001,COMP017,14646,2025-09-30,25
PO011041,SUP005,COMP019,4426,2025-09-08,15
PO011042,SUP003,COMP036,13906,2025-03-19,13
PO011043,SUP006,COMP037,10397,2025-06-07,20
PO011044,SUP005,COMP036,3166,2025-09-12,14
PO011045,SUP010,COMP025,6472,2025-07-08,22
PO011046,SUP009,COMP032,7604,2025-11-20,24
PO011047,SUP010,COMP017,2242,2025-05-02,3
PO011048,SUP001,COMP033,13617,2025-12-15,17
PO011049,SUP002,COMP004,7412,2025-03-17,10
PO011050,SUP006,COMP039,11115,2025-02-26,15
PO011051,SUP010,COMP014,13029,2025-02-25,19
PO011052,SUP003,COMP017,12697,2025-05-22,15
PO011053,SUP005,COMP038,5779,2025-07-24,25
PO011054,SUP007,COMP022,7085,2025-12-24,16
PO011055,SUP001,COMP012,11383,2025-01-15,18
PO011056,SUP007,COMP010,5082,2025-06-10,5
PO011057,SUP004,COMP004,10030,2025-07-28,6
PO011058,SUP003,COMP030,12501,2025-04-26,12
PO011059,SUP009,COMP022,14011,2025-09-04,22
PO011060,SUP005,COMP040,5390,2025-02-08,20
PO011061,SUP005,COMP020,3217,2025-08-12,13
PO011062,SUP005,COMP038,10938,2025-06-13,10
PO011063,SUP008,COMP003,6531,2025-08-30,14
PO011064,SUP005,COMP040,5347,2025-02-12,13
PO011065,SUP009,COMP030,5532,2025-05-19,22
PO011066,SUP002,COMP022,11413,2025-01-07,8
PO011067,SUP003,COMP011,12470,2025-11-02,13
PO011068,SUP002,COMP035,12604,2025-07-10,24
PO011069,SUP009,COMP039,7685,2025-07-12,19
PO011070,SUP002,COMP005,6726,2025-12-26,13
PO011071,SUP006,COMP001,14087,2025-12-23,19
PO011072,SUP010,COMP008,5580,2025-11-01,4
PO011073,SUP009,COMP029,7414,2025-11-06,21
PO011074,SUP002,COMP024,8121,2025-05-23,20
PO011075,SUP001,COMP004,5450,2025-09-16,24
PO011076,SUP007,COMP037,1218,2025-09-26,24
PO011077,SUP001,COMP010,6674,2025-09-12,19
PO011078,SUP003,COMP011,4677,2025-10-21,3
PO011079,SUP010,COMP016,5582,2025-03-09,18
PO011080,SUP005,COMP039,7867,2025-09-16,12
PO011081,SUP008,COMP021,3296,2025-03-26,19
PO011082,SUP002,COMP024,6029,2025-02-09,13
PO011083,SUP007,COMP012,14179,2025-11-23,12
PO011084,SUP010,COMP040,4335,2025-09-08,7
PO011085,SUP010,COMP039,5671,2025-12-20,25
PO011086,SUP003,COMP003,4964,2025-04-16,4
PO011087,SUP002,COMP026,1440,2025-05-28,7
PO011088,SUP007,COMP015,12764,2025-09-11,14
PO011089,SUP010,COMP039,10979,2025-09-03,25
PO011090,SUP003,COMP037,8798,2025-06-06,15
PO011091,SUP009,COMP024,8835,2025-06-24,17
PO011092,SUP007,COMP002,6578,2025-01-09,24
PO011093,SUP006,COMP031,6456,2025-11-02,21
PO011094,SUP008,COMP024,12153,2025-04-11,22
PO011095,SUP003,COMP037,11556,2025-02-12,20
PO011096,SUP009,COMP007,10685,2025-05-11,4
PO011097,SUP006,COMP018,8704,2025-05-09,16
PO011098,SUP006,COMP012,10010,2025-02-11,25
PO011099,SUP009,COMP038,3697,2025-07-04,19
PO011100,SUP001,COMP024,9448,2025-04-12,4
PO011101,SUP008,COMP025,13830,2025-10-06,7
PO011102,SUP001,COMP021,4613,2025-03-11,15
PO011103,SUP001,COMP010,12804,2025-05-23,11
PO011104,SUP003,COMP008,2025,2025-09-05,25
PO011105,SUP004,COMP033,5113,2025-11-11,15
PO011106,SUP003,COMP029,4794,2025-05-08,25
PO011107,SUP007,COMP036,14047,2025-06-07,20
PO011108,SUP006,COMP003,7754,2025-01-12,5
PO011109,SUP004,COMP020,2778,2025-03-31,10
PO011110,SUP006,COMP021,12717,2025-01-13,11
PO011111,SUP005,COMP002,6586,2025-09-13,25
PO011112,SUP002,COMP004,14006,2025-12-05,16
PO011113,SUP003,COMP003,8850,2025-11-27,4
PO011114,SUP003,COMP001,2356,2025-11-29,6
PO011115,SUP001,COMP017,1945,2025-03-15,14
PO011116,SUP009,COMP033,7233,2025-12-19,4
PO011117,SUP005,COMP039,11234,2025-07-21,3
PO011118,SUP003,COMP011,5633,2025-01-23,22
PO011119,SUP003,COMP002,2535,2025-02-23,22
PO011120,SUP009,COMP033,5827,2025-06-22,8
PO011121,SUP007,COMP006,8525,2025-03-13,19
PO011122,SUP003,COMP032,1158,2025-03-07,25
PO011123,SUP007,COMP008,2617,2025-07-11,21
PO011124,SUP003,COMP029,10011,2025-09-09,15
PO011125,SUP001,COMP017,1245,2025-04-04,17
PO011126,SUP002,COMP035,14682,2025-12-20,9
PO011127,SUP001,COMP008,681,2025-01-26,19
PO011128,SUP005,COMP038,14155,2025-06-29,7
PO011129,SUP006,COMP017,1137,2025-01-05,9
PO011130,SUP006,COMP008,13130,2025-12-06,20
PO011131,SUP009,COMP040,3973,2025-05-22,13
PO011132,SUP008,COMP025,14183,2025-05-26,21
PO011133,SUP005,COMP029,8784,2025-12-05,21
PO011134,SUP008,COMP040,3039,2025-07-17,25
PO011135,SUP010,COMP005,1864,2025-07-27,23
PO011136,SUP002,COMP027,11874,2025-12-08,11
PO011137,SUP007,COMP025,6938,2025-12-10,23
PO011138,SUP004,COMP012,7634,2025-08-09,10
PO011139,SUP002,COMP033,9394,2025-03-11,22
PO011140,SUP008,COMP033,13959,2025-11-25,17
PO011141,SUP007,COMP035,11936,2025-03-18,12
PO011142,SUP006,COMP034,10959,2025-06-05,19
PO011143,SUP006,COMP006,6954,2025-08-09,8
PO011144,SUP007,COMP015,6125,2025-08-14,13
PO011145,SUP005,COMP033,12931,2025-05-31,13
PO011146,SUP003,COMP020,998,2025-06-27,11
PO011147,SUP002,COMP027,9273,2025-04-11,9
PO011148,SUP002,COMP017,3412,2025-02-28,24
PO011149,SUP005,COMP030,3419,2025-12-02,10
PO011150,SUP009,COMP003,14684,2025-04-08,8
PO011151,SUP008,COMP004,5841,2025-06-20,12
PO011152,SUP005,COMP001,3268,2025-09-06,12
PO011153,SUP002,COMP012,4596,2025-04-25,7
PO011154,SUP001,COMP022,9161,2025-10-31,23
PO011155,SUP003,COMP002,12277,2025-09-01,22
PO011156,SUP001,COMP017,11130,2025-03-18,15
PO011157,SUP007,COMP007,11616,2025-05-06,15
PO011158,SUP008,COMP027,3673,2025-06-07,23
PO011159,SUP009,COMP024,2668,2025-10-03,13
PO011160,SUP003,COMP039,5653,2025-09-20,3
PO011161,SUP004,COMP007,2951,2025-01-14,6
PO011162,SUP004,COMP011,12662,2025-09-05,22
PO011163,SUP007,COMP033,6042,2025-07-08,21
PO011164,SUP007,COMP021,10844,2025-03-22,5
PO011165,SUP002,COMP031,8531,2025-10-10,3
PO011166,SUP001,COMP011,8700,2025-02-27,4
PO011167,SUP006,COMP037,3974,2025-11-06,3
PO011168,SUP004,COMP004,6688,2025-06-09,25
PO011169,SUP002,COMP025,8682,2025-12-08,3
PO011170,SUP003,COMP006,5439,2025-10-17,8
PO011171,SUP010,COMP004,13549,2025-08-28,19
PO011172,SUP004,COMP018,517,2025-02-21,3
PO011173,SUP008,COMP030,11468,2025-03-10,14
PO011174,SUP001,COMP009,2499,2025-01-24,21
PO011175,SUP009,COMP022,10064,2025-04-22,4
PO011176,SUP007,COMP001,14644,2025-09-19,11
PO011177,SUP004,COMP033,10902,2025-03-17,22
PO011178,SUP002,COMP016,6627,2025-04-08,21
PO011179,SUP005,COMP006,11711,2025-11-29,6
PO011180,SUP009,COMP031,2839,2025-08-28,11
PO011181,SUP003,COMP039,3674,2025-04-29,5
PO011182,SUP008,COMP023,7584,2025-02-05,9
PO011183,SUP007,COMP013,14515,2025-03-01,6
PO011184,SUP006,COMP038,6738,2025-11-28,22
PO011185,SUP006,COMP024,5480,2025-11-01,24
PO011186,SUP002,COMP030,9512,2025-01-31,20
PO011187,SUP009,COMP022,6104,2025-09-10,15
PO011188,SUP004,COMP017,2529,2025-12-28,16
PO011189,SUP003,COMP024,4149,2025-02-26,16
PO011190,SUP005,COMP002,11110,2025-03-30,25
PO011191,SUP004,COMP029,4307,2025-10-21,9
PO011192,SUP001,COMP018,6528,2025-12-21,17
PO011193,SUP005,COMP007,11519,2025-03-06,22
PO011194,SUP009,COMP028,837,2025-12-05,25
PO011195,SUP004,COMP031,8367,2025-10-17,3
PO011196,SUP006,COMP017,3056,2025-06-13,10
PO011197,SUP002,COMP031,10920,2025-01-13,7
PO011198,SUP008,COMP030,8446,2025-03-30,6
PO011199,SUP008,COMP033,9714,2025-12-02,18
PO011200,SUP003,COMP035,13253,2025-08-21,19
PO011201,SUP003,COMP025,6074,2025-01-05,4
PO011202,SUP004,COMP006,12666,2025-03-29,9
PO011203,SUP006,COMP019,8906,2025-04-29,16
PO011204,SUP007,COMP011,5716,2025-04-27,22
PO011205,SUP007,COMP032,2347,2025-10-09,9
PO011206,SUP003,COMP014,10139,2025-06-18,9
PO011207,SUP001,COMP010,1657,2025-06-24,13
PO011208,SUP010,COMP023,3548,2025-03-21,9
PO011209,SUP010,COMP015,2230,2025-06-23,22
PO011210,SUP002,COMP003,6350,2025-12-23,5
PO011211,SUP009,COMP022,1188,2025-12-02,18
PO011212,SUP010,COMP031,13391,2025-03-06,8
PO011213,SUP009,COMP007,1312,2025-10-13,21
PO011214,SUP002,COMP036,11874,2025-09-16,17
PO011215,SUP001,COMP034,10332,2025-10-14,13
PO011216,SUP001,COMP003,1307,2025-04-23,19
PO011217,SUP009,COMP040,2142,2025-02-21,10
PO011218,SUP003,COMP003,4293,2025-07-24,3
PO011219,SUP010,COMP026,976,2025-04-08,10
PO011220,SUP008,COMP018,9729,2025-07-25,5
PO011221,SUP003,COMP026,10031,2025-01-01,17
PO011222,SUP003,COMP033,1488,2025-08-29,22
PO011223,SUP004,COMP019,14225,2025-05-30,16
PO011224,SUP010,COMP025,10445,2025-01-02,23
PO011225,SUP010,COMP008,1284,2025-03-22,9
PO011226,SUP002,COMP037,12999,2025-05-04,17
PO011227,SUP010,COMP033,13872,2025-02-01,11
PO011228,SUP005,COMP026,534,2025-01-03,18
PO011229,SUP010,COMP006,14924,2025-11-06,11
PO011230,SUP010,COMP011,4033,2025-06-19,22
PO011231,SUP003,COMP004,3400,2025-09-06,9
PO011232,SUP001,COMP020,14481,2025-10-23,21
PO011233,SUP008,COMP034,14519,2025-01-18,13
PO011234,SUP006,COMP003,2245,2025-06-02,11
PO011235,SUP004,COMP001,2111,2025-02-23,5
PO011236,SUP007,COMP032,955,2025-06-26,6
PO011237,SUP003,COMP005,1437,2025-08-31,13
PO011238,SUP004,COMP021,3736,2025-07-01,24
PO011239,SUP005,COMP011,12696,2025-05-07,16
PO011240,SUP006,COMP014,13070,2025-09-03,14
PO011241,SUP006,COMP035,4839,2025-11-07,6
PO011242,SUP003,COMP036,3437,2025-07-16,12
PO011243,SUP003,COMP020,9797,2025-02-11,11
PO011244,SUP009,COMP022,14526,2025-11-14,15
PO011245,SUP002,COMP033,10583,2025-05-31,15
PO011246,SUP006,COMP035,6042,2025-05-11,17
PO011247,SUP004,COMP040,9535,2025-10-18,10
PO011248,SUP001,COMP006,7478,2025-03-02,8
PO011249,SUP008,COMP039,2828,2025-06-02,8
PO011250,SUP007,COMP009,8942,2025-02-10,5
PO011251,SUP006,COMP002,7859,2025-03-03,16
PO011252,SUP009,COMP037,13997,2025-03-06,9
PO011253,SUP003,COMP008,8471,2025-02-27,5
PO011254,SUP005,COMP025,8109,2025-06-12,9
PO011255,SUP001,COMP006,5654,2025-09-07,4
PO011256,SUP006,COMP023,7843,2025-01-19,6
PO011257,SUP005,COMP016,13991,2025-12-04,3
PO011258,SUP003,COMP029,14162,2025-12-31,15
PO011259,SUP008,COMP040,11273,2025-10-20,6
PO011260,SUP009,COMP009,4993,2025-05-21,3
PO011261,SUP005,COMP010,12305,2025-09-30,10
PO011262,SUP003,COMP017,3270,2025-01-14,4
PO011263,SUP010,COMP022,4858,2025-02-11,4
PO011264,SUP009,COMP019,2570,2025-11-03,17
PO011265,SUP010,COMP027,8263,2025-07-20,12
PO011266,SUP003,COMP027,4582,2025-04-28,25
PO011267,SUP004,COMP008,3815,2025-03-22,14
PO011268,SUP007,COMP012,1892,2025-03-30,23
PO011269,SUP008,COMP018,1856,2025-12-19,12
PO011270,SUP001,COMP022,6541,2025-02-21,16
PO011271,SUP003,COMP039,8173,2025-08-28,7
PO011272,SUP010,COMP005,7131,2025-03-05,24
PO011273,SUP007,COMP038,4110,2025-05-23,21
PO011274,SUP007,COMP006,8049,2025-06-08,15
PO011275,SUP005,COMP036,7896,2025-11-17,25
PO011276,SUP009,COMP012,1422,2025-08-30,24
PO011277,SUP010,COMP022,12423,2025-12-29,7
PO011278,SUP001,COMP032,6044,2025-08-30,3
PO011279,SUP005,COMP025,5006,2025-09-30,24
PO011280,SUP004,COMP030,1816,2025-06-12,9
PO011281,SUP001,COMP013,8474,2025-08-02,9
PO011282,SUP002,COMP032,5052,2025-09-16,6
PO011283,SUP007,COMP030,4637,2025-04-26,6
PO011284,SUP003,COMP008,12559,2025-10-05,8
PO011285,SUP008,COMP010,6221,2025-10-16,16
PO011286,SUP008,COMP015,5362,2025-12-07,18
PO011287,SUP006,COMP013,11071,2025-02-23,18
PO011288,SUP009,COMP019,11916,2025-02-11,16
PO011289,SUP005,COMP030,12475,2025-06-23,15
PO011290,SUP001,COMP039,2272,2025-06-19,17
PO011291,SUP006,COMP018,2213,2025-07-11,17
PO011292,SUP010,COMP028,2467,2025-12-06,11
PO011293,SUP003,COMP036,3507,2025-04-29,11
PO011294,SUP003,COMP036,3271,2025-01-31,22
PO011295,SUP008,COMP034,8737,2025-08-05,7
PO011296,SUP003,COMP016,11540,2025-06-16,10
PO011297,SUP005,COMP012,2955,2025-03-03,10
PO011298,SUP003,COMP036,7364,2025-10-02,18
PO011299,SUP010,COMP032,4080,2025-03-26,13
PO011300,SUP010,COMP036,10902,2025-10-29,15
PO011301,SUP001,COMP040,9950,2025-12-29,10
PO011302,SUP010,COMP019,8597,2025-07-02,20
PO011303,SUP006,COMP040,8803,2025-11-07,10
PO011304,SUP005,COMP017,4410,2025-03-19,19
PO011305,SUP001,COMP007,10262,2025-05-12,24
PO011306,SUP001,COMP040,5126,2025-07-07,5
PO011307,SUP008,COMP030,10197,2025-01-12,25
PO011308,SUP002,COMP032,1718,2025-06-27,12
PO011309,SUP009,COMP038,4790,2025-10-17,13
PO011310,SUP001,COMP024,4592,2025-12-17,15
PO011311,SUP003,COMP016,7564,2025-12-10,3
PO011312,SUP008,COMP027,9602,2025-03-25,16
PO011313,SUP004,COMP029,5145,2025-12-26,3
PO011314,SUP007,COMP033,14272,2025-06-16,21
PO011315,SUP007,COMP017,7276,2025-07-06,7
PO011316,SUP002,COMP022,14690,2025-09-05,7
PO011317,SUP005,COMP035,10519,2025-06-19,15
PO011318,SUP007,COMP021,5103,2025-08-05,12
PO011319,SUP004,COMP039,8854,2025-10-17,21
PO011320,SUP008,COMP039,4059,2025-01-03,17
PO011321,SUP001,COMP001,5107,2025-07-23,16
PO011322,SUP007,COMP004,12282,2025-12-22,14
PO011323,SUP003,COMP009,11966,2025-07-30,6
PO011324,SUP003,COMP020,8448,2025-02-27,9
PO011325,SUP001,COMP022,3136,2025-01-02,15
PO011326,SUP005,COMP002,12321,2025-10-16,5
PO011327,SUP010,COMP006,12388,2025-08-19,3
PO011328,SUP007,COMP028,9717,2025-04-28,13
PO011329,SUP005,COMP033,10480,2025-02-24,25
PO011330,SUP001,COMP011,13389,2025-12-31,5
PO011331,SUP002,COMP017,12500,2025-01-15,21
PO011332,SUP002,COMP021,5628,2025-10-01,6
PO011333,SUP007,COMP032,3679,2025-09-25,9
PO011334,SUP004,COMP039,11787,2025-10-27,17
PO011335,SUP001,COMP019,10548,2025-09-22,9
PO011336,SUP006,COMP027,14434,2025-05-02,8
PO011337,SUP008,COMP031,1273,2025-04-20,15
PO011338,SUP002,COMP038,4113,2025-03-18,19
PO011339,SUP009,COMP032,6095,2025-03-12,13
PO011340,SUP008,COMP028,14712,2025-10-06,18
PO011341,SUP006,COMP012,7148,2025-05-17,10
PO011342,SUP008,COMP039,11635,2025-09-12,25
PO011343,SUP010,COMP032,12526,2025-06-22,7
PO011344,SUP006,COMP020,2638,2025-02-21,17
PO011345,SUP002,COMP039,14168,2025-03-02,16
PO011346,SUP009,COMP018,12150,2025-11-06,25
PO011347,SUP006,COMP037,9622,2025-03-29,15
PO011348,SUP004,COMP020,11852,2025-10-27,12
PO011349,SUP006,COMP040,1194,2025-06-16,25
PO011350,SUP004,COMP030,6481,2025-11-26,24
PO011351,SUP005,COMP037,10460,2025-01-29,11
PO011352,SUP010,COMP022,12038,2025-03-03,5
PO011353,SUP005,COMP008,669,2025-02-10,3
PO011354,SUP009,COMP040,12518,2025-10-01,17
PO011355,SUP003,COMP025,9856,2025-12-16,3
PO011356,SUP006,COMP040,13369,2025-06-07,17
PO011357,SUP002,COMP013,8585,2025-04-09,21
PO011358,SUP003,COMP025,14016,2025-12-21,15
PO011359,SUP007,COMP038,6627,2025-12-18,22
PO011360,SUP009,COMP005,11141,2025-09-29,9
PO011361,SUP008,COMP001,3624,2025-10-24,11
PO011362,SUP008,COMP015,12066,2025-02-25,8
PO011363,SUP006,COMP018,10694,2025-09-11,4
PO011364,SUP008,COMP023,2064,2025-05-31,21
PO011365,SUP008,COMP027,8613,2025-06-08,4
PO011366,SUP001,COMP010,9233,2025-07-27,18
PO011367,SUP005,COMP007,7302,2025-01-16,17
PO011368,SUP004,COMP006,10065,2025-09-25,14
PO011369,SUP001,COMP018,8301,2025-09-30,20
PO011370,SUP003,COMP022,6439,2025-07-17,24
PO011371,SUP007,COMP007,3532,2025-10-04,23
PO011372,SUP003,COMP020,1305,2025-09-24,7
PO011373,SUP009,COMP029,12491,2025-03-09,17
PO011374,SUP005,COMP003,6692,2025-06-09,18
PO011375,SUP001,COMP035,9118,2025-08-17,4
PO011376,SUP005,COMP019,9879,2025-02-11,23
PO011377,SUP007,COMP002,8397,2025-12-26,9
PO011378,SUP001,COMP010,8352,2025-12-23,14
PO011379,SUP009,COMP032,10120,2025-05-12,9
PO011380,SUP003,COMP001,6364,2025-01-24,3
PO011381,SUP001,COMP039,13464,2025-12-07,11
PO011382,SUP004,COMP025,6005,2025-11-02,16
PO011383,SUP001,COMP032,6026,2025-05-23,14
PO011384,SUP005,COMP012,3346,2025-04-19,9
PO011385,SUP007,COMP001,7325,2025-12-25,21
PO011386,SUP005,COMP013,13220,2025-06-02,17
PO011387,SUP003,COMP038,11583,2025-08-07,21
PO011388,SUP004,COMP011,2199,2025-06-18,7
PO011389,SUP010,COMP038,6411,2025-10-21,15
PO011390,SUP002,COMP029,10760,2025-01-19,19
PO011391,SUP009,COMP023,13845,2025-05-18,20
PO011392,SUP002,COMP036,8870,2025-03-12,16
PO011393,SUP005,COMP039,13604,2025-12-05,23
PO011394,SUP001,COMP038,4606,2025-02-13,25
PO011395,SUP003,COMP024,5533,2025-09-05,7
PO011396,SUP005,COMP028,3843,2025-04-20,4
PO011397,SUP004,COMP020,6062,2025-10-03,25
PO011398,SUP005,COMP001,10117,2025-12-03,11
PO011399,SUP004,COMP003,8796,2025-10-20,12
PO011400,SUP004,COMP028,14646,2025-07-30,16
PO011401,SUP005,COMP032,14603,2025-12-11,4
PO011402,SUP006,COMP020,11737,2025-08-31,6
PO011403,SUP010,COMP037,7039,2025-03-02,10
PO011404,SUP001,COMP028,10268,2025-07-04,18
PO011405,SUP001,COMP031,2527,2025-04-25,3
PO011406,SUP009,COMP002,14905,2025-03-21,24
PO011407,SUP009,COMP031,9201,2025-06-13,8
PO011408,SUP008,COMP009,12361,2025-05-17,12
PO011409,SUP001,COMP027,9740,2025-06-22,9
PO011410,SUP006,COMP005,8662,2025-02-11,17
PO011411,SUP002,COMP008,9577,2025-09-18,7
PO011412,SUP003,COMP005,4560,2025-03-03,17
PO011413,SUP003,COMP015,6651,2025-02-05,9
PO011414,SUP003,COMP035,14138,2025-01-20,3
PO011415,SUP001,COMP007,10331,2025-06-21,22
PO011416,SUP005,COMP001,9051,2025-11-23,25
PO011417,SUP008,COMP017,10672,2025-07-01,3
PO011418,SUP004,COMP014,4664,2025-07-31,17
PO011419,SUP001,COMP024,8015,2025-08-18,9
PO011420,SUP007,COMP018,2345,2025-05-25,4
PO011421,SUP003,COMP012,6854,2025-11-06,14
PO011422,SUP007,COMP012,12695,2025-01-03,22
PO011423,SUP005,COMP033,14200,2025-05-26,25
PO011424,SUP007,COMP006,13095,2025-10-13,4
PO011425,SUP003,COMP034,8861,2025-03-18,9
PO011426,SUP010,COMP033,9333,2025-05-30,9
PO011427,SUP008,COMP031,14545,2025-03-06,6
PO011428,SUP002,COMP033,3849,2025-11-20,23
PO011429,SUP002,COMP036,11861,2025-06-25,5
PO011430,SUP008,COMP021,11211,2025-05-04,4
PO011431,SUP010,COMP031,3212,2025-12-17,3
PO011432,SUP005,COMP033,12089,2025-07-27,20
PO011433,SUP002,COMP036,2932,2025-01-28,11
PO011434,SUP002,COMP009,12981,2025-11-02,7
PO011435,SUP006,COMP003,7300,2025-10-28,20
PO011436,SUP004,COMP012,1547,2025-05-11,25
PO011437,SUP005,COMP024,11326,2025-11-18,16
PO011438,SUP009,COMP028,14991,2025-04-21,5
PO011439,SUP005,COMP027,9589,2025-09-07,3
PO011440,SUP005,COMP006,13740,2025-02-19,14
PO011441,SUP002,COMP027,12066,2025-08-03,21
PO011442,SUP006,COMP021,3763,2025-11-09,7
PO011443,SUP002,COMP035,2116,2025-12-20,6
PO011444,SUP003,COMP019,14127,2025-07-21,11
PO011445,SUP009,COMP036,1274,2025-08-19,20
PO011446,SUP009,COMP039,10725,2025-01-26,18
PO011447,SUP001,COMP030,8569,2025-05-01,3
PO011448,SUP010,COMP036,4393,2025-11-13,8
PO011449,SUP003,COMP012,9125,2025-03-16,6
PO011450,SUP001,COMP009,2425,2025-06-29,7
PO011451,SUP004,COMP018,11738,2025-09-27,12
PO011452,SUP002,COMP030,12133,2025-12-27,6
PO011453,SUP010,COMP016,2550,2025-03-25,13
PO011454,SUP008,COMP006,7695,2025-08-20,22
PO011455,SUP002,COMP033,6315,2025-01-22,15
PO011456,SUP005,COMP007,10234,2025-08-21,25
PO011457,SUP008,COMP015,2637,2025-01-13,9
PO011458,SUP007,COMP001,14995,2025-09-03,6
PO011459,SUP005,COMP038,12104,2025-09-25,17
PO011460,SUP001,COMP014,7912,2025-09-29,25
PO011461,SUP005,COMP018,6620,2025-08-31,23
PO011462,SUP007,COMP030,7608,2025-12-13,9
PO011463,SUP002,COMP019,2471,2025-12-26,9
PO011464,SUP002,COMP040,3322,2025-11-13,22
PO011465,SUP004,COMP012,3408,2025-04-27,21
PO011466,SUP005,COMP032,13266,2025-12-07,20
PO011467,SUP001,COMP003,1309,2025-06-30,3
PO011468,SUP007,COMP029,2385,2025-07-04,15
PO011469,SUP007,COMP014,6801,2025-09-30,25
PO011470,SUP006,COMP028,8976,2025-09-27,24
PO011471,SUP001,COMP005,1079,2025-10-24,23
PO011472,SUP010,COMP039,8559,2025-04-16,11
PO011473,SUP009,COMP012,10647,2025-01-25,11
PO011474,SUP006,COMP001,6407,2025-09-10,9
PO011475,SUP003,COMP027,10883,2025-07-22,9
PO011476,SUP001,COMP023,7311,2025-03-19,24
PO011477,SUP006,COMP038,7752,2025-03-17,7
PO011478,SUP004,COMP031,897,2025-10-25,6
PO011479,SUP005,COMP020,3119,2025-12-06,23
PO011480,SUP009,COMP034,4609,2025-06-22,20
PO011481,SUP004,COMP006,11713,2025-08-08,3
PO011482,SUP005,COMP039,6854,2025-12-05,4
PO011483,SUP010,COMP007,3574,2025-04-15,3
PO011484,SUP008,COMP030,3306,2025-07-20,7
PO011485,SUP010,COMP010,8778,2025-08-22,14
PO011486,SUP001,COMP019,6365,2025-04-30,25
PO011487,SUP003,COMP034,2802,2025-06-04,20
PO011488,SUP006,COMP033,1510,2025-03-13,25
PO011489,SUP006,COMP030,7126,2025-11-16,21
PO011490,SUP009,COMP024,8899,2025-10-27,9
PO011491,SUP010,COMP031,3036,2025-06-27,6
PO011492,SUP001,COMP035,10297,2025-08-04,16
PO011493,SUP005,COMP006,8106,2025-03-28,20
PO011494,SUP009,COMP021,11724,2025-07-09,5
PO011495,SUP009,COMP037,6519,2025-12-01,13
PO011496,SUP004,COMP039,13983,2025-05-24,14
PO011497,SUP004,COMP018,6173,2025-03-28,9
PO011498,SUP009,COMP024,3272,2025-02-26,12
PO011499,SUP007,COMP008,1763,2025-02-10,4
PO011500,SUP006,COMP023,10244,2025-08-25,21
PO011501,SUP005,COMP012,3301,2025-05-07,11
PO011502,SUP002,COMP016,2891,2025-06-06,8
PO011503,SUP007,COMP011,8826,2025-11-11,20
PO011504,SUP010,COMP014,6658,2025-06-12,6
PO011505,SUP010,COMP023,7256,2025-06-15,25
PO011506,SUP005,COMP023,11831,2025-07-28,3
PO011507,SUP004,COMP023,7118,2025-07-15,6
PO011508,SUP010,COMP032,3664,2025-10-22,22
PO011509,SUP007,COMP017,1553,2025-09-03,15
PO011510,SUP006,COMP030,564,2025-09-05,17
PO011511,SUP010,COMP017,10033,2025-02-19,8
PO011512,SUP001,COMP004,3616,2025-03-08,14
PO011513,SUP009,COMP025,6665,2025-04-10,18
PO011514,SUP001,COMP012,1800,2025-07-30,21
PO011515,SUP009,COMP031,951,2025-10-16,5
PO011516,SUP003,COMP028,7340,2025-12-25,17
PO011517,SUP002,COMP031,4059,2025-10-11,7
PO011518,SUP004,COMP014,8219,2025-11-06,18
PO011519,SUP002,COMP014,14792,2025-01-13,8
PO011520,SUP008,COMP005,11404,2025-07-01,5
PO011521,SUP004,COMP014,2888,2025-08-10,21
PO011522,SUP001,COMP006,9399,2025-09-08,23
PO011523,SUP004,COMP027,4523,2025-09-12,15
PO011524,SUP003,COMP031,13088,2025-06-02,8
PO011525,SUP001,COMP035,12635,2025-07-24,4
PO011526,SUP001,COMP012,2164,2025-11-15,6
PO011527,SUP003,COMP020,14009,2025-02-09,15
PO011528,SUP005,COMP018,11091,2025-08-22,22
PO011529,SUP007,COMP034,9307,2025-03-22,11
PO011530,SUP009,COMP039,4446,2025-03-09,9
PO011531,SUP002,COMP029,10798,2025-05-14,20
PO011532,SUP005,COMP033,8210,2025-05-15,6
PO011533,SUP006,COMP010,13790,2025-01-07,9
PO011534,SUP002,COMP020,8112,2025-07-11,12
PO011535,SUP009,COMP034,903,2025-07-14,5
PO011536,SUP008,COMP020,8516,2025-05-06,19
PO011537,SUP004,COMP026,13344,2025-08-06,22
PO011538,SUP005,COMP032,2347,2025-09-21,9
PO011539,SUP005,COMP018,10589,2025-11-10,19
PO011540,SUP006,COMP025,14864,2025-05-31,17
PO011541,SUP003,COMP023,6514,2025-05-07,16
PO011542,SUP006,COMP024,5644,2025-07-20,3
PO011543,SUP006,COMP038,12855,2025-04-01,9
PO011544,SUP004,COMP034,10007,2025-03-12,13
PO011545,SUP002,COMP027,12999,2025-10-27,6
PO011546,SUP004,COMP002,7319,2025-10-05,10
PO011547,SUP002,COMP012,10237,2025-03-13,19
PO011548,SUP006,COMP003,4411,2025-05-11,5
PO011549,SUP004,COMP022,10579,2025-01-19,18
PO011550,SUP001,COMP026,8117,2025-02-14,14
PO011551,SUP002,COMP021,3087,2025-07-06,25
PO011552,SUP009,COMP025,3479,2025-02-27,18
PO011553,SUP001,COMP001,8784,2025-08-29,19
PO011554,SUP002,COMP013,12586,2025-03-31,22
PO011555,SUP010,COMP006,2039,2025-02-26,6
PO011556,SUP009,COMP012,11015,2025-08-24,22
PO011557,SUP009,COMP020,1504,2025-07-08,23
PO011558,SUP009,COMP009,8561,2025-04-30,11
PO011559,SUP006,COMP039,10495,2025-09-25,15
PO011560,SUP006,COMP040,9491,2025-10-26,20
PO011561,SUP010,COMP012,11510,2025-01-30,20
PO011562,SUP006,COMP034,13508,2025-04-03,11
PO011563,SUP006,COMP022,13470,2025-01-08,9
PO011564,SUP002,COMP028,13493,2025-05-02,4
PO011565,SUP008,COMP016,3900,2025-06-27,22
PO011566,SUP010,COMP035,5801,2025-08-21,23
PO011567,SUP006,COMP005,2667,2025-04-01,14
PO011568,SUP004,COMP032,7365,2025-11-25,21
PO011569,SUP009,COMP020,9057,2025-03-15,25
PO011570,SUP009,COMP010,11509,2025-05-14,5
PO011571,SUP001,COMP018,14574,2025-03-09,3
PO011572,SUP008,COMP006,14136,2025-11-27,4
PO011573,SUP002,COMP023,7363,2025-04-24,10
PO011574,SUP010,COMP007,9069,2025-01-22,23
PO011575,SUP008,COMP023,11983,2025-11-17,18
PO011576,SUP007,COMP018,5214,2025-11-14,9
PO011577,SUP003,COMP010,14575,2025-10-23,9
PO011578,SUP004,COMP003,11403,2025-09-13,12
PO011579,SUP003,COMP013,2940,2025-10-09,22
PO011580,SUP004,COMP006,13169,2025-12-24,4
PO011581,SUP005,COMP037,13006,2025-10-15,20
PO011582,SUP001,COMP027,9748,2025-06-02,11
PO011583,SUP001,COMP027,3803,2025-08-25,7
PO011584,SUP002,COMP014,7581,2025-08-09,25
PO011585,SUP002,COMP024,10423,2025-03-30,20
PO011586,SUP003,COMP012,4941,2025-10-29,16
PO011587,SUP004,COMP034,3152,2025-07-07,15
PO011588,SUP010,COMP029,2059,2025-08-02,22
PO011589,SUP010,COMP006,7929,2025-06-12,14
PO011590,SUP005,COMP006,4471,2025-04-21,4
PO011591,SUP009,COMP007,6546,2025-12-13,5
PO011592,SUP002,COMP015,1005,2025-01-20,5
PO011593,SUP001,COMP022,9541,2025-11-19,21
PO011594,SUP010,COMP008,2264,2025-05-10,11
PO011595,SUP004,COMP020,12895,2025-11-24,7
PO011596,SUP005,COMP037,11363,2025-05-20,5
PO011597,SUP006,COMP025,2521,2025-04-09,14
PO011598,SUP005,COMP025,6673,2025-04-11,21
PO011599,SUP001,COMP029,3698,2025-09-18,17
PO011600,SUP006,COMP028,5638,2025-12-13,16
PO011601,SUP002,COMP037,1684,2025-02-17,8
PO011602,SUP010,COMP019,11117,2025-11-20,25
PO011603,SUP010,COMP001,5352,2025-01-22,5
PO011604,SUP003,COMP031,2748,2025-06-06,24
PO011605,SUP002,COMP040,14716,2025-09-10,14
PO011606,SUP001,COMP010,8836,2025-10-12,24
PO011607,SUP008,COMP013,4498,2025-10-11,5
PO011608,SUP008,COMP017,6226,2025-06-05,22
PO011609,SUP009,COMP023,7272,2025-04-03,17
PO011610,SUP006,COMP029,8270,2025-08-19,24
PO011611,SUP008,COMP036,12949,2025-04-11,8
PO011612,SUP002,COMP034,12689,2025-07-17,17
PO011613,SUP004,COMP014,12071,2025-08-16,7
PO011614,SUP007,COMP021,7576,2025-12-17,19
PO011615,SUP004,COMP029,3281,2025-01-28,4
PO011616,SUP005,COMP021,1564,2025-07-21,14
PO011617,SUP006,COMP040,1548,2025-06-17,5
PO011618,SUP008,COMP035,13012,2025-03-16,17
PO011619,SUP004,COMP015,11820,2025-06-23,4
PO011620,SUP003,COMP008,5517,2025-03-25,6
PO011621,SUP008,COMP009,1933,2025-11-12,22
PO011622,SUP009,COMP039,14561,2025-09-25,7
PO011623,SUP004,COMP029,2742,2025-03-19,11
PO011624,SUP003,COMP033,2828,2025-04-11,12
PO011625,SUP005,COMP010,10691,2025-12-15,4
PO011626,SUP008,COMP008,3356,2025-03-16,10
PO011627,SUP001,COMP011,13287,2025-06-23,9
PO011628,SUP001,COMP001,13631,2025-08-29,7
PO011629,SUP004,COMP010,5165,2025-10-07,23
PO011630,SUP005,COMP018,14964,2025-05-12,11
PO011631,SUP001,COMP022,2163,2025-04-12,24
PO011632,SUP008,COMP019,10864,2025-10-06,20
PO011633,SUP008,COMP004,6360,2025-06-22,11
PO011634,SUP009,COMP001,1244,2025-07-03,17
PO011635,SUP003,COMP022,13043,2025-03-20,21
PO011636,SUP005,COMP020,10590,2025-04-28,4
PO011637,SUP010,COMP037,9003,2025-12-26,8
PO011638,SUP004,COMP013,14193,2025-03-13,5
PO011639,SUP006,COMP014,11408,2025-03-27,19
PO011640,SUP003,COMP014,4488,2025-03-19,4
PO011641,SUP002,COMP033,7305,2025-12-31,6
PO011642,SUP007,COMP011,6983,2025-11-24,12
PO011643,SUP006,COMP025,1389,2025-10-28,19
PO011644,SUP001,COMP030,9041,2025-08-14,7
PO011645,SUP002,COMP005,4161,2025-12-02,20
PO011646,SUP005,COMP032,10895,2025-02-01,12
PO011647,SUP001,COMP012,13961,2025-03-27,18
PO011648,SUP005,COMP040,3726,2025-01-05,24
PO011649,SUP001,COMP015,8911,2025-12-07,8
PO011650,SUP010,COMP024,14986,2025-07-08,10
PO011651,SUP007,COMP015,1804,2025-06-27,17
PO011652,SUP004,COMP030,1209,2025-04-24,20
PO011653,SUP009,COMP022,7886,2025-08-15,7
PO011654,SUP007,COMP001,13100,2025-04-15,9
PO011655,SUP004,COMP025,14581,2025-01-14,16
PO011656,SUP004,COMP023,9964,2025-10-16,23
PO011657,SUP010,COMP039,949,2025-07-16,17
PO011658,SUP001,COMP009,4114,2025-02-21,17
PO011659,SUP006,COMP003,14910,2025-09-27,6
PO011660,SUP001,COMP021,4500,2025-06-19,7
PO011661,SUP002,COMP028,3408,2025-03-07,21
PO011662,SUP007,COMP023,2662,2025-03-22,6
PO011663,SUP002,COMP037,9147,2025-08-03,12
PO011664,SUP005,COMP031,1869,2025-04-10,10
PO011665,SUP005,COMP006,9011,2025-02-25,8
PO011666,SUP010,COMP007,11976,2025-12-27,15
PO011667,SUP009,COMP026,1332,2025-07-13,8
PO011668,SUP006,COMP014,7333,2025-02-06,9
PO011669,SUP009,COMP007,14091,2025-09-23,11
PO011670,SUP009,COMP029,9112,2025-07-14,18
PO011671,SUP008,COMP030,1706,2025-02-08,3
PO011672,SUP010,COMP003,11648,2025-10-27,10
PO011673,SUP004,COMP011,673,2025-08-20,23
PO011674,SUP007,COMP012,6466,2025-09-04,9
PO011675,SUP002,COMP025,10392,2025-07-09,16
PO011676,SUP003,COMP036,5769,2025-10-16,24
PO011677,SUP002,COMP026,10546,2025-02-05,14
PO011678,SUP009,COMP010,13427,2025-01-14,22
PO011679,SUP002,COMP002,683,2025-05-01,16
PO011680,SUP007,COMP030,13520,2025-06-17,20
PO011681,SUP001,COMP035,3463,2025-09-02,10
PO011682,SUP004,COMP032,7963,2025-11-01,22
PO011683,SUP008,COMP040,13143,2025-04-15,5
PO011684,SUP006,COMP034,14775,2025-11-12,9
PO011685,SUP007,COMP021,8241,2025-05-26,23
PO011686,SUP009,COMP022,8899,2025-07-27,19
PO011687,SUP006,COMP035,8218,2025-12-25,10
PO011688,SUP003,COMP024,8300,2025-06-01,12
PO011689,SUP004,COMP015,9305,2025-08-28,25
PO011690,SUP003,COMP013,4626,2025-02-22,11
PO011691,SUP003,COMP038,4034,2025-10-23,22
PO011692,SUP002,COMP006,9877,2025-08-04,19
PO011693,SUP007,COMP012,14883,2025-02-27,6
PO011694,SUP004,COMP032,6466,2025-11-06,16
PO011695,SUP005,COMP033,9342,2025-08-20,8
PO011696,SUP001,COMP025,8632,2025-11-07,17
PO011697,SUP003,COMP013,9705,2025-05-25,7
PO011698,SUP009,COMP006,8912,2025-03-30,15
PO011699,SUP010,COMP024,11522,2025-05-28,21
PO011700,SUP001,COMP004,1719,2025-01-15,10
PO011701,SUP009,COMP001,2139,2025-04-02,6
PO011702,SUP010,COMP009,4712,2025-11-20,12
PO011703,SUP007,COMP014,3764,2025-01-31,8
PO011704,SUP010,COMP029,4232,2025-10-20,21
PO011705,SUP006,COMP038,9935,2025-11-18,25
PO011706,SUP003,COMP032,12771,2025-06-06,4
PO011707,SUP004,COMP015,13602,2025-11-07,8
PO011708,SUP002,COMP015,2982,2025-09-27,9
PO011709,SUP010,COMP003,7221,2025-12-24,20
PO011710,SUP005,COMP003,1431,2025-06-13,5
PO011711,SUP006,COMP025,3854,2025-10-20,10
PO011712,SUP006,COMP008,13892,2025-05-02,3
PO011713,SUP004,COMP039,10380,2025-06-06,21
PO011714,SUP003,COMP003,11975,2025-02-04,9
PO011715,SUP004,COMP004,3852,2025-06-08,7
PO011716,SUP003,COMP035,9899,2025-10-22,13
PO011717,SUP002,COMP036,11340,2025-03-25,12
PO011718,SUP004,COMP009,6558,2025-07-16,13
PO011719,SUP001,COMP037,5172,2025-12-26,20
PO011720,SUP005,COMP027,11967,2025-12-08,12
PO011721,SUP006,COMP024,7403,2025-10-31,21
PO011722,SUP001,COMP014,3692,2025-07-24,14
PO011723,SUP005,COMP021,4516,2025-03-05,23
PO011724,SUP006,COMP031,5529,2025-05-06,12
PO011725,SUP008,COMP038,8360,2025-07-09,16
PO011726,SUP005,COMP016,3035,2025-09-01,9
PO011727,SUP004,COMP010,13828,2025-10-26,22
PO011728,SUP010,COMP025,1397,2025-05-23,10
PO011729,SUP003,COMP004,11112,2025-08-05,6
PO011730,SUP002,COMP010,2470,2025-08-21,3
PO011731,SUP005,COMP014,8263,2025-10-21,16
PO011732,SUP006,COMP002,9649,2025-05-25,9
PO011733,SUP004,COMP030,2655,2025-05-09,6
PO011734,SUP008,COMP020,10135,2025-01-23,22
PO011735,SUP008,COMP036,3165,2025-09-05,16
PO011736,SUP010,COMP035,2130,2025-09-04,24
PO011737,SUP002,COMP027,5204,2025-03-16,4
PO011738,SUP008,COMP017,4201,2025-08-28,13
PO011739,SUP002,COMP030,13728,2025-09-01,18
PO011740,SUP009,COMP020,2671,2025-07-07,6
PO011741,SUP001,COMP036,1953,2025-08-10,13
PO011742,SUP009,COMP035,8415,2025-10-14,17
PO011743,SUP002,COMP005,9859,2025-07-21,18
PO011744,SUP005,COMP032,14572,2025-08-21,13
PO011745,SUP004,COMP006,6773,2025-03-17,24
PO011746,SUP008,COMP040,8371,2025-01-22,16
PO011747,SUP007,COMP037,10592,2025-11-02,14
PO011748,SUP006,COMP006,6023,2025-05-27,4
PO011749,SUP004,COMP010,9527,2025-11-14,7
PO011750,SUP007,COMP010,5270,2025-08-21,13
PO011751,SUP004,COMP027,7227,2025-07-27,20
PO011752,SUP001,COMP011,9620,2025-11-15,12
PO011753,SUP007,COMP007,11855,2025-05-28,14
PO011754,SUP006,COMP018,6581,2025-02-07,6
PO011755,SUP008,COMP022,5711,2025-10-25,14
PO011756,SUP009,COMP014,9877,2025-12-07,19
PO011757,SUP003,COMP006,6215,2025-08-14,3
PO011758,SUP010,COMP024,10963,2025-08-04,12
PO011759,SUP007,COMP009,12056,2025-11-07,14
PO011760,SUP007,COMP029,3519,2025-04-20,3
PO011761,SUP009,COMP021,5767,2025-05-22,23
PO011762,SUP005,COMP015,12527,2025-07-30,12
PO011763,SUP005,COMP038,4203,2025-09-02,12
PO011764,SUP008,COMP038,701,2025-12-21,20
PO011765,SUP009,COMP031,12677,2025-12-31,16
PO011766,SUP009,COMP036,13284,2025-04-15,19
PO011767,SUP005,COMP038,2109,2025-08-08,21
PO011768,SUP008,COMP008,12667,2025-07-07,17
PO011769,SUP007,COMP010,9692,2025-10-30,12
PO011770,SUP009,COMP002,7021,2025-05-08,25
PO011771,SUP004,COMP022,12410,2025-12-18,5
PO011772,SUP009,COMP027,2813,2025-07-27,11
PO011773,SUP008,COMP032,13837,2025-10-14,20
PO011774,SUP001,COMP037,3861,2025-12-30,16
PO011775,SUP008,COMP025,7347,2025-02-23,17
PO011776,SUP008,COMP012,1495,2025-11-19,23
PO011777,SUP001,COMP011,4219,2025-12-20,6
PO011778,SUP010,COMP016,10398,2025-01-24,8
PO011779,SUP001,COMP002,1990,2025-05-23,13
PO011780,SUP001,COMP005,13994,2025-08-10,7
PO011781,SUP005,COMP020,14391,2025-06-07,3
PO011782,SUP001,COMP040,1019,2025-04-27,17
PO011783,SUP003,COMP009,5468,2025-08-23,8
PO011784,SUP005,COMP010,13830,2025-06-05,10
PO011785,SUP001,COMP023,7054,2025-10-28,16
PO011786,SUP001,COMP021,11078,2025-10-03,4
PO011787,SUP009,COMP010,13769,2025-04-14,4
PO011788,SUP001,COMP026,8124,2025-10-18,22
PO011789,SUP003,COMP033,5173,2025-07-21,9
PO011790,SUP010,COMP022,6014,2025-06-24,15
PO011791,SUP005,COMP012,2875,2025-07-20,3
PO011792,SUP009,COMP008,14817,2025-08-18,14
PO011793,SUP010,COMP030,12014,2025-01-02,6
PO011794,SUP002,COMP037,567,2025-09-16,4
PO011795,SUP005,COMP030,10328,2025-06-03,21
PO011796,SUP001,COMP023,1928,2025-07-10,19
PO011797,SUP005,COMP034,9065,2025-09-17,7
PO011798,SUP006,COMP033,14347,2025-12-26,5
PO011799,SUP003,COMP004,12868,2025-11-30,24
PO011800,SUP003,COMP030,3182,2025-06-17,19
PO011801,SUP002,COMP005,5029,2025-02-24,16
PO011802,SUP009,COMP037,6070,2025-01-20,15
PO011803,SUP006,COMP029,3604,2025-02-25,10
PO011804,SUP003,COMP035,6067,2025-02-15,13
PO011805,SUP006,COMP009,9744,2025-08-27,11
PO011806,SUP003,COMP034,6911,2025-07-30,18
PO011807,SUP008,COMP008,11057,2025-11-05,4
PO011808,SUP003,COMP013,3583,2025-12-28,15
PO011809,SUP009,COMP010,9547,2025-12-25,17
PO011810,SUP009,COMP004,9465,2025-12-28,21
PO011811,SUP008,COMP002,8656,2025-11-23,21
PO011812,SUP005,COMP032,3076,2025-01-28,13
PO011813,SUP003,COMP038,1963,2025-09-11,17
PO011814,SUP006,COMP003,9334,2025-07-17,10
PO011815,SUP010,COMP010,8649,2025-08-23,25
PO011816,SUP007,COMP038,13467,2025-11-23,20
PO011817,SUP005,COMP013,2533,2025-02-25,8
PO011818,SUP005,COMP003,10519,2025-12-03,25
PO011819,SUP009,COMP025,13770,2025-12-10,3
PO011820,SUP005,COMP016,7036,2025-08-01,19
PO011821,SUP010,COMP037,5810,2025-09-10,3
PO011822,SUP005,COMP008,2227,2025-09-22,14
PO011823,SUP004,COMP021,7443,2025-05-09,7
PO011824,SUP004,COMP005,14180,2025-07-21,11
PO011825,SUP003,COMP008,10597,2025-08-12,10
PO011826,SUP005,COMP026,11677,2025-02-10,3
PO011827,SUP009,COMP029,5733,2025-12-18,21
PO011828,SUP009,COMP026,895,2025-08-17,20
PO011829,SUP007,COMP016,9391,2025-02-13,8
PO011830,SUP005,COMP003,5748,2025-09-03,25
PO011831,SUP010,COMP010,14741,2025-07-17,20
PO011832,SUP003,COMP018,8835,2025-05-02,18
PO011833,SUP006,COMP006,7015,2025-01-27,15
PO011834,SUP002,COMP019,1258,2025-12-03,9
PO011835,SUP006,COMP006,10120,2025-12-16,14
PO011836,SUP008,COMP015,1117,2025-01-01,22
PO011837,SUP008,COMP019,7247,2025-07-06,7
PO011838,SUP005,COMP034,4300,2025-06-03,20
PO011839,SUP004,COMP006,1827,2025-06-08,14
PO011840,SUP001,COMP026,5574,2025-06-11,10
PO011841,SUP004,COMP020,12043,2025-11-01,13
PO011842,SUP007,COMP038,2994,2025-05-22,3
PO011843,SUP002,COMP015,8970,2025-12-20,13
PO011844,SUP010,COMP036,7596,2025-05-15,16
PO011845,SUP009,COMP019,9034,2025-01-07,25
PO011846,SUP009,COMP023,11388,2025-03-12,7
PO011847,SUP009,COMP011,5436,2025-09-21,18
PO011848,SUP005,COMP013,2829,2025-04-25,16
PO011849,SUP003,COMP040,8808,2025-11-26,8
PO011850,SUP006,COMP039,10720,2025-06-19,23
PO011851,SUP006,COMP006,2078,2025-05-22,25
PO011852,SUP001,COMP025,9054,2025-05-20,4
PO011853,SUP001,COMP001,6896,2025-08-31,22
PO011854,SUP005,COMP030,11926,2025-02-18,21
PO011855,SUP010,COMP005,2971,2025-01-18,24
PO011856,SUP002,COMP005,12861,2025-02-25,16
PO011857,SUP003,COMP034,3562,2025-12-20,4
PO011858,SUP006,COMP024,12606,2025-07-20,11
PO011859,SUP002,COMP039,12095,2025-10-26,23
PO011860,SUP001,COMP015,10035,2025-12-02,24
PO011861,SUP008,COMP001,12625,2025-11-11,18
PO011862,SUP001,COMP020,10520,2025-03-14,8
PO011863,SUP002,COMP001,14473,2025-06-18,16
PO011864,SUP002,COMP011,2144,2025-11-02,24
PO011865,SUP010,COMP038,8373,2025-12-22,14
PO011866,SUP003,COMP024,14714,2025-05-09,18
PO011867,SUP001,COMP029,9246,2025-10-04,9
PO011868,SUP006,COMP040,10202,2025-05-29,11
PO011869,SUP008,COMP009,11408,2025-07-10,6
PO011870,SUP003,COMP008,14549,2025-03-09,3
PO011871,SUP009,COMP027,10783,2025-07-05,25
PO011872,SUP006,COMP001,10036,2025-10-19,3
PO011873,SUP008,COMP003,2208,2025-11-12,12
PO011874,SUP004,COMP001,6518,2025-11-18,20
PO011875,SUP005,COMP029,1876,2025-07-25,9
PO011876,SUP005,COMP017,2469,2025-06-13,6
PO011877,SUP004,COMP025,13610,2025-02-19,25
PO011878,SUP003,COMP020,13938,2025-01-17,9
PO011879,SUP007,COMP002,2522,2025-04-06,18
PO011880,SUP009,COMP012,8005,2025-01-03,22
PO011881,SUP002,COMP032,7479,2025-01-24,8
PO011882,SUP005,COMP001,2648,2025-12-19,15
PO011883,SUP004,COMP021,13105,2025-08-05,20
PO011884,SUP009,COMP030,10180,2025-07-11,13
PO011885,SUP003,COMP037,10108,2025-02-18,4
PO011886,SUP001,COMP026,2732,2025-11-02,5
PO011887,SUP007,COMP039,14991,2025-08-09,18
PO011888,SUP001,COMP035,3680,2025-03-14,10
PO011889,SUP009,COMP030,9570,2025-03-09,14
PO011890,SUP001,COMP036,3667,2025-12-14,12
PO011891,SUP001,COMP004,1891,2025-08-29,4
PO011892,SUP005,COMP029,7071,2025-05-27,4
PO011893,SUP001,COMP016,14602,2025-11-30,20
PO011894,SUP002,COMP025,1295,2025-07-12,3
PO011895,SUP004,COMP010,7211,2025-02-16,8
PO011896,SUP005,COMP017,3688,2025-04-25,17
PO011897,SUP005,COMP037,6170,2025-08-03,19
PO011898,SUP009,COMP037,7573,2025-09-17,8
PO011899,SUP008,COMP015,4665,2025-09-05,4
PO011900,SUP008,COMP009,14547,2025-05-25,16
PO011901,SUP003,COMP022,10691,2025-11-05,21
PO011902,SUP008,COMP038,8978,2025-10-17,16
PO011903,SUP009,COMP027,2651,2025-01-31,13
PO011904,SUP006,COMP002,6698,2025-09-05,7
PO011905,SUP009,COMP009,4281,2025-07-18,3
PO011906,SUP009,COMP016,6025,2025-03-29,9
PO011907,SUP004,COMP038,1841,2025-11-01,22
PO011908,SUP009,COMP027,2767,2025-11-30,24
PO011909,SUP008,COMP031,13288,2025-01-16,7
PO011910,SUP009,COMP032,4672,2025-10-08,21
PO011911,SUP003,COMP035,12103,2025-04-06,10
PO011912,SUP002,COMP013,1798,2025-12-12,21
PO011913,SUP008,COMP037,10512,2025-12-23,6
PO011914,SUP003,COMP016,1517,2025-08-11,23
PO011915,SUP006,COMP023,14614,2025-04-09,9
PO011916,SUP006,COMP007,7849,2025-06-03,21
PO011917,SUP007,COMP019,14110,2025-07-19,20
PO011918,SUP005,COMP028,8546,2025-02-23,22
PO011919,SUP005,COMP030,14955,2025-02-23,12
PO011920,SUP004,COMP040,6598,2025-02-16,24
PO011921,SUP007,COMP008,11136,2025-09-08,8
PO011922,SUP005,COMP001,5677,2025-05-06,21
PO011923,SUP005,COMP030,7877,2025-03-16,23
PO011924,SUP004,COMP005,4209,2025-04-27,25
PO011925,SUP004,COMP025,2119,2025-05-26,9
PO011926,SUP005,COMP021,7539,2025-06-04,20
PO011927,SUP007,COMP032,1754,2025-11-28,5
PO011928,SUP006,COMP013,10184,2025-07-10,25
PO011929,SUP008,COMP015,11987,2025-01-08,9
PO011930,SUP004,COMP017,1558,2025-07-14,3
PO011931,SUP005,COMP025,3237,2025-10-26,4
PO011932,SUP008,COMP003,10396,2025-06-24,4
PO011933,SUP002,COMP018,2784,2025-09-02,13
PO011934,SUP006,COMP011,7126,2025-05-01,14
PO011935,SUP005,COMP004,13229,2025-06-20,18
PO011936,SUP001,COMP006,12399,2025-05-08,16
PO011937,SUP004,COMP011,4732,2025-11-04,10
PO011938,SUP009,COMP018,11994,2025-06-18,17
PO011939,SUP002,COMP024,10049,2025-08-06,16
PO011940,SUP010,COMP039,1805,2025-05-30,21
PO011941,SUP009,COMP009,6096,2025-01-30,11
PO011942,SUP007,COMP006,7065,2025-02-24,18
PO011943,SUP002,COMP014,3495,2025-09-09,6
PO011944,SUP005,COMP032,2269,2025-02-13,20
PO011945,SUP006,COMP025,4443,2025-01-08,16
PO011946,SUP010,COMP004,7180,2025-12-12,25
PO011947,SUP007,COMP006,3690,2025-02-19,8
PO011948,SUP002,COMP009,14660,2025-10-25,20
PO011949,SUP009,COMP030,4671,2025-08-02,23
PO011950,SUP007,COMP034,4382,2025-06-15,6
PO011951,SUP007,COMP006,2690,2025-04-08,12
PO011952,SUP007,COMP008,1778,2025-10-22,7
PO011953,SUP007,COMP014,3870,2025-11-01,9
PO011954,SUP001,COMP038,1134,2025-08-10,23
PO011955,SUP006,COMP034,11094,2025-03-14,7
PO011956,SUP009,COMP015,14564,2025-01-03,3
PO011957,SUP010,COMP018,6824,2025-04-24,12
PO011958,SUP009,COMP006,9567,2025-08-02,21
PO011959,SUP006,COMP021,10030,2025-11-29,24
PO011960,SUP007,COMP006,7658,2025-12-14,20
PO011961,SUP010,COMP006,4860,2025-10-19,4
PO011962,SUP009,COMP036,10298,2025-11-16,7
PO011963,SUP002,COMP011,14294,2025-01-14,9
PO011964,SUP001,COMP036,12045,2025-03-31,24
PO011965,SUP008,COMP014,12431,2025-08-08,9
PO011966,SUP007,COMP022,7272,2025-08-30,23
PO011967,SUP006,COMP026,10126,2025-07-16,14
PO011968,SUP005,COMP012,1017,2025-10-31,13
PO011969,SUP009,COMP010,3168,2025-08-19,23
PO011970,SUP006,COMP001,11050,2025-06-05,12
PO011971,SUP007,COMP021,13540,2025-07-15,17
PO011972,SUP001,COMP008,11931,2025-08-02,7
PO011973,SUP010,COMP040,9529,2025-09-15,25
PO011974,SUP006,COMP035,5486,2025-11-12,24
PO011975,SUP002,COMP026,13529,2025-07-03,19
PO011976,SUP005,COMP038,1531,2025-05-24,12
PO011977,SUP002,COMP025,9124,2025-07-14,3
PO011978,SUP006,COMP012,6311,2025-08-14,10
PO011979,SUP005,COMP039,9759,2025-09-19,13
PO011980,SUP001,COMP014,1169,2025-09-23,9
PO011981,SUP009,COMP040,2816,2025-05-14,11
PO011982,SUP010,COMP004,636,2025-11-03,5
PO011983,SUP006,COMP017,3060,2025-03-25,5
PO011984,SUP009,COMP020,3735,2025-12-21,8
PO011985,SUP004,COMP001,8220,2025-05-21,19
PO011986,SUP008,COMP019,14413,2025-12-28,14
PO011987,SUP004,COMP018,13488,2025-12-06,23
PO011988,SUP001,COMP008,1404,2025-12-09,17
PO011989,SUP005,COMP037,10813,2025-01-25,7
PO011990,SUP006,COMP032,3616,2025-12-23,24
PO011991,SUP006,COMP038,7994,2025-11-18,8
PO011992,SUP009,COMP004,5450,2025-07-21,16
PO011993,SUP008,COMP019,7318,2025-06-01,22
PO011994,SUP004,COMP009,6344,2025-02-25,15
PO011995,SUP005,COMP038,10547,2025-09-19,18
PO011996,SUP005,COMP012,8590,2025-11-29,3
PO011997,SUP002,COMP033,10599,2025-08-27,8
PO011998,SUP004,COMP039,13841,2025-09-14,24
PO011999,SUP006,COMP034,7970,2025-10-16,19
