ReportID,FactoryID,SKUID,YieldPct,DefectPct
QR000000,FAC006,SKU118,99.66,2.88
QR000001,FAC002,SKU113,99.33,1.43
QR000002,FAC002,SKU109,99.16,1.29
QR000003,FAC001,SKU108,98.35,2.89
QR000004,FAC003,SKU119,96.19,0.18
QR000005,FAC002,SKU105,98.0,1.62
QR000006,FAC006,SKU129,97.89,0.12
QR000007,FAC003,SKU127,98.66,0.41
QR000008,FAC001,SKU107,96.09,0.58
QR000009,FAC006,SKU123,95.91,0.86
QR000010,FAC005,SKU125,95.62,2.86
QR000011,FAC003,SKU123,99.63,0.9
QR000012,FAC005,SKU102,97.77,0.82
QR000013,FAC004,SKU129,96.07,2.55
QR000014,FAC002,SKU115,98.12,1.26
QR000015,FAC004,SKU120,95.38,0.38
QR000016,FAC002,SKU113,99.9,1.9
QR000017,FAC001,SKU128,97.41,2.83
QR000018,FAC004,SKU109,99.17,0.69
QR000019,FAC003,SKU115,98.62,0.5
QR000020,FAC005,SKU120,97.29,2.05
QR000021,FAC005,SKU128,98.4,1.02
QR000022,FAC002,SKU122,95.69,1.43
QR000023,FAC004,SKU106,99.65,2.52
QR000024,FAC005,SKU104,98.89,2.83
QR000025,FAC002,SKU129,95.06,0.42
QR000026,FAC004,SKU113,97.67,1.13
QR000027,FAC002,SKU104,99.13,2.65
QR000028,FAC003,SKU107,96.39,0.64
QR000029,FAC003,SKU126,96.45,2.97
QR000030,FAC001,SKU120,98.33,2.0
QR000031,FAC001,SKU107,98.07,2.87
QR000032,FAC003,SKU126,99.08,2.95
QR000033,FAC001,SKU106,96.7,0.45
QR000034,FAC005,SKU121,99.84,2.96
QR000035,FAC005,SKU124,97.98,0.2
QR000036,FAC004,SKU125,98.07,2.0
QR000037,FAC004,SKU113,99.63,2.42
QR000038,FAC005,SKU120,97.01,1.73
QR000039,FAC006,SKU109,95.87,1.19
QR000040,FAC006,SKU101,95.68,1.56
QR000041,FAC005,SKU115,95.45,1.02
QR000042,FAC001,SKU106,99.69,0.32
QR000043,FAC003,SKU127,96.22,0.62
QR000044,FAC002,SKU124,95.39,2.99
QR000045,FAC002,SKU102,97.03,1.79
QR000046,FAC002,SKU120,97.51,1.61
QR000047,FAC006,SKU111,95.96,2.29
QR000048,FAC005,SKU116,97.56,2.99
QR000049,FAC004,SKU119,99.22,1.51
QR000050,FAC004,SKU114,95.02,1.07
QR000051,FAC001,SKU112,97.7,1.22
QR000052,FAC002,SKU114,96.08,1.02
QR000053,FAC006,SKU104,95.0,2.22
QR000054,FAC005,SKU101,97.04,0.81
QR000055,FAC002,SKU120,99.86,1.49
QR000056,FAC006,SKU118,98.12,2.68
QR000057,FAC004,SKU110,98.93,0.95
QR000058,FAC003,SKU106,95.4,0.84
QR000059,FAC005,SKU112,97.26,2.69
QR000060,FAC005,SKU125,98.22,1.13
QR000061,FAC002,SKU112,97.49,0.47
QR000062,FAC006,SKU107,96.41,2.82
QR000063,FAC002,SKU103,97.6,0.58
QR000064,FAC006,SKU124,98.96,2.5
QR000065,FAC002,SKU100,99.44,1.77
QR000066,FAC003,SKU113,97.14,2.67
QR000067,FAC006,SKU112,98.46,0.33
QR000068,FAC006,SKU125,96.37,0.76
QR000069,FAC006,SKU113,95.22,2.63
QR000070,FAC001,SKU106,95.56,2.54
QR000071,FAC002,SKU128,97.77,1.12
QR000072,FAC001,SKU103,99.38,1.89
QR000073,FAC004,SKU102,97.59,1.65
QR000074,FAC002,SKU105,97.44,0.65
QR000075,FAC001,SKU115,97.66,0.18
QR000076,FAC004,SKU112,96.74,2.45
QR000077,FAC002,SKU107,96.8,2.0
QR000078,FAC002,SKU105,96.43,3.0
QR000079,FAC002,SKU119,97.5,1.69
QR000080,FAC002,SKU108,95.27,1.73
QR000081,FAC001,SKU103,98.65,1.24
QR000082,FAC005,SKU103,99.33,1.07
QR000083,FAC002,SKU100,99.45,1.76
QR000084,FAC003,SKU108,95.94,2.18
QR000085,FAC003,SKU107,98.44,0.17
QR000086,FAC006,SKU115,97.42,1.82
QR000087,FAC003,SKU129,99.65,2.56
QR000088,FAC006,SKU101,98.37,0.14
QR000089,FAC002,SKU111,98.66,2.35
QR000090,FAC001,SKU100,97.31,0.21
QR000091,FAC001,SKU120,95.77,1.3
QR000092,FAC004,SKU127,96.47,2.28
QR000093,FAC005,SKU104,97.23,2.48
QR000094,FAC005,SKU105,95.23,2.28
QR000095,FAC002,SKU112,97.05,2.9
QR000096,FAC001,SKU116,97.19,1.56
QR000097,FAC003,SKU112,96.7,1.75
QR000098,FAC005,SKU100,96.46,2.39
QR000099,FAC002,SKU113,98.48,1.36
QR000100,FAC006,SKU104,95.28,0.3
QR000101,FAC003,SKU128,96.97,1.74
QR000102,FAC004,SKU116,99.85,2.6
QR000103,FAC006,SKU106,96.97,2.91
QR000104,FAC004,SKU104,96.52,0.61
QR000105,FAC002,SKU109,98.25,1.96
QR000106,FAC002,SKU126,97.3,0.21
QR000107,FAC004,SKU110,96.57,1.3
QR000108,FAC002,SKU105,99.23,0.57
QR000109,FAC004,SKU111,99.75,0.56
QR000110,FAC004,SKU115,98.01,2.29
QR000111,FAC003,SKU116,97.53,0.07
QR000112,FAC003,SKU124,96.52,0.27
QR000113,FAC006,SKU107,95.81,2.37
QR000114,FAC006,SKU126,95.66,0.7
QR000115,FAC006,SKU122,99.11,1.94
QR000116,FAC005,SKU114,96.92,2.24
QR000117,FAC004,SKU100,95.56,1.37
QR000118,FAC002,SKU120,98.43,0.27
QR000119,FAC005,SKU104,95.35,1.53
QR000120,FAC005,SKU113,98.88,2.55
QR000121,FAC001,SKU113,96.67,2.15
QR000122,FAC004,SKU116,98.54,1.88
QR000123,FAC005,SKU128,97.74,2.0
QR000124,FAC002,SKU121,98.28,0.7
QR000125,FAC004,SKU111,97.19,1.22
QR000126,FAC001,SKU103,97.57,1.9
QR000127,FAC006,SKU127,99.53,2.02
QR000128,FAC005,SKU115,99.69,0.25
QR000129,FAC002,SKU126,97.49,2.27
QR000130,FAC002,SKU111,99.05,2.65
QR000131,FAC002,SKU108,98.79,2.36
QR000132,FAC001,SKU120,97.11,1.01
QR000133,FAC001,SKU110,96.23,2.41
QR000134,FAC002,SKU110,95.68,0.1
QR000135,FAC003,SKU111,97.26,0.87
QR000136,FAC006,SKU109,98.1,2.44
QR000137,FAC004,SKU107,96.94,1.34
QR000138,FAC005,SKU112,99.12,0.26
QR000139,FAC005,SKU129,96.26,2.74
QR000140,FAC003,SKU119,96.02,2.28
QR000141,FAC006,SKU109,96.41,2.41
QR000142,FAC004,SKU115,95.67,0.75
QR000143,FAC003,SKU108,96.26,2.68
QR000144,FAC003,SKU124,95.64,2.71
QR000145,FAC001,SKU127,98.37,2.39
QR000146,FAC004,SKU118,97.48,0.51
QR000147,FAC006,SKU115,99.69,2.81
QR000148,FAC004,SKU128,97.79,0.5
QR000149,FAC003,SKU104,97.81,1.89
QR000150,FAC004,SKU102,96.22,2.43
QR000151,FAC001,SKU107,99.44,2.43
QR000152,FAC002,SKU111,98.0,2.03
QR000153,FAC005,SKU104,98.22,2.84
QR000154,FAC005,SKU108,95.89,1.13
QR000155,FAC004,SKU103,97.52,2.47
QR000156,FAC004,SKU128,95.73,2.74
QR000157,FAC005,SKU119,95.71,1.71
QR000158,FAC002,SKU108,97.11,2.73
QR000159,FAC004,SKU109,97.75,2.6
QR000160,FAC005,SKU111,95.43,2.97
QR000161,FAC005,SKU107,95.23,1.92
QR000162,FAC006,SKU105,97.26,0.56
QR000163,FAC004,SKU100,95.67,2.58
QR000164,FAC004,SKU106,95.24,0.94
QR000165,FAC006,SKU106,97.94,1.84
QR000166,FAC005,SKU124,95.61,0.32
QR000167,FAC006,SKU123,98.84,1.1
QR000168,FAC001,SKU103,95.94,0.75
QR000169,FAC006,SKU118,99.86,0.84
QR000170,FAC001,SKU102,99.78,0.79
QR000171,FAC001,SKU116,98.41,2.6
QR000172,FAC005,SKU123,95.31,2.9
QR000173,FAC006,SKU100,98.73,0.1
QR000174,FAC005,SKU120,97.68,1.45
QR000175,FAC003,SKU127,97.78,1.41
QR000176,FAC002,SKU123,96.97,1.07
QR000177,FAC002,SKU115,98.7,1.41
QR000178,FAC003,SKU101,95.5,2.59
QR000179,FAC005,SKU113,96.03,1.51
QR000180,FAC006,SKU115,95.63,2.35
QR000181,FAC003,SKU117,98.83,1.02
QR000182,FAC006,SKU114,96.08,0.69
QR000183,FAC001,SKU120,99.8,0.05
QR000184,FAC002,SKU110,95.73,2.54
QR000185,FAC003,SKU126,98.11,0.12
QR000186,FAC005,SKU125,95.8,0.82
QR000187,FAC004,SKU118,97.94,0.34
QR000188,FAC003,SKU107,96.69,0.71
QR000189,FAC005,SKU109,99.57,0.92
QR000190,FAC003,SKU128,95.55,2.85
QR000191,FAC005,SKU120,98.57,0.31
QR000192,FAC006,SKU126,99.61,0.84
QR000193,FAC001,SKU128,97.73,0.86
QR000194,FAC006,SKU116,98.93,2.47
QR000195,FAC004,SKU129,96.19,0.56
QR000196,FAC005,SKU114,97.2,1.0
QR000197,FAC002,SKU100,98.02,2.31
QR000198,FAC001,SKU114,95.54,1.41
QR000199,FAC001,SKU121,96.44,0.42
QR000200,FAC006,SKU117,98.06,1.13
QR000201,FAC001,SKU115,97.17,0.96
QR000202,FAC001,SKU104,98.35,0.19
QR000203,FAC004,SKU105,97.41,2.06
QR000204,FAC004,SKU101,96.88,1.12
QR000205,FAC001,SKU110,99.83,0.8
QR000206,FAC003,SKU122,96.26,1.11
QR000207,FAC004,SKU106,95.44,0.64
QR000208,FAC002,SKU104,99.63,2.51
QR000209,FAC005,SKU108,95.39,0.51
QR000210,FAC005,SKU123,98.61,2.26
QR000211,FAC003,SKU123,98.1,1.02
QR000212,FAC004,SKU108,97.49,0.96
QR000213,FAC004,SKU122,95.15,2.85
QR000214,FAC005,SKU104,95.45,1.98
QR000215,FAC004,SKU113,95.62,0.58
QR000216,FAC006,SKU115,98.14,2.38
QR000217,FAC001,SKU111,97.49,2.01
QR000218,FAC006,SKU103,99.75,0.6
QR000219,FAC004,SKU115,95.31,1.46
QR000220,FAC005,SKU125,96.79,2.25
QR000221,FAC001,SKU109,96.86,0.57
QR000222,FAC005,SKU103,98.24,0.26
QR000223,FAC001,SKU117,97.2,2.03
QR000224,FAC004,SKU127,98.52,1.88
QR000225,FAC002,SKU100,97.63,2.07
QR000226,FAC001,SKU102,95.22,1.92
QR000227,FAC004,SKU121,96.45,0.66
QR000228,FAC001,SKU110,97.12,2.97
QR000229,FAC003,SKU124,95.24,2.62
QR000230,FAC004,SKU123,95.28,1.77
QR000231,FAC004,SKU115,96.51,1.53
QR000232,FAC003,SKU109,96.67,0.07
QR000233,FAC001,SKU114,95.23,2.99
QR000234,FAC006,SKU120,96.61,1.75
QR000235,FAC003,SKU121,98.0,2.6
QR000236,FAC004,SKU123,97.54,2.95
QR000237,FAC004,SKU129,96.99,1.12
QR000238,FAC003,SKU122,95.49,1.55
QR000239,FAC001,SKU128,97.23,1.82
QR000240,FAC004,SKU111,95.48,2.93
QR000241,FAC006,SKU115,98.33,2.25
QR000242,FAC005,SKU108,97.55,2.88
QR000243,FAC006,SKU109,96.43,2.89
QR000244,FAC002,SKU122,98.35,1.1
QR000245,FAC006,SKU106,96.69,1.0
QR000246,FAC005,SKU104,96.39,0.11
QR000247,FAC002,SKU125,95.07,1.89
QR000248,FAC004,SKU120,97.31,0.75
QR000249,FAC004,SKU125,96.1,1.59
QR000250,FAC004,SKU125,95.7,0.37
QR000251,FAC003,SKU111,97.03,1.83
QR000252,FAC003,SKU106,96.48,0.83
QR000253,FAC003,SKU114,95.08,2.27
QR000254,FAC002,SKU121,97.43,0.62
QR000255,FAC003,SKU104,95.78,1.0
QR000256,FAC002,SKU109,97.72,0.26
QR000257,FAC003,SKU100,98.22,0.98
QR000258,FAC006,SKU123,97.72,2.96
QR000259,FAC002,SKU113,98.2,0.62
QR000260,FAC002,SKU117,95.63,0.2
QR000261,FAC004,SKU100,96.94,2.78
QR000262,FAC001,SKU121,95.27,1.4
QR000263,FAC001,SKU112,98.86,0.4
QR000264,FAC006,SKU125,99.57,0.13
QR000265,FAC005,SKU120,96.49,0.69
QR000266,FAC001,SKU122,95.7,2.91
QR000267,FAC005,SKU110,95.78,0.43
QR000268,FAC006,SKU103,99.25,1.84
QR000269,FAC006,SKU102,96.36,1.01
QR000270,FAC003,SKU116,95.88,1.27
QR000271,FAC005,SKU119,96.34,1.38
QR000272,FAC002,SKU102,96.14,2.38
QR000273,FAC005,SKU129,99.19,0.46
QR000274,FAC002,SKU128,99.84,0.43
QR000275,FAC001,SKU118,98.81,1.55
QR000276,FAC006,SKU103,99.8,0.8
QR000277,FAC001,SKU112,99.35,2.55
QR000278,FAC001,SKU107,98.92,2.14
QR000279,FAC003,SKU100,96.48,2.29
QR000280,FAC002,SKU108,95.56,1.53
QR000281,FAC005,SKU123,97.72,2.81
QR000282,FAC004,SKU113,96.22,0.85
QR000283,FAC002,SKU117,95.26,1.7
QR000284,FAC003,SKU114,99.25,0.33
QR000285,FAC006,SKU105,96.53,1.23
QR000286,FAC004,SKU102,98.16,0.65
QR000287,FAC006,SKU123,95.48,1.74
QR000288,FAC006,SKU120,98.37,1.48
QR000289,FAC006,SKU104,98.88,1.91
QR000290,FAC004,SKU107,97.12,1.37
QR000291,FAC002,SKU114,99.16,0.45
QR000292,FAC002,SKU113,98.34,0.83
QR000293,FAC005,SKU128,96.89,1.58
QR000294,FAC001,SKU128,98.15,2.19
QR000295,FAC003,SKU122,95.08,2.87
QR000296,FAC002,SKU120,95.19,0.19
QR000297,FAC001,SKU119,98.99,2.87
QR000298,FAC002,SKU122,95.97,0.91
QR000299,FAC005,SKU118,95.78,0.8
QR000300,FAC002,SKU128,99.85,0.59
QR000301,FAC006,SKU103,95.03,1.38
QR000302,FAC004,SKU100,96.39,2.16
QR000303,FAC006,SKU111,99.34,1.87
QR000304,FAC004,SKU121,96.93,0.61
QR000305,FAC006,SKU106,97.61,0.85
QR000306,FAC005,SKU124,98.06,1.97
QR000307,FAC005,SKU106,95.15,2.57
QR000308,FAC001,SKU111,97.55,2.33
QR000309,FAC002,SKU110,97.02,2.61
QR000310,FAC003,SKU104,98.74,0.7
QR000311,FAC002,SKU103,99.23,0.98
QR000312,FAC005,SKU123,95.87,1.45
QR000313,FAC001,SKU110,97.89,0.19
QR000314,FAC006,SKU114,95.92,1.05
QR000315,FAC006,SKU121,99.85,2.3
QR000316,FAC004,SKU129,97.56,1.84
QR000317,FAC001,SKU100,99.26,1.47
QR000318,FAC002,SKU127,97.91,1.45
QR000319,FAC002,SKU100,98.58,2.15
QR000320,FAC006,SKU127,96.93,1.42
QR000321,FAC005,SKU124,97.72,1.97
QR000322,FAC001,SKU105,99.52,2.51
QR000323,FAC004,SKU111,99.17,1.82
QR000324,FAC005,SKU104,98.32,0.51
QR000325,FAC004,SKU125,98.07,2.97
QR000326,FAC006,SKU123,95.24,1.41
QR000327,FAC004,SKU117,97.14,2.81
QR000328,FAC006,SKU121,99.36,1.54
QR000329,FAC004,SKU104,97.99,1.58
QR000330,FAC001,SKU116,95.46,2.94
QR000331,FAC005,SKU122,98.81,0.57
QR000332,FAC005,SKU104,96.43,1.82
QR000333,FAC006,SKU107,96.54,0.93
QR000334,FAC001,SKU118,98.5,0.15
QR000335,FAC002,SKU121,98.08,1.5
QR000336,FAC003,SKU110,99.1,1.36
QR000337,FAC005,SKU120,99.78,2.5
QR000338,FAC006,SKU118,98.75,1.2
QR000339,FAC005,SKU107,98.88,0.11
QR000340,FAC006,SKU123,97.9,0.7
QR000341,FAC002,SKU105,97.81,1.18
QR000342,FAC001,SKU129,97.78,1.9
QR000343,FAC006,SKU115,98.18,1.09
QR000344,FAC002,SKU106,98.7,0.65
QR000345,FAC005,SKU122,97.83,2.2
QR000346,FAC005,SKU123,96.13,1.97
QR000347,FAC002,SKU115,97.05,0.85
QR000348,FAC006,SKU102,99.24,0.6
QR000349,FAC004,SKU116,98.54,0.25
QR000350,FAC003,SKU121,97.23,1.08
QR000351,FAC002,SKU101,97.78,2.45
QR000352,FAC005,SKU128,99.87,1.03
QR000353,FAC002,SKU129,95.27,1.5
QR000354,FAC001,SKU105,95.97,1.74
QR000355,FAC004,SKU103,95.69,0.3
QR000356,FAC002,SKU102,97.0,2.51
QR000357,FAC005,SKU113,95.6,1.59
QR000358,FAC001,SKU115,98.19,1.41
QR000359,FAC001,SKU118,99.46,1.64
QR000360,FAC005,SKU117,99.2,2.36
QR000361,FAC004,SKU120,97.07,1.15
QR000362,FAC006,SKU108,96.77,0.16
QR000363,FAC003,SKU119,99.84,1.01
QR000364,FAC001,SKU102,99.72,1.32
QR000365,FAC004,SKU116,98.38,1.92
QR000366,FAC004,SKU124,98.3,1.76
QR000367,FAC005,SKU128,98.11,2.95
QR000368,FAC004,SKU116,97.41,2.97
QR000369,FAC004,SKU126,97.6,1.93
QR000370,FAC004,SKU108,96.87,2.33
QR000371,FAC006,SKU124,95.1,2.99
QR000372,FAC004,SKU102,98.59,1.73
QR000373,FAC001,SKU110,97.12,1.48
QR000374,FAC003,SKU127,98.87,2.81
QR000375,FAC004,SKU126,95.33,1.73
QR000376,FAC001,SKU110,95.34,2.87
QR000377,FAC002,SKU111,98.0,0.86
QR000378,FAC004,SKU115,96.84,2.02
QR000379,FAC003,SKU110,99.67,2.54
QR000380,FAC005,SKU128,98.65,2.52
QR000381,FAC002,SKU121,99.1,2.68
QR000382,FAC004,SKU116,97.37,2.57
QR000383,FAC002,SKU104,99.02,0.83
QR000384,FAC003,SKU107,96.48,1.5
QR000385,FAC006,SKU107,97.36,2.62
QR000386,FAC001,SKU120,96.57,2.02
QR000387,FAC002,SKU109,96.97,1.09
QR000388,FAC002,SKU103,96.24,2.75
QR000389,FAC004,SKU101,98.33,2.82
QR000390,FAC006,SKU109,97.77,2.3
QR000391,FAC001,SKU115,99.0,0.23
QR000392,FAC001,SKU107,96.02,0.3
QR000393,FAC005,SKU102,98.89,0.12
QR000394,FAC004,SKU117,96.51,2.12
QR000395,FAC005,SKU102,95.58,1.86
QR000396,FAC004,SKU128,98.87,0.15
QR000397,FAC005,SKU104,99.8,2.57
QR000398,FAC006,SKU121,96.73,2.44
QR000399,FAC001,SKU104,96.4,2.7
QR000400,FAC001,SKU107,98.09,1.84
QR000401,FAC003,SKU105,95.21,2.19
QR000402,FAC001,SKU104,97.05,0.87
QR000403,FAC002,SKU111,97.37,1.01
QR000404,FAC005,SKU119,95.39,2.2
QR000405,FAC005,SKU105,96.19,0.4
QR000406,FAC005,SKU107,99.39,2.44
QR000407,FAC002,SKU118,95.11,0.18
QR000408,FAC005,SKU102,95.18,0.13
QR000409,FAC006,SKU109,95.38,1.67
QR000410,FAC003,SKU122,97.8,2.21
QR000411,FAC006,SKU121,99.57,0.72
QR000412,FAC006,SKU127,98.35,0.52
QR000413,FAC002,SKU106,97.31,2.59
QR000414,FAC002,SKU100,95.55,0.58
QR000415,FAC001,SKU120,95.46,1.47
QR000416,FAC006,SKU106,96.32,1.62
QR000417,FAC005,SKU120,96.28,1.87
QR000418,FAC003,SKU108,95.09,1.56
QR000419,FAC004,SKU103,96.68,0.87
QR000420,FAC001,SKU111,95.23,2.77
QR000421,FAC006,SKU108,96.44,1.95
QR000422,FAC001,SKU114,98.4,2.76
QR000423,FAC005,SKU121,99.26,0.44
QR000424,FAC004,SKU126,97.5,2.85
QR000425,FAC001,SKU114,96.83,1.35
QR000426,FAC006,SKU120,96.9,0.13
QR000427,FAC005,SKU101,98.93,0.77
QR000428,FAC004,SKU117,98.22,0.21
QR000429,FAC004,SKU124,96.29,2.82
QR000430,FAC003,SKU109,97.81,0.26
QR000431,FAC005,SKU115,97.08,1.42
QR000432,FAC003,SKU124,99.2,0.33
QR000433,FAC006,SKU117,96.04,2.65
QR000434,FAC003,SKU128,96.29,1.16
QR000435,FAC004,SKU125,97.05,1.65
QR000436,FAC004,SKU128,96.06,0.4
QR000437,FAC002,SKU103,96.26,2.57
QR000438,FAC006,SKU109,97.24,1.14
QR000439,FAC006,SKU101,96.38,1.99
QR000440,FAC003,SKU123,99.64,0.2
QR000441,FAC002,SKU109,95.62,0.88
QR000442,FAC006,SKU108,98.55,1.51
QR000443,FAC006,SKU127,97.08,2.84
QR000444,FAC006,SKU118,99.1,1.16
QR000445,FAC004,SKU113,99.11,0.68
QR000446,FAC002,SKU129,97.06,2.72
QR000447,FAC003,SKU102,99.01,0.96
QR000448,FAC001,SKU105,96.27,1.37
QR000449,FAC006,SKU110,99.64,1.07
QR000450,FAC005,SKU106,97.57,2.95
QR000451,FAC001,SKU122,95.74,2.14
QR000452,FAC003,SKU129,98.91,2.8
QR000453,FAC003,SKU106,99.13,1.68
QR000454,FAC005,SKU124,96.53,0.07
QR000455,FAC004,SKU101,96.3,1.4
QR000456,FAC006,SKU106,96.98,2.82
QR000457,FAC004,SKU108,98.13,2.67
QR000458,FAC003,SKU124,98.36,1.2
QR000459,FAC006,SKU103,97.47,2.04
QR000460,FAC002,SKU127,96.68,2.73
QR000461,FAC005,SKU121,95.24,1.12
QR000462,FAC002,SKU113,98.57,0.31
QR000463,FAC002,SKU123,98.71,1.82
QR000464,FAC002,SKU125,99.41,1.15
QR000465,FAC006,SKU119,95.17,0.12
QR000466,FAC004,SKU119,99.29,2.03
QR000467,FAC006,SKU104,96.6,2.89
QR000468,FAC004,SKU107,98.98,2.52
QR000469,FAC001,SKU129,98.87,1.13
QR000470,FAC001,SKU127,96.81,1.81
QR000471,FAC002,SKU127,98.72,2.39
QR000472,FAC002,SKU100,97.57,2.28
QR000473,FAC005,SKU120,95.12,2.57
QR000474,FAC004,SKU128,96.66,0.48
QR000475,FAC004,SKU119,96.72,1.0
QR000476,FAC006,SKU123,96.61,2.57
QR000477,FAC005,SKU112,96.34,0.98
QR000478,FAC001,SKU102,99.52,1.04
QR000479,FAC002,SKU123,97.59,2.76
QR000480,FAC002,SKU115,99.41,0.68
QR000481,FAC005,SKU115,96.58,2.44
QR000482,FAC002,SKU122,96.73,1.42
QR000483,FAC003,SKU101,97.98,2.64
QR000484,FAC004,SKU125,98.19,1.85
QR000485,FAC001,SKU117,96.05,0.55
QR000486,FAC004,SKU111,96.44,2.42
QR000487,FAC003,SKU107,97.97,2.64
QR000488,FAC004,SKU115,98.05,1.71
QR000489,FAC003,SKU117,99.15,0.78
QR000490,FAC006,SKU129,99.45,2.85
QR000491,FAC002,SKU112,95.45,1.75
QR000492,FAC004,SKU118,99.11,2.35
QR000493,FAC005,SKU103,98.93,2.31
QR000494,FAC004,SKU127,96.21,2.82
QR000495,FAC004,SKU122,98.27,2.55
QR000496,FAC003,SKU100,99.33,2.42
QR000497,FAC005,SKU104,95.07,2.35
QR000498,FAC001,SKU117,97.88,0.79
QR000499,FAC002,SKU114,99.05,1.42
QR000500,FAC005,SKU120,95.41,1.43
QR000501,FAC006,SKU115,95.35,2.98
QR000502,FAC006,SKU121,95.9,1.62
QR000503,FAC002,SKU118,95.51,1.57
QR000504,FAC005,SKU101,96.34,2.38
QR000505,FAC005,SKU120,99.47,0.19
QR000506,FAC006,SKU129,98.08,2.92
QR000507,FAC002,SKU125,99.35,1.33
QR000508,FAC003,SKU105,97.17,1.5
QR000509,FAC006,SKU105,95.37,2.5
QR000510,FAC006,SKU104,99.2,1.76
QR000511,FAC003,SKU114,95.78,2.34
QR000512,FAC001,SKU102,97.51,0.55
QR000513,FAC001,SKU117,98.29,0.41
QR000514,FAC003,SKU109,98.64,2.35
QR000515,FAC006,SKU106,98.58,2.47
QR000516,FAC006,SKU106,95.23,2.07
QR000517,FAC005,SKU112,96.23,2.53
QR000518,FAC005,SKU116,96.08,2.67
QR000519,FAC003,SKU105,97.41,2.44
QR000520,FAC004,SKU106,98.44,2.99
QR000521,FAC003,SKU101,97.14,0.43
QR000522,FAC004,SKU107,96.25,0.96
QR000523,FAC004,SKU110,99.06,0.28
QR000524,FAC004,SKU116,95.7,1.55
QR000525,FAC004,SKU110,99.6,1.62
QR000526,FAC006,SKU107,95.99,2.91
QR000527,FAC003,SKU123,99.45,0.33
QR000528,FAC003,SKU115,97.22,0.4
QR000529,FAC005,SKU123,97.86,0.67
QR000530,FAC006,SKU100,97.63,1.25
QR000531,FAC003,SKU120,95.28,2.18
QR000532,FAC003,SKU118,97.18,1.45
QR000533,FAC001,SKU113,96.65,0.06
QR000534,FAC003,SKU129,97.76,2.36
QR000535,FAC005,SKU128,98.39,2.07
QR000536,FAC005,SKU109,95.44,0.29
QR000537,FAC006,SKU110,95.62,0.72
QR000538,FAC001,SKU117,95.9,2.06
QR000539,FAC002,SKU116,99.76,2.68
QR000540,FAC006,SKU108,96.75,0.81
QR000541,FAC001,SKU102,97.09,0.82
QR000542,FAC005,SKU103,99.23,1.28
QR000543,FAC002,SKU112,96.14,1.8
QR000544,FAC001,SKU121,95.66,1.06
QR000545,FAC005,SKU110,95.72,0.64
QR000546,FAC001,SKU105,98.74,0.06
QR000547,FAC001,SKU125,95.58,0.41
QR000548,FAC003,SKU126,99.42,1.46
QR000549,FAC005,SKU104,98.98,2.06
QR000550,FAC001,SKU116,97.94,1.35
QR000551,FAC004,SKU110,98.95,1.54
QR000552,FAC004,SKU109,95.65,0.77
QR000553,FAC002,SKU124,98.01,1.72
QR000554,FAC002,SKU125,97.02,1.07
QR000555,FAC006,SKU126,99.89,2.13
QR000556,FAC004,SKU106,95.53,2.79
QR000557,FAC004,SKU118,95.52,0.2
QR000558,FAC002,SKU125,97.14,0.87
QR000559,FAC001,SKU101,98.48,2.7
QR000560,FAC004,SKU120,98.15,1.04
QR000561,FAC003,SKU113,98.68,0.32
QR000562,FAC002,SKU111,95.32,0.24
QR000563,FAC002,SKU107,96.86,0.81
QR000564,FAC001,SKU126,99.07,1.39
QR000565,FAC002,SKU109,95.21,1.24
QR000566,FAC005,SKU124,99.3,1.24
QR000567,FAC003,SKU124,97.3,0.72
QR000568,FAC001,SKU125,95.58,2.37
QR000569,FAC001,SKU128,95.84,0.3
QR000570,FAC006,SKU116,95.55,0.37
QR000571,FAC005,SKU117,97.5,1.88
QR000572,FAC006,SKU113,99.67,1.83
QR000573,FAC006,SKU125,97.9,1.65
QR000574,FAC002,SKU123,99.88,0.74
QR000575,FAC002,SKU116,98.18,2.62
QR000576,FAC001,SKU125,96.87,1.4
QR000577,FAC003,SKU122,95.25,0.06
QR000578,FAC005,SKU104,98.32,0.24
QR000579,FAC001,SKU118,95.98,1.69
QR000580,FAC005,SKU108,98.18,0.6
QR000581,FAC002,SKU121,97.58,2.37
QR000582,FAC005,SKU113,99.6,2.65
QR000583,FAC001,SKU126,96.26,2.8
QR000584,FAC003,SKU109,99.46,0.2
QR000585,FAC005,SKU112,99.56,1.18
QR000586,FAC005,SKU116,96.9,0.13
QR000587,FAC001,SKU128,98.1,2.5
QR000588,FAC001,SKU114,96.18,2.24
QR000589,FAC005,SKU112,96.32,2.47
QR000590,FAC002,SKU108,96.62,2.88
QR000591,FAC005,SKU112,98.38,1.89
QR000592,FAC005,SKU105,98.77,1.29
QR000593,FAC005,SKU114,99.25,1.15
QR000594,FAC002,SKU124,99.79,1.89
QR000595,FAC005,SKU118,95.05,1.8
QR000596,FAC005,SKU102,95.65,2.0
QR000597,FAC003,SKU119,99.04,2.2
QR000598,FAC002,SKU108,95.75,2.17
QR000599,FAC005,SKU102,99.71,2.44
QR000600,FAC001,SKU129,97.76,0.85
QR000601,FAC001,SKU105,98.29,2.88
QR000602,FAC006,SKU109,97.27,0.05
QR000603,FAC002,SKU100,96.38,0.53
QR000604,FAC003,SKU102,98.54,0.9
QR000605,FAC003,SKU122,96.86,0.76
QR000606,FAC005,SKU120,97.87,0.57
QR000607,FAC006,SKU109,96.61,1.25
QR000608,FAC005,SKU126,97.74,1.74
QR000609,FAC003,SKU107,98.39,1.59
QR000610,FAC002,SKU109,95.89,1.05
QR000611,FAC002,SKU101,99.25,2.6
QR000612,FAC001,SKU115,97.6,2.98
QR000613,FAC001,SKU100,96.77,0.59
QR000614,FAC005,SKU100,96.32,2.83
QR000615,FAC006,SKU118,99.89,1.47
QR000616,FAC005,SKU129,97.63,2.82
QR000617,FAC005,SKU112,99.61,2.97
QR000618,FAC003,SKU111,97.4,2.17
QR000619,FAC003,SKU105,98.75,2.54
QR000620,FAC005,SKU123,97.68,0.38
QR000621,FAC003,SKU127,99.78,2.31
QR000622,FAC002,SKU115,95.74,0.65
QR000623,FAC002,SKU118,95.23,2.66
QR000624,FAC004,SKU104,95.51,1.34
QR000625,FAC004,SKU101,98.28,0.62
QR000626,FAC002,SKU119,98.61,1.53
QR000627,FAC001,SKU112,99.06,0.71
QR000628,FAC003,SKU107,99.3,1.08
QR000629,FAC006,SKU124,98.62,0.3
QR000630,FAC001,SKU123,99.4,2.31
QR000631,FAC006,SKU108,97.53,2.51
QR000632,FAC001,SKU124,97.57,2.93
QR000633,FAC006,SKU110,99.16,0.15
QR000634,FAC006,SKU106,96.65,2.25
QR000635,FAC006,SKU119,99.21,0.44
QR000636,FAC004,SKU129,98.31,1.57
QR000637,FAC005,SKU129,99.9,2.74
QR000638,FAC005,SKU108,95.01,1.05
QR000639,FAC004,SKU100,96.94,1.19
QR000640,FAC002,SKU107,96.51,1.56
QR000641,FAC005,SKU121,98.66,0.49
QR000642,FAC002,SKU106,98.85,2.73
QR000643,FAC005,SKU128,99.56,1.21
QR000644,FAC004,SKU109,96.27,0.41
QR000645,FAC001,SKU116,95.46,1.01
QR000646,FAC006,SKU117,97.94,1.19
QR000647,FAC004,SKU112,96.97,1.29
QR000648,FAC001,SKU107,97.01,1.49
QR000649,FAC002,SKU113,98.43,2.84
QR000650,FAC005,SKU107,98.14,0.72
QR000651,FAC002,SKU124,98.73,0.85
QR000652,FAC006,SKU126,98.37,2.37
QR000653,FAC004,SKU110,99.61,2.26
QR000654,FAC003,SKU119,96.99,2.23
QR000655,FAC002,SKU114,96.99,1.75
QR000656,FAC005,SKU105,99.57,0.43
QR000657,FAC005,SKU111,96.29,1.69
QR000658,FAC001,SKU118,99.86,1.58
QR000659,FAC002,SKU114,97.9,1.59
QR000660,FAC003,SKU108,96.69,1.13
QR000661,FAC005,SKU105,95.8,0.64
QR000662,FAC006,SKU112,96.19,2.78
QR000663,FAC003,SKU103,99.08,2.09
QR000664,FAC003,SKU118,98.11,0.54
QR000665,FAC006,SKU101,95.17,2.51
QR000666,FAC002,SKU123,96.74,0.73
QR000667,FAC002,SKU120,96.64,2.11
QR000668,FAC006,SKU120,96.04,2.96
QR000669,FAC002,SKU116,97.1,1.67
QR000670,FAC003,SKU117,96.63,0.83
QR000671,FAC006,SKU109,99.19,2.32
QR000672,FAC001,SKU128,95.96,0.48
QR000673,FAC004,SKU113,96.35,0.3
QR000674,FAC004,SKU114,96.5,2.64
QR000675,FAC001,SKU117,95.37,2.05
QR000676,FAC003,SKU112,99.83,1.23
QR000677,FAC001,SKU110,98.24,0.96
QR000678,FAC006,SKU108,98.21,0.41
QR000679,FAC006,SKU128,96.49,1.83
QR000680,FAC004,SKU129,95.62,2.69
QR000681,FAC002,SKU128,96.56,1.35
QR000682,FAC005,SKU108,95.21,2.24
QR000683,FAC004,SKU102,96.32,2.11
QR000684,FAC006,SKU127,98.58,1.72
QR000685,FAC001,SKU115,95.92,2.64
QR000686,FAC005,SKU112,95.7,0.63
QR000687,FAC005,SKU116,97.62,2.23
QR000688,FAC004,SKU127,95.21,0.93
QR000689,FAC004,SKU102,95.08,0.52
QR000690,FAC005,SKU123,99.46,1.66
QR000691,FAC001,SKU115,97.15,2.52
QR000692,FAC004,SKU119,96.59,1.34
QR000693,FAC003,SKU123,99.52,2.1
QR000694,FAC006,SKU119,95.93,1.8
QR000695,FAC001,SKU124,96.91,1.15
QR000696,FAC006,SKU123,97.02,1.26
QR000697,FAC003,SKU101,99.86,0.37
QR000698,FAC003,SKU106,97.1,2.78
QR000699,FAC005,SKU100,96.45,2.71
QR000700,FAC004,SKU119,98.24,1.13
QR000701,FAC002,SKU110,98.59,0.24
QR000702,FAC005,SKU123,99.33,1.34
QR000703,FAC003,SKU119,97.17,2.1
QR000704,FAC004,SKU118,99.86,1.8
QR000705,FAC004,SKU102,96.17,0.31
QR000706,FAC004,SKU102,95.25,1.73
QR000707,FAC001,SKU129,95.29,1.45
QR000708,FAC004,SKU129,98.11,0.84
QR000709,FAC004,SKU111,95.18,0.91
QR000710,FAC005,SKU129,98.87,1.47
QR000711,FAC002,SKU100,97.51,1.61
QR000712,FAC006,SKU126,99.31,1.35
QR000713,FAC002,SKU108,97.03,2.03
QR000714,FAC006,SKU113,96.53,0.51
QR000715,FAC002,SKU102,96.99,0.63
QR000716,FAC004,SKU106,95.24,1.04
QR000717,FAC005,SKU110,96.25,2.97
QR000718,FAC002,SKU116,97.56,0.16
QR000719,FAC001,SKU126,96.55,0.7
QR000720,FAC006,SKU106,99.86,1.7
QR000721,FAC006,SKU118,95.61,0.42
QR000722,FAC006,SKU102,99.08,0.09
QR000723,FAC005,SKU109,95.06,2.97
QR000724,FAC006,SKU125,96.36,2.03
QR000725,FAC005,SKU121,95.02,1.02
QR000726,FAC006,SKU105,98.26,2.25
QR000727,FAC001,SKU105,95.11,1.88
QR000728,FAC002,SKU125,95.94,2.42
QR000729,FAC001,SKU125,97.23,0.85
QR000730,FAC004,SKU126,98.68,1.36
QR000731,FAC003,SKU113,95.52,1.24
QR000732,FAC004,SKU106,99.43,0.45
QR000733,FAC004,SKU127,98.57,0.34
QR000734,FAC003,SKU126,96.52,0.96
QR000735,FAC001,SKU128,95.94,1.92
QR000736,FAC002,SKU126,96.13,0.48
QR000737,FAC003,SKU125,97.79,2.81
QR000738,FAC006,SKU115,97.73,1.57
QR000739,FAC001,SKU119,95.48,1.06
QR000740,FAC001,SKU119,95.73,1.07
QR000741,FAC005,SKU128,99.23,1.83
QR000742,FAC001,SKU115,95.6,1.26
QR000743,FAC005,SKU110,95.47,0.77
QR000744,FAC005,SKU105,97.27,1.14
QR000745,FAC006,SKU123,96.07,0.36
QR000746,FAC001,SKU119,96.57,2.23
QR000747,FAC002,SKU129,99.0,2.1
QR000748,FAC005,SKU100,99.83,1.53
QR000749,FAC005,SKU119,96.54,1.35
QR000750,FAC002,SKU113,95.75,1.32
QR000751,FAC004,SKU102,98.14,0.62
QR000752,FAC006,SKU110,99.28,2.84
QR000753,FAC004,SKU120,96.93,0.11
QR000754,FAC003,SKU102,98.32,2.65
QR000755,FAC002,SKU113,99.78,1.88
QR000756,FAC006,SKU114,95.9,1.48
QR000757,FAC003,SKU106,96.74,0.28
QR000758,FAC001,SKU107,98.19,0.42
QR000759,FAC005,SKU100,98.44,0.51
QR000760,FAC003,SKU100,99.14,0.86
QR000761,FAC006,SKU114,96.11,0.33
QR000762,FAC006,SKU116,96.2,0.59
QR000763,FAC004,SKU120,95.26,0.88
QR000764,FAC002,SKU120,99.72,0.13
QR000765,FAC001,SKU108,98.05,1.7
QR000766,FAC001,SKU117,97.86,2.42
QR000767,FAC006,SKU122,99.52,2.46
QR000768,FAC001,SKU129,97.12,1.09
QR000769,FAC004,SKU121,95.07,1.6
QR000770,FAC003,SKU103,98.4,1.95
QR000771,FAC004,SKU103,95.26,1.88
QR000772,FAC006,SKU125,98.1,0.14
QR000773,FAC005,SKU100,95.73,0.84
QR000774,FAC001,SKU118,96.67,1.0
QR000775,FAC005,SKU103,97.91,2.83
QR000776,FAC004,SKU118,96.85,0.99
QR000777,FAC004,SKU106,97.41,1.65
QR000778,FAC003,SKU125,98.68,0.52
QR000779,FAC002,SKU124,97.36,1.82
QR000780,FAC004,SKU105,98.94,2.41
QR000781,FAC004,SKU121,99.1,0.87
QR000782,FAC004,SKU105,99.69,0.88
QR000783,FAC002,SKU108,99.28,0.13
QR000784,FAC001,SKU128,95.29,0.57
QR000785,FAC002,SKU108,98.83,2.48
QR000786,FAC002,SKU126,96.05,1.12
QR000787,FAC006,SKU102,97.77,1.32
QR000788,FAC004,SKU107,99.37,2.96
QR000789,FAC006,SKU101,96.16,2.29
QR000790,FAC001,SKU110,96.76,2.76
QR000791,FAC003,SKU109,98.18,2.67
QR000792,FAC004,SKU114,95.4,0.22
QR000793,FAC003,SKU119,99.0,1.39
QR000794,FAC005,SKU126,96.64,1.72
QR000795,FAC002,SKU105,96.72,2.07
QR000796,FAC003,SKU111,99.6,0.42
QR000797,FAC001,SKU117,98.36,2.08
QR000798,FAC006,SKU129,96.87,1.83
QR000799,FAC001,SKU124,98.77,0.53
QR000800,FAC005,SKU102,99.69,0.08
QR000801,FAC003,SKU120,99.06,0.84
QR000802,FAC004,SKU108,96.95,2.6
QR000803,FAC006,SKU129,97.61,2.41
QR000804,FAC004,SKU127,97.84,1.55
QR000805,FAC005,SKU126,99.86,1.74
QR000806,FAC002,SKU108,97.87,2.02
QR000807,FAC001,SKU119,97.24,1.57
QR000808,FAC003,SKU119,98.49,0.94
QR000809,FAC002,SKU109,97.81,0.99
QR000810,FAC001,SKU105,95.83,1.64
QR000811,FAC005,SKU113,96.28,1.61
QR000812,FAC002,SKU112,97.21,0.65
QR000813,FAC004,SKU118,95.98,2.4
QR000814,FAC005,SKU118,96.22,1.49
QR000815,FAC005,SKU127,95.04,1.92
QR000816,FAC003,SKU119,95.57,0.84
QR000817,FAC002,SKU120,97.57,0.85
QR000818,FAC005,SKU120,98.63,1.02
QR000819,FAC004,SKU116,98.81,0.41
QR000820,FAC005,SKU114,97.81,2.41
QR000821,FAC002,SKU105,96.21,2.32
QR000822,FAC003,SKU104,98.9,1.06
QR000823,FAC005,SKU104,98.57,1.98
QR000824,FAC001,SKU113,98.46,2.62
QR000825,FAC002,SKU100,96.52,0.62
QR000826,FAC004,SKU129,95.74,0.35
QR000827,FAC005,SKU129,99.59,2.25
QR000828,FAC001,SKU113,97.9,2.48
QR000829,FAC005,SKU128,96.1,0.42
QR000830,FAC001,SKU121,99.31,1.66
QR000831,FAC004,SKU116,97.37,2.29
QR000832,FAC001,SKU107,95.82,2.48
QR000833,FAC003,SKU126,96.22,1.11
QR000834,FAC003,SKU127,96.68,1.86
QR000835,FAC002,SKU104,95.31,1.91
QR000836,FAC004,SKU125,95.87,2.68
QR000837,FAC006,SKU104,98.84,0.22
QR000838,FAC002,SKU105,96.53,1.48
QR000839,FAC004,SKU102,97.58,2.31
QR000840,FAC005,SKU108,99.1,1.29
QR000841,FAC005,SKU128,99.44,2.16
QR000842,FAC004,SKU129,97.93,1.87
QR000843,FAC002,SKU126,97.6,2.59
QR000844,FAC001,SKU105,96.61,0.45
QR000845,FAC004,SKU104,96.12,2.41
QR000846,FAC004,SKU105,99.64,2.04
QR000847,FAC003,SKU125,96.55,0.29
QR000848,FAC004,SKU109,98.44,2.66
QR000849,FAC002,SKU129,96.34,2.23
QR000850,FAC001,SKU112,96.79,1.54
QR000851,FAC002,SKU123,96.5,2.25
QR000852,FAC004,SKU123,97.65,0.58
QR000853,FAC006,SKU105,96.27,1.82
QR000854,FAC003,SKU108,95.94,0.28
QR000855,FAC002,SKU117,97.42,1.28
QR000856,FAC004,SKU126,96.49,1.29
QR000857,FAC002,SKU124,97.82,1.03
QR000858,FAC003,SKU120,98.07,1.07
QR000859,FAC006,SKU123,95.87,2.07
QR000860,FAC002,SKU113,98.41,2.22
QR000861,FAC001,SKU118,95.19,0.66
QR000862,FAC001,SKU107,95.02,2.85
QR000863,FAC001,SKU121,95.2,1.21
QR000864,FAC001,SKU103,95.86,2.7
QR000865,FAC005,SKU110,99.87,1.16
QR000866,FAC004,SKU116,98.54,1.33
QR000867,FAC004,SKU109,97.29,0.19
QR000868,FAC005,SKU102,97.25,0.42
QR000869,FAC006,SKU105,99.67,0.32
QR000870,FAC006,SKU112,97.54,1.44
QR000871,FAC002,SKU106,98.83,0.46
QR000872,FAC001,SKU104,97.56,2.38
QR000873,FAC005,SKU108,96.45,2.87
QR000874,FAC005,SKU125,99.71,0.88
QR000875,FAC003,SKU124,97.48,0.59
QR000876,FAC006,SKU112,96.51,1.43
QR000877,FAC006,SKU121,98.44,2.57
QR000878,FAC001,SKU121,99.87,2.42
QR000879,FAC004,SKU102,96.46,0.39
QR000880,FAC006,SKU103,98.69,1.97
QR000881,FAC003,SKU104,95.3,2.31
QR000882,FAC003,SKU102,98.98,1.69
QR000883,FAC005,SKU108,97.23,1.31
QR000884,FAC001,SKU116,99.47,0.66
QR000885,FAC002,SKU101,97.01,0.57
QR000886,FAC004,SKU110,99.89,0.67
QR000887,FAC004,SKU110,98.59,1.62
QR000888,FAC005,SKU121,99.62,2.0
QR000889,FAC006,SKU104,95.55,0.14
QR000890,FAC001,SKU103,96.25,1.48
QR000891,FAC004,SKU129,98.01,1.86
QR000892,FAC002,SKU123,97.39,2.16
QR000893,FAC006,SKU122,95.87,1.73
QR000894,FAC006,SKU124,98.85,0.44
QR000895,FAC002,SKU116,98.06,0.22
QR000896,FAC005,SKU110,97.4,0.79
QR000897,FAC002,SKU101,96.4,0.31
QR000898,FAC006,SKU112,98.86,1.56
QR000899,FAC002,SKU110,97.38,1.11
QR000900,FAC001,SKU108,96.24,2.34
QR000901,FAC006,SKU101,98.93,2.61
QR000902,FAC003,SKU105,99.24,0.95
QR000903,FAC002,SKU114,99.63,0.92
QR000904,FAC001,SKU118,95.82,2.25
QR000905,FAC006,SKU111,99.05,0.88
QR000906,FAC003,SKU107,98.45,2.66
QR000907,FAC006,SKU119,97.81,0.57
QR000908,FAC005,SKU104,97.37,2.87
QR000909,FAC005,SKU128,96.77,0.9
QR000910,FAC001,SKU104,96.8,1.73
QR000911,FAC005,SKU111,96.75,2.28
QR000912,FAC002,SKU105,99.4,1.1
QR000913,FAC001,SKU120,97.83,1.42
QR000914,FAC002,SKU104,96.5,2.94
QR000915,FAC003,SKU125,98.96,1.9
QR000916,FAC005,SKU109,98.58,0.47
QR000917,FAC001,SKU120,97.95,1.29
QR000918,FAC003,SKU114,99.11,1.52
QR000919,FAC006,SKU123,96.21,2.73
QR000920,FAC002,SKU108,99.26,0.66
QR000921,FAC006,SKU124,95.43,2.83
QR000922,FAC005,SKU127,97.73,1.23
QR000923,FAC004,SKU114,96.23,1.87
QR000924,FAC005,SKU124,99.6,2.78
QR000925,FAC002,SKU121,97.45,2.94
QR000926,FAC002,SKU116,97.49,2.12
QR000927,FAC002,SKU111,97.45,0.44
QR000928,FAC001,SKU125,95.87,0.8
QR000929,FAC003,SKU126,96.52,0.53
QR000930,FAC005,SKU124,97.95,2.76
QR000931,FAC004,SKU104,96.42,0.9
QR000932,FAC001,SKU128,96.31,2.19
QR000933,FAC002,SKU120,95.7,0.45
QR000934,FAC002,SKU123,96.46,1.75
QR000935,FAC006,SKU100,96.53,0.99
QR000936,FAC006,SKU117,98.72,1.63
QR000937,FAC001,SKU111,95.3,2.24
QR000938,FAC006,SKU118,97.33,1.62
QR000939,FAC002,SKU108,96.89,1.98
QR000940,FAC005,SKU110,97.37,0.47
QR000941,FAC003,SKU116,99.51,0.56
QR000942,FAC005,SKU117,96.54,1.92
QR000943,FAC005,SKU108,95.83,2.8
QR000944,FAC001,SKU102,97.0,0.39
QR000945,FAC005,SKU118,98.75,2.14
QR000946,FAC001,SKU101,97.01,0.7
QR000947,FAC005,SKU102,96.94,2.0
QR000948,FAC003,SKU125,95.79,2.96
QR000949,FAC004,SKU115,97.31,1.87
QR000950,FAC003,SKU111,95.47,0.23
QR000951,FAC003,SKU129,97.2,1.19
QR000952,FAC003,SKU114,99.65,0.09
QR000953,FAC003,SKU126,95.31,0.42
QR000954,FAC003,SKU114,99.07,2.59
QR000955,FAC006,SKU122,99.28,2.03
QR000956,FAC003,SKU129,97.03,1.75
QR000957,FAC004,SKU128,97.39,2.58
QR000958,FAC005,SKU122,96.23,1.03
QR000959,FAC002,SKU107,98.38,0.1
QR000960,FAC001,SKU108,96.08,0.33
QR000961,FAC004,SKU110,95.98,1.44
QR000962,FAC002,SKU105,97.01,1.53
QR000963,FAC002,SKU109,98.63,0.61
QR000964,FAC004,SKU100,98.28,1.31
QR000965,FAC003,SKU126,97.33,0.38
QR000966,FAC004,SKU119,96.68,2.63
QR000967,FAC006,SKU117,98.93,1.29
QR000968,FAC001,SKU115,97.26,1.06
QR000969,FAC004,SKU115,96.27,2.62
QR000970,FAC003,SKU128,99.02,1.36
QR000971,FAC005,SKU117,96.82,2.28
QR000972,FAC004,SKU100,97.63,0.65
QR000973,FAC006,SKU101,97.3,2.2
QR000974,FAC006,SKU104,97.96,1.17
QR000975,FAC001,SKU122,96.95,0.95
QR000976,FAC002,SKU127,96.27,0.39
QR000977,FAC003,SKU112,97.02,2.38
QR000978,FAC005,SKU129,98.97,2.93
QR000979,FAC006,SKU104,98.58,2.31
QR000980,FAC004,SKU102,96.74,2.16
QR000981,FAC004,SKU118,96.98,0.89
QR000982,FAC005,SKU120,96.75,2.83
QR000983,FAC003,SKU108,95.52,1.91
QR000984,FAC005,SKU124,99.7,0.92
QR000985,FAC001,SKU117,96.27,2.26
QR000986,FAC002,SKU122,97.35,0.98
QR000987,FAC006,SKU120,98.44,2.31
QR000988,FAC002,SKU102,97.97,2.98
QR000989,FAC002,SKU129,99.31,1.88
QR000990,FAC006,SKU105,98.79,2.16
QR000991,FAC004,SKU117,96.52,2.78
QR000992,FAC004,SKU110,97.46,2.05
QR000993,FAC004,SKU103,98.91,1.8
QR000994,FAC004,SKU119,97.65,1.13
QR000995,FAC002,SKU101,96.27,2.54
QR000996,FAC001,SKU100,96.31,2.27
QR000997,FAC005,SKU120,96.6,1.84
QR000998,FAC005,SKU100,96.96,0.49
QR000999,FAC004,SKU108,99.87,1.5
QR001000,FAC004,SKU101,96.01,2.0
QR001001,FAC003,SKU103,99.86,2.28
QR001002,FAC004,SKU122,97.22,2.45
QR001003,FAC001,SKU115,99.15,1.47
QR001004,FAC004,SKU122,95.16,0.4
QR001005,FAC006,SKU114,95.62,2.94
QR001006,FAC001,SKU128,95.82,2.13
QR001007,FAC003,SKU113,96.01,1.34
QR001008,FAC002,SKU108,97.0,0.57
QR001009,FAC003,SKU116,99.34,1.95
QR001010,FAC005,SKU120,99.77,0.28
QR001011,FAC004,SKU122,98.38,2.81
QR001012,FAC004,SKU115,99.27,2.85
QR001013,FAC002,SKU101,96.83,2.33
QR001014,FAC002,SKU127,97.54,0.44
QR001015,FAC004,SKU112,95.46,2.89
QR001016,FAC004,SKU129,95.49,2.61
QR001017,FAC004,SKU126,96.86,0.81
QR001018,FAC002,SKU125,95.07,0.93
QR001019,FAC006,SKU106,97.73,0.87
QR001020,FAC001,SKU102,95.52,2.26
QR001021,FAC006,SKU126,96.68,1.58
QR001022,FAC001,SKU120,98.07,2.28
QR001023,FAC006,SKU117,99.68,0.35
QR001024,FAC003,SKU110,97.2,0.22
QR001025,FAC001,SKU106,95.95,0.49
QR001026,FAC001,SKU129,99.36,0.93
QR001027,FAC003,SKU122,97.72,1.18
QR001028,FAC003,SKU124,98.51,2.85
QR001029,FAC003,SKU101,96.54,0.6
QR001030,FAC006,SKU104,96.43,2.13
QR001031,FAC005,SKU116,99.87,2.15
QR001032,FAC003,SKU105,96.94,2.88
QR001033,FAC002,SKU125,99.45,0.97
QR001034,FAC006,SKU121,99.49,0.22
QR001035,FAC006,SKU128,97.46,2.26
QR001036,FAC001,SKU102,96.22,1.49
QR001037,FAC002,SKU127,97.75,0.2
QR001038,FAC001,SKU116,98.05,2.37
QR001039,FAC004,SKU103,97.76,1.35
QR001040,FAC005,SKU113,97.83,0.33
QR001041,FAC003,SKU101,97.74,2.71
QR001042,FAC002,SKU112,96.42,1.05
QR001043,FAC001,SKU114,98.48,2.23
QR001044,FAC005,SKU125,98.32,2.67
QR001045,FAC001,SKU116,97.2,0.92
QR001046,FAC001,SKU114,96.05,0.43
QR001047,FAC003,SKU107,97.81,2.43
QR001048,FAC006,SKU116,95.56,2.55
QR001049,FAC006,SKU101,98.58,0.23
QR001050,FAC001,SKU119,97.35,0.34
QR001051,FAC001,SKU125,95.46,1.67
QR001052,FAC003,SKU124,95.81,1.2
QR001053,FAC005,SKU101,95.37,0.23
QR001054,FAC005,SKU106,96.04,0.99
QR001055,FAC006,SKU106,96.48,0.56
QR001056,FAC006,SKU122,97.35,0.38
QR001057,FAC001,SKU106,98.96,2.36
QR001058,FAC006,SKU104,97.55,0.84
QR001059,FAC002,SKU121,98.51,2.05
QR001060,FAC004,SKU108,95.65,2.52
QR001061,FAC005,SKU111,95.61,1.18
QR001062,FAC002,SKU100,99.85,1.76
QR001063,FAC002,SKU127,99.04,1.0
QR001064,FAC003,SKU117,95.56,2.22
QR001065,FAC006,SKU100,96.44,2.4
QR001066,FAC003,SKU123,96.79,2.53
QR001067,FAC001,SKU121,95.79,2.22
QR001068,FAC004,SKU102,97.31,1.21
QR001069,FAC006,SKU100,95.46,2.92
QR001070,FAC004,SKU104,95.32,0.91
QR001071,FAC004,SKU122,97.88,1.78
QR001072,FAC001,SKU110,98.67,1.74
QR001073,FAC001,SKU109,98.29,0.94
QR001074,FAC006,SKU105,99.62,1.71
QR001075,FAC006,SKU114,98.35,1.04
QR001076,FAC001,SKU101,96.86,1.1
QR001077,FAC003,SKU104,96.73,0.73
QR001078,FAC002,SKU102,97.65,2.28
QR001079,FAC005,SKU119,99.51,1.21
QR001080,FAC002,SKU105,97.3,1.67
QR001081,FAC006,SKU125,99.07,0.3
QR001082,FAC005,SKU103,96.85,2.24
QR001083,FAC001,SKU109,96.76,2.71
QR001084,FAC005,SKU122,95.83,0.09
QR001085,FAC005,SKU103,97.71,0.84
QR001086,FAC006,SKU121,97.18,0.93
QR001087,FAC005,SKU126,97.73,2.4
QR001088,FAC003,SKU119,97.61,0.42
QR001089,FAC004,SKU112,99.34,1.25
QR001090,FAC001,SKU116,97.94,2.65
QR001091,FAC005,SKU101,99.01,1.19
QR001092,FAC004,SKU121,97.14,1.98
QR001093,FAC002,SKU101,96.94,0.98
QR001094,FAC003,SKU124,96.97,2.31
QR001095,FAC001,SKU112,96.8,0.52
QR001096,FAC003,SKU107,97.46,1.17
QR001097,FAC002,SKU110,96.77,1.87
QR001098,FAC005,SKU100,96.88,1.2
QR001099,FAC006,SKU121,98.08,2.47
QR001100,FAC006,SKU119,95.98,2.15
QR001101,FAC006,SKU128,95.05,2.72
QR001102,FAC004,SKU102,95.61,0.08
QR001103,FAC004,SKU122,99.17,1.48
QR001104,FAC005,SKU125,97.34,2.16
QR001105,FAC004,SKU111,99.69,2.03
QR001106,FAC002,SKU121,98.11,0.12
QR001107,FAC003,SKU129,95.95,1.28
QR001108,FAC003,SKU124,98.47,2.03
QR001109,FAC001,SKU123,98.62,0.42
QR001110,FAC004,SKU104,95.51,0.19
QR001111,FAC005,SKU107,96.41,0.49
QR001112,FAC006,SKU112,98.33,1.48
QR001113,FAC003,SKU121,99.02,2.51
QR001114,FAC002,SKU117,97.46,1.5
QR001115,FAC006,SKU120,95.35,0.77
QR001116,FAC006,SKU114,98.41,0.15
QR001117,FAC005,SKU121,99.38,1.98
QR001118,FAC001,SKU129,99.45,2.21
QR001119,FAC001,SKU100,98.1,0.15
QR001120,FAC003,SKU101,95.24,0.6
QR001121,FAC004,SKU119,96.23,0.77
QR001122,FAC002,SKU105,95.91,2.5
QR001123,FAC003,SKU114,95.09,2.2
QR001124,FAC003,SKU126,95.23,1.71
QR001125,FAC006,SKU109,99.19,0.07
QR001126,FAC003,SKU120,97.59,1.06
QR001127,FAC004,SKU119,95.85,2.72
QR001128,FAC004,SKU109,96.39,1.57
QR001129,FAC002,SKU117,99.38,0.72
QR001130,FAC002,SKU107,96.92,2.68
QR001131,FAC006,SKU126,97.94,1.08
QR001132,FAC005,SKU103,97.38,2.61
QR001133,FAC003,SKU121,96.14,1.94
QR001134,FAC004,SKU104,98.0,2.67
QR001135,FAC002,SKU106,99.42,2.0
QR001136,FAC003,SKU124,99.37,0.13
QR001137,FAC006,SKU117,96.09,2.32
QR001138,FAC002,SKU119,95.64,1.19
QR001139,FAC003,SKU118,96.05,2.75
QR001140,FAC005,SKU119,99.5,0.97
QR001141,FAC002,SKU125,96.63,2.17
QR001142,FAC005,SKU114,98.47,2.5
QR001143,FAC001,SKU103,96.26,2.66
QR001144,FAC002,SKU117,98.44,2.31
QR001145,FAC006,SKU129,95.02,2.84
QR001146,FAC004,SKU125,95.36,2.1
QR001147,FAC001,SKU114,99.03,1.48
QR001148,FAC005,SKU102,96.51,1.2
QR001149,FAC005,SKU113,95.17,1.45
QR001150,FAC005,SKU109,97.03,1.36
QR001151,FAC002,SKU104,99.05,1.16
QR001152,FAC005,SKU114,97.85,2.78
QR001153,FAC004,SKU113,99.76,2.07
QR001154,FAC003,SKU118,95.55,2.54
QR001155,FAC002,SKU112,98.09,2.01
QR001156,FAC003,SKU107,99.77,1.95
QR001157,FAC004,SKU118,99.34,0.83
QR001158,FAC004,SKU100,99.15,0.48
QR001159,FAC005,SKU114,99.35,2.69
QR001160,FAC005,SKU127,95.02,0.34
QR001161,FAC003,SKU122,98.2,2.84
QR001162,FAC002,SKU120,95.86,1.63
QR001163,FAC005,SKU107,97.29,1.18
QR001164,FAC001,SKU126,97.54,0.93
QR001165,FAC005,SKU101,98.79,1.88
QR001166,FAC003,SKU117,98.72,0.93
QR001167,FAC005,SKU101,97.98,0.74
QR001168,FAC003,SKU118,96.91,0.51
QR001169,FAC003,SKU109,95.12,1.44
QR001170,FAC002,SKU126,96.91,2.71
QR001171,FAC006,SKU129,97.18,0.65
QR001172,FAC003,SKU125,95.91,0.72
QR001173,FAC003,SKU106,96.08,0.86
QR001174,FAC006,SKU122,95.7,1.14
QR001175,FAC006,SKU101,98.73,2.21
QR001176,FAC001,SKU104,95.01,0.09
QR001177,FAC004,SKU116,95.18,0.45
QR001178,FAC003,SKU106,96.32,2.87
QR001179,FAC004,SKU108,96.5,0.89
QR001180,FAC001,SKU127,99.88,0.55
QR001181,FAC005,SKU111,95.16,2.38
QR001182,FAC004,SKU123,95.44,1.61
QR001183,FAC003,SKU114,95.59,1.93
QR001184,FAC004,SKU103,96.76,2.81
QR001185,FAC006,SKU120,98.87,0.8
QR001186,FAC006,SKU110,98.5,0.12
QR001187,FAC004,SKU101,96.25,2.2
QR001188,FAC004,SKU117,95.72,2.32
QR001189,FAC001,SKU125,97.19,1.9
QR001190,FAC004,SKU123,95.79,0.39
QR001191,FAC002,SKU101,99.61,1.75
QR001192,FAC001,SKU112,98.82,1.09
QR001193,FAC005,SKU121,98.11,0.47
QR001194,FAC006,SKU123,99.29,2.43
QR001195,FAC004,SKU114,99.87,0.9
QR001196,FAC005,SKU122,95.07,2.15
QR001197,FAC001,SKU100,96.36,1.36
QR001198,FAC005,SKU109,98.39,1.99
QR001199,FAC004,SKU121,99.76,2.11
QR001200,FAC004,SKU113,97.22,0.41
QR001201,FAC004,SKU113,97.24,1.84
QR001202,FAC006,SKU119,99.05,2.76
QR001203,FAC004,SKU121,98.05,1.32
QR001204,FAC005,SKU103,98.08,2.12
QR001205,FAC004,SKU123,97.22,2.87
QR001206,FAC002,SKU106,96.12,2.78
QR001207,FAC001,SKU117,97.76,0.12
QR001208,FAC001,SKU109,98.56,2.69
QR001209,FAC006,SKU119,96.89,1.77
QR001210,FAC006,SKU115,95.56,1.55
QR001211,FAC003,SKU101,95.0,0.42
QR001212,FAC003,SKU109,95.49,2.29
QR001213,FAC005,SKU115,96.07,1.63
QR001214,FAC003,SKU120,98.1,0.81
QR001215,FAC006,SKU113,99.81,2.85
QR001216,FAC002,SKU116,96.89,0.36
QR001217,FAC005,SKU109,99.22,2.24
QR001218,FAC005,SKU110,96.64,2.87
QR001219,FAC006,SKU111,98.48,1.42
QR001220,FAC002,SKU100,95.39,0.65
QR001221,FAC002,SKU101,97.7,2.17
QR001222,FAC001,SKU107,95.5,0.08
QR001223,FAC005,SKU108,97.09,0.54
QR001224,FAC005,SKU120,97.09,0.52
QR001225,FAC001,SKU125,98.84,0.08
QR001226,FAC005,SKU126,95.75,0.13
QR001227,FAC003,SKU121,98.11,0.97
QR001228,FAC005,SKU119,99.81,1.17
QR001229,FAC004,SKU106,99.14,2.34
QR001230,FAC002,SKU100,96.95,2.16
QR001231,FAC002,SKU124,96.75,0.47
QR001232,FAC004,SKU113,98.41,0.57
QR001233,FAC004,SKU107,96.58,1.28
QR001234,FAC001,SKU120,98.77,2.1
QR001235,FAC003,SKU111,97.01,0.9
QR001236,FAC006,SKU122,99.43,1.72
QR001237,FAC002,SKU116,99.42,0.76
QR001238,FAC003,SKU128,98.94,1.12
QR001239,FAC003,SKU107,99.34,1.09
QR001240,FAC005,SKU112,98.97,1.79
QR001241,FAC006,SKU114,97.44,2.5
QR001242,FAC002,SKU125,98.41,0.92
QR001243,FAC005,SKU121,95.38,2.34
QR001244,FAC003,SKU126,98.18,2.42
QR001245,FAC001,SKU100,95.61,1.01
QR001246,FAC005,SKU108,99.03,1.32
QR001247,FAC006,SKU123,99.07,1.86
QR001248,FAC003,SKU120,97.79,1.29
QR001249,FAC001,SKU123,98.09,2.59
QR001250,FAC005,SKU128,99.67,2.73
QR001251,FAC005,SKU114,98.84,0.55
QR001252,FAC003,SKU105,99.8,1.59
QR001253,FAC006,SKU120,98.41,0.14
QR001254,FAC001,SKU128,97.46,0.13
QR001255,FAC004,SKU108,97.52,1.46
QR001256,FAC004,SKU103,96.7,0.18
QR001257,FAC002,SKU111,97.47,1.86
QR001258,FAC004,SKU115,96.45,2.05
QR001259,FAC006,SKU100,96.4,0.69
QR001260,FAC006,SKU113,98.76,0.86
QR001261,FAC004,SKU101,96.06,0.31
QR001262,FAC001,SKU107,99.75,1.86
QR001263,FAC001,SKU117,96.34,2.23
QR001264,FAC003,SKU102,96.34,2.44
QR001265,FAC001,SKU121,99.37,2.63
QR001266,FAC002,SKU121,99.1,2.58
QR001267,FAC005,SKU105,98.75,1.46
QR001268,FAC004,SKU127,99.6,2.27
QR001269,FAC001,SKU108,96.8,1.04
QR001270,FAC001,SKU111,99.21,1.95
QR001271,FAC003,SKU124,99.77,0.21
QR001272,FAC002,SKU108,99.31,2.54
QR001273,FAC001,SKU115,99.81,2.07
QR001274,FAC002,SKU112,98.24,1.85
QR001275,FAC001,SKU105,96.91,2.49
QR001276,FAC004,SKU107,97.09,2.21
QR001277,FAC004,SKU104,99.14,2.92
QR001278,FAC004,SKU108,97.24,2.93
QR001279,FAC003,SKU128,98.3,0.62
QR001280,FAC004,SKU104,96.94,0.09
QR001281,FAC001,SKU111,98.04,1.56
QR001282,FAC005,SKU129,95.01,0.07
QR001283,FAC001,SKU106,98.16,2.51
QR001284,FAC003,SKU124,97.65,0.61
QR001285,FAC006,SKU111,97.91,2.06
QR001286,FAC005,SKU120,98.16,0.77
QR001287,FAC005,SKU118,96.61,2.16
QR001288,FAC004,SKU102,99.35,2.43
QR001289,FAC003,SKU121,98.17,0.15
QR001290,FAC003,SKU126,95.84,1.47
QR001291,FAC002,SKU100,95.11,2.87
QR001292,FAC006,SKU111,96.37,1.66
QR001293,FAC002,SKU122,95.22,0.76
QR001294,FAC006,SKU101,99.27,2.96
QR001295,FAC002,SKU120,95.92,1.18
QR001296,FAC003,SKU112,96.43,2.88
QR001297,FAC003,SKU107,95.94,1.24
QR001298,FAC001,SKU101,99.3,1.83
QR001299,FAC003,SKU121,95.38,0.27
QR001300,FAC003,SKU116,99.77,2.56
QR001301,FAC003,SKU107,98.84,0.28
QR001302,FAC004,SKU110,98.54,1.98
QR001303,FAC003,SKU112,98.58,2.1
QR001304,FAC005,SKU107,99.13,2.75
QR001305,FAC006,SKU115,99.46,2.5
QR001306,FAC004,SKU121,96.94,0.35
QR001307,FAC005,SKU117,98.52,1.74
QR001308,FAC005,SKU114,98.53,1.72
QR001309,FAC003,SKU106,96.07,1.11
QR001310,FAC003,SKU118,98.4,2.51
QR001311,FAC006,SKU119,98.0,1.01
QR001312,FAC006,SKU114,97.92,1.06
QR001313,FAC001,SKU109,97.77,2.13
QR001314,FAC006,SKU124,99.61,2.29
QR001315,FAC001,SKU126,95.44,0.83
QR001316,FAC004,SKU109,96.8,1.52
QR001317,FAC005,SKU125,95.61,1.77
QR001318,FAC002,SKU116,95.99,0.24
QR001319,FAC005,SKU107,96.4,1.59
QR001320,FAC003,SKU129,97.7,1.17
QR001321,FAC002,SKU125,98.13,2.1
QR001322,FAC005,SKU129,99.9,1.58
QR001323,FAC003,SKU100,96.0,2.3
QR001324,FAC003,SKU123,98.82,1.0
QR001325,FAC002,SKU124,97.59,2.46
QR001326,FAC003,SKU109,96.03,0.21
QR001327,FAC004,SKU113,97.01,0.95
QR001328,FAC002,SKU104,99.71,0.83
QR001329,FAC006,SKU115,96.96,0.58
QR001330,FAC005,SKU102,97.76,2.14
QR001331,FAC002,SKU100,98.29,1.52
QR001332,FAC003,SKU109,95.7,2.96
QR001333,FAC003,SKU127,95.86,0.11
QR001334,FAC006,SKU107,96.49,1.63
QR001335,FAC004,SKU129,99.86,2.11
QR001336,FAC002,SKU104,97.66,2.35
QR001337,FAC002,SKU101,98.93,2.69
QR001338,FAC002,SKU127,98.72,1.95
QR001339,FAC005,SKU115,99.39,1.36
QR001340,FAC003,SKU101,96.22,0.08
QR001341,FAC003,SKU120,98.52,2.93
QR001342,FAC001,SKU110,95.19,0.96
QR001343,FAC006,SKU118,97.37,0.51
QR001344,FAC003,SKU109,98.51,0.47
QR001345,FAC005,SKU128,97.99,2.9
QR001346,FAC005,SKU107,97.54,2.9
QR001347,FAC002,SKU105,95.18,2.86
QR001348,FAC003,SKU110,97.98,0.11
QR001349,FAC004,SKU108,97.64,2.05
QR001350,FAC004,SKU111,95.62,0.96
QR001351,FAC002,SKU113,99.21,2.84
QR001352,FAC005,SKU112,97.13,1.62
QR001353,FAC001,SKU113,97.91,1.53
QR001354,FAC002,SKU102,96.2,0.13
QR001355,FAC005,SKU118,97.57,1.35
QR001356,FAC004,SKU126,95.67,1.37
QR001357,FAC006,SKU119,95.64,2.76
QR001358,FAC001,SKU106,95.15,0.26
QR001359,FAC004,SKU105,96.05,1.95
QR001360,FAC005,SKU108,96.12,0.9
QR001361,FAC002,SKU103,98.58,0.23
QR001362,FAC002,SKU128,98.13,2.56
QR001363,FAC003,SKU105,97.48,0.11
QR001364,FAC005,SKU105,95.62,0.29
QR001365,FAC001,SKU118,99.83,0.12
QR001366,FAC003,SKU123,96.65,0.84
QR001367,FAC006,SKU125,97.88,0.84
QR001368,FAC002,SKU122,97.32,1.58
QR001369,FAC004,SKU109,95.65,1.89
QR001370,FAC001,SKU110,96.08,0.7
QR001371,FAC003,SKU107,99.57,0.23
QR001372,FAC002,SKU108,97.99,1.3
QR001373,FAC004,SKU129,95.08,2.99
QR001374,FAC004,SKU111,96.96,2.06
QR001375,FAC003,SKU111,97.12,0.24
QR001376,FAC001,SKU104,95.51,1.68
QR001377,FAC006,SKU126,96.13,1.84
QR001378,FAC003,SKU129,96.55,2.29
QR001379,FAC006,SKU119,95.76,1.46
QR001380,FAC005,SKU107,99.62,2.0
QR001381,FAC006,SKU117,96.0,2.29
QR001382,FAC001,SKU105,99.22,2.93
QR001383,FAC006,SKU108,97.6,0.86
QR001384,FAC001,SKU102,97.0,1.49
QR001385,FAC006,SKU125,96.93,0.55
QR001386,FAC003,SKU106,98.43,1.16
QR001387,FAC003,SKU122,98.62,0.67
QR001388,FAC004,SKU114,96.5,2.59
QR001389,FAC002,SKU108,95.84,2.4
QR001390,FAC002,SKU123,95.87,0.6
QR001391,FAC002,SKU113,95.32,0.44
QR001392,FAC005,SKU108,98.31,2.84
QR001393,FAC005,SKU119,98.37,0.13
QR001394,FAC002,SKU121,97.38,1.38
QR001395,FAC002,SKU105,96.3,2.54
QR001396,FAC002,SKU122,98.39,0.73
QR001397,FAC003,SKU123,99.71,1.22
QR001398,FAC006,SKU119,98.78,1.43
QR001399,FAC002,SKU129,98.54,1.37
QR001400,FAC003,SKU118,98.68,1.58
QR001401,FAC003,SKU100,97.04,1.31
QR001402,FAC004,SKU125,97.57,0.75
QR001403,FAC002,SKU126,95.26,2.58
QR001404,FAC002,SKU104,97.14,2.69
QR001405,FAC006,SKU114,97.38,2.71
QR001406,FAC001,SKU115,99.75,1.72
QR001407,FAC004,SKU128,96.27,1.62
QR001408,FAC004,SKU106,99.21,0.63
QR001409,FAC005,SKU105,97.94,2.17
QR001410,FAC005,SKU119,98.97,0.28
QR001411,FAC005,SKU108,95.75,1.6
QR001412,FAC001,SKU105,98.39,1.53
QR001413,FAC006,SKU123,96.68,1.5
QR001414,FAC005,SKU127,95.47,0.9
QR001415,FAC001,SKU120,97.98,0.24
QR001416,FAC006,SKU101,99.82,1.12
QR001417,FAC002,SKU116,97.22,0.92
QR001418,FAC003,SKU109,97.59,1.87
QR001419,FAC002,SKU122,95.14,0.38
QR001420,FAC002,SKU126,98.4,2.37
QR001421,FAC002,SKU109,95.27,0.97
QR001422,FAC004,SKU102,99.5,2.8
QR001423,FAC003,SKU111,99.86,0.96
QR001424,FAC002,SKU125,97.3,2.89
QR001425,FAC001,SKU123,97.38,1.18
QR001426,FAC004,SKU124,97.61,1.51
QR001427,FAC001,SKU113,98.77,2.56
QR001428,FAC004,SKU125,95.28,1.5
QR001429,FAC002,SKU125,98.65,0.74
QR001430,FAC004,SKU122,97.1,2.25
QR001431,FAC004,SKU108,99.38,1.51
QR001432,FAC005,SKU111,98.88,0.92
QR001433,FAC001,SKU120,95.57,2.13
QR001434,FAC006,SKU124,99.14,2.33
QR001435,FAC005,SKU112,95.42,2.42
QR001436,FAC005,SKU107,96.02,1.74
QR001437,FAC004,SKU121,97.57,0.57
QR001438,FAC001,SKU106,95.3,1.9
QR001439,FAC002,SKU114,99.18,2.65
QR001440,FAC004,SKU117,98.56,2.77
QR001441,FAC001,SKU118,95.08,1.2
QR001442,FAC002,SKU117,98.11,0.07
QR001443,FAC006,SKU120,95.42,1.47
QR001444,FAC005,SKU101,97.4,2.36
QR001445,FAC006,SKU125,97.54,1.74
QR001446,FAC001,SKU124,98.09,0.21
QR001447,FAC003,SKU104,96.35,2.77
QR001448,FAC002,SKU102,97.06,0.83
QR001449,FAC005,SKU118,99.41,2.26
QR001450,FAC005,SKU125,97.35,1.01
QR001451,FAC006,SKU128,95.59,1.12
QR001452,FAC006,SKU108,98.12,2.58
QR001453,FAC002,SKU129,98.96,0.79
QR001454,FAC003,SKU123,98.84,2.4
QR001455,FAC005,SKU108,95.39,0.65
QR001456,FAC001,SKU108,99.33,2.22
QR001457,FAC002,SKU129,95.24,0.97
QR001458,FAC006,SKU123,98.06,0.28
QR001459,FAC003,SKU128,95.68,0.72
QR001460,FAC001,SKU112,99.42,2.59
QR001461,FAC004,SKU108,98.84,1.01
QR001462,FAC003,SKU107,97.06,2.18
QR001463,FAC005,SKU105,95.9,0.35
QR001464,FAC003,SKU128,98.85,2.56
QR001465,FAC001,SKU122,99.74,1.95
QR001466,FAC004,SKU129,96.45,2.62
QR001467,FAC001,SKU101,96.37,0.7
QR001468,FAC006,SKU100,97.97,1.45
QR001469,FAC003,SKU121,96.81,2.36
QR001470,FAC005,SKU108,96.37,1.03
QR001471,FAC005,SKU108,98.62,2.58
QR001472,FAC004,SKU110,97.5,2.1
QR001473,FAC005,SKU103,95.53,2.25
QR001474,FAC001,SKU110,97.85,1.77
QR001475,FAC005,SKU116,97.46,0.86
QR001476,FAC004,SKU127,96.95,1.31
QR001477,FAC006,SKU112,95.85,0.66
QR001478,FAC003,SKU107,99.47,0.93
QR001479,FAC002,SKU102,97.71,2.63
QR001480,FAC002,SKU115,97.08,2.8
QR001481,FAC001,SKU123,95.63,1.36
QR001482,FAC004,SKU125,98.09,2.55
QR001483,FAC002,SKU102,97.18,1.08
QR001484,FAC002,SKU125,95.48,1.1
QR001485,FAC002,SKU123,98.84,1.1
QR001486,FAC001,SKU117,95.45,1.66
QR001487,FAC002,SKU105,95.26,2.86
QR001488,FAC004,SKU119,97.3,0.96
QR001489,FAC004,SKU100,97.94,1.21
QR001490,FAC001,SKU102,99.17,0.72
QR001491,FAC006,SKU111,99.65,1.37
QR001492,FAC001,SKU121,98.33,1.22
QR001493,FAC005,SKU107,98.92,1.77
QR001494,FAC005,SKU123,98.57,2.38
QR001495,FAC004,SKU117,98.78,2.99
QR001496,FAC006,SKU105,95.99,0.79
QR001497,FAC001,SKU100,97.67,1.41
QR001498,FAC002,SKU102,99.8,0.44
QR001499,FAC001,SKU114,95.72,1.47
QR001500,FAC001,SKU124,98.74,1.33
QR001501,FAC005,SKU125,99.76,1.1
QR001502,FAC002,SKU119,99.16,1.43
QR001503,FAC004,SKU115,95.43,0.88
QR001504,FAC003,SKU109,98.19,1.01
QR001505,FAC006,SKU122,98.59,0.11
QR001506,FAC003,SKU112,99.89,2.71
QR001507,FAC001,SKU111,98.34,2.51
QR001508,FAC006,SKU123,97.05,0.8
QR001509,FAC001,SKU126,98.77,2.62
QR001510,FAC006,SKU105,97.47,1.16
QR001511,FAC004,SKU101,95.27,1.18
QR001512,FAC002,SKU113,99.82,2.94
QR001513,FAC003,SKU112,95.26,2.52
QR001514,FAC001,SKU118,98.53,1.33
QR001515,FAC004,SKU114,97.75,2.97
QR001516,FAC004,SKU109,95.73,0.89
QR001517,FAC003,SKU125,95.88,2.85
QR001518,FAC003,SKU116,96.92,2.35
QR001519,FAC005,SKU120,97.2,0.3
QR001520,FAC001,SKU117,97.37,0.21
QR001521,FAC001,SKU120,96.96,1.4
QR001522,FAC005,SKU121,98.52,0.33
QR001523,FAC002,SKU106,95.87,2.9
QR001524,FAC003,SKU129,96.04,2.68
QR001525,FAC003,SKU106,99.14,2.12
QR001526,FAC002,SKU102,95.81,2.21
QR001527,FAC006,SKU119,99.26,2.29
QR001528,FAC005,SKU120,95.45,0.78
QR001529,FAC003,SKU104,96.73,2.67
QR001530,FAC001,SKU125,95.33,1.3
QR001531,FAC006,SKU101,97.19,2.16
QR001532,FAC003,SKU115,95.39,0.61
QR001533,FAC002,SKU129,96.21,2.93
QR001534,FAC003,SKU103,98.53,0.3
QR001535,FAC003,SKU127,97.92,0.47
QR001536,FAC001,SKU101,96.35,2.05
QR001537,FAC001,SKU121,95.7,0.22
QR001538,FAC003,SKU115,96.87,1.66
QR001539,FAC002,SKU116,96.65,1.67
QR001540,FAC003,SKU118,95.27,2.53
QR001541,FAC002,SKU107,98.92,2.49
QR001542,FAC002,SKU115,95.36,1.12
QR001543,FAC005,SKU101,99.28,1.84
QR001544,FAC001,SKU114,95.33,2.0
QR001545,FAC004,SKU122,98.26,1.5
QR001546,FAC003,SKU105,96.23,0.65
QR001547,FAC004,SKU107,95.71,0.82
QR001548,FAC001,SKU109,95.97,2.52
QR001549,FAC003,SKU103,95.48,0.54
QR001550,FAC005,SKU129,97.24,0.26
QR001551,FAC006,SKU100,95.86,0.7
QR001552,FAC001,SKU113,97.21,2.34
QR001553,FAC005,SKU127,98.83,2.59
QR001554,FAC005,SKU126,96.55,0.77
QR001555,FAC006,SKU122,95.45,0.27
QR001556,FAC006,SKU111,98.71,1.46
QR001557,FAC006,SKU105,95.2,1.78
QR001558,FAC003,SKU102,98.62,1.78
QR001559,FAC003,SKU104,95.94,1.3
QR001560,FAC005,SKU112,96.16,1.98
QR001561,FAC004,SKU112,96.08,0.78
QR001562,FAC005,SKU110,97.68,2.12
QR001563,FAC001,SKU115,96.62,2.27
QR001564,FAC001,SKU127,96.14,2.31
QR001565,FAC001,SKU126,95.92,1.58
QR001566,FAC003,SKU107,95.91,1.24
QR001567,FAC001,SKU106,96.36,0.46
QR001568,FAC002,SKU117,96.92,0.82
QR001569,FAC002,SKU118,95.35,2.78
QR001570,FAC004,SKU111,95.8,2.84
QR001571,FAC005,SKU113,97.88,0.29
QR001572,FAC006,SKU116,99.76,2.76
QR001573,FAC006,SKU128,98.44,0.58
QR001574,FAC005,SKU114,95.07,2.64
QR001575,FAC004,SKU106,97.07,1.26
QR001576,FAC002,SKU122,98.55,1.09
QR001577,FAC005,SKU109,99.48,1.88
QR001578,FAC004,SKU101,96.19,2.37
QR001579,FAC003,SKU101,97.95,2.14
QR001580,FAC006,SKU120,98.37,1.91
QR001581,FAC001,SKU107,96.87,2.57
QR001582,FAC005,SKU108,95.5,0.56
QR001583,FAC003,SKU106,97.65,1.3
QR001584,FAC006,SKU107,99.17,1.74
QR001585,FAC001,SKU123,98.95,1.43
QR001586,FAC006,SKU104,96.56,2.08
QR001587,FAC004,SKU115,97.41,2.62
QR001588,FAC003,SKU117,96.59,1.98
QR001589,FAC002,SKU112,97.07,0.98
QR001590,FAC005,SKU108,96.34,1.95
QR001591,FAC004,SKU120,98.09,0.46
QR001592,FAC001,SKU110,99.71,0.78
QR001593,FAC005,SKU110,96.11,0.96
QR001594,FAC005,SKU121,97.46,1.49
QR001595,FAC001,SKU124,98.24,2.15
QR001596,FAC002,SKU106,98.58,1.9
QR001597,FAC005,SKU122,95.85,1.67
QR001598,FAC002,SKU115,98.41,0.16
QR001599,FAC001,SKU115,96.46,0.51
QR001600,FAC002,SKU121,99.1,2.3
QR001601,FAC005,SKU116,95.09,1.9
QR001602,FAC006,SKU116,98.54,0.18
QR001603,FAC003,SKU118,95.93,2.43
QR001604,FAC005,SKU104,96.95,0.59
QR001605,FAC003,SKU100,98.3,0.78
QR001606,FAC004,SKU128,97.62,0.45
QR001607,FAC004,SKU112,95.1,0.77
QR001608,FAC005,SKU116,99.35,2.56
QR001609,FAC001,SKU107,96.41,2.97
QR001610,FAC003,SKU125,95.62,1.15
QR001611,FAC002,SKU129,97.13,2.95
QR001612,FAC004,SKU125,95.41,0.13
QR001613,FAC004,SKU107,95.84,0.5
QR001614,FAC003,SKU107,95.23,1.89
QR001615,FAC003,SKU111,97.75,0.1
QR001616,FAC005,SKU126,96.75,2.72
QR001617,FAC005,SKU111,97.51,2.61
QR001618,FAC003,SKU107,99.82,0.84
QR001619,FAC005,SKU129,97.73,0.37
QR001620,FAC005,SKU108,97.22,2.67
QR001621,FAC006,SKU118,97.83,2.63
QR001622,FAC004,SKU117,98.56,1.55
QR001623,FAC004,SKU113,95.8,2.9
QR001624,FAC003,SKU120,95.3,1.52
QR001625,FAC003,SKU119,96.06,2.51
QR001626,FAC006,SKU104,98.75,0.69
QR001627,FAC005,SKU101,95.78,2.69
QR001628,FAC001,SKU124,97.86,2.09
QR001629,FAC005,SKU129,99.27,2.14
QR001630,FAC003,SKU122,98.49,2.2
QR001631,FAC001,SKU108,98.01,0.35
QR001632,FAC005,SKU118,98.78,1.32
QR001633,FAC005,SKU122,96.03,0.79
QR001634,FAC003,SKU120,98.02,2.29
QR001635,FAC003,SKU127,97.71,2.61
QR001636,FAC005,SKU128,95.63,0.46
QR001637,FAC002,SKU100,99.68,1.82
QR001638,FAC003,SKU115,97.68,0.91
QR001639,FAC002,SKU101,98.46,1.89
QR001640,FAC002,SKU127,95.31,1.2
QR001641,FAC005,SKU106,95.51,2.7
QR001642,FAC002,SKU119,97.99,0.14
QR001643,FAC006,SKU121,97.69,2.19
QR001644,FAC001,SKU121,97.87,1.43
QR001645,FAC004,SKU111,95.22,0.38
QR001646,FAC005,SKU122,97.29,2.76
QR001647,FAC006,SKU105,99.44,2.49
QR001648,FAC003,SKU104,98.82,0.43
QR001649,FAC004,SKU110,98.87,0.18
QR001650,FAC006,SKU119,99.62,0.17
QR001651,FAC002,SKU129,97.63,2.67
QR001652,FAC003,SKU125,98.14,0.49
QR001653,FAC006,SKU125,96.41,2.75
QR001654,FAC003,SKU126,98.64,2.13
QR001655,FAC004,SKU107,98.2,1.27
QR001656,FAC004,SKU127,99.7,0.7
QR001657,FAC002,SKU101,98.81,0.63
QR001658,FAC003,SKU109,96.36,2.31
QR001659,FAC003,SKU106,97.41,2.54
QR001660,FAC003,SKU122,99.05,2.34
QR001661,FAC003,SKU121,95.97,0.1
QR001662,FAC005,SKU124,96.78,2.55
QR001663,FAC003,SKU127,97.9,1.06
QR001664,FAC004,SKU123,95.32,0.83
QR001665,FAC003,SKU119,99.61,2.9
QR001666,FAC005,SKU111,95.06,1.21
QR001667,FAC001,SKU123,95.18,0.54
QR001668,FAC003,SKU117,96.68,2.63
QR001669,FAC003,SKU127,97.01,2.62
QR001670,FAC002,SKU117,97.24,0.07
QR001671,FAC006,SKU113,98.13,0.9
QR001672,FAC003,SKU104,98.04,1.16
QR001673,FAC004,SKU122,97.6,2.36
QR001674,FAC003,SKU119,98.91,2.83
QR001675,FAC005,SKU108,98.23,0.92
QR001676,FAC005,SKU102,99.13,0.98
QR001677,FAC005,SKU101,97.26,0.78
QR001678,FAC003,SKU128,96.58,2.77
QR001679,FAC002,SKU100,95.63,1.25
QR001680,FAC004,SKU126,95.21,0.74
QR001681,FAC003,SKU119,96.05,1.87
QR001682,FAC003,SKU128,98.62,0.16
QR001683,FAC004,SKU104,97.36,0.8
QR001684,FAC005,SKU122,99.5,1.85
QR001685,FAC002,SKU121,95.92,2.74
QR001686,FAC001,SKU110,95.1,1.67
QR001687,FAC002,SKU112,99.25,1.23
QR001688,FAC003,SKU119,96.21,2.38
QR001689,FAC004,SKU115,99.62,1.52
QR001690,FAC003,SKU114,96.98,0.7
QR001691,FAC006,SKU100,95.33,1.47
QR001692,FAC002,SKU122,99.12,0.32
QR001693,FAC005,SKU129,98.92,2.43
QR001694,FAC001,SKU107,99.4,1.04
QR001695,FAC006,SKU119,98.47,1.19
QR001696,FAC001,SKU127,98.19,0.13
QR001697,FAC002,SKU126,96.1,1.15
QR001698,FAC005,SKU111,95.04,0.73
QR001699,FAC005,SKU118,96.48,2.24
QR001700,FAC005,SKU122,97.8,0.4
QR001701,FAC004,SKU102,99.45,0.2
QR001702,FAC003,SKU126,96.34,2.02
QR001703,FAC003,SKU114,98.86,0.49
QR001704,FAC002,SKU114,95.42,1.08
QR001705,FAC001,SKU122,98.15,1.19
QR001706,FAC001,SKU118,99.62,2.56
QR001707,FAC006,SKU115,99.78,2.87
QR001708,FAC006,SKU108,95.56,0.95
QR001709,FAC005,SKU125,96.26,0.78
QR001710,FAC002,SKU103,99.79,0.63
QR001711,FAC002,SKU104,95.53,2.89
QR001712,FAC001,SKU128,97.24,1.08
QR001713,FAC001,SKU107,96.81,0.45
QR001714,FAC003,SKU112,98.92,1.65
QR001715,FAC002,SKU101,97.84,2.93
QR001716,FAC001,SKU110,97.88,2.44
QR001717,FAC001,SKU120,98.76,1.53
QR001718,FAC003,SKU105,97.73,1.86
QR001719,FAC006,SKU120,96.23,1.49
QR001720,FAC004,SKU128,99.11,2.99
QR001721,FAC003,SKU117,96.45,1.5
QR001722,FAC002,SKU107,96.9,0.71
QR001723,FAC006,SKU125,99.1,0.32
QR001724,FAC003,SKU111,97.33,2.95
QR001725,FAC002,SKU100,96.88,2.41
QR001726,FAC001,SKU106,95.91,2.03
QR001727,FAC001,SKU129,97.77,1.81
QR001728,FAC004,SKU114,96.14,1.9
QR001729,FAC006,SKU122,96.86,1.19
QR001730,FAC002,SKU105,97.01,1.81
QR001731,FAC006,SKU104,98.68,0.14
QR001732,FAC002,SKU105,95.7,1.7
QR001733,FAC001,SKU127,95.78,2.11
QR001734,FAC003,SKU122,99.68,2.1
QR001735,FAC006,SKU116,97.94,0.92
QR001736,FAC001,SKU111,96.11,1.04
QR001737,FAC002,SKU121,97.07,0.79
QR001738,FAC005,SKU110,98.9,2.55
QR001739,FAC004,SKU128,96.21,1.12
QR001740,FAC005,SKU114,96.31,2.29
QR001741,FAC006,SKU129,96.86,0.83
QR001742,FAC001,SKU124,95.33,2.28
QR001743,FAC002,SKU119,98.63,0.63
QR001744,FAC005,SKU102,99.88,2.04
QR001745,FAC006,SKU111,96.81,2.06
QR001746,FAC003,SKU104,99.79,1.39
QR001747,FAC006,SKU101,98.82,0.06
QR001748,FAC005,SKU113,96.38,2.4
QR001749,FAC003,SKU113,98.43,0.66
QR001750,FAC006,SKU115,97.42,0.61
QR001751,FAC005,SKU104,99.46,2.38
QR001752,FAC004,SKU129,96.99,0.52
QR001753,FAC003,SKU106,99.21,2.56
QR001754,FAC004,SKU128,98.59,2.16
QR001755,FAC001,SKU113,96.05,0.29
QR001756,FAC002,SKU120,99.65,1.75
QR001757,FAC002,SKU120,95.58,2.38
QR001758,FAC005,SKU118,97.26,2.39
QR001759,FAC006,SKU114,97.83,1.15
QR001760,FAC004,SKU125,96.41,1.62
QR001761,FAC006,SKU127,97.56,2.44
QR001762,FAC002,SKU110,98.36,2.75
QR001763,FAC004,SKU129,98.48,0.56
QR001764,FAC005,SKU100,96.83,0.5
QR001765,FAC006,SKU114,95.73,0.56
QR001766,FAC005,SKU110,95.57,0.79
QR001767,FAC002,SKU117,98.8,1.79
QR001768,FAC006,SKU128,96.18,0.7
QR001769,FAC005,SKU125,96.86,1.53
QR001770,FAC004,SKU122,95.55,1.98
QR001771,FAC004,SKU120,97.45,2.91
QR001772,FAC002,SKU106,95.75,2.2
QR001773,FAC002,SKU103,99.66,2.25
QR001774,FAC005,SKU115,98.69,2.28
QR001775,FAC004,SKU119,97.84,2.3
QR001776,FAC002,SKU125,95.32,0.08
QR001777,FAC003,SKU129,98.81,0.9
QR001778,FAC001,SKU109,96.21,1.71
QR001779,FAC006,SKU126,95.6,1.35
QR001780,FAC003,SKU113,96.05,1.47
QR001781,FAC005,SKU100,99.5,2.0
QR001782,FAC002,SKU121,98.52,1.97
QR001783,FAC004,SKU111,97.47,2.98
QR001784,FAC002,SKU126,96.87,2.2
QR001785,FAC001,SKU110,98.38,2.77
QR001786,FAC004,SKU104,98.84,1.68
QR001787,FAC001,SKU114,96.05,1.57
QR001788,FAC003,SKU114,98.65,1.59
QR001789,FAC006,SKU121,95.23,0.28
QR001790,FAC005,SKU104,96.73,1.68
QR001791,FAC002,SKU121,98.3,2.82
QR001792,FAC002,SKU116,95.75,1.9
QR001793,FAC003,SKU103,98.86,2.5
QR001794,FAC002,SKU129,98.43,2.36
QR001795,FAC003,SKU128,96.52,0.5
QR001796,FAC005,SKU111,97.94,2.8
QR001797,FAC001,SKU108,97.53,0.16
QR001798,FAC003,SKU125,98.92,1.81
QR001799,FAC002,SKU123,99.19,0.88
QR001800,FAC004,SKU114,99.45,0.25
QR001801,FAC002,SKU128,96.48,2.59
QR001802,FAC005,SKU116,97.28,0.05
QR001803,FAC004,SKU129,98.84,0.9
QR001804,FAC002,SKU117,96.69,1.52
QR001805,FAC003,SKU116,98.24,1.73
QR001806,FAC003,SKU123,98.13,2.03
QR001807,FAC001,SKU104,99.17,0.96
QR001808,FAC001,SKU119,98.94,2.17
QR001809,FAC001,SKU126,97.86,0.77
QR001810,FAC003,SKU127,98.24,1.58
QR001811,FAC003,SKU104,96.16,2.68
QR001812,FAC004,SKU120,99.79,0.65
QR001813,FAC004,SKU126,95.57,2.9
QR001814,FAC001,SKU104,98.21,2.96
QR001815,FAC002,SKU119,97.96,2.31
QR001816,FAC002,SKU115,95.9,2.51
QR001817,FAC002,SKU103,95.21,2.02
QR001818,FAC001,SKU124,95.6,2.89
QR001819,FAC005,SKU127,97.9,1.12
QR001820,FAC006,SKU124,99.13,1.11
QR001821,FAC002,SKU111,99.8,0.23
QR001822,FAC004,SKU121,95.72,0.78
QR001823,FAC006,SKU123,96.43,1.18
QR001824,FAC005,SKU126,98.62,2.98
QR001825,FAC001,SKU125,95.63,0.54
QR001826,FAC002,SKU118,95.72,2.13
QR001827,FAC003,SKU123,97.42,2.41
QR001828,FAC003,SKU129,98.13,0.38
QR001829,FAC003,SKU128,99.82,1.39
QR001830,FAC002,SKU117,96.71,1.07
QR001831,FAC005,SKU112,96.07,2.4
QR001832,FAC004,SKU119,96.9,2.24
QR001833,FAC003,SKU102,95.4,0.66
QR001834,FAC002,SKU125,99.23,3.0
QR001835,FAC005,SKU103,98.35,1.61
QR001836,FAC002,SKU127,95.79,1.41
QR001837,FAC006,SKU108,98.84,2.79
QR001838,FAC002,SKU104,98.75,0.18
QR001839,FAC003,SKU107,98.32,0.3
QR001840,FAC005,SKU117,96.23,2.72
QR001841,FAC005,SKU118,95.38,2.15
QR001842,FAC001,SKU104,98.47,2.38
QR001843,FAC001,SKU115,98.76,2.99
QR001844,FAC004,SKU129,97.49,0.84
QR001845,FAC004,SKU107,97.01,2.53
QR001846,FAC004,SKU104,96.71,2.97
QR001847,FAC004,SKU118,99.52,2.07
QR001848,FAC002,SKU104,98.97,0.09
QR001849,FAC003,SKU101,99.1,1.97
QR001850,FAC003,SKU127,98.47,1.27
QR001851,FAC006,SKU104,97.02,0.4
QR001852,FAC002,SKU108,96.85,1.5
QR001853,FAC003,SKU117,96.85,1.53
QR001854,FAC006,SKU122,96.36,1.06
QR001855,FAC005,SKU116,99.54,1.67
QR001856,FAC005,SKU114,98.9,0.09
QR001857,FAC003,SKU118,95.67,1.34
QR001858,FAC006,SKU114,96.16,0.63
QR001859,FAC002,SKU110,96.44,1.89
QR001860,FAC002,SKU129,97.15,0.3
QR001861,FAC003,SKU104,96.18,2.25
QR001862,FAC006,SKU106,97.07,0.35
QR001863,FAC002,SKU113,97.66,2.97
QR001864,FAC003,SKU124,96.57,0.84
QR001865,FAC005,SKU103,95.64,0.86
QR001866,FAC002,SKU111,98.22,2.82
QR001867,FAC005,SKU112,95.38,2.59
QR001868,FAC002,SKU115,98.63,1.13
QR001869,FAC002,SKU124,98.57,0.99
QR001870,FAC006,SKU109,98.97,0.13
QR001871,FAC005,SKU104,95.62,1.16
QR001872,FAC006,SKU111,96.77,0.08
QR001873,FAC006,SKU115,96.94,2.82
QR001874,FAC002,SKU123,98.46,1.65
QR001875,FAC003,SKU129,99.33,2.61
QR001876,FAC002,SKU104,95.54,0.98
QR001877,FAC001,SKU113,95.64,1.31
QR001878,FAC005,SKU122,97.57,0.75
QR001879,FAC006,SKU113,98.89,0.19
QR001880,FAC003,SKU122,98.52,2.58
QR001881,FAC001,SKU115,98.48,0.74
QR001882,FAC004,SKU112,96.57,0.45
QR001883,FAC001,SKU105,97.85,2.22
QR001884,FAC004,SKU118,95.84,1.44
QR001885,FAC004,SKU103,98.49,0.5
QR001886,FAC002,SKU128,97.97,0.4
QR001887,FAC002,SKU101,96.39,0.27
QR001888,FAC001,SKU126,95.62,1.93
QR001889,FAC005,SKU103,99.45,1.53
QR001890,FAC003,SKU113,98.11,2.78
QR001891,FAC004,SKU126,99.15,2.45
QR001892,FAC003,SKU123,98.23,1.44
QR001893,FAC004,SKU102,99.4,0.63
QR001894,FAC006,SKU102,96.92,0.85
QR001895,FAC006,SKU115,98.49,0.88
QR001896,FAC006,SKU117,99.27,2.23
QR001897,FAC006,SKU122,99.71,0.07
QR001898,FAC001,SKU120,95.7,2.24
QR001899,FAC006,SKU117,98.08,1.23
QR001900,FAC002,SKU107,96.93,2.68
QR001901,FAC003,SKU120,96.74,1.47
QR001902,FAC001,SKU121,97.03,2.33
QR001903,FAC001,SKU126,96.44,0.72
QR001904,FAC002,SKU110,96.07,2.98
QR001905,FAC005,SKU106,95.72,1.39
QR001906,FAC001,SKU104,95.97,1.99
QR001907,FAC004,SKU118,99.5,0.55
QR001908,FAC005,SKU110,97.88,0.28
QR001909,FAC004,SKU104,97.79,1.81
QR001910,FAC005,SKU118,97.54,2.33
QR001911,FAC004,SKU123,96.76,1.16
QR001912,FAC005,SKU104,97.36,0.41
QR001913,FAC001,SKU107,95.31,0.95
QR001914,FAC005,SKU122,95.22,2.25
QR001915,FAC004,SKU107,96.35,1.7
QR001916,FAC001,SKU109,99.59,0.34
QR001917,FAC001,SKU127,96.22,1.53
QR001918,FAC002,SKU119,96.36,1.18
QR001919,FAC001,SKU120,98.01,0.26
QR001920,FAC002,SKU117,98.55,2.52
QR001921,FAC005,SKU120,97.7,1.89
QR001922,FAC006,SKU121,99.04,2.42
QR001923,FAC004,SKU109,98.38,2.02
QR001924,FAC005,SKU102,95.91,0.22
QR001925,FAC002,SKU106,97.67,0.72
QR001926,FAC002,SKU101,96.98,2.57
QR001927,FAC004,SKU125,96.63,0.56
QR001928,FAC002,SKU103,99.07,0.18
QR001929,FAC002,SKU118,99.09,0.28
QR001930,FAC005,SKU121,99.13,2.37
QR001931,FAC004,SKU121,99.13,2.08
QR001932,FAC003,SKU116,95.42,1.79
QR001933,FAC006,SKU111,97.83,1.86
QR001934,FAC005,SKU110,98.67,2.88
QR001935,FAC001,SKU113,95.86,2.89
QR001936,FAC004,SKU103,99.04,2.8
QR001937,FAC001,SKU102,98.77,2.16
QR001938,FAC002,SKU111,95.5,2.27
QR001939,FAC003,SKU117,99.46,1.03
QR001940,FAC004,SKU117,96.17,1.11
QR001941,FAC002,SKU116,98.96,0.84
QR001942,FAC004,SKU111,98.45,1.41
QR001943,FAC002,SKU103,98.62,2.07
QR001944,FAC006,SKU119,97.31,2.56
QR001945,FAC003,SKU103,96.2,1.76
QR001946,FAC003,SKU105,98.03,0.21
QR001947,FAC004,SKU117,97.43,2.68
QR001948,FAC001,SKU116,95.44,2.57
QR001949,FAC004,SKU124,97.6,2.94
QR001950,FAC003,SKU127,95.98,2.26
QR001951,FAC001,SKU124,97.59,2.71
QR001952,FAC006,SKU125,99.66,1.24
QR001953,FAC002,SKU112,96.83,1.69
QR001954,FAC003,SKU101,98.61,0.48
QR001955,FAC004,SKU113,96.05,1.59
QR001956,FAC005,SKU129,95.99,0.79
QR001957,FAC006,SKU107,96.53,0.84
QR001958,FAC002,SKU129,97.74,2.63
QR001959,FAC006,SKU127,98.42,1.71
QR001960,FAC002,SKU124,97.71,2.94
QR001961,FAC003,SKU126,97.73,2.08
QR001962,FAC003,SKU113,99.11,1.28
QR001963,FAC003,SKU109,99.0,0.67
QR001964,FAC001,SKU101,98.42,1.2
QR001965,FAC002,SKU125,96.49,2.84
QR001966,FAC006,SKU101,96.59,0.32
QR001967,FAC003,SKU123,99.04,1.92
QR001968,FAC001,SKU101,97.31,0.21
QR001969,FAC002,SKU114,98.23,1.01
QR001970,FAC006,SKU127,99.69,0.87
QR001971,FAC003,SKU123,99.42,0.14
QR001972,FAC001,SKU115,98.35,1.49
QR001973,FAC006,SKU118,98.06,2.35
QR001974,FAC001,SKU105,95.38,0.64
QR001975,FAC002,SKU126,95.43,0.28
QR001976,FAC005,SKU125,97.07,1.97
QR001977,FAC003,SKU112,95.69,2.56
QR001978,FAC002,SKU115,99.67,2.51
QR001979,FAC006,SKU108,97.72,0.78
QR001980,FAC003,SKU100,98.69,2.23
QR001981,FAC001,SKU105,99.85,1.3
QR001982,FAC001,SKU120,95.31,0.31
QR001983,FAC005,SKU128,97.12,2.97
QR001984,FAC006,SKU129,97.05,1.79
QR001985,FAC002,SKU116,97.89,2.05
QR001986,FAC004,SKU117,98.44,2.47
QR001987,FAC001,SKU128,96.86,2.07
QR001988,FAC002,SKU113,96.41,0.71
QR001989,FAC006,SKU113,98.43,1.65
QR001990,FAC006,SKU123,96.97,0.45
QR001991,FAC001,SKU127,97.46,0.52
QR001992,FAC005,SKU127,98.79,1.07
QR001993,FAC004,SKU118,96.41,1.31
QR001994,FAC005,SKU121,97.76,1.3
QR001995,FAC003,SKU111,97.04,0.6
QR001996,FAC006,SKU105,99.77,2.75
QR001997,FAC003,SKU124,98.56,1.51
QR001998,FAC005,SKU118,99.78,2.84
QR001999,FAC002,SKU109,97.52,0.21
QR002000,FAC006,SKU102,99.44,1.05
QR002001,FAC005,SKU124,99.54,0.09
QR002002,FAC006,SKU106,96.96,2.22
QR002003,FAC003,SKU108,95.2,1.49
QR002004,FAC001,SKU103,98.85,2.04
QR002005,FAC002,SKU109,97.43,2.64
QR002006,FAC004,SKU111,96.04,1.66
QR002007,FAC004,SKU110,97.64,2.73
QR002008,FAC004,SKU120,98.4,0.08
QR002009,FAC002,SKU105,98.63,0.9
QR002010,FAC003,SKU116,99.14,0.55
QR002011,FAC003,SKU105,99.06,0.93
QR002012,FAC006,SKU120,99.66,2.18
QR002013,FAC003,SKU109,96.73,2.12
QR002014,FAC004,SKU123,96.83,2.65
QR002015,FAC006,SKU129,98.6,0.07
QR002016,FAC004,SKU107,98.68,0.67
QR002017,FAC005,SKU107,96.78,1.86
QR002018,FAC004,SKU106,98.11,2.87
QR002019,FAC005,SKU126,99.58,2.33
QR002020,FAC006,SKU102,99.0,1.27
QR002021,FAC005,SKU103,97.24,0.95
QR002022,FAC001,SKU115,96.4,0.12
QR002023,FAC001,SKU129,96.68,2.21
QR002024,FAC006,SKU102,97.94,1.95
QR002025,FAC005,SKU125,95.68,1.01
QR002026,FAC004,SKU100,96.33,2.07
QR002027,FAC003,SKU105,95.31,0.14
QR002028,FAC005,SKU123,96.65,1.56
QR002029,FAC003,SKU101,96.97,2.62
QR002030,FAC002,SKU100,99.51,0.2
QR002031,FAC006,SKU122,95.99,0.15
QR002032,FAC003,SKU120,96.58,0.6
QR002033,FAC006,SKU126,99.42,2.3
QR002034,FAC003,SKU109,95.39,0.97
QR002035,FAC003,SKU122,99.5,1.11
QR002036,FAC001,SKU111,96.12,2.64
QR002037,FAC003,SKU115,99.14,0.69
QR002038,FAC003,SKU113,98.83,2.84
QR002039,FAC004,SKU112,99.12,1.26
QR002040,FAC001,SKU129,96.77,0.95
QR002041,FAC005,SKU124,97.97,1.99
QR002042,FAC001,SKU117,96.48,1.6
QR002043,FAC003,SKU113,96.37,2.24
QR002044,FAC003,SKU125,95.39,1.2
QR002045,FAC004,SKU115,95.79,0.47
QR002046,FAC004,SKU122,99.76,2.59
QR002047,FAC001,SKU123,95.91,2.79
QR002048,FAC001,SKU109,99.62,2.54
QR002049,FAC002,SKU108,97.93,2.22
QR002050,FAC005,SKU102,96.38,2.0
QR002051,FAC006,SKU102,99.61,2.11
QR002052,FAC004,SKU101,97.4,1.64
QR002053,FAC001,SKU100,95.91,0.36
QR002054,FAC005,SKU117,98.35,0.95
QR002055,FAC006,SKU111,98.29,1.76
QR002056,FAC006,SKU117,98.17,0.32
QR002057,FAC001,SKU123,96.17,1.9
QR002058,FAC006,SKU109,99.36,0.66
QR002059,FAC001,SKU100,96.73,0.16
QR002060,FAC005,SKU104,95.71,2.76
QR002061,FAC003,SKU123,99.72,0.39
QR002062,FAC004,SKU112,99.71,2.55
QR002063,FAC001,SKU116,97.44,0.5
QR002064,FAC006,SKU102,95.95,2.61
QR002065,FAC004,SKU115,95.6,0.75
QR002066,FAC003,SKU123,96.78,1.95
QR002067,FAC001,SKU106,98.87,1.82
QR002068,FAC002,SKU110,96.56,2.01
QR002069,FAC006,SKU102,98.62,2.04
QR002070,FAC003,SKU102,99.03,0.97
QR002071,FAC003,SKU125,95.66,2.51
QR002072,FAC005,SKU123,95.84,1.88
QR002073,FAC005,SKU124,95.99,1.08
QR002074,FAC004,SKU103,95.91,2.47
QR002075,FAC006,SKU109,95.43,1.08
QR002076,FAC006,SKU109,99.88,2.52
QR002077,FAC006,SKU102,95.85,0.56
QR002078,FAC006,SKU129,99.42,1.72
QR002079,FAC005,SKU100,97.71,1.98
QR002080,FAC005,SKU123,96.74,2.63
QR002081,FAC006,SKU106,95.44,0.15
QR002082,FAC003,SKU127,97.47,2.82
QR002083,FAC004,SKU122,98.75,2.01
QR002084,FAC003,SKU123,97.24,1.23
QR002085,FAC003,SKU124,97.28,1.75
QR002086,FAC003,SKU123,95.69,1.64
QR002087,FAC005,SKU102,95.0,1.59
QR002088,FAC004,SKU120,95.39,1.33
QR002089,FAC004,SKU117,96.31,1.68
QR002090,FAC002,SKU111,95.08,0.56
QR002091,FAC006,SKU111,95.24,2.14
QR002092,FAC005,SKU124,97.6,2.35
QR002093,FAC004,SKU103,98.37,2.01
QR002094,FAC004,SKU126,98.26,0.26
QR002095,FAC004,SKU114,99.36,1.47
QR002096,FAC006,SKU127,97.58,1.4
QR002097,FAC002,SKU100,97.23,0.15
QR002098,FAC005,SKU103,95.71,1.94
QR002099,FAC001,SKU102,95.82,0.06
QR002100,FAC006,SKU104,97.62,2.43
QR002101,FAC004,SKU108,97.23,0.77
QR002102,FAC003,SKU100,95.07,2.99
QR002103,FAC005,SKU115,98.96,1.83
QR002104,FAC006,SKU112,97.93,1.94
QR002105,FAC005,SKU128,96.28,1.83
QR002106,FAC004,SKU106,96.32,0.71
QR002107,FAC001,SKU117,95.95,1.37
QR002108,FAC002,SKU125,96.98,1.27
QR002109,FAC006,SKU126,98.24,0.33
QR002110,FAC003,SKU108,95.36,0.13
QR002111,FAC005,SKU123,96.97,1.23
QR002112,FAC006,SKU105,96.35,1.1
QR002113,FAC001,SKU120,99.11,1.87
QR002114,FAC002,SKU124,98.08,2.44
QR002115,FAC002,SKU100,98.1,0.59
QR002116,FAC006,SKU110,98.84,1.61
QR002117,FAC005,SKU128,96.97,1.05
QR002118,FAC002,SKU121,98.59,2.07
QR002119,FAC003,SKU109,98.47,1.71
QR002120,FAC004,SKU126,97.24,1.29
QR002121,FAC004,SKU114,95.76,1.18
QR002122,FAC004,SKU112,95.74,1.02
QR002123,FAC003,SKU111,97.66,1.82
QR002124,FAC002,SKU127,96.23,2.32
QR002125,FAC004,SKU116,96.48,1.65
QR002126,FAC005,SKU100,95.8,2.89
QR002127,FAC005,SKU118,99.74,1.47
QR002128,FAC006,SKU102,96.14,0.5
QR002129,FAC002,SKU118,96.34,2.66
QR002130,FAC005,SKU102,96.37,0.94
QR002131,FAC004,SKU121,99.6,0.72
QR002132,FAC004,SKU114,99.83,1.08
QR002133,FAC002,SKU126,95.97,0.61
QR002134,FAC001,SKU109,95.2,2.5
QR002135,FAC001,SKU102,95.08,2.69
QR002136,FAC002,SKU112,97.87,0.45
QR002137,FAC001,SKU111,97.54,1.63
QR002138,FAC004,SKU125,95.26,1.77
QR002139,FAC006,SKU100,97.98,1.38
QR002140,FAC006,SKU115,96.91,2.7
QR002141,FAC004,SKU106,99.08,1.23
QR002142,FAC006,SKU104,96.65,2.71
QR002143,FAC006,SKU121,96.9,0.12
QR002144,FAC006,SKU100,97.1,0.56
QR002145,FAC005,SKU128,95.84,0.69
QR002146,FAC002,SKU100,96.9,2.03
QR002147,FAC005,SKU129,98.65,0.57
QR002148,FAC006,SKU114,96.88,1.09
QR002149,FAC002,SKU118,95.1,1.76
QR002150,FAC001,SKU118,96.2,2.81
QR002151,FAC003,SKU120,97.19,1.48
QR002152,FAC004,SKU105,99.61,2.43
QR002153,FAC004,SKU106,98.2,0.82
QR002154,FAC003,SKU127,97.34,2.52
QR002155,FAC003,SKU108,97.7,1.68
QR002156,FAC006,SKU115,96.22,2.5
QR002157,FAC002,SKU128,97.63,0.18
QR002158,FAC001,SKU109,96.58,1.46
QR002159,FAC006,SKU106,95.77,1.63
QR002160,FAC004,SKU105,99.37,0.53
QR002161,FAC001,SKU116,98.6,0.07
QR002162,FAC004,SKU100,99.36,0.18
QR002163,FAC006,SKU120,96.56,2.12
QR002164,FAC006,SKU127,96.29,2.51
QR002165,FAC002,SKU104,97.58,2.79
QR002166,FAC002,SKU127,95.78,0.53
QR002167,FAC004,SKU126,99.08,2.22
QR002168,FAC005,SKU103,99.33,0.1
QR002169,FAC001,SKU100,99.16,0.69
QR002170,FAC006,SKU123,95.4,1.98
QR002171,FAC004,SKU122,97.67,0.23
QR002172,FAC004,SKU129,98.54,0.73
QR002173,FAC006,SKU120,98.15,2.34
QR002174,FAC001,SKU110,96.02,2.77
QR002175,FAC002,SKU127,98.13,2.92
QR002176,FAC002,SKU105,97.19,1.78
QR002177,FAC006,SKU128,98.37,2.84
QR002178,FAC002,SKU120,97.0,2.34
QR002179,FAC002,SKU129,95.94,2.48
QR002180,FAC002,SKU113,96.58,0.51
QR002181,FAC006,SKU118,97.66,2.63
QR002182,FAC002,SKU122,95.57,1.67
QR002183,FAC006,SKU114,96.46,0.2
QR002184,FAC001,SKU122,95.83,1.74
QR002185,FAC002,SKU111,99.67,1.65
QR002186,FAC005,SKU114,95.69,1.05
QR002187,FAC002,SKU109,97.36,0.11
QR002188,FAC002,SKU115,96.89,2.29
QR002189,FAC004,SKU104,98.62,2.28
QR002190,FAC003,SKU101,96.2,2.14
QR002191,FAC006,SKU117,98.14,2.39
QR002192,FAC001,SKU121,97.33,0.6
QR002193,FAC003,SKU126,96.8,1.54
QR002194,FAC005,SKU108,97.4,1.29
QR002195,FAC004,SKU109,98.75,0.92
QR002196,FAC004,SKU103,95.36,0.48
QR002197,FAC006,SKU124,97.13,2.91
QR002198,FAC005,SKU115,97.22,0.17
QR002199,FAC005,SKU116,98.86,1.91
QR002200,FAC006,SKU103,97.49,0.07
QR002201,FAC002,SKU112,96.24,1.36
QR002202,FAC005,SKU100,97.44,2.57
QR002203,FAC001,SKU111,95.19,2.18
QR002204,FAC005,SKU128,95.27,1.42
QR002205,FAC001,SKU121,95.69,1.91
QR002206,FAC001,SKU127,95.34,2.3
QR002207,FAC005,SKU120,95.89,0.86
QR002208,FAC004,SKU102,98.75,0.45
QR002209,FAC005,SKU115,98.9,0.91
QR002210,FAC003,SKU108,98.38,2.2
QR002211,FAC006,SKU111,97.28,0.46
QR002212,FAC004,SKU127,96.59,0.44
QR002213,FAC001,SKU127,95.15,2.52
QR002214,FAC003,SKU102,97.48,2.32
QR002215,FAC005,SKU119,95.32,2.73
QR002216,FAC003,SKU121,96.83,0.3
QR002217,FAC003,SKU125,98.81,2.42
QR002218,FAC006,SKU127,96.32,1.38
QR002219,FAC005,SKU108,98.38,2.43
QR002220,FAC006,SKU111,97.05,0.78
QR002221,FAC005,SKU109,96.43,2.38
QR002222,FAC004,SKU126,96.16,0.57
QR002223,FAC002,SKU129,95.69,0.61
QR002224,FAC002,SKU121,99.01,2.22
QR002225,FAC003,SKU117,97.54,0.41
QR002226,FAC004,SKU119,99.63,1.21
QR002227,FAC002,SKU112,98.39,2.08
QR002228,FAC004,SKU120,99.64,2.49
QR002229,FAC002,SKU126,99.23,2.89
QR002230,FAC005,SKU120,98.82,0.71
QR002231,FAC006,SKU104,95.28,2.89
QR002232,FAC002,SKU122,97.64,2.8
QR002233,FAC003,SKU106,96.43,1.05
QR002234,FAC001,SKU113,96.6,0.42
QR002235,FAC005,SKU109,97.81,0.5
QR002236,FAC002,SKU107,98.02,1.21
QR002237,FAC002,SKU108,99.12,2.68
QR002238,FAC001,SKU101,96.41,0.96
QR002239,FAC005,SKU119,98.83,1.78
QR002240,FAC003,SKU114,95.05,1.67
QR002241,FAC004,SKU101,96.15,0.86
QR002242,FAC001,SKU103,98.45,2.45
QR002243,FAC001,SKU125,98.26,2.09
QR002244,FAC006,SKU128,95.68,0.32
QR002245,FAC004,SKU124,95.58,1.37
QR002246,FAC001,SKU125,96.85,0.71
QR002247,FAC001,SKU115,96.07,2.67
QR002248,FAC002,SKU104,96.7,2.81
QR002249,FAC004,SKU108,95.69,0.14
QR002250,FAC004,SKU106,97.11,0.76
QR002251,FAC003,SKU113,97.06,1.46
QR002252,FAC005,SKU108,98.57,0.66
QR002253,FAC002,SKU100,99.51,0.11
QR002254,FAC005,SKU102,99.22,1.21
QR002255,FAC006,SKU100,96.54,1.98
QR002256,FAC005,SKU112,97.77,0.47
QR002257,FAC006,SKU102,95.44,2.35
QR002258,FAC006,SKU122,96.58,0.34
QR002259,FAC004,SKU113,96.49,1.0
QR002260,FAC003,SKU127,97.2,2.81
QR002261,FAC003,SKU125,99.68,1.96
QR002262,FAC006,SKU102,97.14,2.38
QR002263,FAC005,SKU104,99.83,0.63
QR002264,FAC003,SKU122,99.53,2.07
QR002265,FAC003,SKU126,96.15,0.29
QR002266,FAC003,SKU100,98.54,0.36
QR002267,FAC001,SKU117,99.28,2.36
QR002268,FAC006,SKU120,99.16,1.89
QR002269,FAC001,SKU124,98.9,0.06
QR002270,FAC002,SKU127,97.32,0.97
QR002271,FAC003,SKU129,96.48,1.62
QR002272,FAC006,SKU110,99.01,1.3
QR002273,FAC001,SKU127,98.97,1.99
QR002274,FAC006,SKU102,95.0,2.68
QR002275,FAC005,SKU119,95.1,1.93
QR002276,FAC001,SKU119,97.38,2.54
QR002277,FAC003,SKU124,97.96,1.59
QR002278,FAC002,SKU122,99.89,1.98
QR002279,FAC002,SKU101,98.66,1.59
QR002280,FAC002,SKU110,95.88,1.87
QR002281,FAC003,SKU109,97.04,0.38
QR002282,FAC003,SKU114,99.64,2.87
QR002283,FAC002,SKU119,99.71,2.42
QR002284,FAC003,SKU122,99.07,0.72
QR002285,FAC003,SKU122,97.38,2.69
QR002286,FAC003,SKU104,95.71,1.35
QR002287,FAC005,SKU102,98.76,0.19
QR002288,FAC001,SKU105,98.19,0.35
QR002289,FAC004,SKU123,95.64,2.91
QR002290,FAC006,SKU102,97.06,2.79
QR002291,FAC005,SKU112,99.25,1.38
QR002292,FAC003,SKU107,98.4,0.82
QR002293,FAC004,SKU111,96.98,1.89
QR002294,FAC002,SKU122,95.41,0.6
QR002295,FAC004,SKU127,98.5,2.32
QR002296,FAC001,SKU108,97.03,2.13
QR002297,FAC005,SKU118,95.7,0.1
QR002298,FAC002,SKU119,99.21,1.67
QR002299,FAC002,SKU112,99.68,2.78
QR002300,FAC003,SKU101,96.35,2.76
QR002301,FAC001,SKU119,97.08,0.66
QR002302,FAC005,SKU116,96.14,0.16
QR002303,FAC005,SKU128,96.58,1.39
QR002304,FAC005,SKU115,96.76,1.35
QR002305,FAC002,SKU128,98.66,1.69
QR002306,FAC004,SKU121,97.69,0.12
QR002307,FAC002,SKU115,96.88,0.79
QR002308,FAC003,SKU109,97.35,2.19
QR002309,FAC004,SKU103,99.16,0.25
QR002310,FAC006,SKU106,95.05,2.9
QR002311,FAC005,SKU102,98.11,2.43
QR002312,FAC003,SKU107,97.97,0.39
QR002313,FAC005,SKU118,98.7,1.66
QR002314,FAC003,SKU103,99.77,1.31
QR002315,FAC006,SKU106,96.48,1.18
QR002316,FAC006,SKU101,96.06,2.71
QR002317,FAC001,SKU127,96.11,1.24
QR002318,FAC002,SKU105,95.49,2.65
QR002319,FAC006,SKU108,95.1,1.19
QR002320,FAC006,SKU113,99.04,2.0
QR002321,FAC002,SKU107,98.09,2.93
QR002322,FAC005,SKU119,96.81,1.04
QR002323,FAC004,SKU126,97.62,0.65
QR002324,FAC001,SKU123,99.2,0.43
QR002325,FAC001,SKU125,98.51,0.94
QR002326,FAC003,SKU103,98.67,1.19
QR002327,FAC004,SKU128,98.88,2.75
QR002328,FAC003,SKU122,98.92,0.22
QR002329,FAC003,SKU121,99.47,2.29
QR002330,FAC002,SKU106,95.16,0.96
QR002331,FAC002,SKU104,95.0,2.6
QR002332,FAC003,SKU116,96.46,1.44
QR002333,FAC006,SKU120,97.2,0.47
QR002334,FAC005,SKU116,97.55,0.43
QR002335,FAC002,SKU109,96.63,2.17
QR002336,FAC006,SKU114,96.81,2.78
QR002337,FAC001,SKU116,97.33,1.84
QR002338,FAC004,SKU121,98.55,2.7
QR002339,FAC002,SKU118,95.21,0.14
QR002340,FAC004,SKU122,97.25,0.89
QR002341,FAC001,SKU105,97.73,1.92
QR002342,FAC005,SKU127,99.43,2.4
QR002343,FAC003,SKU103,95.08,2.17
QR002344,FAC002,SKU104,97.38,1.08
QR002345,FAC002,SKU105,98.79,0.51
QR002346,FAC006,SKU109,95.16,1.96
QR002347,FAC003,SKU113,96.07,0.25
QR002348,FAC004,SKU110,96.46,2.51
QR002349,FAC002,SKU112,97.44,1.99
QR002350,FAC001,SKU115,99.14,0.22
QR002351,FAC001,SKU124,99.16,3.0
QR002352,FAC004,SKU101,99.66,1.85
QR002353,FAC005,SKU117,98.03,1.55
QR002354,FAC003,SKU105,97.92,2.16
QR002355,FAC003,SKU103,99.5,2.59
QR002356,FAC003,SKU117,99.78,2.96
QR002357,FAC004,SKU116,99.75,1.21
QR002358,FAC004,SKU103,99.36,1.19
QR002359,FAC002,SKU111,95.91,1.9
QR002360,FAC004,SKU117,96.41,0.2
QR002361,FAC002,SKU119,96.28,1.81
QR002362,FAC003,SKU129,95.88,1.73
QR002363,FAC004,SKU115,98.97,0.76
QR002364,FAC003,SKU109,98.94,0.92
QR002365,FAC005,SKU123,96.66,0.08
QR002366,FAC003,SKU119,96.88,0.29
QR002367,FAC005,SKU121,95.13,0.88
QR002368,FAC004,SKU102,95.81,0.81
QR002369,FAC006,SKU129,96.94,0.31
QR002370,FAC004,SKU101,96.57,1.25
QR002371,FAC001,SKU128,96.95,1.62
QR002372,FAC003,SKU103,99.76,2.9
QR002373,FAC003,SKU113,97.69,1.35
QR002374,FAC002,SKU124,97.22,0.14
QR002375,FAC003,SKU126,98.08,2.82
QR002376,FAC004,SKU106,95.53,0.56
QR002377,FAC004,SKU121,95.02,1.54
QR002378,FAC001,SKU129,98.93,2.45
QR002379,FAC001,SKU126,95.35,2.41
QR002380,FAC005,SKU115,96.51,1.23
QR002381,FAC005,SKU117,96.88,2.16
QR002382,FAC005,SKU103,95.86,1.85
QR002383,FAC005,SKU104,99.85,0.24
QR002384,FAC004,SKU118,96.17,2.73
QR002385,FAC006,SKU120,97.08,1.88
QR002386,FAC002,SKU101,99.64,2.33
QR002387,FAC003,SKU126,98.28,2.41
QR002388,FAC006,SKU126,99.39,0.74
QR002389,FAC006,SKU120,98.83,1.73
QR002390,FAC001,SKU111,95.69,1.19
QR002391,FAC006,SKU114,98.88,2.27
QR002392,FAC001,SKU103,97.19,1.75
QR002393,FAC002,SKU103,98.5,2.25
QR002394,FAC003,SKU129,97.14,2.18
QR002395,FAC001,SKU114,95.55,0.88
QR002396,FAC003,SKU112,96.19,1.35
QR002397,FAC006,SKU129,97.56,1.86
QR002398,FAC004,SKU108,96.88,1.13
QR002399,FAC006,SKU109,99.83,2.21
QR002400,FAC006,SKU115,97.97,2.9
QR002401,FAC005,SKU107,96.11,0.68
QR002402,FAC001,SKU122,97.8,0.15
QR002403,FAC006,SKU107,97.09,2.33
QR002404,FAC003,SKU110,96.33,0.09
QR002405,FAC004,SKU114,99.46,0.25
QR002406,FAC006,SKU122,99.45,2.39
QR002407,FAC004,SKU118,96.93,2.22
QR002408,FAC003,SKU117,98.67,0.59
QR002409,FAC003,SKU113,97.39,0.73
QR002410,FAC001,SKU103,97.97,2.98
QR002411,FAC004,SKU125,98.06,1.72
QR002412,FAC003,SKU122,96.67,1.73
QR002413,FAC005,SKU123,99.39,2.08
QR002414,FAC002,SKU122,98.31,1.13
QR002415,FAC005,SKU104,95.2,0.31
QR002416,FAC005,SKU107,97.01,0.56
QR002417,FAC002,SKU100,97.15,0.29
QR002418,FAC005,SKU120,96.79,1.39
QR002419,FAC003,SKU104,96.61,1.74
QR002420,FAC001,SKU129,95.7,0.85
QR002421,FAC002,SKU100,95.85,2.66
QR002422,FAC002,SKU110,96.16,2.3
QR002423,FAC002,SKU125,97.56,0.98
QR002424,FAC002,SKU108,98.94,2.17
QR002425,FAC003,SKU128,98.65,0.88
QR002426,FAC003,SKU103,95.9,1.42
QR002427,FAC003,SKU116,98.11,0.34
QR002428,FAC005,SKU103,97.09,2.92
QR002429,FAC006,SKU102,99.05,2.31
QR002430,FAC004,SKU112,96.28,0.23
QR002431,FAC004,SKU121,98.28,2.92
QR002432,FAC002,SKU124,95.6,1.13
QR002433,FAC005,SKU123,98.1,0.4
QR002434,FAC003,SKU109,97.73,1.65
QR002435,FAC006,SKU109,98.69,2.54
QR002436,FAC003,SKU103,97.18,2.94
QR002437,FAC005,SKU128,98.71,2.58
QR002438,FAC005,SKU111,97.43,1.66
QR002439,FAC004,SKU127,95.16,1.03
QR002440,FAC005,SKU129,98.85,1.52
QR002441,FAC001,SKU106,95.04,0.84
QR002442,FAC005,SKU100,99.73,2.81
QR002443,FAC004,SKU100,97.67,1.04
QR002444,FAC001,SKU118,95.88,2.09
QR002445,FAC004,SKU123,96.14,1.34
QR002446,FAC006,SKU122,96.04,2.72
QR002447,FAC006,SKU106,96.44,1.54
QR002448,FAC006,SKU121,99.47,0.67
QR002449,FAC005,SKU107,99.34,0.96
QR002450,FAC006,SKU111,95.72,1.09
QR002451,FAC004,SKU110,96.34,1.09
QR002452,FAC006,SKU118,98.53,2.14
QR002453,FAC006,SKU114,98.41,0.87
QR002454,FAC005,SKU109,96.17,1.16
QR002455,FAC004,SKU106,99.55,2.83
QR002456,FAC006,SKU124,97.01,1.63
QR002457,FAC004,SKU112,97.64,0.48
QR002458,FAC003,SKU104,97.79,1.1
QR002459,FAC004,SKU107,99.87,0.33
QR002460,FAC005,SKU108,96.96,0.86
QR002461,FAC002,SKU109,97.21,1.9
QR002462,FAC003,SKU103,98.2,1.45
QR002463,FAC005,SKU115,99.69,2.65
QR002464,FAC006,SKU111,97.01,2.9
QR002465,FAC001,SKU115,97.68,0.68
QR002466,FAC005,SKU121,99.08,1.73
QR002467,FAC005,SKU115,98.98,1.03
QR002468,FAC002,SKU123,99.28,2.16
QR002469,FAC003,SKU103,96.96,2.23
QR002470,FAC001,SKU129,98.11,1.94
QR002471,FAC005,SKU109,98.73,0.81
QR002472,FAC005,SKU118,96.2,1.62
QR002473,FAC006,SKU113,99.31,0.78
QR002474,FAC006,SKU104,95.48,2.77
QR002475,FAC006,SKU108,97.06,1.04
QR002476,FAC004,SKU122,97.22,1.4
QR002477,FAC004,SKU118,96.98,0.14
QR002478,FAC001,SKU110,99.06,0.17
QR002479,FAC005,SKU117,95.28,0.67
QR002480,FAC002,SKU110,97.85,0.67
QR002481,FAC004,SKU116,97.33,2.38
QR002482,FAC003,SKU123,96.75,1.45
QR002483,FAC001,SKU101,98.62,1.83
QR002484,FAC002,SKU114,96.1,0.46
QR002485,FAC003,SKU116,98.09,0.23
QR002486,FAC003,SKU105,99.21,0.81
QR002487,FAC004,SKU106,98.16,2.08
QR002488,FAC003,SKU120,96.09,1.14
QR002489,FAC006,SKU124,98.99,2.32
QR002490,FAC004,SKU107,97.47,2.74
QR002491,FAC001,SKU117,98.16,0.36
QR002492,FAC006,SKU100,95.74,2.45
QR002493,FAC003,SKU108,99.56,0.83
QR002494,FAC004,SKU110,99.6,0.67
QR002495,FAC002,SKU121,96.48,1.63
QR002496,FAC001,SKU117,99.33,0.56
QR002497,FAC006,SKU128,96.01,2.6
QR002498,FAC002,SKU127,96.53,0.83
QR002499,FAC001,SKU122,99.6,2.73
QR002500,FAC003,SKU128,95.92,2.69
QR002501,FAC002,SKU115,98.39,1.86
QR002502,FAC002,SKU119,99.02,1.72
QR002503,FAC003,SKU101,96.12,0.86
QR002504,FAC006,SKU115,96.74,2.92
QR002505,FAC006,SKU103,97.12,2.57
QR002506,FAC005,SKU122,99.79,2.31
QR002507,FAC005,SKU106,97.66,1.54
QR002508,FAC002,SKU104,95.66,1.03
QR002509,FAC003,SKU128,95.65,0.37
QR002510,FAC005,SKU125,95.16,1.63
QR002511,FAC006,SKU127,99.36,0.71
QR002512,FAC005,SKU114,98.61,0.58
QR002513,FAC001,SKU126,97.78,0.5
QR002514,FAC001,SKU106,98.96,0.1
QR002515,FAC004,SKU120,96.06,2.48
QR002516,FAC002,SKU126,95.22,2.98
QR002517,FAC001,SKU101,96.81,2.43
QR002518,FAC005,SKU104,97.55,1.62
QR002519,FAC004,SKU119,95.01,0.15
QR002520,FAC004,SKU117,95.71,0.44
QR002521,FAC001,SKU109,96.85,1.88
QR002522,FAC003,SKU106,98.0,2.91
QR002523,FAC005,SKU117,95.04,1.85
QR002524,FAC005,SKU124,99.66,2.78
QR002525,FAC003,SKU112,95.7,0.26
QR002526,FAC001,SKU125,96.15,2.46
QR002527,FAC001,SKU105,99.85,2.17
QR002528,FAC003,SKU105,95.07,1.88
QR002529,FAC006,SKU109,96.43,0.09
QR002530,FAC006,SKU102,95.97,0.34
QR002531,FAC004,SKU101,98.04,2.56
QR002532,FAC006,SKU106,98.82,1.61
QR002533,FAC003,SKU123,99.48,0.31
QR002534,FAC001,SKU106,96.41,1.87
QR002535,FAC003,SKU125,99.21,1.78
QR002536,FAC006,SKU104,95.36,1.55
QR002537,FAC001,SKU112,95.08,1.49
QR002538,FAC005,SKU118,98.7,2.43
QR002539,FAC005,SKU112,98.81,0.06
QR002540,FAC006,SKU105,96.49,0.54
QR002541,FAC005,SKU116,97.57,0.48
QR002542,FAC001,SKU126,99.51,2.87
QR002543,FAC005,SKU109,98.08,0.74
QR002544,FAC004,SKU106,95.81,1.81
QR002545,FAC003,SKU128,95.45,0.73
QR002546,FAC004,SKU111,95.95,0.88
QR002547,FAC003,SKU121,98.68,2.74
QR002548,FAC006,SKU104,97.26,0.37
QR002549,FAC005,SKU117,98.52,2.84
QR002550,FAC006,SKU120,98.89,0.31
QR002551,FAC001,SKU109,96.58,0.77
QR002552,FAC004,SKU126,96.81,1.47
QR002553,FAC005,SKU102,97.98,0.82
QR002554,FAC003,SKU108,97.35,0.7
QR002555,FAC004,SKU107,96.68,1.43
QR002556,FAC002,SKU100,97.89,1.88
QR002557,FAC003,SKU124,97.78,0.06
QR002558,FAC006,SKU109,98.02,0.45
QR002559,FAC002,SKU112,98.14,0.28
QR002560,FAC004,SKU120,95.51,2.52
QR002561,FAC001,SKU102,96.11,1.21
QR002562,FAC006,SKU105,96.21,2.82
QR002563,FAC001,SKU106,98.51,0.82
QR002564,FAC006,SKU101,99.01,0.87
QR002565,FAC001,SKU117,98.22,0.59
QR002566,FAC002,SKU129,95.68,0.75
QR002567,FAC002,SKU117,95.11,1.59
QR002568,FAC003,SKU117,96.53,0.99
QR002569,FAC006,SKU103,97.97,2.4
QR002570,FAC004,SKU126,97.34,2.83
QR002571,FAC002,SKU119,96.68,1.05
QR002572,FAC004,SKU113,96.86,1.91
QR002573,FAC002,SKU118,96.29,1.37
QR002574,FAC004,SKU105,96.85,1.03
QR002575,FAC006,SKU124,95.93,1.7
QR002576,FAC003,SKU115,95.75,2.27
QR002577,FAC002,SKU125,97.82,1.68
QR002578,FAC001,SKU117,96.16,0.87
QR002579,FAC001,SKU129,97.66,2.6
QR002580,FAC005,SKU119,98.3,0.76
QR002581,FAC006,SKU121,95.93,1.31
QR002582,FAC003,SKU110,96.88,2.89
QR002583,FAC001,SKU109,98.93,0.18
QR002584,FAC003,SKU107,99.81,0.89
QR002585,FAC005,SKU125,98.69,2.85
QR002586,FAC005,SKU106,97.85,2.05
QR002587,FAC002,SKU125,99.81,2.18
QR002588,FAC006,SKU126,96.01,0.08
QR002589,FAC003,SKU121,99.61,2.42
QR002590,FAC003,SKU100,98.08,0.66
QR002591,FAC006,SKU106,95.95,1.94
QR002592,FAC002,SKU124,99.69,0.7
QR002593,FAC005,SKU128,96.29,1.31
QR002594,FAC003,SKU110,99.79,1.36
QR002595,FAC002,SKU122,99.84,2.25
QR002596,FAC002,SKU101,98.96,2.17
QR002597,FAC006,SKU127,96.82,0.78
QR002598,FAC006,SKU126,96.07,0.71
QR002599,FAC003,SKU106,99.45,1.84
QR002600,FAC006,SKU111,97.12,1.87
QR002601,FAC005,SKU125,98.89,1.52
QR002602,FAC003,SKU110,95.73,1.3
QR002603,FAC002,SKU126,98.12,2.01
QR002604,FAC001,SKU113,98.66,0.31
QR002605,FAC001,SKU108,98.27,2.51
QR002606,FAC003,SKU116,99.69,1.33
QR002607,FAC002,SKU112,99.12,1.92
QR002608,FAC006,SKU124,97.25,2.55
QR002609,FAC005,SKU121,97.15,0.9
QR002610,FAC003,SKU112,97.42,2.22
QR002611,FAC005,SKU113,97.65,1.78
QR002612,FAC001,SKU126,96.31,0.78
QR002613,FAC006,SKU115,99.56,0.79
QR002614,FAC005,SKU123,98.32,0.65
QR002615,FAC005,SKU103,96.51,0.64
QR002616,FAC006,SKU129,97.76,0.23
QR002617,FAC001,SKU122,97.79,2.14
QR002618,FAC004,SKU114,97.66,0.89
QR002619,FAC004,SKU108,98.82,2.51
QR002620,FAC005,SKU128,95.39,1.35
QR002621,FAC004,SKU111,98.57,1.21
QR002622,FAC006,SKU113,99.73,2.87
QR002623,FAC003,SKU128,98.1,0.17
QR002624,FAC004,SKU120,97.05,2.63
QR002625,FAC003,SKU110,96.78,0.83
QR002626,FAC005,SKU103,99.79,0.89
QR002627,FAC004,SKU103,95.3,2.23
QR002628,FAC006,SKU126,97.0,1.85
QR002629,FAC004,SKU115,98.4,1.7
QR002630,FAC004,SKU117,97.81,2.12
QR002631,FAC006,SKU129,99.01,2.06
QR002632,FAC002,SKU105,98.85,1.92
QR002633,FAC002,SKU116,96.91,0.74
QR002634,FAC001,SKU107,99.72,0.77
QR002635,FAC004,SKU106,99.17,1.07
QR002636,FAC004,SKU108,97.94,2.85
QR002637,FAC006,SKU103,96.88,0.65
QR002638,FAC004,SKU101,98.97,2.26
QR002639,FAC003,SKU119,96.55,1.64
QR002640,FAC002,SKU122,96.66,1.63
QR002641,FAC006,SKU102,95.5,1.08
QR002642,FAC003,SKU101,97.1,1.8
QR002643,FAC002,SKU127,98.12,0.31
QR002644,FAC001,SKU115,97.03,1.31
QR002645,FAC003,SKU125,96.54,0.99
QR002646,FAC002,SKU117,97.55,1.54
QR002647,FAC001,SKU126,96.73,0.79
QR002648,FAC003,SKU107,95.35,0.65
QR002649,FAC005,SKU101,99.64,1.03
QR002650,FAC002,SKU109,96.31,1.59
QR002651,FAC002,SKU116,96.52,2.07
QR002652,FAC003,SKU129,97.31,0.43
QR002653,FAC002,SKU125,99.74,0.09
QR002654,FAC001,SKU102,97.27,0.29
QR002655,FAC003,SKU127,97.91,1.65
QR002656,FAC004,SKU129,99.16,1.55
QR002657,FAC001,SKU108,95.02,1.19
QR002658,FAC005,SKU119,96.77,1.91
QR002659,FAC006,SKU101,96.78,2.35
QR002660,FAC006,SKU124,99.13,1.82
QR002661,FAC001,SKU101,98.21,0.64
QR002662,FAC003,SKU117,98.92,2.98
QR002663,FAC002,SKU110,99.85,1.16
QR002664,FAC005,SKU105,97.06,1.23
QR002665,FAC001,SKU124,96.84,0.82
QR002666,FAC004,SKU116,98.3,1.86
QR002667,FAC006,SKU120,95.99,1.71
QR002668,FAC004,SKU114,97.06,0.44
QR002669,FAC001,SKU105,99.23,1.22
QR002670,FAC006,SKU101,96.84,0.51
QR002671,FAC005,SKU107,96.07,0.28
QR002672,FAC003,SKU110,99.28,2.39
QR002673,FAC002,SKU109,96.35,2.78
QR002674,FAC004,SKU107,95.2,1.69
QR002675,FAC005,SKU128,95.83,2.6
QR002676,FAC005,SKU103,99.19,2.67
QR002677,FAC001,SKU123,97.3,0.06
QR002678,FAC003,SKU100,98.4,0.64
QR002679,FAC001,SKU128,95.48,2.53
QR002680,FAC004,SKU106,95.6,0.82
QR002681,FAC004,SKU103,96.77,2.6
QR002682,FAC005,SKU104,98.46,1.32
QR002683,FAC001,SKU129,99.8,1.74
QR002684,FAC006,SKU101,95.15,0.75
QR002685,FAC002,SKU120,97.67,1.42
QR002686,FAC006,SKU100,99.36,2.07
QR002687,FAC001,SKU124,95.46,2.69
QR002688,FAC005,SKU125,97.98,0.36
QR002689,FAC003,SKU112,99.05,1.84
QR002690,FAC006,SKU116,97.63,1.63
QR002691,FAC006,SKU127,99.03,1.34
QR002692,FAC005,SKU126,95.78,2.66
QR002693,FAC004,SKU116,95.26,2.03
QR002694,FAC001,SKU123,96.89,1.68
QR002695,FAC001,SKU113,95.67,2.1
QR002696,FAC001,SKU102,95.55,1.91
QR002697,FAC004,SKU124,96.46,0.66
QR002698,FAC003,SKU127,96.61,2.13
QR002699,FAC005,SKU102,99.3,2.73
QR002700,FAC003,SKU113,96.07,1.01
QR002701,FAC001,SKU128,97.81,2.65
QR002702,FAC004,SKU127,98.6,1.44
QR002703,FAC003,SKU129,98.8,2.53
QR002704,FAC001,SKU107,99.07,0.94
QR002705,FAC004,SKU128,95.86,1.35
QR002706,FAC001,SKU105,96.97,2.24
QR002707,FAC004,SKU127,99.3,1.57
QR002708,FAC001,SKU106,95.33,2.22
QR002709,FAC005,SKU108,97.77,2.57
QR002710,FAC005,SKU113,96.69,1.26
QR002711,FAC001,SKU101,96.36,2.59
QR002712,FAC002,SKU111,98.47,0.66
QR002713,FAC006,SKU125,97.58,0.73
QR002714,FAC001,SKU126,96.42,1.78
QR002715,FAC001,SKU115,98.49,0.64
QR002716,FAC001,SKU110,99.3,1.56
QR002717,FAC004,SKU117,95.65,0.76
QR002718,FAC005,SKU106,95.73,0.64
QR002719,FAC005,SKU113,96.62,2.85
QR002720,FAC004,SKU106,95.95,0.6
QR002721,FAC001,SKU103,96.74,0.63
QR002722,FAC003,SKU115,99.86,1.7
QR002723,FAC006,SKU116,97.17,2.86
QR002724,FAC004,SKU102,98.16,0.15
QR002725,FAC006,SKU104,98.44,1.63
QR002726,FAC003,SKU114,97.57,1.58
QR002727,FAC005,SKU116,98.49,2.2
QR002728,FAC003,SKU123,96.42,1.67
QR002729,FAC002,SKU115,99.59,2.16
QR002730,FAC001,SKU124,99.83,1.67
QR002731,FAC004,SKU128,97.07,1.39
QR002732,FAC004,SKU108,96.45,2.37
QR002733,FAC002,SKU117,97.61,2.53
QR002734,FAC005,SKU115,98.89,2.01
QR002735,FAC001,SKU108,97.38,1.4
QR002736,FAC006,SKU104,96.52,1.66
QR002737,FAC002,SKU108,99.41,0.89
QR002738,FAC003,SKU105,95.42,1.78
QR002739,FAC002,SKU110,99.65,2.0
QR002740,FAC001,SKU107,95.38,0.17
QR002741,FAC005,SKU104,95.77,1.37
QR002742,FAC005,SKU109,96.4,0.82
QR002743,FAC001,SKU111,98.4,2.57
QR002744,FAC002,SKU121,96.53,2.7
QR002745,FAC002,SKU108,96.7,2.81
QR002746,FAC003,SKU128,99.36,1.84
QR002747,FAC006,SKU122,99.21,0.65
QR002748,FAC003,SKU110,96.89,0.28
QR002749,FAC001,SKU127,99.53,1.44
QR002750,FAC004,SKU113,95.85,2.34
QR002751,FAC003,SKU113,96.96,0.34
QR002752,FAC003,SKU125,97.88,1.12
QR002753,FAC002,SKU124,96.26,1.08
QR002754,FAC002,SKU116,96.1,0.78
QR002755,FAC001,SKU112,99.8,1.75
QR002756,FAC001,SKU124,95.68,2.4
QR002757,FAC003,SKU123,99.49,0.84
QR002758,FAC004,SKU125,98.34,0.21
QR002759,FAC002,SKU123,99.64,1.24
QR002760,FAC006,SKU123,95.93,1.75
QR002761,FAC006,SKU120,95.55,2.73
QR002762,FAC002,SKU125,99.33,2.89
QR002763,FAC001,SKU129,97.88,1.14
QR002764,FAC002,SKU118,95.45,1.46
QR002765,FAC002,SKU102,99.25,0.86
QR002766,FAC002,SKU112,96.6,2.81
QR002767,FAC002,SKU111,95.04,0.9
QR002768,FAC005,SKU123,99.46,1.18
QR002769,FAC005,SKU105,97.76,0.42
QR002770,FAC006,SKU113,97.04,1.08
QR002771,FAC006,SKU100,99.49,0.68
QR002772,FAC003,SKU108,97.23,2.43
QR002773,FAC001,SKU121,96.08,0.71
QR002774,FAC006,SKU100,96.26,1.22
QR002775,FAC004,SKU120,96.71,0.78
QR002776,FAC001,SKU122,97.87,0.49
QR002777,FAC002,SKU117,96.82,0.73
QR002778,FAC002,SKU101,97.74,0.44
QR002779,FAC002,SKU102,99.15,2.84
QR002780,FAC005,SKU112,96.6,1.67
QR002781,FAC005,SKU119,99.76,0.06
QR002782,FAC003,SKU111,95.34,0.33
QR002783,FAC001,SKU103,99.79,0.84
QR002784,FAC004,SKU114,99.79,0.13
QR002785,FAC006,SKU121,96.55,2.76
QR002786,FAC006,SKU100,97.29,1.85
QR002787,FAC001,SKU124,96.83,1.48
QR002788,FAC002,SKU122,97.41,2.71
QR002789,FAC002,SKU107,95.37,2.56
QR002790,FAC006,SKU100,99.11,2.21
QR002791,FAC005,SKU121,98.7,0.77
QR002792,FAC004,SKU120,99.56,0.14
QR002793,FAC006,SKU107,98.71,0.87
QR002794,FAC004,SKU128,97.14,1.03
QR002795,FAC003,SKU126,96.04,1.31
QR002796,FAC006,SKU106,98.66,2.6
QR002797,FAC002,SKU124,98.51,1.5
QR002798,FAC001,SKU117,96.56,1.31
QR002799,FAC004,SKU123,98.25,0.15
QR002800,FAC001,SKU119,95.67,0.88
QR002801,FAC004,SKU112,98.19,0.57
QR002802,FAC005,SKU111,95.1,2.52
QR002803,FAC006,SKU124,97.91,1.27
QR002804,FAC003,SKU104,99.6,0.09
QR002805,FAC006,SKU111,98.86,0.39
QR002806,FAC005,SKU124,99.56,1.36
QR002807,FAC002,SKU110,99.62,2.14
QR002808,FAC002,SKU107,97.73,2.94
QR002809,FAC004,SKU116,95.24,2.89
QR002810,FAC003,SKU129,96.54,1.99
QR002811,FAC006,SKU119,95.27,0.29
QR002812,FAC004,SKU107,97.74,2.81
QR002813,FAC002,SKU100,96.07,0.69
QR002814,FAC001,SKU115,96.03,1.02
QR002815,FAC004,SKU127,99.28,0.45
QR002816,FAC002,SKU115,97.67,0.09
QR002817,FAC005,SKU113,99.16,2.03
QR002818,FAC002,SKU121,97.77,1.4
QR002819,FAC005,SKU114,96.81,1.43
QR002820,FAC004,SKU127,95.7,2.9
QR002821,FAC001,SKU122,98.16,1.19
QR002822,FAC004,SKU125,99.37,0.91
QR002823,FAC004,SKU108,97.57,1.27
QR002824,FAC001,SKU126,98.7,2.62
QR002825,FAC006,SKU128,95.1,2.84
QR002826,FAC001,SKU123,97.98,1.2
QR002827,FAC003,SKU125,97.1,0.31
QR002828,FAC001,SKU127,95.12,0.46
QR002829,FAC006,SKU114,99.81,2.21
QR002830,FAC005,SKU109,98.01,2.62
QR002831,FAC004,SKU126,99.47,1.8
QR002832,FAC003,SKU119,96.45,2.3
QR002833,FAC006,SKU121,95.12,0.33
QR002834,FAC006,SKU106,95.0,0.77
QR002835,FAC006,SKU105,99.88,0.24
QR002836,FAC006,SKU109,99.13,0.98
QR002837,FAC003,SKU100,96.17,1.79
QR002838,FAC003,SKU121,97.54,0.93
QR002839,FAC005,SKU110,96.93,0.09
QR002840,FAC001,SKU109,99.48,1.65
QR002841,FAC006,SKU122,96.61,1.67
QR002842,FAC001,SKU110,97.16,1.92
QR002843,FAC005,SKU126,98.94,0.29
QR002844,FAC001,SKU106,95.61,1.76
QR002845,FAC002,SKU101,97.64,2.94
QR002846,FAC002,SKU114,98.7,2.52
QR002847,FAC002,SKU106,98.57,0.76
QR002848,FAC001,SKU127,99.4,0.77
QR002849,FAC003,SKU114,95.96,2.99
QR002850,FAC003,SKU113,98.83,2.18
QR002851,FAC005,SKU110,97.4,2.23
QR002852,FAC002,SKU100,96.49,0.18
QR002853,FAC006,SKU101,96.37,1.97
QR002854,FAC006,SKU127,96.38,2.1
QR002855,FAC004,SKU101,95.51,1.73
QR002856,FAC001,SKU123,95.6,2.36
QR002857,FAC005,SKU107,99.86,1.1
QR002858,FAC005,SKU110,95.87,1.64
QR002859,FAC003,SKU129,95.31,0.61
QR002860,FAC001,SKU109,97.75,1.93
QR002861,FAC004,SKU115,99.34,1.5
QR002862,FAC006,SKU113,95.3,2.37
QR002863,FAC002,SKU104,95.18,2.2
QR002864,FAC003,SKU106,97.79,1.75
QR002865,FAC002,SKU109,95.64,2.78
QR002866,FAC006,SKU123,97.03,1.61
QR002867,FAC002,SKU114,97.75,1.9
QR002868,FAC006,SKU115,97.2,1.08
QR002869,FAC004,SKU113,98.16,1.62
QR002870,FAC001,SKU109,97.0,2.6
QR002871,FAC004,SKU100,96.52,2.42
QR002872,FAC003,SKU106,99.11,2.41
QR002873,FAC003,SKU126,98.67,0.31
QR002874,FAC006,SKU111,97.57,1.83
QR002875,FAC006,SKU128,99.14,0.44
QR002876,FAC003,SKU128,95.78,1.96
QR002877,FAC003,SKU105,99.83,2.88
QR002878,FAC003,SKU117,96.36,1.12
QR002879,FAC001,SKU121,96.45,1.46
QR002880,FAC004,SKU120,95.66,2.49
QR002881,FAC002,SKU121,95.74,2.94
QR002882,FAC001,SKU119,97.8,0.08
QR002883,FAC006,SKU129,96.14,2.46
QR002884,FAC001,SKU125,99.53,1.33
QR002885,FAC006,SKU104,97.29,0.6
QR002886,FAC001,SKU108,98.71,1.66
QR002887,FAC002,SKU108,99.49,0.25
QR002888,FAC003,SKU126,96.83,0.54
QR002889,FAC004,SKU118,96.76,1.05
QR002890,FAC006,SKU121,95.25,2.45
QR002891,FAC006,SKU114,98.4,1.65
QR002892,FAC005,SKU107,99.23,2.39
QR002893,FAC002,SKU100,97.74,0.99
QR002894,FAC006,SKU103,95.19,1.95
QR002895,FAC005,SKU116,95.0,0.8
QR002896,FAC002,SKU103,96.34,2.58
QR002897,FAC005,SKU109,96.8,2.63
QR002898,FAC003,SKU101,95.43,0.27
QR002899,FAC003,SKU114,98.72,1.86
QR002900,FAC005,SKU125,97.75,1.03
QR002901,FAC004,SKU103,98.43,0.18
QR002902,FAC006,SKU114,97.08,1.24
QR002903,FAC006,SKU101,96.2,1.37
QR002904,FAC004,SKU106,96.26,0.61
QR002905,FAC006,SKU114,96.37,1.78
QR002906,FAC001,SKU113,97.14,2.53
QR002907,FAC006,SKU100,99.77,2.86
QR002908,FAC004,SKU119,97.55,0.36
QR002909,FAC005,SKU117,95.12,1.65
QR002910,FAC003,SKU103,96.76,0.68
QR002911,FAC006,SKU108,95.05,2.59
QR002912,FAC004,SKU112,98.23,1.11
QR002913,FAC002,SKU109,95.57,1.96
QR002914,FAC006,SKU121,96.06,0.81
QR002915,FAC006,SKU118,98.82,0.39
QR002916,FAC001,SKU118,97.72,1.44
QR002917,FAC005,SKU121,96.34,0.3
QR002918,FAC006,SKU105,96.56,0.9
QR002919,FAC003,SKU102,96.72,1.22
QR002920,FAC001,SKU119,98.47,0.9
QR002921,FAC003,SKU107,99.58,2.34
QR002922,FAC003,SKU129,96.53,1.16
QR002923,FAC005,SKU113,97.69,0.65
QR002924,FAC001,SKU107,97.21,0.56
QR002925,FAC001,SKU117,95.61,0.77
QR002926,FAC002,SKU124,95.98,2.04
QR002927,FAC006,SKU115,95.33,2.66
QR002928,FAC002,SKU127,97.66,2.35
QR002929,FAC003,SKU124,97.53,1.58
QR002930,FAC001,SKU112,96.03,1.77
QR002931,FAC002,SKU121,97.26,0.7
QR002932,FAC005,SKU128,96.64,2.26
QR002933,FAC006,SKU111,96.32,0.29
QR002934,FAC006,SKU102,95.23,1.32
QR002935,FAC001,SKU113,99.81,1.96
QR002936,FAC006,SKU112,99.17,0.8
QR002937,FAC002,SKU115,99.21,1.71
QR002938,FAC005,SKU109,98.05,2.47
QR002939,FAC004,SKU117,97.81,2.08
QR002940,FAC006,SKU118,99.76,1.61
QR002941,FAC005,SKU129,96.41,1.97
QR002942,FAC006,SKU120,98.03,1.03
QR002943,FAC003,SKU107,97.93,0.41
QR002944,FAC006,SKU113,95.12,2.64
QR002945,FAC002,SKU104,96.52,1.03
QR002946,FAC005,SKU105,99.3,1.22
QR002947,FAC003,SKU125,99.45,0.06
QR002948,FAC003,SKU121,96.19,2.2
QR002949,FAC001,SKU110,95.27,0.4
QR002950,FAC006,SKU103,98.9,0.64
QR002951,FAC004,SKU120,97.91,1.63
QR002952,FAC003,SKU102,95.87,0.3
QR002953,FAC002,SKU116,95.98,2.21
QR002954,FAC002,SKU111,97.43,2.43
QR002955,FAC003,SKU105,99.52,0.92
QR002956,FAC004,SKU125,95.5,2.42
QR002957,FAC001,SKU128,99.77,2.18
QR002958,FAC001,SKU115,95.37,2.38
QR002959,FAC002,SKU118,97.31,0.97
QR002960,FAC002,SKU117,98.78,0.99
QR002961,FAC002,SKU128,96.9,1.29
QR002962,FAC003,SKU126,96.55,1.72
QR002963,FAC002,SKU118,97.48,2.4
QR002964,FAC002,SKU113,96.64,2.61
QR002965,FAC001,SKU109,98.1,0.92
QR002966,FAC005,SKU122,97.35,1.73
QR002967,FAC003,SKU110,95.74,0.47
QR002968,FAC003,SKU112,95.44,2.6
QR002969,FAC005,SKU101,98.12,1.45
QR002970,FAC004,SKU104,96.52,2.03
QR002971,FAC005,SKU116,96.51,0.24
QR002972,FAC004,SKU109,97.16,1.23
QR002973,FAC001,SKU126,97.61,2.62
QR002974,FAC002,SKU128,99.9,1.94
QR002975,FAC002,SKU101,95.52,1.35
QR002976,FAC002,SKU120,99.75,1.46
QR002977,FAC005,SKU127,98.07,1.33
QR002978,FAC001,SKU125,95.85,1.03
QR002979,FAC002,SKU101,96.4,0.53
QR002980,FAC005,SKU120,99.57,1.52
QR002981,FAC005,SKU100,98.5,0.64
QR002982,FAC001,SKU128,97.36,2.88
QR002983,FAC001,SKU118,99.31,0.91
QR002984,FAC002,SKU118,96.68,0.23
QR002985,FAC005,SKU112,97.25,0.65
QR002986,FAC002,SKU103,95.11,2.16
QR002987,FAC004,SKU100,99.72,2.99
QR002988,FAC004,SKU102,97.39,1.98
QR002989,FAC005,SKU103,99.34,1.49
QR002990,FAC003,SKU121,97.38,2.29
QR002991,FAC002,SKU107,99.53,1.8
QR002992,FAC003,SKU122,97.86,2.37
QR002993,FAC005,SKU120,95.92,2.07
QR002994,FAC005,SKU119,96.35,1.03
QR002995,FAC006,SKU112,99.51,0.96
QR002996,FAC002,SKU109,98.32,1.51
QR002997,FAC004,SKU113,95.79,2.28
QR002998,FAC006,SKU117,97.3,0.97
QR002999,FAC005,SKU121,99.2,0.51
QR003000,FAC006,SKU123,97.07,2.73
QR003001,FAC001,SKU125,97.14,2.09
QR003002,FAC004,SKU109,99.2,0.64
QR003003,FAC001,SKU100,99.53,1.06
QR003004,FAC002,SKU107,96.07,0.65
QR003005,FAC004,SKU111,96.22,1.81
QR003006,FAC001,SKU110,99.31,1.25
QR003007,FAC006,SKU105,99.16,1.78
QR003008,FAC004,SKU114,95.99,2.46
QR003009,FAC003,SKU105,95.8,1.32
QR003010,FAC005,SKU121,98.98,2.06
QR003011,FAC006,SKU104,98.9,1.41
QR003012,FAC003,SKU112,96.11,0.99
QR003013,FAC004,SKU112,96.29,0.8
QR003014,FAC003,SKU106,95.65,2.12
QR003015,FAC005,SKU124,95.82,2.07
QR003016,FAC003,SKU114,96.34,0.83
QR003017,FAC002,SKU100,95.66,2.49
QR003018,FAC006,SKU112,95.53,0.82
QR003019,FAC006,SKU116,95.49,0.27
QR003020,FAC006,SKU119,98.68,0.16
QR003021,FAC006,SKU113,99.74,1.09
QR003022,FAC006,SKU104,99.41,1.49
QR003023,FAC004,SKU122,95.16,2.02
QR003024,FAC006,SKU113,98.23,2.97
QR003025,FAC003,SKU120,99.25,1.85
QR003026,FAC006,SKU118,97.43,1.5
QR003027,FAC006,SKU121,97.31,2.18
QR003028,FAC002,SKU118,95.6,1.42
QR003029,FAC006,SKU118,97.86,0.78
QR003030,FAC006,SKU107,99.81,0.36
QR003031,FAC004,SKU114,99.08,2.0
QR003032,FAC005,SKU114,97.75,2.78
QR003033,FAC004,SKU129,95.5,1.05
QR003034,FAC001,SKU128,95.1,1.88
QR003035,FAC005,SKU104,96.54,0.31
QR003036,FAC005,SKU104,97.98,1.01
QR003037,FAC001,SKU104,95.52,2.62
QR003038,FAC005,SKU127,99.46,2.31
QR003039,FAC006,SKU124,96.99,0.76
QR003040,FAC001,SKU119,97.17,2.75
QR003041,FAC003,SKU111,98.34,1.87
QR003042,FAC004,SKU121,97.41,1.82
QR003043,FAC005,SKU125,95.8,2.18
QR003044,FAC001,SKU123,97.24,2.48
QR003045,FAC002,SKU111,96.16,2.71
QR003046,FAC003,SKU111,97.73,1.73
QR003047,FAC003,SKU128,98.52,2.03
QR003048,FAC004,SKU117,98.44,1.31
QR003049,FAC005,SKU105,98.81,2.54
QR003050,FAC004,SKU100,95.1,2.68
QR003051,FAC004,SKU121,99.06,0.05
QR003052,FAC001,SKU101,96.3,2.33
QR003053,FAC004,SKU106,97.26,1.8
QR003054,FAC005,SKU103,98.68,1.16
QR003055,FAC006,SKU129,96.83,1.04
QR003056,FAC003,SKU103,96.99,0.41
QR003057,FAC005,SKU109,95.43,0.7
QR003058,FAC004,SKU117,99.17,0.16
QR003059,FAC003,SKU101,99.39,0.23
QR003060,FAC004,SKU112,98.23,0.84
QR003061,FAC002,SKU105,95.15,1.37
QR003062,FAC002,SKU106,97.21,1.6
QR003063,FAC001,SKU103,95.58,1.42
QR003064,FAC005,SKU118,96.94,1.0
QR003065,FAC006,SKU116,97.33,2.78
QR003066,FAC001,SKU104,95.15,1.93
QR003067,FAC004,SKU129,95.95,2.45
QR003068,FAC005,SKU122,99.23,2.36
QR003069,FAC005,SKU101,96.56,1.29
QR003070,FAC005,SKU101,97.55,2.68
QR003071,FAC005,SKU107,97.18,2.12
QR003072,FAC004,SKU110,98.22,1.57
QR003073,FAC002,SKU113,96.28,0.93
QR003074,FAC005,SKU119,95.39,2.89
QR003075,FAC004,SKU115,99.37,1.03
QR003076,FAC005,SKU128,96.06,0.94
QR003077,FAC004,SKU119,99.85,0.69
QR003078,FAC001,SKU120,95.14,2.04
QR003079,FAC004,SKU109,95.01,2.45
QR003080,FAC002,SKU119,97.4,0.42
QR003081,FAC004,SKU122,99.14,2.58
QR003082,FAC005,SKU101,95.44,1.88
QR003083,FAC005,SKU128,98.92,1.43
QR003084,FAC004,SKU102,96.91,0.99
QR003085,FAC004,SKU107,96.38,0.21
QR003086,FAC005,SKU108,95.91,1.06
QR003087,FAC006,SKU118,97.08,0.52
QR003088,FAC004,SKU129,95.08,2.64
QR003089,FAC006,SKU103,96.11,2.72
QR003090,FAC005,SKU115,99.31,1.52
QR003091,FAC003,SKU114,97.03,0.6
QR003092,FAC001,SKU126,96.26,2.75
QR003093,FAC001,SKU108,96.64,0.17
QR003094,FAC006,SKU113,98.28,2.19
QR003095,FAC004,SKU106,98.6,2.07
QR003096,FAC004,SKU122,98.1,1.21
QR003097,FAC001,SKU117,97.13,2.1
QR003098,FAC005,SKU103,97.46,2.88
QR003099,FAC006,SKU100,95.6,1.57
QR003100,FAC001,SKU107,97.39,2.43
QR003101,FAC003,SKU108,96.0,1.45
QR003102,FAC004,SKU104,96.9,2.58
QR003103,FAC005,SKU113,97.2,0.56
QR003104,FAC005,SKU112,96.55,2.05
QR003105,FAC005,SKU117,96.56,1.26
QR003106,FAC006,SKU112,96.88,0.93
QR003107,FAC001,SKU105,95.31,2.7
QR003108,FAC001,SKU108,96.74,0.93
QR003109,FAC003,SKU111,97.41,0.97
QR003110,FAC006,SKU100,98.69,1.59
QR003111,FAC006,SKU107,98.87,2.46
QR003112,FAC003,SKU120,95.95,2.46
QR003113,FAC002,SKU105,97.72,0.41
QR003114,FAC004,SKU128,96.24,0.79
QR003115,FAC001,SKU105,96.27,2.3
QR003116,FAC003,SKU114,97.1,2.16
QR003117,FAC001,SKU118,95.2,1.99
QR003118,FAC002,SKU113,98.27,0.51
QR003119,FAC005,SKU101,96.71,2.92
QR003120,FAC006,SKU104,98.89,0.07
QR003121,FAC004,SKU104,96.58,1.85
QR003122,FAC001,SKU108,98.88,2.6
QR003123,FAC006,SKU126,99.34,2.12
QR003124,FAC001,SKU101,98.07,0.75
QR003125,FAC002,SKU105,97.68,1.5
QR003126,FAC003,SKU106,95.52,2.16
QR003127,FAC006,SKU119,99.16,1.6
QR003128,FAC003,SKU126,99.1,1.41
QR003129,FAC006,SKU122,96.73,1.69
QR003130,FAC001,SKU118,98.51,2.16
QR003131,FAC003,SKU113,98.98,1.68
QR003132,FAC006,SKU125,98.32,0.28
QR003133,FAC001,SKU124,96.28,0.5
QR003134,FAC001,SKU111,96.01,2.28
QR003135,FAC003,SKU108,95.81,2.35
QR003136,FAC003,SKU114,99.41,2.0
QR003137,FAC006,SKU127,95.64,1.23
QR003138,FAC002,SKU113,98.06,2.42
QR003139,FAC005,SKU115,95.01,0.07
QR003140,FAC003,SKU100,96.41,0.53
QR003141,FAC001,SKU125,98.76,1.93
QR003142,FAC006,SKU107,99.24,2.11
QR003143,FAC001,SKU109,99.5,1.06
QR003144,FAC002,SKU122,95.41,1.11
QR003145,FAC004,SKU111,95.94,2.67
QR003146,FAC004,SKU110,97.62,0.44
QR003147,FAC006,SKU125,99.33,1.87
QR003148,FAC005,SKU129,97.54,2.49
QR003149,FAC004,SKU127,98.62,0.39
QR003150,FAC003,SKU101,98.87,2.31
QR003151,FAC001,SKU114,97.61,1.06
QR003152,FAC001,SKU105,97.07,1.81
QR003153,FAC003,SKU128,98.36,0.74
QR003154,FAC006,SKU128,98.08,0.88
QR003155,FAC006,SKU115,98.52,2.63
QR003156,FAC003,SKU101,97.55,0.18
QR003157,FAC006,SKU102,99.4,2.06
QR003158,FAC002,SKU123,95.78,2.7
QR003159,FAC006,SKU124,99.35,1.94
QR003160,FAC005,SKU129,96.42,0.84
QR003161,FAC005,SKU105,98.33,1.35
QR003162,FAC003,SKU110,97.81,1.92
QR003163,FAC002,SKU100,98.17,2.27
QR003164,FAC006,SKU122,95.51,1.3
QR003165,FAC005,SKU109,95.32,0.54
QR003166,FAC004,SKU106,99.29,2.15
QR003167,FAC003,SKU112,98.77,0.33
QR003168,FAC006,SKU116,99.32,0.32
QR003169,FAC006,SKU116,99.31,1.73
QR003170,FAC004,SKU119,96.39,2.41
QR003171,FAC001,SKU129,97.85,2.63
QR003172,FAC003,SKU126,98.48,2.05
QR003173,FAC003,SKU128,99.12,0.17
QR003174,FAC002,SKU102,99.46,1.85
QR003175,FAC003,SKU112,97.36,2.01
QR003176,FAC005,SKU116,96.92,0.42
QR003177,FAC003,SKU101,99.85,2.38
QR003178,FAC005,SKU100,96.28,0.64
QR003179,FAC003,SKU128,98.55,2.16
QR003180,FAC003,SKU122,95.92,0.73
QR003181,FAC001,SKU120,99.12,0.33
QR003182,FAC003,SKU122,95.94,0.89
QR003183,FAC001,SKU115,95.99,1.0
QR003184,FAC005,SKU108,95.32,2.28
QR003185,FAC003,SKU106,95.11,1.46
QR003186,FAC006,SKU117,99.36,0.63
QR003187,FAC001,SKU107,95.49,2.47
QR003188,FAC004,SKU118,98.71,0.31
QR003189,FAC001,SKU125,96.01,1.28
QR003190,FAC006,SKU117,95.86,2.26
QR003191,FAC002,SKU112,97.13,2.57
QR003192,FAC006,SKU103,99.1,0.12
QR003193,FAC006,SKU111,97.07,2.62
QR003194,FAC004,SKU122,99.84,0.46
QR003195,FAC002,SKU119,95.44,1.19
QR003196,FAC005,SKU120,98.42,2.48
QR003197,FAC001,SKU125,96.83,2.84
QR003198,FAC004,SKU108,97.79,2.44
QR003199,FAC001,SKU114,99.55,1.3
QR003200,FAC001,SKU124,99.01,1.27
QR003201,FAC003,SKU100,97.2,1.17
QR003202,FAC003,SKU109,96.25,2.84
QR003203,FAC002,SKU127,95.06,1.76
QR003204,FAC002,SKU104,98.33,2.29
QR003205,FAC004,SKU111,98.74,2.34
QR003206,FAC004,SKU111,95.88,2.46
QR003207,FAC001,SKU114,95.23,1.94
QR003208,FAC002,SKU114,97.12,2.34
QR003209,FAC005,SKU120,96.73,0.83
QR003210,FAC001,SKU101,97.09,2.09
QR003211,FAC005,SKU103,98.89,2.66
QR003212,FAC002,SKU128,96.79,2.67
QR003213,FAC003,SKU124,99.49,2.8
QR003214,FAC003,SKU128,96.97,1.03
QR003215,FAC003,SKU104,97.84,2.59
QR003216,FAC003,SKU116,95.3,1.66
QR003217,FAC003,SKU115,97.14,0.58
QR003218,FAC005,SKU118,98.84,0.43
QR003219,FAC002,SKU118,96.73,2.47
QR003220,FAC006,SKU129,95.08,0.37
QR003221,FAC002,SKU119,96.67,2.75
QR003222,FAC005,SKU101,95.28,2.46
QR003223,FAC004,SKU121,96.87,0.48
QR003224,FAC002,SKU109,98.56,2.2
QR003225,FAC006,SKU111,96.54,0.25
QR003226,FAC006,SKU115,98.15,2.48
QR003227,FAC001,SKU124,96.16,0.4
QR003228,FAC005,SKU122,99.46,0.62
QR003229,FAC004,SKU103,99.3,1.36
QR003230,FAC001,SKU119,99.21,2.46
QR003231,FAC003,SKU112,97.02,1.19
QR003232,FAC004,SKU115,99.01,2.42
QR003233,FAC001,SKU124,95.99,2.28
QR003234,FAC001,SKU102,96.45,1.58
QR003235,FAC006,SKU103,99.26,2.77
QR003236,FAC005,SKU105,96.84,0.08
QR003237,FAC002,SKU115,97.56,2.26
QR003238,FAC003,SKU121,97.01,0.1
QR003239,FAC005,SKU107,99.21,0.33
QR003240,FAC005,SKU107,95.79,1.49
QR003241,FAC004,SKU104,97.55,1.11
QR003242,FAC005,SKU114,98.0,2.38
QR003243,FAC004,SKU103,98.42,0.18
QR003244,FAC006,SKU113,96.23,0.28
QR003245,FAC006,SKU125,95.94,2.7
QR003246,FAC003,SKU115,98.23,2.65
QR003247,FAC001,SKU128,97.14,1.28
QR003248,FAC002,SKU110,97.54,0.75
QR003249,FAC005,SKU121,96.01,0.78
QR003250,FAC004,SKU122,99.72,0.69
QR003251,FAC003,SKU129,95.66,1.04
QR003252,FAC003,SKU126,99.05,1.81
QR003253,FAC004,SKU119,98.57,1.18
QR003254,FAC005,SKU121,99.39,0.08
QR003255,FAC006,SKU127,97.69,0.51
QR003256,FAC006,SKU102,99.61,2.63
QR003257,FAC002,SKU107,99.44,0.77
QR003258,FAC001,SKU102,95.21,0.4
QR003259,FAC006,SKU115,95.6,2.72
QR003260,FAC001,SKU101,95.02,2.6
QR003261,FAC001,SKU116,95.27,1.47
QR003262,FAC003,SKU120,95.7,0.16
QR003263,FAC005,SKU120,95.12,2.56
QR003264,FAC006,SKU121,95.49,0.15
QR003265,FAC005,SKU128,97.69,1.76
QR003266,FAC006,SKU115,97.15,0.2
QR003267,FAC005,SKU111,95.12,2.73
QR003268,FAC006,SKU111,98.23,1.55
QR003269,FAC005,SKU102,98.24,1.53
QR003270,FAC002,SKU105,96.08,1.79
QR003271,FAC003,SKU113,98.9,1.24
QR003272,FAC006,SKU116,97.28,0.94
QR003273,FAC004,SKU124,98.35,2.07
QR003274,FAC003,SKU128,96.24,2.33
QR003275,FAC003,SKU115,95.61,0.65
QR003276,FAC003,SKU117,96.7,2.32
QR003277,FAC001,SKU105,95.07,1.57
QR003278,FAC001,SKU120,95.98,0.79
QR003279,FAC006,SKU107,96.2,2.23
QR003280,FAC002,SKU116,98.35,1.85
QR003281,FAC002,SKU102,97.41,1.44
QR003282,FAC001,SKU107,97.17,1.85
QR003283,FAC003,SKU119,98.87,1.59
QR003284,FAC001,SKU101,98.43,0.75
QR003285,FAC002,SKU105,98.36,0.67
QR003286,FAC006,SKU108,97.54,0.07
QR003287,FAC005,SKU103,98.81,1.34
QR003288,FAC004,SKU101,98.91,2.67
QR003289,FAC001,SKU108,98.57,1.56
QR003290,FAC004,SKU108,95.99,2.23
QR003291,FAC005,SKU103,97.52,1.44
QR003292,FAC001,SKU112,97.27,2.35
QR003293,FAC003,SKU110,99.36,2.04
QR003294,FAC005,SKU102,96.48,0.26
QR003295,FAC001,SKU103,99.36,1.78
QR003296,FAC005,SKU103,96.76,1.91
QR003297,FAC001,SKU105,97.88,1.53
QR003298,FAC003,SKU104,97.94,2.94
QR003299,FAC003,SKU112,95.77,1.98
QR003300,FAC006,SKU116,98.58,1.71
QR003301,FAC002,SKU114,96.91,2.76
QR003302,FAC002,SKU121,96.46,0.11
QR003303,FAC003,SKU117,98.68,0.94
QR003304,FAC003,SKU128,97.03,0.37
QR003305,FAC002,SKU121,99.16,2.73
QR003306,FAC005,SKU110,96.93,1.07
QR003307,FAC002,SKU117,99.83,2.99
QR003308,FAC005,SKU103,99.31,2.2
QR003309,FAC002,SKU116,95.27,2.9
QR003310,FAC001,SKU125,97.12,0.12
QR003311,FAC003,SKU114,99.5,2.64
QR003312,FAC004,SKU109,99.61,1.93
QR003313,FAC002,SKU120,97.83,0.07
QR003314,FAC003,SKU101,96.75,1.76
QR003315,FAC002,SKU127,98.73,0.83
QR003316,FAC006,SKU100,95.95,2.02
QR003317,FAC001,SKU113,95.67,1.13
QR003318,FAC006,SKU126,99.32,2.11
QR003319,FAC004,SKU126,96.56,0.14
QR003320,FAC006,SKU106,95.14,0.8
QR003321,FAC002,SKU118,98.5,0.1
QR003322,FAC006,SKU118,97.97,2.73
QR003323,FAC004,SKU108,98.3,2.79
QR003324,FAC006,SKU103,95.06,2.38
QR003325,FAC003,SKU116,98.55,1.26
QR003326,FAC001,SKU123,96.98,2.37
QR003327,FAC006,SKU109,99.67,1.19
QR003328,FAC004,SKU115,96.01,2.57
QR003329,FAC005,SKU103,97.98,2.55
QR003330,FAC004,SKU123,99.36,2.44
QR003331,FAC001,SKU125,96.29,0.49
QR003332,FAC003,SKU106,99.82,2.67
QR003333,FAC003,SKU109,95.56,1.88
QR003334,FAC005,SKU125,98.89,1.22
QR003335,FAC004,SKU111,97.19,0.77
QR003336,FAC001,SKU118,98.61,1.31
QR003337,FAC001,SKU103,96.92,0.94
QR003338,FAC005,SKU100,99.89,1.2
QR003339,FAC001,SKU125,98.17,0.85
QR003340,FAC001,SKU100,97.33,2.55
QR003341,FAC003,SKU121,98.64,2.79
QR003342,FAC006,SKU100,96.06,2.98
QR003343,FAC004,SKU121,98.98,2.35
QR003344,FAC002,SKU125,95.87,1.44
QR003345,FAC002,SKU127,95.46,1.42
QR003346,FAC004,SKU123,95.31,0.67
QR003347,FAC004,SKU103,96.5,1.58
QR003348,FAC004,SKU109,95.72,0.13
QR003349,FAC004,SKU110,96.58,2.22
QR003350,FAC006,SKU117,96.93,0.98
QR003351,FAC004,SKU123,95.42,2.45
QR003352,FAC006,SKU119,97.87,2.28
QR003353,FAC004,SKU108,97.76,0.74
QR003354,FAC002,SKU102,96.94,0.25
QR003355,FAC006,SKU109,95.32,2.96
QR003356,FAC005,SKU121,98.04,0.93
QR003357,FAC003,SKU124,97.18,0.46
QR003358,FAC002,SKU106,98.1,1.3
QR003359,FAC004,SKU105,95.18,0.31
QR003360,FAC004,SKU118,95.61,2.96
QR003361,FAC001,SKU119,95.5,2.15
QR003362,FAC002,SKU120,96.21,2.45
QR003363,FAC004,SKU116,97.89,1.27
QR003364,FAC004,SKU128,96.23,0.44
QR003365,FAC005,SKU125,98.99,0.73
QR003366,FAC003,SKU107,99.53,2.3
QR003367,FAC001,SKU114,97.56,0.51
QR003368,FAC004,SKU125,96.85,2.07
QR003369,FAC006,SKU105,96.89,2.74
QR003370,FAC001,SKU125,98.85,0.29
QR003371,FAC004,SKU113,98.5,0.75
QR003372,FAC006,SKU114,98.11,0.62
QR003373,FAC002,SKU109,98.81,2.2
QR003374,FAC006,SKU126,98.06,0.16
QR003375,FAC006,SKU115,96.77,0.79
QR003376,FAC004,SKU117,96.61,1.75
QR003377,FAC001,SKU108,99.0,0.92
QR003378,FAC002,SKU103,97.13,0.36
QR003379,FAC006,SKU121,95.89,0.42
QR003380,FAC004,SKU117,98.64,1.52
QR003381,FAC004,SKU121,95.64,2.94
QR003382,FAC004,SKU103,96.53,0.65
QR003383,FAC001,SKU113,96.48,0.6
QR003384,FAC001,SKU126,99.73,1.29
QR003385,FAC005,SKU102,97.4,0.39
QR003386,FAC004,SKU106,95.23,2.31
QR003387,FAC001,SKU115,97.97,0.72
QR003388,FAC003,SKU117,96.2,1.85
QR003389,FAC002,SKU106,99.53,0.92
QR003390,FAC006,SKU117,98.98,1.14
QR003391,FAC003,SKU106,96.71,2.66
QR003392,FAC001,SKU109,95.02,1.44
QR003393,FAC001,SKU128,99.39,0.14
QR003394,FAC004,SKU106,95.17,2.37
QR003395,FAC001,SKU122,96.48,1.83
QR003396,FAC002,SKU122,99.52,1.84
QR003397,FAC003,SKU109,98.47,0.09
QR003398,FAC004,SKU120,97.32,2.79
QR003399,FAC001,SKU105,95.66,2.71
QR003400,FAC006,SKU117,97.13,0.13
QR003401,FAC002,SKU118,96.27,1.04
QR003402,FAC004,SKU109,96.08,0.21
QR003403,FAC004,SKU113,95.95,1.08
QR003404,FAC003,SKU114,95.99,1.66
QR003405,FAC003,SKU104,99.37,0.39
QR003406,FAC003,SKU101,95.19,1.08
QR003407,FAC004,SKU128,97.64,1.29
QR003408,FAC004,SKU120,99.23,0.44
QR003409,FAC006,SKU122,99.16,1.81
QR003410,FAC001,SKU112,98.69,0.62
QR003411,FAC002,SKU115,97.83,2.13
QR003412,FAC003,SKU112,98.18,2.33
QR003413,FAC002,SKU102,95.79,0.77
QR003414,FAC005,SKU118,97.9,1.37
QR003415,FAC005,SKU117,98.52,1.57
QR003416,FAC001,SKU129,95.96,2.27
QR003417,FAC005,SKU121,99.42,1.45
QR003418,FAC001,SKU124,98.02,2.85
QR003419,FAC005,SKU110,98.03,0.3
QR003420,FAC006,SKU104,99.8,2.6
QR003421,FAC006,SKU107,95.24,0.68
QR003422,FAC004,SKU102,98.97,1.98
QR003423,FAC006,SKU109,97.32,2.14
QR003424,FAC003,SKU129,98.37,1.81
QR003425,FAC003,SKU121,97.93,0.14
QR003426,FAC003,SKU123,95.56,0.3
QR003427,FAC004,SKU100,99.45,0.11
QR003428,FAC002,SKU103,95.9,1.23
QR003429,FAC004,SKU106,99.65,0.82
QR003430,FAC006,SKU107,95.61,1.94
QR003431,FAC006,SKU104,95.4,1.02
QR003432,FAC004,SKU127,97.54,1.53
QR003433,FAC005,SKU129,99.2,0.98
QR003434,FAC001,SKU119,98.72,1.1
QR003435,FAC006,SKU102,97.13,1.32
QR003436,FAC004,SKU100,99.38,1.4
QR003437,FAC004,SKU107,99.46,2.06
QR003438,FAC005,SKU105,98.22,2.96
QR003439,FAC006,SKU109,96.97,2.03
QR003440,FAC004,SKU100,96.43,0.8
QR003441,FAC006,SKU109,96.28,2.3
QR003442,FAC003,SKU117,96.74,1.39
QR003443,FAC006,SKU120,97.74,2.26
QR003444,FAC002,SKU110,99.35,0.31
QR003445,FAC004,SKU104,98.32,0.13
QR003446,FAC004,SKU107,98.22,1.24
QR003447,FAC001,SKU112,98.41,1.09
QR003448,FAC004,SKU105,97.69,1.56
QR003449,FAC006,SKU127,96.67,1.81
QR003450,FAC002,SKU117,97.03,0.66
QR003451,FAC003,SKU122,99.11,1.61
QR003452,FAC004,SKU105,95.32,1.14
QR003453,FAC004,SKU114,95.12,0.7
QR003454,FAC005,SKU117,95.22,0.29
QR003455,FAC004,SKU121,95.75,0.44
QR003456,FAC003,SKU123,95.96,1.03
QR003457,FAC001,SKU106,99.54,0.83
QR003458,FAC006,SKU114,97.82,1.93
QR003459,FAC003,SKU118,96.4,0.49
QR003460,FAC003,SKU104,95.77,1.65
QR003461,FAC004,SKU124,95.63,0.44
QR003462,FAC003,SKU108,95.14,2.47
QR003463,FAC005,SKU113,95.25,0.92
QR003464,FAC002,SKU110,95.57,1.63
QR003465,FAC005,SKU117,95.09,1.17
QR003466,FAC002,SKU106,99.19,2.48
QR003467,FAC003,SKU117,96.09,2.78
QR003468,FAC002,SKU128,95.39,2.81
QR003469,FAC001,SKU116,95.79,1.11
QR003470,FAC004,SKU124,98.49,1.71
QR003471,FAC002,SKU111,95.49,2.35
QR003472,FAC004,SKU119,96.15,1.42
QR003473,FAC005,SKU119,99.38,2.21
QR003474,FAC004,SKU100,95.59,2.02
QR003475,FAC001,SKU116,97.49,1.51
QR003476,FAC005,SKU112,96.27,2.28
QR003477,FAC002,SKU101,97.67,0.39
QR003478,FAC006,SKU101,99.44,2.42
QR003479,FAC001,SKU102,96.82,1.94
QR003480,FAC002,SKU125,97.51,0.76
QR003481,FAC006,SKU114,95.45,0.08
QR003482,FAC004,SKU116,97.34,0.49
QR003483,FAC006,SKU114,95.91,1.83
QR003484,FAC005,SKU117,98.51,1.44
QR003485,FAC002,SKU128,96.72,0.4
QR003486,FAC005,SKU119,97.31,0.85
QR003487,FAC002,SKU115,97.8,0.95
QR003488,FAC002,SKU100,98.31,0.54
QR003489,FAC004,SKU107,98.73,0.61
QR003490,FAC006,SKU119,99.47,0.51
QR003491,FAC005,SKU124,99.55,1.21
QR003492,FAC002,SKU123,98.35,2.4
QR003493,FAC005,SKU129,95.96,1.97
QR003494,FAC001,SKU108,98.65,1.8
QR003495,FAC001,SKU117,99.65,2.08
QR003496,FAC001,SKU123,96.97,1.35
QR003497,FAC004,SKU100,99.45,1.11
QR003498,FAC002,SKU110,96.18,0.53
QR003499,FAC002,SKU105,96.32,2.38
QR003500,FAC005,SKU110,97.63,1.42
QR003501,FAC005,SKU115,98.99,1.13
QR003502,FAC002,SKU116,98.94,2.56
QR003503,FAC005,SKU100,97.74,2.68
QR003504,FAC004,SKU123,98.82,1.44
QR003505,FAC002,SKU103,96.42,0.6
QR003506,FAC003,SKU119,95.25,2.75
QR003507,FAC003,SKU119,99.33,0.89
QR003508,FAC006,SKU123,99.62,1.38
QR003509,FAC004,SKU120,95.26,2.92
QR003510,FAC004,SKU103,96.83,1.13
QR003511,FAC005,SKU109,99.12,2.88
QR003512,FAC002,SKU116,96.53,1.95
QR003513,FAC006,SKU100,99.38,1.68
QR003514,FAC001,SKU102,99.32,1.0
QR003515,FAC004,SKU109,96.6,0.13
QR003516,FAC002,SKU110,97.78,1.92
QR003517,FAC005,SKU127,99.33,2.51
QR003518,FAC006,SKU123,99.78,1.14
QR003519,FAC006,SKU129,98.32,0.51
QR003520,FAC001,SKU101,97.96,0.17
QR003521,FAC005,SKU124,96.19,0.45
QR003522,FAC003,SKU112,95.98,0.08
QR003523,FAC001,SKU126,98.43,2.03
QR003524,FAC001,SKU118,96.49,0.66
QR003525,FAC004,SKU127,96.0,2.11
QR003526,FAC006,SKU104,96.56,2.68
QR003527,FAC005,SKU100,98.01,2.01
QR003528,FAC006,SKU119,99.25,0.5
QR003529,FAC004,SKU106,96.41,1.99
QR003530,FAC004,SKU129,99.73,1.25
QR003531,FAC002,SKU115,95.26,1.52
QR003532,FAC004,SKU115,98.07,0.54
QR003533,FAC004,SKU116,96.29,1.59
QR003534,FAC001,SKU108,99.83,1.41
QR003535,FAC002,SKU109,98.7,2.99
QR003536,FAC003,SKU104,95.71,2.84
QR003537,FAC003,SKU101,98.23,2.77
QR003538,FAC001,SKU107,96.48,0.71
QR003539,FAC005,SKU117,97.45,1.81
QR003540,FAC005,SKU100,96.31,1.92
QR003541,FAC006,SKU120,96.14,0.75
QR003542,FAC004,SKU113,99.37,0.83
QR003543,FAC004,SKU113,97.25,0.56
QR003544,FAC002,SKU128,96.69,0.22
QR003545,FAC004,SKU126,99.06,2.03
QR003546,FAC003,SKU128,99.12,1.95
QR003547,FAC005,SKU110,95.81,1.32
QR003548,FAC005,SKU100,98.11,2.37
QR003549,FAC003,SKU108,97.48,2.84
QR003550,FAC001,SKU128,98.45,2.22
QR003551,FAC003,SKU123,99.04,2.54
QR003552,FAC001,SKU105,99.55,2.63
QR003553,FAC005,SKU103,99.7,2.3
QR003554,FAC005,SKU110,98.2,0.68
QR003555,FAC003,SKU123,95.72,1.49
QR003556,FAC004,SKU118,98.65,2.02
QR003557,FAC004,SKU107,95.92,1.19
QR003558,FAC003,SKU111,98.59,0.54
QR003559,FAC005,SKU125,98.4,0.77
QR003560,FAC003,SKU114,95.68,1.88
QR003561,FAC002,SKU103,97.02,0.72
QR003562,FAC001,SKU120,97.76,1.98
QR003563,FAC005,SKU115,99.41,1.14
QR003564,FAC006,SKU122,98.07,1.91
QR003565,FAC003,SKU111,99.86,1.25
QR003566,FAC001,SKU102,96.68,0.51
QR003567,FAC003,SKU129,97.09,0.39
QR003568,FAC005,SKU116,99.14,1.54
QR003569,FAC001,SKU126,99.64,2.26
QR003570,FAC003,SKU128,97.72,2.96
QR003571,FAC003,SKU103,98.95,0.15
QR003572,FAC003,SKU105,97.74,1.31
QR003573,FAC001,SKU104,95.05,2.02
QR003574,FAC004,SKU123,95.06,0.24
QR003575,FAC002,SKU129,95.53,0.7
QR003576,FAC006,SKU108,96.77,1.47
QR003577,FAC001,SKU112,95.18,0.89
QR003578,FAC005,SKU100,97.91,1.3
QR003579,FAC006,SKU120,97.77,2.96
QR003580,FAC005,SKU115,99.07,1.0
QR003581,FAC003,SKU110,97.06,0.43
QR003582,FAC004,SKU117,95.13,0.09
QR003583,FAC003,SKU126,95.03,2.11
QR003584,FAC006,SKU113,99.45,1.08
QR003585,FAC005,SKU124,99.52,2.72
QR003586,FAC006,SKU127,95.42,0.5
QR003587,FAC002,SKU117,99.08,1.38
QR003588,FAC002,SKU129,96.92,0.45
QR003589,FAC005,SKU119,97.26,2.45
QR003590,FAC004,SKU122,97.51,0.81
QR003591,FAC005,SKU103,98.33,0.5
QR003592,FAC006,SKU113,98.69,0.58
QR003593,FAC002,SKU119,97.83,0.28
QR003594,FAC005,SKU115,98.68,0.5
QR003595,FAC001,SKU121,95.42,2.07
QR003596,FAC002,SKU117,98.11,1.61
QR003597,FAC001,SKU108,96.36,0.76
QR003598,FAC005,SKU109,97.62,2.61
QR003599,FAC006,SKU105,97.13,0.69
QR003600,FAC002,SKU102,96.79,0.91
QR003601,FAC001,SKU113,96.39,1.57
QR003602,FAC005,SKU122,95.35,0.3
QR003603,FAC003,SKU108,96.3,0.11
QR003604,FAC003,SKU126,98.33,1.76
QR003605,FAC004,SKU120,96.33,2.75
QR003606,FAC005,SKU105,95.65,0.1
QR003607,FAC001,SKU104,97.25,0.05
QR003608,FAC002,SKU119,96.42,0.6
QR003609,FAC004,SKU102,95.2,1.31
QR003610,FAC004,SKU108,99.0,2.49
QR003611,FAC001,SKU110,96.9,0.86
QR003612,FAC006,SKU122,95.18,1.34
QR003613,FAC003,SKU120,96.05,0.52
QR003614,FAC005,SKU119,96.58,1.73
QR003615,FAC006,SKU120,97.19,2.54
QR003616,FAC004,SKU121,96.33,0.44
QR003617,FAC004,SKU126,95.47,1.15
QR003618,FAC005,SKU125,96.0,2.75
QR003619,FAC002,SKU109,99.13,0.84
QR003620,FAC004,SKU112,95.53,2.41
QR003621,FAC001,SKU113,95.05,2.07
QR003622,FAC001,SKU115,96.51,1.55
QR003623,FAC006,SKU119,97.36,0.21
QR003624,FAC002,SKU120,99.69,1.43
QR003625,FAC002,SKU102,99.2,1.16
QR003626,FAC001,SKU125,98.04,1.34
QR003627,FAC001,SKU101,97.59,0.94
QR003628,FAC003,SKU115,97.75,1.86
QR003629,FAC003,SKU101,97.21,2.16
QR003630,FAC001,SKU123,97.01,2.01
QR003631,FAC006,SKU112,97.57,1.45
QR003632,FAC006,SKU123,96.0,2.75
QR003633,FAC006,SKU124,99.74,2.36
QR003634,FAC003,SKU124,97.82,0.79
QR003635,FAC005,SKU107,98.54,0.7
QR003636,FAC005,SKU106,95.69,1.86
QR003637,FAC004,SKU106,97.24,2.75
QR003638,FAC005,SKU105,98.27,2.04
QR003639,FAC004,SKU113,96.66,2.11
QR003640,FAC004,SKU115,99.17,2.93
QR003641,FAC006,SKU127,97.25,0.53
QR003642,FAC001,SKU104,97.61,0.69
QR003643,FAC002,SKU110,97.72,0.61
QR003644,FAC005,SKU109,96.48,0.11
QR003645,FAC001,SKU114,95.1,0.08
QR003646,FAC003,SKU102,97.17,0.17
QR003647,FAC006,SKU100,99.53,2.53
QR003648,FAC005,SKU124,95.68,1.64
QR003649,FAC006,SKU110,99.55,1.63
QR003650,FAC004,SKU124,97.99,1.4
QR003651,FAC002,SKU125,95.69,1.83
QR003652,FAC001,SKU105,95.07,0.19
QR003653,FAC006,SKU123,98.07,2.02
QR003654,FAC002,SKU108,98.6,0.07
QR003655,FAC004,SKU114,97.44,1.54
QR003656,FAC003,SKU102,98.11,0.24
QR003657,FAC002,SKU100,96.36,2.85
QR003658,FAC006,SKU114,99.53,1.17
QR003659,FAC004,SKU114,96.93,2.35
QR003660,FAC002,SKU126,95.89,2.4
QR003661,FAC003,SKU101,99.16,2.8
QR003662,FAC002,SKU128,98.99,0.65
QR003663,FAC003,SKU102,96.74,0.28
QR003664,FAC002,SKU108,96.56,0.78
QR003665,FAC001,SKU105,99.5,1.68
QR003666,FAC005,SKU104,95.43,0.81
QR003667,FAC002,SKU100,96.93,1.74
QR003668,FAC005,SKU106,97.79,0.97
QR003669,FAC001,SKU110,99.45,0.27
QR003670,FAC001,SKU128,99.24,1.98
QR003671,FAC005,SKU120,99.38,1.31
QR003672,FAC004,SKU129,95.69,0.61
QR003673,FAC003,SKU101,95.26,1.29
QR003674,FAC001,SKU114,99.76,1.53
QR003675,FAC001,SKU125,96.92,1.56
QR003676,FAC001,SKU128,95.77,0.56
QR003677,FAC002,SKU117,95.22,1.61
QR003678,FAC004,SKU103,97.13,1.41
QR003679,FAC004,SKU128,95.26,0.38
QR003680,FAC005,SKU100,98.9,1.62
QR003681,FAC003,SKU126,98.33,2.26
QR003682,FAC004,SKU103,95.91,1.22
QR003683,FAC005,SKU105,97.44,0.08
QR003684,FAC002,SKU119,97.43,0.35
QR003685,FAC002,SKU107,98.99,2.78
QR003686,FAC004,SKU127,96.16,0.17
QR003687,FAC002,SKU123,98.23,0.78
QR003688,FAC003,SKU104,96.42,0.13
QR003689,FAC006,SKU116,97.06,0.47
QR003690,FAC005,SKU112,99.18,0.24
QR003691,FAC004,SKU110,97.9,0.7
QR003692,FAC004,SKU116,99.78,1.5
QR003693,FAC003,SKU124,98.12,0.14
QR003694,FAC003,SKU129,95.45,1.52
QR003695,FAC005,SKU105,95.7,1.77
QR003696,FAC003,SKU106,98.35,0.62
QR003697,FAC005,SKU112,97.89,1.87
QR003698,FAC005,SKU126,97.8,1.78
QR003699,FAC003,SKU109,99.83,0.12
QR003700,FAC001,SKU124,98.63,1.41
QR003701,FAC002,SKU100,98.69,0.94
QR003702,FAC003,SKU101,95.85,1.34
QR003703,FAC003,SKU115,97.31,1.02
QR003704,FAC003,SKU114,95.44,0.77
QR003705,FAC005,SKU110,99.1,1.54
QR003706,FAC006,SKU103,95.73,0.22
QR003707,FAC004,SKU107,95.06,0.51
QR003708,FAC002,SKU117,95.03,2.03
QR003709,FAC004,SKU118,95.71,1.94
QR003710,FAC002,SKU103,98.5,2.66
QR003711,FAC006,SKU106,96.8,0.9
QR003712,FAC003,SKU103,95.63,2.24
QR003713,FAC001,SKU112,96.82,2.62
QR003714,FAC005,SKU102,95.41,0.65
QR003715,FAC002,SKU125,97.55,1.62
QR003716,FAC005,SKU129,95.82,2.47
QR003717,FAC006,SKU114,96.6,1.91
QR003718,FAC002,SKU109,96.19,0.62
QR003719,FAC002,SKU102,97.02,1.8
QR003720,FAC002,SKU112,98.16,0.84
QR003721,FAC005,SKU127,97.49,1.94
QR003722,FAC001,SKU104,97.27,0.26
QR003723,FAC003,SKU121,95.37,2.76
QR003724,FAC003,SKU114,99.45,1.1
QR003725,FAC001,SKU112,95.52,0.58
QR003726,FAC006,SKU125,97.71,1.9
QR003727,FAC004,SKU129,99.58,0.42
QR003728,FAC003,SKU116,97.67,1.12
QR003729,FAC005,SKU117,96.37,2.68
QR003730,FAC003,SKU123,99.67,0.66
QR003731,FAC005,SKU103,95.71,2.1
QR003732,FAC001,SKU110,99.15,2.99
QR003733,FAC001,SKU121,98.42,2.47
QR003734,FAC004,SKU109,95.28,2.37
QR003735,FAC006,SKU101,97.76,0.09
QR003736,FAC001,SKU101,97.74,1.6
QR003737,FAC001,SKU100,97.1,2.59
QR003738,FAC003,SKU110,97.57,0.2
QR003739,FAC003,SKU122,95.83,1.63
QR003740,FAC002,SKU104,96.61,2.04
QR003741,FAC003,SKU112,98.23,2.01
QR003742,FAC002,SKU109,96.51,1.34
QR003743,FAC005,SKU123,96.43,1.52
QR003744,FAC002,SKU103,98.26,1.52
QR003745,FAC002,SKU119,95.69,0.56
QR003746,FAC003,SKU120,97.75,0.3
QR003747,FAC005,SKU103,98.9,0.23
QR003748,FAC006,SKU100,96.49,2.02
QR003749,FAC003,SKU118,99.03,0.73
QR003750,FAC004,SKU117,96.52,1.07
QR003751,FAC005,SKU122,95.42,2.88
QR003752,FAC001,SKU129,98.86,2.73
QR003753,FAC005,SKU129,98.48,0.69
QR003754,FAC006,SKU128,98.76,1.2
QR003755,FAC006,SKU128,99.47,0.94
QR003756,FAC004,SKU120,99.65,2.44
QR003757,FAC002,SKU125,99.87,2.4
QR003758,FAC005,SKU124,95.25,0.67
QR003759,FAC003,SKU124,99.64,2.31
QR003760,FAC002,SKU116,97.92,1.53
QR003761,FAC001,SKU112,96.79,2.19
QR003762,FAC004,SKU120,96.13,0.32
QR003763,FAC003,SKU118,96.09,0.93
QR003764,FAC004,SKU114,97.79,2.19
QR003765,FAC004,SKU107,98.11,2.17
QR003766,FAC004,SKU103,98.34,1.59
QR003767,FAC005,SKU124,95.49,0.67
QR003768,FAC006,SKU125,96.22,2.11
QR003769,FAC001,SKU117,99.07,1.17
QR003770,FAC003,SKU101,96.29,2.49
QR003771,FAC006,SKU120,96.03,2.37
QR003772,FAC001,SKU125,97.82,1.82
QR003773,FAC003,SKU127,97.59,2.5
QR003774,FAC002,SKU124,99.12,1.27
QR003775,FAC001,SKU122,98.94,1.17
QR003776,FAC001,SKU112,99.4,1.11
QR003777,FAC003,SKU128,95.99,0.21
QR003778,FAC001,SKU112,97.86,2.97
QR003779,FAC003,SKU110,96.74,0.82
QR003780,FAC004,SKU115,99.67,0.43
QR003781,FAC005,SKU113,98.6,2.17
QR003782,FAC002,SKU122,96.8,1.09
QR003783,FAC002,SKU105,99.49,1.86
QR003784,FAC006,SKU115,95.22,2.42
QR003785,FAC005,SKU122,98.06,1.14
QR003786,FAC003,SKU122,97.64,2.25
QR003787,FAC005,SKU112,95.49,2.0
QR003788,FAC002,SKU122,97.23,0.6
QR003789,FAC002,SKU121,97.36,1.74
QR003790,FAC001,SKU116,98.05,1.84
QR003791,FAC005,SKU124,98.81,0.71
QR003792,FAC002,SKU112,98.86,1.68
QR003793,FAC003,SKU121,95.22,2.92
QR003794,FAC002,SKU116,97.28,2.81
QR003795,FAC003,SKU123,98.57,1.32
QR003796,FAC005,SKU129,99.34,2.09
QR003797,FAC005,SKU117,99.89,0.71
QR003798,FAC001,SKU104,96.18,2.81
QR003799,FAC004,SKU122,95.18,1.36
QR003800,FAC002,SKU112,96.22,1.47
QR003801,FAC004,SKU126,98.68,2.1
QR003802,FAC002,SKU121,99.74,0.62
QR003803,FAC006,SKU121,99.46,0.98
QR003804,FAC003,SKU115,96.13,1.41
QR003805,FAC003,SKU104,98.65,2.39
QR003806,FAC002,SKU105,97.77,1.37
QR003807,FAC005,SKU110,99.38,1.85
QR003808,FAC002,SKU104,96.27,0.62
QR003809,FAC005,SKU118,98.38,0.87
QR003810,FAC002,SKU111,95.54,2.47
QR003811,FAC001,SKU102,96.24,0.89
QR003812,FAC001,SKU100,95.22,0.37
QR003813,FAC004,SKU127,97.87,1.9
QR003814,FAC002,SKU100,95.54,2.72
QR003815,FAC006,SKU106,98.09,1.43
QR003816,FAC004,SKU116,99.47,2.38
QR003817,FAC005,SKU119,99.52,2.25
QR003818,FAC002,SKU117,97.05,2.07
QR003819,FAC002,SKU121,99.43,2.43
QR003820,FAC006,SKU122,98.87,2.32
QR003821,FAC006,SKU100,99.04,0.1
QR003822,FAC001,SKU109,97.85,0.55
QR003823,FAC004,SKU120,97.2,2.61
QR003824,FAC004,SKU114,99.22,0.46
QR003825,FAC005,SKU102,98.77,1.13
QR003826,FAC006,SKU128,96.86,2.32
QR003827,FAC005,SKU116,95.84,2.49
QR003828,FAC006,SKU115,97.89,2.95
QR003829,FAC005,SKU120,96.05,2.99
QR003830,FAC003,SKU103,99.4,1.35
QR003831,FAC002,SKU127,98.78,1.62
QR003832,FAC004,SKU104,99.39,1.82
QR003833,FAC004,SKU113,98.93,1.88
QR003834,FAC003,SKU104,99.7,0.26
QR003835,FAC002,SKU111,96.06,1.61
QR003836,FAC002,SKU114,98.98,1.59
QR003837,FAC001,SKU108,99.64,1.2
QR003838,FAC004,SKU101,97.09,2.66
QR003839,FAC001,SKU122,99.21,0.67
QR003840,FAC006,SKU123,99.37,2.98
QR003841,FAC002,SKU120,95.19,2.24
QR003842,FAC001,SKU100,97.18,1.66
QR003843,FAC003,SKU116,96.98,2.85
QR003844,FAC003,SKU118,97.99,2.96
QR003845,FAC004,SKU100,97.09,0.62
QR003846,FAC005,SKU105,97.6,2.32
QR003847,FAC001,SKU126,95.02,1.14
QR003848,FAC004,SKU101,99.18,2.87
QR003849,FAC001,SKU101,96.47,2.2
QR003850,FAC004,SKU117,96.63,0.83
QR003851,FAC002,SKU125,98.69,0.51
QR003852,FAC004,SKU101,98.24,2.94
QR003853,FAC006,SKU129,98.2,1.24
QR003854,FAC002,SKU114,97.35,2.23
QR003855,FAC006,SKU103,96.29,1.47
QR003856,FAC003,SKU109,98.65,2.0
QR003857,FAC005,SKU127,97.82,2.16
QR003858,FAC003,SKU120,98.75,1.22
QR003859,FAC006,SKU107,99.74,2.01
QR003860,FAC004,SKU120,97.09,0.67
QR003861,FAC005,SKU127,96.72,0.71
QR003862,FAC004,SKU119,97.1,0.74
QR003863,FAC002,SKU122,99.15,0.39
QR003864,FAC003,SKU127,99.48,0.31
QR003865,FAC004,SKU124,98.48,1.84
QR003866,FAC005,SKU126,98.66,2.72
QR003867,FAC005,SKU117,95.18,1.22
QR003868,FAC005,SKU123,97.76,1.61
QR003869,FAC001,SKU125,96.97,0.92
QR003870,FAC001,SKU120,97.69,2.96
QR003871,FAC002,SKU128,95.33,0.62
QR003872,FAC002,SKU101,98.63,2.21
QR003873,FAC005,SKU107,99.16,1.52
QR003874,FAC006,SKU118,97.31,2.69
QR003875,FAC003,SKU110,99.19,2.68
QR003876,FAC001,SKU113,98.98,1.83
QR003877,FAC006,SKU112,97.95,2.2
QR003878,FAC005,SKU124,97.41,1.3
QR003879,FAC005,SKU124,99.33,0.08
QR003880,FAC006,SKU107,97.62,2.82
QR003881,FAC006,SKU109,99.21,1.47
QR003882,FAC004,SKU126,96.42,0.79
QR003883,FAC003,SKU116,95.27,0.93
QR003884,FAC001,SKU116,98.58,2.1
QR003885,FAC001,SKU107,98.82,0.77
QR003886,FAC006,SKU109,98.26,0.71
QR003887,FAC006,SKU114,98.13,0.27
QR003888,FAC006,SKU115,99.69,0.6
QR003889,FAC006,SKU128,95.76,2.93
QR003890,FAC006,SKU100,97.02,1.97
QR003891,FAC003,SKU123,97.91,0.99
QR003892,FAC001,SKU112,99.31,1.13
QR003893,FAC001,SKU127,99.03,0.51
QR003894,FAC004,SKU122,95.2,2.65
QR003895,FAC002,SKU115,98.63,1.91
QR003896,FAC006,SKU122,95.04,0.92
QR003897,FAC006,SKU114,99.32,2.8
QR003898,FAC006,SKU121,99.65,2.03
QR003899,FAC004,SKU121,98.71,0.48
QR003900,FAC005,SKU118,98.98,2.73
QR003901,FAC006,SKU127,95.35,1.79
QR003902,FAC005,SKU128,98.28,0.45
QR003903,FAC004,SKU118,99.36,2.32
QR003904,FAC002,SKU101,98.64,0.06
QR003905,FAC005,SKU108,97.99,0.85
QR003906,FAC003,SKU121,98.54,0.49
QR003907,FAC003,SKU103,99.89,2.46
QR003908,FAC002,SKU118,96.6,2.82
QR003909,FAC001,SKU110,96.6,0.25
QR003910,FAC006,SKU116,97.57,2.35
QR003911,FAC005,SKU105,95.49,0.44
QR003912,FAC006,SKU107,99.55,0.8
QR003913,FAC005,SKU124,97.52,1.32
QR003914,FAC002,SKU121,98.24,0.26
QR003915,FAC001,SKU124,99.28,2.64
QR003916,FAC006,SKU116,96.17,0.14
QR003917,FAC006,SKU119,99.89,0.93
QR003918,FAC006,SKU104,99.13,1.44
QR003919,FAC003,SKU106,95.65,0.61
QR003920,FAC001,SKU117,98.18,2.32
QR003921,FAC003,SKU114,95.8,0.4
QR003922,FAC003,SKU125,95.26,2.53
QR003923,FAC006,SKU103,97.32,0.83
QR003924,FAC005,SKU112,99.37,0.65
QR003925,FAC002,SKU117,98.77,0.16
QR003926,FAC005,SKU120,98.41,1.56
QR003927,FAC001,SKU100,96.18,2.69
QR003928,FAC001,SKU127,96.2,1.21
QR003929,FAC005,SKU123,99.41,1.7
QR003930,FAC002,SKU128,97.53,1.47
QR003931,FAC002,SKU115,97.78,1.77
QR003932,FAC005,SKU120,99.74,0.63
QR003933,FAC004,SKU117,98.7,1.84
QR003934,FAC001,SKU119,98.46,0.94
QR003935,FAC002,SKU126,95.28,0.12
QR003936,FAC003,SKU125,99.26,0.22
QR003937,FAC006,SKU114,99.12,0.44
QR003938,FAC004,SKU112,96.83,1.39
QR003939,FAC006,SKU105,96.38,0.1
QR003940,FAC001,SKU104,98.06,0.49
QR003941,FAC002,SKU125,95.53,1.0
QR003942,FAC002,SKU116,98.62,1.1
QR003943,FAC005,SKU109,98.01,0.78
QR003944,FAC004,SKU124,95.62,1.46
QR003945,FAC004,SKU106,96.24,1.46
QR003946,FAC004,SKU118,97.1,2.13
QR003947,FAC006,SKU101,98.41,0.69
QR003948,FAC003,SKU105,97.08,0.06
QR003949,FAC006,SKU106,96.79,0.78
QR003950,FAC006,SKU124,96.23,1.33
QR003951,FAC005,SKU125,98.09,2.27
QR003952,FAC006,SKU110,96.33,0.54
QR003953,FAC006,SKU101,99.38,2.71
QR003954,FAC004,SKU108,99.66,0.78
QR003955,FAC001,SKU112,98.37,1.75
QR003956,FAC001,SKU117,95.48,0.99
QR003957,FAC004,SKU127,98.29,0.1
QR003958,FAC001,SKU116,95.47,2.17
QR003959,FAC003,SKU115,95.95,2.14
QR003960,FAC003,SKU125,96.74,2.33
QR003961,FAC006,SKU116,99.28,2.82
QR003962,FAC005,SKU100,97.89,0.67
QR003963,FAC004,SKU129,98.3,1.83
QR003964,FAC004,SKU124,96.96,2.89
QR003965,FAC004,SKU111,95.31,1.6
QR003966,FAC006,SKU102,98.16,2.14
QR003967,FAC001,SKU112,99.5,0.36
QR003968,FAC004,SKU105,99.13,2.25
QR003969,FAC003,SKU101,99.58,0.64
QR003970,FAC006,SKU118,97.57,2.27
QR003971,FAC004,SKU114,96.49,1.71
QR003972,FAC003,SKU112,95.01,0.38
QR003973,FAC004,SKU109,99.33,0.15
QR003974,FAC004,SKU129,95.57,2.95
QR003975,FAC003,SKU127,95.04,0.36
QR003976,FAC004,SKU109,99.37,2.6
QR003977,FAC004,SKU102,95.19,0.69
QR003978,FAC001,SKU108,97.27,1.41
QR003979,FAC003,SKU116,95.3,1.25
QR003980,FAC001,SKU111,95.02,2.05
QR003981,FAC003,SKU128,97.5,0.95
QR003982,FAC005,SKU108,98.54,1.69
QR003983,FAC001,SKU102,98.84,2.31
QR003984,FAC001,SKU111,96.05,1.1
QR003985,FAC001,SKU126,95.53,1.2
QR003986,FAC003,SKU128,96.88,2.11
QR003987,FAC004,SKU111,98.81,1.6
QR003988,FAC004,SKU121,98.96,1.77
QR003989,FAC005,SKU116,99.5,2.67
QR003990,FAC002,SKU100,99.89,1.73
QR003991,FAC002,SKU123,95.25,1.76
QR003992,FAC004,SKU104,99.41,0.55
QR003993,FAC001,SKU116,96.39,2.36
QR003994,FAC003,SKU126,95.77,0.06
QR003995,FAC006,SKU117,95.96,0.06
QR003996,FAC006,SKU103,97.74,2.41
QR003997,FAC006,SKU119,96.05,2.23
QR003998,FAC004,SKU127,99.75,0.28
QR003999,FAC003,SKU127,97.65,1.22
QR004000,FAC002,SKU124,96.1,2.14
QR004001,FAC004,SKU113,99.29,0.75
QR004002,FAC006,SKU122,98.05,2.77
QR004003,FAC006,SKU121,97.31,2.4
QR004004,FAC006,SKU111,97.79,0.83
QR004005,FAC003,SKU108,95.75,0.07
QR004006,FAC004,SKU123,97.5,2.93
QR004007,FAC006,SKU121,98.92,1.55
QR004008,FAC005,SKU105,95.77,2.49
QR004009,FAC002,SKU125,99.39,0.31
QR004010,FAC004,SKU123,97.76,2.42
QR004011,FAC004,SKU113,95.72,2.65
QR004012,FAC002,SKU108,99.08,0.77
QR004013,FAC006,SKU118,95.09,0.32
QR004014,FAC002,SKU129,99.38,1.59
QR004015,FAC004,SKU106,97.1,0.15
QR004016,FAC003,SKU105,97.0,0.32
QR004017,FAC005,SKU126,95.81,0.42
QR004018,FAC005,SKU129,97.08,2.97
QR004019,FAC005,SKU109,96.15,0.94
QR004020,FAC005,SKU114,96.93,0.47
QR004021,FAC004,SKU106,98.0,1.31
QR004022,FAC006,SKU126,95.45,1.52
QR004023,FAC001,SKU123,98.04,0.95
QR004024,FAC003,SKU115,95.69,1.48
QR004025,FAC006,SKU129,95.15,0.5
QR004026,FAC001,SKU102,97.0,0.53
QR004027,FAC005,SKU115,97.63,1.58
QR004028,FAC002,SKU107,98.66,1.4
QR004029,FAC006,SKU101,95.56,0.77
QR004030,FAC005,SKU112,97.41,0.74
QR004031,FAC006,SKU105,97.0,1.02
QR004032,FAC006,SKU127,98.92,0.37
QR004033,FAC002,SKU114,96.47,1.16
QR004034,FAC003,SKU119,96.24,1.97
QR004035,FAC005,SKU111,97.61,1.4
QR004036,FAC004,SKU111,95.94,2.32
QR004037,FAC005,SKU129,99.42,2.5
QR004038,FAC006,SKU124,99.19,0.26
QR004039,FAC003,SKU106,97.2,0.82
QR004040,FAC001,SKU111,98.7,0.73
QR004041,FAC003,SKU111,95.28,1.98
QR004042,FAC002,SKU122,97.25,2.58
QR004043,FAC004,SKU119,98.65,0.99
QR004044,FAC005,SKU118,98.98,1.83
QR004045,FAC001,SKU119,96.17,0.32
QR004046,FAC006,SKU103,99.29,1.1
QR004047,FAC002,SKU111,95.83,0.12
QR004048,FAC002,SKU124,98.52,2.87
QR004049,FAC003,SKU121,95.67,0.4
QR004050,FAC005,SKU114,96.56,2.56
QR004051,FAC002,SKU113,96.68,2.51
QR004052,FAC006,SKU122,97.71,1.67
QR004053,FAC006,SKU118,98.64,2.01
QR004054,FAC005,SKU124,96.13,2.35
QR004055,FAC006,SKU116,99.48,1.45
QR004056,FAC001,SKU106,97.53,1.37
QR004057,FAC001,SKU107,96.34,1.41
QR004058,FAC002,SKU122,99.34,0.19
QR004059,FAC006,SKU116,97.08,0.71
QR004060,FAC004,SKU109,97.28,0.61
QR004061,FAC001,SKU105,99.4,0.06
QR004062,FAC002,SKU128,96.15,1.11
QR004063,FAC006,SKU112,98.05,1.89
QR004064,FAC002,SKU124,99.26,0.92
QR004065,FAC001,SKU105,95.94,1.3
QR004066,FAC003,SKU129,98.13,0.43
QR004067,FAC006,SKU107,99.63,1.04
QR004068,FAC004,SKU118,98.56,1.61
QR004069,FAC005,SKU108,99.22,0.6
QR004070,FAC003,SKU125,97.08,0.16
QR004071,FAC004,SKU107,95.63,2.06
QR004072,FAC003,SKU128,98.76,0.5
QR004073,FAC003,SKU103,96.38,1.91
QR004074,FAC003,SKU124,98.26,2.67
QR004075,FAC002,SKU107,99.48,2.99
QR004076,FAC001,SKU102,97.68,0.62
QR004077,FAC004,SKU100,98.54,2.62
QR004078,FAC006,SKU101,96.84,2.29
QR004079,FAC003,SKU114,96.12,1.31
QR004080,FAC005,SKU124,98.25,1.54
QR004081,FAC004,SKU122,95.83,0.92
QR004082,FAC003,SKU129,99.78,2.98
QR004083,FAC003,SKU116,99.38,2.99
QR004084,FAC004,SKU126,99.21,0.27
QR004085,FAC006,SKU118,97.34,2.33
QR004086,FAC002,SKU105,99.64,1.13
QR004087,FAC005,SKU117,96.49,0.08
QR004088,FAC005,SKU105,96.95,2.24
QR004089,FAC002,SKU109,96.34,0.65
QR004090,FAC004,SKU125,99.47,2.4
QR004091,FAC004,SKU113,95.1,1.49
QR004092,FAC006,SKU118,98.4,2.2
QR004093,FAC001,SKU113,96.33,2.58
QR004094,FAC001,SKU126,99.05,2.04
QR004095,FAC001,SKU102,97.5,2.14
QR004096,FAC006,SKU110,98.39,0.92
QR004097,FAC004,SKU107,95.77,0.34
QR004098,FAC004,SKU106,98.17,0.46
QR004099,FAC002,SKU100,96.67,2.24
QR004100,FAC006,SKU115,97.5,2.55
QR004101,FAC002,SKU118,97.38,0.99
QR004102,FAC005,SKU114,97.78,0.31
QR004103,FAC002,SKU103,99.13,1.26
QR004104,FAC001,SKU108,99.48,1.47
QR004105,FAC004,SKU109,97.85,0.42
QR004106,FAC004,SKU101,98.08,1.5
QR004107,FAC001,SKU108,98.67,0.22
QR004108,FAC006,SKU129,99.73,1.91
QR004109,FAC004,SKU127,99.46,0.68
QR004110,FAC005,SKU125,97.73,1.15
QR004111,FAC004,SKU113,99.9,0.66
QR004112,FAC001,SKU123,96.27,1.77
QR004113,FAC001,SKU107,97.08,2.98
QR004114,FAC003,SKU109,97.54,2.12
QR004115,FAC003,SKU117,97.67,2.53
QR004116,FAC003,SKU118,97.52,1.94
QR004117,FAC001,SKU104,96.07,0.14
QR004118,FAC005,SKU116,99.16,2.57
QR004119,FAC001,SKU107,98.67,0.77
QR004120,FAC002,SKU122,99.81,2.5
QR004121,FAC005,SKU122,99.34,0.57
QR004122,FAC005,SKU101,97.1,1.6
QR004123,FAC005,SKU102,97.92,0.96
QR004124,FAC003,SKU123,96.32,2.22
QR004125,FAC002,SKU125,97.5,0.54
QR004126,FAC006,SKU125,98.52,0.71
QR004127,FAC001,SKU102,97.78,1.81
QR004128,FAC005,SKU127,99.14,0.15
QR004129,FAC006,SKU109,99.44,0.41
QR004130,FAC003,SKU125,98.05,1.89
QR004131,FAC001,SKU125,97.35,2.27
QR004132,FAC006,SKU117,96.86,2.31
QR004133,FAC005,SKU119,97.74,0.61
QR004134,FAC004,SKU102,96.19,1.44
QR004135,FAC001,SKU110,95.1,0.73
QR004136,FAC002,SKU125,99.63,0.88
QR004137,FAC006,SKU102,98.44,1.34
QR004138,FAC002,SKU123,99.77,2.17
QR004139,FAC004,SKU123,98.08,0.86
QR004140,FAC005,SKU114,96.81,2.01
QR004141,FAC003,SKU116,95.84,1.09
QR004142,FAC005,SKU126,97.52,0.59
QR004143,FAC006,SKU114,97.2,0.35
QR004144,FAC005,SKU100,95.74,2.32
QR004145,FAC002,SKU117,99.88,1.65
QR004146,FAC005,SKU113,98.31,0.53
QR004147,FAC002,SKU103,99.61,1.28
QR004148,FAC006,SKU110,99.2,0.25
QR004149,FAC004,SKU127,99.27,0.55
QR004150,FAC005,SKU101,98.59,0.18
QR004151,FAC006,SKU110,99.55,1.47
QR004152,FAC001,SKU121,96.5,0.9
QR004153,FAC003,SKU120,95.93,2.46
QR004154,FAC002,SKU129,96.39,1.78
QR004155,FAC003,SKU120,96.67,2.95
QR004156,FAC006,SKU102,99.36,0.41
QR004157,FAC001,SKU100,99.2,0.52
QR004158,FAC004,SKU108,98.11,2.25
QR004159,FAC003,SKU101,97.21,1.44
QR004160,FAC004,SKU128,95.64,2.53
QR004161,FAC004,SKU111,95.54,0.91
QR004162,FAC005,SKU120,97.95,1.44
QR004163,FAC003,SKU102,98.38,1.35
QR004164,FAC004,SKU107,96.7,1.97
QR004165,FAC002,SKU110,95.7,1.63
QR004166,FAC001,SKU107,96.67,2.68
QR004167,FAC002,SKU106,98.08,0.11
QR004168,FAC003,SKU125,95.36,1.2
QR004169,FAC003,SKU103,99.51,1.35
QR004170,FAC002,SKU124,96.03,1.17
QR004171,FAC005,SKU127,95.09,2.69
QR004172,FAC006,SKU112,98.02,0.53
QR004173,FAC002,SKU118,95.14,1.14
QR004174,FAC004,SKU120,98.14,0.28
QR004175,FAC004,SKU123,99.52,2.58
QR004176,FAC006,SKU102,99.44,0.91
QR004177,FAC002,SKU128,95.41,1.48
QR004178,FAC006,SKU117,98.65,1.21
QR004179,FAC006,SKU109,95.29,1.0
QR004180,FAC004,SKU108,95.29,1.0
QR004181,FAC006,SKU111,99.41,1.83
QR004182,FAC001,SKU121,96.02,0.25
QR004183,FAC005,SKU113,96.54,0.26
QR004184,FAC004,SKU104,96.59,1.39
QR004185,FAC005,SKU106,98.49,2.07
QR004186,FAC003,SKU118,97.4,2.8
QR004187,FAC003,SKU126,95.85,0.93
QR004188,FAC006,SKU123,95.05,0.73
QR004189,FAC006,SKU115,96.06,0.98
QR004190,FAC002,SKU112,97.45,1.92
QR004191,FAC002,SKU100,99.02,0.42
QR004192,FAC001,SKU102,97.46,2.29
QR004193,FAC006,SKU122,98.77,0.16
QR004194,FAC006,SKU129,97.78,0.08
QR004195,FAC004,SKU104,98.17,2.81
QR004196,FAC001,SKU117,97.18,2.05
QR004197,FAC003,SKU113,96.25,2.12
QR004198,FAC001,SKU103,97.96,1.52
QR004199,FAC002,SKU109,96.47,2.3
QR004200,FAC005,SKU123,96.04,0.38
QR004201,FAC006,SKU117,98.51,0.87
QR004202,FAC004,SKU104,95.13,1.89
QR004203,FAC001,SKU121,95.77,0.59
QR004204,FAC003,SKU100,96.78,1.29
QR004205,FAC005,SKU114,98.3,2.33
QR004206,FAC003,SKU105,98.36,0.21
QR004207,FAC004,SKU105,99.42,1.1
QR004208,FAC001,SKU115,97.78,0.98
QR004209,FAC004,SKU122,95.55,1.11
QR004210,FAC004,SKU117,97.2,1.93
QR004211,FAC004,SKU118,97.98,0.71
QR004212,FAC003,SKU103,95.57,1.01
QR004213,FAC005,SKU129,98.2,0.92
QR004214,FAC006,SKU103,95.77,1.85
QR004215,FAC004,SKU110,95.14,1.03
QR004216,FAC005,SKU103,96.02,0.25
QR004217,FAC003,SKU107,97.97,1.86
QR004218,FAC002,SKU119,98.49,0.97
QR004219,FAC005,SKU106,96.0,0.73
QR004220,FAC006,SKU114,96.27,2.73
QR004221,FAC006,SKU111,97.02,0.82
QR004222,FAC005,SKU102,99.13,2.61
QR004223,FAC004,SKU103,95.53,0.63
QR004224,FAC003,SKU126,99.32,0.85
QR004225,FAC001,SKU115,99.54,0.15
QR004226,FAC001,SKU109,97.58,1.23
QR004227,FAC003,SKU127,99.46,0.17
QR004228,FAC002,SKU125,96.73,1.22
QR004229,FAC006,SKU104,99.65,0.45
QR004230,FAC001,SKU102,97.5,0.29
QR004231,FAC004,SKU111,95.05,0.41
QR004232,FAC006,SKU107,98.64,1.0
QR004233,FAC001,SKU100,97.37,0.78
QR004234,FAC001,SKU124,98.72,2.99
QR004235,FAC002,SKU113,99.15,0.38
QR004236,FAC005,SKU125,99.04,0.41
QR004237,FAC005,SKU110,98.72,2.33
QR004238,FAC002,SKU118,97.4,1.85
QR004239,FAC005,SKU127,97.19,2.28
QR004240,FAC003,SKU118,99.65,0.11
QR004241,FAC003,SKU105,96.9,2.55
QR004242,FAC004,SKU110,95.13,0.98
QR004243,FAC001,SKU103,99.17,2.23
QR004244,FAC002,SKU116,95.93,0.31
QR004245,FAC006,SKU120,99.76,2.55
QR004246,FAC005,SKU101,97.84,1.21
QR004247,FAC002,SKU129,98.23,2.9
QR004248,FAC006,SKU110,98.47,2.39
QR004249,FAC006,SKU101,98.35,0.09
QR004250,FAC003,SKU121,97.1,0.94
QR004251,FAC005,SKU107,99.55,1.51
QR004252,FAC003,SKU128,99.73,2.21
QR004253,FAC005,SKU113,99.49,1.08
QR004254,FAC003,SKU100,97.77,1.8
QR004255,FAC006,SKU113,97.56,1.2
QR004256,FAC002,SKU108,96.05,1.21
QR004257,FAC006,SKU110,99.02,2.36
QR004258,FAC003,SKU123,95.23,2.99
QR004259,FAC006,SKU100,95.36,0.54
QR004260,FAC001,SKU114,98.95,1.27
QR004261,FAC006,SKU106,97.16,2.83
QR004262,FAC003,SKU119,95.33,1.72
QR004263,FAC006,SKU104,96.87,0.16
QR004264,FAC002,SKU117,98.7,1.98
QR004265,FAC006,SKU113,99.46,0.43
QR004266,FAC006,SKU124,96.37,2.91
QR004267,FAC004,SKU101,98.28,1.96
QR004268,FAC006,SKU105,97.82,2.16
QR004269,FAC004,SKU115,98.09,0.5
QR004270,FAC002,SKU120,98.18,0.55
QR004271,FAC004,SKU114,99.89,2.49
QR004272,FAC004,SKU111,98.16,0.37
QR004273,FAC006,SKU113,96.73,1.86
QR004274,FAC003,SKU101,95.16,2.39
QR004275,FAC003,SKU111,97.68,2.56
QR004276,FAC001,SKU119,99.45,0.32
QR004277,FAC003,SKU126,99.31,0.32
QR004278,FAC005,SKU114,96.56,2.08
QR004279,FAC001,SKU105,97.85,2.8
QR004280,FAC006,SKU126,96.49,1.0
QR004281,FAC004,SKU112,95.07,2.52
QR004282,FAC002,SKU107,98.34,1.96
QR004283,FAC006,SKU110,95.1,1.01
QR004284,FAC006,SKU114,98.72,1.25
QR004285,FAC003,SKU100,99.74,0.47
QR004286,FAC003,SKU112,96.68,1.58
QR004287,FAC005,SKU119,99.16,0.09
QR004288,FAC003,SKU116,97.7,2.29
QR004289,FAC002,SKU118,99.11,0.27
QR004290,FAC004,SKU104,97.07,0.8
QR004291,FAC001,SKU119,98.17,1.45
QR004292,FAC001,SKU122,95.78,0.9
QR004293,FAC003,SKU115,98.46,2.73
QR004294,FAC005,SKU113,97.28,2.6
QR004295,FAC002,SKU114,98.88,0.81
QR004296,FAC001,SKU112,95.85,1.27
QR004297,FAC006,SKU100,96.33,2.97
QR004298,FAC004,SKU100,95.25,1.88
QR004299,FAC003,SKU108,97.07,1.41
QR004300,FAC003,SKU102,96.01,2.63
QR004301,FAC005,SKU119,99.72,0.23
QR004302,FAC001,SKU107,95.23,1.01
QR004303,FAC001,SKU125,97.76,1.89
QR004304,FAC004,SKU117,95.16,0.07
QR004305,FAC006,SKU103,97.35,1.66
QR004306,FAC003,SKU115,96.7,1.51
QR004307,FAC005,SKU127,99.51,0.67
QR004308,FAC001,SKU112,98.17,1.27
QR004309,FAC001,SKU111,98.58,0.18
QR004310,FAC005,SKU106,95.13,2.8
QR004311,FAC006,SKU124,99.53,1.6
QR004312,FAC003,SKU122,97.38,2.31
QR004313,FAC005,SKU105,97.81,1.31
QR004314,FAC006,SKU119,96.57,1.21
QR004315,FAC006,SKU121,97.82,0.58
QR004316,FAC006,SKU114,96.21,2.09
QR004317,FAC004,SKU105,98.29,0.64
QR004318,FAC004,SKU113,99.32,2.33
QR004319,FAC001,SKU125,99.81,0.91
QR004320,FAC003,SKU111,98.59,2.84
QR004321,FAC003,SKU106,98.61,2.25
QR004322,FAC006,SKU110,99.71,2.43
QR004323,FAC004,SKU115,95.18,2.93
QR004324,FAC004,SKU100,99.49,2.95
QR004325,FAC005,SKU116,99.03,0.51
QR004326,FAC005,SKU128,98.74,1.1
QR004327,FAC004,SKU128,99.25,2.91
QR004328,FAC003,SKU122,96.44,0.62
QR004329,FAC006,SKU110,97.03,2.0
QR004330,FAC005,SKU112,99.2,0.21
QR004331,FAC005,SKU127,99.51,0.65
QR004332,FAC004,SKU106,95.58,2.76
QR004333,FAC006,SKU109,99.68,1.0
QR004334,FAC004,SKU124,99.37,0.44
QR004335,FAC005,SKU120,99.89,2.05
QR004336,FAC004,SKU121,99.08,1.94
QR004337,FAC002,SKU104,99.7,0.31
QR004338,FAC003,SKU111,98.32,2.52
QR004339,FAC001,SKU126,95.39,0.85
QR004340,FAC002,SKU108,97.4,1.29
QR004341,FAC002,SKU127,99.66,1.78
QR004342,FAC005,SKU100,95.16,0.71
QR004343,FAC005,SKU122,95.87,2.66
QR004344,FAC005,SKU126,99.0,1.82
QR004345,FAC002,SKU105,98.72,2.07
QR004346,FAC001,SKU100,97.73,0.94
QR004347,FAC004,SKU105,96.95,1.88
QR004348,FAC001,SKU113,97.77,1.77
QR004349,FAC006,SKU122,99.57,1.09
QR004350,FAC002,SKU111,98.78,1.4
QR004351,FAC003,SKU110,98.91,2.15
QR004352,FAC002,SKU115,96.41,1.2
QR004353,FAC006,SKU123,97.71,1.3
QR004354,FAC006,SKU103,95.8,2.96
QR004355,FAC006,SKU121,98.35,1.62
QR004356,FAC004,SKU125,97.13,1.54
QR004357,FAC003,SKU108,97.26,0.74
QR004358,FAC005,SKU122,95.01,1.39
QR004359,FAC005,SKU108,98.76,0.88
QR004360,FAC001,SKU126,95.51,0.4
QR004361,FAC002,SKU101,97.06,0.98
QR004362,FAC001,SKU104,95.43,2.55
QR004363,FAC003,SKU106,97.71,0.82
QR004364,FAC004,SKU100,95.65,2.89
QR004365,FAC004,SKU127,95.17,2.65
QR004366,FAC003,SKU107,96.48,2.47
QR004367,FAC006,SKU105,97.96,1.87
QR004368,FAC003,SKU118,96.07,0.14
QR004369,FAC006,SKU112,96.21,0.14
QR004370,FAC005,SKU104,99.87,1.51
QR004371,FAC004,SKU113,95.33,0.22
QR004372,FAC004,SKU100,98.18,0.85
QR004373,FAC004,SKU127,96.87,1.79
QR004374,FAC003,SKU123,96.33,1.17
QR004375,FAC003,SKU112,98.4,1.04
QR004376,FAC004,SKU103,95.11,1.42
QR004377,FAC006,SKU121,95.86,0.89
QR004378,FAC003,SKU122,96.62,1.53
QR004379,FAC003,SKU114,95.34,1.89
QR004380,FAC003,SKU104,99.24,1.54
QR004381,FAC006,SKU102,95.26,2.81
QR004382,FAC003,SKU129,95.92,0.78
QR004383,FAC001,SKU123,97.03,2.68
QR004384,FAC001,SKU102,95.53,0.65
QR004385,FAC005,SKU104,95.89,2.09
QR004386,FAC004,SKU111,98.94,1.24
QR004387,FAC005,SKU101,95.36,0.74
QR004388,FAC001,SKU110,98.41,2.09
QR004389,FAC001,SKU103,95.26,2.13
QR004390,FAC001,SKU127,99.5,1.02
QR004391,FAC003,SKU112,95.62,0.66
QR004392,FAC004,SKU100,95.88,1.11
QR004393,FAC005,SKU114,96.66,1.55
QR004394,FAC004,SKU112,98.09,2.77
QR004395,FAC005,SKU129,98.14,1.35
QR004396,FAC005,SKU129,96.65,0.96
QR004397,FAC001,SKU103,97.78,1.41
QR004398,FAC001,SKU125,98.6,1.27
QR004399,FAC005,SKU108,95.44,0.85
QR004400,FAC004,SKU115,95.47,2.03
QR004401,FAC004,SKU106,97.72,0.58
QR004402,FAC002,SKU112,98.32,2.0
QR004403,FAC004,SKU129,98.82,0.1
QR004404,FAC004,SKU109,99.02,2.79
QR004405,FAC002,SKU119,95.54,2.88
QR004406,FAC002,SKU107,97.08,2.27
QR004407,FAC003,SKU129,95.0,0.32
QR004408,FAC003,SKU128,98.09,1.67
QR004409,FAC001,SKU127,96.91,2.46
QR004410,FAC005,SKU119,99.02,1.39
QR004411,FAC006,SKU129,95.29,1.32
QR004412,FAC005,SKU105,98.7,2.41
QR004413,FAC001,SKU125,99.49,2.44
QR004414,FAC006,SKU119,99.03,1.41
QR004415,FAC002,SKU124,97.82,2.85
QR004416,FAC003,SKU100,97.54,2.12
QR004417,FAC002,SKU113,98.37,2.44
QR004418,FAC005,SKU116,99.02,0.68
QR004419,FAC002,SKU118,95.69,2.72
QR004420,FAC001,SKU106,98.73,1.0
QR004421,FAC005,SKU117,99.16,1.52
QR004422,FAC003,SKU104,99.44,2.12
QR004423,FAC005,SKU111,97.68,0.06
QR004424,FAC005,SKU103,96.34,1.47
QR004425,FAC005,SKU113,95.86,2.74
QR004426,FAC005,SKU119,99.64,1.66
QR004427,FAC006,SKU109,96.06,1.54
QR004428,FAC002,SKU104,97.47,0.94
QR004429,FAC001,SKU108,98.43,0.62
QR004430,FAC004,SKU126,98.13,1.77
QR004431,FAC001,SKU128,99.48,1.05
QR004432,FAC006,SKU112,95.93,2.32
QR004433,FAC006,SKU100,95.7,0.42
QR004434,FAC002,SKU118,96.26,0.32
QR004435,FAC006,SKU115,95.77,1.32
QR004436,FAC005,SKU120,96.75,0.89
QR004437,FAC006,SKU125,96.32,2.88
QR004438,FAC001,SKU122,97.67,0.76
QR004439,FAC002,SKU116,99.86,1.83
QR004440,FAC006,SKU117,95.43,1.17
QR004441,FAC001,SKU101,99.78,2.27
QR004442,FAC004,SKU119,96.94,2.68
QR004443,FAC003,SKU102,96.7,1.32
QR004444,FAC003,SKU109,96.8,1.4
QR004445,FAC001,SKU108,96.61,0.37
QR004446,FAC001,SKU119,95.69,2.05
QR004447,FAC003,SKU122,95.41,1.3
QR004448,FAC005,SKU117,98.74,0.72
QR004449,FAC005,SKU128,95.02,2.22
QR004450,FAC006,SKU100,97.71,2.97
QR004451,FAC002,SKU108,95.07,2.87
QR004452,FAC003,SKU128,98.05,1.52
QR004453,FAC001,SKU124,97.16,0.72
QR004454,FAC004,SKU117,96.51,0.29
QR004455,FAC002,SKU122,96.43,1.06
QR004456,FAC004,SKU104,97.06,1.03
QR004457,FAC002,SKU107,99.02,0.7
QR004458,FAC005,SKU105,98.09,2.37
QR004459,FAC003,SKU108,98.01,0.67
QR004460,FAC004,SKU110,95.19,0.61
QR004461,FAC001,SKU104,98.45,0.54
QR004462,FAC001,SKU119,97.18,0.2
QR004463,FAC005,SKU104,99.05,0.57
QR004464,FAC004,SKU125,97.76,1.76
QR004465,FAC006,SKU126,99.84,2.54
QR004466,FAC003,SKU125,98.56,1.98
QR004467,FAC005,SKU120,95.87,1.6
QR004468,FAC001,SKU127,96.57,1.08
QR004469,FAC002,SKU100,99.24,1.92
QR004470,FAC005,SKU123,98.74,0.23
QR004471,FAC002,SKU116,96.9,0.26
QR004472,FAC002,SKU108,97.43,0.53
QR004473,FAC003,SKU102,99.44,1.74
QR004474,FAC006,SKU122,98.36,1.84
QR004475,FAC006,SKU124,98.3,0.18
QR004476,FAC001,SKU129,98.34,1.26
QR004477,FAC001,SKU109,99.13,2.58
QR004478,FAC003,SKU121,96.12,2.57
QR004479,FAC003,SKU125,97.02,0.24
QR004480,FAC006,SKU127,96.7,0.42
QR004481,FAC004,SKU118,98.0,1.63
QR004482,FAC005,SKU127,99.85,0.78
QR004483,FAC002,SKU105,98.12,1.94
QR004484,FAC004,SKU107,98.11,2.02
QR004485,FAC001,SKU103,97.47,1.87
QR004486,FAC001,SKU103,97.67,1.22
QR004487,FAC005,SKU124,96.07,1.09
QR004488,FAC002,SKU113,96.23,2.83
QR004489,FAC005,SKU128,97.68,1.19
QR004490,FAC002,SKU105,95.14,2.14
QR004491,FAC002,SKU113,97.48,1.04
QR004492,FAC005,SKU123,95.9,1.43
QR004493,FAC001,SKU107,95.23,2.3
QR004494,FAC005,SKU127,96.79,0.94
QR004495,FAC004,SKU110,97.1,0.34
QR004496,FAC004,SKU111,95.61,2.65
QR004497,FAC005,SKU127,99.68,2.55
QR004498,FAC002,SKU100,96.49,0.99
QR004499,FAC006,SKU102,99.37,2.89
QR004500,FAC006,SKU110,97.02,2.41
QR004501,FAC005,SKU103,97.59,0.89
QR004502,FAC004,SKU113,96.2,0.54
QR004503,FAC003,SKU100,99.16,2.25
QR004504,FAC002,SKU108,96.0,2.67
QR004505,FAC002,SKU105,98.99,2.63
QR004506,FAC006,SKU117,99.17,2.78
QR004507,FAC002,SKU110,99.03,2.66
QR004508,FAC006,SKU122,97.1,1.13
QR004509,FAC005,SKU126,95.27,0.84
QR004510,FAC005,SKU108,98.78,0.89
QR004511,FAC005,SKU106,98.41,0.69
QR004512,FAC006,SKU128,96.65,2.86
QR004513,FAC001,SKU114,95.5,0.69
QR004514,FAC001,SKU118,96.31,0.25
QR004515,FAC004,SKU127,95.83,0.59
QR004516,FAC005,SKU125,95.27,2.07
QR004517,FAC005,SKU101,97.42,2.77
QR004518,FAC005,SKU117,99.76,2.9
QR004519,FAC004,SKU121,99.29,1.85
QR004520,FAC006,SKU119,97.32,2.21
QR004521,FAC001,SKU123,96.64,0.16
QR004522,FAC001,SKU109,96.95,1.42
QR004523,FAC004,SKU113,99.66,1.56
QR004524,FAC005,SKU125,98.93,0.87
QR004525,FAC002,SKU121,96.69,2.25
QR004526,FAC005,SKU118,95.93,0.77
QR004527,FAC005,SKU127,99.5,2.0
QR004528,FAC003,SKU129,95.53,2.46
QR004529,FAC005,SKU122,95.98,2.68
QR004530,FAC006,SKU126,97.15,2.36
QR004531,FAC004,SKU113,98.59,3.0
QR004532,FAC003,SKU109,95.03,0.72
QR004533,FAC005,SKU106,98.39,0.29
QR004534,FAC005,SKU111,96.48,1.44
QR004535,FAC005,SKU122,95.42,1.64
QR004536,FAC003,SKU125,97.74,1.56
QR004537,FAC004,SKU110,97.57,0.31
QR004538,FAC005,SKU103,95.34,1.52
QR004539,FAC002,SKU121,98.7,2.82
QR004540,FAC004,SKU102,99.25,2.98
QR004541,FAC001,SKU124,98.64,1.97
QR004542,FAC003,SKU119,95.75,1.39
QR004543,FAC004,SKU123,95.77,2.76
QR004544,FAC001,SKU121,95.9,2.4
QR004545,FAC006,SKU120,98.59,1.28
QR004546,FAC002,SKU106,96.64,1.41
QR004547,FAC004,SKU128,98.42,2.5
QR004548,FAC001,SKU129,95.76,0.68
QR004549,FAC005,SKU122,99.88,1.71
QR004550,FAC002,SKU122,97.91,1.42
QR004551,FAC001,SKU129,98.17,2.36
QR004552,FAC002,SKU126,99.62,1.01
QR004553,FAC005,SKU122,96.35,2.82
QR004554,FAC002,SKU127,99.73,2.68
QR004555,FAC004,SKU120,97.15,2.76
QR004556,FAC004,SKU128,95.2,1.71
QR004557,FAC003,SKU115,95.16,1.51
QR004558,FAC004,SKU117,98.27,0.06
QR004559,FAC004,SKU105,97.85,0.87
QR004560,FAC002,SKU108,95.43,1.89
QR004561,FAC004,SKU111,97.46,0.9
QR004562,FAC005,SKU103,97.15,0.9
QR004563,FAC006,SKU124,98.82,2.49
QR004564,FAC002,SKU107,98.07,0.96
QR004565,FAC003,SKU128,96.79,0.49
QR004566,FAC003,SKU129,95.86,1.63
QR004567,FAC004,SKU102,98.91,1.85
QR004568,FAC004,SKU100,96.76,1.66
QR004569,FAC002,SKU111,99.18,2.98
QR004570,FAC005,SKU128,98.26,0.34
QR004571,FAC001,SKU128,98.98,1.34
QR004572,FAC006,SKU102,98.56,2.06
QR004573,FAC006,SKU114,95.26,2.73
QR004574,FAC004,SKU111,99.27,2.56
QR004575,FAC003,SKU100,98.43,1.39
QR004576,FAC006,SKU129,96.48,0.44
QR004577,FAC004,SKU119,99.18,2.09
QR004578,FAC002,SKU110,95.9,0.55
QR004579,FAC005,SKU104,97.51,0.1
QR004580,FAC002,SKU123,96.88,2.11
QR004581,FAC002,SKU116,97.62,2.34
QR004582,FAC003,SKU102,98.45,1.95
QR004583,FAC002,SKU112,96.79,0.23
QR004584,FAC004,SKU113,97.89,1.37
QR004585,FAC006,SKU126,97.14,1.97
QR004586,FAC004,SKU105,95.95,1.1
QR004587,FAC001,SKU107,95.8,2.54
QR004588,FAC001,SKU103,96.37,0.15
QR004589,FAC005,SKU116,95.46,2.17
QR004590,FAC002,SKU121,95.38,1.44
QR004591,FAC005,SKU119,96.22,2.84
QR004592,FAC002,SKU116,98.38,1.71
QR004593,FAC002,SKU114,96.32,0.72
QR004594,FAC002,SKU123,98.59,2.34
QR004595,FAC001,SKU114,95.06,2.49
QR004596,FAC003,SKU105,98.99,0.8
QR004597,FAC004,SKU114,97.29,0.41
QR004598,FAC005,SKU125,96.2,0.3
QR004599,FAC002,SKU116,96.76,2.91
QR004600,FAC006,SKU116,96.92,2.25
QR004601,FAC003,SKU107,95.48,2.17
QR004602,FAC003,SKU118,95.02,1.69
QR004603,FAC004,SKU107,99.25,1.52
QR004604,FAC002,SKU107,95.53,0.59
QR004605,FAC005,SKU116,98.53,1.19
QR004606,FAC006,SKU107,98.04,1.35
QR004607,FAC001,SKU110,95.77,1.32
QR004608,FAC005,SKU124,95.81,1.12
QR004609,FAC004,SKU117,98.43,1.44
QR004610,FAC003,SKU125,97.87,1.05
QR004611,FAC006,SKU119,99.12,2.46
QR004612,FAC005,SKU100,99.53,2.24
QR004613,FAC002,SKU100,96.86,0.35
QR004614,FAC006,SKU113,98.08,2.71
QR004615,FAC006,SKU118,99.58,1.01
QR004616,FAC004,SKU118,98.07,0.62
QR004617,FAC002,SKU120,96.97,0.28
QR004618,FAC004,SKU119,98.13,2.01
QR004619,FAC005,SKU106,99.1,1.34
QR004620,FAC001,SKU121,99.1,0.07
QR004621,FAC003,SKU126,95.2,0.8
QR004622,FAC005,SKU119,97.6,1.27
QR004623,FAC006,SKU128,97.0,0.86
QR004624,FAC003,SKU124,99.81,1.73
QR004625,FAC005,SKU106,96.37,2.75
QR004626,FAC003,SKU119,97.25,2.8
QR004627,FAC005,SKU129,95.11,2.8
QR004628,FAC001,SKU119,99.67,0.74
QR004629,FAC003,SKU123,97.03,2.33
QR004630,FAC003,SKU104,99.12,1.38
QR004631,FAC001,SKU112,98.23,2.81
QR004632,FAC003,SKU127,99.62,0.05
QR004633,FAC001,SKU102,95.36,2.24
QR004634,FAC006,SKU103,99.25,2.4
QR004635,FAC006,SKU126,98.51,2.41
QR004636,FAC001,SKU120,97.25,1.08
QR004637,FAC002,SKU126,99.54,2.1
QR004638,FAC001,SKU113,95.96,2.04
QR004639,FAC006,SKU106,99.84,0.52
QR004640,FAC004,SKU112,95.38,1.54
QR004641,FAC003,SKU128,97.41,1.84
QR004642,FAC001,SKU104,99.8,2.12
QR004643,FAC004,SKU113,96.98,1.71
QR004644,FAC003,SKU111,96.95,2.5
QR004645,FAC004,SKU109,98.23,2.96
QR004646,FAC005,SKU112,97.96,1.48
QR004647,FAC006,SKU111,98.13,1.22
QR004648,FAC006,SKU118,97.4,2.88
QR004649,FAC006,SKU127,98.95,0.55
QR004650,FAC004,SKU108,96.84,1.14
QR004651,FAC006,SKU122,95.6,2.95
QR004652,FAC006,SKU114,98.56,2.71
QR004653,FAC004,SKU119,99.82,1.27
QR004654,FAC001,SKU126,97.17,0.3
QR004655,FAC001,SKU106,99.76,1.1
QR004656,FAC002,SKU120,95.99,1.78
QR004657,FAC002,SKU110,99.07,1.39
QR004658,FAC006,SKU115,99.52,2.9
QR004659,FAC006,SKU115,95.72,0.81
QR004660,FAC004,SKU117,99.28,1.78
QR004661,FAC005,SKU106,97.52,0.18
QR004662,FAC004,SKU114,98.77,2.35
QR004663,FAC001,SKU120,95.34,1.74
QR004664,FAC001,SKU112,99.17,1.31
QR004665,FAC006,SKU127,99.78,0.18
QR004666,FAC002,SKU108,97.79,0.22
QR004667,FAC001,SKU121,95.6,2.9
QR004668,FAC004,SKU118,95.69,0.68
QR004669,FAC003,SKU115,98.2,1.51
QR004670,FAC002,SKU124,95.95,2.42
QR004671,FAC001,SKU129,96.94,0.24
QR004672,FAC001,SKU119,95.08,1.28
QR004673,FAC001,SKU112,99.51,0.18
QR004674,FAC002,SKU118,99.68,0.69
QR004675,FAC005,SKU111,96.69,0.66
QR004676,FAC002,SKU110,95.6,2.92
QR004677,FAC001,SKU121,98.88,1.29
QR004678,FAC006,SKU101,96.31,1.02
QR004679,FAC005,SKU100,96.67,0.17
QR004680,FAC005,SKU119,99.28,1.72
QR004681,FAC003,SKU113,98.57,0.37
QR004682,FAC001,SKU110,95.44,0.46
QR004683,FAC001,SKU100,99.06,2.03
QR004684,FAC001,SKU116,98.25,2.72
QR004685,FAC006,SKU115,95.73,0.23
QR004686,FAC001,SKU125,95.69,1.88
QR004687,FAC006,SKU107,96.08,2.63
QR004688,FAC004,SKU119,97.82,2.97
QR004689,FAC003,SKU112,95.12,2.07
QR004690,FAC003,SKU103,98.54,1.55
QR004691,FAC005,SKU111,99.61,1.69
QR004692,FAC003,SKU117,99.6,2.21
QR004693,FAC003,SKU105,97.1,0.1
QR004694,FAC002,SKU110,98.28,0.99
QR004695,FAC003,SKU123,96.67,0.48
QR004696,FAC001,SKU107,99.13,1.4
QR004697,FAC001,SKU113,99.5,1.03
QR004698,FAC005,SKU107,95.0,2.57
QR004699,FAC005,SKU109,95.93,0.91
QR004700,FAC002,SKU119,96.37,2.25
QR004701,FAC006,SKU129,95.75,1.15
QR004702,FAC006,SKU107,95.93,0.99
QR004703,FAC002,SKU104,98.73,2.07
QR004704,FAC003,SKU128,97.59,1.15
QR004705,FAC005,SKU102,97.68,2.34
QR004706,FAC005,SKU128,97.38,0.85
QR004707,FAC004,SKU101,95.29,2.15
QR004708,FAC001,SKU106,98.99,1.8
QR004709,FAC003,SKU109,99.16,1.97
QR004710,FAC005,SKU128,98.99,2.84
QR004711,FAC005,SKU107,99.01,2.78
QR004712,FAC003,SKU125,96.68,1.29
QR004713,FAC005,SKU115,96.63,1.5
QR004714,FAC004,SKU113,96.55,2.28
QR004715,FAC002,SKU125,98.53,2.84
QR004716,FAC006,SKU126,97.91,0.71
QR004717,FAC003,SKU123,98.65,1.5
QR004718,FAC005,SKU114,95.58,0.28
QR004719,FAC002,SKU125,98.61,1.18
QR004720,FAC006,SKU125,99.53,2.33
QR004721,FAC002,SKU122,99.16,1.34
QR004722,FAC002,SKU106,96.43,1.18
QR004723,FAC004,SKU102,96.5,1.52
QR004724,FAC006,SKU125,97.49,0.83
QR004725,FAC001,SKU114,95.82,1.81
QR004726,FAC003,SKU127,99.85,0.9
QR004727,FAC002,SKU127,95.93,1.63
QR004728,FAC001,SKU116,96.73,2.76
QR004729,FAC002,SKU126,96.61,1.51
QR004730,FAC006,SKU108,97.46,2.47
QR004731,FAC002,SKU116,95.88,1.61
QR004732,FAC004,SKU121,98.11,1.61
QR004733,FAC002,SKU104,97.71,0.39
QR004734,FAC002,SKU122,99.54,0.86
QR004735,FAC006,SKU119,95.29,2.9
QR004736,FAC003,SKU122,97.65,2.5
QR004737,FAC001,SKU129,96.64,1.77
QR004738,FAC003,SKU113,96.98,2.0
QR004739,FAC002,SKU102,98.0,0.86
QR004740,FAC003,SKU115,98.49,2.65
QR004741,FAC005,SKU121,99.37,1.04
QR004742,FAC002,SKU129,95.33,0.7
QR004743,FAC005,SKU128,98.37,2.78
QR004744,FAC003,SKU100,96.43,2.95
QR004745,FAC001,SKU102,99.39,1.72
QR004746,FAC006,SKU115,99.74,1.43
QR004747,FAC004,SKU117,98.88,0.13
QR004748,FAC006,SKU109,95.73,0.46
QR004749,FAC001,SKU104,96.23,2.77
QR004750,FAC003,SKU111,95.14,0.18
QR004751,FAC006,SKU124,96.85,1.29
QR004752,FAC001,SKU105,97.31,2.77
QR004753,FAC006,SKU116,98.83,0.35
QR004754,FAC006,SKU128,98.89,0.96
QR004755,FAC006,SKU117,98.44,1.76
QR004756,FAC002,SKU124,97.8,2.05
QR004757,FAC002,SKU108,99.61,1.23
QR004758,FAC005,SKU108,95.06,0.13
QR004759,FAC004,SKU118,99.53,0.91
QR004760,FAC006,SKU107,96.55,2.05
QR004761,FAC002,SKU121,98.08,2.47
QR004762,FAC004,SKU120,98.49,1.19
QR004763,FAC005,SKU110,96.88,1.49
QR004764,FAC005,SKU104,97.61,2.92
QR004765,FAC002,SKU100,99.66,0.99
QR004766,FAC003,SKU113,96.02,2.2
QR004767,FAC001,SKU125,96.74,1.69
QR004768,FAC004,SKU110,97.1,2.71
QR004769,FAC004,SKU112,97.35,2.58
QR004770,FAC001,SKU116,95.61,0.53
QR004771,FAC006,SKU102,95.34,2.91
QR004772,FAC004,SKU129,99.51,0.42
QR004773,FAC003,SKU123,98.18,1.35
QR004774,FAC003,SKU110,95.27,0.89
QR004775,FAC002,SKU120,99.0,1.17
QR004776,FAC005,SKU124,95.23,1.79
QR004777,FAC002,SKU106,98.97,0.44
QR004778,FAC004,SKU117,98.29,2.87
QR004779,FAC004,SKU126,96.83,0.85
QR004780,FAC004,SKU128,95.2,0.96
QR004781,FAC001,SKU122,99.47,2.55
QR004782,FAC002,SKU119,96.55,2.65
QR004783,FAC006,SKU114,98.86,0.84
QR004784,FAC006,SKU110,97.4,2.55
QR004785,FAC005,SKU111,96.01,2.77
QR004786,FAC001,SKU117,95.79,2.67
QR004787,FAC006,SKU120,98.37,0.99
QR004788,FAC004,SKU116,97.82,1.16
QR004789,FAC005,SKU108,99.74,2.44
QR004790,FAC002,SKU129,96.03,0.06
QR004791,FAC006,SKU117,96.89,2.11
QR004792,FAC004,SKU123,97.02,1.56
QR004793,FAC006,SKU125,97.03,0.41
QR004794,FAC002,SKU115,99.14,0.95
QR004795,FAC004,SKU111,98.8,2.84
QR004796,FAC002,SKU124,95.98,1.07
QR004797,FAC001,SKU109,96.62,0.64
QR004798,FAC006,SKU126,95.45,2.53
QR004799,FAC002,SKU115,98.74,2.77
QR004800,FAC003,SKU105,99.58,1.6
QR004801,FAC001,SKU104,97.27,1.26
QR004802,FAC001,SKU104,98.79,2.33
QR004803,FAC003,SKU118,95.08,2.35
QR004804,FAC004,SKU100,96.2,0.23
QR004805,FAC004,SKU110,95.68,0.74
QR004806,FAC006,SKU109,95.78,1.48
QR004807,FAC004,SKU122,96.18,1.46
QR004808,FAC002,SKU104,96.22,0.42
QR004809,FAC003,SKU102,98.8,1.62
QR004810,FAC003,SKU127,96.82,1.85
QR004811,FAC006,SKU122,96.71,0.26
QR004812,FAC005,SKU126,95.69,2.13
QR004813,FAC004,SKU105,95.47,0.23
QR004814,FAC002,SKU106,95.46,2.53
QR004815,FAC005,SKU128,99.6,2.88
QR004816,FAC005,SKU109,99.79,1.78
QR004817,FAC004,SKU118,98.09,1.84
QR004818,FAC002,SKU101,95.06,0.6
QR004819,FAC006,SKU122,98.49,0.19
QR004820,FAC006,SKU118,98.72,1.71
QR004821,FAC004,SKU126,97.92,1.75
QR004822,FAC001,SKU101,99.65,0.11
QR004823,FAC003,SKU119,95.99,2.66
QR004824,FAC005,SKU123,96.17,0.92
QR004825,FAC002,SKU113,95.95,0.76
QR004826,FAC006,SKU110,98.54,0.36
QR004827,FAC004,SKU101,97.71,0.31
QR004828,FAC002,SKU124,98.63,1.58
QR004829,FAC003,SKU114,98.83,1.64
QR004830,FAC001,SKU101,98.62,2.51
QR004831,FAC006,SKU124,95.95,0.56
QR004832,FAC005,SKU111,95.45,2.34
QR004833,FAC006,SKU128,95.42,2.39
QR004834,FAC004,SKU119,97.85,1.7
QR004835,FAC005,SKU124,97.33,0.59
QR004836,FAC004,SKU114,97.1,1.24
QR004837,FAC002,SKU106,98.99,1.36
QR004838,FAC005,SKU110,98.54,0.9
QR004839,FAC004,SKU112,99.48,1.67
QR004840,FAC004,SKU108,97.76,0.88
QR004841,FAC001,SKU115,96.17,1.13
QR004842,FAC003,SKU124,95.63,0.53
QR004843,FAC005,SKU115,98.34,1.12
QR004844,FAC005,SKU106,98.28,2.21
QR004845,FAC001,SKU101,99.36,2.09
QR004846,FAC005,SKU102,95.67,2.38
QR004847,FAC002,SKU120,99.12,1.89
QR004848,FAC001,SKU120,96.44,1.51
QR004849,FAC005,SKU122,95.34,0.1
QR004850,FAC003,SKU119,99.75,1.1
QR004851,FAC004,SKU115,95.18,0.64
QR004852,FAC005,SKU111,98.94,1.35
QR004853,FAC003,SKU127,99.62,0.45
QR004854,FAC006,SKU112,95.89,0.9
QR004855,FAC005,SKU107,96.6,0.12
QR004856,FAC003,SKU121,99.67,2.19
QR004857,FAC003,SKU109,97.62,0.2
QR004858,FAC002,SKU127,99.07,0.7
QR004859,FAC005,SKU127,99.04,1.83
QR004860,FAC003,SKU102,95.98,0.2
QR004861,FAC003,SKU124,98.16,1.35
QR004862,FAC004,SKU115,97.21,1.24
QR004863,FAC006,SKU109,97.87,1.79
QR004864,FAC001,SKU112,98.73,0.27
QR004865,FAC002,SKU102,98.39,2.11
QR004866,FAC001,SKU110,98.28,0.99
QR004867,FAC003,SKU127,96.16,1.74
QR004868,FAC003,SKU112,98.71,0.23
QR004869,FAC001,SKU109,95.15,0.2
QR004870,FAC002,SKU108,97.69,0.36
QR004871,FAC006,SKU104,95.27,0.11
QR004872,FAC004,SKU120,99.77,1.24
QR004873,FAC003,SKU101,99.66,0.93
QR004874,FAC003,SKU110,95.96,2.61
QR004875,FAC003,SKU123,95.4,1.27
QR004876,FAC003,SKU110,96.96,1.04
QR004877,FAC003,SKU111,98.26,1.36
QR004878,FAC004,SKU113,95.77,2.58
QR004879,FAC005,SKU111,98.35,0.1
QR004880,FAC005,SKU123,99.48,2.36
QR004881,FAC006,SKU118,99.45,1.7
QR004882,FAC003,SKU105,98.06,2.69
QR004883,FAC004,SKU122,96.55,0.38
QR004884,FAC006,SKU117,95.18,1.48
QR004885,FAC002,SKU111,95.27,2.54
QR004886,FAC006,SKU127,98.32,2.47
QR004887,FAC003,SKU126,97.84,1.65
QR004888,FAC006,SKU129,98.42,1.1
QR004889,FAC005,SKU102,99.57,0.83
QR004890,FAC006,SKU112,95.06,2.9
QR004891,FAC002,SKU112,95.88,0.41
QR004892,FAC001,SKU116,99.57,0.7
QR004893,FAC006,SKU122,97.31,2.5
QR004894,FAC006,SKU102,98.93,0.22
QR004895,FAC004,SKU121,99.52,0.24
QR004896,FAC002,SKU113,96.82,0.21
QR004897,FAC001,SKU110,97.28,1.92
QR004898,FAC001,SKU114,99.77,1.81
QR004899,FAC004,SKU105,99.47,1.37
QR004900,FAC001,SKU121,99.26,0.51
QR004901,FAC002,SKU124,98.66,2.5
QR004902,FAC005,SKU104,98.38,1.06
QR004903,FAC005,SKU108,98.37,1.17
QR004904,FAC001,SKU117,97.82,2.93
QR004905,FAC002,SKU126,95.6,0.78
QR004906,FAC002,SKU109,95.55,0.62
QR004907,FAC002,SKU114,99.4,2.45
QR004908,FAC003,SKU104,95.52,2.81
QR004909,FAC004,SKU120,95.13,2.98
QR004910,FAC006,SKU119,97.0,2.22
QR004911,FAC002,SKU116,97.29,1.1
QR004912,FAC001,SKU123,95.26,2.57
QR004913,FAC004,SKU108,97.25,0.94
QR004914,FAC002,SKU123,96.1,2.58
QR004915,FAC005,SKU112,97.2,1.32
QR004916,FAC002,SKU115,96.1,1.2
QR004917,FAC002,SKU104,95.08,2.71
QR004918,FAC004,SKU115,99.62,0.89
QR004919,FAC003,SKU117,96.3,0.34
QR004920,FAC004,SKU105,95.74,1.31
QR004921,FAC004,SKU120,95.41,1.21
QR004922,FAC006,SKU112,97.32,2.27
QR004923,FAC005,SKU120,96.31,0.12
QR004924,FAC004,SKU102,96.12,1.5
QR004925,FAC004,SKU117,95.16,1.96
QR004926,FAC004,SKU108,98.63,2.77
QR004927,FAC001,SKU102,95.17,0.78
QR004928,FAC005,SKU100,98.39,1.65
QR004929,FAC005,SKU129,97.07,2.85
QR004930,FAC005,SKU115,98.97,0.32
QR004931,FAC003,SKU114,96.42,2.08
QR004932,FAC002,SKU126,96.59,0.44
QR004933,FAC001,SKU120,97.99,2.01
QR004934,FAC001,SKU122,96.71,2.43
QR004935,FAC001,SKU121,98.92,2.42
QR004936,FAC003,SKU128,95.3,2.59
QR004937,FAC004,SKU129,98.53,2.9
QR004938,FAC003,SKU117,99.02,2.62
QR004939,FAC004,SKU108,95.84,0.87
QR004940,FAC003,SKU115,95.87,2.24
QR004941,FAC005,SKU105,97.3,2.52
QR004942,FAC006,SKU121,95.82,0.06
QR004943,FAC003,SKU103,95.1,0.2
QR004944,FAC006,SKU112,96.19,2.32
QR004945,FAC006,SKU126,95.8,0.95
QR004946,FAC002,SKU123,99.77,1.98
QR004947,FAC004,SKU125,96.12,1.43
QR004948,FAC001,SKU127,99.38,2.43
QR004949,FAC002,SKU117,99.44,1.42
QR004950,FAC004,SKU111,95.58,1.52
QR004951,FAC006,SKU113,98.56,0.94
QR004952,FAC004,SKU100,95.9,2.92
QR004953,FAC001,SKU120,98.3,1.05
QR004954,FAC006,SKU108,97.21,0.88
QR004955,FAC003,SKU122,95.81,2.69
QR004956,FAC006,SKU106,99.0,0.69
QR004957,FAC004,SKU118,99.64,2.87
QR004958,FAC002,SKU125,98.25,2.06
QR004959,FAC005,SKU109,97.33,0.05
QR004960,FAC004,SKU106,96.52,1.65
QR004961,FAC005,SKU111,95.4,1.34
QR004962,FAC005,SKU100,96.34,1.37
QR004963,FAC006,SKU124,98.1,2.95
QR004964,FAC006,SKU124,98.71,1.91
QR004965,FAC002,SKU113,97.78,0.53
QR004966,FAC003,SKU104,96.49,0.33
QR004967,FAC001,SKU107,95.55,2.17
QR004968,FAC001,SKU120,96.74,0.59
QR004969,FAC005,SKU117,96.22,0.54
QR004970,FAC003,SKU123,95.09,1.44
QR004971,FAC003,SKU111,99.87,0.21
QR004972,FAC002,SKU109,96.99,2.73
QR004973,FAC003,SKU129,97.55,1.69
QR004974,FAC006,SKU129,98.9,2.47
QR004975,FAC002,SKU129,96.92,1.51
QR004976,FAC005,SKU124,99.12,0.16
QR004977,FAC006,SKU100,95.74,1.32
QR004978,FAC002,SKU118,95.08,0.33
QR004979,FAC005,SKU121,97.59,0.5
QR004980,FAC006,SKU128,95.05,2.8
QR004981,FAC004,SKU129,96.5,0.83
QR004982,FAC006,SKU127,95.3,2.37
QR004983,FAC001,SKU127,96.71,0.36
QR004984,FAC004,SKU104,96.81,1.08
QR004985,FAC003,SKU120,97.07,0.66
QR004986,FAC002,SKU117,98.98,2.62
QR004987,FAC003,SKU110,99.02,0.13
QR004988,FAC005,SKU105,97.82,0.97
QR004989,FAC006,SKU115,98.9,1.34
QR004990,FAC003,SKU108,95.71,0.95
QR004991,FAC003,SKU110,98.95,1.78
QR004992,FAC001,SKU106,96.55,1.56
QR004993,FAC002,SKU102,96.84,1.19
QR004994,FAC004,SKU113,99.45,1.92
QR004995,FAC005,SKU128,98.95,2.16
QR004996,FAC001,SKU103,97.27,2.74
QR004997,FAC002,SKU122,99.52,2.68
QR004998,FAC001,SKU115,97.71,1.17
QR004999,FAC002,SKU103,95.54,2.0
QR005000,FAC001,SKU102,98.9,2.96
QR005001,FAC004,SKU101,95.92,2.89
QR005002,FAC001,SKU112,95.99,1.64
QR005003,FAC004,SKU123,98.63,2.23
QR005004,FAC006,SKU128,96.07,0.46
QR005005,FAC003,SKU129,97.04,0.93
QR005006,FAC004,SKU111,97.9,0.58
QR005007,FAC006,SKU124,95.48,1.3
QR005008,FAC001,SKU100,98.13,1.29
QR005009,FAC005,SKU100,98.74,0.32
QR005010,FAC002,SKU110,96.7,0.56
QR005011,FAC001,SKU110,99.42,0.38
QR005012,FAC004,SKU107,95.32,1.43
QR005013,FAC001,SKU102,96.54,1.47
QR005014,FAC002,SKU120,97.64,2.18
QR005015,FAC002,SKU115,95.73,0.1
QR005016,FAC003,SKU127,98.96,1.74
QR005017,FAC001,SKU117,97.99,1.32
QR005018,FAC003,SKU119,96.59,2.32
QR005019,FAC004,SKU102,98.36,2.17
QR005020,FAC001,SKU121,99.12,0.3
QR005021,FAC004,SKU109,98.75,1.04
QR005022,FAC005,SKU118,95.49,2.79
QR005023,FAC004,SKU110,98.11,2.75
QR005024,FAC005,SKU101,95.89,1.39
QR005025,FAC003,SKU127,96.28,2.83
QR005026,FAC005,SKU104,95.18,2.81
QR005027,FAC005,SKU101,97.44,1.69
QR005028,FAC002,SKU122,95.85,1.88
QR005029,FAC005,SKU109,96.12,0.87
QR005030,FAC006,SKU113,98.5,0.26
QR005031,FAC005,SKU105,96.02,1.38
QR005032,FAC004,SKU103,96.05,1.93
QR005033,FAC001,SKU108,99.84,1.35
QR005034,FAC005,SKU123,97.29,0.4
QR005035,FAC002,SKU114,96.57,0.26
QR005036,FAC006,SKU121,99.24,1.29
QR005037,FAC005,SKU119,97.12,2.53
QR005038,FAC006,SKU122,95.5,0.73
QR005039,FAC006,SKU117,99.03,1.39
QR005040,FAC002,SKU113,96.26,1.29
QR005041,FAC001,SKU105,97.75,1.48
QR005042,FAC005,SKU110,97.77,1.38
QR005043,FAC003,SKU123,96.0,1.56
QR005044,FAC001,SKU119,99.55,2.81
QR005045,FAC002,SKU125,97.84,2.16
QR005046,FAC004,SKU108,96.77,1.11
QR005047,FAC002,SKU128,96.61,0.47
QR005048,FAC004,SKU116,98.3,2.56
QR005049,FAC001,SKU104,95.47,1.32
QR005050,FAC006,SKU100,97.82,1.78
QR005051,FAC001,SKU112,96.76,2.09
QR005052,FAC004,SKU122,95.74,0.52
QR005053,FAC002,SKU102,96.48,2.46
QR005054,FAC004,SKU115,95.05,2.71
QR005055,FAC003,SKU120,97.87,1.08
QR005056,FAC002,SKU111,97.54,1.5
QR005057,FAC002,SKU127,97.89,2.65
QR005058,FAC006,SKU100,97.89,0.9
QR005059,FAC005,SKU103,97.27,2.72
QR005060,FAC003,SKU119,96.89,2.27
QR005061,FAC005,SKU110,96.35,0.22
QR005062,FAC006,SKU123,96.63,0.92
QR005063,FAC005,SKU103,95.41,2.14
QR005064,FAC005,SKU107,98.32,2.41
QR005065,FAC006,SKU107,98.33,1.03
QR005066,FAC003,SKU116,96.38,2.24
QR005067,FAC005,SKU113,96.57,1.11
QR005068,FAC004,SKU129,99.61,1.15
QR005069,FAC002,SKU115,99.68,0.99
QR005070,FAC004,SKU124,97.79,1.46
QR005071,FAC005,SKU122,95.75,0.87
QR005072,FAC002,SKU104,98.93,0.52
QR005073,FAC006,SKU123,97.26,1.88
QR005074,FAC005,SKU114,96.56,1.53
QR005075,FAC003,SKU109,95.79,2.02
QR005076,FAC004,SKU112,98.34,2.4
QR005077,FAC003,SKU124,95.78,0.45
QR005078,FAC003,SKU128,96.76,1.97
QR005079,FAC001,SKU106,99.08,2.3
QR005080,FAC003,SKU117,97.81,2.92
QR005081,FAC005,SKU116,98.5,0.49
QR005082,FAC006,SKU109,96.16,0.33
QR005083,FAC004,SKU107,97.29,2.01
QR005084,FAC006,SKU116,97.41,2.22
QR005085,FAC004,SKU107,97.65,1.13
QR005086,FAC006,SKU105,96.87,2.24
QR005087,FAC004,SKU117,97.3,1.91
QR005088,FAC003,SKU129,97.53,2.65
QR005089,FAC003,SKU121,99.68,2.97
QR005090,FAC006,SKU129,99.51,0.75
QR005091,FAC002,SKU126,95.95,1.69
QR005092,FAC006,SKU123,96.2,1.51
QR005093,FAC003,SKU118,96.39,0.14
QR005094,FAC005,SKU121,96.5,2.41
QR005095,FAC002,SKU124,99.04,2.54
QR005096,FAC001,SKU120,96.83,1.45
QR005097,FAC002,SKU119,96.14,1.44
QR005098,FAC002,SKU126,99.85,2.54
QR005099,FAC002,SKU111,97.42,2.78
QR005100,FAC005,SKU116,95.9,2.73
QR005101,FAC005,SKU114,97.8,0.2
QR005102,FAC003,SKU114,97.37,3.0
QR005103,FAC001,SKU121,99.66,1.23
QR005104,FAC006,SKU101,98.23,1.71
QR005105,FAC003,SKU119,98.99,1.94
QR005106,FAC003,SKU100,99.29,0.11
QR005107,FAC001,SKU123,98.91,2.38
QR005108,FAC006,SKU101,99.07,1.77
QR005109,FAC001,SKU121,97.33,1.03
QR005110,FAC003,SKU109,99.58,2.07
QR005111,FAC002,SKU117,98.0,1.29
QR005112,FAC004,SKU113,97.43,2.1
QR005113,FAC006,SKU101,99.64,0.59
QR005114,FAC003,SKU125,97.99,1.26
QR005115,FAC006,SKU101,95.56,3.0
QR005116,FAC006,SKU123,95.62,0.86
QR005117,FAC004,SKU122,99.17,2.8
QR005118,FAC003,SKU101,95.65,0.88
QR005119,FAC004,SKU119,99.39,0.74
QR005120,FAC004,SKU117,99.6,1.48
QR005121,FAC003,SKU126,96.83,1.44
QR005122,FAC003,SKU107,97.09,2.85
QR005123,FAC001,SKU113,95.97,1.47
QR005124,FAC003,SKU129,99.57,2.33
QR005125,FAC001,SKU122,95.44,2.9
QR005126,FAC003,SKU121,96.73,1.16
QR005127,FAC002,SKU107,95.52,0.54
QR005128,FAC006,SKU107,97.08,1.64
QR005129,FAC003,SKU105,98.28,0.77
QR005130,FAC006,SKU113,95.12,1.66
QR005131,FAC002,SKU126,96.08,0.91
QR005132,FAC003,SKU117,97.68,1.15
QR005133,FAC005,SKU121,97.44,2.39
QR005134,FAC006,SKU125,98.51,1.11
QR005135,FAC004,SKU110,96.23,2.25
QR005136,FAC001,SKU103,99.55,1.43
QR005137,FAC004,SKU119,97.42,2.86
QR005138,FAC001,SKU106,95.18,0.92
QR005139,FAC005,SKU128,99.08,1.91
QR005140,FAC001,SKU101,96.43,2.68
QR005141,FAC005,SKU128,97.98,0.42
QR005142,FAC002,SKU117,97.24,2.27
QR005143,FAC005,SKU122,95.54,1.53
QR005144,FAC003,SKU116,98.46,1.07
QR005145,FAC006,SKU124,96.18,1.48
QR005146,FAC001,SKU122,96.71,1.47
QR005147,FAC006,SKU122,97.65,1.34
QR005148,FAC006,SKU119,97.8,2.43
QR005149,FAC006,SKU125,98.41,2.38
QR005150,FAC002,SKU120,96.05,2.23
QR005151,FAC001,SKU119,99.06,1.91
QR005152,FAC002,SKU125,97.4,2.75
QR005153,FAC006,SKU109,99.23,2.18
QR005154,FAC002,SKU111,99.19,1.02
QR005155,FAC003,SKU108,96.0,1.75
QR005156,FAC004,SKU116,96.34,0.75
QR005157,FAC001,SKU115,96.49,2.41
QR005158,FAC005,SKU127,95.95,2.58
QR005159,FAC005,SKU115,98.03,2.65
QR005160,FAC002,SKU115,99.4,0.65
QR005161,FAC005,SKU121,97.97,2.42
QR005162,FAC002,SKU106,96.77,0.98
QR005163,FAC005,SKU107,97.14,1.07
QR005164,FAC005,SKU111,99.56,0.25
QR005165,FAC002,SKU108,99.82,0.79
QR005166,FAC003,SKU113,98.74,2.61
QR005167,FAC002,SKU104,98.98,1.07
QR005168,FAC003,SKU103,99.26,1.71
QR005169,FAC006,SKU116,99.68,1.95
QR005170,FAC004,SKU101,98.54,2.09
QR005171,FAC002,SKU101,98.2,0.53
QR005172,FAC003,SKU129,99.27,0.98
QR005173,FAC003,SKU114,97.53,0.69
QR005174,FAC004,SKU123,96.51,0.66
QR005175,FAC003,SKU114,95.02,1.53
QR005176,FAC003,SKU109,95.05,1.9
QR005177,FAC003,SKU112,97.95,0.26
QR005178,FAC001,SKU118,95.44,0.32
QR005179,FAC001,SKU128,95.91,0.47
QR005180,FAC005,SKU102,96.43,2.4
QR005181,FAC003,SKU105,98.8,2.99
QR005182,FAC006,SKU120,95.57,1.4
QR005183,FAC002,SKU102,98.0,2.18
QR005184,FAC005,SKU108,96.6,1.39
QR005185,FAC006,SKU110,98.32,2.63
QR005186,FAC006,SKU114,96.0,1.3
QR005187,FAC003,SKU106,95.22,1.17
QR005188,FAC006,SKU119,95.8,0.73
QR005189,FAC003,SKU127,95.86,2.05
QR005190,FAC004,SKU120,96.97,1.16
QR005191,FAC001,SKU118,98.92,0.42
QR005192,FAC001,SKU104,99.12,1.99
QR005193,FAC001,SKU105,96.66,2.1
QR005194,FAC006,SKU116,96.62,2.1
QR005195,FAC001,SKU121,96.53,1.23
QR005196,FAC006,SKU118,96.51,0.89
QR005197,FAC002,SKU122,95.96,1.09
QR005198,FAC006,SKU126,98.7,1.13
QR005199,FAC004,SKU128,98.41,1.99
QR005200,FAC004,SKU110,96.27,2.19
QR005201,FAC005,SKU123,96.62,0.31
QR005202,FAC003,SKU124,99.26,1.1
QR005203,FAC003,SKU105,98.27,2.28
QR005204,FAC006,SKU125,99.05,1.64
QR005205,FAC004,SKU116,98.61,2.87
QR005206,FAC006,SKU125,97.55,1.3
QR005207,FAC004,SKU103,98.55,0.73
QR005208,FAC005,SKU127,95.22,1.9
QR005209,FAC005,SKU105,96.09,2.06
QR005210,FAC006,SKU121,96.39,2.85
QR005211,FAC006,SKU122,98.88,2.82
QR005212,FAC005,SKU123,99.65,1.22
QR005213,FAC001,SKU105,96.47,0.92
QR005214,FAC006,SKU107,95.25,2.15
QR005215,FAC005,SKU117,99.51,2.4
QR005216,FAC004,SKU123,96.89,1.43
QR005217,FAC002,SKU111,97.62,1.12
QR005218,FAC004,SKU125,97.67,1.07
QR005219,FAC003,SKU106,99.33,2.21
QR005220,FAC001,SKU118,97.79,0.93
QR005221,FAC003,SKU124,98.36,2.2
QR005222,FAC004,SKU125,97.81,0.38
QR005223,FAC006,SKU103,99.03,1.07
QR005224,FAC005,SKU121,96.91,0.5
QR005225,FAC002,SKU129,96.65,0.28
QR005226,FAC002,SKU117,95.29,1.89
QR005227,FAC006,SKU113,99.1,1.26
QR005228,FAC003,SKU121,96.8,2.67
QR005229,FAC005,SKU109,97.18,0.75
QR005230,FAC006,SKU103,96.14,0.88
QR005231,FAC006,SKU127,96.46,0.24
QR005232,FAC001,SKU115,97.62,1.26
QR005233,FAC006,SKU123,98.3,0.52
QR005234,FAC004,SKU100,98.83,1.94
QR005235,FAC006,SKU115,96.82,0.21
QR005236,FAC006,SKU103,95.11,0.93
QR005237,FAC006,SKU125,95.42,2.81
QR005238,FAC003,SKU127,97.79,2.21
QR005239,FAC002,SKU118,98.41,1.2
QR005240,FAC001,SKU110,97.36,2.04
QR005241,FAC005,SKU108,99.43,0.09
QR005242,FAC001,SKU104,99.46,1.04
QR005243,FAC002,SKU116,96.89,1.12
QR005244,FAC004,SKU111,99.7,0.15
QR005245,FAC004,SKU114,99.79,0.64
QR005246,FAC002,SKU113,96.41,1.4
QR005247,FAC005,SKU119,96.32,2.4
QR005248,FAC004,SKU110,99.29,2.1
QR005249,FAC001,SKU123,99.14,1.15
QR005250,FAC004,SKU124,99.19,2.67
QR005251,FAC002,SKU122,97.36,1.18
QR005252,FAC003,SKU127,95.46,1.14
QR005253,FAC001,SKU108,97.97,1.33
QR005254,FAC001,SKU104,95.47,2.08
QR005255,FAC006,SKU120,96.6,1.91
QR005256,FAC003,SKU123,96.0,2.53
QR005257,FAC001,SKU101,98.38,2.55
QR005258,FAC005,SKU116,99.29,1.02
QR005259,FAC003,SKU100,98.02,0.54
QR005260,FAC004,SKU110,95.94,1.41
QR005261,FAC004,SKU102,96.04,0.65
QR005262,FAC002,SKU108,97.69,2.51
QR005263,FAC004,SKU113,99.79,0.25
QR005264,FAC004,SKU101,95.12,2.86
QR005265,FAC003,SKU127,99.15,0.19
QR005266,FAC004,SKU108,97.05,2.69
QR005267,FAC004,SKU102,99.31,1.21
QR005268,FAC006,SKU112,97.08,2.14
QR005269,FAC001,SKU115,97.51,1.23
QR005270,FAC002,SKU104,97.5,0.67
QR005271,FAC006,SKU115,99.63,1.98
QR005272,FAC004,SKU111,95.35,0.3
QR005273,FAC004,SKU102,96.93,1.59
QR005274,FAC006,SKU119,96.79,0.44
QR005275,FAC001,SKU103,96.95,1.25
QR005276,FAC006,SKU117,95.29,0.68
QR005277,FAC003,SKU124,99.2,1.48
QR005278,FAC006,SKU105,95.13,0.41
QR005279,FAC001,SKU103,98.64,0.81
QR005280,FAC002,SKU107,95.42,2.69
QR005281,FAC004,SKU121,97.99,1.2
QR005282,FAC001,SKU116,97.79,2.35
QR005283,FAC005,SKU126,95.97,1.64
QR005284,FAC001,SKU124,95.2,2.41
QR005285,FAC003,SKU112,98.12,1.19
QR005286,FAC001,SKU111,98.92,1.15
QR005287,FAC002,SKU110,96.78,1.82
QR005288,FAC004,SKU120,98.03,1.31
QR005289,FAC002,SKU120,98.45,0.78
QR005290,FAC001,SKU129,96.26,2.87
QR005291,FAC001,SKU106,97.26,2.41
QR005292,FAC002,SKU126,99.27,2.59
QR005293,FAC005,SKU111,96.44,1.18
QR005294,FAC001,SKU117,98.66,0.5
QR005295,FAC003,SKU127,95.58,0.16
QR005296,FAC006,SKU126,97.25,2.82
QR005297,FAC005,SKU123,96.46,2.83
QR005298,FAC005,SKU117,96.97,0.9
QR005299,FAC006,SKU115,97.56,2.76
QR005300,FAC004,SKU120,95.32,1.63
QR005301,FAC003,SKU116,97.09,1.71
QR005302,FAC002,SKU119,98.63,0.63
QR005303,FAC005,SKU110,98.01,0.57
QR005304,FAC001,SKU108,98.28,2.36
QR005305,FAC003,SKU107,95.17,1.25
QR005306,FAC004,SKU106,95.82,1.69
QR005307,FAC005,SKU122,95.51,1.31
QR005308,FAC003,SKU106,99.07,1.83
QR005309,FAC002,SKU129,98.03,0.77
QR005310,FAC002,SKU105,95.48,1.96
QR005311,FAC004,SKU120,98.04,2.28
QR005312,FAC005,SKU117,95.18,0.07
QR005313,FAC005,SKU100,98.55,2.85
QR005314,FAC006,SKU103,96.68,2.51
QR005315,FAC003,SKU119,98.63,1.41
QR005316,FAC004,SKU117,98.86,2.32
QR005317,FAC006,SKU125,98.29,0.41
QR005318,FAC004,SKU100,99.62,0.96
QR005319,FAC004,SKU129,98.92,1.42
QR005320,FAC001,SKU124,99.76,0.26
QR005321,FAC002,SKU129,96.47,2.2
QR005322,FAC001,SKU105,99.57,2.62
QR005323,FAC005,SKU122,99.37,0.78
QR005324,FAC003,SKU129,95.65,2.06
QR005325,FAC006,SKU107,95.67,0.81
QR005326,FAC003,SKU117,99.62,2.88
QR005327,FAC005,SKU114,97.08,0.24
QR005328,FAC006,SKU109,96.78,0.13
QR005329,FAC001,SKU110,97.48,1.8
QR005330,FAC005,SKU125,98.81,0.57
QR005331,FAC003,SKU124,98.42,2.84
QR005332,FAC001,SKU116,98.26,2.18
QR005333,FAC002,SKU114,96.51,0.38
QR005334,FAC002,SKU104,96.33,1.5
QR005335,FAC003,SKU113,98.56,0.29
QR005336,FAC001,SKU101,95.27,1.77
QR005337,FAC004,SKU114,97.06,0.22
QR005338,FAC004,SKU110,98.22,0.23
QR005339,FAC005,SKU120,95.77,0.25
QR005340,FAC005,SKU103,95.26,0.36
QR005341,FAC002,SKU121,97.28,0.89
QR005342,FAC005,SKU109,96.64,0.36
QR005343,FAC004,SKU104,96.34,1.63
QR005344,FAC004,SKU113,99.3,1.52
QR005345,FAC004,SKU102,97.73,0.06
QR005346,FAC004,SKU107,99.24,1.48
QR005347,FAC005,SKU104,95.15,1.21
QR005348,FAC002,SKU120,96.47,1.61
QR005349,FAC006,SKU124,99.63,2.6
QR005350,FAC004,SKU110,98.21,1.94
QR005351,FAC003,SKU124,95.91,1.24
QR005352,FAC002,SKU114,96.95,0.98
QR005353,FAC001,SKU111,95.39,2.1
QR005354,FAC005,SKU112,97.5,2.15
QR005355,FAC004,SKU127,98.93,1.44
QR005356,FAC005,SKU103,95.91,1.18
QR005357,FAC006,SKU108,95.94,0.31
QR005358,FAC003,SKU107,95.75,0.4
QR005359,FAC002,SKU118,95.15,1.1
QR005360,FAC004,SKU113,96.99,1.23
QR005361,FAC001,SKU126,97.46,0.33
QR005362,FAC003,SKU104,98.73,1.81
QR005363,FAC001,SKU129,95.86,0.81
QR005364,FAC005,SKU115,98.35,2.96
QR005365,FAC006,SKU128,99.01,2.08
QR005366,FAC002,SKU114,95.56,1.0
QR005367,FAC006,SKU104,98.85,1.12
QR005368,FAC001,SKU122,95.27,0.07
QR005369,FAC004,SKU102,97.25,2.8
QR005370,FAC001,SKU118,99.74,0.14
QR005371,FAC004,SKU121,98.8,0.47
QR005372,FAC003,SKU120,97.86,0.57
QR005373,FAC005,SKU107,96.74,2.55
QR005374,FAC003,SKU119,97.87,2.55
QR005375,FAC005,SKU108,97.91,2.21
QR005376,FAC001,SKU125,97.52,1.06
QR005377,FAC005,SKU126,99.09,2.37
QR005378,FAC005,SKU123,95.37,2.14
QR005379,FAC006,SKU104,95.26,2.36
QR005380,FAC001,SKU117,99.89,2.73
QR005381,FAC002,SKU124,95.25,2.36
QR005382,FAC003,SKU106,96.24,2.07
QR005383,FAC004,SKU104,96.99,0.15
QR005384,FAC006,SKU117,97.12,1.3
QR005385,FAC006,SKU100,95.46,1.31
QR005386,FAC006,SKU102,95.06,0.7
QR005387,FAC005,SKU119,96.7,2.62
QR005388,FAC005,SKU119,96.0,1.44
QR005389,FAC001,SKU112,97.8,1.71
QR005390,FAC004,SKU117,97.76,0.06
QR005391,FAC002,SKU102,95.11,0.95
QR005392,FAC004,SKU123,99.03,0.8
QR005393,FAC002,SKU112,96.2,1.1
QR005394,FAC003,SKU107,96.9,2.13
QR005395,FAC005,SKU109,98.78,1.32
QR005396,FAC002,SKU101,98.22,1.49
QR005397,FAC005,SKU104,95.33,2.76
QR005398,FAC001,SKU119,97.73,1.7
QR005399,FAC003,SKU126,97.68,0.65
QR005400,FAC004,SKU126,96.31,2.39
QR005401,FAC004,SKU105,99.53,1.99
QR005402,FAC002,SKU127,95.05,1.18
QR005403,FAC003,SKU105,98.9,1.63
QR005404,FAC004,SKU121,96.19,1.89
QR005405,FAC002,SKU119,95.63,0.48
QR005406,FAC003,SKU106,96.18,0.39
QR005407,FAC006,SKU122,99.37,1.77
QR005408,FAC004,SKU110,96.35,1.1
QR005409,FAC006,SKU124,95.27,2.21
QR005410,FAC006,SKU126,98.87,2.64
QR005411,FAC004,SKU119,95.08,1.37
QR005412,FAC001,SKU129,96.35,2.55
QR005413,FAC001,SKU101,97.42,0.66
QR005414,FAC004,SKU115,99.72,2.52
QR005415,FAC005,SKU121,95.88,2.27
QR005416,FAC005,SKU125,95.46,1.17
QR005417,FAC005,SKU114,95.97,1.62
QR005418,FAC004,SKU124,97.23,0.75
QR005419,FAC002,SKU120,96.73,2.88
QR005420,FAC003,SKU126,95.22,1.27
QR005421,FAC005,SKU113,99.78,2.88
QR005422,FAC006,SKU127,97.26,2.05
QR005423,FAC005,SKU115,99.18,1.65
QR005424,FAC002,SKU125,96.17,2.65
QR005425,FAC004,SKU110,97.19,1.85
QR005426,FAC006,SKU120,95.99,0.06
QR005427,FAC003,SKU115,98.49,1.8
QR005428,FAC002,SKU102,97.39,0.51
QR005429,FAC003,SKU112,97.21,2.43
QR005430,FAC003,SKU100,95.99,0.81
QR005431,FAC006,SKU112,95.63,1.59
QR005432,FAC003,SKU127,98.59,0.09
QR005433,FAC005,SKU111,95.89,0.87
QR005434,FAC002,SKU117,98.23,1.15
QR005435,FAC006,SKU119,96.79,0.39
QR005436,FAC001,SKU106,99.62,2.94
QR005437,FAC002,SKU110,97.94,2.27
QR005438,FAC003,SKU127,96.67,2.99
QR005439,FAC003,SKU127,98.96,2.13
QR005440,FAC006,SKU128,95.29,0.55
QR005441,FAC004,SKU119,99.6,2.9
QR005442,FAC004,SKU114,99.44,1.1
QR005443,FAC004,SKU116,98.39,2.48
QR005444,FAC002,SKU127,97.81,2.83
QR005445,FAC004,SKU116,98.99,2.49
QR005446,FAC002,SKU124,97.68,1.56
QR005447,FAC004,SKU124,97.47,0.46
QR005448,FAC005,SKU123,96.2,2.97
QR005449,FAC002,SKU102,98.01,1.31
QR005450,FAC004,SKU128,99.45,1.79
QR005451,FAC001,SKU127,99.15,0.82
QR005452,FAC002,SKU105,97.63,0.61
QR005453,FAC002,SKU108,99.57,1.33
QR005454,FAC002,SKU114,95.93,2.75
QR005455,FAC004,SKU105,98.8,1.21
QR005456,FAC001,SKU111,97.65,2.63
QR005457,FAC003,SKU125,99.0,2.97
QR005458,FAC006,SKU118,97.24,1.73
QR005459,FAC006,SKU108,98.03,0.34
QR005460,FAC006,SKU102,97.07,2.88
QR005461,FAC002,SKU101,96.31,1.31
QR005462,FAC006,SKU106,96.51,1.82
QR005463,FAC003,SKU101,95.25,2.87
QR005464,FAC001,SKU105,96.61,2.84
QR005465,FAC001,SKU126,99.16,0.22
QR005466,FAC005,SKU125,98.13,2.78
QR005467,FAC004,SKU109,98.15,0.2
QR005468,FAC003,SKU124,95.22,2.31
QR005469,FAC001,SKU104,99.78,2.83
QR005470,FAC001,SKU105,95.7,0.97
QR005471,FAC002,SKU109,96.04,2.91
QR005472,FAC002,SKU115,95.82,1.45
QR005473,FAC003,SKU127,95.5,2.96
QR005474,FAC004,SKU107,99.0,1.83
QR005475,FAC001,SKU105,96.02,2.55
QR005476,FAC003,SKU117,97.91,0.42
QR005477,FAC001,SKU104,95.53,0.36
QR005478,FAC005,SKU128,95.12,1.86
QR005479,FAC004,SKU124,99.54,2.03
QR005480,FAC006,SKU102,99.38,1.97
QR005481,FAC005,SKU121,96.12,1.47
QR005482,FAC005,SKU109,96.2,2.3
QR005483,FAC004,SKU126,98.38,2.25
QR005484,FAC001,SKU113,99.7,2.7
QR005485,FAC006,SKU114,99.3,0.61
QR005486,FAC002,SKU101,97.27,0.5
QR005487,FAC001,SKU113,97.38,1.75
QR005488,FAC004,SKU125,96.73,0.23
QR005489,FAC006,SKU105,99.44,2.96
QR005490,FAC002,SKU119,96.42,1.32
QR005491,FAC001,SKU114,96.86,0.63
QR005492,FAC003,SKU125,98.08,1.83
QR005493,FAC003,SKU128,96.6,1.37
QR005494,FAC001,SKU127,95.33,0.64
QR005495,FAC003,SKU104,98.1,0.95
QR005496,FAC001,SKU114,98.36,1.25
QR005497,FAC004,SKU117,97.81,2.36
QR005498,FAC006,SKU104,97.66,0.17
QR005499,FAC001,SKU120,96.56,2.4
QR005500,FAC003,SKU112,95.42,1.98
QR005501,FAC004,SKU110,96.54,2.51
QR005502,FAC005,SKU108,96.63,2.12
QR005503,FAC002,SKU120,99.23,1.46
QR005504,FAC005,SKU104,99.14,1.91
QR005505,FAC001,SKU116,98.15,0.91
QR005506,FAC005,SKU110,99.42,0.11
QR005507,FAC005,SKU107,96.84,1.42
QR005508,FAC006,SKU125,99.8,0.21
QR005509,FAC001,SKU127,96.85,0.37
QR005510,FAC002,SKU107,98.33,1.25
QR005511,FAC003,SKU107,97.12,1.58
QR005512,FAC005,SKU109,97.74,0.95
QR005513,FAC006,SKU120,95.7,2.33
QR005514,FAC002,SKU124,96.26,0.77
QR005515,FAC006,SKU107,98.65,0.8
QR005516,FAC004,SKU110,96.37,2.66
QR005517,FAC001,SKU127,99.82,0.47
QR005518,FAC003,SKU122,98.89,1.88
QR005519,FAC003,SKU123,96.05,1.9
QR005520,FAC003,SKU103,97.45,0.07
QR005521,FAC004,SKU125,99.52,0.83
QR005522,FAC003,SKU106,95.15,0.56
QR005523,FAC002,SKU102,99.16,1.21
QR005524,FAC005,SKU114,98.03,1.11
QR005525,FAC001,SKU104,95.5,0.65
QR005526,FAC001,SKU111,99.36,1.64
QR005527,FAC004,SKU106,99.75,2.93
QR005528,FAC003,SKU120,95.21,2.64
QR005529,FAC006,SKU119,95.16,0.83
QR005530,FAC003,SKU111,97.2,0.5
QR005531,FAC003,SKU120,95.55,1.66
QR005532,FAC005,SKU126,95.77,1.45
QR005533,FAC001,SKU105,96.74,1.86
QR005534,FAC004,SKU104,98.07,2.31
QR005535,FAC005,SKU100,96.52,0.31
QR005536,FAC001,SKU102,97.23,2.13
QR005537,FAC002,SKU124,95.55,2.39
QR005538,FAC001,SKU111,99.63,2.33
QR005539,FAC003,SKU128,96.7,1.31
QR005540,FAC001,SKU100,98.96,2.67
QR005541,FAC002,SKU120,95.65,1.6
QR005542,FAC003,SKU117,99.79,1.32
QR005543,FAC005,SKU119,95.0,2.69
QR005544,FAC006,SKU101,97.03,1.92
QR005545,FAC002,SKU126,95.32,2.97
QR005546,FAC004,SKU112,95.89,1.57
QR005547,FAC001,SKU115,95.23,2.02
QR005548,FAC006,SKU118,98.03,0.76
QR005549,FAC006,SKU118,97.26,2.79
QR005550,FAC002,SKU119,96.48,1.58
QR005551,FAC003,SKU115,97.48,1.14
QR005552,FAC004,SKU114,96.33,2.85
QR005553,FAC006,SKU106,98.96,2.45
QR005554,FAC005,SKU104,98.28,1.19
QR005555,FAC004,SKU102,95.49,2.35
QR005556,FAC005,SKU126,95.17,0.34
QR005557,FAC005,SKU122,95.79,2.8
QR005558,FAC002,SKU113,99.67,1.41
QR005559,FAC005,SKU107,97.9,1.24
QR005560,FAC003,SKU119,97.74,2.81
QR005561,FAC001,SKU105,96.19,1.41
QR005562,FAC006,SKU119,98.22,2.8
QR005563,FAC006,SKU116,96.58,2.53
QR005564,FAC002,SKU107,96.81,2.9
QR005565,FAC002,SKU128,99.47,0.61
QR005566,FAC002,SKU100,95.18,0.75
QR005567,FAC004,SKU103,97.98,1.27
QR005568,FAC003,SKU115,99.9,2.44
QR005569,FAC004,SKU126,95.14,0.76
QR005570,FAC003,SKU110,95.18,2.35
QR005571,FAC002,SKU117,97.87,1.41
QR005572,FAC002,SKU124,99.83,2.72
QR005573,FAC001,SKU116,96.29,0.38
QR005574,FAC003,SKU100,98.8,0.83
QR005575,FAC005,SKU128,98.09,0.78
QR005576,FAC005,SKU105,98.08,1.7
QR005577,FAC004,SKU100,99.54,2.12
QR005578,FAC004,SKU113,95.82,1.86
QR005579,FAC002,SKU118,95.8,1.55
QR005580,FAC002,SKU120,99.18,2.64
QR005581,FAC001,SKU108,97.62,0.25
QR005582,FAC002,SKU102,95.83,2.29
QR005583,FAC005,SKU121,96.74,0.76
QR005584,FAC003,SKU118,96.94,2.38
QR005585,FAC003,SKU107,97.88,2.61
QR005586,FAC002,SKU117,99.75,1.17
QR005587,FAC003,SKU125,97.83,0.25
QR005588,FAC004,SKU115,96.67,2.31
QR005589,FAC005,SKU108,98.11,0.92
QR005590,FAC006,SKU128,97.94,2.79
QR005591,FAC005,SKU123,97.91,0.96
QR005592,FAC002,SKU107,96.38,2.92
QR005593,FAC006,SKU110,97.83,2.02
QR005594,FAC002,SKU103,96.33,0.28
QR005595,FAC002,SKU120,99.73,2.54
QR005596,FAC004,SKU104,97.81,2.09
QR005597,FAC004,SKU102,97.76,0.67
QR005598,FAC005,SKU115,95.66,0.41
QR005599,FAC004,SKU123,95.08,2.5
QR005600,FAC005,SKU102,98.02,2.57
QR005601,FAC006,SKU125,99.09,2.63
QR005602,FAC005,SKU121,97.17,0.18
QR005603,FAC001,SKU128,95.31,0.09
QR005604,FAC002,SKU101,96.06,2.75
QR005605,FAC004,SKU128,99.88,1.24
QR005606,FAC004,SKU125,98.21,0.13
QR005607,FAC002,SKU105,98.09,1.49
QR005608,FAC005,SKU100,96.53,1.88
QR005609,FAC005,SKU119,99.72,0.38
QR005610,FAC002,SKU128,95.1,2.98
QR005611,FAC004,SKU115,97.34,1.88
QR005612,FAC002,SKU100,95.52,1.05
QR005613,FAC002,SKU117,96.72,1.68
QR005614,FAC005,SKU107,95.47,2.06
QR005615,FAC003,SKU100,97.13,0.69
QR005616,FAC003,SKU117,99.38,0.15
QR005617,FAC005,SKU108,96.55,2.74
QR005618,FAC005,SKU113,95.44,0.26
QR005619,FAC002,SKU127,98.87,1.4
QR005620,FAC003,SKU119,95.21,1.16
QR005621,FAC002,SKU111,98.49,2.25
QR005622,FAC001,SKU122,97.7,1.94
QR005623,FAC004,SKU102,95.18,2.08
QR005624,FAC006,SKU116,97.91,2.36
QR005625,FAC001,SKU117,99.9,2.27
QR005626,FAC003,SKU127,98.06,1.53
QR005627,FAC006,SKU125,98.3,2.0
QR005628,FAC003,SKU116,95.7,0.89
QR005629,FAC002,SKU114,98.2,1.11
QR005630,FAC006,SKU108,98.12,0.97
QR005631,FAC004,SKU110,99.28,0.26
QR005632,FAC004,SKU110,98.34,0.81
QR005633,FAC001,SKU111,97.85,0.22
QR005634,FAC006,SKU125,99.44,1.83
QR005635,FAC001,SKU124,97.96,1.87
QR005636,FAC006,SKU104,99.23,1.22
QR005637,FAC005,SKU117,95.05,0.39
QR005638,FAC006,SKU117,97.97,2.81
QR005639,FAC001,SKU123,95.42,1.59
QR005640,FAC003,SKU106,95.05,0.92
QR005641,FAC001,SKU114,98.37,1.4
QR005642,FAC001,SKU118,98.28,0.4
QR005643,FAC006,SKU121,96.16,1.21
QR005644,FAC002,SKU111,97.52,2.69
QR005645,FAC006,SKU106,96.51,2.02
QR005646,FAC006,SKU111,99.67,2.15
QR005647,FAC003,SKU112,97.32,2.89
QR005648,FAC004,SKU120,99.24,0.92
QR005649,FAC002,SKU105,99.46,0.64
QR005650,FAC002,SKU119,98.06,2.17
QR005651,FAC001,SKU100,96.02,1.44
QR005652,FAC006,SKU124,99.02,0.67
QR005653,FAC005,SKU120,96.24,2.58
QR005654,FAC001,SKU106,97.28,2.18
QR005655,FAC002,SKU117,99.09,0.28
QR005656,FAC005,SKU111,98.92,1.85
QR005657,FAC005,SKU118,95.72,1.13
QR005658,FAC004,SKU101,98.1,1.11
QR005659,FAC003,SKU111,98.21,0.87
QR005660,FAC002,SKU114,96.21,2.17
QR005661,FAC003,SKU120,99.19,0.88
QR005662,FAC006,SKU118,98.26,1.06
QR005663,FAC004,SKU128,97.7,1.2
QR005664,FAC005,SKU125,95.79,0.21
QR005665,FAC003,SKU124,96.34,1.3
QR005666,FAC002,SKU100,96.79,1.66
QR005667,FAC001,SKU103,97.99,2.66
QR005668,FAC001,SKU121,95.57,0.6
QR005669,FAC004,SKU107,95.07,1.25
QR005670,FAC001,SKU123,98.7,0.9
QR005671,FAC004,SKU120,97.71,1.08
QR005672,FAC006,SKU115,99.59,0.54
QR005673,FAC003,SKU118,95.66,1.08
QR005674,FAC001,SKU103,97.41,2.26
QR005675,FAC001,SKU120,97.83,0.58
QR005676,FAC002,SKU128,96.92,0.42
QR005677,FAC002,SKU108,95.02,1.21
QR005678,FAC001,SKU114,97.07,0.39
QR005679,FAC006,SKU117,95.85,0.39
QR005680,FAC006,SKU110,98.24,1.81
QR005681,FAC003,SKU119,99.39,1.54
QR005682,FAC005,SKU124,98.76,0.87
QR005683,FAC003,SKU102,96.93,0.76
QR005684,FAC002,SKU106,98.76,0.59
QR005685,FAC004,SKU125,96.84,1.65
QR005686,FAC005,SKU123,98.75,1.03
QR005687,FAC005,SKU102,97.23,1.67
QR005688,FAC004,SKU127,96.0,1.86
QR005689,FAC004,SKU112,96.17,1.6
QR005690,FAC004,SKU111,95.67,2.42
QR005691,FAC001,SKU102,97.97,1.31
QR005692,FAC004,SKU122,95.49,2.42
QR005693,FAC003,SKU127,96.82,2.5
QR005694,FAC002,SKU102,99.75,0.28
QR005695,FAC006,SKU112,95.63,1.08
QR005696,FAC005,SKU110,96.05,1.65
QR005697,FAC004,SKU119,96.4,1.16
QR005698,FAC004,SKU121,98.45,2.1
QR005699,FAC006,SKU114,97.27,0.73
QR005700,FAC002,SKU104,99.63,0.27
QR005701,FAC003,SKU114,95.45,2.44
QR005702,FAC003,SKU122,95.26,0.63
QR005703,FAC002,SKU101,97.65,1.85
QR005704,FAC001,SKU128,95.95,1.75
QR005705,FAC002,SKU128,97.47,0.31
QR005706,FAC003,SKU112,97.03,2.61
QR005707,FAC006,SKU103,99.78,1.18
QR005708,FAC001,SKU117,99.61,1.74
QR005709,FAC006,SKU101,98.03,1.4
QR005710,FAC005,SKU105,97.98,0.97
QR005711,FAC003,SKU125,99.08,1.45
QR005712,FAC001,SKU116,95.15,2.21
QR005713,FAC001,SKU109,96.96,2.95
QR005714,FAC003,SKU100,96.99,0.21
QR005715,FAC003,SKU117,98.76,0.26
QR005716,FAC001,SKU120,95.1,2.78
QR005717,FAC003,SKU107,95.5,2.77
QR005718,FAC006,SKU117,98.26,2.82
QR005719,FAC002,SKU108,95.46,0.69
QR005720,FAC005,SKU104,99.59,0.49
QR005721,FAC005,SKU105,97.97,1.33
QR005722,FAC005,SKU124,96.11,1.12
QR005723,FAC006,SKU115,98.58,2.07
QR005724,FAC004,SKU124,96.98,2.19
QR005725,FAC003,SKU105,97.52,2.49
QR005726,FAC002,SKU101,96.05,0.92
QR005727,FAC006,SKU115,96.9,2.32
QR005728,FAC002,SKU105,96.85,2.91
QR005729,FAC002,SKU118,96.14,0.56
QR005730,FAC001,SKU117,97.92,0.68
QR005731,FAC002,SKU114,98.94,2.23
QR005732,FAC005,SKU101,98.14,0.3
QR005733,FAC004,SKU104,99.45,2.08
QR005734,FAC004,SKU126,98.51,2.84
QR005735,FAC001,SKU110,95.47,1.13
QR005736,FAC004,SKU112,98.18,2.1
QR005737,FAC001,SKU104,97.94,2.57
QR005738,FAC005,SKU111,99.49,1.95
QR005739,FAC004,SKU105,97.76,1.46
QR005740,FAC002,SKU120,96.77,1.88
QR005741,FAC001,SKU122,96.56,0.28
QR005742,FAC004,SKU117,97.77,1.79
QR005743,FAC004,SKU124,97.08,1.22
QR005744,FAC006,SKU127,97.61,0.45
QR005745,FAC006,SKU118,97.47,0.99
QR005746,FAC002,SKU106,97.3,0.95
QR005747,FAC003,SKU114,98.6,0.68
QR005748,FAC004,SKU117,99.28,1.41
QR005749,FAC002,SKU128,97.51,2.28
QR005750,FAC006,SKU113,96.56,2.1
QR005751,FAC003,SKU107,96.34,2.81
QR005752,FAC002,SKU107,95.61,2.4
QR005753,FAC005,SKU102,96.77,2.05
QR005754,FAC002,SKU104,95.85,0.78
QR005755,FAC003,SKU102,98.17,2.53
QR005756,FAC005,SKU115,97.69,2.1
QR005757,FAC006,SKU112,98.9,0.23
QR005758,FAC003,SKU109,96.36,1.79
QR005759,FAC003,SKU111,96.67,0.66
QR005760,FAC001,SKU127,99.66,0.98
QR005761,FAC002,SKU124,97.28,1.36
QR005762,FAC003,SKU117,99.26,1.86
QR005763,FAC005,SKU121,99.4,1.73
QR005764,FAC003,SKU117,99.64,2.8
QR005765,FAC006,SKU127,99.9,0.8
QR005766,FAC006,SKU126,98.33,0.41
QR005767,FAC001,SKU108,98.52,2.15
QR005768,FAC005,SKU107,99.53,2.29
QR005769,FAC004,SKU107,97.75,0.6
QR005770,FAC006,SKU110,97.18,0.41
QR005771,FAC002,SKU117,96.35,1.2
QR005772,FAC005,SKU119,95.48,2.07
QR005773,FAC003,SKU111,98.62,0.42
QR005774,FAC002,SKU118,95.81,0.14
QR005775,FAC001,SKU110,99.38,0.45
QR005776,FAC004,SKU114,95.29,1.35
QR005777,FAC004,SKU118,95.97,2.14
QR005778,FAC001,SKU110,98.55,0.15
QR005779,FAC003,SKU129,98.46,1.7
QR005780,FAC005,SKU122,97.73,1.83
QR005781,FAC002,SKU119,98.16,0.8
QR005782,FAC005,SKU128,99.07,2.71
QR005783,FAC006,SKU111,97.42,1.04
QR005784,FAC006,SKU110,97.27,1.31
QR005785,FAC003,SKU127,98.87,0.46
QR005786,FAC006,SKU124,98.04,2.42
QR005787,FAC002,SKU101,95.32,0.57
QR005788,FAC002,SKU123,97.45,1.33
QR005789,FAC004,SKU101,98.72,1.58
QR005790,FAC005,SKU127,96.37,1.76
QR005791,FAC004,SKU116,98.52,0.19
QR005792,FAC003,SKU124,97.52,2.84
QR005793,FAC003,SKU129,95.38,1.28
QR005794,FAC002,SKU107,95.24,1.93
QR005795,FAC006,SKU122,95.19,1.82
QR005796,FAC006,SKU107,95.92,0.75
QR005797,FAC001,SKU124,98.5,1.64
QR005798,FAC001,SKU110,98.93,2.72
QR005799,FAC006,SKU129,97.65,1.08
QR005800,FAC006,SKU117,95.45,0.41
QR005801,FAC001,SKU116,99.38,1.28
QR005802,FAC006,SKU127,95.98,2.67
QR005803,FAC004,SKU119,96.62,2.27
QR005804,FAC004,SKU114,99.68,0.97
QR005805,FAC006,SKU102,98.28,1.19
QR005806,FAC004,SKU108,95.96,2.75
QR005807,FAC004,SKU101,99.44,2.41
QR005808,FAC004,SKU108,99.28,0.73
QR005809,FAC003,SKU108,97.65,0.19
QR005810,FAC005,SKU123,98.65,2.37
QR005811,FAC005,SKU129,97.29,0.57
QR005812,FAC006,SKU119,96.76,1.12
QR005813,FAC003,SKU109,97.71,1.4
QR005814,FAC001,SKU104,95.47,2.47
QR005815,FAC006,SKU125,97.08,0.88
QR005816,FAC001,SKU101,99.16,2.01
QR005817,FAC001,SKU129,98.99,1.82
QR005818,FAC003,SKU128,97.27,1.14
QR005819,FAC002,SKU106,99.74,0.22
QR005820,FAC005,SKU100,97.55,2.54
QR005821,FAC004,SKU112,95.24,2.37
QR005822,FAC005,SKU112,99.63,1.54
QR005823,FAC001,SKU126,99.69,1.36
QR005824,FAC004,SKU123,96.3,1.28
QR005825,FAC002,SKU104,98.0,2.7
QR005826,FAC004,SKU107,95.85,1.1
QR005827,FAC005,SKU103,96.55,2.89
QR005828,FAC005,SKU111,99.62,2.93
QR005829,FAC004,SKU102,97.13,0.7
QR005830,FAC003,SKU108,99.17,0.46
QR005831,FAC003,SKU109,98.44,1.65
QR005832,FAC003,SKU122,98.03,0.66
QR005833,FAC001,SKU108,95.88,1.68
QR005834,FAC005,SKU107,96.1,1.36
QR005835,FAC005,SKU129,97.99,0.34
QR005836,FAC002,SKU128,96.3,2.47
QR005837,FAC001,SKU128,95.72,0.44
QR005838,FAC005,SKU107,99.69,1.47
QR005839,FAC001,SKU113,96.23,0.78
QR005840,FAC001,SKU125,99.34,0.12
QR005841,FAC005,SKU104,97.3,2.53
QR005842,FAC003,SKU103,97.22,0.51
QR005843,FAC001,SKU107,95.18,1.23
QR005844,FAC003,SKU114,96.73,0.22
QR005845,FAC003,SKU117,98.4,1.21
QR005846,FAC005,SKU123,95.02,2.47
QR005847,FAC001,SKU106,98.85,2.47
QR005848,FAC002,SKU115,95.31,2.12
QR005849,FAC002,SKU125,97.59,2.86
QR005850,FAC002,SKU103,98.14,1.12
QR005851,FAC004,SKU124,95.85,2.34
QR005852,FAC006,SKU111,98.82,2.39
QR005853,FAC001,SKU106,96.62,2.5
QR005854,FAC003,SKU123,96.53,2.69
QR005855,FAC006,SKU103,96.93,2.78
QR005856,FAC003,SKU122,96.27,2.35
QR005857,FAC006,SKU118,99.56,0.54
QR005858,FAC005,SKU127,95.34,0.22
QR005859,FAC006,SKU125,95.23,1.13
QR005860,FAC004,SKU112,96.25,2.7
QR005861,FAC004,SKU113,95.86,1.48
QR005862,FAC001,SKU125,96.63,0.94
QR005863,FAC003,SKU121,97.72,1.03
QR005864,FAC005,SKU127,98.26,2.23
QR005865,FAC001,SKU123,96.17,1.58
QR005866,FAC006,SKU105,99.46,1.77
QR005867,FAC001,SKU108,97.69,1.52
QR005868,FAC003,SKU127,97.57,1.51
QR005869,FAC002,SKU112,99.81,2.3
QR005870,FAC003,SKU105,96.12,1.92
QR005871,FAC003,SKU124,98.5,0.83
QR005872,FAC004,SKU108,98.78,0.8
QR005873,FAC001,SKU119,97.23,0.84
QR005874,FAC003,SKU127,97.76,2.53
QR005875,FAC003,SKU115,99.68,0.46
QR005876,FAC001,SKU118,97.9,2.07
QR005877,FAC001,SKU123,96.16,2.39
QR005878,FAC005,SKU124,96.94,2.35
QR005879,FAC003,SKU114,98.55,2.77
QR005880,FAC004,SKU111,98.92,2.28
QR005881,FAC005,SKU100,97.48,1.83
QR005882,FAC006,SKU108,95.32,2.53
QR005883,FAC003,SKU124,97.16,0.69
QR005884,FAC005,SKU128,97.43,0.28
QR005885,FAC001,SKU124,95.43,2.14
QR005886,FAC004,SKU100,98.33,1.5
QR005887,FAC002,SKU121,97.59,2.53
QR005888,FAC002,SKU100,96.41,2.44
QR005889,FAC004,SKU105,99.04,1.75
QR005890,FAC003,SKU122,98.64,1.41
QR005891,FAC004,SKU105,95.92,0.93
QR005892,FAC006,SKU121,98.4,2.12
QR005893,FAC002,SKU119,99.35,1.66
QR005894,FAC004,SKU109,95.45,1.77
QR005895,FAC002,SKU107,97.84,1.17
QR005896,FAC002,SKU112,99.71,1.34
QR005897,FAC001,SKU108,99.03,0.73
QR005898,FAC006,SKU119,98.77,2.06
QR005899,FAC005,SKU127,97.87,0.4
QR005900,FAC002,SKU124,96.41,0.06
QR005901,FAC003,SKU108,96.63,2.3
QR005902,FAC003,SKU113,96.61,1.58
QR005903,FAC003,SKU107,97.51,2.16
QR005904,FAC001,SKU100,96.76,0.96
QR005905,FAC006,SKU101,97.69,1.42
QR005906,FAC006,SKU128,97.08,1.49
QR005907,FAC003,SKU122,96.75,1.87
QR005908,FAC001,SKU105,99.71,0.2
QR005909,FAC002,SKU109,98.13,1.07
QR005910,FAC002,SKU104,98.42,1.78
QR005911,FAC002,SKU113,98.56,2.43
QR005912,FAC006,SKU126,98.66,2.45
QR005913,FAC003,SKU119,97.4,1.0
QR005914,FAC006,SKU102,95.97,2.29
QR005915,FAC003,SKU102,97.5,0.06
QR005916,FAC004,SKU102,98.97,1.5
QR005917,FAC004,SKU116,98.21,0.23
QR005918,FAC002,SKU110,99.52,2.34
QR005919,FAC002,SKU113,97.0,2.3
QR005920,FAC004,SKU119,97.5,2.51
QR005921,FAC003,SKU118,95.74,1.31
QR005922,FAC005,SKU121,97.06,1.05
QR005923,FAC001,SKU100,95.34,2.8
QR005924,FAC005,SKU103,96.81,1.29
QR005925,FAC001,SKU101,97.34,0.1
QR005926,FAC004,SKU119,97.78,2.03
QR005927,FAC006,SKU119,99.78,1.36
QR005928,FAC006,SKU116,95.79,1.75
QR005929,FAC001,SKU106,96.08,1.8
QR005930,FAC001,SKU113,98.4,1.64
QR005931,FAC002,SKU117,97.65,1.53
QR005932,FAC001,SKU116,95.85,0.79
QR005933,FAC004,SKU116,97.46,1.95
QR005934,FAC005,SKU117,99.69,2.85
QR005935,FAC004,SKU113,96.06,1.25
QR005936,FAC004,SKU105,99.04,0.76
QR005937,FAC003,SKU106,95.46,0.51
QR005938,FAC006,SKU125,98.92,0.75
QR005939,FAC001,SKU100,97.2,0.2
QR005940,FAC002,SKU119,95.41,0.25
QR005941,FAC003,SKU129,99.69,0.47
QR005942,FAC006,SKU108,99.52,2.1
QR005943,FAC004,SKU124,95.29,2.11
QR005944,FAC002,SKU116,98.93,0.8
QR005945,FAC002,SKU122,95.66,2.43
QR005946,FAC005,SKU124,97.12,0.08
QR005947,FAC006,SKU120,98.26,2.75
QR005948,FAC003,SKU128,98.51,1.03
QR005949,FAC006,SKU106,98.11,1.91
QR005950,FAC006,SKU109,97.46,1.88
QR005951,FAC004,SKU119,98.92,0.72
QR005952,FAC003,SKU125,97.08,1.56
QR005953,FAC001,SKU113,98.88,0.09
QR005954,FAC005,SKU103,99.33,0.9
QR005955,FAC004,SKU122,96.59,1.7
QR005956,FAC001,SKU102,97.01,2.31
QR005957,FAC005,SKU105,98.62,0.49
QR005958,FAC005,SKU115,95.93,0.67
QR005959,FAC004,SKU109,99.06,1.95
QR005960,FAC004,SKU112,99.32,0.37
QR005961,FAC002,SKU124,95.64,0.16
QR005962,FAC004,SKU117,98.48,0.81
QR005963,FAC004,SKU107,98.25,0.81
QR005964,FAC006,SKU121,99.31,3.0
QR005965,FAC002,SKU103,99.27,2.17
QR005966,FAC004,SKU103,99.49,0.13
QR005967,FAC005,SKU128,98.09,2.57
QR005968,FAC004,SKU123,96.86,1.19
QR005969,FAC001,SKU129,98.35,2.85
QR005970,FAC005,SKU107,98.54,0.2
QR005971,FAC001,SKU108,98.25,2.43
QR005972,FAC001,SKU113,98.47,1.56
QR005973,FAC005,SKU101,96.07,0.17
QR005974,FAC006,SKU106,99.4,0.8
QR005975,FAC002,SKU110,98.91,1.89
QR005976,FAC005,SKU104,98.34,1.23
QR005977,FAC004,SKU114,97.76,2.54
QR005978,FAC006,SKU104,97.84,1.52
QR005979,FAC003,SKU103,97.74,2.21
QR005980,FAC002,SKU111,98.07,0.85
QR005981,FAC005,SKU127,96.55,1.42
QR005982,FAC005,SKU123,99.23,1.67
QR005983,FAC001,SKU100,99.38,2.85
QR005984,FAC002,SKU119,97.29,0.38
QR005985,FAC005,SKU122,98.73,1.98
QR005986,FAC001,SKU119,98.58,1.07
QR005987,FAC001,SKU126,99.06,0.59
QR005988,FAC002,SKU111,96.1,1.48
QR005989,FAC001,SKU119,96.23,2.85
QR005990,FAC003,SKU126,95.8,2.38
QR005991,FAC006,SKU122,95.83,2.84
QR005992,FAC006,SKU129,97.72,1.5
QR005993,FAC006,SKU121,99.79,1.93
QR005994,FAC002,SKU123,99.33,1.63
QR005995,FAC006,SKU127,96.38,1.51
QR005996,FAC002,SKU117,99.44,2.3
QR005997,FAC003,SKU105,96.68,0.23
QR005998,FAC004,SKU100,98.95,1.78
QR005999,FAC005,SKU126,95.87,1.7
