SO,Date,SKUID,Qty,UnitPrice
SO000SKU100,2025-01-01,SKU100,218,2161.25
SO000SKU101,2025-01-01,SKU101,365,1245.0
SO000SKU102,2025-01-01,SKU102,473,772.5
SO000SKU103,2025-01-01,SKU103,96,2328.75
SO000SKU104,2025-01-01,SKU104,113,636.25
SO000SKU105,2025-01-01,SKU105,447,1347.5
SO000SKU106,2025-01-01,SKU106,282,1293.75
SO000SKU107,2025-01-01,SKU107,153,1920.0
SO000SKU108,2025-01-01,SKU108,367,2440.0
SO000SKU109,2025-01-01,SKU109,299,2242.5
SO000SKU110,2025-01-01,SKU110,192,1747.5
SO000SKU111,2025-01-01,SKU111,332,1343.75
SO000SKU112,2025-01-01,SKU112,136,1787.5
SO000SKU113,2025-01-01,SKU113,428,2497.5
SO000SKU114,2025-01-01,SKU114,275,1300.0
SO000SKU115,2025-01-01,SKU115,208,866.25
SO000SKU116,2025-01-01,SKU116,449,491.25
SO000SKU117,2025-01-01,SKU117,216,2353.75
SO000SKU118,2025-01-01,SKU118,230,578.75
SO000SKU119,2025-01-01,SKU119,449,632.5
SO000SKU120,2025-01-01,SKU120,470,1086.25
SO000SKU121,2025-01-01,SKU121,400,2001.25
SO000SKU122,2025-01-01,SKU122,391,791.25
SO000SKU123,2025-01-01,SKU123,162,1283.75
SO000SKU124,2025-01-01,SKU124,80,2090.0
SO000SKU125,2025-01-01,SKU125,137,2171.25
SO000SKU126,2025-01-01,SKU126,109,1933.75
SO000SKU127,2025-01-01,SKU127,120,1741.25
SO000SKU128,2025-01-01,SKU128,115,792.5
SO000SKU129,2025-01-01,SKU129,144,1346.25
SO001SKU100,2025-01-02,SKU100,206,2161.25
SO001SKU101,2025-01-02,SKU101,381,1245.0
SO001SKU102,2025-01-02,SKU102,83,772.5
SO001SKU103,2025-01-02,SKU103,197,2328.75
SO001SKU104,2025-01-02,SKU104,249,636.25
SO001SKU105,2025-01-02,SKU105,422,1347.5
SO001SKU106,2025-01-02,SKU106,450,1293.75
SO001SKU107,2025-01-02,SKU107,322,1920.0
SO001SKU108,2025-01-02,SKU108,288,2440.0
SO001SKU109,2025-01-02,SKU109,300,2242.5
SO001SKU110,2025-01-02,SKU110,453,1747.5
SO001SKU111,2025-01-02,SKU111,130,1343.75
SO001SKU112,2025-01-02,SKU112,489,1787.5
SO001SKU113,2025-01-02,SKU113,177,2497.5
SO001SKU114,2025-01-02,SKU114,173,1300.0
SO001SKU115,2025-01-02,SKU115,118,866.25
SO001SKU116,2025-01-02,SKU116,105,491.25
SO001SKU117,2025-01-02,SKU117,87,2353.75
SO001SKU118,2025-01-02,SKU118,288,578.75
SO001SKU119,2025-01-02,SKU119,285,632.5
SO001SKU120,2025-01-02,SKU120,81,1086.25
SO001SKU121,2025-01-02,SKU121,481,2001.25
SO001SKU122,2025-01-02,SKU122,436,791.25
SO001SKU123,2025-01-02,SKU123,447,1283.75
SO001SKU124,2025-01-02,SKU124,191,2090.0
SO001SKU125,2025-01-02,SKU125,357,2171.25
SO001SKU126,2025-01-02,SKU126,105,1933.75
SO001SKU127,2025-01-02,SKU127,351,1741.25
SO001SKU128,2025-01-02,SKU128,175,792.5
SO001SKU129,2025-01-02,SKU129,200,1346.25
SO002SKU100,2025-01-03,SKU100,314,2161.25
SO002SKU101,2025-01-03,SKU101,314,1245.0
SO002SKU102,2025-01-03,SKU102,117,772.5
SO002SKU103,2025-01-03,SKU103,147,2328.75
SO002SKU104,2025-01-03,SKU104,205,636.25
SO002SKU105,2025-01-03,SKU105,358,1347.5
SO002SKU106,2025-01-03,SKU106,414,1293.75
SO002SKU107,2025-01-03,SKU107,363,1920.0
SO002SKU108,2025-01-03,SKU108,148,2440.0
SO002SKU109,2025-01-03,SKU109,363,2242.5
SO002SKU110,2025-01-03,SKU110,187,1747.5
SO002SKU111,2025-01-03,SKU111,404,1343.75
SO002SKU112,2025-01-03,SKU112,208,1787.5
SO002SKU113,2025-01-03,SKU113,404,2497.5
SO002SKU114,2025-01-03,SKU114,81,1300.0
SO002SKU115,2025-01-03,SKU115,214,866.25
SO002SKU116,2025-01-03,SKU116,441,491.25
SO002SKU117,2025-01-03,SKU117,118,2353.75
SO002SKU118,2025-01-03,SKU118,156,578.75
SO002SKU119,2025-01-03,SKU119,362,632.5
SO002SKU120,2025-01-03,SKU120,237,1086.25
SO002SKU121,2025-01-03,SKU121,263,2001.25
SO002SKU122,2025-01-03,SKU122,132,791.25
SO002SKU123,2025-01-03,SKU123,288,1283.75
SO002SKU124,2025-01-03,SKU124,201,2090.0
SO002SKU125,2025-01-03,SKU125,291,2171.25
SO002SKU126,2025-01-03,SKU126,250,1933.75
SO002SKU127,2025-01-03,SKU127,422,1741.25
SO002SKU128,2025-01-03,SKU128,161,792.5
SO002SKU129,2025-01-03,SKU129,99,1346.25
SO003SKU100,2025-01-04,SKU100,259,2161.25
SO003SKU101,2025-01-04,SKU101,354,1245.0
SO003SKU102,2025-01-04,SKU102,213,772.5
SO003SKU103,2025-01-04,SKU103,135,2328.75
SO003SKU104,2025-01-04,SKU104,482,636.25
SO003SKU105,2025-01-04,SKU105,139,1347.5
SO003SKU106,2025-01-04,SKU106,210,1293.75
SO003SKU107,2025-01-04,SKU107,346,1920.0
SO003SKU108,2025-01-04,SKU108,448,2440.0
SO003SKU109,2025-01-04,SKU109,180,2242.5
SO003SKU110,2025-01-04,SKU110,420,1747.5
SO003SKU111,2025-01-04,SKU111,419,1343.75
SO003SKU112,2025-01-04,SKU112,233,1787.5
SO003SKU113,2025-01-04,SKU113,247,2497.5
SO003SKU114,2025-01-04,SKU114,145,1300.0
SO003SKU115,2025-01-04,SKU115,274,866.25
SO003SKU116,2025-01-04,SKU116,371,491.25
SO003SKU117,2025-01-04,SKU117,80,2353.75
SO003SKU118,2025-01-04,SKU118,482,578.75
SO003SKU119,2025-01-04,SKU119,318,632.5
SO003SKU120,2025-01-04,SKU120,341,1086.25
SO003SKU121,2025-01-04,SKU121,417,2001.25
SO003SKU122,2025-01-04,SKU122,404,791.25
SO003SKU123,2025-01-04,SKU123,464,1283.75
SO003SKU124,2025-01-04,SKU124,492,2090.0
SO003SKU125,2025-01-04,SKU125,205,2171.25
SO003SKU126,2025-01-04,SKU126,473,1933.75
SO003SKU127,2025-01-04,SKU127,402,1741.25
SO003SKU128,2025-01-04,SKU128,276,792.5
SO003SKU129,2025-01-04,SKU129,415,1346.25
SO004SKU100,2025-01-05,SKU100,466,2161.25
SO004SKU101,2025-01-05,SKU101,448,1245.0
SO004SKU102,2025-01-05,SKU102,360,772.5
SO004SKU103,2025-01-05,SKU103,323,2328.75
SO004SKU104,2025-01-05,SKU104,406,636.25
SO004SKU105,2025-01-05,SKU105,400,1347.5
SO004SKU106,2025-01-05,SKU106,445,1293.75
SO004SKU107,2025-01-05,SKU107,243,1920.0
SO004SKU108,2025-01-05,SKU108,157,2440.0
SO004SKU109,2025-01-05,SKU109,441,2242.5
SO004SKU110,2025-01-05,SKU110,249,1747.5
SO004SKU111,2025-01-05,SKU111,185,1343.75
SO004SKU112,2025-01-05,SKU112,474,1787.5
SO004SKU113,2025-01-05,SKU113,471,2497.5
SO004SKU114,2025-01-05,SKU114,260,1300.0
SO004SKU115,2025-01-05,SKU115,294,866.25
SO004SKU116,2025-01-05,SKU116,489,491.25
SO004SKU117,2025-01-05,SKU117,192,2353.75
SO004SKU118,2025-01-05,SKU118,279,578.75
SO004SKU119,2025-01-05,SKU119,287,632.5
SO004SKU120,2025-01-05,SKU120,145,1086.25
SO004SKU121,2025-01-05,SKU121,281,2001.25
SO004SKU122,2025-01-05,SKU122,122,791.25
SO004SKU123,2025-01-05,SKU123,316,1283.75
SO004SKU124,2025-01-05,SKU124,247,2090.0
SO004SKU125,2025-01-05,SKU125,469,2171.25
SO004SKU126,2025-01-05,SKU126,295,1933.75
SO004SKU127,2025-01-05,SKU127,89,1741.25
SO004SKU128,2025-01-05,SKU128,259,792.5
SO004SKU129,2025-01-05,SKU129,413,1346.25
SO005SKU100,2025-01-06,SKU100,165,2161.25
SO005SKU101,2025-01-06,SKU101,138,1245.0
SO005SKU102,2025-01-06,SKU102,135,772.5
SO005SKU103,2025-01-06,SKU103,426,2328.75
SO005SKU104,2025-01-06,SKU104,446,636.25
SO005SKU105,2025-01-06,SKU105,401,1347.5
SO005SKU106,2025-01-06,SKU106,234,1293.75
SO005SKU107,2025-01-06,SKU107,141,1920.0
SO005SKU108,2025-01-06,SKU108,101,2440.0
SO005SKU109,2025-01-06,SKU109,269,2242.5
SO005SKU110,2025-01-06,SKU110,86,1747.5
SO005SKU111,2025-01-06,SKU111,301,1343.75
SO005SKU112,2025-01-06,SKU112,315,1787.5
SO005SKU113,2025-01-06,SKU113,455,2497.5
SO005SKU114,2025-01-06,SKU114,395,1300.0
SO005SKU115,2025-01-06,SKU115,327,866.25
SO005SKU116,2025-01-06,SKU116,217,491.25
SO005SKU117,2025-01-06,SKU117,124,2353.75
SO005SKU118,2025-01-06,SKU118,464,578.75
SO005SKU119,2025-01-06,SKU119,274,632.5
SO005SKU120,2025-01-06,SKU120,246,1086.25
SO005SKU121,2025-01-06,SKU121,488,2001.25
SO005SKU122,2025-01-06,SKU122,385,791.25
SO005SKU123,2025-01-06,SKU123,85,1283.75
SO005SKU124,2025-01-06,SKU124,203,2090.0
SO005SKU125,2025-01-06,SKU125,468,2171.25
SO005SKU126,2025-01-06,SKU126,444,1933.75
SO005SKU127,2025-01-06,SKU127,230,1741.25
SO005SKU128,2025-01-06,SKU128,236,792.5
SO005SKU129,2025-01-06,SKU129,363,1346.25
SO006SKU100,2025-01-07,SKU100,458,2161.25
SO006SKU101,2025-01-07,SKU101,469,1245.0
SO006SKU102,2025-01-07,SKU102,179,772.5
SO006SKU103,2025-01-07,SKU103,234,2328.75
SO006SKU104,2025-01-07,SKU104,220,636.25
SO006SKU105,2025-01-07,SKU105,229,1347.5
SO006SKU106,2025-01-07,SKU106,465,1293.75
SO006SKU107,2025-01-07,SKU107,225,1920.0
SO006SKU108,2025-01-07,SKU108,174,2440.0
SO006SKU109,2025-01-07,SKU109,324,2242.5
SO006SKU110,2025-01-07,SKU110,331,1747.5
SO006SKU111,2025-01-07,SKU111,107,1343.75
SO006SKU112,2025-01-07,SKU112,235,1787.5
SO006SKU113,2025-01-07,SKU113,365,2497.5
SO006SKU114,2025-01-07,SKU114,484,1300.0
SO006SKU115,2025-01-07,SKU115,310,866.25
SO006SKU116,2025-01-07,SKU116,381,491.25
SO006SKU117,2025-01-07,SKU117,397,2353.75
SO006SKU118,2025-01-07,SKU118,470,578.75
SO006SKU119,2025-01-07,SKU119,418,632.5
SO006SKU120,2025-01-07,SKU120,362,1086.25
SO006SKU121,2025-01-07,SKU121,310,2001.25
SO006SKU122,2025-01-07,SKU122,96,791.25
SO006SKU123,2025-01-07,SKU123,439,1283.75
SO006SKU124,2025-01-07,SKU124,199,2090.0
SO006SKU125,2025-01-07,SKU125,418,2171.25
SO006SKU126,2025-01-07,SKU126,138,1933.75
SO006SKU127,2025-01-07,SKU127,216,1741.25
SO006SKU128,2025-01-07,SKU128,164,792.5
SO006SKU129,2025-01-07,SKU129,371,1346.25
SO007SKU100,2025-01-08,SKU100,389,2161.25
SO007SKU101,2025-01-08,SKU101,425,1245.0
SO007SKU102,2025-01-08,SKU102,90,772.5
SO007SKU103,2025-01-08,SKU103,217,2328.75
SO007SKU104,2025-01-08,SKU104,345,636.25
SO007SKU105,2025-01-08,SKU105,379,1347.5
SO007SKU106,2025-01-08,SKU106,320,1293.75
SO007SKU107,2025-01-08,SKU107,423,1920.0
SO007SKU108,2025-01-08,SKU108,290,2440.0
SO007SKU109,2025-01-08,SKU109,285,2242.5
SO007SKU110,2025-01-08,SKU110,312,1747.5
SO007SKU111,2025-01-08,SKU111,139,1343.75
SO007SKU112,2025-01-08,SKU112,343,1787.5
SO007SKU113,2025-01-08,SKU113,357,2497.5
SO007SKU114,2025-01-08,SKU114,345,1300.0
SO007SKU115,2025-01-08,SKU115,306,866.25
SO007SKU116,2025-01-08,SKU116,361,491.25
SO007SKU117,2025-01-08,SKU117,437,2353.75
SO007SKU118,2025-01-08,SKU118,391,578.75
SO007SKU119,2025-01-08,SKU119,239,632.5
SO007SKU120,2025-01-08,SKU120,127,1086.25
SO007SKU121,2025-01-08,SKU121,140,2001.25
SO007SKU122,2025-01-08,SKU122,446,791.25
SO007SKU123,2025-01-08,SKU123,292,1283.75
SO007SKU124,2025-01-08,SKU124,313,2090.0
SO007SKU125,2025-01-08,SKU125,386,2171.25
SO007SKU126,2025-01-08,SKU126,115,1933.75
SO007SKU127,2025-01-08,SKU127,483,1741.25
SO007SKU128,2025-01-08,SKU128,451,792.5
SO007SKU129,2025-01-08,SKU129,417,1346.25
SO008SKU100,2025-01-09,SKU100,102,2161.25
SO008SKU101,2025-01-09,SKU101,495,1245.0
SO008SKU102,2025-01-09,SKU102,500,772.5
SO008SKU103,2025-01-09,SKU103,98,2328.75
SO008SKU104,2025-01-09,SKU104,131,636.25
SO008SKU105,2025-01-09,SKU105,349,1347.5
SO008SKU106,2025-01-09,SKU106,153,1293.75
SO008SKU107,2025-01-09,SKU107,118,1920.0
SO008SKU108,2025-01-09,SKU108,399,2440.0
SO008SKU109,2025-01-09,SKU109,248,2242.5
SO008SKU110,2025-01-09,SKU110,242,1747.5
SO008SKU111,2025-01-09,SKU111,357,1343.75
SO008SKU112,2025-01-09,SKU112,403,1787.5
SO008SKU113,2025-01-09,SKU113,462,2497.5
SO008SKU114,2025-01-09,SKU114,404,1300.0
SO008SKU115,2025-01-09,SKU115,165,866.25
SO008SKU116,2025-01-09,SKU116,246,491.25
SO008SKU117,2025-01-09,SKU117,271,2353.75
SO008SKU118,2025-01-09,SKU118,290,578.75
SO008SKU119,2025-01-09,SKU119,169,632.5
SO008SKU120,2025-01-09,SKU120,429,1086.25
SO008SKU121,2025-01-09,SKU121,198,2001.25
SO008SKU122,2025-01-09,SKU122,210,791.25
SO008SKU123,2025-01-09,SKU123,227,1283.75
SO008SKU124,2025-01-09,SKU124,306,2090.0
SO008SKU125,2025-01-09,SKU125,407,2171.25
SO008SKU126,2025-01-09,SKU126,313,1933.75
SO008SKU127,2025-01-09,SKU127,327,1741.25
SO008SKU128,2025-01-09,SKU128,263,792.5
SO008SKU129,2025-01-09,SKU129,91,1346.25
SO009SKU100,2025-01-10,SKU100,427,2161.25
SO009SKU101,2025-01-10,SKU101,150,1245.0
SO009SKU102,2025-01-10,SKU102,100,772.5
SO009SKU103,2025-01-10,SKU103,376,2328.75
SO009SKU104,2025-01-10,SKU104,231,636.25
SO009SKU105,2025-01-10,SKU105,182,1347.5
SO009SKU106,2025-01-10,SKU106,267,1293.75
SO009SKU107,2025-01-10,SKU107,164,1920.0
SO009SKU108,2025-01-10,SKU108,231,2440.0
SO009SKU109,2025-01-10,SKU109,138,2242.5
SO009SKU110,2025-01-10,SKU110,466,1747.5
SO009SKU111,2025-01-10,SKU111,425,1343.75
SO009SKU112,2025-01-10,SKU112,126,1787.5
SO009SKU113,2025-01-10,SKU113,354,2497.5
SO009SKU114,2025-01-10,SKU114,463,1300.0
SO009SKU115,2025-01-10,SKU115,406,866.25
SO009SKU116,2025-01-10,SKU116,199,491.25
SO009SKU117,2025-01-10,SKU117,367,2353.75
SO009SKU118,2025-01-10,SKU118,411,578.75
SO009SKU119,2025-01-10,SKU119,438,632.5
SO009SKU120,2025-01-10,SKU120,151,1086.25
SO009SKU121,2025-01-10,SKU121,332,2001.25
SO009SKU122,2025-01-10,SKU122,355,791.25
SO009SKU123,2025-01-10,SKU123,423,1283.75
SO009SKU124,2025-01-10,SKU124,356,2090.0
SO009SKU125,2025-01-10,SKU125,159,2171.25
SO009SKU126,2025-01-10,SKU126,330,1933.75
SO009SKU127,2025-01-10,SKU127,433,1741.25
SO009SKU128,2025-01-10,SKU128,200,792.5
SO009SKU129,2025-01-10,SKU129,268,1346.25
SO010SKU100,2025-01-11,SKU100,115,2161.25
SO010SKU101,2025-01-11,SKU101,380,1245.0
SO010SKU102,2025-01-11,SKU102,476,772.5
SO010SKU103,2025-01-11,SKU103,221,2328.75
SO010SKU104,2025-01-11,SKU104,356,636.25
SO010SKU105,2025-01-11,SKU105,418,1347.5
SO010SKU106,2025-01-11,SKU106,263,1293.75
SO010SKU107,2025-01-11,SKU107,245,1920.0
SO010SKU108,2025-01-11,SKU108,144,2440.0
SO010SKU109,2025-01-11,SKU109,461,2242.5
SO010SKU110,2025-01-11,SKU110,265,1747.5
SO010SKU111,2025-01-11,SKU111,337,1343.75
SO010SKU112,2025-01-11,SKU112,452,1787.5
SO010SKU113,2025-01-11,SKU113,234,2497.5
SO010SKU114,2025-01-11,SKU114,325,1300.0
SO010SKU115,2025-01-11,SKU115,135,866.25
SO010SKU116,2025-01-11,SKU116,121,491.25
SO010SKU117,2025-01-11,SKU117,144,2353.75
SO010SKU118,2025-01-11,SKU118,360,578.75
SO010SKU119,2025-01-11,SKU119,351,632.5
SO010SKU120,2025-01-11,SKU120,300,1086.25
SO010SKU121,2025-01-11,SKU121,415,2001.25
SO010SKU122,2025-01-11,SKU122,190,791.25
SO010SKU123,2025-01-11,SKU123,253,1283.75
SO010SKU124,2025-01-11,SKU124,453,2090.0
SO010SKU125,2025-01-11,SKU125,420,2171.25
SO010SKU126,2025-01-11,SKU126,322,1933.75
SO010SKU127,2025-01-11,SKU127,301,1741.25
SO010SKU128,2025-01-11,SKU128,495,792.5
SO010SKU129,2025-01-11,SKU129,367,1346.25
SO011SKU100,2025-01-12,SKU100,194,2161.25
SO011SKU101,2025-01-12,SKU101,364,1245.0
SO011SKU102,2025-01-12,SKU102,195,772.5
SO011SKU103,2025-01-12,SKU103,499,2328.75
SO011SKU104,2025-01-12,SKU104,365,636.25
SO011SKU105,2025-01-12,SKU105,435,1347.5
SO011SKU106,2025-01-12,SKU106,439,1293.75
SO011SKU107,2025-01-12,SKU107,83,1920.0
SO011SKU108,2025-01-12,SKU108,416,2440.0
SO011SKU109,2025-01-12,SKU109,404,2242.5
SO011SKU110,2025-01-12,SKU110,351,1747.5
SO011SKU111,2025-01-12,SKU111,254,1343.75
SO011SKU112,2025-01-12,SKU112,246,1787.5
SO011SKU113,2025-01-12,SKU113,123,2497.5
SO011SKU114,2025-01-12,SKU114,466,1300.0
SO011SKU115,2025-01-12,SKU115,219,866.25
SO011SKU116,2025-01-12,SKU116,390,491.25
SO011SKU117,2025-01-12,SKU117,466,2353.75
SO011SKU118,2025-01-12,SKU118,136,578.75
SO011SKU119,2025-01-12,SKU119,329,632.5
SO011SKU120,2025-01-12,SKU120,192,1086.25
SO011SKU121,2025-01-12,SKU121,83,2001.25
SO011SKU122,2025-01-12,SKU122,150,791.25
SO011SKU123,2025-01-12,SKU123,141,1283.75
SO011SKU124,2025-01-12,SKU124,169,2090.0
SO011SKU125,2025-01-12,SKU125,197,2171.25
SO011SKU126,2025-01-12,SKU126,261,1933.75
SO011SKU127,2025-01-12,SKU127,303,1741.25
SO011SKU128,2025-01-12,SKU128,240,792.5
SO011SKU129,2025-01-12,SKU129,443,1346.25
SO012SKU100,2025-01-13,SKU100,348,2161.25
SO012SKU101,2025-01-13,SKU101,253,1245.0
SO012SKU102,2025-01-13,SKU102,341,772.5
SO012SKU103,2025-01-13,SKU103,179,2328.75
SO012SKU104,2025-01-13,SKU104,452,636.25
SO012SKU105,2025-01-13,SKU105,155,1347.5
SO012SKU106,2025-01-13,SKU106,181,1293.75
SO012SKU107,2025-01-13,SKU107,468,1920.0
SO012SKU108,2025-01-13,SKU108,475,2440.0
SO012SKU109,2025-01-13,SKU109,368,2242.5
SO012SKU110,2025-01-13,SKU110,369,1747.5
SO012SKU111,2025-01-13,SKU111,401,1343.75
SO012SKU112,2025-01-13,SKU112,320,1787.5
SO012SKU113,2025-01-13,SKU113,220,2497.5
SO012SKU114,2025-01-13,SKU114,117,1300.0
SO012SKU115,2025-01-13,SKU115,109,866.25
SO012SKU116,2025-01-13,SKU116,410,491.25
SO012SKU117,2025-01-13,SKU117,384,2353.75
SO012SKU118,2025-01-13,SKU118,363,578.75
SO012SKU119,2025-01-13,SKU119,101,632.5
SO012SKU120,2025-01-13,SKU120,176,1086.25
SO012SKU121,2025-01-13,SKU121,157,2001.25
SO012SKU122,2025-01-13,SKU122,495,791.25
SO012SKU123,2025-01-13,SKU123,123,1283.75
SO012SKU124,2025-01-13,SKU124,206,2090.0
SO012SKU125,2025-01-13,SKU125,347,2171.25
SO012SKU126,2025-01-13,SKU126,224,1933.75
SO012SKU127,2025-01-13,SKU127,386,1741.25
SO012SKU128,2025-01-13,SKU128,251,792.5
SO012SKU129,2025-01-13,SKU129,427,1346.25
SO013SKU100,2025-01-14,SKU100,496,2161.25
SO013SKU101,2025-01-14,SKU101,458,1245.0
SO013SKU102,2025-01-14,SKU102,410,772.5
SO013SKU103,2025-01-14,SKU103,89,2328.75
SO013SKU104,2025-01-14,SKU104,189,636.25
SO013SKU105,2025-01-14,SKU105,195,1347.5
SO013SKU106,2025-01-14,SKU106,231,1293.75
SO013SKU107,2025-01-14,SKU107,474,1920.0
SO013SKU108,2025-01-14,SKU108,349,2440.0
SO013SKU109,2025-01-14,SKU109,472,2242.5
SO013SKU110,2025-01-14,SKU110,158,1747.5
SO013SKU111,2025-01-14,SKU111,399,1343.75
SO013SKU112,2025-01-14,SKU112,304,1787.5
SO013SKU113,2025-01-14,SKU113,448,2497.5
SO013SKU114,2025-01-14,SKU114,225,1300.0
SO013SKU115,2025-01-14,SKU115,353,866.25
SO013SKU116,2025-01-14,SKU116,179,491.25
SO013SKU117,2025-01-14,SKU117,316,2353.75
SO013SKU118,2025-01-14,SKU118,350,578.75
SO013SKU119,2025-01-14,SKU119,182,632.5
SO013SKU120,2025-01-14,SKU120,208,1086.25
SO013SKU121,2025-01-14,SKU121,270,2001.25
SO013SKU122,2025-01-14,SKU122,344,791.25
SO013SKU123,2025-01-14,SKU123,470,1283.75
SO013SKU124,2025-01-14,SKU124,342,2090.0
SO013SKU125,2025-01-14,SKU125,193,2171.25
SO013SKU126,2025-01-14,SKU126,93,1933.75
SO013SKU127,2025-01-14,SKU127,271,1741.25
SO013SKU128,2025-01-14,SKU128,194,792.5
SO013SKU129,2025-01-14,SKU129,445,1346.25
SO014SKU100,2025-01-15,SKU100,360,2161.25
SO014SKU101,2025-01-15,SKU101,296,1245.0
SO014SKU102,2025-01-15,SKU102,234,772.5
SO014SKU103,2025-01-15,SKU103,407,2328.75
SO014SKU104,2025-01-15,SKU104,136,636.25
SO014SKU105,2025-01-15,SKU105,354,1347.5
SO014SKU106,2025-01-15,SKU106,203,1293.75
SO014SKU107,2025-01-15,SKU107,80,1920.0
SO014SKU108,2025-01-15,SKU108,293,2440.0
SO014SKU109,2025-01-15,SKU109,348,2242.5
SO014SKU110,2025-01-15,SKU110,358,1747.5
SO014SKU111,2025-01-15,SKU111,90,1343.75
SO014SKU112,2025-01-15,SKU112,405,1787.5
SO014SKU113,2025-01-15,SKU113,462,2497.5
SO014SKU114,2025-01-15,SKU114,203,1300.0
SO014SKU115,2025-01-15,SKU115,475,866.25
SO014SKU116,2025-01-15,SKU116,102,491.25
SO014SKU117,2025-01-15,SKU117,409,2353.75
SO014SKU118,2025-01-15,SKU118,436,578.75
SO014SKU119,2025-01-15,SKU119,149,632.5
SO014SKU120,2025-01-15,SKU120,230,1086.25
SO014SKU121,2025-01-15,SKU121,101,2001.25
SO014SKU122,2025-01-15,SKU122,283,791.25
SO014SKU123,2025-01-15,SKU123,209,1283.75
SO014SKU124,2025-01-15,SKU124,226,2090.0
SO014SKU125,2025-01-15,SKU125,415,2171.25
SO014SKU126,2025-01-15,SKU126,268,1933.75
SO014SKU127,2025-01-15,SKU127,305,1741.25
SO014SKU128,2025-01-15,SKU128,175,792.5
SO014SKU129,2025-01-15,SKU129,488,1346.25
SO015SKU100,2025-01-16,SKU100,165,2161.25
SO015SKU101,2025-01-16,SKU101,101,1245.0
SO015SKU102,2025-01-16,SKU102,302,772.5
SO015SKU103,2025-01-16,SKU103,423,2328.75
SO015SKU104,2025-01-16,SKU104,490,636.25
SO015SKU105,2025-01-16,SKU105,95,1347.5
SO015SKU106,2025-01-16,SKU106,480,1293.75
SO015SKU107,2025-01-16,SKU107,200,1920.0
SO015SKU108,2025-01-16,SKU108,276,2440.0
SO015SKU109,2025-01-16,SKU109,158,2242.5
SO015SKU110,2025-01-16,SKU110,307,1747.5
SO015SKU111,2025-01-16,SKU111,351,1343.75
SO015SKU112,2025-01-16,SKU112,222,1787.5
SO015SKU113,2025-01-16,SKU113,456,2497.5
SO015SKU114,2025-01-16,SKU114,367,1300.0
SO015SKU115,2025-01-16,SKU115,308,866.25
SO015SKU116,2025-01-16,SKU116,435,491.25
SO015SKU117,2025-01-16,SKU117,142,2353.75
SO015SKU118,2025-01-16,SKU118,168,578.75
SO015SKU119,2025-01-16,SKU119,494,632.5
SO015SKU120,2025-01-16,SKU120,257,1086.25
SO015SKU121,2025-01-16,SKU121,228,2001.25
SO015SKU122,2025-01-16,SKU122,443,791.25
SO015SKU123,2025-01-16,SKU123,486,1283.75
SO015SKU124,2025-01-16,SKU124,182,2090.0
SO015SKU125,2025-01-16,SKU125,332,2171.25
SO015SKU126,2025-01-16,SKU126,268,1933.75
SO015SKU127,2025-01-16,SKU127,393,1741.25
SO015SKU128,2025-01-16,SKU128,283,792.5
SO015SKU129,2025-01-16,SKU129,349,1346.25
SO016SKU100,2025-01-17,SKU100,301,2161.25
SO016SKU101,2025-01-17,SKU101,143,1245.0
SO016SKU102,2025-01-17,SKU102,162,772.5
SO016SKU103,2025-01-17,SKU103,257,2328.75
SO016SKU104,2025-01-17,SKU104,225,636.25
SO016SKU105,2025-01-17,SKU105,405,1347.5
SO016SKU106,2025-01-17,SKU106,400,1293.75
SO016SKU107,2025-01-17,SKU107,337,1920.0
SO016SKU108,2025-01-17,SKU108,377,2440.0
SO016SKU109,2025-01-17,SKU109,448,2242.5
SO016SKU110,2025-01-17,SKU110,368,1747.5
SO016SKU111,2025-01-17,SKU111,103,1343.75
SO016SKU112,2025-01-17,SKU112,413,1787.5
SO016SKU113,2025-01-17,SKU113,396,2497.5
SO016SKU114,2025-01-17,SKU114,401,1300.0
SO016SKU115,2025-01-17,SKU115,327,866.25
SO016SKU116,2025-01-17,SKU116,232,491.25
SO016SKU117,2025-01-17,SKU117,160,2353.75
SO016SKU118,2025-01-17,SKU118,184,578.75
SO016SKU119,2025-01-17,SKU119,447,632.5
SO016SKU120,2025-01-17,SKU120,146,1086.25
SO016SKU121,2025-01-17,SKU121,134,2001.25
SO016SKU122,2025-01-17,SKU122,216,791.25
SO016SKU123,2025-01-17,SKU123,105,1283.75
SO016SKU124,2025-01-17,SKU124,395,2090.0
SO016SKU125,2025-01-17,SKU125,247,2171.25
SO016SKU126,2025-01-17,SKU126,177,1933.75
SO016SKU127,2025-01-17,SKU127,319,1741.25
SO016SKU128,2025-01-17,SKU128,91,792.5
SO016SKU129,2025-01-17,SKU129,314,1346.25
SO017SKU100,2025-01-18,SKU100,471,2161.25
SO017SKU101,2025-01-18,SKU101,106,1245.0
SO017SKU102,2025-01-18,SKU102,363,772.5
SO017SKU103,2025-01-18,SKU103,310,2328.75
SO017SKU104,2025-01-18,SKU104,399,636.25
SO017SKU105,2025-01-18,SKU105,129,1347.5
SO017SKU106,2025-01-18,SKU106,267,1293.75
SO017SKU107,2025-01-18,SKU107,340,1920.0
SO017SKU108,2025-01-18,SKU108,99,2440.0
SO017SKU109,2025-01-18,SKU109,322,2242.5
SO017SKU110,2025-01-18,SKU110,343,1747.5
SO017SKU111,2025-01-18,SKU111,163,1343.75
SO017SKU112,2025-01-18,SKU112,233,1787.5
SO017SKU113,2025-01-18,SKU113,340,2497.5
SO017SKU114,2025-01-18,SKU114,233,1300.0
SO017SKU115,2025-01-18,SKU115,249,866.25
SO017SKU116,2025-01-18,SKU116,237,491.25
SO017SKU117,2025-01-18,SKU117,432,2353.75
SO017SKU118,2025-01-18,SKU118,215,578.75
SO017SKU119,2025-01-18,SKU119,196,632.5
SO017SKU120,2025-01-18,SKU120,167,1086.25
SO017SKU121,2025-01-18,SKU121,476,2001.25
SO017SKU122,2025-01-18,SKU122,428,791.25
SO017SKU123,2025-01-18,SKU123,438,1283.75
SO017SKU124,2025-01-18,SKU124,240,2090.0
SO017SKU125,2025-01-18,SKU125,184,2171.25
SO017SKU126,2025-01-18,SKU126,321,1933.75
SO017SKU127,2025-01-18,SKU127,111,1741.25
SO017SKU128,2025-01-18,SKU128,367,792.5
SO017SKU129,2025-01-18,SKU129,349,1346.25
SO018SKU100,2025-01-19,SKU100,440,2161.25
SO018SKU101,2025-01-19,SKU101,242,1245.0
SO018SKU102,2025-01-19,SKU102,487,772.5
SO018SKU103,2025-01-19,SKU103,373,2328.75
SO018SKU104,2025-01-19,SKU104,282,636.25
SO018SKU105,2025-01-19,SKU105,101,1347.5
SO018SKU106,2025-01-19,SKU106,257,1293.75
SO018SKU107,2025-01-19,SKU107,462,1920.0
SO018SKU108,2025-01-19,SKU108,355,2440.0
SO018SKU109,2025-01-19,SKU109,219,2242.5
SO018SKU110,2025-01-19,SKU110,380,1747.5
SO018SKU111,2025-01-19,SKU111,351,1343.75
SO018SKU112,2025-01-19,SKU112,131,1787.5
SO018SKU113,2025-01-19,SKU113,131,2497.5
SO018SKU114,2025-01-19,SKU114,361,1300.0
SO018SKU115,2025-01-19,SKU115,414,866.25
SO018SKU116,2025-01-19,SKU116,413,491.25
SO018SKU117,2025-01-19,SKU117,226,2353.75
SO018SKU118,2025-01-19,SKU118,373,578.75
SO018SKU119,2025-01-19,SKU119,99,632.5
SO018SKU120,2025-01-19,SKU120,170,1086.25
SO018SKU121,2025-01-19,SKU121,283,2001.25
SO018SKU122,2025-01-19,SKU122,463,791.25
SO018SKU123,2025-01-19,SKU123,99,1283.75
SO018SKU124,2025-01-19,SKU124,134,2090.0
SO018SKU125,2025-01-19,SKU125,312,2171.25
SO018SKU126,2025-01-19,SKU126,332,1933.75
SO018SKU127,2025-01-19,SKU127,338,1741.25
SO018SKU128,2025-01-19,SKU128,137,792.5
SO018SKU129,2025-01-19,SKU129,411,1346.25
SO019SKU100,2025-01-20,SKU100,174,2161.25
SO019SKU101,2025-01-20,SKU101,207,1245.0
SO019SKU102,2025-01-20,SKU102,308,772.5
SO019SKU103,2025-01-20,SKU103,378,2328.75
SO019SKU104,2025-01-20,SKU104,414,636.25
SO019SKU105,2025-01-20,SKU105,421,1347.5
SO019SKU106,2025-01-20,SKU106,287,1293.75
SO019SKU107,2025-01-20,SKU107,239,1920.0
SO019SKU108,2025-01-20,SKU108,231,2440.0
SO019SKU109,2025-01-20,SKU109,148,2242.5
SO019SKU110,2025-01-20,SKU110,390,1747.5
SO019SKU111,2025-01-20,SKU111,321,1343.75
SO019SKU112,2025-01-20,SKU112,191,1787.5
SO019SKU113,2025-01-20,SKU113,385,2497.5
SO019SKU114,2025-01-20,SKU114,308,1300.0
SO019SKU115,2025-01-20,SKU115,368,866.25
SO019SKU116,2025-01-20,SKU116,338,491.25
SO019SKU117,2025-01-20,SKU117,164,2353.75
SO019SKU118,2025-01-20,SKU118,139,578.75
SO019SKU119,2025-01-20,SKU119,330,632.5
SO019SKU120,2025-01-20,SKU120,494,1086.25
SO019SKU121,2025-01-20,SKU121,292,2001.25
SO019SKU122,2025-01-20,SKU122,316,791.25
SO019SKU123,2025-01-20,SKU123,91,1283.75
SO019SKU124,2025-01-20,SKU124,191,2090.0
SO019SKU125,2025-01-20,SKU125,256,2171.25
SO019SKU126,2025-01-20,SKU126,115,1933.75
SO019SKU127,2025-01-20,SKU127,226,1741.25
SO019SKU128,2025-01-20,SKU128,408,792.5
SO019SKU129,2025-01-20,SKU129,271,1346.25
SO020SKU100,2025-01-21,SKU100,81,2161.25
SO020SKU101,2025-01-21,SKU101,424,1245.0
SO020SKU102,2025-01-21,SKU102,274,772.5
SO020SKU103,2025-01-21,SKU103,257,2328.75
SO020SKU104,2025-01-21,SKU104,451,636.25
SO020SKU105,2025-01-21,SKU105,418,1347.5
SO020SKU106,2025-01-21,SKU106,185,1293.75
SO020SKU107,2025-01-21,SKU107,308,1920.0
SO020SKU108,2025-01-21,SKU108,104,2440.0
SO020SKU109,2025-01-21,SKU109,304,2242.5
SO020SKU110,2025-01-21,SKU110,477,1747.5
SO020SKU111,2025-01-21,SKU111,199,1343.75
SO020SKU112,2025-01-21,SKU112,243,1787.5
SO020SKU113,2025-01-21,SKU113,244,2497.5
SO020SKU114,2025-01-21,SKU114,346,1300.0
SO020SKU115,2025-01-21,SKU115,111,866.25
SO020SKU116,2025-01-21,SKU116,456,491.25
SO020SKU117,2025-01-21,SKU117,298,2353.75
SO020SKU118,2025-01-21,SKU118,409,578.75
SO020SKU119,2025-01-21,SKU119,436,632.5
SO020SKU120,2025-01-21,SKU120,272,1086.25
SO020SKU121,2025-01-21,SKU121,203,2001.25
SO020SKU122,2025-01-21,SKU122,442,791.25
SO020SKU123,2025-01-21,SKU123,109,1283.75
SO020SKU124,2025-01-21,SKU124,351,2090.0
SO020SKU125,2025-01-21,SKU125,184,2171.25
SO020SKU126,2025-01-21,SKU126,310,1933.75
SO020SKU127,2025-01-21,SKU127,450,1741.25
SO020SKU128,2025-01-21,SKU128,273,792.5
SO020SKU129,2025-01-21,SKU129,117,1346.25
SO021SKU100,2025-01-22,SKU100,436,2161.25
SO021SKU101,2025-01-22,SKU101,202,1245.0
SO021SKU102,2025-01-22,SKU102,318,772.5
SO021SKU103,2025-01-22,SKU103,213,2328.75
SO021SKU104,2025-01-22,SKU104,130,636.25
SO021SKU105,2025-01-22,SKU105,469,1347.5
SO021SKU106,2025-01-22,SKU106,240,1293.75
SO021SKU107,2025-01-22,SKU107,193,1920.0
SO021SKU108,2025-01-22,SKU108,363,2440.0
SO021SKU109,2025-01-22,SKU109,293,2242.5
SO021SKU110,2025-01-22,SKU110,197,1747.5
SO021SKU111,2025-01-22,SKU111,361,1343.75
SO021SKU112,2025-01-22,SKU112,211,1787.5
SO021SKU113,2025-01-22,SKU113,408,2497.5
SO021SKU114,2025-01-22,SKU114,455,1300.0
SO021SKU115,2025-01-22,SKU115,448,866.25
SO021SKU116,2025-01-22,SKU116,357,491.25
SO021SKU117,2025-01-22,SKU117,97,2353.75
SO021SKU118,2025-01-22,SKU118,498,578.75
SO021SKU119,2025-01-22,SKU119,150,632.5
SO021SKU120,2025-01-22,SKU120,442,1086.25
SO021SKU121,2025-01-22,SKU121,313,2001.25
SO021SKU122,2025-01-22,SKU122,421,791.25
SO021SKU123,2025-01-22,SKU123,329,1283.75
SO021SKU124,2025-01-22,SKU124,290,2090.0
SO021SKU125,2025-01-22,SKU125,220,2171.25
SO021SKU126,2025-01-22,SKU126,337,1933.75
SO021SKU127,2025-01-22,SKU127,492,1741.25
SO021SKU128,2025-01-22,SKU128,129,792.5
SO021SKU129,2025-01-22,SKU129,397,1346.25
SO022SKU100,2025-01-23,SKU100,274,2161.25
SO022SKU101,2025-01-23,SKU101,406,1245.0
SO022SKU102,2025-01-23,SKU102,335,772.5
SO022SKU103,2025-01-23,SKU103,249,2328.75
SO022SKU104,2025-01-23,SKU104,350,636.25
SO022SKU105,2025-01-23,SKU105,434,1347.5
SO022SKU106,2025-01-23,SKU106,103,1293.75
SO022SKU107,2025-01-23,SKU107,223,1920.0
SO022SKU108,2025-01-23,SKU108,96,2440.0
SO022SKU109,2025-01-23,SKU109,186,2242.5
SO022SKU110,2025-01-23,SKU110,283,1747.5
SO022SKU111,2025-01-23,SKU111,368,1343.75
SO022SKU112,2025-01-23,SKU112,356,1787.5
SO022SKU113,2025-01-23,SKU113,484,2497.5
SO022SKU114,2025-01-23,SKU114,336,1300.0
SO022SKU115,2025-01-23,SKU115,130,866.25
SO022SKU116,2025-01-23,SKU116,389,491.25
SO022SKU117,2025-01-23,SKU117,476,2353.75
SO022SKU118,2025-01-23,SKU118,481,578.75
SO022SKU119,2025-01-23,SKU119,262,632.5
SO022SKU120,2025-01-23,SKU120,175,1086.25
SO022SKU121,2025-01-23,SKU121,123,2001.25
SO022SKU122,2025-01-23,SKU122,206,791.25
SO022SKU123,2025-01-23,SKU123,158,1283.75
SO022SKU124,2025-01-23,SKU124,458,2090.0
SO022SKU125,2025-01-23,SKU125,126,2171.25
SO022SKU126,2025-01-23,SKU126,264,1933.75
SO022SKU127,2025-01-23,SKU127,124,1741.25
SO022SKU128,2025-01-23,SKU128,364,792.5
SO022SKU129,2025-01-23,SKU129,125,1346.25
SO023SKU100,2025-01-24,SKU100,166,2161.25
SO023SKU101,2025-01-24,SKU101,332,1245.0
SO023SKU102,2025-01-24,SKU102,221,772.5
SO023SKU103,2025-01-24,SKU103,119,2328.75
SO023SKU104,2025-01-24,SKU104,400,636.25
SO023SKU105,2025-01-24,SKU105,314,1347.5
SO023SKU106,2025-01-24,SKU106,282,1293.75
SO023SKU107,2025-01-24,SKU107,491,1920.0
SO023SKU108,2025-01-24,SKU108,300,2440.0
SO023SKU109,2025-01-24,SKU109,149,2242.5
SO023SKU110,2025-01-24,SKU110,435,1747.5
SO023SKU111,2025-01-24,SKU111,283,1343.75
SO023SKU112,2025-01-24,SKU112,435,1787.5
SO023SKU113,2025-01-24,SKU113,204,2497.5
SO023SKU114,2025-01-24,SKU114,482,1300.0
SO023SKU115,2025-01-24,SKU115,368,866.25
SO023SKU116,2025-01-24,SKU116,429,491.25
SO023SKU117,2025-01-24,SKU117,452,2353.75
SO023SKU118,2025-01-24,SKU118,304,578.75
SO023SKU119,2025-01-24,SKU119,499,632.5
SO023SKU120,2025-01-24,SKU120,335,1086.25
SO023SKU121,2025-01-24,SKU121,209,2001.25
SO023SKU122,2025-01-24,SKU122,484,791.25
SO023SKU123,2025-01-24,SKU123,325,1283.75
SO023SKU124,2025-01-24,SKU124,434,2090.0
SO023SKU125,2025-01-24,SKU125,264,2171.25
SO023SKU126,2025-01-24,SKU126,406,1933.75
SO023SKU127,2025-01-24,SKU127,207,1741.25
SO023SKU128,2025-01-24,SKU128,411,792.5
SO023SKU129,2025-01-24,SKU129,426,1346.25
SO024SKU100,2025-01-25,SKU100,157,2161.25
SO024SKU101,2025-01-25,SKU101,133,1245.0
SO024SKU102,2025-01-25,SKU102,453,772.5
SO024SKU103,2025-01-25,SKU103,313,2328.75
SO024SKU104,2025-01-25,SKU104,258,636.25
SO024SKU105,2025-01-25,SKU105,436,1347.5
SO024SKU106,2025-01-25,SKU106,102,1293.75
SO024SKU107,2025-01-25,SKU107,255,1920.0
SO024SKU108,2025-01-25,SKU108,164,2440.0
SO024SKU109,2025-01-25,SKU109,344,2242.5
SO024SKU110,2025-01-25,SKU110,366,1747.5
SO024SKU111,2025-01-25,SKU111,488,1343.75
SO024SKU112,2025-01-25,SKU112,407,1787.5
SO024SKU113,2025-01-25,SKU113,457,2497.5
SO024SKU114,2025-01-25,SKU114,383,1300.0
SO024SKU115,2025-01-25,SKU115,189,866.25
SO024SKU116,2025-01-25,SKU116,487,491.25
SO024SKU117,2025-01-25,SKU117,354,2353.75
SO024SKU118,2025-01-25,SKU118,314,578.75
SO024SKU119,2025-01-25,SKU119,330,632.5
SO024SKU120,2025-01-25,SKU120,385,1086.25
SO024SKU121,2025-01-25,SKU121,138,2001.25
SO024SKU122,2025-01-25,SKU122,168,791.25
SO024SKU123,2025-01-25,SKU123,232,1283.75
SO024SKU124,2025-01-25,SKU124,424,2090.0
SO024SKU125,2025-01-25,SKU125,236,2171.25
SO024SKU126,2025-01-25,SKU126,152,1933.75
SO024SKU127,2025-01-25,SKU127,150,1741.25
SO024SKU128,2025-01-25,SKU128,329,792.5
SO024SKU129,2025-01-25,SKU129,410,1346.25
SO025SKU100,2025-01-26,SKU100,497,2161.25
SO025SKU101,2025-01-26,SKU101,414,1245.0
SO025SKU102,2025-01-26,SKU102,292,772.5
SO025SKU103,2025-01-26,SKU103,165,2328.75
SO025SKU104,2025-01-26,SKU104,469,636.25
SO025SKU105,2025-01-26,SKU105,195,1347.5
SO025SKU106,2025-01-26,SKU106,314,1293.75
SO025SKU107,2025-01-26,SKU107,341,1920.0
SO025SKU108,2025-01-26,SKU108,476,2440.0
SO025SKU109,2025-01-26,SKU109,467,2242.5
SO025SKU110,2025-01-26,SKU110,359,1747.5
SO025SKU111,2025-01-26,SKU111,456,1343.75
SO025SKU112,2025-01-26,SKU112,96,1787.5
SO025SKU113,2025-01-26,SKU113,498,2497.5
SO025SKU114,2025-01-26,SKU114,495,1300.0
SO025SKU115,2025-01-26,SKU115,432,866.25
SO025SKU116,2025-01-26,SKU116,403,491.25
SO025SKU117,2025-01-26,SKU117,481,2353.75
SO025SKU118,2025-01-26,SKU118,110,578.75
SO025SKU119,2025-01-26,SKU119,385,632.5
SO025SKU120,2025-01-26,SKU120,229,1086.25
SO025SKU121,2025-01-26,SKU121,343,2001.25
SO025SKU122,2025-01-26,SKU122,128,791.25
SO025SKU123,2025-01-26,SKU123,110,1283.75
SO025SKU124,2025-01-26,SKU124,439,2090.0
SO025SKU125,2025-01-26,SKU125,444,2171.25
SO025SKU126,2025-01-26,SKU126,426,1933.75
SO025SKU127,2025-01-26,SKU127,403,1741.25
SO025SKU128,2025-01-26,SKU128,311,792.5
SO025SKU129,2025-01-26,SKU129,343,1346.25
SO026SKU100,2025-01-27,SKU100,191,2161.25
SO026SKU101,2025-01-27,SKU101,217,1245.0
SO026SKU102,2025-01-27,SKU102,360,772.5
SO026SKU103,2025-01-27,SKU103,328,2328.75
SO026SKU104,2025-01-27,SKU104,104,636.25
SO026SKU105,2025-01-27,SKU105,315,1347.5
SO026SKU106,2025-01-27,SKU106,313,1293.75
SO026SKU107,2025-01-27,SKU107,432,1920.0
SO026SKU108,2025-01-27,SKU108,161,2440.0
SO026SKU109,2025-01-27,SKU109,415,2242.5
SO026SKU110,2025-01-27,SKU110,420,1747.5
SO026SKU111,2025-01-27,SKU111,282,1343.75
SO026SKU112,2025-01-27,SKU112,466,1787.5
SO026SKU113,2025-01-27,SKU113,440,2497.5
SO026SKU114,2025-01-27,SKU114,119,1300.0
SO026SKU115,2025-01-27,SKU115,428,866.25
SO026SKU116,2025-01-27,SKU116,255,491.25
SO026SKU117,2025-01-27,SKU117,147,2353.75
SO026SKU118,2025-01-27,SKU118,125,578.75
SO026SKU119,2025-01-27,SKU119,240,632.5
SO026SKU120,2025-01-27,SKU120,275,1086.25
SO026SKU121,2025-01-27,SKU121,426,2001.25
SO026SKU122,2025-01-27,SKU122,84,791.25
SO026SKU123,2025-01-27,SKU123,259,1283.75
SO026SKU124,2025-01-27,SKU124,157,2090.0
SO026SKU125,2025-01-27,SKU125,306,2171.25
SO026SKU126,2025-01-27,SKU126,131,1933.75
SO026SKU127,2025-01-27,SKU127,453,1741.25
SO026SKU128,2025-01-27,SKU128,485,792.5
SO026SKU129,2025-01-27,SKU129,123,1346.25
SO027SKU100,2025-01-28,SKU100,333,2161.25
SO027SKU101,2025-01-28,SKU101,406,1245.0
SO027SKU102,2025-01-28,SKU102,86,772.5
SO027SKU103,2025-01-28,SKU103,278,2328.75
SO027SKU104,2025-01-28,SKU104,267,636.25
SO027SKU105,2025-01-28,SKU105,321,1347.5
SO027SKU106,2025-01-28,SKU106,380,1293.75
SO027SKU107,2025-01-28,SKU107,100,1920.0
SO027SKU108,2025-01-28,SKU108,226,2440.0
SO027SKU109,2025-01-28,SKU109,292,2242.5
SO027SKU110,2025-01-28,SKU110,407,1747.5
SO027SKU111,2025-01-28,SKU111,222,1343.75
SO027SKU112,2025-01-28,SKU112,184,1787.5
SO027SKU113,2025-01-28,SKU113,247,2497.5
SO027SKU114,2025-01-28,SKU114,412,1300.0
SO027SKU115,2025-01-28,SKU115,437,866.25
SO027SKU116,2025-01-28,SKU116,205,491.25
SO027SKU117,2025-01-28,SKU117,312,2353.75
SO027SKU118,2025-01-28,SKU118,421,578.75
SO027SKU119,2025-01-28,SKU119,141,632.5
SO027SKU120,2025-01-28,SKU120,85,1086.25
SO027SKU121,2025-01-28,SKU121,344,2001.25
SO027SKU122,2025-01-28,SKU122,165,791.25
SO027SKU123,2025-01-28,SKU123,217,1283.75
SO027SKU124,2025-01-28,SKU124,95,2090.0
SO027SKU125,2025-01-28,SKU125,348,2171.25
SO027SKU126,2025-01-28,SKU126,401,1933.75
SO027SKU127,2025-01-28,SKU127,264,1741.25
SO027SKU128,2025-01-28,SKU128,268,792.5
SO027SKU129,2025-01-28,SKU129,373,1346.25
SO028SKU100,2025-01-29,SKU100,194,2161.25
SO028SKU101,2025-01-29,SKU101,448,1245.0
SO028SKU102,2025-01-29,SKU102,270,772.5
SO028SKU103,2025-01-29,SKU103,106,2328.75
SO028SKU104,2025-01-29,SKU104,285,636.25
SO028SKU105,2025-01-29,SKU105,224,1347.5
SO028SKU106,2025-01-29,SKU106,124,1293.75
SO028SKU107,2025-01-29,SKU107,182,1920.0
SO028SKU108,2025-01-29,SKU108,398,2440.0
SO028SKU109,2025-01-29,SKU109,332,2242.5
SO028SKU110,2025-01-29,SKU110,359,1747.5
SO028SKU111,2025-01-29,SKU111,83,1343.75
SO028SKU112,2025-01-29,SKU112,357,1787.5
SO028SKU113,2025-01-29,SKU113,84,2497.5
SO028SKU114,2025-01-29,SKU114,416,1300.0
SO028SKU115,2025-01-29,SKU115,237,866.25
SO028SKU116,2025-01-29,SKU116,294,491.25
SO028SKU117,2025-01-29,SKU117,444,2353.75
SO028SKU118,2025-01-29,SKU118,198,578.75
SO028SKU119,2025-01-29,SKU119,438,632.5
SO028SKU120,2025-01-29,SKU120,123,1086.25
SO028SKU121,2025-01-29,SKU121,406,2001.25
SO028SKU122,2025-01-29,SKU122,370,791.25
SO028SKU123,2025-01-29,SKU123,201,1283.75
SO028SKU124,2025-01-29,SKU124,490,2090.0
SO028SKU125,2025-01-29,SKU125,242,2171.25
SO028SKU126,2025-01-29,SKU126,183,1933.75
SO028SKU127,2025-01-29,SKU127,159,1741.25
SO028SKU128,2025-01-29,SKU128,240,792.5
SO028SKU129,2025-01-29,SKU129,474,1346.25
SO029SKU100,2025-01-30,SKU100,342,2161.25
SO029SKU101,2025-01-30,SKU101,499,1245.0
SO029SKU102,2025-01-30,SKU102,287,772.5
SO029SKU103,2025-01-30,SKU103,361,2328.75
SO029SKU104,2025-01-30,SKU104,491,636.25
SO029SKU105,2025-01-30,SKU105,111,1347.5
SO029SKU106,2025-01-30,SKU106,181,1293.75
SO029SKU107,2025-01-30,SKU107,402,1920.0
SO029SKU108,2025-01-30,SKU108,380,2440.0
SO029SKU109,2025-01-30,SKU109,113,2242.5
SO029SKU110,2025-01-30,SKU110,494,1747.5
SO029SKU111,2025-01-30,SKU111,101,1343.75
SO029SKU112,2025-01-30,SKU112,373,1787.5
SO029SKU113,2025-01-30,SKU113,334,2497.5
SO029SKU114,2025-01-30,SKU114,168,1300.0
SO029SKU115,2025-01-30,SKU115,223,866.25
SO029SKU116,2025-01-30,SKU116,394,491.25
SO029SKU117,2025-01-30,SKU117,231,2353.75
SO029SKU118,2025-01-30,SKU118,111,578.75
SO029SKU119,2025-01-30,SKU119,294,632.5
SO029SKU120,2025-01-30,SKU120,402,1086.25
SO029SKU121,2025-01-30,SKU121,89,2001.25
SO029SKU122,2025-01-30,SKU122,325,791.25
SO029SKU123,2025-01-30,SKU123,369,1283.75
SO029SKU124,2025-01-30,SKU124,172,2090.0
SO029SKU125,2025-01-30,SKU125,95,2171.25
SO029SKU126,2025-01-30,SKU126,494,1933.75
SO029SKU127,2025-01-30,SKU127,472,1741.25
SO029SKU128,2025-01-30,SKU128,131,792.5
SO029SKU129,2025-01-30,SKU129,353,1346.25
SO030SKU100,2025-01-31,SKU100,370,2161.25
SO030SKU101,2025-01-31,SKU101,176,1245.0
SO030SKU102,2025-01-31,SKU102,238,772.5
SO030SKU103,2025-01-31,SKU103,108,2328.75
SO030SKU104,2025-01-31,SKU104,349,636.25
SO030SKU105,2025-01-31,SKU105,394,1347.5
SO030SKU106,2025-01-31,SKU106,447,1293.75
SO030SKU107,2025-01-31,SKU107,91,1920.0
SO030SKU108,2025-01-31,SKU108,152,2440.0
SO030SKU109,2025-01-31,SKU109,266,2242.5
SO030SKU110,2025-01-31,SKU110,419,1747.5
SO030SKU111,2025-01-31,SKU111,234,1343.75
SO030SKU112,2025-01-31,SKU112,303,1787.5
SO030SKU113,2025-01-31,SKU113,242,2497.5
SO030SKU114,2025-01-31,SKU114,394,1300.0
SO030SKU115,2025-01-31,SKU115,381,866.25
SO030SKU116,2025-01-31,SKU116,455,491.25
SO030SKU117,2025-01-31,SKU117,453,2353.75
SO030SKU118,2025-01-31,SKU118,373,578.75
SO030SKU119,2025-01-31,SKU119,173,632.5
SO030SKU120,2025-01-31,SKU120,407,1086.25
SO030SKU121,2025-01-31,SKU121,249,2001.25
SO030SKU122,2025-01-31,SKU122,243,791.25
SO030SKU123,2025-01-31,SKU123,442,1283.75
SO030SKU124,2025-01-31,SKU124,251,2090.0
SO030SKU125,2025-01-31,SKU125,207,2171.25
SO030SKU126,2025-01-31,SKU126,482,1933.75
SO030SKU127,2025-01-31,SKU127,277,1741.25
SO030SKU128,2025-01-31,SKU128,291,792.5
SO030SKU129,2025-01-31,SKU129,359,1346.25
SO031SKU100,2025-02-01,SKU100,162,2161.25
SO031SKU101,2025-02-01,SKU101,127,1245.0
SO031SKU102,2025-02-01,SKU102,327,772.5
SO031SKU103,2025-02-01,SKU103,414,2328.75
SO031SKU104,2025-02-01,SKU104,107,636.25
SO031SKU105,2025-02-01,SKU105,289,1347.5
SO031SKU106,2025-02-01,SKU106,453,1293.75
SO031SKU107,2025-02-01,SKU107,232,1920.0
SO031SKU108,2025-02-01,SKU108,372,2440.0
SO031SKU109,2025-02-01,SKU109,107,2242.5
SO031SKU110,2025-02-01,SKU110,230,1747.5
SO031SKU111,2025-02-01,SKU111,325,1343.75
SO031SKU112,2025-02-01,SKU112,167,1787.5
SO031SKU113,2025-02-01,SKU113,139,2497.5
SO031SKU114,2025-02-01,SKU114,330,1300.0
SO031SKU115,2025-02-01,SKU115,408,866.25
SO031SKU116,2025-02-01,SKU116,275,491.25
SO031SKU117,2025-02-01,SKU117,214,2353.75
SO031SKU118,2025-02-01,SKU118,217,578.75
SO031SKU119,2025-02-01,SKU119,436,632.5
SO031SKU120,2025-02-01,SKU120,256,1086.25
SO031SKU121,2025-02-01,SKU121,381,2001.25
SO031SKU122,2025-02-01,SKU122,278,791.25
SO031SKU123,2025-02-01,SKU123,431,1283.75
SO031SKU124,2025-02-01,SKU124,200,2090.0
SO031SKU125,2025-02-01,SKU125,445,2171.25
SO031SKU126,2025-02-01,SKU126,344,1933.75
SO031SKU127,2025-02-01,SKU127,155,1741.25
SO031SKU128,2025-02-01,SKU128,165,792.5
SO031SKU129,2025-02-01,SKU129,101,1346.25
SO032SKU100,2025-02-02,SKU100,86,2161.25
SO032SKU101,2025-02-02,SKU101,347,1245.0
SO032SKU102,2025-02-02,SKU102,156,772.5
SO032SKU103,2025-02-02,SKU103,468,2328.75
SO032SKU104,2025-02-02,SKU104,134,636.25
SO032SKU105,2025-02-02,SKU105,226,1347.5
SO032SKU106,2025-02-02,SKU106,290,1293.75
SO032SKU107,2025-02-02,SKU107,372,1920.0
SO032SKU108,2025-02-02,SKU108,221,2440.0
SO032SKU109,2025-02-02,SKU109,428,2242.5
SO032SKU110,2025-02-02,SKU110,249,1747.5
SO032SKU111,2025-02-02,SKU111,323,1343.75
SO032SKU112,2025-02-02,SKU112,252,1787.5
SO032SKU113,2025-02-02,SKU113,223,2497.5
SO032SKU114,2025-02-02,SKU114,130,1300.0
SO032SKU115,2025-02-02,SKU115,233,866.25
SO032SKU116,2025-02-02,SKU116,244,491.25
SO032SKU117,2025-02-02,SKU117,410,2353.75
SO032SKU118,2025-02-02,SKU118,288,578.75
SO032SKU119,2025-02-02,SKU119,271,632.5
SO032SKU120,2025-02-02,SKU120,161,1086.25
SO032SKU121,2025-02-02,SKU121,286,2001.25
SO032SKU122,2025-02-02,SKU122,371,791.25
SO032SKU123,2025-02-02,SKU123,182,1283.75
SO032SKU124,2025-02-02,SKU124,313,2090.0
SO032SKU125,2025-02-02,SKU125,181,2171.25
SO032SKU126,2025-02-02,SKU126,283,1933.75
SO032SKU127,2025-02-02,SKU127,95,1741.25
SO032SKU128,2025-02-02,SKU128,308,792.5
SO032SKU129,2025-02-02,SKU129,362,1346.25
SO033SKU100,2025-02-03,SKU100,217,2161.25
SO033SKU101,2025-02-03,SKU101,479,1245.0
SO033SKU102,2025-02-03,SKU102,322,772.5
SO033SKU103,2025-02-03,SKU103,387,2328.75
SO033SKU104,2025-02-03,SKU104,391,636.25
SO033SKU105,2025-02-03,SKU105,443,1347.5
SO033SKU106,2025-02-03,SKU106,272,1293.75
SO033SKU107,2025-02-03,SKU107,191,1920.0
SO033SKU108,2025-02-03,SKU108,399,2440.0
SO033SKU109,2025-02-03,SKU109,341,2242.5
SO033SKU110,2025-02-03,SKU110,411,1747.5
SO033SKU111,2025-02-03,SKU111,430,1343.75
SO033SKU112,2025-02-03,SKU112,221,1787.5
SO033SKU113,2025-02-03,SKU113,415,2497.5
SO033SKU114,2025-02-03,SKU114,176,1300.0
SO033SKU115,2025-02-03,SKU115,109,866.25
SO033SKU116,2025-02-03,SKU116,418,491.25
SO033SKU117,2025-02-03,SKU117,93,2353.75
SO033SKU118,2025-02-03,SKU118,294,578.75
SO033SKU119,2025-02-03,SKU119,378,632.5
SO033SKU120,2025-02-03,SKU120,177,1086.25
SO033SKU121,2025-02-03,SKU121,431,2001.25
SO033SKU122,2025-02-03,SKU122,423,791.25
SO033SKU123,2025-02-03,SKU123,167,1283.75
SO033SKU124,2025-02-03,SKU124,230,2090.0
SO033SKU125,2025-02-03,SKU125,212,2171.25
SO033SKU126,2025-02-03,SKU126,173,1933.75
SO033SKU127,2025-02-03,SKU127,125,1741.25
SO033SKU128,2025-02-03,SKU128,237,792.5
SO033SKU129,2025-02-03,SKU129,213,1346.25
SO034SKU100,2025-02-04,SKU100,150,2161.25
SO034SKU101,2025-02-04,SKU101,371,1245.0
SO034SKU102,2025-02-04,SKU102,241,772.5
SO034SKU103,2025-02-04,SKU103,121,2328.75
SO034SKU104,2025-02-04,SKU104,240,636.25
SO034SKU105,2025-02-04,SKU105,220,1347.5
SO034SKU106,2025-02-04,SKU106,471,1293.75
SO034SKU107,2025-02-04,SKU107,394,1920.0
SO034SKU108,2025-02-04,SKU108,299,2440.0
SO034SKU109,2025-02-04,SKU109,99,2242.5
SO034SKU110,2025-02-04,SKU110,87,1747.5
SO034SKU111,2025-02-04,SKU111,89,1343.75
SO034SKU112,2025-02-04,SKU112,207,1787.5
SO034SKU113,2025-02-04,SKU113,146,2497.5
SO034SKU114,2025-02-04,SKU114,236,1300.0
SO034SKU115,2025-02-04,SKU115,228,866.25
SO034SKU116,2025-02-04,SKU116,348,491.25
SO034SKU117,2025-02-04,SKU117,255,2353.75
SO034SKU118,2025-02-04,SKU118,464,578.75
SO034SKU119,2025-02-04,SKU119,196,632.5
SO034SKU120,2025-02-04,SKU120,455,1086.25
SO034SKU121,2025-02-04,SKU121,143,2001.25
SO034SKU122,2025-02-04,SKU122,99,791.25
SO034SKU123,2025-02-04,SKU123,474,1283.75
SO034SKU124,2025-02-04,SKU124,104,2090.0
SO034SKU125,2025-02-04,SKU125,90,2171.25
SO034SKU126,2025-02-04,SKU126,307,1933.75
SO034SKU127,2025-02-04,SKU127,322,1741.25
SO034SKU128,2025-02-04,SKU128,431,792.5
SO034SKU129,2025-02-04,SKU129,418,1346.25
SO035SKU100,2025-02-05,SKU100,347,2161.25
SO035SKU101,2025-02-05,SKU101,289,1245.0
SO035SKU102,2025-02-05,SKU102,334,772.5
SO035SKU103,2025-02-05,SKU103,326,2328.75
SO035SKU104,2025-02-05,SKU104,423,636.25
SO035SKU105,2025-02-05,SKU105,373,1347.5
SO035SKU106,2025-02-05,SKU106,126,1293.75
SO035SKU107,2025-02-05,SKU107,450,1920.0
SO035SKU108,2025-02-05,SKU108,198,2440.0
SO035SKU109,2025-02-05,SKU109,317,2242.5
SO035SKU110,2025-02-05,SKU110,100,1747.5
SO035SKU111,2025-02-05,SKU111,426,1343.75
SO035SKU112,2025-02-05,SKU112,128,1787.5
SO035SKU113,2025-02-05,SKU113,150,2497.5
SO035SKU114,2025-02-05,SKU114,263,1300.0
SO035SKU115,2025-02-05,SKU115,455,866.25
SO035SKU116,2025-02-05,SKU116,138,491.25
SO035SKU117,2025-02-05,SKU117,277,2353.75
SO035SKU118,2025-02-05,SKU118,295,578.75
SO035SKU119,2025-02-05,SKU119,147,632.5
SO035SKU120,2025-02-05,SKU120,161,1086.25
SO035SKU121,2025-02-05,SKU121,490,2001.25
SO035SKU122,2025-02-05,SKU122,392,791.25
SO035SKU123,2025-02-05,SKU123,94,1283.75
SO035SKU124,2025-02-05,SKU124,146,2090.0
SO035SKU125,2025-02-05,SKU125,290,2171.25
SO035SKU126,2025-02-05,SKU126,415,1933.75
SO035SKU127,2025-02-05,SKU127,427,1741.25
SO035SKU128,2025-02-05,SKU128,450,792.5
SO035SKU129,2025-02-05,SKU129,253,1346.25
SO036SKU100,2025-02-06,SKU100,164,2161.25
SO036SKU101,2025-02-06,SKU101,203,1245.0
SO036SKU102,2025-02-06,SKU102,339,772.5
SO036SKU103,2025-02-06,SKU103,286,2328.75
SO036SKU104,2025-02-06,SKU104,307,636.25
SO036SKU105,2025-02-06,SKU105,335,1347.5
SO036SKU106,2025-02-06,SKU106,461,1293.75
SO036SKU107,2025-02-06,SKU107,291,1920.0
SO036SKU108,2025-02-06,SKU108,126,2440.0
SO036SKU109,2025-02-06,SKU109,235,2242.5
SO036SKU110,2025-02-06,SKU110,415,1747.5
SO036SKU111,2025-02-06,SKU111,107,1343.75
SO036SKU112,2025-02-06,SKU112,366,1787.5
SO036SKU113,2025-02-06,SKU113,446,2497.5
SO036SKU114,2025-02-06,SKU114,138,1300.0
SO036SKU115,2025-02-06,SKU115,81,866.25
SO036SKU116,2025-02-06,SKU116,229,491.25
SO036SKU117,2025-02-06,SKU117,134,2353.75
SO036SKU118,2025-02-06,SKU118,151,578.75
SO036SKU119,2025-02-06,SKU119,289,632.5
SO036SKU120,2025-02-06,SKU120,176,1086.25
SO036SKU121,2025-02-06,SKU121,314,2001.25
SO036SKU122,2025-02-06,SKU122,253,791.25
SO036SKU123,2025-02-06,SKU123,404,1283.75
SO036SKU124,2025-02-06,SKU124,475,2090.0
SO036SKU125,2025-02-06,SKU125,381,2171.25
SO036SKU126,2025-02-06,SKU126,82,1933.75
SO036SKU127,2025-02-06,SKU127,301,1741.25
SO036SKU128,2025-02-06,SKU128,340,792.5
SO036SKU129,2025-02-06,SKU129,376,1346.25
SO037SKU100,2025-02-07,SKU100,233,2161.25
SO037SKU101,2025-02-07,SKU101,240,1245.0
SO037SKU102,2025-02-07,SKU102,191,772.5
SO037SKU103,2025-02-07,SKU103,228,2328.75
SO037SKU104,2025-02-07,SKU104,443,636.25
SO037SKU105,2025-02-07,SKU105,357,1347.5
SO037SKU106,2025-02-07,SKU106,139,1293.75
SO037SKU107,2025-02-07,SKU107,378,1920.0
SO037SKU108,2025-02-07,SKU108,293,2440.0
SO037SKU109,2025-02-07,SKU109,296,2242.5
SO037SKU110,2025-02-07,SKU110,92,1747.5
SO037SKU111,2025-02-07,SKU111,108,1343.75
SO037SKU112,2025-02-07,SKU112,429,1787.5
SO037SKU113,2025-02-07,SKU113,481,2497.5
SO037SKU114,2025-02-07,SKU114,263,1300.0
SO037SKU115,2025-02-07,SKU115,425,866.25
SO037SKU116,2025-02-07,SKU116,411,491.25
SO037SKU117,2025-02-07,SKU117,481,2353.75
SO037SKU118,2025-02-07,SKU118,434,578.75
SO037SKU119,2025-02-07,SKU119,293,632.5
SO037SKU120,2025-02-07,SKU120,362,1086.25
SO037SKU121,2025-02-07,SKU121,183,2001.25
SO037SKU122,2025-02-07,SKU122,195,791.25
SO037SKU123,2025-02-07,SKU123,411,1283.75
SO037SKU124,2025-02-07,SKU124,458,2090.0
SO037SKU125,2025-02-07,SKU125,230,2171.25
SO037SKU126,2025-02-07,SKU126,175,1933.75
SO037SKU127,2025-02-07,SKU127,141,1741.25
SO037SKU128,2025-02-07,SKU128,364,792.5
SO037SKU129,2025-02-07,SKU129,210,1346.25
SO038SKU100,2025-02-08,SKU100,174,2161.25
SO038SKU101,2025-02-08,SKU101,292,1245.0
SO038SKU102,2025-02-08,SKU102,258,772.5
SO038SKU103,2025-02-08,SKU103,249,2328.75
SO038SKU104,2025-02-08,SKU104,465,636.25
SO038SKU105,2025-02-08,SKU105,465,1347.5
SO038SKU106,2025-02-08,SKU106,422,1293.75
SO038SKU107,2025-02-08,SKU107,408,1920.0
SO038SKU108,2025-02-08,SKU108,100,2440.0
SO038SKU109,2025-02-08,SKU109,487,2242.5
SO038SKU110,2025-02-08,SKU110,356,1747.5
SO038SKU111,2025-02-08,SKU111,344,1343.75
SO038SKU112,2025-02-08,SKU112,491,1787.5
SO038SKU113,2025-02-08,SKU113,231,2497.5
SO038SKU114,2025-02-08,SKU114,343,1300.0
SO038SKU115,2025-02-08,SKU115,475,866.25
SO038SKU116,2025-02-08,SKU116,113,491.25
SO038SKU117,2025-02-08,SKU117,189,2353.75
SO038SKU118,2025-02-08,SKU118,133,578.75
SO038SKU119,2025-02-08,SKU119,459,632.5
SO038SKU120,2025-02-08,SKU120,116,1086.25
SO038SKU121,2025-02-08,SKU121,315,2001.25
SO038SKU122,2025-02-08,SKU122,117,791.25
SO038SKU123,2025-02-08,SKU123,116,1283.75
SO038SKU124,2025-02-08,SKU124,212,2090.0
SO038SKU125,2025-02-08,SKU125,287,2171.25
SO038SKU126,2025-02-08,SKU126,424,1933.75
SO038SKU127,2025-02-08,SKU127,448,1741.25
SO038SKU128,2025-02-08,SKU128,103,792.5
SO038SKU129,2025-02-08,SKU129,337,1346.25
SO039SKU100,2025-02-09,SKU100,404,2161.25
SO039SKU101,2025-02-09,SKU101,487,1245.0
SO039SKU102,2025-02-09,SKU102,85,772.5
SO039SKU103,2025-02-09,SKU103,143,2328.75
SO039SKU104,2025-02-09,SKU104,281,636.25
SO039SKU105,2025-02-09,SKU105,187,1347.5
SO039SKU106,2025-02-09,SKU106,188,1293.75
SO039SKU107,2025-02-09,SKU107,342,1920.0
SO039SKU108,2025-02-09,SKU108,395,2440.0
SO039SKU109,2025-02-09,SKU109,172,2242.5
SO039SKU110,2025-02-09,SKU110,107,1747.5
SO039SKU111,2025-02-09,SKU111,410,1343.75
SO039SKU112,2025-02-09,SKU112,114,1787.5
SO039SKU113,2025-02-09,SKU113,377,2497.5
SO039SKU114,2025-02-09,SKU114,145,1300.0
SO039SKU115,2025-02-09,SKU115,225,866.25
SO039SKU116,2025-02-09,SKU116,328,491.25
SO039SKU117,2025-02-09,SKU117,236,2353.75
SO039SKU118,2025-02-09,SKU118,370,578.75
SO039SKU119,2025-02-09,SKU119,166,632.5
SO039SKU120,2025-02-09,SKU120,193,1086.25
SO039SKU121,2025-02-09,SKU121,221,2001.25
SO039SKU122,2025-02-09,SKU122,455,791.25
SO039SKU123,2025-02-09,SKU123,308,1283.75
SO039SKU124,2025-02-09,SKU124,362,2090.0
SO039SKU125,2025-02-09,SKU125,121,2171.25
SO039SKU126,2025-02-09,SKU126,355,1933.75
SO039SKU127,2025-02-09,SKU127,400,1741.25
SO039SKU128,2025-02-09,SKU128,89,792.5
SO039SKU129,2025-02-09,SKU129,496,1346.25
SO040SKU100,2025-02-10,SKU100,336,2161.25
SO040SKU101,2025-02-10,SKU101,337,1245.0
SO040SKU102,2025-02-10,SKU102,492,772.5
SO040SKU103,2025-02-10,SKU103,467,2328.75
SO040SKU104,2025-02-10,SKU104,171,636.25
SO040SKU105,2025-02-10,SKU105,154,1347.5
SO040SKU106,2025-02-10,SKU106,263,1293.75
SO040SKU107,2025-02-10,SKU107,112,1920.0
SO040SKU108,2025-02-10,SKU108,422,2440.0
SO040SKU109,2025-02-10,SKU109,320,2242.5
SO040SKU110,2025-02-10,SKU110,412,1747.5
SO040SKU111,2025-02-10,SKU111,404,1343.75
SO040SKU112,2025-02-10,SKU112,376,1787.5
SO040SKU113,2025-02-10,SKU113,414,2497.5
SO040SKU114,2025-02-10,SKU114,119,1300.0
SO040SKU115,2025-02-10,SKU115,194,866.25
SO040SKU116,2025-02-10,SKU116,256,491.25
SO040SKU117,2025-02-10,SKU117,389,2353.75
SO040SKU118,2025-02-10,SKU118,164,578.75
SO040SKU119,2025-02-10,SKU119,223,632.5
SO040SKU120,2025-02-10,SKU120,265,1086.25
SO040SKU121,2025-02-10,SKU121,197,2001.25
SO040SKU122,2025-02-10,SKU122,138,791.25
SO040SKU123,2025-02-10,SKU123,187,1283.75
SO040SKU124,2025-02-10,SKU124,290,2090.0
SO040SKU125,2025-02-10,SKU125,373,2171.25
SO040SKU126,2025-02-10,SKU126,342,1933.75
SO040SKU127,2025-02-10,SKU127,108,1741.25
SO040SKU128,2025-02-10,SKU128,287,792.5
SO040SKU129,2025-02-10,SKU129,89,1346.25
SO041SKU100,2025-02-11,SKU100,399,2161.25
SO041SKU101,2025-02-11,SKU101,450,1245.0
SO041SKU102,2025-02-11,SKU102,382,772.5
SO041SKU103,2025-02-11,SKU103,147,2328.75
SO041SKU104,2025-02-11,SKU104,338,636.25
SO041SKU105,2025-02-11,SKU105,129,1347.5
SO041SKU106,2025-02-11,SKU106,99,1293.75
SO041SKU107,2025-02-11,SKU107,465,1920.0
SO041SKU108,2025-02-11,SKU108,146,2440.0
SO041SKU109,2025-02-11,SKU109,80,2242.5
SO041SKU110,2025-02-11,SKU110,300,1747.5
SO041SKU111,2025-02-11,SKU111,102,1343.75
SO041SKU112,2025-02-11,SKU112,490,1787.5
SO041SKU113,2025-02-11,SKU113,381,2497.5
SO041SKU114,2025-02-11,SKU114,130,1300.0
SO041SKU115,2025-02-11,SKU115,472,866.25
SO041SKU116,2025-02-11,SKU116,386,491.25
SO041SKU117,2025-02-11,SKU117,176,2353.75
SO041SKU118,2025-02-11,SKU118,83,578.75
SO041SKU119,2025-02-11,SKU119,83,632.5
SO041SKU120,2025-02-11,SKU120,491,1086.25
SO041SKU121,2025-02-11,SKU121,159,2001.25
SO041SKU122,2025-02-11,SKU122,213,791.25
SO041SKU123,2025-02-11,SKU123,267,1283.75
SO041SKU124,2025-02-11,SKU124,466,2090.0
SO041SKU125,2025-02-11,SKU125,365,2171.25
SO041SKU126,2025-02-11,SKU126,364,1933.75
SO041SKU127,2025-02-11,SKU127,256,1741.25
SO041SKU128,2025-02-11,SKU128,150,792.5
SO041SKU129,2025-02-11,SKU129,462,1346.25
SO042SKU100,2025-02-12,SKU100,321,2161.25
SO042SKU101,2025-02-12,SKU101,112,1245.0
SO042SKU102,2025-02-12,SKU102,391,772.5
SO042SKU103,2025-02-12,SKU103,285,2328.75
SO042SKU104,2025-02-12,SKU104,444,636.25
SO042SKU105,2025-02-12,SKU105,476,1347.5
SO042SKU106,2025-02-12,SKU106,304,1293.75
SO042SKU107,2025-02-12,SKU107,491,1920.0
SO042SKU108,2025-02-12,SKU108,481,2440.0
SO042SKU109,2025-02-12,SKU109,198,2242.5
SO042SKU110,2025-02-12,SKU110,264,1747.5
SO042SKU111,2025-02-12,SKU111,124,1343.75
SO042SKU112,2025-02-12,SKU112,422,1787.5
SO042SKU113,2025-02-12,SKU113,345,2497.5
SO042SKU114,2025-02-12,SKU114,126,1300.0
SO042SKU115,2025-02-12,SKU115,366,866.25
SO042SKU116,2025-02-12,SKU116,497,491.25
SO042SKU117,2025-02-12,SKU117,312,2353.75
SO042SKU118,2025-02-12,SKU118,213,578.75
SO042SKU119,2025-02-12,SKU119,366,632.5
SO042SKU120,2025-02-12,SKU120,139,1086.25
SO042SKU121,2025-02-12,SKU121,355,2001.25
SO042SKU122,2025-02-12,SKU122,435,791.25
SO042SKU123,2025-02-12,SKU123,327,1283.75
SO042SKU124,2025-02-12,SKU124,314,2090.0
SO042SKU125,2025-02-12,SKU125,94,2171.25
SO042SKU126,2025-02-12,SKU126,275,1933.75
SO042SKU127,2025-02-12,SKU127,439,1741.25
SO042SKU128,2025-02-12,SKU128,260,792.5
SO042SKU129,2025-02-12,SKU129,214,1346.25
SO043SKU100,2025-02-13,SKU100,215,2161.25
SO043SKU101,2025-02-13,SKU101,207,1245.0
SO043SKU102,2025-02-13,SKU102,478,772.5
SO043SKU103,2025-02-13,SKU103,419,2328.75
SO043SKU104,2025-02-13,SKU104,357,636.25
SO043SKU105,2025-02-13,SKU105,397,1347.5
SO043SKU106,2025-02-13,SKU106,220,1293.75
SO043SKU107,2025-02-13,SKU107,283,1920.0
SO043SKU108,2025-02-13,SKU108,107,2440.0
SO043SKU109,2025-02-13,SKU109,356,2242.5
SO043SKU110,2025-02-13,SKU110,431,1747.5
SO043SKU111,2025-02-13,SKU111,437,1343.75
SO043SKU112,2025-02-13,SKU112,84,1787.5
SO043SKU113,2025-02-13,SKU113,377,2497.5
SO043SKU114,2025-02-13,SKU114,212,1300.0
SO043SKU115,2025-02-13,SKU115,217,866.25
SO043SKU116,2025-02-13,SKU116,267,491.25
SO043SKU117,2025-02-13,SKU117,294,2353.75
SO043SKU118,2025-02-13,SKU118,285,578.75
SO043SKU119,2025-02-13,SKU119,147,632.5
SO043SKU120,2025-02-13,SKU120,496,1086.25
SO043SKU121,2025-02-13,SKU121,200,2001.25
SO043SKU122,2025-02-13,SKU122,154,791.25
SO043SKU123,2025-02-13,SKU123,322,1283.75
SO043SKU124,2025-02-13,SKU124,335,2090.0
SO043SKU125,2025-02-13,SKU125,353,2171.25
SO043SKU126,2025-02-13,SKU126,208,1933.75
SO043SKU127,2025-02-13,SKU127,283,1741.25
SO043SKU128,2025-02-13,SKU128,190,792.5
SO043SKU129,2025-02-13,SKU129,402,1346.25
SO044SKU100,2025-02-14,SKU100,424,2161.25
SO044SKU101,2025-02-14,SKU101,120,1245.0
SO044SKU102,2025-02-14,SKU102,403,772.5
SO044SKU103,2025-02-14,SKU103,493,2328.75
SO044SKU104,2025-02-14,SKU104,393,636.25
SO044SKU105,2025-02-14,SKU105,162,1347.5
SO044SKU106,2025-02-14,SKU106,414,1293.75
SO044SKU107,2025-02-14,SKU107,410,1920.0
SO044SKU108,2025-02-14,SKU108,265,2440.0
SO044SKU109,2025-02-14,SKU109,291,2242.5
SO044SKU110,2025-02-14,SKU110,452,1747.5
SO044SKU111,2025-02-14,SKU111,460,1343.75
SO044SKU112,2025-02-14,SKU112,165,1787.5
SO044SKU113,2025-02-14,SKU113,322,2497.5
SO044SKU114,2025-02-14,SKU114,283,1300.0
SO044SKU115,2025-02-14,SKU115,214,866.25
SO044SKU116,2025-02-14,SKU116,279,491.25
SO044SKU117,2025-02-14,SKU117,225,2353.75
SO044SKU118,2025-02-14,SKU118,349,578.75
SO044SKU119,2025-02-14,SKU119,419,632.5
SO044SKU120,2025-02-14,SKU120,323,1086.25
SO044SKU121,2025-02-14,SKU121,219,2001.25
SO044SKU122,2025-02-14,SKU122,437,791.25
SO044SKU123,2025-02-14,SKU123,313,1283.75
SO044SKU124,2025-02-14,SKU124,368,2090.0
SO044SKU125,2025-02-14,SKU125,353,2171.25
SO044SKU126,2025-02-14,SKU126,356,1933.75
SO044SKU127,2025-02-14,SKU127,237,1741.25
SO044SKU128,2025-02-14,SKU128,235,792.5
SO044SKU129,2025-02-14,SKU129,468,1346.25
SO045SKU100,2025-02-15,SKU100,360,2161.25
SO045SKU101,2025-02-15,SKU101,367,1245.0
SO045SKU102,2025-02-15,SKU102,446,772.5
SO045SKU103,2025-02-15,SKU103,273,2328.75
SO045SKU104,2025-02-15,SKU104,400,636.25
SO045SKU105,2025-02-15,SKU105,435,1347.5
SO045SKU106,2025-02-15,SKU106,460,1293.75
SO045SKU107,2025-02-15,SKU107,176,1920.0
SO045SKU108,2025-02-15,SKU108,228,2440.0
SO045SKU109,2025-02-15,SKU109,311,2242.5
SO045SKU110,2025-02-15,SKU110,176,1747.5
SO045SKU111,2025-02-15,SKU111,353,1343.75
SO045SKU112,2025-02-15,SKU112,217,1787.5
SO045SKU113,2025-02-15,SKU113,84,2497.5
SO045SKU114,2025-02-15,SKU114,332,1300.0
SO045SKU115,2025-02-15,SKU115,482,866.25
SO045SKU116,2025-02-15,SKU116,436,491.25
SO045SKU117,2025-02-15,SKU117,464,2353.75
SO045SKU118,2025-02-15,SKU118,477,578.75
SO045SKU119,2025-02-15,SKU119,172,632.5
SO045SKU120,2025-02-15,SKU120,275,1086.25
SO045SKU121,2025-02-15,SKU121,445,2001.25
SO045SKU122,2025-02-15,SKU122,457,791.25
SO045SKU123,2025-02-15,SKU123,456,1283.75
SO045SKU124,2025-02-15,SKU124,186,2090.0
SO045SKU125,2025-02-15,SKU125,245,2171.25
SO045SKU126,2025-02-15,SKU126,461,1933.75
SO045SKU127,2025-02-15,SKU127,209,1741.25
SO045SKU128,2025-02-15,SKU128,264,792.5
SO045SKU129,2025-02-15,SKU129,137,1346.25
SO046SKU100,2025-02-16,SKU100,207,2161.25
SO046SKU101,2025-02-16,SKU101,396,1245.0
SO046SKU102,2025-02-16,SKU102,110,772.5
SO046SKU103,2025-02-16,SKU103,354,2328.75
SO046SKU104,2025-02-16,SKU104,199,636.25
SO046SKU105,2025-02-16,SKU105,410,1347.5
SO046SKU106,2025-02-16,SKU106,178,1293.75
SO046SKU107,2025-02-16,SKU107,450,1920.0
SO046SKU108,2025-02-16,SKU108,441,2440.0
SO046SKU109,2025-02-16,SKU109,436,2242.5
SO046SKU110,2025-02-16,SKU110,358,1747.5
SO046SKU111,2025-02-16,SKU111,220,1343.75
SO046SKU112,2025-02-16,SKU112,363,1787.5
SO046SKU113,2025-02-16,SKU113,310,2497.5
SO046SKU114,2025-02-16,SKU114,267,1300.0
SO046SKU115,2025-02-16,SKU115,274,866.25
SO046SKU116,2025-02-16,SKU116,266,491.25
SO046SKU117,2025-02-16,SKU117,449,2353.75
SO046SKU118,2025-02-16,SKU118,278,578.75
SO046SKU119,2025-02-16,SKU119,472,632.5
SO046SKU120,2025-02-16,SKU120,245,1086.25
SO046SKU121,2025-02-16,SKU121,129,2001.25
SO046SKU122,2025-02-16,SKU122,146,791.25
SO046SKU123,2025-02-16,SKU123,134,1283.75
SO046SKU124,2025-02-16,SKU124,372,2090.0
SO046SKU125,2025-02-16,SKU125,330,2171.25
SO046SKU126,2025-02-16,SKU126,211,1933.75
SO046SKU127,2025-02-16,SKU127,447,1741.25
SO046SKU128,2025-02-16,SKU128,331,792.5
SO046SKU129,2025-02-16,SKU129,490,1346.25
SO047SKU100,2025-02-17,SKU100,345,2161.25
SO047SKU101,2025-02-17,SKU101,352,1245.0
SO047SKU102,2025-02-17,SKU102,416,772.5
SO047SKU103,2025-02-17,SKU103,171,2328.75
SO047SKU104,2025-02-17,SKU104,462,636.25
SO047SKU105,2025-02-17,SKU105,263,1347.5
SO047SKU106,2025-02-17,SKU106,298,1293.75
SO047SKU107,2025-02-17,SKU107,172,1920.0
SO047SKU108,2025-02-17,SKU108,416,2440.0
SO047SKU109,2025-02-17,SKU109,260,2242.5
SO047SKU110,2025-02-17,SKU110,270,1747.5
SO047SKU111,2025-02-17,SKU111,451,1343.75
SO047SKU112,2025-02-17,SKU112,359,1787.5
SO047SKU113,2025-02-17,SKU113,461,2497.5
SO047SKU114,2025-02-17,SKU114,283,1300.0
SO047SKU115,2025-02-17,SKU115,385,866.25
SO047SKU116,2025-02-17,SKU116,234,491.25
SO047SKU117,2025-02-17,SKU117,241,2353.75
SO047SKU118,2025-02-17,SKU118,221,578.75
SO047SKU119,2025-02-17,SKU119,372,632.5
SO047SKU120,2025-02-17,SKU120,99,1086.25
SO047SKU121,2025-02-17,SKU121,215,2001.25
SO047SKU122,2025-02-17,SKU122,199,791.25
SO047SKU123,2025-02-17,SKU123,372,1283.75
SO047SKU124,2025-02-17,SKU124,119,2090.0
SO047SKU125,2025-02-17,SKU125,329,2171.25
SO047SKU126,2025-02-17,SKU126,375,1933.75
SO047SKU127,2025-02-17,SKU127,408,1741.25
SO047SKU128,2025-02-17,SKU128,375,792.5
SO047SKU129,2025-02-17,SKU129,474,1346.25
SO048SKU100,2025-02-18,SKU100,437,2161.25
SO048SKU101,2025-02-18,SKU101,454,1245.0
SO048SKU102,2025-02-18,SKU102,384,772.5
SO048SKU103,2025-02-18,SKU103,301,2328.75
SO048SKU104,2025-02-18,SKU104,147,636.25
SO048SKU105,2025-02-18,SKU105,461,1347.5
SO048SKU106,2025-02-18,SKU106,123,1293.75
SO048SKU107,2025-02-18,SKU107,437,1920.0
SO048SKU108,2025-02-18,SKU108,366,2440.0
SO048SKU109,2025-02-18,SKU109,372,2242.5
SO048SKU110,2025-02-18,SKU110,348,1747.5
SO048SKU111,2025-02-18,SKU111,477,1343.75
SO048SKU112,2025-02-18,SKU112,374,1787.5
SO048SKU113,2025-02-18,SKU113,296,2497.5
SO048SKU114,2025-02-18,SKU114,256,1300.0
SO048SKU115,2025-02-18,SKU115,236,866.25
SO048SKU116,2025-02-18,SKU116,500,491.25
SO048SKU117,2025-02-18,SKU117,154,2353.75
SO048SKU118,2025-02-18,SKU118,430,578.75
SO048SKU119,2025-02-18,SKU119,123,632.5
SO048SKU120,2025-02-18,SKU120,397,1086.25
SO048SKU121,2025-02-18,SKU121,255,2001.25
SO048SKU122,2025-02-18,SKU122,310,791.25
SO048SKU123,2025-02-18,SKU123,458,1283.75
SO048SKU124,2025-02-18,SKU124,347,2090.0
SO048SKU125,2025-02-18,SKU125,398,2171.25
SO048SKU126,2025-02-18,SKU126,437,1933.75
SO048SKU127,2025-02-18,SKU127,419,1741.25
SO048SKU128,2025-02-18,SKU128,110,792.5
SO048SKU129,2025-02-18,SKU129,218,1346.25
SO049SKU100,2025-02-19,SKU100,241,2161.25
SO049SKU101,2025-02-19,SKU101,125,1245.0
SO049SKU102,2025-02-19,SKU102,367,772.5
SO049SKU103,2025-02-19,SKU103,206,2328.75
SO049SKU104,2025-02-19,SKU104,330,636.25
SO049SKU105,2025-02-19,SKU105,257,1347.5
SO049SKU106,2025-02-19,SKU106,234,1293.75
SO049SKU107,2025-02-19,SKU107,495,1920.0
SO049SKU108,2025-02-19,SKU108,278,2440.0
SO049SKU109,2025-02-19,SKU109,364,2242.5
SO049SKU110,2025-02-19,SKU110,254,1747.5
SO049SKU111,2025-02-19,SKU111,124,1343.75
SO049SKU112,2025-02-19,SKU112,393,1787.5
SO049SKU113,2025-02-19,SKU113,293,2497.5
SO049SKU114,2025-02-19,SKU114,239,1300.0
SO049SKU115,2025-02-19,SKU115,357,866.25
SO049SKU116,2025-02-19,SKU116,377,491.25
SO049SKU117,2025-02-19,SKU117,150,2353.75
SO049SKU118,2025-02-19,SKU118,348,578.75
SO049SKU119,2025-02-19,SKU119,474,632.5
SO049SKU120,2025-02-19,SKU120,160,1086.25
SO049SKU121,2025-02-19,SKU121,448,2001.25
SO049SKU122,2025-02-19,SKU122,154,791.25
SO049SKU123,2025-02-19,SKU123,291,1283.75
SO049SKU124,2025-02-19,SKU124,461,2090.0
SO049SKU125,2025-02-19,SKU125,458,2171.25
SO049SKU126,2025-02-19,SKU126,147,1933.75
SO049SKU127,2025-02-19,SKU127,216,1741.25
SO049SKU128,2025-02-19,SKU128,385,792.5
SO049SKU129,2025-02-19,SKU129,263,1346.25
SO050SKU100,2025-02-20,SKU100,218,2161.25
SO050SKU101,2025-02-20,SKU101,423,1245.0
SO050SKU102,2025-02-20,SKU102,170,772.5
SO050SKU103,2025-02-20,SKU103,395,2328.75
SO050SKU104,2025-02-20,SKU104,314,636.25
SO050SKU105,2025-02-20,SKU105,477,1347.5
SO050SKU106,2025-02-20,SKU106,274,1293.75
SO050SKU107,2025-02-20,SKU107,460,1920.0
SO050SKU108,2025-02-20,SKU108,408,2440.0
SO050SKU109,2025-02-20,SKU109,135,2242.5
SO050SKU110,2025-02-20,SKU110,205,1747.5
SO050SKU111,2025-02-20,SKU111,100,1343.75
SO050SKU112,2025-02-20,SKU112,402,1787.5
SO050SKU113,2025-02-20,SKU113,305,2497.5
SO050SKU114,2025-02-20,SKU114,226,1300.0
SO050SKU115,2025-02-20,SKU115,393,866.25
SO050SKU116,2025-02-20,SKU116,152,491.25
SO050SKU117,2025-02-20,SKU117,126,2353.75
SO050SKU118,2025-02-20,SKU118,478,578.75
SO050SKU119,2025-02-20,SKU119,149,632.5
SO050SKU120,2025-02-20,SKU120,92,1086.25
SO050SKU121,2025-02-20,SKU121,444,2001.25
SO050SKU122,2025-02-20,SKU122,208,791.25
SO050SKU123,2025-02-20,SKU123,444,1283.75
SO050SKU124,2025-02-20,SKU124,143,2090.0
SO050SKU125,2025-02-20,SKU125,404,2171.25
SO050SKU126,2025-02-20,SKU126,276,1933.75
SO050SKU127,2025-02-20,SKU127,161,1741.25
SO050SKU128,2025-02-20,SKU128,473,792.5
SO050SKU129,2025-02-20,SKU129,417,1346.25
SO051SKU100,2025-02-21,SKU100,86,2161.25
SO051SKU101,2025-02-21,SKU101,493,1245.0
SO051SKU102,2025-02-21,SKU102,191,772.5
SO051SKU103,2025-02-21,SKU103,289,2328.75
SO051SKU104,2025-02-21,SKU104,83,636.25
SO051SKU105,2025-02-21,SKU105,397,1347.5
SO051SKU106,2025-02-21,SKU106,174,1293.75
SO051SKU107,2025-02-21,SKU107,98,1920.0
SO051SKU108,2025-02-21,SKU108,375,2440.0
SO051SKU109,2025-02-21,SKU109,124,2242.5
SO051SKU110,2025-02-21,SKU110,162,1747.5
SO051SKU111,2025-02-21,SKU111,434,1343.75
SO051SKU112,2025-02-21,SKU112,367,1787.5
SO051SKU113,2025-02-21,SKU113,376,2497.5
SO051SKU114,2025-02-21,SKU114,473,1300.0
SO051SKU115,2025-02-21,SKU115,274,866.25
SO051SKU116,2025-02-21,SKU116,361,491.25
SO051SKU117,2025-02-21,SKU117,142,2353.75
SO051SKU118,2025-02-21,SKU118,349,578.75
SO051SKU119,2025-02-21,SKU119,187,632.5
SO051SKU120,2025-02-21,SKU120,453,1086.25
SO051SKU121,2025-02-21,SKU121,327,2001.25
SO051SKU122,2025-02-21,SKU122,483,791.25
SO051SKU123,2025-02-21,SKU123,391,1283.75
SO051SKU124,2025-02-21,SKU124,374,2090.0
SO051SKU125,2025-02-21,SKU125,146,2171.25
SO051SKU126,2025-02-21,SKU126,453,1933.75
SO051SKU127,2025-02-21,SKU127,172,1741.25
SO051SKU128,2025-02-21,SKU128,228,792.5
SO051SKU129,2025-02-21,SKU129,92,1346.25
SO052SKU100,2025-02-22,SKU100,237,2161.25
SO052SKU101,2025-02-22,SKU101,472,1245.0
SO052SKU102,2025-02-22,SKU102,254,772.5
SO052SKU103,2025-02-22,SKU103,94,2328.75
SO052SKU104,2025-02-22,SKU104,253,636.25
SO052SKU105,2025-02-22,SKU105,322,1347.5
SO052SKU106,2025-02-22,SKU106,326,1293.75
SO052SKU107,2025-02-22,SKU107,354,1920.0
SO052SKU108,2025-02-22,SKU108,496,2440.0
SO052SKU109,2025-02-22,SKU109,346,2242.5
SO052SKU110,2025-02-22,SKU110,241,1747.5
SO052SKU111,2025-02-22,SKU111,375,1343.75
SO052SKU112,2025-02-22,SKU112,156,1787.5
SO052SKU113,2025-02-22,SKU113,272,2497.5
SO052SKU114,2025-02-22,SKU114,390,1300.0
SO052SKU115,2025-02-22,SKU115,480,866.25
SO052SKU116,2025-02-22,SKU116,241,491.25
SO052SKU117,2025-02-22,SKU117,124,2353.75
SO052SKU118,2025-02-22,SKU118,311,578.75
SO052SKU119,2025-02-22,SKU119,348,632.5
SO052SKU120,2025-02-22,SKU120,481,1086.25
SO052SKU121,2025-02-22,SKU121,127,2001.25
SO052SKU122,2025-02-22,SKU122,327,791.25
SO052SKU123,2025-02-22,SKU123,254,1283.75
SO052SKU124,2025-02-22,SKU124,348,2090.0
SO052SKU125,2025-02-22,SKU125,473,2171.25
SO052SKU126,2025-02-22,SKU126,147,1933.75
SO052SKU127,2025-02-22,SKU127,278,1741.25
SO052SKU128,2025-02-22,SKU128,82,792.5
SO052SKU129,2025-02-22,SKU129,384,1346.25
SO053SKU100,2025-02-23,SKU100,475,2161.25
SO053SKU101,2025-02-23,SKU101,156,1245.0
SO053SKU102,2025-02-23,SKU102,398,772.5
SO053SKU103,2025-02-23,SKU103,357,2328.75
SO053SKU104,2025-02-23,SKU104,152,636.25
SO053SKU105,2025-02-23,SKU105,205,1347.5
SO053SKU106,2025-02-23,SKU106,253,1293.75
SO053SKU107,2025-02-23,SKU107,94,1920.0
SO053SKU108,2025-02-23,SKU108,134,2440.0
SO053SKU109,2025-02-23,SKU109,280,2242.5
SO053SKU110,2025-02-23,SKU110,383,1747.5
SO053SKU111,2025-02-23,SKU111,308,1343.75
SO053SKU112,2025-02-23,SKU112,498,1787.5
SO053SKU113,2025-02-23,SKU113,353,2497.5
SO053SKU114,2025-02-23,SKU114,147,1300.0
SO053SKU115,2025-02-23,SKU115,129,866.25
SO053SKU116,2025-02-23,SKU116,443,491.25
SO053SKU117,2025-02-23,SKU117,194,2353.75
SO053SKU118,2025-02-23,SKU118,266,578.75
SO053SKU119,2025-02-23,SKU119,420,632.5
SO053SKU120,2025-02-23,SKU120,329,1086.25
SO053SKU121,2025-02-23,SKU121,259,2001.25
SO053SKU122,2025-02-23,SKU122,473,791.25
SO053SKU123,2025-02-23,SKU123,340,1283.75
SO053SKU124,2025-02-23,SKU124,134,2090.0
SO053SKU125,2025-02-23,SKU125,485,2171.25
SO053SKU126,2025-02-23,SKU126,382,1933.75
SO053SKU127,2025-02-23,SKU127,360,1741.25
SO053SKU128,2025-02-23,SKU128,113,792.5
SO053SKU129,2025-02-23,SKU129,300,1346.25
SO054SKU100,2025-02-24,SKU100,287,2161.25
SO054SKU101,2025-02-24,SKU101,496,1245.0
SO054SKU102,2025-02-24,SKU102,333,772.5
SO054SKU103,2025-02-24,SKU103,191,2328.75
SO054SKU104,2025-02-24,SKU104,466,636.25
SO054SKU105,2025-02-24,SKU105,155,1347.5
SO054SKU106,2025-02-24,SKU106,229,1293.75
SO054SKU107,2025-02-24,SKU107,180,1920.0
SO054SKU108,2025-02-24,SKU108,371,2440.0
SO054SKU109,2025-02-24,SKU109,302,2242.5
SO054SKU110,2025-02-24,SKU110,378,1747.5
SO054SKU111,2025-02-24,SKU111,145,1343.75
SO054SKU112,2025-02-24,SKU112,361,1787.5
SO054SKU113,2025-02-24,SKU113,366,2497.5
SO054SKU114,2025-02-24,SKU114,224,1300.0
SO054SKU115,2025-02-24,SKU115,439,866.25
SO054SKU116,2025-02-24,SKU116,444,491.25
SO054SKU117,2025-02-24,SKU117,359,2353.75
SO054SKU118,2025-02-24,SKU118,151,578.75
SO054SKU119,2025-02-24,SKU119,264,632.5
SO054SKU120,2025-02-24,SKU120,423,1086.25
SO054SKU121,2025-02-24,SKU121,411,2001.25
SO054SKU122,2025-02-24,SKU122,329,791.25
SO054SKU123,2025-02-24,SKU123,150,1283.75
SO054SKU124,2025-02-24,SKU124,313,2090.0
SO054SKU125,2025-02-24,SKU125,297,2171.25
SO054SKU126,2025-02-24,SKU126,297,1933.75
SO054SKU127,2025-02-24,SKU127,261,1741.25
SO054SKU128,2025-02-24,SKU128,83,792.5
SO054SKU129,2025-02-24,SKU129,444,1346.25
SO055SKU100,2025-02-25,SKU100,318,2161.25
SO055SKU101,2025-02-25,SKU101,392,1245.0
SO055SKU102,2025-02-25,SKU102,459,772.5
SO055SKU103,2025-02-25,SKU103,430,2328.75
SO055SKU104,2025-02-25,SKU104,393,636.25
SO055SKU105,2025-02-25,SKU105,478,1347.5
SO055SKU106,2025-02-25,SKU106,320,1293.75
SO055SKU107,2025-02-25,SKU107,260,1920.0
SO055SKU108,2025-02-25,SKU108,165,2440.0
SO055SKU109,2025-02-25,SKU109,235,2242.5
SO055SKU110,2025-02-25,SKU110,111,1747.5
SO055SKU111,2025-02-25,SKU111,373,1343.75
SO055SKU112,2025-02-25,SKU112,457,1787.5
SO055SKU113,2025-02-25,SKU113,122,2497.5
SO055SKU114,2025-02-25,SKU114,481,1300.0
SO055SKU115,2025-02-25,SKU115,223,866.25
SO055SKU116,2025-02-25,SKU116,459,491.25
SO055SKU117,2025-02-25,SKU117,382,2353.75
SO055SKU118,2025-02-25,SKU118,269,578.75
SO055SKU119,2025-02-25,SKU119,438,632.5
SO055SKU120,2025-02-25,SKU120,350,1086.25
SO055SKU121,2025-02-25,SKU121,154,2001.25
SO055SKU122,2025-02-25,SKU122,333,791.25
SO055SKU123,2025-02-25,SKU123,276,1283.75
SO055SKU124,2025-02-25,SKU124,406,2090.0
SO055SKU125,2025-02-25,SKU125,256,2171.25
SO055SKU126,2025-02-25,SKU126,499,1933.75
SO055SKU127,2025-02-25,SKU127,284,1741.25
SO055SKU128,2025-02-25,SKU128,465,792.5
SO055SKU129,2025-02-25,SKU129,429,1346.25
SO056SKU100,2025-02-26,SKU100,392,2161.25
SO056SKU101,2025-02-26,SKU101,218,1245.0
SO056SKU102,2025-02-26,SKU102,415,772.5
SO056SKU103,2025-02-26,SKU103,425,2328.75
SO056SKU104,2025-02-26,SKU104,381,636.25
SO056SKU105,2025-02-26,SKU105,426,1347.5
SO056SKU106,2025-02-26,SKU106,360,1293.75
SO056SKU107,2025-02-26,SKU107,114,1920.0
SO056SKU108,2025-02-26,SKU108,133,2440.0
SO056SKU109,2025-02-26,SKU109,451,2242.5
SO056SKU110,2025-02-26,SKU110,92,1747.5
SO056SKU111,2025-02-26,SKU111,384,1343.75
SO056SKU112,2025-02-26,SKU112,386,1787.5
SO056SKU113,2025-02-26,SKU113,124,2497.5
SO056SKU114,2025-02-26,SKU114,416,1300.0
SO056SKU115,2025-02-26,SKU115,491,866.25
SO056SKU116,2025-02-26,SKU116,174,491.25
SO056SKU117,2025-02-26,SKU117,118,2353.75
SO056SKU118,2025-02-26,SKU118,298,578.75
SO056SKU119,2025-02-26,SKU119,474,632.5
SO056SKU120,2025-02-26,SKU120,117,1086.25
SO056SKU121,2025-02-26,SKU121,278,2001.25
SO056SKU122,2025-02-26,SKU122,496,791.25
SO056SKU123,2025-02-26,SKU123,331,1283.75
SO056SKU124,2025-02-26,SKU124,281,2090.0
SO056SKU125,2025-02-26,SKU125,153,2171.25
SO056SKU126,2025-02-26,SKU126,394,1933.75
SO056SKU127,2025-02-26,SKU127,212,1741.25
SO056SKU128,2025-02-26,SKU128,372,792.5
SO056SKU129,2025-02-26,SKU129,334,1346.25
SO057SKU100,2025-02-27,SKU100,286,2161.25
SO057SKU101,2025-02-27,SKU101,195,1245.0
SO057SKU102,2025-02-27,SKU102,479,772.5
SO057SKU103,2025-02-27,SKU103,263,2328.75
SO057SKU104,2025-02-27,SKU104,108,636.25
SO057SKU105,2025-02-27,SKU105,267,1347.5
SO057SKU106,2025-02-27,SKU106,315,1293.75
SO057SKU107,2025-02-27,SKU107,183,1920.0
SO057SKU108,2025-02-27,SKU108,418,2440.0
SO057SKU109,2025-02-27,SKU109,134,2242.5
SO057SKU110,2025-02-27,SKU110,123,1747.5
SO057SKU111,2025-02-27,SKU111,177,1343.75
SO057SKU112,2025-02-27,SKU112,448,1787.5
SO057SKU113,2025-02-27,SKU113,279,2497.5
SO057SKU114,2025-02-27,SKU114,237,1300.0
SO057SKU115,2025-02-27,SKU115,98,866.25
SO057SKU116,2025-02-27,SKU116,449,491.25
SO057SKU117,2025-02-27,SKU117,493,2353.75
SO057SKU118,2025-02-27,SKU118,427,578.75
SO057SKU119,2025-02-27,SKU119,459,632.5
SO057SKU120,2025-02-27,SKU120,456,1086.25
SO057SKU121,2025-02-27,SKU121,321,2001.25
SO057SKU122,2025-02-27,SKU122,204,791.25
SO057SKU123,2025-02-27,SKU123,168,1283.75
SO057SKU124,2025-02-27,SKU124,486,2090.0
SO057SKU125,2025-02-27,SKU125,382,2171.25
SO057SKU126,2025-02-27,SKU126,334,1933.75
SO057SKU127,2025-02-27,SKU127,112,1741.25
SO057SKU128,2025-02-27,SKU128,495,792.5
SO057SKU129,2025-02-27,SKU129,285,1346.25
SO058SKU100,2025-02-28,SKU100,363,2161.25
SO058SKU101,2025-02-28,SKU101,377,1245.0
SO058SKU102,2025-02-28,SKU102,403,772.5
SO058SKU103,2025-02-28,SKU103,329,2328.75
SO058SKU104,2025-02-28,SKU104,125,636.25
SO058SKU105,2025-02-28,SKU105,225,1347.5
SO058SKU106,2025-02-28,SKU106,144,1293.75
SO058SKU107,2025-02-28,SKU107,347,1920.0
SO058SKU108,2025-02-28,SKU108,169,2440.0
SO058SKU109,2025-02-28,SKU109,172,2242.5
SO058SKU110,2025-02-28,SKU110,125,1747.5
SO058SKU111,2025-02-28,SKU111,294,1343.75
SO058SKU112,2025-02-28,SKU112,140,1787.5
SO058SKU113,2025-02-28,SKU113,265,2497.5
SO058SKU114,2025-02-28,SKU114,192,1300.0
SO058SKU115,2025-02-28,SKU115,186,866.25
SO058SKU116,2025-02-28,SKU116,487,491.25
SO058SKU117,2025-02-28,SKU117,170,2353.75
SO058SKU118,2025-02-28,SKU118,410,578.75
SO058SKU119,2025-02-28,SKU119,208,632.5
SO058SKU120,2025-02-28,SKU120,133,1086.25
SO058SKU121,2025-02-28,SKU121,160,2001.25
SO058SKU122,2025-02-28,SKU122,139,791.25
SO058SKU123,2025-02-28,SKU123,307,1283.75
SO058SKU124,2025-02-28,SKU124,181,2090.0
SO058SKU125,2025-02-28,SKU125,478,2171.25
SO058SKU126,2025-02-28,SKU126,201,1933.75
SO058SKU127,2025-02-28,SKU127,192,1741.25
SO058SKU128,2025-02-28,SKU128,107,792.5
SO058SKU129,2025-02-28,SKU129,392,1346.25
SO059SKU100,2025-03-01,SKU100,314,2161.25
SO059SKU101,2025-03-01,SKU101,231,1245.0
SO059SKU102,2025-03-01,SKU102,393,772.5
SO059SKU103,2025-03-01,SKU103,197,2328.75
SO059SKU104,2025-03-01,SKU104,190,636.25
SO059SKU105,2025-03-01,SKU105,87,1347.5
SO059SKU106,2025-03-01,SKU106,206,1293.75
SO059SKU107,2025-03-01,SKU107,193,1920.0
SO059SKU108,2025-03-01,SKU108,156,2440.0
SO059SKU109,2025-03-01,SKU109,102,2242.5
SO059SKU110,2025-03-01,SKU110,473,1747.5
SO059SKU111,2025-03-01,SKU111,281,1343.75
SO059SKU112,2025-03-01,SKU112,130,1787.5
SO059SKU113,2025-03-01,SKU113,365,2497.5
SO059SKU114,2025-03-01,SKU114,288,1300.0
SO059SKU115,2025-03-01,SKU115,231,866.25
SO059SKU116,2025-03-01,SKU116,325,491.25
SO059SKU117,2025-03-01,SKU117,315,2353.75
SO059SKU118,2025-03-01,SKU118,92,578.75
SO059SKU119,2025-03-01,SKU119,150,632.5
SO059SKU120,2025-03-01,SKU120,484,1086.25
SO059SKU121,2025-03-01,SKU121,440,2001.25
SO059SKU122,2025-03-01,SKU122,277,791.25
SO059SKU123,2025-03-01,SKU123,96,1283.75
SO059SKU124,2025-03-01,SKU124,393,2090.0
SO059SKU125,2025-03-01,SKU125,430,2171.25
SO059SKU126,2025-03-01,SKU126,108,1933.75
SO059SKU127,2025-03-01,SKU127,106,1741.25
SO059SKU128,2025-03-01,SKU128,396,792.5
SO059SKU129,2025-03-01,SKU129,411,1346.25
SO060SKU100,2025-03-02,SKU100,337,2161.25
SO060SKU101,2025-03-02,SKU101,112,1245.0
SO060SKU102,2025-03-02,SKU102,336,772.5
SO060SKU103,2025-03-02,SKU103,443,2328.75
SO060SKU104,2025-03-02,SKU104,229,636.25
SO060SKU105,2025-03-02,SKU105,424,1347.5
SO060SKU106,2025-03-02,SKU106,314,1293.75
SO060SKU107,2025-03-02,SKU107,171,1920.0
SO060SKU108,2025-03-02,SKU108,164,2440.0
SO060SKU109,2025-03-02,SKU109,334,2242.5
SO060SKU110,2025-03-02,SKU110,401,1747.5
SO060SKU111,2025-03-02,SKU111,357,1343.75
SO060SKU112,2025-03-02,SKU112,295,1787.5
SO060SKU113,2025-03-02,SKU113,229,2497.5
SO060SKU114,2025-03-02,SKU114,490,1300.0
SO060SKU115,2025-03-02,SKU115,251,866.25
SO060SKU116,2025-03-02,SKU116,410,491.25
SO060SKU117,2025-03-02,SKU117,420,2353.75
SO060SKU118,2025-03-02,SKU118,314,578.75
SO060SKU119,2025-03-02,SKU119,484,632.5
SO060SKU120,2025-03-02,SKU120,327,1086.25
SO060SKU121,2025-03-02,SKU121,104,2001.25
SO060SKU122,2025-03-02,SKU122,165,791.25
SO060SKU123,2025-03-02,SKU123,354,1283.75
SO060SKU124,2025-03-02,SKU124,442,2090.0
SO060SKU125,2025-03-02,SKU125,158,2171.25
SO060SKU126,2025-03-02,SKU126,242,1933.75
SO060SKU127,2025-03-02,SKU127,269,1741.25
SO060SKU128,2025-03-02,SKU128,97,792.5
SO060SKU129,2025-03-02,SKU129,270,1346.25
SO061SKU100,2025-03-03,SKU100,322,2161.25
SO061SKU101,2025-03-03,SKU101,155,1245.0
SO061SKU102,2025-03-03,SKU102,306,772.5
SO061SKU103,2025-03-03,SKU103,325,2328.75
SO061SKU104,2025-03-03,SKU104,362,636.25
SO061SKU105,2025-03-03,SKU105,396,1347.5
SO061SKU106,2025-03-03,SKU106,127,1293.75
SO061SKU107,2025-03-03,SKU107,179,1920.0
SO061SKU108,2025-03-03,SKU108,472,2440.0
SO061SKU109,2025-03-03,SKU109,355,2242.5
SO061SKU110,2025-03-03,SKU110,124,1747.5
SO061SKU111,2025-03-03,SKU111,331,1343.75
SO061SKU112,2025-03-03,SKU112,108,1787.5
SO061SKU113,2025-03-03,SKU113,155,2497.5
SO061SKU114,2025-03-03,SKU114,277,1300.0
SO061SKU115,2025-03-03,SKU115,259,866.25
SO061SKU116,2025-03-03,SKU116,367,491.25
SO061SKU117,2025-03-03,SKU117,307,2353.75
SO061SKU118,2025-03-03,SKU118,306,578.75
SO061SKU119,2025-03-03,SKU119,297,632.5
SO061SKU120,2025-03-03,SKU120,380,1086.25
SO061SKU121,2025-03-03,SKU121,235,2001.25
SO061SKU122,2025-03-03,SKU122,113,791.25
SO061SKU123,2025-03-03,SKU123,272,1283.75
SO061SKU124,2025-03-03,SKU124,219,2090.0
SO061SKU125,2025-03-03,SKU125,443,2171.25
SO061SKU126,2025-03-03,SKU126,175,1933.75
SO061SKU127,2025-03-03,SKU127,331,1741.25
SO061SKU128,2025-03-03,SKU128,379,792.5
SO061SKU129,2025-03-03,SKU129,317,1346.25
SO062SKU100,2025-03-04,SKU100,386,2161.25
SO062SKU101,2025-03-04,SKU101,369,1245.0
SO062SKU102,2025-03-04,SKU102,431,772.5
SO062SKU103,2025-03-04,SKU103,141,2328.75
SO062SKU104,2025-03-04,SKU104,88,636.25
SO062SKU105,2025-03-04,SKU105,109,1347.5
SO062SKU106,2025-03-04,SKU106,434,1293.75
SO062SKU107,2025-03-04,SKU107,219,1920.0
SO062SKU108,2025-03-04,SKU108,262,2440.0
SO062SKU109,2025-03-04,SKU109,407,2242.5
SO062SKU110,2025-03-04,SKU110,472,1747.5
SO062SKU111,2025-03-04,SKU111,465,1343.75
SO062SKU112,2025-03-04,SKU112,241,1787.5
SO062SKU113,2025-03-04,SKU113,234,2497.5
SO062SKU114,2025-03-04,SKU114,265,1300.0
SO062SKU115,2025-03-04,SKU115,153,866.25
SO062SKU116,2025-03-04,SKU116,270,491.25
SO062SKU117,2025-03-04,SKU117,163,2353.75
SO062SKU118,2025-03-04,SKU118,193,578.75
SO062SKU119,2025-03-04,SKU119,433,632.5
SO062SKU120,2025-03-04,SKU120,352,1086.25
SO062SKU121,2025-03-04,SKU121,490,2001.25
SO062SKU122,2025-03-04,SKU122,119,791.25
SO062SKU123,2025-03-04,SKU123,88,1283.75
SO062SKU124,2025-03-04,SKU124,265,2090.0
SO062SKU125,2025-03-04,SKU125,385,2171.25
SO062SKU126,2025-03-04,SKU126,443,1933.75
SO062SKU127,2025-03-04,SKU127,140,1741.25
SO062SKU128,2025-03-04,SKU128,432,792.5
SO062SKU129,2025-03-04,SKU129,146,1346.25
SO063SKU100,2025-03-05,SKU100,320,2161.25
SO063SKU101,2025-03-05,SKU101,113,1245.0
SO063SKU102,2025-03-05,SKU102,129,772.5
SO063SKU103,2025-03-05,SKU103,380,2328.75
SO063SKU104,2025-03-05,SKU104,259,636.25
SO063SKU105,2025-03-05,SKU105,462,1347.5
SO063SKU106,2025-03-05,SKU106,260,1293.75
SO063SKU107,2025-03-05,SKU107,453,1920.0
SO063SKU108,2025-03-05,SKU108,114,2440.0
SO063SKU109,2025-03-05,SKU109,87,2242.5
SO063SKU110,2025-03-05,SKU110,224,1747.5
SO063SKU111,2025-03-05,SKU111,451,1343.75
SO063SKU112,2025-03-05,SKU112,338,1787.5
SO063SKU113,2025-03-05,SKU113,437,2497.5
SO063SKU114,2025-03-05,SKU114,134,1300.0
SO063SKU115,2025-03-05,SKU115,297,866.25
SO063SKU116,2025-03-05,SKU116,137,491.25
SO063SKU117,2025-03-05,SKU117,318,2353.75
SO063SKU118,2025-03-05,SKU118,470,578.75
SO063SKU119,2025-03-05,SKU119,449,632.5
SO063SKU120,2025-03-05,SKU120,139,1086.25
SO063SKU121,2025-03-05,SKU121,456,2001.25
SO063SKU122,2025-03-05,SKU122,363,791.25
SO063SKU123,2025-03-05,SKU123,115,1283.75
SO063SKU124,2025-03-05,SKU124,427,2090.0
SO063SKU125,2025-03-05,SKU125,331,2171.25
SO063SKU126,2025-03-05,SKU126,347,1933.75
SO063SKU127,2025-03-05,SKU127,153,1741.25
SO063SKU128,2025-03-05,SKU128,132,792.5
SO063SKU129,2025-03-05,SKU129,266,1346.25
SO064SKU100,2025-03-06,SKU100,328,2161.25
SO064SKU101,2025-03-06,SKU101,312,1245.0
SO064SKU102,2025-03-06,SKU102,334,772.5
SO064SKU103,2025-03-06,SKU103,130,2328.75
SO064SKU104,2025-03-06,SKU104,427,636.25
SO064SKU105,2025-03-06,SKU105,389,1347.5
SO064SKU106,2025-03-06,SKU106,398,1293.75
SO064SKU107,2025-03-06,SKU107,464,1920.0
SO064SKU108,2025-03-06,SKU108,318,2440.0
SO064SKU109,2025-03-06,SKU109,331,2242.5
SO064SKU110,2025-03-06,SKU110,494,1747.5
SO064SKU111,2025-03-06,SKU111,471,1343.75
SO064SKU112,2025-03-06,SKU112,140,1787.5
SO064SKU113,2025-03-06,SKU113,272,2497.5
SO064SKU114,2025-03-06,SKU114,170,1300.0
SO064SKU115,2025-03-06,SKU115,441,866.25
SO064SKU116,2025-03-06,SKU116,239,491.25
SO064SKU117,2025-03-06,SKU117,136,2353.75
SO064SKU118,2025-03-06,SKU118,363,578.75
SO064SKU119,2025-03-06,SKU119,323,632.5
SO064SKU120,2025-03-06,SKU120,108,1086.25
SO064SKU121,2025-03-06,SKU121,273,2001.25
SO064SKU122,2025-03-06,SKU122,225,791.25
SO064SKU123,2025-03-06,SKU123,103,1283.75
SO064SKU124,2025-03-06,SKU124,494,2090.0
SO064SKU125,2025-03-06,SKU125,400,2171.25
SO064SKU126,2025-03-06,SKU126,256,1933.75
SO064SKU127,2025-03-06,SKU127,108,1741.25
SO064SKU128,2025-03-06,SKU128,411,792.5
SO064SKU129,2025-03-06,SKU129,432,1346.25
SO065SKU100,2025-03-07,SKU100,381,2161.25
SO065SKU101,2025-03-07,SKU101,372,1245.0
SO065SKU102,2025-03-07,SKU102,493,772.5
SO065SKU103,2025-03-07,SKU103,185,2328.75
SO065SKU104,2025-03-07,SKU104,471,636.25
SO065SKU105,2025-03-07,SKU105,233,1347.5
SO065SKU106,2025-03-07,SKU106,334,1293.75
SO065SKU107,2025-03-07,SKU107,354,1920.0
SO065SKU108,2025-03-07,SKU108,232,2440.0
SO065SKU109,2025-03-07,SKU109,195,2242.5
SO065SKU110,2025-03-07,SKU110,376,1747.5
SO065SKU111,2025-03-07,SKU111,114,1343.75
SO065SKU112,2025-03-07,SKU112,298,1787.5
SO065SKU113,2025-03-07,SKU113,234,2497.5
SO065SKU114,2025-03-07,SKU114,419,1300.0
SO065SKU115,2025-03-07,SKU115,285,866.25
SO065SKU116,2025-03-07,SKU116,423,491.25
SO065SKU117,2025-03-07,SKU117,89,2353.75
SO065SKU118,2025-03-07,SKU118,175,578.75
SO065SKU119,2025-03-07,SKU119,460,632.5
SO065SKU120,2025-03-07,SKU120,406,1086.25
SO065SKU121,2025-03-07,SKU121,473,2001.25
SO065SKU122,2025-03-07,SKU122,400,791.25
SO065SKU123,2025-03-07,SKU123,316,1283.75
SO065SKU124,2025-03-07,SKU124,430,2090.0
SO065SKU125,2025-03-07,SKU125,243,2171.25
SO065SKU126,2025-03-07,SKU126,184,1933.75
SO065SKU127,2025-03-07,SKU127,226,1741.25
SO065SKU128,2025-03-07,SKU128,387,792.5
SO065SKU129,2025-03-07,SKU129,156,1346.25
SO066SKU100,2025-03-08,SKU100,417,2161.25
SO066SKU101,2025-03-08,SKU101,101,1245.0
SO066SKU102,2025-03-08,SKU102,90,772.5
SO066SKU103,2025-03-08,SKU103,388,2328.75
SO066SKU104,2025-03-08,SKU104,288,636.25
SO066SKU105,2025-03-08,SKU105,126,1347.5
SO066SKU106,2025-03-08,SKU106,151,1293.75
SO066SKU107,2025-03-08,SKU107,336,1920.0
SO066SKU108,2025-03-08,SKU108,377,2440.0
SO066SKU109,2025-03-08,SKU109,334,2242.5
SO066SKU110,2025-03-08,SKU110,142,1747.5
SO066SKU111,2025-03-08,SKU111,379,1343.75
SO066SKU112,2025-03-08,SKU112,200,1787.5
SO066SKU113,2025-03-08,SKU113,134,2497.5
SO066SKU114,2025-03-08,SKU114,289,1300.0
SO066SKU115,2025-03-08,SKU115,331,866.25
SO066SKU116,2025-03-08,SKU116,137,491.25
SO066SKU117,2025-03-08,SKU117,429,2353.75
SO066SKU118,2025-03-08,SKU118,481,578.75
SO066SKU119,2025-03-08,SKU119,446,632.5
SO066SKU120,2025-03-08,SKU120,410,1086.25
SO066SKU121,2025-03-08,SKU121,458,2001.25
SO066SKU122,2025-03-08,SKU122,483,791.25
SO066SKU123,2025-03-08,SKU123,276,1283.75
SO066SKU124,2025-03-08,SKU124,495,2090.0
SO066SKU125,2025-03-08,SKU125,201,2171.25
SO066SKU126,2025-03-08,SKU126,281,1933.75
SO066SKU127,2025-03-08,SKU127,126,1741.25
SO066SKU128,2025-03-08,SKU128,187,792.5
SO066SKU129,2025-03-08,SKU129,304,1346.25
SO067SKU100,2025-03-09,SKU100,437,2161.25
SO067SKU101,2025-03-09,SKU101,295,1245.0
SO067SKU102,2025-03-09,SKU102,247,772.5
SO067SKU103,2025-03-09,SKU103,106,2328.75
SO067SKU104,2025-03-09,SKU104,307,636.25
SO067SKU105,2025-03-09,SKU105,285,1347.5
SO067SKU106,2025-03-09,SKU106,374,1293.75
SO067SKU107,2025-03-09,SKU107,344,1920.0
SO067SKU108,2025-03-09,SKU108,146,2440.0
SO067SKU109,2025-03-09,SKU109,485,2242.5
SO067SKU110,2025-03-09,SKU110,456,1747.5
SO067SKU111,2025-03-09,SKU111,383,1343.75
SO067SKU112,2025-03-09,SKU112,123,1787.5
SO067SKU113,2025-03-09,SKU113,273,2497.5
SO067SKU114,2025-03-09,SKU114,90,1300.0
SO067SKU115,2025-03-09,SKU115,393,866.25
SO067SKU116,2025-03-09,SKU116,181,491.25
SO067SKU117,2025-03-09,SKU117,285,2353.75
SO067SKU118,2025-03-09,SKU118,156,578.75
SO067SKU119,2025-03-09,SKU119,370,632.5
SO067SKU120,2025-03-09,SKU120,302,1086.25
SO067SKU121,2025-03-09,SKU121,424,2001.25
SO067SKU122,2025-03-09,SKU122,184,791.25
SO067SKU123,2025-03-09,SKU123,462,1283.75
SO067SKU124,2025-03-09,SKU124,185,2090.0
SO067SKU125,2025-03-09,SKU125,426,2171.25
SO067SKU126,2025-03-09,SKU126,485,1933.75
SO067SKU127,2025-03-09,SKU127,200,1741.25
SO067SKU128,2025-03-09,SKU128,378,792.5
SO067SKU129,2025-03-09,SKU129,85,1346.25
SO068SKU100,2025-03-10,SKU100,321,2161.25
SO068SKU101,2025-03-10,SKU101,423,1245.0
SO068SKU102,2025-03-10,SKU102,463,772.5
SO068SKU103,2025-03-10,SKU103,338,2328.75
SO068SKU104,2025-03-10,SKU104,423,636.25
SO068SKU105,2025-03-10,SKU105,377,1347.5
SO068SKU106,2025-03-10,SKU106,332,1293.75
SO068SKU107,2025-03-10,SKU107,125,1920.0
SO068SKU108,2025-03-10,SKU108,152,2440.0
SO068SKU109,2025-03-10,SKU109,145,2242.5
SO068SKU110,2025-03-10,SKU110,264,1747.5
SO068SKU111,2025-03-10,SKU111,214,1343.75
SO068SKU112,2025-03-10,SKU112,240,1787.5
SO068SKU113,2025-03-10,SKU113,457,2497.5
SO068SKU114,2025-03-10,SKU114,416,1300.0
SO068SKU115,2025-03-10,SKU115,176,866.25
SO068SKU116,2025-03-10,SKU116,98,491.25
SO068SKU117,2025-03-10,SKU117,319,2353.75
SO068SKU118,2025-03-10,SKU118,306,578.75
SO068SKU119,2025-03-10,SKU119,328,632.5
SO068SKU120,2025-03-10,SKU120,448,1086.25
SO068SKU121,2025-03-10,SKU121,127,2001.25
SO068SKU122,2025-03-10,SKU122,166,791.25
SO068SKU123,2025-03-10,SKU123,419,1283.75
SO068SKU124,2025-03-10,SKU124,349,2090.0
SO068SKU125,2025-03-10,SKU125,119,2171.25
SO068SKU126,2025-03-10,SKU126,128,1933.75
SO068SKU127,2025-03-10,SKU127,428,1741.25
SO068SKU128,2025-03-10,SKU128,271,792.5
SO068SKU129,2025-03-10,SKU129,245,1346.25
SO069SKU100,2025-03-11,SKU100,245,2161.25
SO069SKU101,2025-03-11,SKU101,360,1245.0
SO069SKU102,2025-03-11,SKU102,284,772.5
SO069SKU103,2025-03-11,SKU103,284,2328.75
SO069SKU104,2025-03-11,SKU104,278,636.25
SO069SKU105,2025-03-11,SKU105,465,1347.5
SO069SKU106,2025-03-11,SKU106,232,1293.75
SO069SKU107,2025-03-11,SKU107,492,1920.0
SO069SKU108,2025-03-11,SKU108,147,2440.0
SO069SKU109,2025-03-11,SKU109,268,2242.5
SO069SKU110,2025-03-11,SKU110,278,1747.5
SO069SKU111,2025-03-11,SKU111,296,1343.75
SO069SKU112,2025-03-11,SKU112,268,1787.5
SO069SKU113,2025-03-11,SKU113,298,2497.5
SO069SKU114,2025-03-11,SKU114,317,1300.0
SO069SKU115,2025-03-11,SKU115,445,866.25
SO069SKU116,2025-03-11,SKU116,402,491.25
SO069SKU117,2025-03-11,SKU117,319,2353.75
SO069SKU118,2025-03-11,SKU118,156,578.75
SO069SKU119,2025-03-11,SKU119,233,632.5
SO069SKU120,2025-03-11,SKU120,231,1086.25
SO069SKU121,2025-03-11,SKU121,103,2001.25
SO069SKU122,2025-03-11,SKU122,291,791.25
SO069SKU123,2025-03-11,SKU123,371,1283.75
SO069SKU124,2025-03-11,SKU124,379,2090.0
SO069SKU125,2025-03-11,SKU125,138,2171.25
SO069SKU126,2025-03-11,SKU126,482,1933.75
SO069SKU127,2025-03-11,SKU127,122,1741.25
SO069SKU128,2025-03-11,SKU128,240,792.5
SO069SKU129,2025-03-11,SKU129,423,1346.25
SO070SKU100,2025-03-12,SKU100,315,2161.25
SO070SKU101,2025-03-12,SKU101,388,1245.0
SO070SKU102,2025-03-12,SKU102,496,772.5
SO070SKU103,2025-03-12,SKU103,424,2328.75
SO070SKU104,2025-03-12,SKU104,491,636.25
SO070SKU105,2025-03-12,SKU105,87,1347.5
SO070SKU106,2025-03-12,SKU106,176,1293.75
SO070SKU107,2025-03-12,SKU107,412,1920.0
SO070SKU108,2025-03-12,SKU108,400,2440.0
SO070SKU109,2025-03-12,SKU109,124,2242.5
SO070SKU110,2025-03-12,SKU110,322,1747.5
SO070SKU111,2025-03-12,SKU111,158,1343.75
SO070SKU112,2025-03-12,SKU112,321,1787.5
SO070SKU113,2025-03-12,SKU113,204,2497.5
SO070SKU114,2025-03-12,SKU114,280,1300.0
SO070SKU115,2025-03-12,SKU115,402,866.25
SO070SKU116,2025-03-12,SKU116,333,491.25
SO070SKU117,2025-03-12,SKU117,363,2353.75
SO070SKU118,2025-03-12,SKU118,284,578.75
SO070SKU119,2025-03-12,SKU119,393,632.5
SO070SKU120,2025-03-12,SKU120,445,1086.25
SO070SKU121,2025-03-12,SKU121,375,2001.25
SO070SKU122,2025-03-12,SKU122,411,791.25
SO070SKU123,2025-03-12,SKU123,333,1283.75
SO070SKU124,2025-03-12,SKU124,309,2090.0
SO070SKU125,2025-03-12,SKU125,227,2171.25
SO070SKU126,2025-03-12,SKU126,304,1933.75
SO070SKU127,2025-03-12,SKU127,430,1741.25
SO070SKU128,2025-03-12,SKU128,446,792.5
SO070SKU129,2025-03-12,SKU129,230,1346.25
SO071SKU100,2025-03-13,SKU100,390,2161.25
SO071SKU101,2025-03-13,SKU101,332,1245.0
SO071SKU102,2025-03-13,SKU102,104,772.5
SO071SKU103,2025-03-13,SKU103,213,2328.75
SO071SKU104,2025-03-13,SKU104,337,636.25
SO071SKU105,2025-03-13,SKU105,300,1347.5
SO071SKU106,2025-03-13,SKU106,367,1293.75
SO071SKU107,2025-03-13,SKU107,481,1920.0
SO071SKU108,2025-03-13,SKU108,365,2440.0
SO071SKU109,2025-03-13,SKU109,433,2242.5
SO071SKU110,2025-03-13,SKU110,133,1747.5
SO071SKU111,2025-03-13,SKU111,314,1343.75
SO071SKU112,2025-03-13,SKU112,480,1787.5
SO071SKU113,2025-03-13,SKU113,367,2497.5
SO071SKU114,2025-03-13,SKU114,402,1300.0
SO071SKU115,2025-03-13,SKU115,265,866.25
SO071SKU116,2025-03-13,SKU116,306,491.25
SO071SKU117,2025-03-13,SKU117,130,2353.75
SO071SKU118,2025-03-13,SKU118,499,578.75
SO071SKU119,2025-03-13,SKU119,292,632.5
SO071SKU120,2025-03-13,SKU120,494,1086.25
SO071SKU121,2025-03-13,SKU121,167,2001.25
SO071SKU122,2025-03-13,SKU122,466,791.25
SO071SKU123,2025-03-13,SKU123,205,1283.75
SO071SKU124,2025-03-13,SKU124,483,2090.0
SO071SKU125,2025-03-13,SKU125,289,2171.25
SO071SKU126,2025-03-13,SKU126,429,1933.75
SO071SKU127,2025-03-13,SKU127,154,1741.25
SO071SKU128,2025-03-13,SKU128,344,792.5
SO071SKU129,2025-03-13,SKU129,241,1346.25
SO072SKU100,2025-03-14,SKU100,256,2161.25
SO072SKU101,2025-03-14,SKU101,350,1245.0
SO072SKU102,2025-03-14,SKU102,286,772.5
SO072SKU103,2025-03-14,SKU103,358,2328.75
SO072SKU104,2025-03-14,SKU104,306,636.25
SO072SKU105,2025-03-14,SKU105,477,1347.5
SO072SKU106,2025-03-14,SKU106,98,1293.75
SO072SKU107,2025-03-14,SKU107,448,1920.0
SO072SKU108,2025-03-14,SKU108,356,2440.0
SO072SKU109,2025-03-14,SKU109,362,2242.5
SO072SKU110,2025-03-14,SKU110,405,1747.5
SO072SKU111,2025-03-14,SKU111,487,1343.75
SO072SKU112,2025-03-14,SKU112,476,1787.5
SO072SKU113,2025-03-14,SKU113,136,2497.5
SO072SKU114,2025-03-14,SKU114,401,1300.0
SO072SKU115,2025-03-14,SKU115,467,866.25
SO072SKU116,2025-03-14,SKU116,232,491.25
SO072SKU117,2025-03-14,SKU117,253,2353.75
SO072SKU118,2025-03-14,SKU118,369,578.75
SO072SKU119,2025-03-14,SKU119,353,632.5
SO072SKU120,2025-03-14,SKU120,233,1086.25
SO072SKU121,2025-03-14,SKU121,424,2001.25
SO072SKU122,2025-03-14,SKU122,457,791.25
SO072SKU123,2025-03-14,SKU123,378,1283.75
SO072SKU124,2025-03-14,SKU124,130,2090.0
SO072SKU125,2025-03-14,SKU125,290,2171.25
SO072SKU126,2025-03-14,SKU126,146,1933.75
SO072SKU127,2025-03-14,SKU127,269,1741.25
SO072SKU128,2025-03-14,SKU128,366,792.5
SO072SKU129,2025-03-14,SKU129,215,1346.25
SO073SKU100,2025-03-15,SKU100,140,2161.25
SO073SKU101,2025-03-15,SKU101,96,1245.0
SO073SKU102,2025-03-15,SKU102,140,772.5
SO073SKU103,2025-03-15,SKU103,141,2328.75
SO073SKU104,2025-03-15,SKU104,347,636.25
SO073SKU105,2025-03-15,SKU105,271,1347.5
SO073SKU106,2025-03-15,SKU106,485,1293.75
SO073SKU107,2025-03-15,SKU107,104,1920.0
SO073SKU108,2025-03-15,SKU108,225,2440.0
SO073SKU109,2025-03-15,SKU109,81,2242.5
SO073SKU110,2025-03-15,SKU110,102,1747.5
SO073SKU111,2025-03-15,SKU111,369,1343.75
SO073SKU112,2025-03-15,SKU112,273,1787.5
SO073SKU113,2025-03-15,SKU113,390,2497.5
SO073SKU114,2025-03-15,SKU114,405,1300.0
SO073SKU115,2025-03-15,SKU115,309,866.25
SO073SKU116,2025-03-15,SKU116,125,491.25
SO073SKU117,2025-03-15,SKU117,289,2353.75
SO073SKU118,2025-03-15,SKU118,356,578.75
SO073SKU119,2025-03-15,SKU119,306,632.5
SO073SKU120,2025-03-15,SKU120,164,1086.25
SO073SKU121,2025-03-15,SKU121,487,2001.25
SO073SKU122,2025-03-15,SKU122,410,791.25
SO073SKU123,2025-03-15,SKU123,178,1283.75
SO073SKU124,2025-03-15,SKU124,467,2090.0
SO073SKU125,2025-03-15,SKU125,176,2171.25
SO073SKU126,2025-03-15,SKU126,89,1933.75
SO073SKU127,2025-03-15,SKU127,89,1741.25
SO073SKU128,2025-03-15,SKU128,441,792.5
SO073SKU129,2025-03-15,SKU129,123,1346.25
SO074SKU100,2025-03-16,SKU100,357,2161.25
SO074SKU101,2025-03-16,SKU101,210,1245.0
SO074SKU102,2025-03-16,SKU102,288,772.5
SO074SKU103,2025-03-16,SKU103,246,2328.75
SO074SKU104,2025-03-16,SKU104,232,636.25
SO074SKU105,2025-03-16,SKU105,291,1347.5
SO074SKU106,2025-03-16,SKU106,141,1293.75
SO074SKU107,2025-03-16,SKU107,385,1920.0
SO074SKU108,2025-03-16,SKU108,465,2440.0
SO074SKU109,2025-03-16,SKU109,111,2242.5
SO074SKU110,2025-03-16,SKU110,113,1747.5
SO074SKU111,2025-03-16,SKU111,199,1343.75
SO074SKU112,2025-03-16,SKU112,363,1787.5
SO074SKU113,2025-03-16,SKU113,206,2497.5
SO074SKU114,2025-03-16,SKU114,144,1300.0
SO074SKU115,2025-03-16,SKU115,122,866.25
SO074SKU116,2025-03-16,SKU116,480,491.25
SO074SKU117,2025-03-16,SKU117,166,2353.75
SO074SKU118,2025-03-16,SKU118,296,578.75
SO074SKU119,2025-03-16,SKU119,101,632.5
SO074SKU120,2025-03-16,SKU120,397,1086.25
SO074SKU121,2025-03-16,SKU121,110,2001.25
SO074SKU122,2025-03-16,SKU122,386,791.25
SO074SKU123,2025-03-16,SKU123,259,1283.75
SO074SKU124,2025-03-16,SKU124,341,2090.0
SO074SKU125,2025-03-16,SKU125,353,2171.25
SO074SKU126,2025-03-16,SKU126,282,1933.75
SO074SKU127,2025-03-16,SKU127,364,1741.25
SO074SKU128,2025-03-16,SKU128,392,792.5
SO074SKU129,2025-03-16,SKU129,429,1346.25
SO075SKU100,2025-03-17,SKU100,82,2161.25
SO075SKU101,2025-03-17,SKU101,291,1245.0
SO075SKU102,2025-03-17,SKU102,330,772.5
SO075SKU103,2025-03-17,SKU103,483,2328.75
SO075SKU104,2025-03-17,SKU104,355,636.25
SO075SKU105,2025-03-17,SKU105,424,1347.5
SO075SKU106,2025-03-17,SKU106,387,1293.75
SO075SKU107,2025-03-17,SKU107,473,1920.0
SO075SKU108,2025-03-17,SKU108,316,2440.0
SO075SKU109,2025-03-17,SKU109,84,2242.5
SO075SKU110,2025-03-17,SKU110,223,1747.5
SO075SKU111,2025-03-17,SKU111,178,1343.75
SO075SKU112,2025-03-17,SKU112,235,1787.5
SO075SKU113,2025-03-17,SKU113,332,2497.5
SO075SKU114,2025-03-17,SKU114,332,1300.0
SO075SKU115,2025-03-17,SKU115,187,866.25
SO075SKU116,2025-03-17,SKU116,136,491.25
SO075SKU117,2025-03-17,SKU117,332,2353.75
SO075SKU118,2025-03-17,SKU118,458,578.75
SO075SKU119,2025-03-17,SKU119,369,632.5
SO075SKU120,2025-03-17,SKU120,461,1086.25
SO075SKU121,2025-03-17,SKU121,371,2001.25
SO075SKU122,2025-03-17,SKU122,480,791.25
SO075SKU123,2025-03-17,SKU123,434,1283.75
SO075SKU124,2025-03-17,SKU124,428,2090.0
SO075SKU125,2025-03-17,SKU125,298,2171.25
SO075SKU126,2025-03-17,SKU126,245,1933.75
SO075SKU127,2025-03-17,SKU127,142,1741.25
SO075SKU128,2025-03-17,SKU128,265,792.5
SO075SKU129,2025-03-17,SKU129,449,1346.25
SO076SKU100,2025-03-18,SKU100,180,2161.25
SO076SKU101,2025-03-18,SKU101,400,1245.0
SO076SKU102,2025-03-18,SKU102,301,772.5
SO076SKU103,2025-03-18,SKU103,400,2328.75
SO076SKU104,2025-03-18,SKU104,135,636.25
SO076SKU105,2025-03-18,SKU105,107,1347.5
SO076SKU106,2025-03-18,SKU106,201,1293.75
SO076SKU107,2025-03-18,SKU107,304,1920.0
SO076SKU108,2025-03-18,SKU108,376,2440.0
SO076SKU109,2025-03-18,SKU109,97,2242.5
SO076SKU110,2025-03-18,SKU110,480,1747.5
SO076SKU111,2025-03-18,SKU111,234,1343.75
SO076SKU112,2025-03-18,SKU112,132,1787.5
SO076SKU113,2025-03-18,SKU113,230,2497.5
SO076SKU114,2025-03-18,SKU114,396,1300.0
SO076SKU115,2025-03-18,SKU115,386,866.25
SO076SKU116,2025-03-18,SKU116,312,491.25
SO076SKU117,2025-03-18,SKU117,397,2353.75
SO076SKU118,2025-03-18,SKU118,425,578.75
SO076SKU119,2025-03-18,SKU119,248,632.5
SO076SKU120,2025-03-18,SKU120,86,1086.25
SO076SKU121,2025-03-18,SKU121,484,2001.25
SO076SKU122,2025-03-18,SKU122,406,791.25
SO076SKU123,2025-03-18,SKU123,326,1283.75
SO076SKU124,2025-03-18,SKU124,204,2090.0
SO076SKU125,2025-03-18,SKU125,145,2171.25
SO076SKU126,2025-03-18,SKU126,413,1933.75
SO076SKU127,2025-03-18,SKU127,357,1741.25
SO076SKU128,2025-03-18,SKU128,238,792.5
SO076SKU129,2025-03-18,SKU129,84,1346.25
SO077SKU100,2025-03-19,SKU100,421,2161.25
SO077SKU101,2025-03-19,SKU101,387,1245.0
SO077SKU102,2025-03-19,SKU102,251,772.5
SO077SKU103,2025-03-19,SKU103,163,2328.75
SO077SKU104,2025-03-19,SKU104,192,636.25
SO077SKU105,2025-03-19,SKU105,434,1347.5
SO077SKU106,2025-03-19,SKU106,202,1293.75
SO077SKU107,2025-03-19,SKU107,458,1920.0
SO077SKU108,2025-03-19,SKU108,83,2440.0
SO077SKU109,2025-03-19,SKU109,95,2242.5
SO077SKU110,2025-03-19,SKU110,305,1747.5
SO077SKU111,2025-03-19,SKU111,471,1343.75
SO077SKU112,2025-03-19,SKU112,181,1787.5
SO077SKU113,2025-03-19,SKU113,214,2497.5
SO077SKU114,2025-03-19,SKU114,363,1300.0
SO077SKU115,2025-03-19,SKU115,170,866.25
SO077SKU116,2025-03-19,SKU116,426,491.25
SO077SKU117,2025-03-19,SKU117,136,2353.75
SO077SKU118,2025-03-19,SKU118,313,578.75
SO077SKU119,2025-03-19,SKU119,167,632.5
SO077SKU120,2025-03-19,SKU120,302,1086.25
SO077SKU121,2025-03-19,SKU121,153,2001.25
SO077SKU122,2025-03-19,SKU122,177,791.25
SO077SKU123,2025-03-19,SKU123,271,1283.75
SO077SKU124,2025-03-19,SKU124,205,2090.0
SO077SKU125,2025-03-19,SKU125,176,2171.25
SO077SKU126,2025-03-19,SKU126,156,1933.75
SO077SKU127,2025-03-19,SKU127,487,1741.25
SO077SKU128,2025-03-19,SKU128,340,792.5
SO077SKU129,2025-03-19,SKU129,452,1346.25
SO078SKU100,2025-03-20,SKU100,446,2161.25
SO078SKU101,2025-03-20,SKU101,377,1245.0
SO078SKU102,2025-03-20,SKU102,98,772.5
SO078SKU103,2025-03-20,SKU103,200,2328.75
SO078SKU104,2025-03-20,SKU104,273,636.25
SO078SKU105,2025-03-20,SKU105,361,1347.5
SO078SKU106,2025-03-20,SKU106,307,1293.75
SO078SKU107,2025-03-20,SKU107,101,1920.0
SO078SKU108,2025-03-20,SKU108,298,2440.0
SO078SKU109,2025-03-20,SKU109,268,2242.5
SO078SKU110,2025-03-20,SKU110,275,1747.5
SO078SKU111,2025-03-20,SKU111,215,1343.75
SO078SKU112,2025-03-20,SKU112,122,1787.5
SO078SKU113,2025-03-20,SKU113,359,2497.5
SO078SKU114,2025-03-20,SKU114,196,1300.0
SO078SKU115,2025-03-20,SKU115,99,866.25
SO078SKU116,2025-03-20,SKU116,425,491.25
SO078SKU117,2025-03-20,SKU117,497,2353.75
SO078SKU118,2025-03-20,SKU118,441,578.75
SO078SKU119,2025-03-20,SKU119,465,632.5
SO078SKU120,2025-03-20,SKU120,213,1086.25
SO078SKU121,2025-03-20,SKU121,257,2001.25
SO078SKU122,2025-03-20,SKU122,287,791.25
SO078SKU123,2025-03-20,SKU123,321,1283.75
SO078SKU124,2025-03-20,SKU124,283,2090.0
SO078SKU125,2025-03-20,SKU125,187,2171.25
SO078SKU126,2025-03-20,SKU126,482,1933.75
SO078SKU127,2025-03-20,SKU127,496,1741.25
SO078SKU128,2025-03-20,SKU128,176,792.5
SO078SKU129,2025-03-20,SKU129,187,1346.25
SO079SKU100,2025-03-21,SKU100,246,2161.25
SO079SKU101,2025-03-21,SKU101,96,1245.0
SO079SKU102,2025-03-21,SKU102,249,772.5
SO079SKU103,2025-03-21,SKU103,391,2328.75
SO079SKU104,2025-03-21,SKU104,184,636.25
SO079SKU105,2025-03-21,SKU105,277,1347.5
SO079SKU106,2025-03-21,SKU106,371,1293.75
SO079SKU107,2025-03-21,SKU107,235,1920.0
SO079SKU108,2025-03-21,SKU108,363,2440.0
SO079SKU109,2025-03-21,SKU109,330,2242.5
SO079SKU110,2025-03-21,SKU110,277,1747.5
SO079SKU111,2025-03-21,SKU111,417,1343.75
SO079SKU112,2025-03-21,SKU112,268,1787.5
SO079SKU113,2025-03-21,SKU113,290,2497.5
SO079SKU114,2025-03-21,SKU114,354,1300.0
SO079SKU115,2025-03-21,SKU115,279,866.25
SO079SKU116,2025-03-21,SKU116,185,491.25
SO079SKU117,2025-03-21,SKU117,323,2353.75
SO079SKU118,2025-03-21,SKU118,238,578.75
SO079SKU119,2025-03-21,SKU119,430,632.5
SO079SKU120,2025-03-21,SKU120,153,1086.25
SO079SKU121,2025-03-21,SKU121,493,2001.25
SO079SKU122,2025-03-21,SKU122,371,791.25
SO079SKU123,2025-03-21,SKU123,374,1283.75
SO079SKU124,2025-03-21,SKU124,410,2090.0
SO079SKU125,2025-03-21,SKU125,438,2171.25
SO079SKU126,2025-03-21,SKU126,393,1933.75
SO079SKU127,2025-03-21,SKU127,207,1741.25
SO079SKU128,2025-03-21,SKU128,301,792.5
SO079SKU129,2025-03-21,SKU129,437,1346.25
SO080SKU100,2025-03-22,SKU100,466,2161.25
SO080SKU101,2025-03-22,SKU101,310,1245.0
SO080SKU102,2025-03-22,SKU102,102,772.5
SO080SKU103,2025-03-22,SKU103,435,2328.75
SO080SKU104,2025-03-22,SKU104,255,636.25
SO080SKU105,2025-03-22,SKU105,99,1347.5
SO080SKU106,2025-03-22,SKU106,149,1293.75
SO080SKU107,2025-03-22,SKU107,328,1920.0
SO080SKU108,2025-03-22,SKU108,416,2440.0
SO080SKU109,2025-03-22,SKU109,321,2242.5
SO080SKU110,2025-03-22,SKU110,89,1747.5
SO080SKU111,2025-03-22,SKU111,143,1343.75
SO080SKU112,2025-03-22,SKU112,119,1787.5
SO080SKU113,2025-03-22,SKU113,219,2497.5
SO080SKU114,2025-03-22,SKU114,190,1300.0
SO080SKU115,2025-03-22,SKU115,190,866.25
SO080SKU116,2025-03-22,SKU116,405,491.25
SO080SKU117,2025-03-22,SKU117,446,2353.75
SO080SKU118,2025-03-22,SKU118,433,578.75
SO080SKU119,2025-03-22,SKU119,82,632.5
SO080SKU120,2025-03-22,SKU120,183,1086.25
SO080SKU121,2025-03-22,SKU121,202,2001.25
SO080SKU122,2025-03-22,SKU122,94,791.25
SO080SKU123,2025-03-22,SKU123,178,1283.75
SO080SKU124,2025-03-22,SKU124,129,2090.0
SO080SKU125,2025-03-22,SKU125,450,2171.25
SO080SKU126,2025-03-22,SKU126,135,1933.75
SO080SKU127,2025-03-22,SKU127,400,1741.25
SO080SKU128,2025-03-22,SKU128,357,792.5
SO080SKU129,2025-03-22,SKU129,198,1346.25
SO081SKU100,2025-03-23,SKU100,191,2161.25
SO081SKU101,2025-03-23,SKU101,132,1245.0
SO081SKU102,2025-03-23,SKU102,208,772.5
SO081SKU103,2025-03-23,SKU103,403,2328.75
SO081SKU104,2025-03-23,SKU104,474,636.25
SO081SKU105,2025-03-23,SKU105,405,1347.5
SO081SKU106,2025-03-23,SKU106,421,1293.75
SO081SKU107,2025-03-23,SKU107,391,1920.0
SO081SKU108,2025-03-23,SKU108,341,2440.0
SO081SKU109,2025-03-23,SKU109,380,2242.5
SO081SKU110,2025-03-23,SKU110,90,1747.5
SO081SKU111,2025-03-23,SKU111,201,1343.75
SO081SKU112,2025-03-23,SKU112,120,1787.5
SO081SKU113,2025-03-23,SKU113,231,2497.5
SO081SKU114,2025-03-23,SKU114,408,1300.0
SO081SKU115,2025-03-23,SKU115,307,866.25
SO081SKU116,2025-03-23,SKU116,222,491.25
SO081SKU117,2025-03-23,SKU117,485,2353.75
SO081SKU118,2025-03-23,SKU118,227,578.75
SO081SKU119,2025-03-23,SKU119,455,632.5
SO081SKU120,2025-03-23,SKU120,356,1086.25
SO081SKU121,2025-03-23,SKU121,490,2001.25
SO081SKU122,2025-03-23,SKU122,391,791.25
SO081SKU123,2025-03-23,SKU123,173,1283.75
SO081SKU124,2025-03-23,SKU124,331,2090.0
SO081SKU125,2025-03-23,SKU125,404,2171.25
SO081SKU126,2025-03-23,SKU126,126,1933.75
SO081SKU127,2025-03-23,SKU127,487,1741.25
SO081SKU128,2025-03-23,SKU128,120,792.5
SO081SKU129,2025-03-23,SKU129,164,1346.25
SO082SKU100,2025-03-24,SKU100,305,2161.25
SO082SKU101,2025-03-24,SKU101,301,1245.0
SO082SKU102,2025-03-24,SKU102,470,772.5
SO082SKU103,2025-03-24,SKU103,233,2328.75
SO082SKU104,2025-03-24,SKU104,452,636.25
SO082SKU105,2025-03-24,SKU105,236,1347.5
SO082SKU106,2025-03-24,SKU106,390,1293.75
SO082SKU107,2025-03-24,SKU107,446,1920.0
SO082SKU108,2025-03-24,SKU108,177,2440.0
SO082SKU109,2025-03-24,SKU109,451,2242.5
SO082SKU110,2025-03-24,SKU110,292,1747.5
SO082SKU111,2025-03-24,SKU111,276,1343.75
SO082SKU112,2025-03-24,SKU112,116,1787.5
SO082SKU113,2025-03-24,SKU113,143,2497.5
SO082SKU114,2025-03-24,SKU114,179,1300.0
SO082SKU115,2025-03-24,SKU115,464,866.25
SO082SKU116,2025-03-24,SKU116,330,491.25
SO082SKU117,2025-03-24,SKU117,109,2353.75
SO082SKU118,2025-03-24,SKU118,206,578.75
SO082SKU119,2025-03-24,SKU119,496,632.5
SO082SKU120,2025-03-24,SKU120,94,1086.25
SO082SKU121,2025-03-24,SKU121,213,2001.25
SO082SKU122,2025-03-24,SKU122,210,791.25
SO082SKU123,2025-03-24,SKU123,419,1283.75
SO082SKU124,2025-03-24,SKU124,474,2090.0
SO082SKU125,2025-03-24,SKU125,276,2171.25
SO082SKU126,2025-03-24,SKU126,121,1933.75
SO082SKU127,2025-03-24,SKU127,296,1741.25
SO082SKU128,2025-03-24,SKU128,434,792.5
SO082SKU129,2025-03-24,SKU129,275,1346.25
SO083SKU100,2025-03-25,SKU100,80,2161.25
SO083SKU101,2025-03-25,SKU101,348,1245.0
SO083SKU102,2025-03-25,SKU102,300,772.5
SO083SKU103,2025-03-25,SKU103,440,2328.75
SO083SKU104,2025-03-25,SKU104,337,636.25
SO083SKU105,2025-03-25,SKU105,496,1347.5
SO083SKU106,2025-03-25,SKU106,463,1293.75
SO083SKU107,2025-03-25,SKU107,289,1920.0
SO083SKU108,2025-03-25,SKU108,405,2440.0
SO083SKU109,2025-03-25,SKU109,273,2242.5
SO083SKU110,2025-03-25,SKU110,95,1747.5
SO083SKU111,2025-03-25,SKU111,424,1343.75
SO083SKU112,2025-03-25,SKU112,216,1787.5
SO083SKU113,2025-03-25,SKU113,378,2497.5
SO083SKU114,2025-03-25,SKU114,188,1300.0
SO083SKU115,2025-03-25,SKU115,388,866.25
SO083SKU116,2025-03-25,SKU116,328,491.25
SO083SKU117,2025-03-25,SKU117,299,2353.75
SO083SKU118,2025-03-25,SKU118,255,578.75
SO083SKU119,2025-03-25,SKU119,264,632.5
SO083SKU120,2025-03-25,SKU120,109,1086.25
SO083SKU121,2025-03-25,SKU121,131,2001.25
SO083SKU122,2025-03-25,SKU122,451,791.25
SO083SKU123,2025-03-25,SKU123,388,1283.75
SO083SKU124,2025-03-25,SKU124,438,2090.0
SO083SKU125,2025-03-25,SKU125,311,2171.25
SO083SKU126,2025-03-25,SKU126,323,1933.75
SO083SKU127,2025-03-25,SKU127,81,1741.25
SO083SKU128,2025-03-25,SKU128,404,792.5
SO083SKU129,2025-03-25,SKU129,456,1346.25
SO084SKU100,2025-03-26,SKU100,346,2161.25
SO084SKU101,2025-03-26,SKU101,96,1245.0
SO084SKU102,2025-03-26,SKU102,424,772.5
SO084SKU103,2025-03-26,SKU103,308,2328.75
SO084SKU104,2025-03-26,SKU104,356,636.25
SO084SKU105,2025-03-26,SKU105,465,1347.5
SO084SKU106,2025-03-26,SKU106,134,1293.75
SO084SKU107,2025-03-26,SKU107,162,1920.0
SO084SKU108,2025-03-26,SKU108,276,2440.0
SO084SKU109,2025-03-26,SKU109,211,2242.5
SO084SKU110,2025-03-26,SKU110,420,1747.5
SO084SKU111,2025-03-26,SKU111,451,1343.75
SO084SKU112,2025-03-26,SKU112,194,1787.5
SO084SKU113,2025-03-26,SKU113,409,2497.5
SO084SKU114,2025-03-26,SKU114,456,1300.0
SO084SKU115,2025-03-26,SKU115,481,866.25
SO084SKU116,2025-03-26,SKU116,199,491.25
SO084SKU117,2025-03-26,SKU117,124,2353.75
SO084SKU118,2025-03-26,SKU118,383,578.75
SO084SKU119,2025-03-26,SKU119,139,632.5
SO084SKU120,2025-03-26,SKU120,240,1086.25
SO084SKU121,2025-03-26,SKU121,80,2001.25
SO084SKU122,2025-03-26,SKU122,177,791.25
SO084SKU123,2025-03-26,SKU123,474,1283.75
SO084SKU124,2025-03-26,SKU124,487,2090.0
SO084SKU125,2025-03-26,SKU125,382,2171.25
SO084SKU126,2025-03-26,SKU126,355,1933.75
SO084SKU127,2025-03-26,SKU127,497,1741.25
SO084SKU128,2025-03-26,SKU128,428,792.5
SO084SKU129,2025-03-26,SKU129,154,1346.25
SO085SKU100,2025-03-27,SKU100,158,2161.25
SO085SKU101,2025-03-27,SKU101,455,1245.0
SO085SKU102,2025-03-27,SKU102,456,772.5
SO085SKU103,2025-03-27,SKU103,329,2328.75
SO085SKU104,2025-03-27,SKU104,417,636.25
SO085SKU105,2025-03-27,SKU105,360,1347.5
SO085SKU106,2025-03-27,SKU106,322,1293.75
SO085SKU107,2025-03-27,SKU107,116,1920.0
SO085SKU108,2025-03-27,SKU108,436,2440.0
SO085SKU109,2025-03-27,SKU109,360,2242.5
SO085SKU110,2025-03-27,SKU110,465,1747.5
SO085SKU111,2025-03-27,SKU111,443,1343.75
SO085SKU112,2025-03-27,SKU112,375,1787.5
SO085SKU113,2025-03-27,SKU113,229,2497.5
SO085SKU114,2025-03-27,SKU114,491,1300.0
SO085SKU115,2025-03-27,SKU115,84,866.25
SO085SKU116,2025-03-27,SKU116,427,491.25
SO085SKU117,2025-03-27,SKU117,298,2353.75
SO085SKU118,2025-03-27,SKU118,108,578.75
SO085SKU119,2025-03-27,SKU119,106,632.5
SO085SKU120,2025-03-27,SKU120,253,1086.25
SO085SKU121,2025-03-27,SKU121,449,2001.25
SO085SKU122,2025-03-27,SKU122,203,791.25
SO085SKU123,2025-03-27,SKU123,385,1283.75
SO085SKU124,2025-03-27,SKU124,272,2090.0
SO085SKU125,2025-03-27,SKU125,125,2171.25
SO085SKU126,2025-03-27,SKU126,220,1933.75
SO085SKU127,2025-03-27,SKU127,85,1741.25
SO085SKU128,2025-03-27,SKU128,330,792.5
SO085SKU129,2025-03-27,SKU129,91,1346.25
SO086SKU100,2025-03-28,SKU100,281,2161.25
SO086SKU101,2025-03-28,SKU101,495,1245.0
SO086SKU102,2025-03-28,SKU102,379,772.5
SO086SKU103,2025-03-28,SKU103,465,2328.75
SO086SKU104,2025-03-28,SKU104,140,636.25
SO086SKU105,2025-03-28,SKU105,172,1347.5
SO086SKU106,2025-03-28,SKU106,240,1293.75
SO086SKU107,2025-03-28,SKU107,185,1920.0
SO086SKU108,2025-03-28,SKU108,211,2440.0
SO086SKU109,2025-03-28,SKU109,143,2242.5
SO086SKU110,2025-03-28,SKU110,167,1747.5
SO086SKU111,2025-03-28,SKU111,207,1343.75
SO086SKU112,2025-03-28,SKU112,480,1787.5
SO086SKU113,2025-03-28,SKU113,151,2497.5
SO086SKU114,2025-03-28,SKU114,347,1300.0
SO086SKU115,2025-03-28,SKU115,355,866.25
SO086SKU116,2025-03-28,SKU116,419,491.25
SO086SKU117,2025-03-28,SKU117,176,2353.75
SO086SKU118,2025-03-28,SKU118,388,578.75
SO086SKU119,2025-03-28,SKU119,222,632.5
SO086SKU120,2025-03-28,SKU120,118,1086.25
SO086SKU121,2025-03-28,SKU121,412,2001.25
SO086SKU122,2025-03-28,SKU122,122,791.25
SO086SKU123,2025-03-28,SKU123,435,1283.75
SO086SKU124,2025-03-28,SKU124,402,2090.0
SO086SKU125,2025-03-28,SKU125,410,2171.25
SO086SKU126,2025-03-28,SKU126,416,1933.75
SO086SKU127,2025-03-28,SKU127,163,1741.25
SO086SKU128,2025-03-28,SKU128,483,792.5
SO086SKU129,2025-03-28,SKU129,206,1346.25
SO087SKU100,2025-03-29,SKU100,193,2161.25
SO087SKU101,2025-03-29,SKU101,143,1245.0
SO087SKU102,2025-03-29,SKU102,236,772.5
SO087SKU103,2025-03-29,SKU103,350,2328.75
SO087SKU104,2025-03-29,SKU104,224,636.25
SO087SKU105,2025-03-29,SKU105,104,1347.5
SO087SKU106,2025-03-29,SKU106,256,1293.75
SO087SKU107,2025-03-29,SKU107,352,1920.0
SO087SKU108,2025-03-29,SKU108,383,2440.0
SO087SKU109,2025-03-29,SKU109,342,2242.5
SO087SKU110,2025-03-29,SKU110,153,1747.5
SO087SKU111,2025-03-29,SKU111,107,1343.75
SO087SKU112,2025-03-29,SKU112,442,1787.5
SO087SKU113,2025-03-29,SKU113,294,2497.5
SO087SKU114,2025-03-29,SKU114,261,1300.0
SO087SKU115,2025-03-29,SKU115,221,866.25
SO087SKU116,2025-03-29,SKU116,447,491.25
SO087SKU117,2025-03-29,SKU117,405,2353.75
SO087SKU118,2025-03-29,SKU118,474,578.75
SO087SKU119,2025-03-29,SKU119,120,632.5
SO087SKU120,2025-03-29,SKU120,127,1086.25
SO087SKU121,2025-03-29,SKU121,460,2001.25
SO087SKU122,2025-03-29,SKU122,85,791.25
SO087SKU123,2025-03-29,SKU123,340,1283.75
SO087SKU124,2025-03-29,SKU124,334,2090.0
SO087SKU125,2025-03-29,SKU125,352,2171.25
SO087SKU126,2025-03-29,SKU126,395,1933.75
SO087SKU127,2025-03-29,SKU127,445,1741.25
SO087SKU128,2025-03-29,SKU128,256,792.5
SO087SKU129,2025-03-29,SKU129,350,1346.25
SO088SKU100,2025-03-30,SKU100,167,2161.25
SO088SKU101,2025-03-30,SKU101,427,1245.0
SO088SKU102,2025-03-30,SKU102,472,772.5
SO088SKU103,2025-03-30,SKU103,327,2328.75
SO088SKU104,2025-03-30,SKU104,457,636.25
SO088SKU105,2025-03-30,SKU105,236,1347.5
SO088SKU106,2025-03-30,SKU106,98,1293.75
SO088SKU107,2025-03-30,SKU107,329,1920.0
SO088SKU108,2025-03-30,SKU108,315,2440.0
SO088SKU109,2025-03-30,SKU109,82,2242.5
SO088SKU110,2025-03-30,SKU110,285,1747.5
SO088SKU111,2025-03-30,SKU111,331,1343.75
SO088SKU112,2025-03-30,SKU112,158,1787.5
SO088SKU113,2025-03-30,SKU113,159,2497.5
SO088SKU114,2025-03-30,SKU114,320,1300.0
SO088SKU115,2025-03-30,SKU115,299,866.25
SO088SKU116,2025-03-30,SKU116,217,491.25
SO088SKU117,2025-03-30,SKU117,304,2353.75
SO088SKU118,2025-03-30,SKU118,302,578.75
SO088SKU119,2025-03-30,SKU119,136,632.5
SO088SKU120,2025-03-30,SKU120,282,1086.25
SO088SKU121,2025-03-30,SKU121,96,2001.25
SO088SKU122,2025-03-30,SKU122,325,791.25
SO088SKU123,2025-03-30,SKU123,295,1283.75
SO088SKU124,2025-03-30,SKU124,429,2090.0
SO088SKU125,2025-03-30,SKU125,471,2171.25
SO088SKU126,2025-03-30,SKU126,451,1933.75
SO088SKU127,2025-03-30,SKU127,136,1741.25
SO088SKU128,2025-03-30,SKU128,159,792.5
SO088SKU129,2025-03-30,SKU129,430,1346.25
SO089SKU100,2025-03-31,SKU100,175,2161.25
SO089SKU101,2025-03-31,SKU101,214,1245.0
SO089SKU102,2025-03-31,SKU102,500,772.5
SO089SKU103,2025-03-31,SKU103,480,2328.75
SO089SKU104,2025-03-31,SKU104,337,636.25
SO089SKU105,2025-03-31,SKU105,382,1347.5
SO089SKU106,2025-03-31,SKU106,141,1293.75
SO089SKU107,2025-03-31,SKU107,178,1920.0
SO089SKU108,2025-03-31,SKU108,395,2440.0
SO089SKU109,2025-03-31,SKU109,288,2242.5
SO089SKU110,2025-03-31,SKU110,198,1747.5
SO089SKU111,2025-03-31,SKU111,111,1343.75
SO089SKU112,2025-03-31,SKU112,235,1787.5
SO089SKU113,2025-03-31,SKU113,259,2497.5
SO089SKU114,2025-03-31,SKU114,104,1300.0
SO089SKU115,2025-03-31,SKU115,418,866.25
SO089SKU116,2025-03-31,SKU116,321,491.25
SO089SKU117,2025-03-31,SKU117,300,2353.75
SO089SKU118,2025-03-31,SKU118,251,578.75
SO089SKU119,2025-03-31,SKU119,86,632.5
SO089SKU120,2025-03-31,SKU120,264,1086.25
SO089SKU121,2025-03-31,SKU121,478,2001.25
SO089SKU122,2025-03-31,SKU122,201,791.25
SO089SKU123,2025-03-31,SKU123,276,1283.75
SO089SKU124,2025-03-31,SKU124,402,2090.0
SO089SKU125,2025-03-31,SKU125,380,2171.25
SO089SKU126,2025-03-31,SKU126,177,1933.75
SO089SKU127,2025-03-31,SKU127,130,1741.25
SO089SKU128,2025-03-31,SKU128,255,792.5
SO089SKU129,2025-03-31,SKU129,183,1346.25
SO090SKU100,2025-04-01,SKU100,337,2161.25
SO090SKU101,2025-04-01,SKU101,220,1245.0
SO090SKU102,2025-04-01,SKU102,103,772.5
SO090SKU103,2025-04-01,SKU103,435,2328.75
SO090SKU104,2025-04-01,SKU104,430,636.25
SO090SKU105,2025-04-01,SKU105,164,1347.5
SO090SKU106,2025-04-01,SKU106,367,1293.75
SO090SKU107,2025-04-01,SKU107,219,1920.0
SO090SKU108,2025-04-01,SKU108,372,2440.0
SO090SKU109,2025-04-01,SKU109,484,2242.5
SO090SKU110,2025-04-01,SKU110,448,1747.5
SO090SKU111,2025-04-01,SKU111,192,1343.75
SO090SKU112,2025-04-01,SKU112,140,1787.5
SO090SKU113,2025-04-01,SKU113,201,2497.5
SO090SKU114,2025-04-01,SKU114,222,1300.0
SO090SKU115,2025-04-01,SKU115,484,866.25
SO090SKU116,2025-04-01,SKU116,187,491.25
SO090SKU117,2025-04-01,SKU117,257,2353.75
SO090SKU118,2025-04-01,SKU118,122,578.75
SO090SKU119,2025-04-01,SKU119,449,632.5
SO090SKU120,2025-04-01,SKU120,246,1086.25
SO090SKU121,2025-04-01,SKU121,85,2001.25
SO090SKU122,2025-04-01,SKU122,223,791.25
SO090SKU123,2025-04-01,SKU123,416,1283.75
SO090SKU124,2025-04-01,SKU124,449,2090.0
SO090SKU125,2025-04-01,SKU125,414,2171.25
SO090SKU126,2025-04-01,SKU126,389,1933.75
SO090SKU127,2025-04-01,SKU127,246,1741.25
SO090SKU128,2025-04-01,SKU128,493,792.5
SO090SKU129,2025-04-01,SKU129,308,1346.25
SO091SKU100,2025-04-02,SKU100,90,2161.25
SO091SKU101,2025-04-02,SKU101,281,1245.0
SO091SKU102,2025-04-02,SKU102,153,772.5
SO091SKU103,2025-04-02,SKU103,410,2328.75
SO091SKU104,2025-04-02,SKU104,349,636.25
SO091SKU105,2025-04-02,SKU105,131,1347.5
SO091SKU106,2025-04-02,SKU106,86,1293.75
SO091SKU107,2025-04-02,SKU107,102,1920.0
SO091SKU108,2025-04-02,SKU108,153,2440.0
SO091SKU109,2025-04-02,SKU109,485,2242.5
SO091SKU110,2025-04-02,SKU110,456,1747.5
SO091SKU111,2025-04-02,SKU111,183,1343.75
SO091SKU112,2025-04-02,SKU112,307,1787.5
SO091SKU113,2025-04-02,SKU113,325,2497.5
SO091SKU114,2025-04-02,SKU114,434,1300.0
SO091SKU115,2025-04-02,SKU115,90,866.25
SO091SKU116,2025-04-02,SKU116,231,491.25
SO091SKU117,2025-04-02,SKU117,80,2353.75
SO091SKU118,2025-04-02,SKU118,298,578.75
SO091SKU119,2025-04-02,SKU119,226,632.5
SO091SKU120,2025-04-02,SKU120,431,1086.25
SO091SKU121,2025-04-02,SKU121,166,2001.25
SO091SKU122,2025-04-02,SKU122,224,791.25
SO091SKU123,2025-04-02,SKU123,140,1283.75
SO091SKU124,2025-04-02,SKU124,102,2090.0
SO091SKU125,2025-04-02,SKU125,351,2171.25
SO091SKU126,2025-04-02,SKU126,297,1933.75
SO091SKU127,2025-04-02,SKU127,234,1741.25
SO091SKU128,2025-04-02,SKU128,133,792.5
SO091SKU129,2025-04-02,SKU129,268,1346.25
SO092SKU100,2025-04-03,SKU100,452,2161.25
SO092SKU101,2025-04-03,SKU101,145,1245.0
SO092SKU102,2025-04-03,SKU102,243,772.5
SO092SKU103,2025-04-03,SKU103,291,2328.75
SO092SKU104,2025-04-03,SKU104,150,636.25
SO092SKU105,2025-04-03,SKU105,205,1347.5
SO092SKU106,2025-04-03,SKU106,355,1293.75
SO092SKU107,2025-04-03,SKU107,500,1920.0
SO092SKU108,2025-04-03,SKU108,446,2440.0
SO092SKU109,2025-04-03,SKU109,435,2242.5
SO092SKU110,2025-04-03,SKU110,124,1747.5
SO092SKU111,2025-04-03,SKU111,88,1343.75
SO092SKU112,2025-04-03,SKU112,136,1787.5
SO092SKU113,2025-04-03,SKU113,478,2497.5
SO092SKU114,2025-04-03,SKU114,153,1300.0
SO092SKU115,2025-04-03,SKU115,295,866.25
SO092SKU116,2025-04-03,SKU116,462,491.25
SO092SKU117,2025-04-03,SKU117,153,2353.75
SO092SKU118,2025-04-03,SKU118,297,578.75
SO092SKU119,2025-04-03,SKU119,419,632.5
SO092SKU120,2025-04-03,SKU120,384,1086.25
SO092SKU121,2025-04-03,SKU121,267,2001.25
SO092SKU122,2025-04-03,SKU122,86,791.25
SO092SKU123,2025-04-03,SKU123,471,1283.75
SO092SKU124,2025-04-03,SKU124,463,2090.0
SO092SKU125,2025-04-03,SKU125,290,2171.25
SO092SKU126,2025-04-03,SKU126,410,1933.75
SO092SKU127,2025-04-03,SKU127,159,1741.25
SO092SKU128,2025-04-03,SKU128,389,792.5
SO092SKU129,2025-04-03,SKU129,85,1346.25
SO093SKU100,2025-04-04,SKU100,285,2161.25
SO093SKU101,2025-04-04,SKU101,174,1245.0
SO093SKU102,2025-04-04,SKU102,119,772.5
SO093SKU103,2025-04-04,SKU103,240,2328.75
SO093SKU104,2025-04-04,SKU104,274,636.25
SO093SKU105,2025-04-04,SKU105,297,1347.5
SO093SKU106,2025-04-04,SKU106,119,1293.75
SO093SKU107,2025-04-04,SKU107,202,1920.0
SO093SKU108,2025-04-04,SKU108,113,2440.0
SO093SKU109,2025-04-04,SKU109,238,2242.5
SO093SKU110,2025-04-04,SKU110,96,1747.5
SO093SKU111,2025-04-04,SKU111,369,1343.75
SO093SKU112,2025-04-04,SKU112,104,1787.5
SO093SKU113,2025-04-04,SKU113,262,2497.5
SO093SKU114,2025-04-04,SKU114,179,1300.0
SO093SKU115,2025-04-04,SKU115,262,866.25
SO093SKU116,2025-04-04,SKU116,129,491.25
SO093SKU117,2025-04-04,SKU117,131,2353.75
SO093SKU118,2025-04-04,SKU118,380,578.75
SO093SKU119,2025-04-04,SKU119,99,632.5
SO093SKU120,2025-04-04,SKU120,317,1086.25
SO093SKU121,2025-04-04,SKU121,447,2001.25
SO093SKU122,2025-04-04,SKU122,428,791.25
SO093SKU123,2025-04-04,SKU123,336,1283.75
SO093SKU124,2025-04-04,SKU124,413,2090.0
SO093SKU125,2025-04-04,SKU125,482,2171.25
SO093SKU126,2025-04-04,SKU126,399,1933.75
SO093SKU127,2025-04-04,SKU127,444,1741.25
SO093SKU128,2025-04-04,SKU128,186,792.5
SO093SKU129,2025-04-04,SKU129,158,1346.25
SO094SKU100,2025-04-05,SKU100,260,2161.25
SO094SKU101,2025-04-05,SKU101,475,1245.0
SO094SKU102,2025-04-05,SKU102,470,772.5
SO094SKU103,2025-04-05,SKU103,151,2328.75
SO094SKU104,2025-04-05,SKU104,100,636.25
SO094SKU105,2025-04-05,SKU105,289,1347.5
SO094SKU106,2025-04-05,SKU106,305,1293.75
SO094SKU107,2025-04-05,SKU107,240,1920.0
SO094SKU108,2025-04-05,SKU108,339,2440.0
SO094SKU109,2025-04-05,SKU109,397,2242.5
SO094SKU110,2025-04-05,SKU110,484,1747.5
SO094SKU111,2025-04-05,SKU111,159,1343.75
SO094SKU112,2025-04-05,SKU112,161,1787.5
SO094SKU113,2025-04-05,SKU113,278,2497.5
SO094SKU114,2025-04-05,SKU114,258,1300.0
SO094SKU115,2025-04-05,SKU115,498,866.25
SO094SKU116,2025-04-05,SKU116,454,491.25
SO094SKU117,2025-04-05,SKU117,301,2353.75
SO094SKU118,2025-04-05,SKU118,242,578.75
SO094SKU119,2025-04-05,SKU119,188,632.5
SO094SKU120,2025-04-05,SKU120,222,1086.25
SO094SKU121,2025-04-05,SKU121,320,2001.25
SO094SKU122,2025-04-05,SKU122,370,791.25
SO094SKU123,2025-04-05,SKU123,274,1283.75
SO094SKU124,2025-04-05,SKU124,300,2090.0
SO094SKU125,2025-04-05,SKU125,188,2171.25
SO094SKU126,2025-04-05,SKU126,218,1933.75
SO094SKU127,2025-04-05,SKU127,152,1741.25
SO094SKU128,2025-04-05,SKU128,232,792.5
SO094SKU129,2025-04-05,SKU129,294,1346.25
SO095SKU100,2025-04-06,SKU100,436,2161.25
SO095SKU101,2025-04-06,SKU101,279,1245.0
SO095SKU102,2025-04-06,SKU102,385,772.5
SO095SKU103,2025-04-06,SKU103,376,2328.75
SO095SKU104,2025-04-06,SKU104,455,636.25
SO095SKU105,2025-04-06,SKU105,242,1347.5
SO095SKU106,2025-04-06,SKU106,155,1293.75
SO095SKU107,2025-04-06,SKU107,485,1920.0
SO095SKU108,2025-04-06,SKU108,346,2440.0
SO095SKU109,2025-04-06,SKU109,144,2242.5
SO095SKU110,2025-04-06,SKU110,129,1747.5
SO095SKU111,2025-04-06,SKU111,295,1343.75
SO095SKU112,2025-04-06,SKU112,273,1787.5
SO095SKU113,2025-04-06,SKU113,177,2497.5
SO095SKU114,2025-04-06,SKU114,269,1300.0
SO095SKU115,2025-04-06,SKU115,237,866.25
SO095SKU116,2025-04-06,SKU116,335,491.25
SO095SKU117,2025-04-06,SKU117,290,2353.75
SO095SKU118,2025-04-06,SKU118,347,578.75
SO095SKU119,2025-04-06,SKU119,170,632.5
SO095SKU120,2025-04-06,SKU120,363,1086.25
SO095SKU121,2025-04-06,SKU121,275,2001.25
SO095SKU122,2025-04-06,SKU122,428,791.25
SO095SKU123,2025-04-06,SKU123,397,1283.75
SO095SKU124,2025-04-06,SKU124,492,2090.0
SO095SKU125,2025-04-06,SKU125,88,2171.25
SO095SKU126,2025-04-06,SKU126,334,1933.75
SO095SKU127,2025-04-06,SKU127,358,1741.25
SO095SKU128,2025-04-06,SKU128,377,792.5
SO095SKU129,2025-04-06,SKU129,295,1346.25
SO096SKU100,2025-04-07,SKU100,217,2161.25
SO096SKU101,2025-04-07,SKU101,487,1245.0
SO096SKU102,2025-04-07,SKU102,82,772.5
SO096SKU103,2025-04-07,SKU103,87,2328.75
SO096SKU104,2025-04-07,SKU104,498,636.25
SO096SKU105,2025-04-07,SKU105,242,1347.5
SO096SKU106,2025-04-07,SKU106,203,1293.75
SO096SKU107,2025-04-07,SKU107,395,1920.0
SO096SKU108,2025-04-07,SKU108,375,2440.0
SO096SKU109,2025-04-07,SKU109,452,2242.5
SO096SKU110,2025-04-07,SKU110,161,1747.5
SO096SKU111,2025-04-07,SKU111,490,1343.75
SO096SKU112,2025-04-07,SKU112,375,1787.5
SO096SKU113,2025-04-07,SKU113,213,2497.5
SO096SKU114,2025-04-07,SKU114,245,1300.0
SO096SKU115,2025-04-07,SKU115,303,866.25
SO096SKU116,2025-04-07,SKU116,94,491.25
SO096SKU117,2025-04-07,SKU117,120,2353.75
SO096SKU118,2025-04-07,SKU118,455,578.75
SO096SKU119,2025-04-07,SKU119,403,632.5
SO096SKU120,2025-04-07,SKU120,414,1086.25
SO096SKU121,2025-04-07,SKU121,354,2001.25
SO096SKU122,2025-04-07,SKU122,493,791.25
SO096SKU123,2025-04-07,SKU123,106,1283.75
SO096SKU124,2025-04-07,SKU124,91,2090.0
SO096SKU125,2025-04-07,SKU125,132,2171.25
SO096SKU126,2025-04-07,SKU126,134,1933.75
SO096SKU127,2025-04-07,SKU127,172,1741.25
SO096SKU128,2025-04-07,SKU128,265,792.5
SO096SKU129,2025-04-07,SKU129,131,1346.25
SO097SKU100,2025-04-08,SKU100,417,2161.25
SO097SKU101,2025-04-08,SKU101,96,1245.0
SO097SKU102,2025-04-08,SKU102,327,772.5
SO097SKU103,2025-04-08,SKU103,82,2328.75
SO097SKU104,2025-04-08,SKU104,142,636.25
SO097SKU105,2025-04-08,SKU105,91,1347.5
SO097SKU106,2025-04-08,SKU106,266,1293.75
SO097SKU107,2025-04-08,SKU107,247,1920.0
SO097SKU108,2025-04-08,SKU108,434,2440.0
SO097SKU109,2025-04-08,SKU109,326,2242.5
SO097SKU110,2025-04-08,SKU110,442,1747.5
SO097SKU111,2025-04-08,SKU111,461,1343.75
SO097SKU112,2025-04-08,SKU112,284,1787.5
SO097SKU113,2025-04-08,SKU113,181,2497.5
SO097SKU114,2025-04-08,SKU114,281,1300.0
SO097SKU115,2025-04-08,SKU115,164,866.25
SO097SKU116,2025-04-08,SKU116,301,491.25
SO097SKU117,2025-04-08,SKU117,462,2353.75
SO097SKU118,2025-04-08,SKU118,135,578.75
SO097SKU119,2025-04-08,SKU119,370,632.5
SO097SKU120,2025-04-08,SKU120,112,1086.25
SO097SKU121,2025-04-08,SKU121,209,2001.25
SO097SKU122,2025-04-08,SKU122,410,791.25
SO097SKU123,2025-04-08,SKU123,283,1283.75
SO097SKU124,2025-04-08,SKU124,245,2090.0
SO097SKU125,2025-04-08,SKU125,205,2171.25
SO097SKU126,2025-04-08,SKU126,270,1933.75
SO097SKU127,2025-04-08,SKU127,84,1741.25
SO097SKU128,2025-04-08,SKU128,248,792.5
SO097SKU129,2025-04-08,SKU129,244,1346.25
SO098SKU100,2025-04-09,SKU100,181,2161.25
SO098SKU101,2025-04-09,SKU101,103,1245.0
SO098SKU102,2025-04-09,SKU102,143,772.5
SO098SKU103,2025-04-09,SKU103,382,2328.75
SO098SKU104,2025-04-09,SKU104,225,636.25
SO098SKU105,2025-04-09,SKU105,316,1347.5
SO098SKU106,2025-04-09,SKU106,353,1293.75
SO098SKU107,2025-04-09,SKU107,410,1920.0
SO098SKU108,2025-04-09,SKU108,490,2440.0
SO098SKU109,2025-04-09,SKU109,242,2242.5
SO098SKU110,2025-04-09,SKU110,364,1747.5
SO098SKU111,2025-04-09,SKU111,104,1343.75
SO098SKU112,2025-04-09,SKU112,332,1787.5
SO098SKU113,2025-04-09,SKU113,271,2497.5
SO098SKU114,2025-04-09,SKU114,194,1300.0
SO098SKU115,2025-04-09,SKU115,133,866.25
SO098SKU116,2025-04-09,SKU116,303,491.25
SO098SKU117,2025-04-09,SKU117,450,2353.75
SO098SKU118,2025-04-09,SKU118,355,578.75
SO098SKU119,2025-04-09,SKU119,106,632.5
SO098SKU120,2025-04-09,SKU120,104,1086.25
SO098SKU121,2025-04-09,SKU121,248,2001.25
SO098SKU122,2025-04-09,SKU122,437,791.25
SO098SKU123,2025-04-09,SKU123,315,1283.75
SO098SKU124,2025-04-09,SKU124,155,2090.0
SO098SKU125,2025-04-09,SKU125,308,2171.25
SO098SKU126,2025-04-09,SKU126,203,1933.75
SO098SKU127,2025-04-09,SKU127,223,1741.25
SO098SKU128,2025-04-09,SKU128,195,792.5
SO098SKU129,2025-04-09,SKU129,122,1346.25
SO099SKU100,2025-04-10,SKU100,186,2161.25
SO099SKU101,2025-04-10,SKU101,240,1245.0
SO099SKU102,2025-04-10,SKU102,312,772.5
SO099SKU103,2025-04-10,SKU103,146,2328.75
SO099SKU104,2025-04-10,SKU104,311,636.25
SO099SKU105,2025-04-10,SKU105,479,1347.5
SO099SKU106,2025-04-10,SKU106,296,1293.75
SO099SKU107,2025-04-10,SKU107,375,1920.0
SO099SKU108,2025-04-10,SKU108,134,2440.0
SO099SKU109,2025-04-10,SKU109,315,2242.5
SO099SKU110,2025-04-10,SKU110,418,1747.5
SO099SKU111,2025-04-10,SKU111,140,1343.75
SO099SKU112,2025-04-10,SKU112,300,1787.5
SO099SKU113,2025-04-10,SKU113,300,2497.5
SO099SKU114,2025-04-10,SKU114,219,1300.0
SO099SKU115,2025-04-10,SKU115,275,866.25
SO099SKU116,2025-04-10,SKU116,230,491.25
SO099SKU117,2025-04-10,SKU117,221,2353.75
SO099SKU118,2025-04-10,SKU118,301,578.75
SO099SKU119,2025-04-10,SKU119,207,632.5
SO099SKU120,2025-04-10,SKU120,107,1086.25
SO099SKU121,2025-04-10,SKU121,202,2001.25
SO099SKU122,2025-04-10,SKU122,195,791.25
SO099SKU123,2025-04-10,SKU123,287,1283.75
SO099SKU124,2025-04-10,SKU124,455,2090.0
SO099SKU125,2025-04-10,SKU125,333,2171.25
SO099SKU126,2025-04-10,SKU126,406,1933.75
SO099SKU127,2025-04-10,SKU127,455,1741.25
SO099SKU128,2025-04-10,SKU128,438,792.5
SO099SKU129,2025-04-10,SKU129,432,1346.25
SO100SKU100,2025-04-11,SKU100,167,2161.25
SO100SKU101,2025-04-11,SKU101,260,1245.0
SO100SKU102,2025-04-11,SKU102,330,772.5
SO100SKU103,2025-04-11,SKU103,103,2328.75
SO100SKU104,2025-04-11,SKU104,228,636.25
SO100SKU105,2025-04-11,SKU105,165,1347.5
SO100SKU106,2025-04-11,SKU106,235,1293.75
SO100SKU107,2025-04-11,SKU107,331,1920.0
SO100SKU108,2025-04-11,SKU108,419,2440.0
SO100SKU109,2025-04-11,SKU109,86,2242.5
SO100SKU110,2025-04-11,SKU110,250,1747.5
SO100SKU111,2025-04-11,SKU111,385,1343.75
SO100SKU112,2025-04-11,SKU112,345,1787.5
SO100SKU113,2025-04-11,SKU113,290,2497.5
SO100SKU114,2025-04-11,SKU114,262,1300.0
SO100SKU115,2025-04-11,SKU115,459,866.25
SO100SKU116,2025-04-11,SKU116,185,491.25
SO100SKU117,2025-04-11,SKU117,273,2353.75
SO100SKU118,2025-04-11,SKU118,400,578.75
SO100SKU119,2025-04-11,SKU119,349,632.5
SO100SKU120,2025-04-11,SKU120,249,1086.25
SO100SKU121,2025-04-11,SKU121,221,2001.25
SO100SKU122,2025-04-11,SKU122,346,791.25
SO100SKU123,2025-04-11,SKU123,301,1283.75
SO100SKU124,2025-04-11,SKU124,485,2090.0
SO100SKU125,2025-04-11,SKU125,335,2171.25
SO100SKU126,2025-04-11,SKU126,428,1933.75
SO100SKU127,2025-04-11,SKU127,365,1741.25
SO100SKU128,2025-04-11,SKU128,227,792.5
SO100SKU129,2025-04-11,SKU129,312,1346.25
SO101SKU100,2025-04-12,SKU100,482,2161.25
SO101SKU101,2025-04-12,SKU101,367,1245.0
SO101SKU102,2025-04-12,SKU102,218,772.5
SO101SKU103,2025-04-12,SKU103,301,2328.75
SO101SKU104,2025-04-12,SKU104,192,636.25
SO101SKU105,2025-04-12,SKU105,495,1347.5
SO101SKU106,2025-04-12,SKU106,284,1293.75
SO101SKU107,2025-04-12,SKU107,213,1920.0
SO101SKU108,2025-04-12,SKU108,168,2440.0
SO101SKU109,2025-04-12,SKU109,245,2242.5
SO101SKU110,2025-04-12,SKU110,473,1747.5
SO101SKU111,2025-04-12,SKU111,363,1343.75
SO101SKU112,2025-04-12,SKU112,232,1787.5
SO101SKU113,2025-04-12,SKU113,359,2497.5
SO101SKU114,2025-04-12,SKU114,150,1300.0
SO101SKU115,2025-04-12,SKU115,337,866.25
SO101SKU116,2025-04-12,SKU116,319,491.25
SO101SKU117,2025-04-12,SKU117,290,2353.75
SO101SKU118,2025-04-12,SKU118,472,578.75
SO101SKU119,2025-04-12,SKU119,234,632.5
SO101SKU120,2025-04-12,SKU120,271,1086.25
SO101SKU121,2025-04-12,SKU121,369,2001.25
SO101SKU122,2025-04-12,SKU122,281,791.25
SO101SKU123,2025-04-12,SKU123,316,1283.75
SO101SKU124,2025-04-12,SKU124,107,2090.0
SO101SKU125,2025-04-12,SKU125,412,2171.25
SO101SKU126,2025-04-12,SKU126,500,1933.75
SO101SKU127,2025-04-12,SKU127,249,1741.25
SO101SKU128,2025-04-12,SKU128,379,792.5
SO101SKU129,2025-04-12,SKU129,107,1346.25
SO102SKU100,2025-04-13,SKU100,80,2161.25
SO102SKU101,2025-04-13,SKU101,129,1245.0
SO102SKU102,2025-04-13,SKU102,92,772.5
SO102SKU103,2025-04-13,SKU103,108,2328.75
SO102SKU104,2025-04-13,SKU104,327,636.25
SO102SKU105,2025-04-13,SKU105,359,1347.5
SO102SKU106,2025-04-13,SKU106,304,1293.75
SO102SKU107,2025-04-13,SKU107,301,1920.0
SO102SKU108,2025-04-13,SKU108,152,2440.0
SO102SKU109,2025-04-13,SKU109,167,2242.5
SO102SKU110,2025-04-13,SKU110,182,1747.5
SO102SKU111,2025-04-13,SKU111,421,1343.75
SO102SKU112,2025-04-13,SKU112,268,1787.5
SO102SKU113,2025-04-13,SKU113,437,2497.5
SO102SKU114,2025-04-13,SKU114,496,1300.0
SO102SKU115,2025-04-13,SKU115,314,866.25
SO102SKU116,2025-04-13,SKU116,377,491.25
SO102SKU117,2025-04-13,SKU117,416,2353.75
SO102SKU118,2025-04-13,SKU118,261,578.75
SO102SKU119,2025-04-13,SKU119,450,632.5
SO102SKU120,2025-04-13,SKU120,263,1086.25
SO102SKU121,2025-04-13,SKU121,258,2001.25
SO102SKU122,2025-04-13,SKU122,342,791.25
SO102SKU123,2025-04-13,SKU123,260,1283.75
SO102SKU124,2025-04-13,SKU124,315,2090.0
SO102SKU125,2025-04-13,SKU125,481,2171.25
SO102SKU126,2025-04-13,SKU126,281,1933.75
SO102SKU127,2025-04-13,SKU127,272,1741.25
SO102SKU128,2025-04-13,SKU128,172,792.5
SO102SKU129,2025-04-13,SKU129,417,1346.25
SO103SKU100,2025-04-14,SKU100,475,2161.25
SO103SKU101,2025-04-14,SKU101,201,1245.0
SO103SKU102,2025-04-14,SKU102,276,772.5
SO103SKU103,2025-04-14,SKU103,112,2328.75
SO103SKU104,2025-04-14,SKU104,99,636.25
SO103SKU105,2025-04-14,SKU105,470,1347.5
SO103SKU106,2025-04-14,SKU106,95,1293.75
SO103SKU107,2025-04-14,SKU107,437,1920.0
SO103SKU108,2025-04-14,SKU108,373,2440.0
SO103SKU109,2025-04-14,SKU109,331,2242.5
SO103SKU110,2025-04-14,SKU110,183,1747.5
SO103SKU111,2025-04-14,SKU111,350,1343.75
SO103SKU112,2025-04-14,SKU112,378,1787.5
SO103SKU113,2025-04-14,SKU113,184,2497.5
SO103SKU114,2025-04-14,SKU114,82,1300.0
SO103SKU115,2025-04-14,SKU115,359,866.25
SO103SKU116,2025-04-14,SKU116,429,491.25
SO103SKU117,2025-04-14,SKU117,350,2353.75
SO103SKU118,2025-04-14,SKU118,322,578.75
SO103SKU119,2025-04-14,SKU119,366,632.5
SO103SKU120,2025-04-14,SKU120,298,1086.25
SO103SKU121,2025-04-14,SKU121,120,2001.25
SO103SKU122,2025-04-14,SKU122,131,791.25
SO103SKU123,2025-04-14,SKU123,387,1283.75
SO103SKU124,2025-04-14,SKU124,500,2090.0
SO103SKU125,2025-04-14,SKU125,440,2171.25
SO103SKU126,2025-04-14,SKU126,118,1933.75
SO103SKU127,2025-04-14,SKU127,345,1741.25
SO103SKU128,2025-04-14,SKU128,284,792.5
SO103SKU129,2025-04-14,SKU129,136,1346.25
SO104SKU100,2025-04-15,SKU100,117,2161.25
SO104SKU101,2025-04-15,SKU101,392,1245.0
SO104SKU102,2025-04-15,SKU102,116,772.5
SO104SKU103,2025-04-15,SKU103,393,2328.75
SO104SKU104,2025-04-15,SKU104,146,636.25
SO104SKU105,2025-04-15,SKU105,98,1347.5
SO104SKU106,2025-04-15,SKU106,259,1293.75
SO104SKU107,2025-04-15,SKU107,196,1920.0
SO104SKU108,2025-04-15,SKU108,476,2440.0
SO104SKU109,2025-04-15,SKU109,391,2242.5
SO104SKU110,2025-04-15,SKU110,457,1747.5
SO104SKU111,2025-04-15,SKU111,278,1343.75
SO104SKU112,2025-04-15,SKU112,300,1787.5
SO104SKU113,2025-04-15,SKU113,139,2497.5
SO104SKU114,2025-04-15,SKU114,268,1300.0
SO104SKU115,2025-04-15,SKU115,109,866.25
SO104SKU116,2025-04-15,SKU116,85,491.25
SO104SKU117,2025-04-15,SKU117,493,2353.75
SO104SKU118,2025-04-15,SKU118,490,578.75
SO104SKU119,2025-04-15,SKU119,496,632.5
SO104SKU120,2025-04-15,SKU120,304,1086.25
SO104SKU121,2025-04-15,SKU121,259,2001.25
SO104SKU122,2025-04-15,SKU122,146,791.25
SO104SKU123,2025-04-15,SKU123,142,1283.75
SO104SKU124,2025-04-15,SKU124,358,2090.0
SO104SKU125,2025-04-15,SKU125,496,2171.25
SO104SKU126,2025-04-15,SKU126,445,1933.75
SO104SKU127,2025-04-15,SKU127,362,1741.25
SO104SKU128,2025-04-15,SKU128,349,792.5
SO104SKU129,2025-04-15,SKU129,357,1346.25
SO105SKU100,2025-04-16,SKU100,451,2161.25
SO105SKU101,2025-04-16,SKU101,200,1245.0
SO105SKU102,2025-04-16,SKU102,312,772.5
SO105SKU103,2025-04-16,SKU103,97,2328.75
SO105SKU104,2025-04-16,SKU104,233,636.25
SO105SKU105,2025-04-16,SKU105,222,1347.5
SO105SKU106,2025-04-16,SKU106,89,1293.75
SO105SKU107,2025-04-16,SKU107,102,1920.0
SO105SKU108,2025-04-16,SKU108,417,2440.0
SO105SKU109,2025-04-16,SKU109,236,2242.5
SO105SKU110,2025-04-16,SKU110,93,1747.5
SO105SKU111,2025-04-16,SKU111,214,1343.75
SO105SKU112,2025-04-16,SKU112,467,1787.5
SO105SKU113,2025-04-16,SKU113,398,2497.5
SO105SKU114,2025-04-16,SKU114,453,1300.0
SO105SKU115,2025-04-16,SKU115,135,866.25
SO105SKU116,2025-04-16,SKU116,427,491.25
SO105SKU117,2025-04-16,SKU117,297,2353.75
SO105SKU118,2025-04-16,SKU118,345,578.75
SO105SKU119,2025-04-16,SKU119,461,632.5
SO105SKU120,2025-04-16,SKU120,87,1086.25
SO105SKU121,2025-04-16,SKU121,220,2001.25
SO105SKU122,2025-04-16,SKU122,357,791.25
SO105SKU123,2025-04-16,SKU123,99,1283.75
SO105SKU124,2025-04-16,SKU124,417,2090.0
SO105SKU125,2025-04-16,SKU125,475,2171.25
SO105SKU126,2025-04-16,SKU126,371,1933.75
SO105SKU127,2025-04-16,SKU127,171,1741.25
SO105SKU128,2025-04-16,SKU128,84,792.5
SO105SKU129,2025-04-16,SKU129,406,1346.25
SO106SKU100,2025-04-17,SKU100,155,2161.25
SO106SKU101,2025-04-17,SKU101,199,1245.0
SO106SKU102,2025-04-17,SKU102,430,772.5
SO106SKU103,2025-04-17,SKU103,242,2328.75
SO106SKU104,2025-04-17,SKU104,111,636.25
SO106SKU105,2025-04-17,SKU105,88,1347.5
SO106SKU106,2025-04-17,SKU106,447,1293.75
SO106SKU107,2025-04-17,SKU107,135,1920.0
SO106SKU108,2025-04-17,SKU108,341,2440.0
SO106SKU109,2025-04-17,SKU109,372,2242.5
SO106SKU110,2025-04-17,SKU110,116,1747.5
SO106SKU111,2025-04-17,SKU111,92,1343.75
SO106SKU112,2025-04-17,SKU112,288,1787.5
SO106SKU113,2025-04-17,SKU113,230,2497.5
SO106SKU114,2025-04-17,SKU114,102,1300.0
SO106SKU115,2025-04-17,SKU115,382,866.25
SO106SKU116,2025-04-17,SKU116,493,491.25
SO106SKU117,2025-04-17,SKU117,459,2353.75
SO106SKU118,2025-04-17,SKU118,256,578.75
SO106SKU119,2025-04-17,SKU119,378,632.5
SO106SKU120,2025-04-17,SKU120,275,1086.25
SO106SKU121,2025-04-17,SKU121,119,2001.25
SO106SKU122,2025-04-17,SKU122,337,791.25
SO106SKU123,2025-04-17,SKU123,455,1283.75
SO106SKU124,2025-04-17,SKU124,350,2090.0
SO106SKU125,2025-04-17,SKU125,417,2171.25
SO106SKU126,2025-04-17,SKU126,217,1933.75
SO106SKU127,2025-04-17,SKU127,204,1741.25
SO106SKU128,2025-04-17,SKU128,313,792.5
SO106SKU129,2025-04-17,SKU129,203,1346.25
SO107SKU100,2025-04-18,SKU100,477,2161.25
SO107SKU101,2025-04-18,SKU101,420,1245.0
SO107SKU102,2025-04-18,SKU102,226,772.5
SO107SKU103,2025-04-18,SKU103,289,2328.75
SO107SKU104,2025-04-18,SKU104,333,636.25
SO107SKU105,2025-04-18,SKU105,172,1347.5
SO107SKU106,2025-04-18,SKU106,141,1293.75
SO107SKU107,2025-04-18,SKU107,320,1920.0
SO107SKU108,2025-04-18,SKU108,97,2440.0
SO107SKU109,2025-04-18,SKU109,165,2242.5
SO107SKU110,2025-04-18,SKU110,351,1747.5
SO107SKU111,2025-04-18,SKU111,145,1343.75
SO107SKU112,2025-04-18,SKU112,444,1787.5
SO107SKU113,2025-04-18,SKU113,252,2497.5
SO107SKU114,2025-04-18,SKU114,449,1300.0
SO107SKU115,2025-04-18,SKU115,261,866.25
SO107SKU116,2025-04-18,SKU116,310,491.25
SO107SKU117,2025-04-18,SKU117,467,2353.75
SO107SKU118,2025-04-18,SKU118,173,578.75
SO107SKU119,2025-04-18,SKU119,499,632.5
SO107SKU120,2025-04-18,SKU120,83,1086.25
SO107SKU121,2025-04-18,SKU121,412,2001.25
SO107SKU122,2025-04-18,SKU122,170,791.25
SO107SKU123,2025-04-18,SKU123,475,1283.75
SO107SKU124,2025-04-18,SKU124,254,2090.0
SO107SKU125,2025-04-18,SKU125,348,2171.25
SO107SKU126,2025-04-18,SKU126,245,1933.75
SO107SKU127,2025-04-18,SKU127,101,1741.25
SO107SKU128,2025-04-18,SKU128,454,792.5
SO107SKU129,2025-04-18,SKU129,374,1346.25
SO108SKU100,2025-04-19,SKU100,421,2161.25
SO108SKU101,2025-04-19,SKU101,362,1245.0
SO108SKU102,2025-04-19,SKU102,386,772.5
SO108SKU103,2025-04-19,SKU103,489,2328.75
SO108SKU104,2025-04-19,SKU104,93,636.25
SO108SKU105,2025-04-19,SKU105,372,1347.5
SO108SKU106,2025-04-19,SKU106,144,1293.75
SO108SKU107,2025-04-19,SKU107,136,1920.0
SO108SKU108,2025-04-19,SKU108,301,2440.0
SO108SKU109,2025-04-19,SKU109,150,2242.5
SO108SKU110,2025-04-19,SKU110,139,1747.5
SO108SKU111,2025-04-19,SKU111,486,1343.75
SO108SKU112,2025-04-19,SKU112,160,1787.5
SO108SKU113,2025-04-19,SKU113,402,2497.5
SO108SKU114,2025-04-19,SKU114,117,1300.0
SO108SKU115,2025-04-19,SKU115,99,866.25
SO108SKU116,2025-04-19,SKU116,346,491.25
SO108SKU117,2025-04-19,SKU117,400,2353.75
SO108SKU118,2025-04-19,SKU118,84,578.75
SO108SKU119,2025-04-19,SKU119,192,632.5
SO108SKU120,2025-04-19,SKU120,157,1086.25
SO108SKU121,2025-04-19,SKU121,334,2001.25
SO108SKU122,2025-04-19,SKU122,125,791.25
SO108SKU123,2025-04-19,SKU123,189,1283.75
SO108SKU124,2025-04-19,SKU124,365,2090.0
SO108SKU125,2025-04-19,SKU125,99,2171.25
SO108SKU126,2025-04-19,SKU126,274,1933.75
SO108SKU127,2025-04-19,SKU127,258,1741.25
SO108SKU128,2025-04-19,SKU128,233,792.5
SO108SKU129,2025-04-19,SKU129,328,1346.25
SO109SKU100,2025-04-20,SKU100,139,2161.25
SO109SKU101,2025-04-20,SKU101,138,1245.0
SO109SKU102,2025-04-20,SKU102,145,772.5
SO109SKU103,2025-04-20,SKU103,492,2328.75
SO109SKU104,2025-04-20,SKU104,431,636.25
SO109SKU105,2025-04-20,SKU105,339,1347.5
SO109SKU106,2025-04-20,SKU106,367,1293.75
SO109SKU107,2025-04-20,SKU107,242,1920.0
SO109SKU108,2025-04-20,SKU108,284,2440.0
SO109SKU109,2025-04-20,SKU109,328,2242.5
SO109SKU110,2025-04-20,SKU110,499,1747.5
SO109SKU111,2025-04-20,SKU111,193,1343.75
SO109SKU112,2025-04-20,SKU112,185,1787.5
SO109SKU113,2025-04-20,SKU113,394,2497.5
SO109SKU114,2025-04-20,SKU114,356,1300.0
SO109SKU115,2025-04-20,SKU115,490,866.25
SO109SKU116,2025-04-20,SKU116,260,491.25
SO109SKU117,2025-04-20,SKU117,415,2353.75
SO109SKU118,2025-04-20,SKU118,354,578.75
SO109SKU119,2025-04-20,SKU119,354,632.5
SO109SKU120,2025-04-20,SKU120,228,1086.25
SO109SKU121,2025-04-20,SKU121,291,2001.25
SO109SKU122,2025-04-20,SKU122,86,791.25
SO109SKU123,2025-04-20,SKU123,349,1283.75
SO109SKU124,2025-04-20,SKU124,328,2090.0
SO109SKU125,2025-04-20,SKU125,92,2171.25
SO109SKU126,2025-04-20,SKU126,97,1933.75
SO109SKU127,2025-04-20,SKU127,481,1741.25
SO109SKU128,2025-04-20,SKU128,498,792.5
SO109SKU129,2025-04-20,SKU129,123,1346.25
SO110SKU100,2025-04-21,SKU100,234,2161.25
SO110SKU101,2025-04-21,SKU101,215,1245.0
SO110SKU102,2025-04-21,SKU102,272,772.5
SO110SKU103,2025-04-21,SKU103,288,2328.75
SO110SKU104,2025-04-21,SKU104,439,636.25
SO110SKU105,2025-04-21,SKU105,88,1347.5
SO110SKU106,2025-04-21,SKU106,270,1293.75
SO110SKU107,2025-04-21,SKU107,311,1920.0
SO110SKU108,2025-04-21,SKU108,474,2440.0
SO110SKU109,2025-04-21,SKU109,368,2242.5
SO110SKU110,2025-04-21,SKU110,153,1747.5
SO110SKU111,2025-04-21,SKU111,367,1343.75
SO110SKU112,2025-04-21,SKU112,207,1787.5
SO110SKU113,2025-04-21,SKU113,322,2497.5
SO110SKU114,2025-04-21,SKU114,199,1300.0
SO110SKU115,2025-04-21,SKU115,290,866.25
SO110SKU116,2025-04-21,SKU116,157,491.25
SO110SKU117,2025-04-21,SKU117,386,2353.75
SO110SKU118,2025-04-21,SKU118,433,578.75
SO110SKU119,2025-04-21,SKU119,330,632.5
SO110SKU120,2025-04-21,SKU120,200,1086.25
SO110SKU121,2025-04-21,SKU121,343,2001.25
SO110SKU122,2025-04-21,SKU122,121,791.25
SO110SKU123,2025-04-21,SKU123,119,1283.75
SO110SKU124,2025-04-21,SKU124,346,2090.0
SO110SKU125,2025-04-21,SKU125,304,2171.25
SO110SKU126,2025-04-21,SKU126,297,1933.75
SO110SKU127,2025-04-21,SKU127,348,1741.25
SO110SKU128,2025-04-21,SKU128,360,792.5
SO110SKU129,2025-04-21,SKU129,140,1346.25
SO111SKU100,2025-04-22,SKU100,321,2161.25
SO111SKU101,2025-04-22,SKU101,462,1245.0
SO111SKU102,2025-04-22,SKU102,348,772.5
SO111SKU103,2025-04-22,SKU103,242,2328.75
SO111SKU104,2025-04-22,SKU104,114,636.25
SO111SKU105,2025-04-22,SKU105,439,1347.5
SO111SKU106,2025-04-22,SKU106,355,1293.75
SO111SKU107,2025-04-22,SKU107,399,1920.0
SO111SKU108,2025-04-22,SKU108,259,2440.0
SO111SKU109,2025-04-22,SKU109,401,2242.5
SO111SKU110,2025-04-22,SKU110,225,1747.5
SO111SKU111,2025-04-22,SKU111,453,1343.75
SO111SKU112,2025-04-22,SKU112,286,1787.5
SO111SKU113,2025-04-22,SKU113,408,2497.5
SO111SKU114,2025-04-22,SKU114,158,1300.0
SO111SKU115,2025-04-22,SKU115,171,866.25
SO111SKU116,2025-04-22,SKU116,488,491.25
SO111SKU117,2025-04-22,SKU117,276,2353.75
SO111SKU118,2025-04-22,SKU118,221,578.75
SO111SKU119,2025-04-22,SKU119,395,632.5
SO111SKU120,2025-04-22,SKU120,166,1086.25
SO111SKU121,2025-04-22,SKU121,126,2001.25
SO111SKU122,2025-04-22,SKU122,153,791.25
SO111SKU123,2025-04-22,SKU123,119,1283.75
SO111SKU124,2025-04-22,SKU124,341,2090.0
SO111SKU125,2025-04-22,SKU125,321,2171.25
SO111SKU126,2025-04-22,SKU126,140,1933.75
SO111SKU127,2025-04-22,SKU127,476,1741.25
SO111SKU128,2025-04-22,SKU128,239,792.5
SO111SKU129,2025-04-22,SKU129,120,1346.25
SO112SKU100,2025-04-23,SKU100,171,2161.25
SO112SKU101,2025-04-23,SKU101,318,1245.0
SO112SKU102,2025-04-23,SKU102,297,772.5
SO112SKU103,2025-04-23,SKU103,177,2328.75
SO112SKU104,2025-04-23,SKU104,462,636.25
SO112SKU105,2025-04-23,SKU105,264,1347.5
SO112SKU106,2025-04-23,SKU106,238,1293.75
SO112SKU107,2025-04-23,SKU107,209,1920.0
SO112SKU108,2025-04-23,SKU108,219,2440.0
SO112SKU109,2025-04-23,SKU109,325,2242.5
SO112SKU110,2025-04-23,SKU110,209,1747.5
SO112SKU111,2025-04-23,SKU111,95,1343.75
SO112SKU112,2025-04-23,SKU112,403,1787.5
SO112SKU113,2025-04-23,SKU113,463,2497.5
SO112SKU114,2025-04-23,SKU114,133,1300.0
SO112SKU115,2025-04-23,SKU115,445,866.25
SO112SKU116,2025-04-23,SKU116,147,491.25
SO112SKU117,2025-04-23,SKU117,307,2353.75
SO112SKU118,2025-04-23,SKU118,129,578.75
SO112SKU119,2025-04-23,SKU119,179,632.5
SO112SKU120,2025-04-23,SKU120,250,1086.25
SO112SKU121,2025-04-23,SKU121,443,2001.25
SO112SKU122,2025-04-23,SKU122,267,791.25
SO112SKU123,2025-04-23,SKU123,293,1283.75
SO112SKU124,2025-04-23,SKU124,113,2090.0
SO112SKU125,2025-04-23,SKU125,453,2171.25
SO112SKU126,2025-04-23,SKU126,102,1933.75
SO112SKU127,2025-04-23,SKU127,338,1741.25
SO112SKU128,2025-04-23,SKU128,81,792.5
SO112SKU129,2025-04-23,SKU129,140,1346.25
SO113SKU100,2025-04-24,SKU100,483,2161.25
SO113SKU101,2025-04-24,SKU101,315,1245.0
SO113SKU102,2025-04-24,SKU102,206,772.5
SO113SKU103,2025-04-24,SKU103,177,2328.75
SO113SKU104,2025-04-24,SKU104,238,636.25
SO113SKU105,2025-04-24,SKU105,171,1347.5
SO113SKU106,2025-04-24,SKU106,291,1293.75
SO113SKU107,2025-04-24,SKU107,182,1920.0
SO113SKU108,2025-04-24,SKU108,437,2440.0
SO113SKU109,2025-04-24,SKU109,261,2242.5
SO113SKU110,2025-04-24,SKU110,408,1747.5
SO113SKU111,2025-04-24,SKU111,167,1343.75
SO113SKU112,2025-04-24,SKU112,159,1787.5
SO113SKU113,2025-04-24,SKU113,302,2497.5
SO113SKU114,2025-04-24,SKU114,227,1300.0
SO113SKU115,2025-04-24,SKU115,362,866.25
SO113SKU116,2025-04-24,SKU116,342,491.25
SO113SKU117,2025-04-24,SKU117,319,2353.75
SO113SKU118,2025-04-24,SKU118,417,578.75
SO113SKU119,2025-04-24,SKU119,319,632.5
SO113SKU120,2025-04-24,SKU120,273,1086.25
SO113SKU121,2025-04-24,SKU121,439,2001.25
SO113SKU122,2025-04-24,SKU122,84,791.25
SO113SKU123,2025-04-24,SKU123,252,1283.75
SO113SKU124,2025-04-24,SKU124,263,2090.0
SO113SKU125,2025-04-24,SKU125,175,2171.25
SO113SKU126,2025-04-24,SKU126,395,1933.75
SO113SKU127,2025-04-24,SKU127,302,1741.25
SO113SKU128,2025-04-24,SKU128,204,792.5
SO113SKU129,2025-04-24,SKU129,252,1346.25
SO114SKU100,2025-04-25,SKU100,385,2161.25
SO114SKU101,2025-04-25,SKU101,370,1245.0
SO114SKU102,2025-04-25,SKU102,250,772.5
SO114SKU103,2025-04-25,SKU103,238,2328.75
SO114SKU104,2025-04-25,SKU104,257,636.25
SO114SKU105,2025-04-25,SKU105,80,1347.5
SO114SKU106,2025-04-25,SKU106,168,1293.75
SO114SKU107,2025-04-25,SKU107,200,1920.0
SO114SKU108,2025-04-25,SKU108,450,2440.0
SO114SKU109,2025-04-25,SKU109,477,2242.5
SO114SKU110,2025-04-25,SKU110,256,1747.5
SO114SKU111,2025-04-25,SKU111,281,1343.75
SO114SKU112,2025-04-25,SKU112,272,1787.5
SO114SKU113,2025-04-25,SKU113,470,2497.5
SO114SKU114,2025-04-25,SKU114,242,1300.0
SO114SKU115,2025-04-25,SKU115,475,866.25
SO114SKU116,2025-04-25,SKU116,425,491.25
SO114SKU117,2025-04-25,SKU117,281,2353.75
SO114SKU118,2025-04-25,SKU118,422,578.75
SO114SKU119,2025-04-25,SKU119,193,632.5
SO114SKU120,2025-04-25,SKU120,200,1086.25
SO114SKU121,2025-04-25,SKU121,80,2001.25
SO114SKU122,2025-04-25,SKU122,119,791.25
SO114SKU123,2025-04-25,SKU123,176,1283.75
SO114SKU124,2025-04-25,SKU124,127,2090.0
SO114SKU125,2025-04-25,SKU125,297,2171.25
SO114SKU126,2025-04-25,SKU126,425,1933.75
SO114SKU127,2025-04-25,SKU127,295,1741.25
SO114SKU128,2025-04-25,SKU128,344,792.5
SO114SKU129,2025-04-25,SKU129,122,1346.25
SO115SKU100,2025-04-26,SKU100,235,2161.25
SO115SKU101,2025-04-26,SKU101,139,1245.0
SO115SKU102,2025-04-26,SKU102,270,772.5
SO115SKU103,2025-04-26,SKU103,353,2328.75
SO115SKU104,2025-04-26,SKU104,171,636.25
SO115SKU105,2025-04-26,SKU105,276,1347.5
SO115SKU106,2025-04-26,SKU106,83,1293.75
SO115SKU107,2025-04-26,SKU107,212,1920.0
SO115SKU108,2025-04-26,SKU108,312,2440.0
SO115SKU109,2025-04-26,SKU109,100,2242.5
SO115SKU110,2025-04-26,SKU110,267,1747.5
SO115SKU111,2025-04-26,SKU111,269,1343.75
SO115SKU112,2025-04-26,SKU112,231,1787.5
SO115SKU113,2025-04-26,SKU113,216,2497.5
SO115SKU114,2025-04-26,SKU114,88,1300.0
SO115SKU115,2025-04-26,SKU115,98,866.25
SO115SKU116,2025-04-26,SKU116,98,491.25
SO115SKU117,2025-04-26,SKU117,169,2353.75
SO115SKU118,2025-04-26,SKU118,452,578.75
SO115SKU119,2025-04-26,SKU119,220,632.5
SO115SKU120,2025-04-26,SKU120,396,1086.25
SO115SKU121,2025-04-26,SKU121,348,2001.25
SO115SKU122,2025-04-26,SKU122,247,791.25
SO115SKU123,2025-04-26,SKU123,450,1283.75
SO115SKU124,2025-04-26,SKU124,342,2090.0
SO115SKU125,2025-04-26,SKU125,406,2171.25
SO115SKU126,2025-04-26,SKU126,91,1933.75
SO115SKU127,2025-04-26,SKU127,449,1741.25
SO115SKU128,2025-04-26,SKU128,301,792.5
SO115SKU129,2025-04-26,SKU129,213,1346.25
SO116SKU100,2025-04-27,SKU100,172,2161.25
SO116SKU101,2025-04-27,SKU101,288,1245.0
SO116SKU102,2025-04-27,SKU102,146,772.5
SO116SKU103,2025-04-27,SKU103,484,2328.75
SO116SKU104,2025-04-27,SKU104,193,636.25
SO116SKU105,2025-04-27,SKU105,193,1347.5
SO116SKU106,2025-04-27,SKU106,444,1293.75
SO116SKU107,2025-04-27,SKU107,295,1920.0
SO116SKU108,2025-04-27,SKU108,279,2440.0
SO116SKU109,2025-04-27,SKU109,255,2242.5
SO116SKU110,2025-04-27,SKU110,307,1747.5
SO116SKU111,2025-04-27,SKU111,187,1343.75
SO116SKU112,2025-04-27,SKU112,279,1787.5
SO116SKU113,2025-04-27,SKU113,372,2497.5
SO116SKU114,2025-04-27,SKU114,367,1300.0
SO116SKU115,2025-04-27,SKU115,462,866.25
SO116SKU116,2025-04-27,SKU116,229,491.25
SO116SKU117,2025-04-27,SKU117,319,2353.75
SO116SKU118,2025-04-27,SKU118,165,578.75
SO116SKU119,2025-04-27,SKU119,292,632.5
SO116SKU120,2025-04-27,SKU120,225,1086.25
SO116SKU121,2025-04-27,SKU121,272,2001.25
SO116SKU122,2025-04-27,SKU122,390,791.25
SO116SKU123,2025-04-27,SKU123,282,1283.75
SO116SKU124,2025-04-27,SKU124,228,2090.0
SO116SKU125,2025-04-27,SKU125,478,2171.25
SO116SKU126,2025-04-27,SKU126,289,1933.75
SO116SKU127,2025-04-27,SKU127,386,1741.25
SO116SKU128,2025-04-27,SKU128,134,792.5
SO116SKU129,2025-04-27,SKU129,470,1346.25
SO117SKU100,2025-04-28,SKU100,415,2161.25
SO117SKU101,2025-04-28,SKU101,377,1245.0
SO117SKU102,2025-04-28,SKU102,176,772.5
SO117SKU103,2025-04-28,SKU103,150,2328.75
SO117SKU104,2025-04-28,SKU104,386,636.25
SO117SKU105,2025-04-28,SKU105,91,1347.5
SO117SKU106,2025-04-28,SKU106,371,1293.75
SO117SKU107,2025-04-28,SKU107,269,1920.0
SO117SKU108,2025-04-28,SKU108,484,2440.0
SO117SKU109,2025-04-28,SKU109,178,2242.5
SO117SKU110,2025-04-28,SKU110,268,1747.5
SO117SKU111,2025-04-28,SKU111,321,1343.75
SO117SKU112,2025-04-28,SKU112,147,1787.5
SO117SKU113,2025-04-28,SKU113,375,2497.5
SO117SKU114,2025-04-28,SKU114,388,1300.0
SO117SKU115,2025-04-28,SKU115,170,866.25
SO117SKU116,2025-04-28,SKU116,136,491.25
SO117SKU117,2025-04-28,SKU117,161,2353.75
SO117SKU118,2025-04-28,SKU118,83,578.75
SO117SKU119,2025-04-28,SKU119,288,632.5
SO117SKU120,2025-04-28,SKU120,277,1086.25
SO117SKU121,2025-04-28,SKU121,446,2001.25
SO117SKU122,2025-04-28,SKU122,390,791.25
SO117SKU123,2025-04-28,SKU123,92,1283.75
SO117SKU124,2025-04-28,SKU124,229,2090.0
SO117SKU125,2025-04-28,SKU125,100,2171.25
SO117SKU126,2025-04-28,SKU126,341,1933.75
SO117SKU127,2025-04-28,SKU127,483,1741.25
SO117SKU128,2025-04-28,SKU128,214,792.5
SO117SKU129,2025-04-28,SKU129,485,1346.25
SO118SKU100,2025-04-29,SKU100,467,2161.25
SO118SKU101,2025-04-29,SKU101,307,1245.0
SO118SKU102,2025-04-29,SKU102,212,772.5
SO118SKU103,2025-04-29,SKU103,469,2328.75
SO118SKU104,2025-04-29,SKU104,93,636.25
SO118SKU105,2025-04-29,SKU105,265,1347.5
SO118SKU106,2025-04-29,SKU106,446,1293.75
SO118SKU107,2025-04-29,SKU107,323,1920.0
SO118SKU108,2025-04-29,SKU108,159,2440.0
SO118SKU109,2025-04-29,SKU109,155,2242.5
SO118SKU110,2025-04-29,SKU110,406,1747.5
SO118SKU111,2025-04-29,SKU111,235,1343.75
SO118SKU112,2025-04-29,SKU112,266,1787.5
SO118SKU113,2025-04-29,SKU113,344,2497.5
SO118SKU114,2025-04-29,SKU114,167,1300.0
SO118SKU115,2025-04-29,SKU115,380,866.25
SO118SKU116,2025-04-29,SKU116,271,491.25
SO118SKU117,2025-04-29,SKU117,166,2353.75
SO118SKU118,2025-04-29,SKU118,327,578.75
SO118SKU119,2025-04-29,SKU119,113,632.5
SO118SKU120,2025-04-29,SKU120,194,1086.25
SO118SKU121,2025-04-29,SKU121,453,2001.25
SO118SKU122,2025-04-29,SKU122,262,791.25
SO118SKU123,2025-04-29,SKU123,406,1283.75
SO118SKU124,2025-04-29,SKU124,499,2090.0
SO118SKU125,2025-04-29,SKU125,196,2171.25
SO118SKU126,2025-04-29,SKU126,96,1933.75
SO118SKU127,2025-04-29,SKU127,248,1741.25
SO118SKU128,2025-04-29,SKU128,353,792.5
SO118SKU129,2025-04-29,SKU129,120,1346.25
SO119SKU100,2025-04-30,SKU100,126,2161.25
SO119SKU101,2025-04-30,SKU101,112,1245.0
SO119SKU102,2025-04-30,SKU102,235,772.5
SO119SKU103,2025-04-30,SKU103,379,2328.75
SO119SKU104,2025-04-30,SKU104,130,636.25
SO119SKU105,2025-04-30,SKU105,484,1347.5
SO119SKU106,2025-04-30,SKU106,139,1293.75
SO119SKU107,2025-04-30,SKU107,131,1920.0
SO119SKU108,2025-04-30,SKU108,329,2440.0
SO119SKU109,2025-04-30,SKU109,300,2242.5
SO119SKU110,2025-04-30,SKU110,306,1747.5
SO119SKU111,2025-04-30,SKU111,492,1343.75
SO119SKU112,2025-04-30,SKU112,208,1787.5
SO119SKU113,2025-04-30,SKU113,332,2497.5
SO119SKU114,2025-04-30,SKU114,327,1300.0
SO119SKU115,2025-04-30,SKU115,215,866.25
SO119SKU116,2025-04-30,SKU116,220,491.25
SO119SKU117,2025-04-30,SKU117,400,2353.75
SO119SKU118,2025-04-30,SKU118,83,578.75
SO119SKU119,2025-04-30,SKU119,333,632.5
SO119SKU120,2025-04-30,SKU120,301,1086.25
SO119SKU121,2025-04-30,SKU121,306,2001.25
SO119SKU122,2025-04-30,SKU122,173,791.25
SO119SKU123,2025-04-30,SKU123,198,1283.75
SO119SKU124,2025-04-30,SKU124,243,2090.0
SO119SKU125,2025-04-30,SKU125,430,2171.25
SO119SKU126,2025-04-30,SKU126,372,1933.75
SO119SKU127,2025-04-30,SKU127,178,1741.25
SO119SKU128,2025-04-30,SKU128,160,792.5
SO119SKU129,2025-04-30,SKU129,344,1346.25
SO120SKU100,2025-05-01,SKU100,310,2161.25
SO120SKU101,2025-05-01,SKU101,470,1245.0
SO120SKU102,2025-05-01,SKU102,289,772.5
SO120SKU103,2025-05-01,SKU103,472,2328.75
SO120SKU104,2025-05-01,SKU104,186,636.25
SO120SKU105,2025-05-01,SKU105,271,1347.5
SO120SKU106,2025-05-01,SKU106,275,1293.75
SO120SKU107,2025-05-01,SKU107,182,1920.0
SO120SKU108,2025-05-01,SKU108,305,2440.0
SO120SKU109,2025-05-01,SKU109,204,2242.5
SO120SKU110,2025-05-01,SKU110,449,1747.5
SO120SKU111,2025-05-01,SKU111,417,1343.75
SO120SKU112,2025-05-01,SKU112,207,1787.5
SO120SKU113,2025-05-01,SKU113,272,2497.5
SO120SKU114,2025-05-01,SKU114,255,1300.0
SO120SKU115,2025-05-01,SKU115,225,866.25
SO120SKU116,2025-05-01,SKU116,463,491.25
SO120SKU117,2025-05-01,SKU117,157,2353.75
SO120SKU118,2025-05-01,SKU118,373,578.75
SO120SKU119,2025-05-01,SKU119,205,632.5
SO120SKU120,2025-05-01,SKU120,418,1086.25
SO120SKU121,2025-05-01,SKU121,229,2001.25
SO120SKU122,2025-05-01,SKU122,474,791.25
SO120SKU123,2025-05-01,SKU123,458,1283.75
SO120SKU124,2025-05-01,SKU124,475,2090.0
SO120SKU125,2025-05-01,SKU125,244,2171.25
SO120SKU126,2025-05-01,SKU126,250,1933.75
SO120SKU127,2025-05-01,SKU127,210,1741.25
SO120SKU128,2025-05-01,SKU128,141,792.5
SO120SKU129,2025-05-01,SKU129,492,1346.25
SO121SKU100,2025-05-02,SKU100,404,2161.25
SO121SKU101,2025-05-02,SKU101,127,1245.0
SO121SKU102,2025-05-02,SKU102,161,772.5
SO121SKU103,2025-05-02,SKU103,319,2328.75
SO121SKU104,2025-05-02,SKU104,117,636.25
SO121SKU105,2025-05-02,SKU105,221,1347.5
SO121SKU106,2025-05-02,SKU106,413,1293.75
SO121SKU107,2025-05-02,SKU107,374,1920.0
SO121SKU108,2025-05-02,SKU108,434,2440.0
SO121SKU109,2025-05-02,SKU109,90,2242.5
SO121SKU110,2025-05-02,SKU110,399,1747.5
SO121SKU111,2025-05-02,SKU111,195,1343.75
SO121SKU112,2025-05-02,SKU112,194,1787.5
SO121SKU113,2025-05-02,SKU113,314,2497.5
SO121SKU114,2025-05-02,SKU114,500,1300.0
SO121SKU115,2025-05-02,SKU115,446,866.25
SO121SKU116,2025-05-02,SKU116,475,491.25
SO121SKU117,2025-05-02,SKU117,131,2353.75
SO121SKU118,2025-05-02,SKU118,100,578.75
SO121SKU119,2025-05-02,SKU119,115,632.5
SO121SKU120,2025-05-02,SKU120,197,1086.25
SO121SKU121,2025-05-02,SKU121,163,2001.25
SO121SKU122,2025-05-02,SKU122,191,791.25
SO121SKU123,2025-05-02,SKU123,305,1283.75
SO121SKU124,2025-05-02,SKU124,307,2090.0
SO121SKU125,2025-05-02,SKU125,274,2171.25
SO121SKU126,2025-05-02,SKU126,181,1933.75
SO121SKU127,2025-05-02,SKU127,497,1741.25
SO121SKU128,2025-05-02,SKU128,376,792.5
SO121SKU129,2025-05-02,SKU129,467,1346.25
SO122SKU100,2025-05-03,SKU100,88,2161.25
SO122SKU101,2025-05-03,SKU101,131,1245.0
SO122SKU102,2025-05-03,SKU102,113,772.5
SO122SKU103,2025-05-03,SKU103,197,2328.75
SO122SKU104,2025-05-03,SKU104,409,636.25
SO122SKU105,2025-05-03,SKU105,220,1347.5
SO122SKU106,2025-05-03,SKU106,152,1293.75
SO122SKU107,2025-05-03,SKU107,84,1920.0
SO122SKU108,2025-05-03,SKU108,435,2440.0
SO122SKU109,2025-05-03,SKU109,385,2242.5
SO122SKU110,2025-05-03,SKU110,230,1747.5
SO122SKU111,2025-05-03,SKU111,160,1343.75
SO122SKU112,2025-05-03,SKU112,345,1787.5
SO122SKU113,2025-05-03,SKU113,494,2497.5
SO122SKU114,2025-05-03,SKU114,136,1300.0
SO122SKU115,2025-05-03,SKU115,184,866.25
SO122SKU116,2025-05-03,SKU116,215,491.25
SO122SKU117,2025-05-03,SKU117,93,2353.75
SO122SKU118,2025-05-03,SKU118,456,578.75
SO122SKU119,2025-05-03,SKU119,356,632.5
SO122SKU120,2025-05-03,SKU120,348,1086.25
SO122SKU121,2025-05-03,SKU121,258,2001.25
SO122SKU122,2025-05-03,SKU122,113,791.25
SO122SKU123,2025-05-03,SKU123,292,1283.75
SO122SKU124,2025-05-03,SKU124,148,2090.0
SO122SKU125,2025-05-03,SKU125,239,2171.25
SO122SKU126,2025-05-03,SKU126,245,1933.75
SO122SKU127,2025-05-03,SKU127,422,1741.25
SO122SKU128,2025-05-03,SKU128,463,792.5
SO122SKU129,2025-05-03,SKU129,144,1346.25
SO123SKU100,2025-05-04,SKU100,248,2161.25
SO123SKU101,2025-05-04,SKU101,382,1245.0
SO123SKU102,2025-05-04,SKU102,216,772.5
SO123SKU103,2025-05-04,SKU103,296,2328.75
SO123SKU104,2025-05-04,SKU104,457,636.25
SO123SKU105,2025-05-04,SKU105,489,1347.5
SO123SKU106,2025-05-04,SKU106,181,1293.75
SO123SKU107,2025-05-04,SKU107,404,1920.0
SO123SKU108,2025-05-04,SKU108,283,2440.0
SO123SKU109,2025-05-04,SKU109,327,2242.5
SO123SKU110,2025-05-04,SKU110,498,1747.5
SO123SKU111,2025-05-04,SKU111,189,1343.75
SO123SKU112,2025-05-04,SKU112,305,1787.5
SO123SKU113,2025-05-04,SKU113,473,2497.5
SO123SKU114,2025-05-04,SKU114,175,1300.0
SO123SKU115,2025-05-04,SKU115,361,866.25
SO123SKU116,2025-05-04,SKU116,255,491.25
SO123SKU117,2025-05-04,SKU117,480,2353.75
SO123SKU118,2025-05-04,SKU118,358,578.75
SO123SKU119,2025-05-04,SKU119,136,632.5
SO123SKU120,2025-05-04,SKU120,144,1086.25
SO123SKU121,2025-05-04,SKU121,303,2001.25
SO123SKU122,2025-05-04,SKU122,338,791.25
SO123SKU123,2025-05-04,SKU123,152,1283.75
SO123SKU124,2025-05-04,SKU124,88,2090.0
SO123SKU125,2025-05-04,SKU125,349,2171.25
SO123SKU126,2025-05-04,SKU126,351,1933.75
SO123SKU127,2025-05-04,SKU127,356,1741.25
SO123SKU128,2025-05-04,SKU128,271,792.5
SO123SKU129,2025-05-04,SKU129,405,1346.25
SO124SKU100,2025-05-05,SKU100,149,2161.25
SO124SKU101,2025-05-05,SKU101,118,1245.0
SO124SKU102,2025-05-05,SKU102,239,772.5
SO124SKU103,2025-05-05,SKU103,384,2328.75
SO124SKU104,2025-05-05,SKU104,290,636.25
SO124SKU105,2025-05-05,SKU105,162,1347.5
SO124SKU106,2025-05-05,SKU106,482,1293.75
SO124SKU107,2025-05-05,SKU107,382,1920.0
SO124SKU108,2025-05-05,SKU108,195,2440.0
SO124SKU109,2025-05-05,SKU109,285,2242.5
SO124SKU110,2025-05-05,SKU110,424,1747.5
SO124SKU111,2025-05-05,SKU111,424,1343.75
SO124SKU112,2025-05-05,SKU112,406,1787.5
SO124SKU113,2025-05-05,SKU113,132,2497.5
SO124SKU114,2025-05-05,SKU114,198,1300.0
SO124SKU115,2025-05-05,SKU115,143,866.25
SO124SKU116,2025-05-05,SKU116,158,491.25
SO124SKU117,2025-05-05,SKU117,219,2353.75
SO124SKU118,2025-05-05,SKU118,210,578.75
SO124SKU119,2025-05-05,SKU119,379,632.5
SO124SKU120,2025-05-05,SKU120,486,1086.25
SO124SKU121,2025-05-05,SKU121,347,2001.25
SO124SKU122,2025-05-05,SKU122,386,791.25
SO124SKU123,2025-05-05,SKU123,420,1283.75
SO124SKU124,2025-05-05,SKU124,295,2090.0
SO124SKU125,2025-05-05,SKU125,474,2171.25
SO124SKU126,2025-05-05,SKU126,221,1933.75
SO124SKU127,2025-05-05,SKU127,248,1741.25
SO124SKU128,2025-05-05,SKU128,122,792.5
SO124SKU129,2025-05-05,SKU129,328,1346.25
SO125SKU100,2025-05-06,SKU100,374,2161.25
SO125SKU101,2025-05-06,SKU101,377,1245.0
SO125SKU102,2025-05-06,SKU102,497,772.5
SO125SKU103,2025-05-06,SKU103,257,2328.75
SO125SKU104,2025-05-06,SKU104,315,636.25
SO125SKU105,2025-05-06,SKU105,284,1347.5
SO125SKU106,2025-05-06,SKU106,478,1293.75
SO125SKU107,2025-05-06,SKU107,370,1920.0
SO125SKU108,2025-05-06,SKU108,248,2440.0
SO125SKU109,2025-05-06,SKU109,94,2242.5
SO125SKU110,2025-05-06,SKU110,499,1747.5
SO125SKU111,2025-05-06,SKU111,221,1343.75
SO125SKU112,2025-05-06,SKU112,314,1787.5
SO125SKU113,2025-05-06,SKU113,473,2497.5
SO125SKU114,2025-05-06,SKU114,474,1300.0
SO125SKU115,2025-05-06,SKU115,459,866.25
SO125SKU116,2025-05-06,SKU116,497,491.25
SO125SKU117,2025-05-06,SKU117,125,2353.75
SO125SKU118,2025-05-06,SKU118,458,578.75
SO125SKU119,2025-05-06,SKU119,236,632.5
SO125SKU120,2025-05-06,SKU120,407,1086.25
SO125SKU121,2025-05-06,SKU121,407,2001.25
SO125SKU122,2025-05-06,SKU122,215,791.25
SO125SKU123,2025-05-06,SKU123,252,1283.75
SO125SKU124,2025-05-06,SKU124,161,2090.0
SO125SKU125,2025-05-06,SKU125,137,2171.25
SO125SKU126,2025-05-06,SKU126,339,1933.75
SO125SKU127,2025-05-06,SKU127,467,1741.25
SO125SKU128,2025-05-06,SKU128,396,792.5
SO125SKU129,2025-05-06,SKU129,126,1346.25
SO126SKU100,2025-05-07,SKU100,306,2161.25
SO126SKU101,2025-05-07,SKU101,159,1245.0
SO126SKU102,2025-05-07,SKU102,333,772.5
SO126SKU103,2025-05-07,SKU103,205,2328.75
SO126SKU104,2025-05-07,SKU104,495,636.25
SO126SKU105,2025-05-07,SKU105,204,1347.5
SO126SKU106,2025-05-07,SKU106,304,1293.75
SO126SKU107,2025-05-07,SKU107,178,1920.0
SO126SKU108,2025-05-07,SKU108,284,2440.0
SO126SKU109,2025-05-07,SKU109,213,2242.5
SO126SKU110,2025-05-07,SKU110,490,1747.5
SO126SKU111,2025-05-07,SKU111,200,1343.75
SO126SKU112,2025-05-07,SKU112,434,1787.5
SO126SKU113,2025-05-07,SKU113,487,2497.5
SO126SKU114,2025-05-07,SKU114,481,1300.0
SO126SKU115,2025-05-07,SKU115,354,866.25
SO126SKU116,2025-05-07,SKU116,448,491.25
SO126SKU117,2025-05-07,SKU117,363,2353.75
SO126SKU118,2025-05-07,SKU118,217,578.75
SO126SKU119,2025-05-07,SKU119,396,632.5
SO126SKU120,2025-05-07,SKU120,113,1086.25
SO126SKU121,2025-05-07,SKU121,366,2001.25
SO126SKU122,2025-05-07,SKU122,257,791.25
SO126SKU123,2025-05-07,SKU123,112,1283.75
SO126SKU124,2025-05-07,SKU124,221,2090.0
SO126SKU125,2025-05-07,SKU125,445,2171.25
SO126SKU126,2025-05-07,SKU126,471,1933.75
SO126SKU127,2025-05-07,SKU127,418,1741.25
SO126SKU128,2025-05-07,SKU128,425,792.5
SO126SKU129,2025-05-07,SKU129,488,1346.25
SO127SKU100,2025-05-08,SKU100,453,2161.25
SO127SKU101,2025-05-08,SKU101,387,1245.0
SO127SKU102,2025-05-08,SKU102,172,772.5
SO127SKU103,2025-05-08,SKU103,141,2328.75
SO127SKU104,2025-05-08,SKU104,286,636.25
SO127SKU105,2025-05-08,SKU105,492,1347.5
SO127SKU106,2025-05-08,SKU106,150,1293.75
SO127SKU107,2025-05-08,SKU107,239,1920.0
SO127SKU108,2025-05-08,SKU108,209,2440.0
SO127SKU109,2025-05-08,SKU109,285,2242.5
SO127SKU110,2025-05-08,SKU110,404,1747.5
SO127SKU111,2025-05-08,SKU111,128,1343.75
SO127SKU112,2025-05-08,SKU112,390,1787.5
SO127SKU113,2025-05-08,SKU113,429,2497.5
SO127SKU114,2025-05-08,SKU114,350,1300.0
SO127SKU115,2025-05-08,SKU115,236,866.25
SO127SKU116,2025-05-08,SKU116,271,491.25
SO127SKU117,2025-05-08,SKU117,405,2353.75
SO127SKU118,2025-05-08,SKU118,191,578.75
SO127SKU119,2025-05-08,SKU119,429,632.5
SO127SKU120,2025-05-08,SKU120,373,1086.25
SO127SKU121,2025-05-08,SKU121,475,2001.25
SO127SKU122,2025-05-08,SKU122,499,791.25
SO127SKU123,2025-05-08,SKU123,355,1283.75
SO127SKU124,2025-05-08,SKU124,239,2090.0
SO127SKU125,2025-05-08,SKU125,429,2171.25
SO127SKU126,2025-05-08,SKU126,131,1933.75
SO127SKU127,2025-05-08,SKU127,393,1741.25
SO127SKU128,2025-05-08,SKU128,417,792.5
SO127SKU129,2025-05-08,SKU129,309,1346.25
SO128SKU100,2025-05-09,SKU100,346,2161.25
SO128SKU101,2025-05-09,SKU101,349,1245.0
SO128SKU102,2025-05-09,SKU102,347,772.5
SO128SKU103,2025-05-09,SKU103,182,2328.75
SO128SKU104,2025-05-09,SKU104,470,636.25
SO128SKU105,2025-05-09,SKU105,286,1347.5
SO128SKU106,2025-05-09,SKU106,92,1293.75
SO128SKU107,2025-05-09,SKU107,327,1920.0
SO128SKU108,2025-05-09,SKU108,482,2440.0
SO128SKU109,2025-05-09,SKU109,108,2242.5
SO128SKU110,2025-05-09,SKU110,125,1747.5
SO128SKU111,2025-05-09,SKU111,372,1343.75
SO128SKU112,2025-05-09,SKU112,458,1787.5
SO128SKU113,2025-05-09,SKU113,235,2497.5
SO128SKU114,2025-05-09,SKU114,106,1300.0
SO128SKU115,2025-05-09,SKU115,302,866.25
SO128SKU116,2025-05-09,SKU116,171,491.25
SO128SKU117,2025-05-09,SKU117,102,2353.75
SO128SKU118,2025-05-09,SKU118,175,578.75
SO128SKU119,2025-05-09,SKU119,117,632.5
SO128SKU120,2025-05-09,SKU120,372,1086.25
SO128SKU121,2025-05-09,SKU121,275,2001.25
SO128SKU122,2025-05-09,SKU122,228,791.25
SO128SKU123,2025-05-09,SKU123,496,1283.75
SO128SKU124,2025-05-09,SKU124,279,2090.0
SO128SKU125,2025-05-09,SKU125,285,2171.25
SO128SKU126,2025-05-09,SKU126,206,1933.75
SO128SKU127,2025-05-09,SKU127,296,1741.25
SO128SKU128,2025-05-09,SKU128,400,792.5
SO128SKU129,2025-05-09,SKU129,219,1346.25
SO129SKU100,2025-05-10,SKU100,116,2161.25
SO129SKU101,2025-05-10,SKU101,485,1245.0
SO129SKU102,2025-05-10,SKU102,247,772.5
SO129SKU103,2025-05-10,SKU103,428,2328.75
SO129SKU104,2025-05-10,SKU104,225,636.25
SO129SKU105,2025-05-10,SKU105,371,1347.5
SO129SKU106,2025-05-10,SKU106,183,1293.75
SO129SKU107,2025-05-10,SKU107,334,1920.0
SO129SKU108,2025-05-10,SKU108,320,2440.0
SO129SKU109,2025-05-10,SKU109,99,2242.5
SO129SKU110,2025-05-10,SKU110,470,1747.5
SO129SKU111,2025-05-10,SKU111,303,1343.75
SO129SKU112,2025-05-10,SKU112,153,1787.5
SO129SKU113,2025-05-10,SKU113,337,2497.5
SO129SKU114,2025-05-10,SKU114,187,1300.0
SO129SKU115,2025-05-10,SKU115,87,866.25
SO129SKU116,2025-05-10,SKU116,208,491.25
SO129SKU117,2025-05-10,SKU117,182,2353.75
SO129SKU118,2025-05-10,SKU118,274,578.75
SO129SKU119,2025-05-10,SKU119,112,632.5
SO129SKU120,2025-05-10,SKU120,251,1086.25
SO129SKU121,2025-05-10,SKU121,305,2001.25
SO129SKU122,2025-05-10,SKU122,350,791.25
SO129SKU123,2025-05-10,SKU123,360,1283.75
SO129SKU124,2025-05-10,SKU124,430,2090.0
SO129SKU125,2025-05-10,SKU125,88,2171.25
SO129SKU126,2025-05-10,SKU126,244,1933.75
SO129SKU127,2025-05-10,SKU127,133,1741.25
SO129SKU128,2025-05-10,SKU128,81,792.5
SO129SKU129,2025-05-10,SKU129,370,1346.25
SO130SKU100,2025-05-11,SKU100,256,2161.25
SO130SKU101,2025-05-11,SKU101,325,1245.0
SO130SKU102,2025-05-11,SKU102,354,772.5
SO130SKU103,2025-05-11,SKU103,226,2328.75
SO130SKU104,2025-05-11,SKU104,211,636.25
SO130SKU105,2025-05-11,SKU105,90,1347.5
SO130SKU106,2025-05-11,SKU106,101,1293.75
SO130SKU107,2025-05-11,SKU107,357,1920.0
SO130SKU108,2025-05-11,SKU108,400,2440.0
SO130SKU109,2025-05-11,SKU109,293,2242.5
SO130SKU110,2025-05-11,SKU110,278,1747.5
SO130SKU111,2025-05-11,SKU111,420,1343.75
SO130SKU112,2025-05-11,SKU112,185,1787.5
SO130SKU113,2025-05-11,SKU113,371,2497.5
SO130SKU114,2025-05-11,SKU114,481,1300.0
SO130SKU115,2025-05-11,SKU115,471,866.25
SO130SKU116,2025-05-11,SKU116,237,491.25
SO130SKU117,2025-05-11,SKU117,135,2353.75
SO130SKU118,2025-05-11,SKU118,476,578.75
SO130SKU119,2025-05-11,SKU119,182,632.5
SO130SKU120,2025-05-11,SKU120,160,1086.25
SO130SKU121,2025-05-11,SKU121,172,2001.25
SO130SKU122,2025-05-11,SKU122,185,791.25
SO130SKU123,2025-05-11,SKU123,219,1283.75
SO130SKU124,2025-05-11,SKU124,473,2090.0
SO130SKU125,2025-05-11,SKU125,480,2171.25
SO130SKU126,2025-05-11,SKU126,242,1933.75
SO130SKU127,2025-05-11,SKU127,470,1741.25
SO130SKU128,2025-05-11,SKU128,470,792.5
SO130SKU129,2025-05-11,SKU129,98,1346.25
SO131SKU100,2025-05-12,SKU100,378,2161.25
SO131SKU101,2025-05-12,SKU101,253,1245.0
SO131SKU102,2025-05-12,SKU102,131,772.5
SO131SKU103,2025-05-12,SKU103,157,2328.75
SO131SKU104,2025-05-12,SKU104,396,636.25
SO131SKU105,2025-05-12,SKU105,401,1347.5
SO131SKU106,2025-05-12,SKU106,207,1293.75
SO131SKU107,2025-05-12,SKU107,155,1920.0
SO131SKU108,2025-05-12,SKU108,100,2440.0
SO131SKU109,2025-05-12,SKU109,274,2242.5
SO131SKU110,2025-05-12,SKU110,432,1747.5
SO131SKU111,2025-05-12,SKU111,305,1343.75
SO131SKU112,2025-05-12,SKU112,90,1787.5
SO131SKU113,2025-05-12,SKU113,256,2497.5
SO131SKU114,2025-05-12,SKU114,269,1300.0
SO131SKU115,2025-05-12,SKU115,233,866.25
SO131SKU116,2025-05-12,SKU116,484,491.25
SO131SKU117,2025-05-12,SKU117,244,2353.75
SO131SKU118,2025-05-12,SKU118,388,578.75
SO131SKU119,2025-05-12,SKU119,398,632.5
SO131SKU120,2025-05-12,SKU120,266,1086.25
SO131SKU121,2025-05-12,SKU121,223,2001.25
SO131SKU122,2025-05-12,SKU122,243,791.25
SO131SKU123,2025-05-12,SKU123,202,1283.75
SO131SKU124,2025-05-12,SKU124,301,2090.0
SO131SKU125,2025-05-12,SKU125,468,2171.25
SO131SKU126,2025-05-12,SKU126,250,1933.75
SO131SKU127,2025-05-12,SKU127,399,1741.25
SO131SKU128,2025-05-12,SKU128,234,792.5
SO131SKU129,2025-05-12,SKU129,278,1346.25
SO132SKU100,2025-05-13,SKU100,330,2161.25
SO132SKU101,2025-05-13,SKU101,310,1245.0
SO132SKU102,2025-05-13,SKU102,421,772.5
SO132SKU103,2025-05-13,SKU103,138,2328.75
SO132SKU104,2025-05-13,SKU104,470,636.25
SO132SKU105,2025-05-13,SKU105,271,1347.5
SO132SKU106,2025-05-13,SKU106,201,1293.75
SO132SKU107,2025-05-13,SKU107,450,1920.0
SO132SKU108,2025-05-13,SKU108,396,2440.0
SO132SKU109,2025-05-13,SKU109,315,2242.5
SO132SKU110,2025-05-13,SKU110,420,1747.5
SO132SKU111,2025-05-13,SKU111,440,1343.75
SO132SKU112,2025-05-13,SKU112,121,1787.5
SO132SKU113,2025-05-13,SKU113,126,2497.5
SO132SKU114,2025-05-13,SKU114,187,1300.0
SO132SKU115,2025-05-13,SKU115,244,866.25
SO132SKU116,2025-05-13,SKU116,498,491.25
SO132SKU117,2025-05-13,SKU117,441,2353.75
SO132SKU118,2025-05-13,SKU118,426,578.75
SO132SKU119,2025-05-13,SKU119,174,632.5
SO132SKU120,2025-05-13,SKU120,181,1086.25
SO132SKU121,2025-05-13,SKU121,176,2001.25
SO132SKU122,2025-05-13,SKU122,118,791.25
SO132SKU123,2025-05-13,SKU123,196,1283.75
SO132SKU124,2025-05-13,SKU124,383,2090.0
SO132SKU125,2025-05-13,SKU125,407,2171.25
SO132SKU126,2025-05-13,SKU126,256,1933.75
SO132SKU127,2025-05-13,SKU127,415,1741.25
SO132SKU128,2025-05-13,SKU128,224,792.5
SO132SKU129,2025-05-13,SKU129,112,1346.25
SO133SKU100,2025-05-14,SKU100,460,2161.25
SO133SKU101,2025-05-14,SKU101,233,1245.0
SO133SKU102,2025-05-14,SKU102,461,772.5
SO133SKU103,2025-05-14,SKU103,101,2328.75
SO133SKU104,2025-05-14,SKU104,316,636.25
SO133SKU105,2025-05-14,SKU105,317,1347.5
SO133SKU106,2025-05-14,SKU106,464,1293.75
SO133SKU107,2025-05-14,SKU107,151,1920.0
SO133SKU108,2025-05-14,SKU108,403,2440.0
SO133SKU109,2025-05-14,SKU109,302,2242.5
SO133SKU110,2025-05-14,SKU110,168,1747.5
SO133SKU111,2025-05-14,SKU111,128,1343.75
SO133SKU112,2025-05-14,SKU112,218,1787.5
SO133SKU113,2025-05-14,SKU113,280,2497.5
SO133SKU114,2025-05-14,SKU114,196,1300.0
SO133SKU115,2025-05-14,SKU115,335,866.25
SO133SKU116,2025-05-14,SKU116,420,491.25
SO133SKU117,2025-05-14,SKU117,245,2353.75
SO133SKU118,2025-05-14,SKU118,152,578.75
SO133SKU119,2025-05-14,SKU119,190,632.5
SO133SKU120,2025-05-14,SKU120,403,1086.25
SO133SKU121,2025-05-14,SKU121,430,2001.25
SO133SKU122,2025-05-14,SKU122,386,791.25
SO133SKU123,2025-05-14,SKU123,451,1283.75
SO133SKU124,2025-05-14,SKU124,145,2090.0
SO133SKU125,2025-05-14,SKU125,89,2171.25
SO133SKU126,2025-05-14,SKU126,187,1933.75
SO133SKU127,2025-05-14,SKU127,240,1741.25
SO133SKU128,2025-05-14,SKU128,223,792.5
SO133SKU129,2025-05-14,SKU129,249,1346.25
SO134SKU100,2025-05-15,SKU100,399,2161.25
SO134SKU101,2025-05-15,SKU101,316,1245.0
SO134SKU102,2025-05-15,SKU102,114,772.5
SO134SKU103,2025-05-15,SKU103,474,2328.75
SO134SKU104,2025-05-15,SKU104,478,636.25
SO134SKU105,2025-05-15,SKU105,404,1347.5
SO134SKU106,2025-05-15,SKU106,397,1293.75
SO134SKU107,2025-05-15,SKU107,219,1920.0
SO134SKU108,2025-05-15,SKU108,389,2440.0
SO134SKU109,2025-05-15,SKU109,495,2242.5
SO134SKU110,2025-05-15,SKU110,141,1747.5
SO134SKU111,2025-05-15,SKU111,179,1343.75
SO134SKU112,2025-05-15,SKU112,207,1787.5
SO134SKU113,2025-05-15,SKU113,499,2497.5
SO134SKU114,2025-05-15,SKU114,184,1300.0
SO134SKU115,2025-05-15,SKU115,413,866.25
SO134SKU116,2025-05-15,SKU116,268,491.25
SO134SKU117,2025-05-15,SKU117,400,2353.75
SO134SKU118,2025-05-15,SKU118,307,578.75
SO134SKU119,2025-05-15,SKU119,220,632.5
SO134SKU120,2025-05-15,SKU120,390,1086.25
SO134SKU121,2025-05-15,SKU121,145,2001.25
SO134SKU122,2025-05-15,SKU122,106,791.25
SO134SKU123,2025-05-15,SKU123,268,1283.75
SO134SKU124,2025-05-15,SKU124,361,2090.0
SO134SKU125,2025-05-15,SKU125,245,2171.25
SO134SKU126,2025-05-15,SKU126,469,1933.75
SO134SKU127,2025-05-15,SKU127,369,1741.25
SO134SKU128,2025-05-15,SKU128,341,792.5
SO134SKU129,2025-05-15,SKU129,147,1346.25
SO135SKU100,2025-05-16,SKU100,359,2161.25
SO135SKU101,2025-05-16,SKU101,484,1245.0
SO135SKU102,2025-05-16,SKU102,125,772.5
SO135SKU103,2025-05-16,SKU103,139,2328.75
SO135SKU104,2025-05-16,SKU104,202,636.25
SO135SKU105,2025-05-16,SKU105,92,1347.5
SO135SKU106,2025-05-16,SKU106,325,1293.75
SO135SKU107,2025-05-16,SKU107,199,1920.0
SO135SKU108,2025-05-16,SKU108,243,2440.0
SO135SKU109,2025-05-16,SKU109,282,2242.5
SO135SKU110,2025-05-16,SKU110,92,1747.5
SO135SKU111,2025-05-16,SKU111,361,1343.75
SO135SKU112,2025-05-16,SKU112,98,1787.5
SO135SKU113,2025-05-16,SKU113,83,2497.5
SO135SKU114,2025-05-16,SKU114,268,1300.0
SO135SKU115,2025-05-16,SKU115,188,866.25
SO135SKU116,2025-05-16,SKU116,401,491.25
SO135SKU117,2025-05-16,SKU117,364,2353.75
SO135SKU118,2025-05-16,SKU118,183,578.75
SO135SKU119,2025-05-16,SKU119,180,632.5
SO135SKU120,2025-05-16,SKU120,141,1086.25
SO135SKU121,2025-05-16,SKU121,308,2001.25
SO135SKU122,2025-05-16,SKU122,342,791.25
SO135SKU123,2025-05-16,SKU123,137,1283.75
SO135SKU124,2025-05-16,SKU124,185,2090.0
SO135SKU125,2025-05-16,SKU125,462,2171.25
SO135SKU126,2025-05-16,SKU126,189,1933.75
SO135SKU127,2025-05-16,SKU127,317,1741.25
SO135SKU128,2025-05-16,SKU128,370,792.5
SO135SKU129,2025-05-16,SKU129,341,1346.25
SO136SKU100,2025-05-17,SKU100,325,2161.25
SO136SKU101,2025-05-17,SKU101,421,1245.0
SO136SKU102,2025-05-17,SKU102,395,772.5
SO136SKU103,2025-05-17,SKU103,95,2328.75
SO136SKU104,2025-05-17,SKU104,220,636.25
SO136SKU105,2025-05-17,SKU105,275,1347.5
SO136SKU106,2025-05-17,SKU106,107,1293.75
SO136SKU107,2025-05-17,SKU107,296,1920.0
SO136SKU108,2025-05-17,SKU108,223,2440.0
SO136SKU109,2025-05-17,SKU109,474,2242.5
SO136SKU110,2025-05-17,SKU110,152,1747.5
SO136SKU111,2025-05-17,SKU111,405,1343.75
SO136SKU112,2025-05-17,SKU112,95,1787.5
SO136SKU113,2025-05-17,SKU113,87,2497.5
SO136SKU114,2025-05-17,SKU114,313,1300.0
SO136SKU115,2025-05-17,SKU115,365,866.25
SO136SKU116,2025-05-17,SKU116,368,491.25
SO136SKU117,2025-05-17,SKU117,158,2353.75
SO136SKU118,2025-05-17,SKU118,273,578.75
SO136SKU119,2025-05-17,SKU119,318,632.5
SO136SKU120,2025-05-17,SKU120,102,1086.25
SO136SKU121,2025-05-17,SKU121,224,2001.25
SO136SKU122,2025-05-17,SKU122,216,791.25
SO136SKU123,2025-05-17,SKU123,176,1283.75
SO136SKU124,2025-05-17,SKU124,80,2090.0
SO136SKU125,2025-05-17,SKU125,368,2171.25
SO136SKU126,2025-05-17,SKU126,439,1933.75
SO136SKU127,2025-05-17,SKU127,460,1741.25
SO136SKU128,2025-05-17,SKU128,386,792.5
SO136SKU129,2025-05-17,SKU129,163,1346.25
SO137SKU100,2025-05-18,SKU100,264,2161.25
SO137SKU101,2025-05-18,SKU101,209,1245.0
SO137SKU102,2025-05-18,SKU102,263,772.5
SO137SKU103,2025-05-18,SKU103,356,2328.75
SO137SKU104,2025-05-18,SKU104,101,636.25
SO137SKU105,2025-05-18,SKU105,386,1347.5
SO137SKU106,2025-05-18,SKU106,461,1293.75
SO137SKU107,2025-05-18,SKU107,497,1920.0
SO137SKU108,2025-05-18,SKU108,121,2440.0
SO137SKU109,2025-05-18,SKU109,358,2242.5
SO137SKU110,2025-05-18,SKU110,82,1747.5
SO137SKU111,2025-05-18,SKU111,164,1343.75
SO137SKU112,2025-05-18,SKU112,483,1787.5
SO137SKU113,2025-05-18,SKU113,454,2497.5
SO137SKU114,2025-05-18,SKU114,282,1300.0
SO137SKU115,2025-05-18,SKU115,375,866.25
SO137SKU116,2025-05-18,SKU116,464,491.25
SO137SKU117,2025-05-18,SKU117,409,2353.75
SO137SKU118,2025-05-18,SKU118,465,578.75
SO137SKU119,2025-05-18,SKU119,486,632.5
SO137SKU120,2025-05-18,SKU120,153,1086.25
SO137SKU121,2025-05-18,SKU121,236,2001.25
SO137SKU122,2025-05-18,SKU122,187,791.25
SO137SKU123,2025-05-18,SKU123,497,1283.75
SO137SKU124,2025-05-18,SKU124,231,2090.0
SO137SKU125,2025-05-18,SKU125,477,2171.25
SO137SKU126,2025-05-18,SKU126,311,1933.75
SO137SKU127,2025-05-18,SKU127,263,1741.25
SO137SKU128,2025-05-18,SKU128,385,792.5
SO137SKU129,2025-05-18,SKU129,186,1346.25
SO138SKU100,2025-05-19,SKU100,465,2161.25
SO138SKU101,2025-05-19,SKU101,432,1245.0
SO138SKU102,2025-05-19,SKU102,430,772.5
SO138SKU103,2025-05-19,SKU103,99,2328.75
SO138SKU104,2025-05-19,SKU104,209,636.25
SO138SKU105,2025-05-19,SKU105,450,1347.5
SO138SKU106,2025-05-19,SKU106,128,1293.75
SO138SKU107,2025-05-19,SKU107,203,1920.0
SO138SKU108,2025-05-19,SKU108,245,2440.0
SO138SKU109,2025-05-19,SKU109,311,2242.5
SO138SKU110,2025-05-19,SKU110,85,1747.5
SO138SKU111,2025-05-19,SKU111,425,1343.75
SO138SKU112,2025-05-19,SKU112,115,1787.5
SO138SKU113,2025-05-19,SKU113,436,2497.5
SO138SKU114,2025-05-19,SKU114,450,1300.0
SO138SKU115,2025-05-19,SKU115,437,866.25
SO138SKU116,2025-05-19,SKU116,311,491.25
SO138SKU117,2025-05-19,SKU117,228,2353.75
SO138SKU118,2025-05-19,SKU118,431,578.75
SO138SKU119,2025-05-19,SKU119,326,632.5
SO138SKU120,2025-05-19,SKU120,477,1086.25
SO138SKU121,2025-05-19,SKU121,170,2001.25
SO138SKU122,2025-05-19,SKU122,173,791.25
SO138SKU123,2025-05-19,SKU123,332,1283.75
SO138SKU124,2025-05-19,SKU124,438,2090.0
SO138SKU125,2025-05-19,SKU125,164,2171.25
SO138SKU126,2025-05-19,SKU126,389,1933.75
SO138SKU127,2025-05-19,SKU127,267,1741.25
SO138SKU128,2025-05-19,SKU128,442,792.5
SO138SKU129,2025-05-19,SKU129,405,1346.25
SO139SKU100,2025-05-20,SKU100,141,2161.25
SO139SKU101,2025-05-20,SKU101,175,1245.0
SO139SKU102,2025-05-20,SKU102,359,772.5
SO139SKU103,2025-05-20,SKU103,114,2328.75
SO139SKU104,2025-05-20,SKU104,378,636.25
SO139SKU105,2025-05-20,SKU105,198,1347.5
SO139SKU106,2025-05-20,SKU106,462,1293.75
SO139SKU107,2025-05-20,SKU107,110,1920.0
SO139SKU108,2025-05-20,SKU108,348,2440.0
SO139SKU109,2025-05-20,SKU109,84,2242.5
SO139SKU110,2025-05-20,SKU110,204,1747.5
SO139SKU111,2025-05-20,SKU111,419,1343.75
SO139SKU112,2025-05-20,SKU112,130,1787.5
SO139SKU113,2025-05-20,SKU113,401,2497.5
SO139SKU114,2025-05-20,SKU114,421,1300.0
SO139SKU115,2025-05-20,SKU115,469,866.25
SO139SKU116,2025-05-20,SKU116,369,491.25
SO139SKU117,2025-05-20,SKU117,291,2353.75
SO139SKU118,2025-05-20,SKU118,195,578.75
SO139SKU119,2025-05-20,SKU119,465,632.5
SO139SKU120,2025-05-20,SKU120,282,1086.25
SO139SKU121,2025-05-20,SKU121,271,2001.25
SO139SKU122,2025-05-20,SKU122,195,791.25
SO139SKU123,2025-05-20,SKU123,394,1283.75
SO139SKU124,2025-05-20,SKU124,288,2090.0
SO139SKU125,2025-05-20,SKU125,203,2171.25
SO139SKU126,2025-05-20,SKU126,475,1933.75
SO139SKU127,2025-05-20,SKU127,293,1741.25
SO139SKU128,2025-05-20,SKU128,477,792.5
SO139SKU129,2025-05-20,SKU129,269,1346.25
SO140SKU100,2025-05-21,SKU100,255,2161.25
SO140SKU101,2025-05-21,SKU101,112,1245.0
SO140SKU102,2025-05-21,SKU102,218,772.5
SO140SKU103,2025-05-21,SKU103,196,2328.75
SO140SKU104,2025-05-21,SKU104,202,636.25
SO140SKU105,2025-05-21,SKU105,178,1347.5
SO140SKU106,2025-05-21,SKU106,290,1293.75
SO140SKU107,2025-05-21,SKU107,422,1920.0
SO140SKU108,2025-05-21,SKU108,482,2440.0
SO140SKU109,2025-05-21,SKU109,177,2242.5
SO140SKU110,2025-05-21,SKU110,357,1747.5
SO140SKU111,2025-05-21,SKU111,316,1343.75
SO140SKU112,2025-05-21,SKU112,450,1787.5
SO140SKU113,2025-05-21,SKU113,206,2497.5
SO140SKU114,2025-05-21,SKU114,252,1300.0
SO140SKU115,2025-05-21,SKU115,334,866.25
SO140SKU116,2025-05-21,SKU116,447,491.25
SO140SKU117,2025-05-21,SKU117,355,2353.75
SO140SKU118,2025-05-21,SKU118,116,578.75
SO140SKU119,2025-05-21,SKU119,361,632.5
SO140SKU120,2025-05-21,SKU120,176,1086.25
SO140SKU121,2025-05-21,SKU121,333,2001.25
SO140SKU122,2025-05-21,SKU122,500,791.25
SO140SKU123,2025-05-21,SKU123,181,1283.75
SO140SKU124,2025-05-21,SKU124,330,2090.0
SO140SKU125,2025-05-21,SKU125,278,2171.25
SO140SKU126,2025-05-21,SKU126,142,1933.75
SO140SKU127,2025-05-21,SKU127,115,1741.25
SO140SKU128,2025-05-21,SKU128,217,792.5
SO140SKU129,2025-05-21,SKU129,460,1346.25
SO141SKU100,2025-05-22,SKU100,157,2161.25
SO141SKU101,2025-05-22,SKU101,470,1245.0
SO141SKU102,2025-05-22,SKU102,357,772.5
SO141SKU103,2025-05-22,SKU103,372,2328.75
SO141SKU104,2025-05-22,SKU104,328,636.25
SO141SKU105,2025-05-22,SKU105,288,1347.5
SO141SKU106,2025-05-22,SKU106,164,1293.75
SO141SKU107,2025-05-22,SKU107,134,1920.0
SO141SKU108,2025-05-22,SKU108,302,2440.0
SO141SKU109,2025-05-22,SKU109,277,2242.5
SO141SKU110,2025-05-22,SKU110,121,1747.5
SO141SKU111,2025-05-22,SKU111,156,1343.75
SO141SKU112,2025-05-22,SKU112,394,1787.5
SO141SKU113,2025-05-22,SKU113,471,2497.5
SO141SKU114,2025-05-22,SKU114,303,1300.0
SO141SKU115,2025-05-22,SKU115,244,866.25
SO141SKU116,2025-05-22,SKU116,278,491.25
SO141SKU117,2025-05-22,SKU117,270,2353.75
SO141SKU118,2025-05-22,SKU118,437,578.75
SO141SKU119,2025-05-22,SKU119,286,632.5
SO141SKU120,2025-05-22,SKU120,287,1086.25
SO141SKU121,2025-05-22,SKU121,198,2001.25
SO141SKU122,2025-05-22,SKU122,431,791.25
SO141SKU123,2025-05-22,SKU123,437,1283.75
SO141SKU124,2025-05-22,SKU124,91,2090.0
SO141SKU125,2025-05-22,SKU125,275,2171.25
SO141SKU126,2025-05-22,SKU126,308,1933.75
SO141SKU127,2025-05-22,SKU127,210,1741.25
SO141SKU128,2025-05-22,SKU128,213,792.5
SO141SKU129,2025-05-22,SKU129,379,1346.25
SO142SKU100,2025-05-23,SKU100,311,2161.25
SO142SKU101,2025-05-23,SKU101,303,1245.0
SO142SKU102,2025-05-23,SKU102,289,772.5
SO142SKU103,2025-05-23,SKU103,198,2328.75
SO142SKU104,2025-05-23,SKU104,373,636.25
SO142SKU105,2025-05-23,SKU105,227,1347.5
SO142SKU106,2025-05-23,SKU106,165,1293.75
SO142SKU107,2025-05-23,SKU107,444,1920.0
SO142SKU108,2025-05-23,SKU108,498,2440.0
SO142SKU109,2025-05-23,SKU109,478,2242.5
SO142SKU110,2025-05-23,SKU110,171,1747.5
SO142SKU111,2025-05-23,SKU111,482,1343.75
SO142SKU112,2025-05-23,SKU112,219,1787.5
SO142SKU113,2025-05-23,SKU113,338,2497.5
SO142SKU114,2025-05-23,SKU114,165,1300.0
SO142SKU115,2025-05-23,SKU115,147,866.25
SO142SKU116,2025-05-23,SKU116,268,491.25
SO142SKU117,2025-05-23,SKU117,205,2353.75
SO142SKU118,2025-05-23,SKU118,445,578.75
SO142SKU119,2025-05-23,SKU119,466,632.5
SO142SKU120,2025-05-23,SKU120,80,1086.25
SO142SKU121,2025-05-23,SKU121,330,2001.25
SO142SKU122,2025-05-23,SKU122,357,791.25
SO142SKU123,2025-05-23,SKU123,411,1283.75
SO142SKU124,2025-05-23,SKU124,390,2090.0
SO142SKU125,2025-05-23,SKU125,464,2171.25
SO142SKU126,2025-05-23,SKU126,337,1933.75
SO142SKU127,2025-05-23,SKU127,98,1741.25
SO142SKU128,2025-05-23,SKU128,232,792.5
SO142SKU129,2025-05-23,SKU129,272,1346.25
SO143SKU100,2025-05-24,SKU100,196,2161.25
SO143SKU101,2025-05-24,SKU101,284,1245.0
SO143SKU102,2025-05-24,SKU102,184,772.5
SO143SKU103,2025-05-24,SKU103,205,2328.75
SO143SKU104,2025-05-24,SKU104,131,636.25
SO143SKU105,2025-05-24,SKU105,318,1347.5
SO143SKU106,2025-05-24,SKU106,301,1293.75
SO143SKU107,2025-05-24,SKU107,500,1920.0
SO143SKU108,2025-05-24,SKU108,325,2440.0
SO143SKU109,2025-05-24,SKU109,238,2242.5
SO143SKU110,2025-05-24,SKU110,131,1747.5
SO143SKU111,2025-05-24,SKU111,218,1343.75
SO143SKU112,2025-05-24,SKU112,402,1787.5
SO143SKU113,2025-05-24,SKU113,286,2497.5
SO143SKU114,2025-05-24,SKU114,257,1300.0
SO143SKU115,2025-05-24,SKU115,106,866.25
SO143SKU116,2025-05-24,SKU116,304,491.25
SO143SKU117,2025-05-24,SKU117,343,2353.75
SO143SKU118,2025-05-24,SKU118,463,578.75
SO143SKU119,2025-05-24,SKU119,273,632.5
SO143SKU120,2025-05-24,SKU120,454,1086.25
SO143SKU121,2025-05-24,SKU121,152,2001.25
SO143SKU122,2025-05-24,SKU122,395,791.25
SO143SKU123,2025-05-24,SKU123,101,1283.75
SO143SKU124,2025-05-24,SKU124,179,2090.0
SO143SKU125,2025-05-24,SKU125,489,2171.25
SO143SKU126,2025-05-24,SKU126,360,1933.75
SO143SKU127,2025-05-24,SKU127,113,1741.25
SO143SKU128,2025-05-24,SKU128,452,792.5
SO143SKU129,2025-05-24,SKU129,319,1346.25
SO144SKU100,2025-05-25,SKU100,349,2161.25
SO144SKU101,2025-05-25,SKU101,446,1245.0
SO144SKU102,2025-05-25,SKU102,492,772.5
SO144SKU103,2025-05-25,SKU103,497,2328.75
SO144SKU104,2025-05-25,SKU104,248,636.25
SO144SKU105,2025-05-25,SKU105,450,1347.5
SO144SKU106,2025-05-25,SKU106,382,1293.75
SO144SKU107,2025-05-25,SKU107,155,1920.0
SO144SKU108,2025-05-25,SKU108,207,2440.0
SO144SKU109,2025-05-25,SKU109,130,2242.5
SO144SKU110,2025-05-25,SKU110,291,1747.5
SO144SKU111,2025-05-25,SKU111,249,1343.75
SO144SKU112,2025-05-25,SKU112,399,1787.5
SO144SKU113,2025-05-25,SKU113,476,2497.5
SO144SKU114,2025-05-25,SKU114,287,1300.0
SO144SKU115,2025-05-25,SKU115,322,866.25
SO144SKU116,2025-05-25,SKU116,269,491.25
SO144SKU117,2025-05-25,SKU117,331,2353.75
SO144SKU118,2025-05-25,SKU118,189,578.75
SO144SKU119,2025-05-25,SKU119,204,632.5
SO144SKU120,2025-05-25,SKU120,161,1086.25
SO144SKU121,2025-05-25,SKU121,122,2001.25
SO144SKU122,2025-05-25,SKU122,457,791.25
SO144SKU123,2025-05-25,SKU123,332,1283.75
SO144SKU124,2025-05-25,SKU124,157,2090.0
SO144SKU125,2025-05-25,SKU125,170,2171.25
SO144SKU126,2025-05-25,SKU126,267,1933.75
SO144SKU127,2025-05-25,SKU127,421,1741.25
SO144SKU128,2025-05-25,SKU128,238,792.5
SO144SKU129,2025-05-25,SKU129,122,1346.25
SO145SKU100,2025-05-26,SKU100,150,2161.25
SO145SKU101,2025-05-26,SKU101,213,1245.0
SO145SKU102,2025-05-26,SKU102,129,772.5
SO145SKU103,2025-05-26,SKU103,225,2328.75
SO145SKU104,2025-05-26,SKU104,163,636.25
SO145SKU105,2025-05-26,SKU105,340,1347.5
SO145SKU106,2025-05-26,SKU106,497,1293.75
SO145SKU107,2025-05-26,SKU107,238,1920.0
SO145SKU108,2025-05-26,SKU108,316,2440.0
SO145SKU109,2025-05-26,SKU109,120,2242.5
SO145SKU110,2025-05-26,SKU110,135,1747.5
SO145SKU111,2025-05-26,SKU111,450,1343.75
SO145SKU112,2025-05-26,SKU112,243,1787.5
SO145SKU113,2025-05-26,SKU113,302,2497.5
SO145SKU114,2025-05-26,SKU114,423,1300.0
SO145SKU115,2025-05-26,SKU115,443,866.25
SO145SKU116,2025-05-26,SKU116,97,491.25
SO145SKU117,2025-05-26,SKU117,256,2353.75
SO145SKU118,2025-05-26,SKU118,491,578.75
SO145SKU119,2025-05-26,SKU119,334,632.5
SO145SKU120,2025-05-26,SKU120,443,1086.25
SO145SKU121,2025-05-26,SKU121,497,2001.25
SO145SKU122,2025-05-26,SKU122,417,791.25
SO145SKU123,2025-05-26,SKU123,438,1283.75
SO145SKU124,2025-05-26,SKU124,292,2090.0
SO145SKU125,2025-05-26,SKU125,101,2171.25
SO145SKU126,2025-05-26,SKU126,389,1933.75
SO145SKU127,2025-05-26,SKU127,183,1741.25
SO145SKU128,2025-05-26,SKU128,474,792.5
SO145SKU129,2025-05-26,SKU129,255,1346.25
SO146SKU100,2025-05-27,SKU100,302,2161.25
SO146SKU101,2025-05-27,SKU101,100,1245.0
SO146SKU102,2025-05-27,SKU102,360,772.5
SO146SKU103,2025-05-27,SKU103,225,2328.75
SO146SKU104,2025-05-27,SKU104,401,636.25
SO146SKU105,2025-05-27,SKU105,293,1347.5
SO146SKU106,2025-05-27,SKU106,198,1293.75
SO146SKU107,2025-05-27,SKU107,310,1920.0
SO146SKU108,2025-05-27,SKU108,99,2440.0
SO146SKU109,2025-05-27,SKU109,376,2242.5
SO146SKU110,2025-05-27,SKU110,351,1747.5
SO146SKU111,2025-05-27,SKU111,500,1343.75
SO146SKU112,2025-05-27,SKU112,300,1787.5
SO146SKU113,2025-05-27,SKU113,491,2497.5
SO146SKU114,2025-05-27,SKU114,293,1300.0
SO146SKU115,2025-05-27,SKU115,472,866.25
SO146SKU116,2025-05-27,SKU116,387,491.25
SO146SKU117,2025-05-27,SKU117,189,2353.75
SO146SKU118,2025-05-27,SKU118,479,578.75
SO146SKU119,2025-05-27,SKU119,279,632.5
SO146SKU120,2025-05-27,SKU120,359,1086.25
SO146SKU121,2025-05-27,SKU121,299,2001.25
SO146SKU122,2025-05-27,SKU122,325,791.25
SO146SKU123,2025-05-27,SKU123,463,1283.75
SO146SKU124,2025-05-27,SKU124,229,2090.0
SO146SKU125,2025-05-27,SKU125,298,2171.25
SO146SKU126,2025-05-27,SKU126,129,1933.75
SO146SKU127,2025-05-27,SKU127,357,1741.25
SO146SKU128,2025-05-27,SKU128,119,792.5
SO146SKU129,2025-05-27,SKU129,81,1346.25
SO147SKU100,2025-05-28,SKU100,262,2161.25
SO147SKU101,2025-05-28,SKU101,278,1245.0
SO147SKU102,2025-05-28,SKU102,208,772.5
SO147SKU103,2025-05-28,SKU103,486,2328.75
SO147SKU104,2025-05-28,SKU104,154,636.25
SO147SKU105,2025-05-28,SKU105,433,1347.5
SO147SKU106,2025-05-28,SKU106,467,1293.75
SO147SKU107,2025-05-28,SKU107,279,1920.0
SO147SKU108,2025-05-28,SKU108,493,2440.0
SO147SKU109,2025-05-28,SKU109,165,2242.5
SO147SKU110,2025-05-28,SKU110,476,1747.5
SO147SKU111,2025-05-28,SKU111,461,1343.75
SO147SKU112,2025-05-28,SKU112,479,1787.5
SO147SKU113,2025-05-28,SKU113,244,2497.5
SO147SKU114,2025-05-28,SKU114,101,1300.0
SO147SKU115,2025-05-28,SKU115,372,866.25
SO147SKU116,2025-05-28,SKU116,270,491.25
SO147SKU117,2025-05-28,SKU117,83,2353.75
SO147SKU118,2025-05-28,SKU118,148,578.75
SO147SKU119,2025-05-28,SKU119,367,632.5
SO147SKU120,2025-05-28,SKU120,322,1086.25
SO147SKU121,2025-05-28,SKU121,469,2001.25
SO147SKU122,2025-05-28,SKU122,96,791.25
SO147SKU123,2025-05-28,SKU123,205,1283.75
SO147SKU124,2025-05-28,SKU124,99,2090.0
SO147SKU125,2025-05-28,SKU125,233,2171.25
SO147SKU126,2025-05-28,SKU126,212,1933.75
SO147SKU127,2025-05-28,SKU127,254,1741.25
SO147SKU128,2025-05-28,SKU128,266,792.5
SO147SKU129,2025-05-28,SKU129,233,1346.25
SO148SKU100,2025-05-29,SKU100,242,2161.25
SO148SKU101,2025-05-29,SKU101,188,1245.0
SO148SKU102,2025-05-29,SKU102,105,772.5
SO148SKU103,2025-05-29,SKU103,357,2328.75
SO148SKU104,2025-05-29,SKU104,444,636.25
SO148SKU105,2025-05-29,SKU105,433,1347.5
SO148SKU106,2025-05-29,SKU106,232,1293.75
SO148SKU107,2025-05-29,SKU107,100,1920.0
SO148SKU108,2025-05-29,SKU108,416,2440.0
SO148SKU109,2025-05-29,SKU109,150,2242.5
SO148SKU110,2025-05-29,SKU110,134,1747.5
SO148SKU111,2025-05-29,SKU111,494,1343.75
SO148SKU112,2025-05-29,SKU112,215,1787.5
SO148SKU113,2025-05-29,SKU113,486,2497.5
SO148SKU114,2025-05-29,SKU114,174,1300.0
SO148SKU115,2025-05-29,SKU115,133,866.25
SO148SKU116,2025-05-29,SKU116,191,491.25
SO148SKU117,2025-05-29,SKU117,457,2353.75
SO148SKU118,2025-05-29,SKU118,202,578.75
SO148SKU119,2025-05-29,SKU119,347,632.5
SO148SKU120,2025-05-29,SKU120,453,1086.25
SO148SKU121,2025-05-29,SKU121,360,2001.25
SO148SKU122,2025-05-29,SKU122,393,791.25
SO148SKU123,2025-05-29,SKU123,350,1283.75
SO148SKU124,2025-05-29,SKU124,382,2090.0
SO148SKU125,2025-05-29,SKU125,217,2171.25
SO148SKU126,2025-05-29,SKU126,295,1933.75
SO148SKU127,2025-05-29,SKU127,80,1741.25
SO148SKU128,2025-05-29,SKU128,177,792.5
SO148SKU129,2025-05-29,SKU129,375,1346.25
SO149SKU100,2025-05-30,SKU100,374,2161.25
SO149SKU101,2025-05-30,SKU101,136,1245.0
SO149SKU102,2025-05-30,SKU102,134,772.5
SO149SKU103,2025-05-30,SKU103,155,2328.75
SO149SKU104,2025-05-30,SKU104,268,636.25
SO149SKU105,2025-05-30,SKU105,417,1347.5
SO149SKU106,2025-05-30,SKU106,419,1293.75
SO149SKU107,2025-05-30,SKU107,185,1920.0
SO149SKU108,2025-05-30,SKU108,420,2440.0
SO149SKU109,2025-05-30,SKU109,330,2242.5
SO149SKU110,2025-05-30,SKU110,105,1747.5
SO149SKU111,2025-05-30,SKU111,161,1343.75
SO149SKU112,2025-05-30,SKU112,314,1787.5
SO149SKU113,2025-05-30,SKU113,136,2497.5
SO149SKU114,2025-05-30,SKU114,223,1300.0
SO149SKU115,2025-05-30,SKU115,482,866.25
SO149SKU116,2025-05-30,SKU116,312,491.25
SO149SKU117,2025-05-30,SKU117,310,2353.75
SO149SKU118,2025-05-30,SKU118,324,578.75
SO149SKU119,2025-05-30,SKU119,325,632.5
SO149SKU120,2025-05-30,SKU120,479,1086.25
SO149SKU121,2025-05-30,SKU121,192,2001.25
SO149SKU122,2025-05-30,SKU122,408,791.25
SO149SKU123,2025-05-30,SKU123,449,1283.75
SO149SKU124,2025-05-30,SKU124,130,2090.0
SO149SKU125,2025-05-30,SKU125,489,2171.25
SO149SKU126,2025-05-30,SKU126,112,1933.75
SO149SKU127,2025-05-30,SKU127,224,1741.25
SO149SKU128,2025-05-30,SKU128,422,792.5
SO149SKU129,2025-05-30,SKU129,489,1346.25
SO150SKU100,2025-05-31,SKU100,449,2161.25
SO150SKU101,2025-05-31,SKU101,491,1245.0
SO150SKU102,2025-05-31,SKU102,285,772.5
SO150SKU103,2025-05-31,SKU103,368,2328.75
SO150SKU104,2025-05-31,SKU104,399,636.25
SO150SKU105,2025-05-31,SKU105,103,1347.5
SO150SKU106,2025-05-31,SKU106,468,1293.75
SO150SKU107,2025-05-31,SKU107,196,1920.0
SO150SKU108,2025-05-31,SKU108,433,2440.0
SO150SKU109,2025-05-31,SKU109,150,2242.5
SO150SKU110,2025-05-31,SKU110,319,1747.5
SO150SKU111,2025-05-31,SKU111,132,1343.75
SO150SKU112,2025-05-31,SKU112,447,1787.5
SO150SKU113,2025-05-31,SKU113,191,2497.5
SO150SKU114,2025-05-31,SKU114,85,1300.0
SO150SKU115,2025-05-31,SKU115,223,866.25
SO150SKU116,2025-05-31,SKU116,187,491.25
SO150SKU117,2025-05-31,SKU117,140,2353.75
SO150SKU118,2025-05-31,SKU118,386,578.75
SO150SKU119,2025-05-31,SKU119,469,632.5
SO150SKU120,2025-05-31,SKU120,221,1086.25
SO150SKU121,2025-05-31,SKU121,436,2001.25
SO150SKU122,2025-05-31,SKU122,190,791.25
SO150SKU123,2025-05-31,SKU123,125,1283.75
SO150SKU124,2025-05-31,SKU124,374,2090.0
SO150SKU125,2025-05-31,SKU125,258,2171.25
SO150SKU126,2025-05-31,SKU126,436,1933.75
SO150SKU127,2025-05-31,SKU127,401,1741.25
SO150SKU128,2025-05-31,SKU128,178,792.5
SO150SKU129,2025-05-31,SKU129,457,1346.25
SO151SKU100,2025-06-01,SKU100,431,2161.25
SO151SKU101,2025-06-01,SKU101,161,1245.0
SO151SKU102,2025-06-01,SKU102,271,772.5
SO151SKU103,2025-06-01,SKU103,295,2328.75
SO151SKU104,2025-06-01,SKU104,117,636.25
SO151SKU105,2025-06-01,SKU105,197,1347.5
SO151SKU106,2025-06-01,SKU106,445,1293.75
SO151SKU107,2025-06-01,SKU107,426,1920.0
SO151SKU108,2025-06-01,SKU108,379,2440.0
SO151SKU109,2025-06-01,SKU109,384,2242.5
SO151SKU110,2025-06-01,SKU110,309,1747.5
SO151SKU111,2025-06-01,SKU111,486,1343.75
SO151SKU112,2025-06-01,SKU112,390,1787.5
SO151SKU113,2025-06-01,SKU113,475,2497.5
SO151SKU114,2025-06-01,SKU114,231,1300.0
SO151SKU115,2025-06-01,SKU115,126,866.25
SO151SKU116,2025-06-01,SKU116,435,491.25
SO151SKU117,2025-06-01,SKU117,457,2353.75
SO151SKU118,2025-06-01,SKU118,325,578.75
SO151SKU119,2025-06-01,SKU119,444,632.5
SO151SKU120,2025-06-01,SKU120,345,1086.25
SO151SKU121,2025-06-01,SKU121,144,2001.25
SO151SKU122,2025-06-01,SKU122,390,791.25
SO151SKU123,2025-06-01,SKU123,355,1283.75
SO151SKU124,2025-06-01,SKU124,355,2090.0
SO151SKU125,2025-06-01,SKU125,361,2171.25
SO151SKU126,2025-06-01,SKU126,298,1933.75
SO151SKU127,2025-06-01,SKU127,491,1741.25
SO151SKU128,2025-06-01,SKU128,125,792.5
SO151SKU129,2025-06-01,SKU129,116,1346.25
SO152SKU100,2025-06-02,SKU100,494,2161.25
SO152SKU101,2025-06-02,SKU101,164,1245.0
SO152SKU102,2025-06-02,SKU102,121,772.5
SO152SKU103,2025-06-02,SKU103,492,2328.75
SO152SKU104,2025-06-02,SKU104,270,636.25
SO152SKU105,2025-06-02,SKU105,389,1347.5
SO152SKU106,2025-06-02,SKU106,240,1293.75
SO152SKU107,2025-06-02,SKU107,338,1920.0
SO152SKU108,2025-06-02,SKU108,161,2440.0
SO152SKU109,2025-06-02,SKU109,422,2242.5
SO152SKU110,2025-06-02,SKU110,331,1747.5
SO152SKU111,2025-06-02,SKU111,169,1343.75
SO152SKU112,2025-06-02,SKU112,398,1787.5
SO152SKU113,2025-06-02,SKU113,320,2497.5
SO152SKU114,2025-06-02,SKU114,93,1300.0
SO152SKU115,2025-06-02,SKU115,418,866.25
SO152SKU116,2025-06-02,SKU116,256,491.25
SO152SKU117,2025-06-02,SKU117,450,2353.75
SO152SKU118,2025-06-02,SKU118,287,578.75
SO152SKU119,2025-06-02,SKU119,291,632.5
SO152SKU120,2025-06-02,SKU120,196,1086.25
SO152SKU121,2025-06-02,SKU121,105,2001.25
SO152SKU122,2025-06-02,SKU122,375,791.25
SO152SKU123,2025-06-02,SKU123,445,1283.75
SO152SKU124,2025-06-02,SKU124,288,2090.0
SO152SKU125,2025-06-02,SKU125,394,2171.25
SO152SKU126,2025-06-02,SKU126,482,1933.75
SO152SKU127,2025-06-02,SKU127,405,1741.25
SO152SKU128,2025-06-02,SKU128,144,792.5
SO152SKU129,2025-06-02,SKU129,104,1346.25
SO153SKU100,2025-06-03,SKU100,273,2161.25
SO153SKU101,2025-06-03,SKU101,411,1245.0
SO153SKU102,2025-06-03,SKU102,159,772.5
SO153SKU103,2025-06-03,SKU103,284,2328.75
SO153SKU104,2025-06-03,SKU104,167,636.25
SO153SKU105,2025-06-03,SKU105,421,1347.5
SO153SKU106,2025-06-03,SKU106,161,1293.75
SO153SKU107,2025-06-03,SKU107,447,1920.0
SO153SKU108,2025-06-03,SKU108,350,2440.0
SO153SKU109,2025-06-03,SKU109,478,2242.5
SO153SKU110,2025-06-03,SKU110,100,1747.5
SO153SKU111,2025-06-03,SKU111,403,1343.75
SO153SKU112,2025-06-03,SKU112,464,1787.5
SO153SKU113,2025-06-03,SKU113,101,2497.5
SO153SKU114,2025-06-03,SKU114,425,1300.0
SO153SKU115,2025-06-03,SKU115,175,866.25
SO153SKU116,2025-06-03,SKU116,422,491.25
SO153SKU117,2025-06-03,SKU117,290,2353.75
SO153SKU118,2025-06-03,SKU118,374,578.75
SO153SKU119,2025-06-03,SKU119,91,632.5
SO153SKU120,2025-06-03,SKU120,268,1086.25
SO153SKU121,2025-06-03,SKU121,345,2001.25
SO153SKU122,2025-06-03,SKU122,451,791.25
SO153SKU123,2025-06-03,SKU123,436,1283.75
SO153SKU124,2025-06-03,SKU124,99,2090.0
SO153SKU125,2025-06-03,SKU125,229,2171.25
SO153SKU126,2025-06-03,SKU126,471,1933.75
SO153SKU127,2025-06-03,SKU127,349,1741.25
SO153SKU128,2025-06-03,SKU128,442,792.5
SO153SKU129,2025-06-03,SKU129,493,1346.25
SO154SKU100,2025-06-04,SKU100,148,2161.25
SO154SKU101,2025-06-04,SKU101,100,1245.0
SO154SKU102,2025-06-04,SKU102,119,772.5
SO154SKU103,2025-06-04,SKU103,338,2328.75
SO154SKU104,2025-06-04,SKU104,128,636.25
SO154SKU105,2025-06-04,SKU105,288,1347.5
SO154SKU106,2025-06-04,SKU106,348,1293.75
SO154SKU107,2025-06-04,SKU107,174,1920.0
SO154SKU108,2025-06-04,SKU108,95,2440.0
SO154SKU109,2025-06-04,SKU109,292,2242.5
SO154SKU110,2025-06-04,SKU110,385,1747.5
SO154SKU111,2025-06-04,SKU111,432,1343.75
SO154SKU112,2025-06-04,SKU112,439,1787.5
SO154SKU113,2025-06-04,SKU113,385,2497.5
SO154SKU114,2025-06-04,SKU114,292,1300.0
SO154SKU115,2025-06-04,SKU115,189,866.25
SO154SKU116,2025-06-04,SKU116,257,491.25
SO154SKU117,2025-06-04,SKU117,239,2353.75
SO154SKU118,2025-06-04,SKU118,349,578.75
SO154SKU119,2025-06-04,SKU119,135,632.5
SO154SKU120,2025-06-04,SKU120,283,1086.25
SO154SKU121,2025-06-04,SKU121,93,2001.25
SO154SKU122,2025-06-04,SKU122,167,791.25
SO154SKU123,2025-06-04,SKU123,190,1283.75
SO154SKU124,2025-06-04,SKU124,117,2090.0
SO154SKU125,2025-06-04,SKU125,252,2171.25
SO154SKU126,2025-06-04,SKU126,98,1933.75
SO154SKU127,2025-06-04,SKU127,146,1741.25
SO154SKU128,2025-06-04,SKU128,462,792.5
SO154SKU129,2025-06-04,SKU129,90,1346.25
SO155SKU100,2025-06-05,SKU100,346,2161.25
SO155SKU101,2025-06-05,SKU101,283,1245.0
SO155SKU102,2025-06-05,SKU102,470,772.5
SO155SKU103,2025-06-05,SKU103,313,2328.75
SO155SKU104,2025-06-05,SKU104,131,636.25
SO155SKU105,2025-06-05,SKU105,254,1347.5
SO155SKU106,2025-06-05,SKU106,361,1293.75
SO155SKU107,2025-06-05,SKU107,328,1920.0
SO155SKU108,2025-06-05,SKU108,470,2440.0
SO155SKU109,2025-06-05,SKU109,187,2242.5
SO155SKU110,2025-06-05,SKU110,463,1747.5
SO155SKU111,2025-06-05,SKU111,235,1343.75
SO155SKU112,2025-06-05,SKU112,350,1787.5
SO155SKU113,2025-06-05,SKU113,232,2497.5
SO155SKU114,2025-06-05,SKU114,361,1300.0
SO155SKU115,2025-06-05,SKU115,288,866.25
SO155SKU116,2025-06-05,SKU116,271,491.25
SO155SKU117,2025-06-05,SKU117,132,2353.75
SO155SKU118,2025-06-05,SKU118,435,578.75
SO155SKU119,2025-06-05,SKU119,268,632.5
SO155SKU120,2025-06-05,SKU120,113,1086.25
SO155SKU121,2025-06-05,SKU121,173,2001.25
SO155SKU122,2025-06-05,SKU122,210,791.25
SO155SKU123,2025-06-05,SKU123,467,1283.75
SO155SKU124,2025-06-05,SKU124,400,2090.0
SO155SKU125,2025-06-05,SKU125,493,2171.25
SO155SKU126,2025-06-05,SKU126,362,1933.75
SO155SKU127,2025-06-05,SKU127,453,1741.25
SO155SKU128,2025-06-05,SKU128,347,792.5
SO155SKU129,2025-06-05,SKU129,267,1346.25
SO156SKU100,2025-06-06,SKU100,135,2161.25
SO156SKU101,2025-06-06,SKU101,479,1245.0
SO156SKU102,2025-06-06,SKU102,368,772.5
SO156SKU103,2025-06-06,SKU103,398,2328.75
SO156SKU104,2025-06-06,SKU104,159,636.25
SO156SKU105,2025-06-06,SKU105,471,1347.5
SO156SKU106,2025-06-06,SKU106,306,1293.75
SO156SKU107,2025-06-06,SKU107,367,1920.0
SO156SKU108,2025-06-06,SKU108,346,2440.0
SO156SKU109,2025-06-06,SKU109,419,2242.5
SO156SKU110,2025-06-06,SKU110,204,1747.5
SO156SKU111,2025-06-06,SKU111,416,1343.75
SO156SKU112,2025-06-06,SKU112,499,1787.5
SO156SKU113,2025-06-06,SKU113,256,2497.5
SO156SKU114,2025-06-06,SKU114,152,1300.0
SO156SKU115,2025-06-06,SKU115,302,866.25
SO156SKU116,2025-06-06,SKU116,481,491.25
SO156SKU117,2025-06-06,SKU117,263,2353.75
SO156SKU118,2025-06-06,SKU118,418,578.75
SO156SKU119,2025-06-06,SKU119,373,632.5
SO156SKU120,2025-06-06,SKU120,117,1086.25
SO156SKU121,2025-06-06,SKU121,367,2001.25
SO156SKU122,2025-06-06,SKU122,424,791.25
SO156SKU123,2025-06-06,SKU123,177,1283.75
SO156SKU124,2025-06-06,SKU124,252,2090.0
SO156SKU125,2025-06-06,SKU125,178,2171.25
SO156SKU126,2025-06-06,SKU126,156,1933.75
SO156SKU127,2025-06-06,SKU127,340,1741.25
SO156SKU128,2025-06-06,SKU128,95,792.5
SO156SKU129,2025-06-06,SKU129,465,1346.25
SO157SKU100,2025-06-07,SKU100,496,2161.25
SO157SKU101,2025-06-07,SKU101,113,1245.0
SO157SKU102,2025-06-07,SKU102,411,772.5
SO157SKU103,2025-06-07,SKU103,390,2328.75
SO157SKU104,2025-06-07,SKU104,107,636.25
SO157SKU105,2025-06-07,SKU105,402,1347.5
SO157SKU106,2025-06-07,SKU106,306,1293.75
SO157SKU107,2025-06-07,SKU107,105,1920.0
SO157SKU108,2025-06-07,SKU108,223,2440.0
SO157SKU109,2025-06-07,SKU109,306,2242.5
SO157SKU110,2025-06-07,SKU110,109,1747.5
SO157SKU111,2025-06-07,SKU111,151,1343.75
SO157SKU112,2025-06-07,SKU112,146,1787.5
SO157SKU113,2025-06-07,SKU113,364,2497.5
SO157SKU114,2025-06-07,SKU114,331,1300.0
SO157SKU115,2025-06-07,SKU115,276,866.25
SO157SKU116,2025-06-07,SKU116,438,491.25
SO157SKU117,2025-06-07,SKU117,478,2353.75
SO157SKU118,2025-06-07,SKU118,348,578.75
SO157SKU119,2025-06-07,SKU119,179,632.5
SO157SKU120,2025-06-07,SKU120,125,1086.25
SO157SKU121,2025-06-07,SKU121,446,2001.25
SO157SKU122,2025-06-07,SKU122,285,791.25
SO157SKU123,2025-06-07,SKU123,120,1283.75
SO157SKU124,2025-06-07,SKU124,164,2090.0
SO157SKU125,2025-06-07,SKU125,163,2171.25
SO157SKU126,2025-06-07,SKU126,464,1933.75
SO157SKU127,2025-06-07,SKU127,242,1741.25
SO157SKU128,2025-06-07,SKU128,373,792.5
SO157SKU129,2025-06-07,SKU129,177,1346.25
SO158SKU100,2025-06-08,SKU100,102,2161.25
SO158SKU101,2025-06-08,SKU101,221,1245.0
SO158SKU102,2025-06-08,SKU102,311,772.5
SO158SKU103,2025-06-08,SKU103,132,2328.75
SO158SKU104,2025-06-08,SKU104,152,636.25
SO158SKU105,2025-06-08,SKU105,335,1347.5
SO158SKU106,2025-06-08,SKU106,175,1293.75
SO158SKU107,2025-06-08,SKU107,127,1920.0
SO158SKU108,2025-06-08,SKU108,173,2440.0
SO158SKU109,2025-06-08,SKU109,345,2242.5
SO158SKU110,2025-06-08,SKU110,373,1747.5
SO158SKU111,2025-06-08,SKU111,331,1343.75
SO158SKU112,2025-06-08,SKU112,304,1787.5
SO158SKU113,2025-06-08,SKU113,198,2497.5
SO158SKU114,2025-06-08,SKU114,138,1300.0
SO158SKU115,2025-06-08,SKU115,428,866.25
SO158SKU116,2025-06-08,SKU116,253,491.25
SO158SKU117,2025-06-08,SKU117,91,2353.75
SO158SKU118,2025-06-08,SKU118,358,578.75
SO158SKU119,2025-06-08,SKU119,428,632.5
SO158SKU120,2025-06-08,SKU120,324,1086.25
SO158SKU121,2025-06-08,SKU121,334,2001.25
SO158SKU122,2025-06-08,SKU122,479,791.25
SO158SKU123,2025-06-08,SKU123,471,1283.75
SO158SKU124,2025-06-08,SKU124,123,2090.0
SO158SKU125,2025-06-08,SKU125,194,2171.25
SO158SKU126,2025-06-08,SKU126,161,1933.75
SO158SKU127,2025-06-08,SKU127,417,1741.25
SO158SKU128,2025-06-08,SKU128,309,792.5
SO158SKU129,2025-06-08,SKU129,287,1346.25
SO159SKU100,2025-06-09,SKU100,161,2161.25
SO159SKU101,2025-06-09,SKU101,249,1245.0
SO159SKU102,2025-06-09,SKU102,453,772.5
SO159SKU103,2025-06-09,SKU103,448,2328.75
SO159SKU104,2025-06-09,SKU104,339,636.25
SO159SKU105,2025-06-09,SKU105,232,1347.5
SO159SKU106,2025-06-09,SKU106,456,1293.75
SO159SKU107,2025-06-09,SKU107,113,1920.0
SO159SKU108,2025-06-09,SKU108,311,2440.0
SO159SKU109,2025-06-09,SKU109,494,2242.5
SO159SKU110,2025-06-09,SKU110,415,1747.5
SO159SKU111,2025-06-09,SKU111,171,1343.75
SO159SKU112,2025-06-09,SKU112,309,1787.5
SO159SKU113,2025-06-09,SKU113,473,2497.5
SO159SKU114,2025-06-09,SKU114,395,1300.0
SO159SKU115,2025-06-09,SKU115,119,866.25
SO159SKU116,2025-06-09,SKU116,401,491.25
SO159SKU117,2025-06-09,SKU117,392,2353.75
SO159SKU118,2025-06-09,SKU118,156,578.75
SO159SKU119,2025-06-09,SKU119,303,632.5
SO159SKU120,2025-06-09,SKU120,158,1086.25
SO159SKU121,2025-06-09,SKU121,344,2001.25
SO159SKU122,2025-06-09,SKU122,99,791.25
SO159SKU123,2025-06-09,SKU123,428,1283.75
SO159SKU124,2025-06-09,SKU124,175,2090.0
SO159SKU125,2025-06-09,SKU125,106,2171.25
SO159SKU126,2025-06-09,SKU126,264,1933.75
SO159SKU127,2025-06-09,SKU127,452,1741.25
SO159SKU128,2025-06-09,SKU128,371,792.5
SO159SKU129,2025-06-09,SKU129,165,1346.25
SO160SKU100,2025-06-10,SKU100,175,2161.25
SO160SKU101,2025-06-10,SKU101,148,1245.0
SO160SKU102,2025-06-10,SKU102,217,772.5
SO160SKU103,2025-06-10,SKU103,179,2328.75
SO160SKU104,2025-06-10,SKU104,132,636.25
SO160SKU105,2025-06-10,SKU105,120,1347.5
SO160SKU106,2025-06-10,SKU106,352,1293.75
SO160SKU107,2025-06-10,SKU107,327,1920.0
SO160SKU108,2025-06-10,SKU108,165,2440.0
SO160SKU109,2025-06-10,SKU109,381,2242.5
SO160SKU110,2025-06-10,SKU110,255,1747.5
SO160SKU111,2025-06-10,SKU111,132,1343.75
SO160SKU112,2025-06-10,SKU112,366,1787.5
SO160SKU113,2025-06-10,SKU113,93,2497.5
SO160SKU114,2025-06-10,SKU114,214,1300.0
SO160SKU115,2025-06-10,SKU115,88,866.25
SO160SKU116,2025-06-10,SKU116,428,491.25
SO160SKU117,2025-06-10,SKU117,83,2353.75
SO160SKU118,2025-06-10,SKU118,141,578.75
SO160SKU119,2025-06-10,SKU119,375,632.5
SO160SKU120,2025-06-10,SKU120,326,1086.25
SO160SKU121,2025-06-10,SKU121,181,2001.25
SO160SKU122,2025-06-10,SKU122,377,791.25
SO160SKU123,2025-06-10,SKU123,266,1283.75
SO160SKU124,2025-06-10,SKU124,246,2090.0
SO160SKU125,2025-06-10,SKU125,247,2171.25
SO160SKU126,2025-06-10,SKU126,168,1933.75
SO160SKU127,2025-06-10,SKU127,294,1741.25
SO160SKU128,2025-06-10,SKU128,201,792.5
SO160SKU129,2025-06-10,SKU129,242,1346.25
SO161SKU100,2025-06-11,SKU100,389,2161.25
SO161SKU101,2025-06-11,SKU101,324,1245.0
SO161SKU102,2025-06-11,SKU102,200,772.5
SO161SKU103,2025-06-11,SKU103,472,2328.75
SO161SKU104,2025-06-11,SKU104,150,636.25
SO161SKU105,2025-06-11,SKU105,494,1347.5
SO161SKU106,2025-06-11,SKU106,246,1293.75
SO161SKU107,2025-06-11,SKU107,292,1920.0
SO161SKU108,2025-06-11,SKU108,306,2440.0
SO161SKU109,2025-06-11,SKU109,332,2242.5
SO161SKU110,2025-06-11,SKU110,459,1747.5
SO161SKU111,2025-06-11,SKU111,403,1343.75
SO161SKU112,2025-06-11,SKU112,266,1787.5
SO161SKU113,2025-06-11,SKU113,444,2497.5
SO161SKU114,2025-06-11,SKU114,337,1300.0
SO161SKU115,2025-06-11,SKU115,140,866.25
SO161SKU116,2025-06-11,SKU116,250,491.25
SO161SKU117,2025-06-11,SKU117,100,2353.75
SO161SKU118,2025-06-11,SKU118,407,578.75
SO161SKU119,2025-06-11,SKU119,198,632.5
SO161SKU120,2025-06-11,SKU120,409,1086.25
SO161SKU121,2025-06-11,SKU121,246,2001.25
SO161SKU122,2025-06-11,SKU122,82,791.25
SO161SKU123,2025-06-11,SKU123,347,1283.75
SO161SKU124,2025-06-11,SKU124,364,2090.0
SO161SKU125,2025-06-11,SKU125,225,2171.25
SO161SKU126,2025-06-11,SKU126,395,1933.75
SO161SKU127,2025-06-11,SKU127,446,1741.25
SO161SKU128,2025-06-11,SKU128,433,792.5
SO161SKU129,2025-06-11,SKU129,309,1346.25
SO162SKU100,2025-06-12,SKU100,191,2161.25
SO162SKU101,2025-06-12,SKU101,358,1245.0
SO162SKU102,2025-06-12,SKU102,148,772.5
SO162SKU103,2025-06-12,SKU103,182,2328.75
SO162SKU104,2025-06-12,SKU104,400,636.25
SO162SKU105,2025-06-12,SKU105,273,1347.5
SO162SKU106,2025-06-12,SKU106,205,1293.75
SO162SKU107,2025-06-12,SKU107,184,1920.0
SO162SKU108,2025-06-12,SKU108,92,2440.0
SO162SKU109,2025-06-12,SKU109,345,2242.5
SO162SKU110,2025-06-12,SKU110,170,1747.5
SO162SKU111,2025-06-12,SKU111,317,1343.75
SO162SKU112,2025-06-12,SKU112,367,1787.5
SO162SKU113,2025-06-12,SKU113,274,2497.5
SO162SKU114,2025-06-12,SKU114,96,1300.0
SO162SKU115,2025-06-12,SKU115,341,866.25
SO162SKU116,2025-06-12,SKU116,312,491.25
SO162SKU117,2025-06-12,SKU117,203,2353.75
SO162SKU118,2025-06-12,SKU118,361,578.75
SO162SKU119,2025-06-12,SKU119,141,632.5
SO162SKU120,2025-06-12,SKU120,314,1086.25
SO162SKU121,2025-06-12,SKU121,483,2001.25
SO162SKU122,2025-06-12,SKU122,369,791.25
SO162SKU123,2025-06-12,SKU123,94,1283.75
SO162SKU124,2025-06-12,SKU124,375,2090.0
SO162SKU125,2025-06-12,SKU125,459,2171.25
SO162SKU126,2025-06-12,SKU126,455,1933.75
SO162SKU127,2025-06-12,SKU127,379,1741.25
SO162SKU128,2025-06-12,SKU128,363,792.5
SO162SKU129,2025-06-12,SKU129,165,1346.25
SO163SKU100,2025-06-13,SKU100,228,2161.25
SO163SKU101,2025-06-13,SKU101,250,1245.0
SO163SKU102,2025-06-13,SKU102,495,772.5
SO163SKU103,2025-06-13,SKU103,446,2328.75
SO163SKU104,2025-06-13,SKU104,308,636.25
SO163SKU105,2025-06-13,SKU105,81,1347.5
SO163SKU106,2025-06-13,SKU106,115,1293.75
SO163SKU107,2025-06-13,SKU107,421,1920.0
SO163SKU108,2025-06-13,SKU108,349,2440.0
SO163SKU109,2025-06-13,SKU109,189,2242.5
SO163SKU110,2025-06-13,SKU110,376,1747.5
SO163SKU111,2025-06-13,SKU111,146,1343.75
SO163SKU112,2025-06-13,SKU112,130,1787.5
SO163SKU113,2025-06-13,SKU113,453,2497.5
SO163SKU114,2025-06-13,SKU114,176,1300.0
SO163SKU115,2025-06-13,SKU115,469,866.25
SO163SKU116,2025-06-13,SKU116,431,491.25
SO163SKU117,2025-06-13,SKU117,339,2353.75
SO163SKU118,2025-06-13,SKU118,430,578.75
SO163SKU119,2025-06-13,SKU119,440,632.5
SO163SKU120,2025-06-13,SKU120,262,1086.25
SO163SKU121,2025-06-13,SKU121,281,2001.25
SO163SKU122,2025-06-13,SKU122,88,791.25
SO163SKU123,2025-06-13,SKU123,278,1283.75
SO163SKU124,2025-06-13,SKU124,486,2090.0
SO163SKU125,2025-06-13,SKU125,114,2171.25
SO163SKU126,2025-06-13,SKU126,452,1933.75
SO163SKU127,2025-06-13,SKU127,478,1741.25
SO163SKU128,2025-06-13,SKU128,478,792.5
SO163SKU129,2025-06-13,SKU129,258,1346.25
SO164SKU100,2025-06-14,SKU100,127,2161.25
SO164SKU101,2025-06-14,SKU101,283,1245.0
SO164SKU102,2025-06-14,SKU102,157,772.5
SO164SKU103,2025-06-14,SKU103,431,2328.75
SO164SKU104,2025-06-14,SKU104,318,636.25
SO164SKU105,2025-06-14,SKU105,138,1347.5
SO164SKU106,2025-06-14,SKU106,125,1293.75
SO164SKU107,2025-06-14,SKU107,133,1920.0
SO164SKU108,2025-06-14,SKU108,141,2440.0
SO164SKU109,2025-06-14,SKU109,149,2242.5
SO164SKU110,2025-06-14,SKU110,350,1747.5
SO164SKU111,2025-06-14,SKU111,398,1343.75
SO164SKU112,2025-06-14,SKU112,230,1787.5
SO164SKU113,2025-06-14,SKU113,252,2497.5
SO164SKU114,2025-06-14,SKU114,171,1300.0
SO164SKU115,2025-06-14,SKU115,234,866.25
SO164SKU116,2025-06-14,SKU116,471,491.25
SO164SKU117,2025-06-14,SKU117,126,2353.75
SO164SKU118,2025-06-14,SKU118,282,578.75
SO164SKU119,2025-06-14,SKU119,252,632.5
SO164SKU120,2025-06-14,SKU120,247,1086.25
SO164SKU121,2025-06-14,SKU121,226,2001.25
SO164SKU122,2025-06-14,SKU122,382,791.25
SO164SKU123,2025-06-14,SKU123,449,1283.75
SO164SKU124,2025-06-14,SKU124,459,2090.0
SO164SKU125,2025-06-14,SKU125,189,2171.25
SO164SKU126,2025-06-14,SKU126,256,1933.75
SO164SKU127,2025-06-14,SKU127,334,1741.25
SO164SKU128,2025-06-14,SKU128,312,792.5
SO164SKU129,2025-06-14,SKU129,297,1346.25
SO165SKU100,2025-06-15,SKU100,296,2161.25
SO165SKU101,2025-06-15,SKU101,325,1245.0
SO165SKU102,2025-06-15,SKU102,110,772.5
SO165SKU103,2025-06-15,SKU103,306,2328.75
SO165SKU104,2025-06-15,SKU104,298,636.25
SO165SKU105,2025-06-15,SKU105,196,1347.5
SO165SKU106,2025-06-15,SKU106,412,1293.75
SO165SKU107,2025-06-15,SKU107,243,1920.0
SO165SKU108,2025-06-15,SKU108,430,2440.0
SO165SKU109,2025-06-15,SKU109,439,2242.5
SO165SKU110,2025-06-15,SKU110,207,1747.5
SO165SKU111,2025-06-15,SKU111,265,1343.75
SO165SKU112,2025-06-15,SKU112,368,1787.5
SO165SKU113,2025-06-15,SKU113,268,2497.5
SO165SKU114,2025-06-15,SKU114,113,1300.0
SO165SKU115,2025-06-15,SKU115,478,866.25
SO165SKU116,2025-06-15,SKU116,297,491.25
SO165SKU117,2025-06-15,SKU117,325,2353.75
SO165SKU118,2025-06-15,SKU118,494,578.75
SO165SKU119,2025-06-15,SKU119,136,632.5
SO165SKU120,2025-06-15,SKU120,140,1086.25
SO165SKU121,2025-06-15,SKU121,99,2001.25
SO165SKU122,2025-06-15,SKU122,291,791.25
SO165SKU123,2025-06-15,SKU123,284,1283.75
SO165SKU124,2025-06-15,SKU124,162,2090.0
SO165SKU125,2025-06-15,SKU125,86,2171.25
SO165SKU126,2025-06-15,SKU126,267,1933.75
SO165SKU127,2025-06-15,SKU127,95,1741.25
SO165SKU128,2025-06-15,SKU128,440,792.5
SO165SKU129,2025-06-15,SKU129,340,1346.25
SO166SKU100,2025-06-16,SKU100,169,2161.25
SO166SKU101,2025-06-16,SKU101,88,1245.0
SO166SKU102,2025-06-16,SKU102,352,772.5
SO166SKU103,2025-06-16,SKU103,308,2328.75
SO166SKU104,2025-06-16,SKU104,209,636.25
SO166SKU105,2025-06-16,SKU105,367,1347.5
SO166SKU106,2025-06-16,SKU106,491,1293.75
SO166SKU107,2025-06-16,SKU107,286,1920.0
SO166SKU108,2025-06-16,SKU108,210,2440.0
SO166SKU109,2025-06-16,SKU109,156,2242.5
SO166SKU110,2025-06-16,SKU110,348,1747.5
SO166SKU111,2025-06-16,SKU111,323,1343.75
SO166SKU112,2025-06-16,SKU112,286,1787.5
SO166SKU113,2025-06-16,SKU113,249,2497.5
SO166SKU114,2025-06-16,SKU114,114,1300.0
SO166SKU115,2025-06-16,SKU115,381,866.25
SO166SKU116,2025-06-16,SKU116,209,491.25
SO166SKU117,2025-06-16,SKU117,214,2353.75
SO166SKU118,2025-06-16,SKU118,362,578.75
SO166SKU119,2025-06-16,SKU119,467,632.5
SO166SKU120,2025-06-16,SKU120,436,1086.25
SO166SKU121,2025-06-16,SKU121,207,2001.25
SO166SKU122,2025-06-16,SKU122,242,791.25
SO166SKU123,2025-06-16,SKU123,392,1283.75
SO166SKU124,2025-06-16,SKU124,381,2090.0
SO166SKU125,2025-06-16,SKU125,334,2171.25
SO166SKU126,2025-06-16,SKU126,390,1933.75
SO166SKU127,2025-06-16,SKU127,194,1741.25
SO166SKU128,2025-06-16,SKU128,382,792.5
SO166SKU129,2025-06-16,SKU129,292,1346.25
SO167SKU100,2025-06-17,SKU100,169,2161.25
SO167SKU101,2025-06-17,SKU101,187,1245.0
SO167SKU102,2025-06-17,SKU102,382,772.5
SO167SKU103,2025-06-17,SKU103,138,2328.75
SO167SKU104,2025-06-17,SKU104,87,636.25
SO167SKU105,2025-06-17,SKU105,300,1347.5
SO167SKU106,2025-06-17,SKU106,93,1293.75
SO167SKU107,2025-06-17,SKU107,315,1920.0
SO167SKU108,2025-06-17,SKU108,167,2440.0
SO167SKU109,2025-06-17,SKU109,161,2242.5
SO167SKU110,2025-06-17,SKU110,402,1747.5
SO167SKU111,2025-06-17,SKU111,128,1343.75
SO167SKU112,2025-06-17,SKU112,489,1787.5
SO167SKU113,2025-06-17,SKU113,439,2497.5
SO167SKU114,2025-06-17,SKU114,384,1300.0
SO167SKU115,2025-06-17,SKU115,155,866.25
SO167SKU116,2025-06-17,SKU116,91,491.25
SO167SKU117,2025-06-17,SKU117,400,2353.75
SO167SKU118,2025-06-17,SKU118,418,578.75
SO167SKU119,2025-06-17,SKU119,284,632.5
SO167SKU120,2025-06-17,SKU120,150,1086.25
SO167SKU121,2025-06-17,SKU121,262,2001.25
SO167SKU122,2025-06-17,SKU122,199,791.25
SO167SKU123,2025-06-17,SKU123,271,1283.75
SO167SKU124,2025-06-17,SKU124,168,2090.0
SO167SKU125,2025-06-17,SKU125,356,2171.25
SO167SKU126,2025-06-17,SKU126,322,1933.75
SO167SKU127,2025-06-17,SKU127,176,1741.25
SO167SKU128,2025-06-17,SKU128,384,792.5
SO167SKU129,2025-06-17,SKU129,123,1346.25
SO168SKU100,2025-06-18,SKU100,216,2161.25
SO168SKU101,2025-06-18,SKU101,445,1245.0
SO168SKU102,2025-06-18,SKU102,377,772.5
SO168SKU103,2025-06-18,SKU103,102,2328.75
SO168SKU104,2025-06-18,SKU104,207,636.25
SO168SKU105,2025-06-18,SKU105,493,1347.5
SO168SKU106,2025-06-18,SKU106,250,1293.75
SO168SKU107,2025-06-18,SKU107,478,1920.0
SO168SKU108,2025-06-18,SKU108,492,2440.0
SO168SKU109,2025-06-18,SKU109,173,2242.5
SO168SKU110,2025-06-18,SKU110,389,1747.5
SO168SKU111,2025-06-18,SKU111,224,1343.75
SO168SKU112,2025-06-18,SKU112,359,1787.5
SO168SKU113,2025-06-18,SKU113,393,2497.5
SO168SKU114,2025-06-18,SKU114,341,1300.0
SO168SKU115,2025-06-18,SKU115,85,866.25
SO168SKU116,2025-06-18,SKU116,277,491.25
SO168SKU117,2025-06-18,SKU117,469,2353.75
SO168SKU118,2025-06-18,SKU118,220,578.75
SO168SKU119,2025-06-18,SKU119,337,632.5
SO168SKU120,2025-06-18,SKU120,353,1086.25
SO168SKU121,2025-06-18,SKU121,196,2001.25
SO168SKU122,2025-06-18,SKU122,212,791.25
SO168SKU123,2025-06-18,SKU123,349,1283.75
SO168SKU124,2025-06-18,SKU124,297,2090.0
SO168SKU125,2025-06-18,SKU125,233,2171.25
SO168SKU126,2025-06-18,SKU126,467,1933.75
SO168SKU127,2025-06-18,SKU127,418,1741.25
SO168SKU128,2025-06-18,SKU128,497,792.5
SO168SKU129,2025-06-18,SKU129,288,1346.25
SO169SKU100,2025-06-19,SKU100,164,2161.25
SO169SKU101,2025-06-19,SKU101,234,1245.0
SO169SKU102,2025-06-19,SKU102,395,772.5
SO169SKU103,2025-06-19,SKU103,96,2328.75
SO169SKU104,2025-06-19,SKU104,220,636.25
SO169SKU105,2025-06-19,SKU105,285,1347.5
SO169SKU106,2025-06-19,SKU106,459,1293.75
SO169SKU107,2025-06-19,SKU107,475,1920.0
SO169SKU108,2025-06-19,SKU108,384,2440.0
SO169SKU109,2025-06-19,SKU109,101,2242.5
SO169SKU110,2025-06-19,SKU110,285,1747.5
SO169SKU111,2025-06-19,SKU111,129,1343.75
SO169SKU112,2025-06-19,SKU112,291,1787.5
SO169SKU113,2025-06-19,SKU113,195,2497.5
SO169SKU114,2025-06-19,SKU114,281,1300.0
SO169SKU115,2025-06-19,SKU115,296,866.25
SO169SKU116,2025-06-19,SKU116,492,491.25
SO169SKU117,2025-06-19,SKU117,282,2353.75
SO169SKU118,2025-06-19,SKU118,239,578.75
SO169SKU119,2025-06-19,SKU119,239,632.5
SO169SKU120,2025-06-19,SKU120,254,1086.25
SO169SKU121,2025-06-19,SKU121,417,2001.25
SO169SKU122,2025-06-19,SKU122,149,791.25
SO169SKU123,2025-06-19,SKU123,109,1283.75
SO169SKU124,2025-06-19,SKU124,206,2090.0
SO169SKU125,2025-06-19,SKU125,435,2171.25
SO169SKU126,2025-06-19,SKU126,322,1933.75
SO169SKU127,2025-06-19,SKU127,111,1741.25
SO169SKU128,2025-06-19,SKU128,465,792.5
SO169SKU129,2025-06-19,SKU129,295,1346.25
SO170SKU100,2025-06-20,SKU100,493,2161.25
SO170SKU101,2025-06-20,SKU101,208,1245.0
SO170SKU102,2025-06-20,SKU102,272,772.5
SO170SKU103,2025-06-20,SKU103,220,2328.75
SO170SKU104,2025-06-20,SKU104,365,636.25
SO170SKU105,2025-06-20,SKU105,290,1347.5
SO170SKU106,2025-06-20,SKU106,162,1293.75
SO170SKU107,2025-06-20,SKU107,296,1920.0
SO170SKU108,2025-06-20,SKU108,306,2440.0
SO170SKU109,2025-06-20,SKU109,310,2242.5
SO170SKU110,2025-06-20,SKU110,243,1747.5
SO170SKU111,2025-06-20,SKU111,339,1343.75
SO170SKU112,2025-06-20,SKU112,146,1787.5
SO170SKU113,2025-06-20,SKU113,489,2497.5
SO170SKU114,2025-06-20,SKU114,146,1300.0
SO170SKU115,2025-06-20,SKU115,294,866.25
SO170SKU116,2025-06-20,SKU116,135,491.25
SO170SKU117,2025-06-20,SKU117,391,2353.75
SO170SKU118,2025-06-20,SKU118,435,578.75
SO170SKU119,2025-06-20,SKU119,175,632.5
SO170SKU120,2025-06-20,SKU120,172,1086.25
SO170SKU121,2025-06-20,SKU121,324,2001.25
SO170SKU122,2025-06-20,SKU122,285,791.25
SO170SKU123,2025-06-20,SKU123,114,1283.75
SO170SKU124,2025-06-20,SKU124,170,2090.0
SO170SKU125,2025-06-20,SKU125,270,2171.25
SO170SKU126,2025-06-20,SKU126,208,1933.75
SO170SKU127,2025-06-20,SKU127,278,1741.25
SO170SKU128,2025-06-20,SKU128,354,792.5
SO170SKU129,2025-06-20,SKU129,344,1346.25
SO171SKU100,2025-06-21,SKU100,164,2161.25
SO171SKU101,2025-06-21,SKU101,155,1245.0
SO171SKU102,2025-06-21,SKU102,184,772.5
SO171SKU103,2025-06-21,SKU103,468,2328.75
SO171SKU104,2025-06-21,SKU104,300,636.25
SO171SKU105,2025-06-21,SKU105,277,1347.5
SO171SKU106,2025-06-21,SKU106,316,1293.75
SO171SKU107,2025-06-21,SKU107,268,1920.0
SO171SKU108,2025-06-21,SKU108,238,2440.0
SO171SKU109,2025-06-21,SKU109,435,2242.5
SO171SKU110,2025-06-21,SKU110,209,1747.5
SO171SKU111,2025-06-21,SKU111,96,1343.75
SO171SKU112,2025-06-21,SKU112,236,1787.5
SO171SKU113,2025-06-21,SKU113,319,2497.5
SO171SKU114,2025-06-21,SKU114,180,1300.0
SO171SKU115,2025-06-21,SKU115,151,866.25
SO171SKU116,2025-06-21,SKU116,445,491.25
SO171SKU117,2025-06-21,SKU117,355,2353.75
SO171SKU118,2025-06-21,SKU118,331,578.75
SO171SKU119,2025-06-21,SKU119,497,632.5
SO171SKU120,2025-06-21,SKU120,476,1086.25
SO171SKU121,2025-06-21,SKU121,420,2001.25
SO171SKU122,2025-06-21,SKU122,460,791.25
SO171SKU123,2025-06-21,SKU123,178,1283.75
SO171SKU124,2025-06-21,SKU124,274,2090.0
SO171SKU125,2025-06-21,SKU125,323,2171.25
SO171SKU126,2025-06-21,SKU126,357,1933.75
SO171SKU127,2025-06-21,SKU127,481,1741.25
SO171SKU128,2025-06-21,SKU128,101,792.5
SO171SKU129,2025-06-21,SKU129,179,1346.25
SO172SKU100,2025-06-22,SKU100,343,2161.25
SO172SKU101,2025-06-22,SKU101,322,1245.0
SO172SKU102,2025-06-22,SKU102,114,772.5
SO172SKU103,2025-06-22,SKU103,222,2328.75
SO172SKU104,2025-06-22,SKU104,213,636.25
SO172SKU105,2025-06-22,SKU105,352,1347.5
SO172SKU106,2025-06-22,SKU106,265,1293.75
SO172SKU107,2025-06-22,SKU107,397,1920.0
SO172SKU108,2025-06-22,SKU108,362,2440.0
SO172SKU109,2025-06-22,SKU109,413,2242.5
SO172SKU110,2025-06-22,SKU110,244,1747.5
SO172SKU111,2025-06-22,SKU111,155,1343.75
SO172SKU112,2025-06-22,SKU112,418,1787.5
SO172SKU113,2025-06-22,SKU113,277,2497.5
SO172SKU114,2025-06-22,SKU114,297,1300.0
SO172SKU115,2025-06-22,SKU115,477,866.25
SO172SKU116,2025-06-22,SKU116,111,491.25
SO172SKU117,2025-06-22,SKU117,376,2353.75
SO172SKU118,2025-06-22,SKU118,220,578.75
SO172SKU119,2025-06-22,SKU119,209,632.5
SO172SKU120,2025-06-22,SKU120,125,1086.25
SO172SKU121,2025-06-22,SKU121,462,2001.25
SO172SKU122,2025-06-22,SKU122,169,791.25
SO172SKU123,2025-06-22,SKU123,365,1283.75
SO172SKU124,2025-06-22,SKU124,163,2090.0
SO172SKU125,2025-06-22,SKU125,485,2171.25
SO172SKU126,2025-06-22,SKU126,417,1933.75
SO172SKU127,2025-06-22,SKU127,498,1741.25
SO172SKU128,2025-06-22,SKU128,168,792.5
SO172SKU129,2025-06-22,SKU129,105,1346.25
SO173SKU100,2025-06-23,SKU100,277,2161.25
SO173SKU101,2025-06-23,SKU101,103,1245.0
SO173SKU102,2025-06-23,SKU102,403,772.5
SO173SKU103,2025-06-23,SKU103,490,2328.75
SO173SKU104,2025-06-23,SKU104,142,636.25
SO173SKU105,2025-06-23,SKU105,231,1347.5
SO173SKU106,2025-06-23,SKU106,127,1293.75
SO173SKU107,2025-06-23,SKU107,363,1920.0
SO173SKU108,2025-06-23,SKU108,204,2440.0
SO173SKU109,2025-06-23,SKU109,341,2242.5
SO173SKU110,2025-06-23,SKU110,295,1747.5
SO173SKU111,2025-06-23,SKU111,150,1343.75
SO173SKU112,2025-06-23,SKU112,381,1787.5
SO173SKU113,2025-06-23,SKU113,130,2497.5
SO173SKU114,2025-06-23,SKU114,475,1300.0
SO173SKU115,2025-06-23,SKU115,464,866.25
SO173SKU116,2025-06-23,SKU116,269,491.25
SO173SKU117,2025-06-23,SKU117,248,2353.75
SO173SKU118,2025-06-23,SKU118,304,578.75
SO173SKU119,2025-06-23,SKU119,432,632.5
SO173SKU120,2025-06-23,SKU120,422,1086.25
SO173SKU121,2025-06-23,SKU121,117,2001.25
SO173SKU122,2025-06-23,SKU122,269,791.25
SO173SKU123,2025-06-23,SKU123,126,1283.75
SO173SKU124,2025-06-23,SKU124,80,2090.0
SO173SKU125,2025-06-23,SKU125,131,2171.25
SO173SKU126,2025-06-23,SKU126,475,1933.75
SO173SKU127,2025-06-23,SKU127,394,1741.25
SO173SKU128,2025-06-23,SKU128,179,792.5
SO173SKU129,2025-06-23,SKU129,230,1346.25
SO174SKU100,2025-06-24,SKU100,321,2161.25
SO174SKU101,2025-06-24,SKU101,408,1245.0
SO174SKU102,2025-06-24,SKU102,266,772.5
SO174SKU103,2025-06-24,SKU103,172,2328.75
SO174SKU104,2025-06-24,SKU104,312,636.25
SO174SKU105,2025-06-24,SKU105,384,1347.5
SO174SKU106,2025-06-24,SKU106,124,1293.75
SO174SKU107,2025-06-24,SKU107,263,1920.0
SO174SKU108,2025-06-24,SKU108,375,2440.0
SO174SKU109,2025-06-24,SKU109,87,2242.5
SO174SKU110,2025-06-24,SKU110,82,1747.5
SO174SKU111,2025-06-24,SKU111,151,1343.75
SO174SKU112,2025-06-24,SKU112,251,1787.5
SO174SKU113,2025-06-24,SKU113,329,2497.5
SO174SKU114,2025-06-24,SKU114,423,1300.0
SO174SKU115,2025-06-24,SKU115,277,866.25
SO174SKU116,2025-06-24,SKU116,357,491.25
SO174SKU117,2025-06-24,SKU117,154,2353.75
SO174SKU118,2025-06-24,SKU118,383,578.75
SO174SKU119,2025-06-24,SKU119,216,632.5
SO174SKU120,2025-06-24,SKU120,324,1086.25
SO174SKU121,2025-06-24,SKU121,310,2001.25
SO174SKU122,2025-06-24,SKU122,215,791.25
SO174SKU123,2025-06-24,SKU123,147,1283.75
SO174SKU124,2025-06-24,SKU124,428,2090.0
SO174SKU125,2025-06-24,SKU125,103,2171.25
SO174SKU126,2025-06-24,SKU126,81,1933.75
SO174SKU127,2025-06-24,SKU127,267,1741.25
SO174SKU128,2025-06-24,SKU128,374,792.5
SO174SKU129,2025-06-24,SKU129,112,1346.25
SO175SKU100,2025-06-25,SKU100,449,2161.25
SO175SKU101,2025-06-25,SKU101,109,1245.0
SO175SKU102,2025-06-25,SKU102,498,772.5
SO175SKU103,2025-06-25,SKU103,214,2328.75
SO175SKU104,2025-06-25,SKU104,149,636.25
SO175SKU105,2025-06-25,SKU105,357,1347.5
SO175SKU106,2025-06-25,SKU106,326,1293.75
SO175SKU107,2025-06-25,SKU107,367,1920.0
SO175SKU108,2025-06-25,SKU108,139,2440.0
SO175SKU109,2025-06-25,SKU109,171,2242.5
SO175SKU110,2025-06-25,SKU110,416,1747.5
SO175SKU111,2025-06-25,SKU111,121,1343.75
SO175SKU112,2025-06-25,SKU112,265,1787.5
SO175SKU113,2025-06-25,SKU113,500,2497.5
SO175SKU114,2025-06-25,SKU114,96,1300.0
SO175SKU115,2025-06-25,SKU115,240,866.25
SO175SKU116,2025-06-25,SKU116,211,491.25
SO175SKU117,2025-06-25,SKU117,338,2353.75
SO175SKU118,2025-06-25,SKU118,444,578.75
SO175SKU119,2025-06-25,SKU119,495,632.5
SO175SKU120,2025-06-25,SKU120,319,1086.25
SO175SKU121,2025-06-25,SKU121,189,2001.25
SO175SKU122,2025-06-25,SKU122,147,791.25
SO175SKU123,2025-06-25,SKU123,472,1283.75
SO175SKU124,2025-06-25,SKU124,399,2090.0
SO175SKU125,2025-06-25,SKU125,152,2171.25
SO175SKU126,2025-06-25,SKU126,239,1933.75
SO175SKU127,2025-06-25,SKU127,474,1741.25
SO175SKU128,2025-06-25,SKU128,212,792.5
SO175SKU129,2025-06-25,SKU129,476,1346.25
SO176SKU100,2025-06-26,SKU100,110,2161.25
SO176SKU101,2025-06-26,SKU101,302,1245.0
SO176SKU102,2025-06-26,SKU102,179,772.5
SO176SKU103,2025-06-26,SKU103,208,2328.75
SO176SKU104,2025-06-26,SKU104,179,636.25
SO176SKU105,2025-06-26,SKU105,489,1347.5
SO176SKU106,2025-06-26,SKU106,232,1293.75
SO176SKU107,2025-06-26,SKU107,104,1920.0
SO176SKU108,2025-06-26,SKU108,497,2440.0
SO176SKU109,2025-06-26,SKU109,105,2242.5
SO176SKU110,2025-06-26,SKU110,251,1747.5
SO176SKU111,2025-06-26,SKU111,161,1343.75
SO176SKU112,2025-06-26,SKU112,84,1787.5
SO176SKU113,2025-06-26,SKU113,250,2497.5
SO176SKU114,2025-06-26,SKU114,101,1300.0
SO176SKU115,2025-06-26,SKU115,454,866.25
SO176SKU116,2025-06-26,SKU116,199,491.25
SO176SKU117,2025-06-26,SKU117,316,2353.75
SO176SKU118,2025-06-26,SKU118,387,578.75
SO176SKU119,2025-06-26,SKU119,248,632.5
SO176SKU120,2025-06-26,SKU120,307,1086.25
SO176SKU121,2025-06-26,SKU121,439,2001.25
SO176SKU122,2025-06-26,SKU122,287,791.25
SO176SKU123,2025-06-26,SKU123,199,1283.75
SO176SKU124,2025-06-26,SKU124,122,2090.0
SO176SKU125,2025-06-26,SKU125,122,2171.25
SO176SKU126,2025-06-26,SKU126,240,1933.75
SO176SKU127,2025-06-26,SKU127,110,1741.25
SO176SKU128,2025-06-26,SKU128,495,792.5
SO176SKU129,2025-06-26,SKU129,243,1346.25
SO177SKU100,2025-06-27,SKU100,440,2161.25
SO177SKU101,2025-06-27,SKU101,384,1245.0
SO177SKU102,2025-06-27,SKU102,460,772.5
SO177SKU103,2025-06-27,SKU103,94,2328.75
SO177SKU104,2025-06-27,SKU104,113,636.25
SO177SKU105,2025-06-27,SKU105,426,1347.5
SO177SKU106,2025-06-27,SKU106,449,1293.75
SO177SKU107,2025-06-27,SKU107,376,1920.0
SO177SKU108,2025-06-27,SKU108,144,2440.0
SO177SKU109,2025-06-27,SKU109,103,2242.5
SO177SKU110,2025-06-27,SKU110,225,1747.5
SO177SKU111,2025-06-27,SKU111,400,1343.75
SO177SKU112,2025-06-27,SKU112,414,1787.5
SO177SKU113,2025-06-27,SKU113,169,2497.5
SO177SKU114,2025-06-27,SKU114,469,1300.0
SO177SKU115,2025-06-27,SKU115,370,866.25
SO177SKU116,2025-06-27,SKU116,278,491.25
SO177SKU117,2025-06-27,SKU117,329,2353.75
SO177SKU118,2025-06-27,SKU118,409,578.75
SO177SKU119,2025-06-27,SKU119,360,632.5
SO177SKU120,2025-06-27,SKU120,447,1086.25
SO177SKU121,2025-06-27,SKU121,478,2001.25
SO177SKU122,2025-06-27,SKU122,336,791.25
SO177SKU123,2025-06-27,SKU123,446,1283.75
SO177SKU124,2025-06-27,SKU124,179,2090.0
SO177SKU125,2025-06-27,SKU125,377,2171.25
SO177SKU126,2025-06-27,SKU126,195,1933.75
SO177SKU127,2025-06-27,SKU127,314,1741.25
SO177SKU128,2025-06-27,SKU128,247,792.5
SO177SKU129,2025-06-27,SKU129,258,1346.25
SO178SKU100,2025-06-28,SKU100,418,2161.25
SO178SKU101,2025-06-28,SKU101,156,1245.0
SO178SKU102,2025-06-28,SKU102,249,772.5
SO178SKU103,2025-06-28,SKU103,457,2328.75
SO178SKU104,2025-06-28,SKU104,409,636.25
SO178SKU105,2025-06-28,SKU105,426,1347.5
SO178SKU106,2025-06-28,SKU106,406,1293.75
SO178SKU107,2025-06-28,SKU107,291,1920.0
SO178SKU108,2025-06-28,SKU108,157,2440.0
SO178SKU109,2025-06-28,SKU109,276,2242.5
SO178SKU110,2025-06-28,SKU110,149,1747.5
SO178SKU111,2025-06-28,SKU111,427,1343.75
SO178SKU112,2025-06-28,SKU112,466,1787.5
SO178SKU113,2025-06-28,SKU113,484,2497.5
SO178SKU114,2025-06-28,SKU114,369,1300.0
SO178SKU115,2025-06-28,SKU115,383,866.25
SO178SKU116,2025-06-28,SKU116,165,491.25
SO178SKU117,2025-06-28,SKU117,203,2353.75
SO178SKU118,2025-06-28,SKU118,84,578.75
SO178SKU119,2025-06-28,SKU119,269,632.5
SO178SKU120,2025-06-28,SKU120,210,1086.25
SO178SKU121,2025-06-28,SKU121,92,2001.25
SO178SKU122,2025-06-28,SKU122,307,791.25
SO178SKU123,2025-06-28,SKU123,162,1283.75
SO178SKU124,2025-06-28,SKU124,172,2090.0
SO178SKU125,2025-06-28,SKU125,130,2171.25
SO178SKU126,2025-06-28,SKU126,418,1933.75
SO178SKU127,2025-06-28,SKU127,348,1741.25
SO178SKU128,2025-06-28,SKU128,330,792.5
SO178SKU129,2025-06-28,SKU129,369,1346.25
SO179SKU100,2025-06-29,SKU100,275,2161.25
SO179SKU101,2025-06-29,SKU101,105,1245.0
SO179SKU102,2025-06-29,SKU102,201,772.5
SO179SKU103,2025-06-29,SKU103,190,2328.75
SO179SKU104,2025-06-29,SKU104,159,636.25
SO179SKU105,2025-06-29,SKU105,168,1347.5
SO179SKU106,2025-06-29,SKU106,239,1293.75
SO179SKU107,2025-06-29,SKU107,343,1920.0
SO179SKU108,2025-06-29,SKU108,324,2440.0
SO179SKU109,2025-06-29,SKU109,362,2242.5
SO179SKU110,2025-06-29,SKU110,145,1747.5
SO179SKU111,2025-06-29,SKU111,419,1343.75
SO179SKU112,2025-06-29,SKU112,125,1787.5
SO179SKU113,2025-06-29,SKU113,415,2497.5
SO179SKU114,2025-06-29,SKU114,463,1300.0
SO179SKU115,2025-06-29,SKU115,113,866.25
SO179SKU116,2025-06-29,SKU116,388,491.25
SO179SKU117,2025-06-29,SKU117,424,2353.75
SO179SKU118,2025-06-29,SKU118,86,578.75
SO179SKU119,2025-06-29,SKU119,105,632.5
SO179SKU120,2025-06-29,SKU120,156,1086.25
SO179SKU121,2025-06-29,SKU121,447,2001.25
SO179SKU122,2025-06-29,SKU122,145,791.25
SO179SKU123,2025-06-29,SKU123,270,1283.75
SO179SKU124,2025-06-29,SKU124,477,2090.0
SO179SKU125,2025-06-29,SKU125,293,2171.25
SO179SKU126,2025-06-29,SKU126,209,1933.75
SO179SKU127,2025-06-29,SKU127,109,1741.25
SO179SKU128,2025-06-29,SKU128,305,792.5
SO179SKU129,2025-06-29,SKU129,379,1346.25
SO180SKU100,2025-06-30,SKU100,378,2161.25
SO180SKU101,2025-06-30,SKU101,141,1245.0
SO180SKU102,2025-06-30,SKU102,206,772.5
SO180SKU103,2025-06-30,SKU103,500,2328.75
SO180SKU104,2025-06-30,SKU104,280,636.25
SO180SKU105,2025-06-30,SKU105,490,1347.5
SO180SKU106,2025-06-30,SKU106,329,1293.75
SO180SKU107,2025-06-30,SKU107,287,1920.0
SO180SKU108,2025-06-30,SKU108,293,2440.0
SO180SKU109,2025-06-30,SKU109,465,2242.5
SO180SKU110,2025-06-30,SKU110,199,1747.5
SO180SKU111,2025-06-30,SKU111,372,1343.75
SO180SKU112,2025-06-30,SKU112,265,1787.5
SO180SKU113,2025-06-30,SKU113,478,2497.5
SO180SKU114,2025-06-30,SKU114,415,1300.0
SO180SKU115,2025-06-30,SKU115,180,866.25
SO180SKU116,2025-06-30,SKU116,176,491.25
SO180SKU117,2025-06-30,SKU117,256,2353.75
SO180SKU118,2025-06-30,SKU118,272,578.75
SO180SKU119,2025-06-30,SKU119,166,632.5
SO180SKU120,2025-06-30,SKU120,140,1086.25
SO180SKU121,2025-06-30,SKU121,190,2001.25
SO180SKU122,2025-06-30,SKU122,458,791.25
SO180SKU123,2025-06-30,SKU123,436,1283.75
SO180SKU124,2025-06-30,SKU124,131,2090.0
SO180SKU125,2025-06-30,SKU125,100,2171.25
SO180SKU126,2025-06-30,SKU126,384,1933.75
SO180SKU127,2025-06-30,SKU127,458,1741.25
SO180SKU128,2025-06-30,SKU128,407,792.5
SO180SKU129,2025-06-30,SKU129,500,1346.25
SO181SKU100,2025-07-01,SKU100,421,2161.25
SO181SKU101,2025-07-01,SKU101,195,1245.0
SO181SKU102,2025-07-01,SKU102,497,772.5
SO181SKU103,2025-07-01,SKU103,119,2328.75
SO181SKU104,2025-07-01,SKU104,422,636.25
SO181SKU105,2025-07-01,SKU105,271,1347.5
SO181SKU106,2025-07-01,SKU106,319,1293.75
SO181SKU107,2025-07-01,SKU107,433,1920.0
SO181SKU108,2025-07-01,SKU108,249,2440.0
SO181SKU109,2025-07-01,SKU109,444,2242.5
SO181SKU110,2025-07-01,SKU110,475,1747.5
SO181SKU111,2025-07-01,SKU111,182,1343.75
SO181SKU112,2025-07-01,SKU112,269,1787.5
SO181SKU113,2025-07-01,SKU113,277,2497.5
SO181SKU114,2025-07-01,SKU114,337,1300.0
SO181SKU115,2025-07-01,SKU115,186,866.25
SO181SKU116,2025-07-01,SKU116,170,491.25
SO181SKU117,2025-07-01,SKU117,354,2353.75
SO181SKU118,2025-07-01,SKU118,250,578.75
SO181SKU119,2025-07-01,SKU119,236,632.5
SO181SKU120,2025-07-01,SKU120,469,1086.25
SO181SKU121,2025-07-01,SKU121,482,2001.25
SO181SKU122,2025-07-01,SKU122,283,791.25
SO181SKU123,2025-07-01,SKU123,137,1283.75
SO181SKU124,2025-07-01,SKU124,312,2090.0
SO181SKU125,2025-07-01,SKU125,202,2171.25
SO181SKU126,2025-07-01,SKU126,140,1933.75
SO181SKU127,2025-07-01,SKU127,496,1741.25
SO181SKU128,2025-07-01,SKU128,413,792.5
SO181SKU129,2025-07-01,SKU129,485,1346.25
SO182SKU100,2025-07-02,SKU100,95,2161.25
SO182SKU101,2025-07-02,SKU101,142,1245.0
SO182SKU102,2025-07-02,SKU102,262,772.5
SO182SKU103,2025-07-02,SKU103,141,2328.75
SO182SKU104,2025-07-02,SKU104,308,636.25
SO182SKU105,2025-07-02,SKU105,242,1347.5
SO182SKU106,2025-07-02,SKU106,416,1293.75
SO182SKU107,2025-07-02,SKU107,338,1920.0
SO182SKU108,2025-07-02,SKU108,428,2440.0
SO182SKU109,2025-07-02,SKU109,104,2242.5
SO182SKU110,2025-07-02,SKU110,163,1747.5
SO182SKU111,2025-07-02,SKU111,434,1343.75
SO182SKU112,2025-07-02,SKU112,459,1787.5
SO182SKU113,2025-07-02,SKU113,307,2497.5
SO182SKU114,2025-07-02,SKU114,300,1300.0
SO182SKU115,2025-07-02,SKU115,176,866.25
SO182SKU116,2025-07-02,SKU116,222,491.25
SO182SKU117,2025-07-02,SKU117,103,2353.75
SO182SKU118,2025-07-02,SKU118,262,578.75
SO182SKU119,2025-07-02,SKU119,354,632.5
SO182SKU120,2025-07-02,SKU120,412,1086.25
SO182SKU121,2025-07-02,SKU121,92,2001.25
SO182SKU122,2025-07-02,SKU122,429,791.25
SO182SKU123,2025-07-02,SKU123,238,1283.75
SO182SKU124,2025-07-02,SKU124,179,2090.0
SO182SKU125,2025-07-02,SKU125,234,2171.25
SO182SKU126,2025-07-02,SKU126,485,1933.75
SO182SKU127,2025-07-02,SKU127,283,1741.25
SO182SKU128,2025-07-02,SKU128,124,792.5
SO182SKU129,2025-07-02,SKU129,97,1346.25
SO183SKU100,2025-07-03,SKU100,448,2161.25
SO183SKU101,2025-07-03,SKU101,417,1245.0
SO183SKU102,2025-07-03,SKU102,166,772.5
SO183SKU103,2025-07-03,SKU103,497,2328.75
SO183SKU104,2025-07-03,SKU104,177,636.25
SO183SKU105,2025-07-03,SKU105,169,1347.5
SO183SKU106,2025-07-03,SKU106,322,1293.75
SO183SKU107,2025-07-03,SKU107,261,1920.0
SO183SKU108,2025-07-03,SKU108,298,2440.0
SO183SKU109,2025-07-03,SKU109,320,2242.5
SO183SKU110,2025-07-03,SKU110,315,1747.5
SO183SKU111,2025-07-03,SKU111,390,1343.75
SO183SKU112,2025-07-03,SKU112,338,1787.5
SO183SKU113,2025-07-03,SKU113,99,2497.5
SO183SKU114,2025-07-03,SKU114,159,1300.0
SO183SKU115,2025-07-03,SKU115,363,866.25
SO183SKU116,2025-07-03,SKU116,366,491.25
SO183SKU117,2025-07-03,SKU117,125,2353.75
SO183SKU118,2025-07-03,SKU118,486,578.75
SO183SKU119,2025-07-03,SKU119,442,632.5
SO183SKU120,2025-07-03,SKU120,212,1086.25
SO183SKU121,2025-07-03,SKU121,246,2001.25
SO183SKU122,2025-07-03,SKU122,154,791.25
SO183SKU123,2025-07-03,SKU123,158,1283.75
SO183SKU124,2025-07-03,SKU124,444,2090.0
SO183SKU125,2025-07-03,SKU125,466,2171.25
SO183SKU126,2025-07-03,SKU126,257,1933.75
SO183SKU127,2025-07-03,SKU127,459,1741.25
SO183SKU128,2025-07-03,SKU128,420,792.5
SO183SKU129,2025-07-03,SKU129,174,1346.25
SO184SKU100,2025-07-04,SKU100,352,2161.25
SO184SKU101,2025-07-04,SKU101,486,1245.0
SO184SKU102,2025-07-04,SKU102,200,772.5
SO184SKU103,2025-07-04,SKU103,197,2328.75
SO184SKU104,2025-07-04,SKU104,142,636.25
SO184SKU105,2025-07-04,SKU105,86,1347.5
SO184SKU106,2025-07-04,SKU106,476,1293.75
SO184SKU107,2025-07-04,SKU107,109,1920.0
SO184SKU108,2025-07-04,SKU108,284,2440.0
SO184SKU109,2025-07-04,SKU109,416,2242.5
SO184SKU110,2025-07-04,SKU110,454,1747.5
SO184SKU111,2025-07-04,SKU111,265,1343.75
SO184SKU112,2025-07-04,SKU112,489,1787.5
SO184SKU113,2025-07-04,SKU113,114,2497.5
SO184SKU114,2025-07-04,SKU114,217,1300.0
SO184SKU115,2025-07-04,SKU115,424,866.25
SO184SKU116,2025-07-04,SKU116,88,491.25
SO184SKU117,2025-07-04,SKU117,375,2353.75
SO184SKU118,2025-07-04,SKU118,382,578.75
SO184SKU119,2025-07-04,SKU119,263,632.5
SO184SKU120,2025-07-04,SKU120,491,1086.25
SO184SKU121,2025-07-04,SKU121,209,2001.25
SO184SKU122,2025-07-04,SKU122,87,791.25
SO184SKU123,2025-07-04,SKU123,129,1283.75
SO184SKU124,2025-07-04,SKU124,156,2090.0
SO184SKU125,2025-07-04,SKU125,204,2171.25
SO184SKU126,2025-07-04,SKU126,397,1933.75
SO184SKU127,2025-07-04,SKU127,411,1741.25
SO184SKU128,2025-07-04,SKU128,347,792.5
SO184SKU129,2025-07-04,SKU129,298,1346.25
SO185SKU100,2025-07-05,SKU100,260,2161.25
SO185SKU101,2025-07-05,SKU101,186,1245.0
SO185SKU102,2025-07-05,SKU102,437,772.5
SO185SKU103,2025-07-05,SKU103,388,2328.75
SO185SKU104,2025-07-05,SKU104,238,636.25
SO185SKU105,2025-07-05,SKU105,451,1347.5
SO185SKU106,2025-07-05,SKU106,173,1293.75
SO185SKU107,2025-07-05,SKU107,161,1920.0
SO185SKU108,2025-07-05,SKU108,92,2440.0
SO185SKU109,2025-07-05,SKU109,273,2242.5
SO185SKU110,2025-07-05,SKU110,407,1747.5
SO185SKU111,2025-07-05,SKU111,83,1343.75
SO185SKU112,2025-07-05,SKU112,295,1787.5
SO185SKU113,2025-07-05,SKU113,236,2497.5
SO185SKU114,2025-07-05,SKU114,302,1300.0
SO185SKU115,2025-07-05,SKU115,309,866.25
SO185SKU116,2025-07-05,SKU116,125,491.25
SO185SKU117,2025-07-05,SKU117,257,2353.75
SO185SKU118,2025-07-05,SKU118,249,578.75
SO185SKU119,2025-07-05,SKU119,260,632.5
SO185SKU120,2025-07-05,SKU120,181,1086.25
SO185SKU121,2025-07-05,SKU121,219,2001.25
SO185SKU122,2025-07-05,SKU122,317,791.25
SO185SKU123,2025-07-05,SKU123,405,1283.75
SO185SKU124,2025-07-05,SKU124,371,2090.0
SO185SKU125,2025-07-05,SKU125,185,2171.25
SO185SKU126,2025-07-05,SKU126,318,1933.75
SO185SKU127,2025-07-05,SKU127,259,1741.25
SO185SKU128,2025-07-05,SKU128,316,792.5
SO185SKU129,2025-07-05,SKU129,233,1346.25
SO186SKU100,2025-07-06,SKU100,229,2161.25
SO186SKU101,2025-07-06,SKU101,211,1245.0
SO186SKU102,2025-07-06,SKU102,142,772.5
SO186SKU103,2025-07-06,SKU103,205,2328.75
SO186SKU104,2025-07-06,SKU104,441,636.25
SO186SKU105,2025-07-06,SKU105,376,1347.5
SO186SKU106,2025-07-06,SKU106,218,1293.75
SO186SKU107,2025-07-06,SKU107,349,1920.0
SO186SKU108,2025-07-06,SKU108,367,2440.0
SO186SKU109,2025-07-06,SKU109,383,2242.5
SO186SKU110,2025-07-06,SKU110,389,1747.5
SO186SKU111,2025-07-06,SKU111,191,1343.75
SO186SKU112,2025-07-06,SKU112,352,1787.5
SO186SKU113,2025-07-06,SKU113,218,2497.5
SO186SKU114,2025-07-06,SKU114,84,1300.0
SO186SKU115,2025-07-06,SKU115,146,866.25
SO186SKU116,2025-07-06,SKU116,325,491.25
SO186SKU117,2025-07-06,SKU117,234,2353.75
SO186SKU118,2025-07-06,SKU118,178,578.75
SO186SKU119,2025-07-06,SKU119,291,632.5
SO186SKU120,2025-07-06,SKU120,379,1086.25
SO186SKU121,2025-07-06,SKU121,205,2001.25
SO186SKU122,2025-07-06,SKU122,370,791.25
SO186SKU123,2025-07-06,SKU123,112,1283.75
SO186SKU124,2025-07-06,SKU124,370,2090.0
SO186SKU125,2025-07-06,SKU125,457,2171.25
SO186SKU126,2025-07-06,SKU126,478,1933.75
SO186SKU127,2025-07-06,SKU127,316,1741.25
SO186SKU128,2025-07-06,SKU128,262,792.5
SO186SKU129,2025-07-06,SKU129,177,1346.25
SO187SKU100,2025-07-07,SKU100,436,2161.25
SO187SKU101,2025-07-07,SKU101,123,1245.0
SO187SKU102,2025-07-07,SKU102,269,772.5
SO187SKU103,2025-07-07,SKU103,173,2328.75
SO187SKU104,2025-07-07,SKU104,423,636.25
SO187SKU105,2025-07-07,SKU105,207,1347.5
SO187SKU106,2025-07-07,SKU106,173,1293.75
SO187SKU107,2025-07-07,SKU107,135,1920.0
SO187SKU108,2025-07-07,SKU108,310,2440.0
SO187SKU109,2025-07-07,SKU109,459,2242.5
SO187SKU110,2025-07-07,SKU110,480,1747.5
SO187SKU111,2025-07-07,SKU111,362,1343.75
SO187SKU112,2025-07-07,SKU112,443,1787.5
SO187SKU113,2025-07-07,SKU113,223,2497.5
SO187SKU114,2025-07-07,SKU114,158,1300.0
SO187SKU115,2025-07-07,SKU115,411,866.25
SO187SKU116,2025-07-07,SKU116,226,491.25
SO187SKU117,2025-07-07,SKU117,99,2353.75
SO187SKU118,2025-07-07,SKU118,159,578.75
SO187SKU119,2025-07-07,SKU119,104,632.5
SO187SKU120,2025-07-07,SKU120,223,1086.25
SO187SKU121,2025-07-07,SKU121,309,2001.25
SO187SKU122,2025-07-07,SKU122,465,791.25
SO187SKU123,2025-07-07,SKU123,182,1283.75
SO187SKU124,2025-07-07,SKU124,486,2090.0
SO187SKU125,2025-07-07,SKU125,148,2171.25
SO187SKU126,2025-07-07,SKU126,190,1933.75
SO187SKU127,2025-07-07,SKU127,91,1741.25
SO187SKU128,2025-07-07,SKU128,319,792.5
SO187SKU129,2025-07-07,SKU129,142,1346.25
SO188SKU100,2025-07-08,SKU100,408,2161.25
SO188SKU101,2025-07-08,SKU101,168,1245.0
SO188SKU102,2025-07-08,SKU102,364,772.5
SO188SKU103,2025-07-08,SKU103,200,2328.75
SO188SKU104,2025-07-08,SKU104,485,636.25
SO188SKU105,2025-07-08,SKU105,231,1347.5
SO188SKU106,2025-07-08,SKU106,459,1293.75
SO188SKU107,2025-07-08,SKU107,312,1920.0
SO188SKU108,2025-07-08,SKU108,488,2440.0
SO188SKU109,2025-07-08,SKU109,271,2242.5
SO188SKU110,2025-07-08,SKU110,212,1747.5
SO188SKU111,2025-07-08,SKU111,453,1343.75
SO188SKU112,2025-07-08,SKU112,323,1787.5
SO188SKU113,2025-07-08,SKU113,244,2497.5
SO188SKU114,2025-07-08,SKU114,398,1300.0
SO188SKU115,2025-07-08,SKU115,173,866.25
SO188SKU116,2025-07-08,SKU116,264,491.25
SO188SKU117,2025-07-08,SKU117,305,2353.75
SO188SKU118,2025-07-08,SKU118,402,578.75
SO188SKU119,2025-07-08,SKU119,112,632.5
SO188SKU120,2025-07-08,SKU120,100,1086.25
SO188SKU121,2025-07-08,SKU121,432,2001.25
SO188SKU122,2025-07-08,SKU122,353,791.25
SO188SKU123,2025-07-08,SKU123,339,1283.75
SO188SKU124,2025-07-08,SKU124,206,2090.0
SO188SKU125,2025-07-08,SKU125,311,2171.25
SO188SKU126,2025-07-08,SKU126,175,1933.75
SO188SKU127,2025-07-08,SKU127,104,1741.25
SO188SKU128,2025-07-08,SKU128,101,792.5
SO188SKU129,2025-07-08,SKU129,363,1346.25
SO189SKU100,2025-07-09,SKU100,435,2161.25
SO189SKU101,2025-07-09,SKU101,456,1245.0
SO189SKU102,2025-07-09,SKU102,132,772.5
SO189SKU103,2025-07-09,SKU103,332,2328.75
SO189SKU104,2025-07-09,SKU104,207,636.25
SO189SKU105,2025-07-09,SKU105,163,1347.5
SO189SKU106,2025-07-09,SKU106,153,1293.75
SO189SKU107,2025-07-09,SKU107,427,1920.0
SO189SKU108,2025-07-09,SKU108,410,2440.0
SO189SKU109,2025-07-09,SKU109,179,2242.5
SO189SKU110,2025-07-09,SKU110,356,1747.5
SO189SKU111,2025-07-09,SKU111,230,1343.75
SO189SKU112,2025-07-09,SKU112,337,1787.5
SO189SKU113,2025-07-09,SKU113,386,2497.5
SO189SKU114,2025-07-09,SKU114,218,1300.0
SO189SKU115,2025-07-09,SKU115,271,866.25
SO189SKU116,2025-07-09,SKU116,339,491.25
SO189SKU117,2025-07-09,SKU117,472,2353.75
SO189SKU118,2025-07-09,SKU118,429,578.75
SO189SKU119,2025-07-09,SKU119,439,632.5
SO189SKU120,2025-07-09,SKU120,404,1086.25
SO189SKU121,2025-07-09,SKU121,386,2001.25
SO189SKU122,2025-07-09,SKU122,217,791.25
SO189SKU123,2025-07-09,SKU123,243,1283.75
SO189SKU124,2025-07-09,SKU124,263,2090.0
SO189SKU125,2025-07-09,SKU125,121,2171.25
SO189SKU126,2025-07-09,SKU126,122,1933.75
SO189SKU127,2025-07-09,SKU127,94,1741.25
SO189SKU128,2025-07-09,SKU128,160,792.5
SO189SKU129,2025-07-09,SKU129,116,1346.25
SO190SKU100,2025-07-10,SKU100,420,2161.25
SO190SKU101,2025-07-10,SKU101,300,1245.0
SO190SKU102,2025-07-10,SKU102,212,772.5
SO190SKU103,2025-07-10,SKU103,422,2328.75
SO190SKU104,2025-07-10,SKU104,184,636.25
SO190SKU105,2025-07-10,SKU105,355,1347.5
SO190SKU106,2025-07-10,SKU106,219,1293.75
SO190SKU107,2025-07-10,SKU107,160,1920.0
SO190SKU108,2025-07-10,SKU108,170,2440.0
SO190SKU109,2025-07-10,SKU109,168,2242.5
SO190SKU110,2025-07-10,SKU110,231,1747.5
SO190SKU111,2025-07-10,SKU111,270,1343.75
SO190SKU112,2025-07-10,SKU112,293,1787.5
SO190SKU113,2025-07-10,SKU113,84,2497.5
SO190SKU114,2025-07-10,SKU114,351,1300.0
SO190SKU115,2025-07-10,SKU115,109,866.25
SO190SKU116,2025-07-10,SKU116,148,491.25
SO190SKU117,2025-07-10,SKU117,101,2353.75
SO190SKU118,2025-07-10,SKU118,337,578.75
SO190SKU119,2025-07-10,SKU119,406,632.5
SO190SKU120,2025-07-10,SKU120,240,1086.25
SO190SKU121,2025-07-10,SKU121,406,2001.25
SO190SKU122,2025-07-10,SKU122,239,791.25
SO190SKU123,2025-07-10,SKU123,302,1283.75
SO190SKU124,2025-07-10,SKU124,417,2090.0
SO190SKU125,2025-07-10,SKU125,446,2171.25
SO190SKU126,2025-07-10,SKU126,118,1933.75
SO190SKU127,2025-07-10,SKU127,433,1741.25
SO190SKU128,2025-07-10,SKU128,393,792.5
SO190SKU129,2025-07-10,SKU129,137,1346.25
SO191SKU100,2025-07-11,SKU100,136,2161.25
SO191SKU101,2025-07-11,SKU101,192,1245.0
SO191SKU102,2025-07-11,SKU102,90,772.5
SO191SKU103,2025-07-11,SKU103,441,2328.75
SO191SKU104,2025-07-11,SKU104,180,636.25
SO191SKU105,2025-07-11,SKU105,179,1347.5
SO191SKU106,2025-07-11,SKU106,129,1293.75
SO191SKU107,2025-07-11,SKU107,247,1920.0
SO191SKU108,2025-07-11,SKU108,351,2440.0
SO191SKU109,2025-07-11,SKU109,80,2242.5
SO191SKU110,2025-07-11,SKU110,162,1747.5
SO191SKU111,2025-07-11,SKU111,417,1343.75
SO191SKU112,2025-07-11,SKU112,110,1787.5
SO191SKU113,2025-07-11,SKU113,301,2497.5
SO191SKU114,2025-07-11,SKU114,303,1300.0
SO191SKU115,2025-07-11,SKU115,364,866.25
SO191SKU116,2025-07-11,SKU116,336,491.25
SO191SKU117,2025-07-11,SKU117,484,2353.75
SO191SKU118,2025-07-11,SKU118,497,578.75
SO191SKU119,2025-07-11,SKU119,338,632.5
SO191SKU120,2025-07-11,SKU120,403,1086.25
SO191SKU121,2025-07-11,SKU121,283,2001.25
SO191SKU122,2025-07-11,SKU122,362,791.25
SO191SKU123,2025-07-11,SKU123,118,1283.75
SO191SKU124,2025-07-11,SKU124,485,2090.0
SO191SKU125,2025-07-11,SKU125,391,2171.25
SO191SKU126,2025-07-11,SKU126,340,1933.75
SO191SKU127,2025-07-11,SKU127,175,1741.25
SO191SKU128,2025-07-11,SKU128,112,792.5
SO191SKU129,2025-07-11,SKU129,471,1346.25
SO192SKU100,2025-07-12,SKU100,398,2161.25
SO192SKU101,2025-07-12,SKU101,289,1245.0
SO192SKU102,2025-07-12,SKU102,136,772.5
SO192SKU103,2025-07-12,SKU103,376,2328.75
SO192SKU104,2025-07-12,SKU104,357,636.25
SO192SKU105,2025-07-12,SKU105,334,1347.5
SO192SKU106,2025-07-12,SKU106,446,1293.75
SO192SKU107,2025-07-12,SKU107,280,1920.0
SO192SKU108,2025-07-12,SKU108,284,2440.0
SO192SKU109,2025-07-12,SKU109,261,2242.5
SO192SKU110,2025-07-12,SKU110,245,1747.5
SO192SKU111,2025-07-12,SKU111,339,1343.75
SO192SKU112,2025-07-12,SKU112,246,1787.5
SO192SKU113,2025-07-12,SKU113,302,2497.5
SO192SKU114,2025-07-12,SKU114,307,1300.0
SO192SKU115,2025-07-12,SKU115,391,866.25
SO192SKU116,2025-07-12,SKU116,323,491.25
SO192SKU117,2025-07-12,SKU117,296,2353.75
SO192SKU118,2025-07-12,SKU118,471,578.75
SO192SKU119,2025-07-12,SKU119,328,632.5
SO192SKU120,2025-07-12,SKU120,480,1086.25
SO192SKU121,2025-07-12,SKU121,428,2001.25
SO192SKU122,2025-07-12,SKU122,431,791.25
SO192SKU123,2025-07-12,SKU123,287,1283.75
SO192SKU124,2025-07-12,SKU124,490,2090.0
SO192SKU125,2025-07-12,SKU125,234,2171.25
SO192SKU126,2025-07-12,SKU126,227,1933.75
SO192SKU127,2025-07-12,SKU127,402,1741.25
SO192SKU128,2025-07-12,SKU128,377,792.5
SO192SKU129,2025-07-12,SKU129,274,1346.25
SO193SKU100,2025-07-13,SKU100,163,2161.25
SO193SKU101,2025-07-13,SKU101,283,1245.0
SO193SKU102,2025-07-13,SKU102,111,772.5
SO193SKU103,2025-07-13,SKU103,218,2328.75
SO193SKU104,2025-07-13,SKU104,346,636.25
SO193SKU105,2025-07-13,SKU105,364,1347.5
SO193SKU106,2025-07-13,SKU106,177,1293.75
SO193SKU107,2025-07-13,SKU107,327,1920.0
SO193SKU108,2025-07-13,SKU108,201,2440.0
SO193SKU109,2025-07-13,SKU109,214,2242.5
SO193SKU110,2025-07-13,SKU110,363,1747.5
SO193SKU111,2025-07-13,SKU111,156,1343.75
SO193SKU112,2025-07-13,SKU112,269,1787.5
SO193SKU113,2025-07-13,SKU113,188,2497.5
SO193SKU114,2025-07-13,SKU114,279,1300.0
SO193SKU115,2025-07-13,SKU115,383,866.25
SO193SKU116,2025-07-13,SKU116,410,491.25
SO193SKU117,2025-07-13,SKU117,229,2353.75
SO193SKU118,2025-07-13,SKU118,369,578.75
SO193SKU119,2025-07-13,SKU119,420,632.5
SO193SKU120,2025-07-13,SKU120,309,1086.25
SO193SKU121,2025-07-13,SKU121,325,2001.25
SO193SKU122,2025-07-13,SKU122,140,791.25
SO193SKU123,2025-07-13,SKU123,409,1283.75
SO193SKU124,2025-07-13,SKU124,403,2090.0
SO193SKU125,2025-07-13,SKU125,432,2171.25
SO193SKU126,2025-07-13,SKU126,231,1933.75
SO193SKU127,2025-07-13,SKU127,387,1741.25
SO193SKU128,2025-07-13,SKU128,327,792.5
SO193SKU129,2025-07-13,SKU129,366,1346.25
SO194SKU100,2025-07-14,SKU100,150,2161.25
SO194SKU101,2025-07-14,SKU101,171,1245.0
SO194SKU102,2025-07-14,SKU102,391,772.5
SO194SKU103,2025-07-14,SKU103,405,2328.75
SO194SKU104,2025-07-14,SKU104,486,636.25
SO194SKU105,2025-07-14,SKU105,325,1347.5
SO194SKU106,2025-07-14,SKU106,227,1293.75
SO194SKU107,2025-07-14,SKU107,385,1920.0
SO194SKU108,2025-07-14,SKU108,167,2440.0
SO194SKU109,2025-07-14,SKU109,195,2242.5
SO194SKU110,2025-07-14,SKU110,121,1747.5
SO194SKU111,2025-07-14,SKU111,453,1343.75
SO194SKU112,2025-07-14,SKU112,439,1787.5
SO194SKU113,2025-07-14,SKU113,81,2497.5
SO194SKU114,2025-07-14,SKU114,417,1300.0
SO194SKU115,2025-07-14,SKU115,114,866.25
SO194SKU116,2025-07-14,SKU116,478,491.25
SO194SKU117,2025-07-14,SKU117,333,2353.75
SO194SKU118,2025-07-14,SKU118,408,578.75
SO194SKU119,2025-07-14,SKU119,257,632.5
SO194SKU120,2025-07-14,SKU120,244,1086.25
SO194SKU121,2025-07-14,SKU121,379,2001.25
SO194SKU122,2025-07-14,SKU122,257,791.25
SO194SKU123,2025-07-14,SKU123,287,1283.75
SO194SKU124,2025-07-14,SKU124,330,2090.0
SO194SKU125,2025-07-14,SKU125,114,2171.25
SO194SKU126,2025-07-14,SKU126,406,1933.75
SO194SKU127,2025-07-14,SKU127,127,1741.25
SO194SKU128,2025-07-14,SKU128,217,792.5
SO194SKU129,2025-07-14,SKU129,189,1346.25
SO195SKU100,2025-07-15,SKU100,98,2161.25
SO195SKU101,2025-07-15,SKU101,353,1245.0
SO195SKU102,2025-07-15,SKU102,351,772.5
SO195SKU103,2025-07-15,SKU103,483,2328.75
SO195SKU104,2025-07-15,SKU104,409,636.25
SO195SKU105,2025-07-15,SKU105,298,1347.5
SO195SKU106,2025-07-15,SKU106,339,1293.75
SO195SKU107,2025-07-15,SKU107,365,1920.0
SO195SKU108,2025-07-15,SKU108,358,2440.0
SO195SKU109,2025-07-15,SKU109,364,2242.5
SO195SKU110,2025-07-15,SKU110,112,1747.5
SO195SKU111,2025-07-15,SKU111,434,1343.75
SO195SKU112,2025-07-15,SKU112,418,1787.5
SO195SKU113,2025-07-15,SKU113,195,2497.5
SO195SKU114,2025-07-15,SKU114,131,1300.0
SO195SKU115,2025-07-15,SKU115,297,866.25
SO195SKU116,2025-07-15,SKU116,222,491.25
SO195SKU117,2025-07-15,SKU117,456,2353.75
SO195SKU118,2025-07-15,SKU118,163,578.75
SO195SKU119,2025-07-15,SKU119,113,632.5
SO195SKU120,2025-07-15,SKU120,496,1086.25
SO195SKU121,2025-07-15,SKU121,374,2001.25
SO195SKU122,2025-07-15,SKU122,486,791.25
SO195SKU123,2025-07-15,SKU123,392,1283.75
SO195SKU124,2025-07-15,SKU124,94,2090.0
SO195SKU125,2025-07-15,SKU125,352,2171.25
SO195SKU126,2025-07-15,SKU126,196,1933.75
SO195SKU127,2025-07-15,SKU127,199,1741.25
SO195SKU128,2025-07-15,SKU128,254,792.5
SO195SKU129,2025-07-15,SKU129,356,1346.25
SO196SKU100,2025-07-16,SKU100,367,2161.25
SO196SKU101,2025-07-16,SKU101,476,1245.0
SO196SKU102,2025-07-16,SKU102,443,772.5
SO196SKU103,2025-07-16,SKU103,345,2328.75
SO196SKU104,2025-07-16,SKU104,171,636.25
SO196SKU105,2025-07-16,SKU105,378,1347.5
SO196SKU106,2025-07-16,SKU106,418,1293.75
SO196SKU107,2025-07-16,SKU107,117,1920.0
SO196SKU108,2025-07-16,SKU108,356,2440.0
SO196SKU109,2025-07-16,SKU109,311,2242.5
SO196SKU110,2025-07-16,SKU110,248,1747.5
SO196SKU111,2025-07-16,SKU111,214,1343.75
SO196SKU112,2025-07-16,SKU112,216,1787.5
SO196SKU113,2025-07-16,SKU113,334,2497.5
SO196SKU114,2025-07-16,SKU114,280,1300.0
SO196SKU115,2025-07-16,SKU115,173,866.25
SO196SKU116,2025-07-16,SKU116,187,491.25
SO196SKU117,2025-07-16,SKU117,302,2353.75
SO196SKU118,2025-07-16,SKU118,121,578.75
SO196SKU119,2025-07-16,SKU119,355,632.5
SO196SKU120,2025-07-16,SKU120,85,1086.25
SO196SKU121,2025-07-16,SKU121,487,2001.25
SO196SKU122,2025-07-16,SKU122,402,791.25
SO196SKU123,2025-07-16,SKU123,319,1283.75
SO196SKU124,2025-07-16,SKU124,155,2090.0
SO196SKU125,2025-07-16,SKU125,296,2171.25
SO196SKU126,2025-07-16,SKU126,484,1933.75
SO196SKU127,2025-07-16,SKU127,416,1741.25
SO196SKU128,2025-07-16,SKU128,464,792.5
SO196SKU129,2025-07-16,SKU129,463,1346.25
SO197SKU100,2025-07-17,SKU100,237,2161.25
SO197SKU101,2025-07-17,SKU101,142,1245.0
SO197SKU102,2025-07-17,SKU102,373,772.5
SO197SKU103,2025-07-17,SKU103,353,2328.75
SO197SKU104,2025-07-17,SKU104,142,636.25
SO197SKU105,2025-07-17,SKU105,149,1347.5
SO197SKU106,2025-07-17,SKU106,185,1293.75
SO197SKU107,2025-07-17,SKU107,436,1920.0
SO197SKU108,2025-07-17,SKU108,185,2440.0
SO197SKU109,2025-07-17,SKU109,305,2242.5
SO197SKU110,2025-07-17,SKU110,340,1747.5
SO197SKU111,2025-07-17,SKU111,205,1343.75
SO197SKU112,2025-07-17,SKU112,396,1787.5
SO197SKU113,2025-07-17,SKU113,250,2497.5
SO197SKU114,2025-07-17,SKU114,267,1300.0
SO197SKU115,2025-07-17,SKU115,420,866.25
SO197SKU116,2025-07-17,SKU116,277,491.25
SO197SKU117,2025-07-17,SKU117,329,2353.75
SO197SKU118,2025-07-17,SKU118,484,578.75
SO197SKU119,2025-07-17,SKU119,228,632.5
SO197SKU120,2025-07-17,SKU120,101,1086.25
SO197SKU121,2025-07-17,SKU121,202,2001.25
SO197SKU122,2025-07-17,SKU122,94,791.25
SO197SKU123,2025-07-17,SKU123,295,1283.75
SO197SKU124,2025-07-17,SKU124,289,2090.0
SO197SKU125,2025-07-17,SKU125,170,2171.25
SO197SKU126,2025-07-17,SKU126,210,1933.75
SO197SKU127,2025-07-17,SKU127,291,1741.25
SO197SKU128,2025-07-17,SKU128,436,792.5
SO197SKU129,2025-07-17,SKU129,184,1346.25
SO198SKU100,2025-07-18,SKU100,329,2161.25
SO198SKU101,2025-07-18,SKU101,340,1245.0
SO198SKU102,2025-07-18,SKU102,212,772.5
SO198SKU103,2025-07-18,SKU103,350,2328.75
SO198SKU104,2025-07-18,SKU104,242,636.25
SO198SKU105,2025-07-18,SKU105,290,1347.5
SO198SKU106,2025-07-18,SKU106,333,1293.75
SO198SKU107,2025-07-18,SKU107,417,1920.0
SO198SKU108,2025-07-18,SKU108,81,2440.0
SO198SKU109,2025-07-18,SKU109,354,2242.5
SO198SKU110,2025-07-18,SKU110,394,1747.5
SO198SKU111,2025-07-18,SKU111,243,1343.75
SO198SKU112,2025-07-18,SKU112,441,1787.5
SO198SKU113,2025-07-18,SKU113,463,2497.5
SO198SKU114,2025-07-18,SKU114,331,1300.0
SO198SKU115,2025-07-18,SKU115,180,866.25
SO198SKU116,2025-07-18,SKU116,363,491.25
SO198SKU117,2025-07-18,SKU117,134,2353.75
SO198SKU118,2025-07-18,SKU118,449,578.75
SO198SKU119,2025-07-18,SKU119,236,632.5
SO198SKU120,2025-07-18,SKU120,469,1086.25
SO198SKU121,2025-07-18,SKU121,332,2001.25
SO198SKU122,2025-07-18,SKU122,413,791.25
SO198SKU123,2025-07-18,SKU123,454,1283.75
SO198SKU124,2025-07-18,SKU124,469,2090.0
SO198SKU125,2025-07-18,SKU125,208,2171.25
SO198SKU126,2025-07-18,SKU126,389,1933.75
SO198SKU127,2025-07-18,SKU127,258,1741.25
SO198SKU128,2025-07-18,SKU128,294,792.5
SO198SKU129,2025-07-18,SKU129,145,1346.25
SO199SKU100,2025-07-19,SKU100,148,2161.25
SO199SKU101,2025-07-19,SKU101,90,1245.0
SO199SKU102,2025-07-19,SKU102,433,772.5
SO199SKU103,2025-07-19,SKU103,131,2328.75
SO199SKU104,2025-07-19,SKU104,270,636.25
SO199SKU105,2025-07-19,SKU105,362,1347.5
SO199SKU106,2025-07-19,SKU106,327,1293.75
SO199SKU107,2025-07-19,SKU107,404,1920.0
SO199SKU108,2025-07-19,SKU108,221,2440.0
SO199SKU109,2025-07-19,SKU109,380,2242.5
SO199SKU110,2025-07-19,SKU110,157,1747.5
SO199SKU111,2025-07-19,SKU111,374,1343.75
SO199SKU112,2025-07-19,SKU112,271,1787.5
SO199SKU113,2025-07-19,SKU113,232,2497.5
SO199SKU114,2025-07-19,SKU114,87,1300.0
SO199SKU115,2025-07-19,SKU115,424,866.25
SO199SKU116,2025-07-19,SKU116,135,491.25
SO199SKU117,2025-07-19,SKU117,98,2353.75
SO199SKU118,2025-07-19,SKU118,300,578.75
SO199SKU119,2025-07-19,SKU119,105,632.5
SO199SKU120,2025-07-19,SKU120,284,1086.25
SO199SKU121,2025-07-19,SKU121,108,2001.25
SO199SKU122,2025-07-19,SKU122,97,791.25
SO199SKU123,2025-07-19,SKU123,485,1283.75
SO199SKU124,2025-07-19,SKU124,149,2090.0
SO199SKU125,2025-07-19,SKU125,289,2171.25
SO199SKU126,2025-07-19,SKU126,85,1933.75
SO199SKU127,2025-07-19,SKU127,240,1741.25
SO199SKU128,2025-07-19,SKU128,204,792.5
SO199SKU129,2025-07-19,SKU129,93,1346.25
SO200SKU100,2025-07-20,SKU100,321,2161.25
SO200SKU101,2025-07-20,SKU101,333,1245.0
SO200SKU102,2025-07-20,SKU102,491,772.5
SO200SKU103,2025-07-20,SKU103,443,2328.75
SO200SKU104,2025-07-20,SKU104,485,636.25
SO200SKU105,2025-07-20,SKU105,371,1347.5
SO200SKU106,2025-07-20,SKU106,83,1293.75
SO200SKU107,2025-07-20,SKU107,288,1920.0
SO200SKU108,2025-07-20,SKU108,195,2440.0
SO200SKU109,2025-07-20,SKU109,482,2242.5
SO200SKU110,2025-07-20,SKU110,264,1747.5
SO200SKU111,2025-07-20,SKU111,87,1343.75
SO200SKU112,2025-07-20,SKU112,380,1787.5
SO200SKU113,2025-07-20,SKU113,455,2497.5
SO200SKU114,2025-07-20,SKU114,88,1300.0
SO200SKU115,2025-07-20,SKU115,308,866.25
SO200SKU116,2025-07-20,SKU116,172,491.25
SO200SKU117,2025-07-20,SKU117,425,2353.75
SO200SKU118,2025-07-20,SKU118,260,578.75
SO200SKU119,2025-07-20,SKU119,146,632.5
SO200SKU120,2025-07-20,SKU120,318,1086.25
SO200SKU121,2025-07-20,SKU121,365,2001.25
SO200SKU122,2025-07-20,SKU122,218,791.25
SO200SKU123,2025-07-20,SKU123,379,1283.75
SO200SKU124,2025-07-20,SKU124,98,2090.0
SO200SKU125,2025-07-20,SKU125,421,2171.25
SO200SKU126,2025-07-20,SKU126,126,1933.75
SO200SKU127,2025-07-20,SKU127,287,1741.25
SO200SKU128,2025-07-20,SKU128,455,792.5
SO200SKU129,2025-07-20,SKU129,291,1346.25
SO201SKU100,2025-07-21,SKU100,92,2161.25
SO201SKU101,2025-07-21,SKU101,500,1245.0
SO201SKU102,2025-07-21,SKU102,136,772.5
SO201SKU103,2025-07-21,SKU103,397,2328.75
SO201SKU104,2025-07-21,SKU104,303,636.25
SO201SKU105,2025-07-21,SKU105,372,1347.5
SO201SKU106,2025-07-21,SKU106,473,1293.75
SO201SKU107,2025-07-21,SKU107,391,1920.0
SO201SKU108,2025-07-21,SKU108,181,2440.0
SO201SKU109,2025-07-21,SKU109,356,2242.5
SO201SKU110,2025-07-21,SKU110,309,1747.5
SO201SKU111,2025-07-21,SKU111,160,1343.75
SO201SKU112,2025-07-21,SKU112,290,1787.5
SO201SKU113,2025-07-21,SKU113,155,2497.5
SO201SKU114,2025-07-21,SKU114,113,1300.0
SO201SKU115,2025-07-21,SKU115,452,866.25
SO201SKU116,2025-07-21,SKU116,87,491.25
SO201SKU117,2025-07-21,SKU117,186,2353.75
SO201SKU118,2025-07-21,SKU118,90,578.75
SO201SKU119,2025-07-21,SKU119,207,632.5
SO201SKU120,2025-07-21,SKU120,286,1086.25
SO201SKU121,2025-07-21,SKU121,393,2001.25
SO201SKU122,2025-07-21,SKU122,372,791.25
SO201SKU123,2025-07-21,SKU123,142,1283.75
SO201SKU124,2025-07-21,SKU124,81,2090.0
SO201SKU125,2025-07-21,SKU125,370,2171.25
SO201SKU126,2025-07-21,SKU126,500,1933.75
SO201SKU127,2025-07-21,SKU127,183,1741.25
SO201SKU128,2025-07-21,SKU128,377,792.5
SO201SKU129,2025-07-21,SKU129,315,1346.25
SO202SKU100,2025-07-22,SKU100,221,2161.25
SO202SKU101,2025-07-22,SKU101,140,1245.0
SO202SKU102,2025-07-22,SKU102,205,772.5
SO202SKU103,2025-07-22,SKU103,129,2328.75
SO202SKU104,2025-07-22,SKU104,127,636.25
SO202SKU105,2025-07-22,SKU105,269,1347.5
SO202SKU106,2025-07-22,SKU106,152,1293.75
SO202SKU107,2025-07-22,SKU107,89,1920.0
SO202SKU108,2025-07-22,SKU108,420,2440.0
SO202SKU109,2025-07-22,SKU109,245,2242.5
SO202SKU110,2025-07-22,SKU110,290,1747.5
SO202SKU111,2025-07-22,SKU111,374,1343.75
SO202SKU112,2025-07-22,SKU112,377,1787.5
SO202SKU113,2025-07-22,SKU113,287,2497.5
SO202SKU114,2025-07-22,SKU114,107,1300.0
SO202SKU115,2025-07-22,SKU115,216,866.25
SO202SKU116,2025-07-22,SKU116,494,491.25
SO202SKU117,2025-07-22,SKU117,126,2353.75
SO202SKU118,2025-07-22,SKU118,150,578.75
SO202SKU119,2025-07-22,SKU119,385,632.5
SO202SKU120,2025-07-22,SKU120,156,1086.25
SO202SKU121,2025-07-22,SKU121,97,2001.25
SO202SKU122,2025-07-22,SKU122,115,791.25
SO202SKU123,2025-07-22,SKU123,149,1283.75
SO202SKU124,2025-07-22,SKU124,178,2090.0
SO202SKU125,2025-07-22,SKU125,193,2171.25
SO202SKU126,2025-07-22,SKU126,84,1933.75
SO202SKU127,2025-07-22,SKU127,128,1741.25
SO202SKU128,2025-07-22,SKU128,151,792.5
SO202SKU129,2025-07-22,SKU129,361,1346.25
SO203SKU100,2025-07-23,SKU100,215,2161.25
SO203SKU101,2025-07-23,SKU101,123,1245.0
SO203SKU102,2025-07-23,SKU102,153,772.5
SO203SKU103,2025-07-23,SKU103,450,2328.75
SO203SKU104,2025-07-23,SKU104,145,636.25
SO203SKU105,2025-07-23,SKU105,115,1347.5
SO203SKU106,2025-07-23,SKU106,415,1293.75
SO203SKU107,2025-07-23,SKU107,271,1920.0
SO203SKU108,2025-07-23,SKU108,302,2440.0
SO203SKU109,2025-07-23,SKU109,475,2242.5
SO203SKU110,2025-07-23,SKU110,275,1747.5
SO203SKU111,2025-07-23,SKU111,170,1343.75
SO203SKU112,2025-07-23,SKU112,192,1787.5
SO203SKU113,2025-07-23,SKU113,92,2497.5
SO203SKU114,2025-07-23,SKU114,201,1300.0
SO203SKU115,2025-07-23,SKU115,460,866.25
SO203SKU116,2025-07-23,SKU116,238,491.25
SO203SKU117,2025-07-23,SKU117,200,2353.75
SO203SKU118,2025-07-23,SKU118,331,578.75
SO203SKU119,2025-07-23,SKU119,163,632.5
SO203SKU120,2025-07-23,SKU120,427,1086.25
SO203SKU121,2025-07-23,SKU121,173,2001.25
SO203SKU122,2025-07-23,SKU122,280,791.25
SO203SKU123,2025-07-23,SKU123,278,1283.75
SO203SKU124,2025-07-23,SKU124,284,2090.0
SO203SKU125,2025-07-23,SKU125,119,2171.25
SO203SKU126,2025-07-23,SKU126,306,1933.75
SO203SKU127,2025-07-23,SKU127,359,1741.25
SO203SKU128,2025-07-23,SKU128,399,792.5
SO203SKU129,2025-07-23,SKU129,121,1346.25
SO204SKU100,2025-07-24,SKU100,144,2161.25
SO204SKU101,2025-07-24,SKU101,187,1245.0
SO204SKU102,2025-07-24,SKU102,294,772.5
SO204SKU103,2025-07-24,SKU103,158,2328.75
SO204SKU104,2025-07-24,SKU104,252,636.25
SO204SKU105,2025-07-24,SKU105,209,1347.5
SO204SKU106,2025-07-24,SKU106,262,1293.75
SO204SKU107,2025-07-24,SKU107,284,1920.0
SO204SKU108,2025-07-24,SKU108,224,2440.0
SO204SKU109,2025-07-24,SKU109,143,2242.5
SO204SKU110,2025-07-24,SKU110,332,1747.5
SO204SKU111,2025-07-24,SKU111,121,1343.75
SO204SKU112,2025-07-24,SKU112,81,1787.5
SO204SKU113,2025-07-24,SKU113,237,2497.5
SO204SKU114,2025-07-24,SKU114,483,1300.0
SO204SKU115,2025-07-24,SKU115,171,866.25
SO204SKU116,2025-07-24,SKU116,221,491.25
SO204SKU117,2025-07-24,SKU117,91,2353.75
SO204SKU118,2025-07-24,SKU118,476,578.75
SO204SKU119,2025-07-24,SKU119,131,632.5
SO204SKU120,2025-07-24,SKU120,162,1086.25
SO204SKU121,2025-07-24,SKU121,180,2001.25
SO204SKU122,2025-07-24,SKU122,490,791.25
SO204SKU123,2025-07-24,SKU123,95,1283.75
SO204SKU124,2025-07-24,SKU124,239,2090.0
SO204SKU125,2025-07-24,SKU125,82,2171.25
SO204SKU126,2025-07-24,SKU126,152,1933.75
SO204SKU127,2025-07-24,SKU127,338,1741.25
SO204SKU128,2025-07-24,SKU128,163,792.5
SO204SKU129,2025-07-24,SKU129,133,1346.25
SO205SKU100,2025-07-25,SKU100,464,2161.25
SO205SKU101,2025-07-25,SKU101,381,1245.0
SO205SKU102,2025-07-25,SKU102,292,772.5
SO205SKU103,2025-07-25,SKU103,402,2328.75
SO205SKU104,2025-07-25,SKU104,261,636.25
SO205SKU105,2025-07-25,SKU105,106,1347.5
SO205SKU106,2025-07-25,SKU106,377,1293.75
SO205SKU107,2025-07-25,SKU107,500,1920.0
SO205SKU108,2025-07-25,SKU108,84,2440.0
SO205SKU109,2025-07-25,SKU109,304,2242.5
SO205SKU110,2025-07-25,SKU110,164,1747.5
SO205SKU111,2025-07-25,SKU111,165,1343.75
SO205SKU112,2025-07-25,SKU112,307,1787.5
SO205SKU113,2025-07-25,SKU113,150,2497.5
SO205SKU114,2025-07-25,SKU114,108,1300.0
SO205SKU115,2025-07-25,SKU115,292,866.25
SO205SKU116,2025-07-25,SKU116,433,491.25
SO205SKU117,2025-07-25,SKU117,159,2353.75
SO205SKU118,2025-07-25,SKU118,385,578.75
SO205SKU119,2025-07-25,SKU119,276,632.5
SO205SKU120,2025-07-25,SKU120,141,1086.25
SO205SKU121,2025-07-25,SKU121,196,2001.25
SO205SKU122,2025-07-25,SKU122,134,791.25
SO205SKU123,2025-07-25,SKU123,488,1283.75
SO205SKU124,2025-07-25,SKU124,450,2090.0
SO205SKU125,2025-07-25,SKU125,260,2171.25
SO205SKU126,2025-07-25,SKU126,87,1933.75
SO205SKU127,2025-07-25,SKU127,230,1741.25
SO205SKU128,2025-07-25,SKU128,282,792.5
SO205SKU129,2025-07-25,SKU129,142,1346.25
SO206SKU100,2025-07-26,SKU100,113,2161.25
SO206SKU101,2025-07-26,SKU101,205,1245.0
SO206SKU102,2025-07-26,SKU102,463,772.5
SO206SKU103,2025-07-26,SKU103,244,2328.75
SO206SKU104,2025-07-26,SKU104,288,636.25
SO206SKU105,2025-07-26,SKU105,117,1347.5
SO206SKU106,2025-07-26,SKU106,181,1293.75
SO206SKU107,2025-07-26,SKU107,472,1920.0
SO206SKU108,2025-07-26,SKU108,188,2440.0
SO206SKU109,2025-07-26,SKU109,397,2242.5
SO206SKU110,2025-07-26,SKU110,150,1747.5
SO206SKU111,2025-07-26,SKU111,113,1343.75
SO206SKU112,2025-07-26,SKU112,134,1787.5
SO206SKU113,2025-07-26,SKU113,494,2497.5
SO206SKU114,2025-07-26,SKU114,197,1300.0
SO206SKU115,2025-07-26,SKU115,116,866.25
SO206SKU116,2025-07-26,SKU116,470,491.25
SO206SKU117,2025-07-26,SKU117,437,2353.75
SO206SKU118,2025-07-26,SKU118,205,578.75
SO206SKU119,2025-07-26,SKU119,248,632.5
SO206SKU120,2025-07-26,SKU120,127,1086.25
SO206SKU121,2025-07-26,SKU121,140,2001.25
SO206SKU122,2025-07-26,SKU122,335,791.25
SO206SKU123,2025-07-26,SKU123,338,1283.75
SO206SKU124,2025-07-26,SKU124,297,2090.0
SO206SKU125,2025-07-26,SKU125,321,2171.25
SO206SKU126,2025-07-26,SKU126,461,1933.75
SO206SKU127,2025-07-26,SKU127,359,1741.25
SO206SKU128,2025-07-26,SKU128,332,792.5
SO206SKU129,2025-07-26,SKU129,199,1346.25
SO207SKU100,2025-07-27,SKU100,231,2161.25
SO207SKU101,2025-07-27,SKU101,457,1245.0
SO207SKU102,2025-07-27,SKU102,223,772.5
SO207SKU103,2025-07-27,SKU103,152,2328.75
SO207SKU104,2025-07-27,SKU104,132,636.25
SO207SKU105,2025-07-27,SKU105,336,1347.5
SO207SKU106,2025-07-27,SKU106,492,1293.75
SO207SKU107,2025-07-27,SKU107,352,1920.0
SO207SKU108,2025-07-27,SKU108,420,2440.0
SO207SKU109,2025-07-27,SKU109,329,2242.5
SO207SKU110,2025-07-27,SKU110,88,1747.5
SO207SKU111,2025-07-27,SKU111,500,1343.75
SO207SKU112,2025-07-27,SKU112,246,1787.5
SO207SKU113,2025-07-27,SKU113,276,2497.5
SO207SKU114,2025-07-27,SKU114,250,1300.0
SO207SKU115,2025-07-27,SKU115,350,866.25
SO207SKU116,2025-07-27,SKU116,310,491.25
SO207SKU117,2025-07-27,SKU117,233,2353.75
SO207SKU118,2025-07-27,SKU118,299,578.75
SO207SKU119,2025-07-27,SKU119,414,632.5
SO207SKU120,2025-07-27,SKU120,153,1086.25
SO207SKU121,2025-07-27,SKU121,441,2001.25
SO207SKU122,2025-07-27,SKU122,452,791.25
SO207SKU123,2025-07-27,SKU123,293,1283.75
SO207SKU124,2025-07-27,SKU124,144,2090.0
SO207SKU125,2025-07-27,SKU125,449,2171.25
SO207SKU126,2025-07-27,SKU126,106,1933.75
SO207SKU127,2025-07-27,SKU127,95,1741.25
SO207SKU128,2025-07-27,SKU128,347,792.5
SO207SKU129,2025-07-27,SKU129,199,1346.25
SO208SKU100,2025-07-28,SKU100,460,2161.25
SO208SKU101,2025-07-28,SKU101,310,1245.0
SO208SKU102,2025-07-28,SKU102,84,772.5
SO208SKU103,2025-07-28,SKU103,457,2328.75
SO208SKU104,2025-07-28,SKU104,457,636.25
SO208SKU105,2025-07-28,SKU105,317,1347.5
SO208SKU106,2025-07-28,SKU106,210,1293.75
SO208SKU107,2025-07-28,SKU107,440,1920.0
SO208SKU108,2025-07-28,SKU108,480,2440.0
SO208SKU109,2025-07-28,SKU109,172,2242.5
SO208SKU110,2025-07-28,SKU110,146,1747.5
SO208SKU111,2025-07-28,SKU111,110,1343.75
SO208SKU112,2025-07-28,SKU112,409,1787.5
SO208SKU113,2025-07-28,SKU113,469,2497.5
SO208SKU114,2025-07-28,SKU114,269,1300.0
SO208SKU115,2025-07-28,SKU115,390,866.25
SO208SKU116,2025-07-28,SKU116,296,491.25
SO208SKU117,2025-07-28,SKU117,395,2353.75
SO208SKU118,2025-07-28,SKU118,227,578.75
SO208SKU119,2025-07-28,SKU119,375,632.5
SO208SKU120,2025-07-28,SKU120,169,1086.25
SO208SKU121,2025-07-28,SKU121,84,2001.25
SO208SKU122,2025-07-28,SKU122,95,791.25
SO208SKU123,2025-07-28,SKU123,371,1283.75
SO208SKU124,2025-07-28,SKU124,216,2090.0
SO208SKU125,2025-07-28,SKU125,333,2171.25
SO208SKU126,2025-07-28,SKU126,359,1933.75
SO208SKU127,2025-07-28,SKU127,317,1741.25
SO208SKU128,2025-07-28,SKU128,190,792.5
SO208SKU129,2025-07-28,SKU129,179,1346.25
SO209SKU100,2025-07-29,SKU100,137,2161.25
SO209SKU101,2025-07-29,SKU101,368,1245.0
SO209SKU102,2025-07-29,SKU102,203,772.5
SO209SKU103,2025-07-29,SKU103,193,2328.75
SO209SKU104,2025-07-29,SKU104,283,636.25
SO209SKU105,2025-07-29,SKU105,111,1347.5
SO209SKU106,2025-07-29,SKU106,453,1293.75
SO209SKU107,2025-07-29,SKU107,135,1920.0
SO209SKU108,2025-07-29,SKU108,389,2440.0
SO209SKU109,2025-07-29,SKU109,160,2242.5
SO209SKU110,2025-07-29,SKU110,356,1747.5
SO209SKU111,2025-07-29,SKU111,373,1343.75
SO209SKU112,2025-07-29,SKU112,258,1787.5
SO209SKU113,2025-07-29,SKU113,368,2497.5
SO209SKU114,2025-07-29,SKU114,300,1300.0
SO209SKU115,2025-07-29,SKU115,410,866.25
SO209SKU116,2025-07-29,SKU116,165,491.25
SO209SKU117,2025-07-29,SKU117,185,2353.75
SO209SKU118,2025-07-29,SKU118,463,578.75
SO209SKU119,2025-07-29,SKU119,311,632.5
SO209SKU120,2025-07-29,SKU120,359,1086.25
SO209SKU121,2025-07-29,SKU121,463,2001.25
SO209SKU122,2025-07-29,SKU122,291,791.25
SO209SKU123,2025-07-29,SKU123,102,1283.75
SO209SKU124,2025-07-29,SKU124,132,2090.0
SO209SKU125,2025-07-29,SKU125,103,2171.25
SO209SKU126,2025-07-29,SKU126,270,1933.75
SO209SKU127,2025-07-29,SKU127,496,1741.25
SO209SKU128,2025-07-29,SKU128,212,792.5
SO209SKU129,2025-07-29,SKU129,195,1346.25
SO210SKU100,2025-07-30,SKU100,138,2161.25
SO210SKU101,2025-07-30,SKU101,252,1245.0
SO210SKU102,2025-07-30,SKU102,97,772.5
SO210SKU103,2025-07-30,SKU103,338,2328.75
SO210SKU104,2025-07-30,SKU104,435,636.25
SO210SKU105,2025-07-30,SKU105,466,1347.5
SO210SKU106,2025-07-30,SKU106,163,1293.75
SO210SKU107,2025-07-30,SKU107,163,1920.0
SO210SKU108,2025-07-30,SKU108,495,2440.0
SO210SKU109,2025-07-30,SKU109,462,2242.5
SO210SKU110,2025-07-30,SKU110,142,1747.5
SO210SKU111,2025-07-30,SKU111,218,1343.75
SO210SKU112,2025-07-30,SKU112,307,1787.5
SO210SKU113,2025-07-30,SKU113,240,2497.5
SO210SKU114,2025-07-30,SKU114,394,1300.0
SO210SKU115,2025-07-30,SKU115,153,866.25
SO210SKU116,2025-07-30,SKU116,181,491.25
SO210SKU117,2025-07-30,SKU117,381,2353.75
SO210SKU118,2025-07-30,SKU118,87,578.75
SO210SKU119,2025-07-30,SKU119,217,632.5
SO210SKU120,2025-07-30,SKU120,309,1086.25
SO210SKU121,2025-07-30,SKU121,147,2001.25
SO210SKU122,2025-07-30,SKU122,439,791.25
SO210SKU123,2025-07-30,SKU123,198,1283.75
SO210SKU124,2025-07-30,SKU124,296,2090.0
SO210SKU125,2025-07-30,SKU125,243,2171.25
SO210SKU126,2025-07-30,SKU126,284,1933.75
SO210SKU127,2025-07-30,SKU127,152,1741.25
SO210SKU128,2025-07-30,SKU128,141,792.5
SO210SKU129,2025-07-30,SKU129,82,1346.25
SO211SKU100,2025-07-31,SKU100,261,2161.25
SO211SKU101,2025-07-31,SKU101,187,1245.0
SO211SKU102,2025-07-31,SKU102,377,772.5
SO211SKU103,2025-07-31,SKU103,421,2328.75
SO211SKU104,2025-07-31,SKU104,306,636.25
SO211SKU105,2025-07-31,SKU105,406,1347.5
SO211SKU106,2025-07-31,SKU106,144,1293.75
SO211SKU107,2025-07-31,SKU107,147,1920.0
SO211SKU108,2025-07-31,SKU108,359,2440.0
SO211SKU109,2025-07-31,SKU109,488,2242.5
SO211SKU110,2025-07-31,SKU110,356,1747.5
SO211SKU111,2025-07-31,SKU111,456,1343.75
SO211SKU112,2025-07-31,SKU112,475,1787.5
SO211SKU113,2025-07-31,SKU113,300,2497.5
SO211SKU114,2025-07-31,SKU114,374,1300.0
SO211SKU115,2025-07-31,SKU115,200,866.25
SO211SKU116,2025-07-31,SKU116,365,491.25
SO211SKU117,2025-07-31,SKU117,396,2353.75
SO211SKU118,2025-07-31,SKU118,319,578.75
SO211SKU119,2025-07-31,SKU119,301,632.5
SO211SKU120,2025-07-31,SKU120,405,1086.25
SO211SKU121,2025-07-31,SKU121,349,2001.25
SO211SKU122,2025-07-31,SKU122,167,791.25
SO211SKU123,2025-07-31,SKU123,303,1283.75
SO211SKU124,2025-07-31,SKU124,287,2090.0
SO211SKU125,2025-07-31,SKU125,340,2171.25
SO211SKU126,2025-07-31,SKU126,417,1933.75
SO211SKU127,2025-07-31,SKU127,236,1741.25
SO211SKU128,2025-07-31,SKU128,243,792.5
SO211SKU129,2025-07-31,SKU129,379,1346.25
SO212SKU100,2025-08-01,SKU100,202,2161.25
SO212SKU101,2025-08-01,SKU101,197,1245.0
SO212SKU102,2025-08-01,SKU102,190,772.5
SO212SKU103,2025-08-01,SKU103,252,2328.75
SO212SKU104,2025-08-01,SKU104,194,636.25
SO212SKU105,2025-08-01,SKU105,504,1347.5
SO212SKU106,2025-08-01,SKU106,500,1293.75
SO212SKU107,2025-08-01,SKU107,326,1920.0
SO212SKU108,2025-08-01,SKU108,121,2440.0
SO212SKU109,2025-08-01,SKU109,205,2242.5
SO212SKU110,2025-08-01,SKU110,258,1747.5
SO212SKU111,2025-08-01,SKU111,227,1343.75
SO212SKU112,2025-08-01,SKU112,539,1787.5
SO212SKU113,2025-08-01,SKU113,309,2497.5
SO212SKU114,2025-08-01,SKU114,195,1300.0
SO212SKU115,2025-08-01,SKU115,364,866.25
SO212SKU116,2025-08-01,SKU116,316,491.25
SO212SKU117,2025-08-01,SKU117,338,2353.75
SO212SKU118,2025-08-01,SKU118,363,578.75
SO212SKU119,2025-08-01,SKU119,326,632.5
SO212SKU120,2025-08-01,SKU120,494,1086.25
SO212SKU121,2025-08-01,SKU121,348,2001.25
SO212SKU122,2025-08-01,SKU122,219,791.25
SO212SKU123,2025-08-01,SKU123,300,1283.75
SO212SKU124,2025-08-01,SKU124,225,2090.0
SO212SKU125,2025-08-01,SKU125,340,2171.25
SO212SKU126,2025-08-01,SKU126,178,1933.75
SO212SKU127,2025-08-01,SKU127,212,1741.25
SO212SKU128,2025-08-01,SKU128,333,792.5
SO212SKU129,2025-08-01,SKU129,557,1346.25
SO213SKU100,2025-08-02,SKU100,479,2161.25
SO213SKU101,2025-08-02,SKU101,372,1245.0
SO213SKU102,2025-08-02,SKU102,499,772.5
SO213SKU103,2025-08-02,SKU103,263,2328.75
SO213SKU104,2025-08-02,SKU104,255,636.25
SO213SKU105,2025-08-02,SKU105,284,1347.5
SO213SKU106,2025-08-02,SKU106,415,1293.75
SO213SKU107,2025-08-02,SKU107,382,1920.0
SO213SKU108,2025-08-02,SKU108,193,2440.0
SO213SKU109,2025-08-02,SKU109,190,2242.5
SO213SKU110,2025-08-02,SKU110,272,1747.5
SO213SKU111,2025-08-02,SKU111,543,1343.75
SO213SKU112,2025-08-02,SKU112,294,1787.5
SO213SKU113,2025-08-02,SKU113,206,2497.5
SO213SKU114,2025-08-02,SKU114,241,1300.0
SO213SKU115,2025-08-02,SKU115,302,866.25
SO213SKU116,2025-08-02,SKU116,530,491.25
SO213SKU117,2025-08-02,SKU117,420,2353.75
SO213SKU118,2025-08-02,SKU118,366,578.75
SO213SKU119,2025-08-02,SKU119,523,632.5
SO213SKU120,2025-08-02,SKU120,98,1086.25
SO213SKU121,2025-08-02,SKU121,290,2001.25
SO213SKU122,2025-08-02,SKU122,276,791.25
SO213SKU123,2025-08-02,SKU123,144,1283.75
SO213SKU124,2025-08-02,SKU124,280,2090.0
SO213SKU125,2025-08-02,SKU125,561,2171.25
SO213SKU126,2025-08-02,SKU126,405,1933.75
SO213SKU127,2025-08-02,SKU127,120,1741.25
SO213SKU128,2025-08-02,SKU128,333,792.5
SO213SKU129,2025-08-02,SKU129,359,1346.25
SO214SKU100,2025-08-03,SKU100,169,2161.25
SO214SKU101,2025-08-03,SKU101,228,1245.0
SO214SKU102,2025-08-03,SKU102,479,772.5
SO214SKU103,2025-08-03,SKU103,396,2328.75
SO214SKU104,2025-08-03,SKU104,449,636.25
SO214SKU105,2025-08-03,SKU105,357,1347.5
SO214SKU106,2025-08-03,SKU106,431,1293.75
SO214SKU107,2025-08-03,SKU107,395,1920.0
SO214SKU108,2025-08-03,SKU108,358,2440.0
SO214SKU109,2025-08-03,SKU109,103,2242.5
SO214SKU110,2025-08-03,SKU110,333,1747.5
SO214SKU111,2025-08-03,SKU111,289,1343.75
SO214SKU112,2025-08-03,SKU112,236,1787.5
SO214SKU113,2025-08-03,SKU113,390,2497.5
SO214SKU114,2025-08-03,SKU114,376,1300.0
SO214SKU115,2025-08-03,SKU115,104,866.25
SO214SKU116,2025-08-03,SKU116,557,491.25
SO214SKU117,2025-08-03,SKU117,171,2353.75
SO214SKU118,2025-08-03,SKU118,333,578.75
SO214SKU119,2025-08-03,SKU119,430,632.5
SO214SKU120,2025-08-03,SKU120,101,1086.25
SO214SKU121,2025-08-03,SKU121,472,2001.25
SO214SKU122,2025-08-03,SKU122,387,791.25
SO214SKU123,2025-08-03,SKU123,566,1283.75
SO214SKU124,2025-08-03,SKU124,533,2090.0
SO214SKU125,2025-08-03,SKU125,270,2171.25
SO214SKU126,2025-08-03,SKU126,394,1933.75
SO214SKU127,2025-08-03,SKU127,374,1741.25
SO214SKU128,2025-08-03,SKU128,277,792.5
SO214SKU129,2025-08-03,SKU129,104,1346.25
SO215SKU100,2025-08-04,SKU100,109,2161.25
SO215SKU101,2025-08-04,SKU101,127,1245.0
SO215SKU102,2025-08-04,SKU102,187,772.5
SO215SKU103,2025-08-04,SKU103,100,2328.75
SO215SKU104,2025-08-04,SKU104,195,636.25
SO215SKU105,2025-08-04,SKU105,454,1347.5
SO215SKU106,2025-08-04,SKU106,407,1293.75
SO215SKU107,2025-08-04,SKU107,422,1920.0
SO215SKU108,2025-08-04,SKU108,543,2440.0
SO215SKU109,2025-08-04,SKU109,144,2242.5
SO215SKU110,2025-08-04,SKU110,340,1747.5
SO215SKU111,2025-08-04,SKU111,246,1343.75
SO215SKU112,2025-08-04,SKU112,184,1787.5
SO215SKU113,2025-08-04,SKU113,439,2497.5
SO215SKU114,2025-08-04,SKU114,142,1300.0
SO215SKU115,2025-08-04,SKU115,269,866.25
SO215SKU116,2025-08-04,SKU116,499,491.25
SO215SKU117,2025-08-04,SKU117,547,2353.75
SO215SKU118,2025-08-04,SKU118,106,578.75
SO215SKU119,2025-08-04,SKU119,128,632.5
SO215SKU120,2025-08-04,SKU120,203,1086.25
SO215SKU121,2025-08-04,SKU121,403,2001.25
SO215SKU122,2025-08-04,SKU122,422,791.25
SO215SKU123,2025-08-04,SKU123,255,1283.75
SO215SKU124,2025-08-04,SKU124,123,2090.0
SO215SKU125,2025-08-04,SKU125,575,2171.25
SO215SKU126,2025-08-04,SKU126,408,1933.75
SO215SKU127,2025-08-04,SKU127,94,1741.25
SO215SKU128,2025-08-04,SKU128,250,792.5
SO215SKU129,2025-08-04,SKU129,293,1346.25
SO216SKU100,2025-08-05,SKU100,158,2161.25
SO216SKU101,2025-08-05,SKU101,334,1245.0
SO216SKU102,2025-08-05,SKU102,119,772.5
SO216SKU103,2025-08-05,SKU103,409,2328.75
SO216SKU104,2025-08-05,SKU104,129,636.25
SO216SKU105,2025-08-05,SKU105,402,1347.5
SO216SKU106,2025-08-05,SKU106,194,1293.75
SO216SKU107,2025-08-05,SKU107,267,1920.0
SO216SKU108,2025-08-05,SKU108,109,2440.0
SO216SKU109,2025-08-05,SKU109,178,2242.5
SO216SKU110,2025-08-05,SKU110,290,1747.5
SO216SKU111,2025-08-05,SKU111,472,1343.75
SO216SKU112,2025-08-05,SKU112,135,1787.5
SO216SKU113,2025-08-05,SKU113,440,2497.5
SO216SKU114,2025-08-05,SKU114,318,1300.0
SO216SKU115,2025-08-05,SKU115,369,866.25
SO216SKU116,2025-08-05,SKU116,419,491.25
SO216SKU117,2025-08-05,SKU117,101,2353.75
SO216SKU118,2025-08-05,SKU118,125,578.75
SO216SKU119,2025-08-05,SKU119,339,632.5
SO216SKU120,2025-08-05,SKU120,249,1086.25
SO216SKU121,2025-08-05,SKU121,462,2001.25
SO216SKU122,2025-08-05,SKU122,288,791.25
SO216SKU123,2025-08-05,SKU123,377,1283.75
SO216SKU124,2025-08-05,SKU124,97,2090.0
SO216SKU125,2025-08-05,SKU125,480,2171.25
SO216SKU126,2025-08-05,SKU126,187,1933.75
SO216SKU127,2025-08-05,SKU127,331,1741.25
SO216SKU128,2025-08-05,SKU128,182,792.5
SO216SKU129,2025-08-05,SKU129,238,1346.25
SO217SKU100,2025-08-06,SKU100,541,2161.25
SO217SKU101,2025-08-06,SKU101,299,1245.0
SO217SKU102,2025-08-06,SKU102,341,772.5
SO217SKU103,2025-08-06,SKU103,404,2328.75
SO217SKU104,2025-08-06,SKU104,255,636.25
SO217SKU105,2025-08-06,SKU105,326,1347.5
SO217SKU106,2025-08-06,SKU106,392,1293.75
SO217SKU107,2025-08-06,SKU107,514,1920.0
SO217SKU108,2025-08-06,SKU108,396,2440.0
SO217SKU109,2025-08-06,SKU109,333,2242.5
SO217SKU110,2025-08-06,SKU110,227,1747.5
SO217SKU111,2025-08-06,SKU111,566,1343.75
SO217SKU112,2025-08-06,SKU112,331,1787.5
SO217SKU113,2025-08-06,SKU113,310,2497.5
SO217SKU114,2025-08-06,SKU114,377,1300.0
SO217SKU115,2025-08-06,SKU115,194,866.25
SO217SKU116,2025-08-06,SKU116,242,491.25
SO217SKU117,2025-08-06,SKU117,200,2353.75
SO217SKU118,2025-08-06,SKU118,456,578.75
SO217SKU119,2025-08-06,SKU119,325,632.5
SO217SKU120,2025-08-06,SKU120,426,1086.25
SO217SKU121,2025-08-06,SKU121,294,2001.25
SO217SKU122,2025-08-06,SKU122,445,791.25
SO217SKU123,2025-08-06,SKU123,525,1283.75
SO217SKU124,2025-08-06,SKU124,236,2090.0
SO217SKU125,2025-08-06,SKU125,372,2171.25
SO217SKU126,2025-08-06,SKU126,394,1933.75
SO217SKU127,2025-08-06,SKU127,450,1741.25
SO217SKU128,2025-08-06,SKU128,269,792.5
SO217SKU129,2025-08-06,SKU129,193,1346.25
SO218SKU100,2025-08-07,SKU100,131,2161.25
SO218SKU101,2025-08-07,SKU101,479,1245.0
SO218SKU102,2025-08-07,SKU102,454,772.5
SO218SKU103,2025-08-07,SKU103,271,2328.75
SO218SKU104,2025-08-07,SKU104,111,636.25
SO218SKU105,2025-08-07,SKU105,423,1347.5
SO218SKU106,2025-08-07,SKU106,101,1293.75
SO218SKU107,2025-08-07,SKU107,280,1920.0
SO218SKU108,2025-08-07,SKU108,411,2440.0
SO218SKU109,2025-08-07,SKU109,451,2242.5
SO218SKU110,2025-08-07,SKU110,486,1747.5
SO218SKU111,2025-08-07,SKU111,554,1343.75
SO218SKU112,2025-08-07,SKU112,265,1787.5
SO218SKU113,2025-08-07,SKU113,509,2497.5
SO218SKU114,2025-08-07,SKU114,198,1300.0
SO218SKU115,2025-08-07,SKU115,426,866.25
SO218SKU116,2025-08-07,SKU116,449,491.25
SO218SKU117,2025-08-07,SKU117,244,2353.75
SO218SKU118,2025-08-07,SKU118,165,578.75
SO218SKU119,2025-08-07,SKU119,548,632.5
SO218SKU120,2025-08-07,SKU120,309,1086.25
SO218SKU121,2025-08-07,SKU121,94,2001.25
SO218SKU122,2025-08-07,SKU122,235,791.25
SO218SKU123,2025-08-07,SKU123,454,1283.75
SO218SKU124,2025-08-07,SKU124,401,2090.0
SO218SKU125,2025-08-07,SKU125,181,2171.25
SO218SKU126,2025-08-07,SKU126,523,1933.75
SO218SKU127,2025-08-07,SKU127,95,1741.25
SO218SKU128,2025-08-07,SKU128,242,792.5
SO218SKU129,2025-08-07,SKU129,224,1346.25
SO219SKU100,2025-08-08,SKU100,224,2161.25
SO219SKU101,2025-08-08,SKU101,481,1245.0
SO219SKU102,2025-08-08,SKU102,500,772.5
SO219SKU103,2025-08-08,SKU103,434,2328.75
SO219SKU104,2025-08-08,SKU104,208,636.25
SO219SKU105,2025-08-08,SKU105,362,1347.5
SO219SKU106,2025-08-08,SKU106,200,1293.75
SO219SKU107,2025-08-08,SKU107,355,1920.0
SO219SKU108,2025-08-08,SKU108,550,2440.0
SO219SKU109,2025-08-08,SKU109,353,2242.5
SO219SKU110,2025-08-08,SKU110,166,1747.5
SO219SKU111,2025-08-08,SKU111,94,1343.75
SO219SKU112,2025-08-08,SKU112,280,1787.5
SO219SKU113,2025-08-08,SKU113,554,2497.5
SO219SKU114,2025-08-08,SKU114,496,1300.0
SO219SKU115,2025-08-08,SKU115,376,866.25
SO219SKU116,2025-08-08,SKU116,408,491.25
SO219SKU117,2025-08-08,SKU117,299,2353.75
SO219SKU118,2025-08-08,SKU118,447,578.75
SO219SKU119,2025-08-08,SKU119,300,632.5
SO219SKU120,2025-08-08,SKU120,411,1086.25
SO219SKU121,2025-08-08,SKU121,566,2001.25
SO219SKU122,2025-08-08,SKU122,250,791.25
SO219SKU123,2025-08-08,SKU123,485,1283.75
SO219SKU124,2025-08-08,SKU124,159,2090.0
SO219SKU125,2025-08-08,SKU125,380,2171.25
SO219SKU126,2025-08-08,SKU126,258,1933.75
SO219SKU127,2025-08-08,SKU127,563,1741.25
SO219SKU128,2025-08-08,SKU128,274,792.5
SO219SKU129,2025-08-08,SKU129,539,1346.25
SO220SKU100,2025-08-09,SKU100,494,2161.25
SO220SKU101,2025-08-09,SKU101,529,1245.0
SO220SKU102,2025-08-09,SKU102,409,772.5
SO220SKU103,2025-08-09,SKU103,184,2328.75
SO220SKU104,2025-08-09,SKU104,316,636.25
SO220SKU105,2025-08-09,SKU105,445,1347.5
SO220SKU106,2025-08-09,SKU106,231,1293.75
SO220SKU107,2025-08-09,SKU107,209,1920.0
SO220SKU108,2025-08-09,SKU108,366,2440.0
SO220SKU109,2025-08-09,SKU109,389,2242.5
SO220SKU110,2025-08-09,SKU110,116,1747.5
SO220SKU111,2025-08-09,SKU111,376,1343.75
SO220SKU112,2025-08-09,SKU112,190,1787.5
SO220SKU113,2025-08-09,SKU113,161,2497.5
SO220SKU114,2025-08-09,SKU114,409,1300.0
SO220SKU115,2025-08-09,SKU115,257,866.25
SO220SKU116,2025-08-09,SKU116,209,491.25
SO220SKU117,2025-08-09,SKU117,320,2353.75
SO220SKU118,2025-08-09,SKU118,408,578.75
SO220SKU119,2025-08-09,SKU119,119,632.5
SO220SKU120,2025-08-09,SKU120,201,1086.25
SO220SKU121,2025-08-09,SKU121,477,2001.25
SO220SKU122,2025-08-09,SKU122,561,791.25
SO220SKU123,2025-08-09,SKU123,102,1283.75
SO220SKU124,2025-08-09,SKU124,368,2090.0
SO220SKU125,2025-08-09,SKU125,251,2171.25
SO220SKU126,2025-08-09,SKU126,373,1933.75
SO220SKU127,2025-08-09,SKU127,404,1741.25
SO220SKU128,2025-08-09,SKU128,172,792.5
SO220SKU129,2025-08-09,SKU129,353,1346.25
SO221SKU100,2025-08-10,SKU100,197,2161.25
SO221SKU101,2025-08-10,SKU101,431,1245.0
SO221SKU102,2025-08-10,SKU102,227,772.5
SO221SKU103,2025-08-10,SKU103,317,2328.75
SO221SKU104,2025-08-10,SKU104,101,636.25
SO221SKU105,2025-08-10,SKU105,418,1347.5
SO221SKU106,2025-08-10,SKU106,319,1293.75
SO221SKU107,2025-08-10,SKU107,570,1920.0
SO221SKU108,2025-08-10,SKU108,324,2440.0
SO221SKU109,2025-08-10,SKU109,96,2242.5
SO221SKU110,2025-08-10,SKU110,403,1747.5
SO221SKU111,2025-08-10,SKU111,464,1343.75
SO221SKU112,2025-08-10,SKU112,412,1787.5
SO221SKU113,2025-08-10,SKU113,218,2497.5
SO221SKU114,2025-08-10,SKU114,188,1300.0
SO221SKU115,2025-08-10,SKU115,468,866.25
SO221SKU116,2025-08-10,SKU116,104,491.25
SO221SKU117,2025-08-10,SKU117,496,2353.75
SO221SKU118,2025-08-10,SKU118,309,578.75
SO221SKU119,2025-08-10,SKU119,307,632.5
SO221SKU120,2025-08-10,SKU120,473,1086.25
SO221SKU121,2025-08-10,SKU121,120,2001.25
SO221SKU122,2025-08-10,SKU122,117,791.25
SO221SKU123,2025-08-10,SKU123,571,1283.75
SO221SKU124,2025-08-10,SKU124,280,2090.0
SO221SKU125,2025-08-10,SKU125,439,2171.25
SO221SKU126,2025-08-10,SKU126,259,1933.75
SO221SKU127,2025-08-10,SKU127,500,1741.25
SO221SKU128,2025-08-10,SKU128,394,792.5
SO221SKU129,2025-08-10,SKU129,462,1346.25
SO222SKU100,2025-08-11,SKU100,179,2161.25
SO222SKU101,2025-08-11,SKU101,121,1245.0
SO222SKU102,2025-08-11,SKU102,98,772.5
SO222SKU103,2025-08-11,SKU103,569,2328.75
SO222SKU104,2025-08-11,SKU104,410,636.25
SO222SKU105,2025-08-11,SKU105,265,1347.5
SO222SKU106,2025-08-11,SKU106,537,1293.75
SO222SKU107,2025-08-11,SKU107,169,1920.0
SO222SKU108,2025-08-11,SKU108,388,2440.0
SO222SKU109,2025-08-11,SKU109,208,2242.5
SO222SKU110,2025-08-11,SKU110,226,1747.5
SO222SKU111,2025-08-11,SKU111,144,1343.75
SO222SKU112,2025-08-11,SKU112,340,1787.5
SO222SKU113,2025-08-11,SKU113,427,2497.5
SO222SKU114,2025-08-11,SKU114,241,1300.0
SO222SKU115,2025-08-11,SKU115,439,866.25
SO222SKU116,2025-08-11,SKU116,247,491.25
SO222SKU117,2025-08-11,SKU117,522,2353.75
SO222SKU118,2025-08-11,SKU118,492,578.75
SO222SKU119,2025-08-11,SKU119,366,632.5
SO222SKU120,2025-08-11,SKU120,362,1086.25
SO222SKU121,2025-08-11,SKU121,538,2001.25
SO222SKU122,2025-08-11,SKU122,430,791.25
SO222SKU123,2025-08-11,SKU123,267,1283.75
SO222SKU124,2025-08-11,SKU124,217,2090.0
SO222SKU125,2025-08-11,SKU125,164,2171.25
SO222SKU126,2025-08-11,SKU126,281,1933.75
SO222SKU127,2025-08-11,SKU127,461,1741.25
SO222SKU128,2025-08-11,SKU128,413,792.5
SO222SKU129,2025-08-11,SKU129,366,1346.25
SO223SKU100,2025-08-12,SKU100,446,2161.25
SO223SKU101,2025-08-12,SKU101,219,1245.0
SO223SKU102,2025-08-12,SKU102,507,772.5
SO223SKU103,2025-08-12,SKU103,554,2328.75
SO223SKU104,2025-08-12,SKU104,330,636.25
SO223SKU105,2025-08-12,SKU105,422,1347.5
SO223SKU106,2025-08-12,SKU106,540,1293.75
SO223SKU107,2025-08-12,SKU107,564,1920.0
SO223SKU108,2025-08-12,SKU108,455,2440.0
SO223SKU109,2025-08-12,SKU109,243,2242.5
SO223SKU110,2025-08-12,SKU110,231,1747.5
SO223SKU111,2025-08-12,SKU111,223,1343.75
SO223SKU112,2025-08-12,SKU112,174,1787.5
SO223SKU113,2025-08-12,SKU113,198,2497.5
SO223SKU114,2025-08-12,SKU114,496,1300.0
SO223SKU115,2025-08-12,SKU115,454,866.25
SO223SKU116,2025-08-12,SKU116,255,491.25
SO223SKU117,2025-08-12,SKU117,382,2353.75
SO223SKU118,2025-08-12,SKU118,400,578.75
SO223SKU119,2025-08-12,SKU119,562,632.5
SO223SKU120,2025-08-12,SKU120,280,1086.25
SO223SKU121,2025-08-12,SKU121,249,2001.25
SO223SKU122,2025-08-12,SKU122,320,791.25
SO223SKU123,2025-08-12,SKU123,348,1283.75
SO223SKU124,2025-08-12,SKU124,132,2090.0
SO223SKU125,2025-08-12,SKU125,109,2171.25
SO223SKU126,2025-08-12,SKU126,258,1933.75
SO223SKU127,2025-08-12,SKU127,182,1741.25
SO223SKU128,2025-08-12,SKU128,518,792.5
SO223SKU129,2025-08-12,SKU129,356,1346.25
SO224SKU100,2025-08-13,SKU100,419,2161.25
SO224SKU101,2025-08-13,SKU101,561,1245.0
SO224SKU102,2025-08-13,SKU102,190,772.5
SO224SKU103,2025-08-13,SKU103,462,2328.75
SO224SKU104,2025-08-13,SKU104,113,636.25
SO224SKU105,2025-08-13,SKU105,519,1347.5
SO224SKU106,2025-08-13,SKU106,102,1293.75
SO224SKU107,2025-08-13,SKU107,552,1920.0
SO224SKU108,2025-08-13,SKU108,343,2440.0
SO224SKU109,2025-08-13,SKU109,426,2242.5
SO224SKU110,2025-08-13,SKU110,185,1747.5
SO224SKU111,2025-08-13,SKU111,507,1343.75
SO224SKU112,2025-08-13,SKU112,301,1787.5
SO224SKU113,2025-08-13,SKU113,560,2497.5
SO224SKU114,2025-08-13,SKU114,133,1300.0
SO224SKU115,2025-08-13,SKU115,277,866.25
SO224SKU116,2025-08-13,SKU116,213,491.25
SO224SKU117,2025-08-13,SKU117,502,2353.75
SO224SKU118,2025-08-13,SKU118,532,578.75
SO224SKU119,2025-08-13,SKU119,255,632.5
SO224SKU120,2025-08-13,SKU120,136,1086.25
SO224SKU121,2025-08-13,SKU121,342,2001.25
SO224SKU122,2025-08-13,SKU122,277,791.25
SO224SKU123,2025-08-13,SKU123,257,1283.75
SO224SKU124,2025-08-13,SKU124,175,2090.0
SO224SKU125,2025-08-13,SKU125,218,2171.25
SO224SKU126,2025-08-13,SKU126,439,1933.75
SO224SKU127,2025-08-13,SKU127,167,1741.25
SO224SKU128,2025-08-13,SKU128,435,792.5
SO224SKU129,2025-08-13,SKU129,474,1346.25
SO225SKU100,2025-08-14,SKU100,572,2161.25
SO225SKU101,2025-08-14,SKU101,270,1245.0
SO225SKU102,2025-08-14,SKU102,466,772.5
SO225SKU103,2025-08-14,SKU103,363,2328.75
SO225SKU104,2025-08-14,SKU104,128,636.25
SO225SKU105,2025-08-14,SKU105,174,1347.5
SO225SKU106,2025-08-14,SKU106,356,1293.75
SO225SKU107,2025-08-14,SKU107,376,1920.0
SO225SKU108,2025-08-14,SKU108,262,2440.0
SO225SKU109,2025-08-14,SKU109,317,2242.5
SO225SKU110,2025-08-14,SKU110,502,1747.5
SO225SKU111,2025-08-14,SKU111,309,1343.75
SO225SKU112,2025-08-14,SKU112,430,1787.5
SO225SKU113,2025-08-14,SKU113,105,2497.5
SO225SKU114,2025-08-14,SKU114,343,1300.0
SO225SKU115,2025-08-14,SKU115,425,866.25
SO225SKU116,2025-08-14,SKU116,491,491.25
SO225SKU117,2025-08-14,SKU117,456,2353.75
SO225SKU118,2025-08-14,SKU118,210,578.75
SO225SKU119,2025-08-14,SKU119,411,632.5
SO225SKU120,2025-08-14,SKU120,140,1086.25
SO225SKU121,2025-08-14,SKU121,149,2001.25
SO225SKU122,2025-08-14,SKU122,279,791.25
SO225SKU123,2025-08-14,SKU123,331,1283.75
SO225SKU124,2025-08-14,SKU124,482,2090.0
SO225SKU125,2025-08-14,SKU125,284,2171.25
SO225SKU126,2025-08-14,SKU126,381,1933.75
SO225SKU127,2025-08-14,SKU127,368,1741.25
SO225SKU128,2025-08-14,SKU128,121,792.5
SO225SKU129,2025-08-14,SKU129,397,1346.25
SO226SKU100,2025-08-15,SKU100,269,2161.25
SO226SKU101,2025-08-15,SKU101,451,1245.0
SO226SKU102,2025-08-15,SKU102,175,772.5
SO226SKU103,2025-08-15,SKU103,402,2328.75
SO226SKU104,2025-08-15,SKU104,101,636.25
SO226SKU105,2025-08-15,SKU105,278,1347.5
SO226SKU106,2025-08-15,SKU106,128,1293.75
SO226SKU107,2025-08-15,SKU107,205,1920.0
SO226SKU108,2025-08-15,SKU108,568,2440.0
SO226SKU109,2025-08-15,SKU109,216,2242.5
SO226SKU110,2025-08-15,SKU110,193,1747.5
SO226SKU111,2025-08-15,SKU111,522,1343.75
SO226SKU112,2025-08-15,SKU112,405,1787.5
SO226SKU113,2025-08-15,SKU113,255,2497.5
SO226SKU114,2025-08-15,SKU114,485,1300.0
SO226SKU115,2025-08-15,SKU115,346,866.25
SO226SKU116,2025-08-15,SKU116,442,491.25
SO226SKU117,2025-08-15,SKU117,378,2353.75
SO226SKU118,2025-08-15,SKU118,181,578.75
SO226SKU119,2025-08-15,SKU119,304,632.5
SO226SKU120,2025-08-15,SKU120,98,1086.25
SO226SKU121,2025-08-15,SKU121,211,2001.25
SO226SKU122,2025-08-15,SKU122,497,791.25
SO226SKU123,2025-08-15,SKU123,428,1283.75
SO226SKU124,2025-08-15,SKU124,223,2090.0
SO226SKU125,2025-08-15,SKU125,289,2171.25
SO226SKU126,2025-08-15,SKU126,413,1933.75
SO226SKU127,2025-08-15,SKU127,92,1741.25
SO226SKU128,2025-08-15,SKU128,250,792.5
SO226SKU129,2025-08-15,SKU129,228,1346.25
SO227SKU100,2025-08-16,SKU100,482,2161.25
SO227SKU101,2025-08-16,SKU101,348,1245.0
SO227SKU102,2025-08-16,SKU102,158,772.5
SO227SKU103,2025-08-16,SKU103,341,2328.75
SO227SKU104,2025-08-16,SKU104,516,636.25
SO227SKU105,2025-08-16,SKU105,399,1347.5
SO227SKU106,2025-08-16,SKU106,448,1293.75
SO227SKU107,2025-08-16,SKU107,324,1920.0
SO227SKU108,2025-08-16,SKU108,427,2440.0
SO227SKU109,2025-08-16,SKU109,542,2242.5
SO227SKU110,2025-08-16,SKU110,525,1747.5
SO227SKU111,2025-08-16,SKU111,312,1343.75
SO227SKU112,2025-08-16,SKU112,362,1787.5
SO227SKU113,2025-08-16,SKU113,395,2497.5
SO227SKU114,2025-08-16,SKU114,503,1300.0
SO227SKU115,2025-08-16,SKU115,439,866.25
SO227SKU116,2025-08-16,SKU116,492,491.25
SO227SKU117,2025-08-16,SKU117,403,2353.75
SO227SKU118,2025-08-16,SKU118,409,578.75
SO227SKU119,2025-08-16,SKU119,178,632.5
SO227SKU120,2025-08-16,SKU120,292,1086.25
SO227SKU121,2025-08-16,SKU121,413,2001.25
SO227SKU122,2025-08-16,SKU122,339,791.25
SO227SKU123,2025-08-16,SKU123,362,1283.75
SO227SKU124,2025-08-16,SKU124,370,2090.0
SO227SKU125,2025-08-16,SKU125,432,2171.25
SO227SKU126,2025-08-16,SKU126,192,1933.75
SO227SKU127,2025-08-16,SKU127,428,1741.25
SO227SKU128,2025-08-16,SKU128,560,792.5
SO227SKU129,2025-08-16,SKU129,251,1346.25
SO228SKU100,2025-08-17,SKU100,210,2161.25
SO228SKU101,2025-08-17,SKU101,411,1245.0
SO228SKU102,2025-08-17,SKU102,357,772.5
SO228SKU103,2025-08-17,SKU103,129,2328.75
SO228SKU104,2025-08-17,SKU104,381,636.25
SO228SKU105,2025-08-17,SKU105,269,1347.5
SO228SKU106,2025-08-17,SKU106,510,1293.75
SO228SKU107,2025-08-17,SKU107,415,1920.0
SO228SKU108,2025-08-17,SKU108,393,2440.0
SO228SKU109,2025-08-17,SKU109,104,2242.5
SO228SKU110,2025-08-17,SKU110,373,1747.5
SO228SKU111,2025-08-17,SKU111,440,1343.75
SO228SKU112,2025-08-17,SKU112,158,1787.5
SO228SKU113,2025-08-17,SKU113,108,2497.5
SO228SKU114,2025-08-17,SKU114,143,1300.0
SO228SKU115,2025-08-17,SKU115,182,866.25
SO228SKU116,2025-08-17,SKU116,409,491.25
SO228SKU117,2025-08-17,SKU117,477,2353.75
SO228SKU118,2025-08-17,SKU118,542,578.75
SO228SKU119,2025-08-17,SKU119,379,632.5
SO228SKU120,2025-08-17,SKU120,512,1086.25
SO228SKU121,2025-08-17,SKU121,161,2001.25
SO228SKU122,2025-08-17,SKU122,220,791.25
SO228SKU123,2025-08-17,SKU123,418,1283.75
SO228SKU124,2025-08-17,SKU124,227,2090.0
SO228SKU125,2025-08-17,SKU125,481,2171.25
SO228SKU126,2025-08-17,SKU126,270,1933.75
SO228SKU127,2025-08-17,SKU127,118,1741.25
SO228SKU128,2025-08-17,SKU128,339,792.5
SO228SKU129,2025-08-17,SKU129,453,1346.25
SO229SKU100,2025-08-18,SKU100,150,2161.25
SO229SKU101,2025-08-18,SKU101,116,1245.0
SO229SKU102,2025-08-18,SKU102,489,772.5
SO229SKU103,2025-08-18,SKU103,470,2328.75
SO229SKU104,2025-08-18,SKU104,446,636.25
SO229SKU105,2025-08-18,SKU105,395,1347.5
SO229SKU106,2025-08-18,SKU106,117,1293.75
SO229SKU107,2025-08-18,SKU107,215,1920.0
SO229SKU108,2025-08-18,SKU108,128,2440.0
SO229SKU109,2025-08-18,SKU109,121,2242.5
SO229SKU110,2025-08-18,SKU110,534,1747.5
SO229SKU111,2025-08-18,SKU111,558,1343.75
SO229SKU112,2025-08-18,SKU112,327,1787.5
SO229SKU113,2025-08-18,SKU113,282,2497.5
SO229SKU114,2025-08-18,SKU114,548,1300.0
SO229SKU115,2025-08-18,SKU115,113,866.25
SO229SKU116,2025-08-18,SKU116,356,491.25
SO229SKU117,2025-08-18,SKU117,174,2353.75
SO229SKU118,2025-08-18,SKU118,549,578.75
SO229SKU119,2025-08-18,SKU119,393,632.5
SO229SKU120,2025-08-18,SKU120,430,1086.25
SO229SKU121,2025-08-18,SKU121,539,2001.25
SO229SKU122,2025-08-18,SKU122,342,791.25
SO229SKU123,2025-08-18,SKU123,346,1283.75
SO229SKU124,2025-08-18,SKU124,279,2090.0
SO229SKU125,2025-08-18,SKU125,480,2171.25
SO229SKU126,2025-08-18,SKU126,434,1933.75
SO229SKU127,2025-08-18,SKU127,507,1741.25
SO229SKU128,2025-08-18,SKU128,505,792.5
SO229SKU129,2025-08-18,SKU129,228,1346.25
SO230SKU100,2025-08-19,SKU100,267,2161.25
SO230SKU101,2025-08-19,SKU101,132,1245.0
SO230SKU102,2025-08-19,SKU102,241,772.5
SO230SKU103,2025-08-19,SKU103,561,2328.75
SO230SKU104,2025-08-19,SKU104,213,636.25
SO230SKU105,2025-08-19,SKU105,369,1347.5
SO230SKU106,2025-08-19,SKU106,519,1293.75
SO230SKU107,2025-08-19,SKU107,428,1920.0
SO230SKU108,2025-08-19,SKU108,140,2440.0
SO230SKU109,2025-08-19,SKU109,527,2242.5
SO230SKU110,2025-08-19,SKU110,341,1747.5
SO230SKU111,2025-08-19,SKU111,98,1343.75
SO230SKU112,2025-08-19,SKU112,393,1787.5
SO230SKU113,2025-08-19,SKU113,416,2497.5
SO230SKU114,2025-08-19,SKU114,149,1300.0
SO230SKU115,2025-08-19,SKU115,252,866.25
SO230SKU116,2025-08-19,SKU116,125,491.25
SO230SKU117,2025-08-19,SKU117,422,2353.75
SO230SKU118,2025-08-19,SKU118,356,578.75
SO230SKU119,2025-08-19,SKU119,439,632.5
SO230SKU120,2025-08-19,SKU120,330,1086.25
SO230SKU121,2025-08-19,SKU121,210,2001.25
SO230SKU122,2025-08-19,SKU122,180,791.25
SO230SKU123,2025-08-19,SKU123,532,1283.75
SO230SKU124,2025-08-19,SKU124,435,2090.0
SO230SKU125,2025-08-19,SKU125,419,2171.25
SO230SKU126,2025-08-19,SKU126,357,1933.75
SO230SKU127,2025-08-19,SKU127,313,1741.25
SO230SKU128,2025-08-19,SKU128,136,792.5
SO230SKU129,2025-08-19,SKU129,323,1346.25
SO231SKU100,2025-08-20,SKU100,378,2161.25
SO231SKU101,2025-08-20,SKU101,147,1245.0
SO231SKU102,2025-08-20,SKU102,133,772.5
SO231SKU103,2025-08-20,SKU103,254,2328.75
SO231SKU104,2025-08-20,SKU104,264,636.25
SO231SKU105,2025-08-20,SKU105,235,1347.5
SO231SKU106,2025-08-20,SKU106,361,1293.75
SO231SKU107,2025-08-20,SKU107,303,1920.0
SO231SKU108,2025-08-20,SKU108,568,2440.0
SO231SKU109,2025-08-20,SKU109,415,2242.5
SO231SKU110,2025-08-20,SKU110,166,1747.5
SO231SKU111,2025-08-20,SKU111,435,1343.75
SO231SKU112,2025-08-20,SKU112,470,1787.5
SO231SKU113,2025-08-20,SKU113,288,2497.5
SO231SKU114,2025-08-20,SKU114,198,1300.0
SO231SKU115,2025-08-20,SKU115,246,866.25
SO231SKU116,2025-08-20,SKU116,118,491.25
SO231SKU117,2025-08-20,SKU117,93,2353.75
SO231SKU118,2025-08-20,SKU118,288,578.75
SO231SKU119,2025-08-20,SKU119,213,632.5
SO231SKU120,2025-08-20,SKU120,261,1086.25
SO231SKU121,2025-08-20,SKU121,415,2001.25
SO231SKU122,2025-08-20,SKU122,405,791.25
SO231SKU123,2025-08-20,SKU123,92,1283.75
SO231SKU124,2025-08-20,SKU124,129,2090.0
SO231SKU125,2025-08-20,SKU125,313,2171.25
SO231SKU126,2025-08-20,SKU126,311,1933.75
SO231SKU127,2025-08-20,SKU127,208,1741.25
SO231SKU128,2025-08-20,SKU128,244,792.5
SO231SKU129,2025-08-20,SKU129,401,1346.25
SO232SKU100,2025-08-21,SKU100,341,2161.25
SO232SKU101,2025-08-21,SKU101,502,1245.0
SO232SKU102,2025-08-21,SKU102,121,772.5
SO232SKU103,2025-08-21,SKU103,407,2328.75
SO232SKU104,2025-08-21,SKU104,274,636.25
SO232SKU105,2025-08-21,SKU105,146,1347.5
SO232SKU106,2025-08-21,SKU106,346,1293.75
SO232SKU107,2025-08-21,SKU107,463,1920.0
SO232SKU108,2025-08-21,SKU108,561,2440.0
SO232SKU109,2025-08-21,SKU109,148,2242.5
SO232SKU110,2025-08-21,SKU110,463,1747.5
SO232SKU111,2025-08-21,SKU111,166,1343.75
SO232SKU112,2025-08-21,SKU112,123,1787.5
SO232SKU113,2025-08-21,SKU113,93,2497.5
SO232SKU114,2025-08-21,SKU114,432,1300.0
SO232SKU115,2025-08-21,SKU115,568,866.25
SO232SKU116,2025-08-21,SKU116,246,491.25
SO232SKU117,2025-08-21,SKU117,98,2353.75
SO232SKU118,2025-08-21,SKU118,205,578.75
SO232SKU119,2025-08-21,SKU119,288,632.5
SO232SKU120,2025-08-21,SKU120,288,1086.25
SO232SKU121,2025-08-21,SKU121,284,2001.25
SO232SKU122,2025-08-21,SKU122,261,791.25
SO232SKU123,2025-08-21,SKU123,555,1283.75
SO232SKU124,2025-08-21,SKU124,373,2090.0
SO232SKU125,2025-08-21,SKU125,242,2171.25
SO232SKU126,2025-08-21,SKU126,174,1933.75
SO232SKU127,2025-08-21,SKU127,238,1741.25
SO232SKU128,2025-08-21,SKU128,174,792.5
SO232SKU129,2025-08-21,SKU129,113,1346.25
SO233SKU100,2025-08-22,SKU100,242,2161.25
SO233SKU101,2025-08-22,SKU101,430,1245.0
SO233SKU102,2025-08-22,SKU102,194,772.5
SO233SKU103,2025-08-22,SKU103,159,2328.75
SO233SKU104,2025-08-22,SKU104,523,636.25
SO233SKU105,2025-08-22,SKU105,333,1347.5
SO233SKU106,2025-08-22,SKU106,218,1293.75
SO233SKU107,2025-08-22,SKU107,266,1920.0
SO233SKU108,2025-08-22,SKU108,351,2440.0
SO233SKU109,2025-08-22,SKU109,247,2242.5
SO233SKU110,2025-08-22,SKU110,204,1747.5
SO233SKU111,2025-08-22,SKU111,520,1343.75
SO233SKU112,2025-08-22,SKU112,348,1787.5
SO233SKU113,2025-08-22,SKU113,370,2497.5
SO233SKU114,2025-08-22,SKU114,480,1300.0
SO233SKU115,2025-08-22,SKU115,303,866.25
SO233SKU116,2025-08-22,SKU116,227,491.25
SO233SKU117,2025-08-22,SKU117,496,2353.75
SO233SKU118,2025-08-22,SKU118,309,578.75
SO233SKU119,2025-08-22,SKU119,129,632.5
SO233SKU120,2025-08-22,SKU120,309,1086.25
SO233SKU121,2025-08-22,SKU121,127,2001.25
SO233SKU122,2025-08-22,SKU122,267,791.25
SO233SKU123,2025-08-22,SKU123,309,1283.75
SO233SKU124,2025-08-22,SKU124,433,2090.0
SO233SKU125,2025-08-22,SKU125,351,2171.25
SO233SKU126,2025-08-22,SKU126,541,1933.75
SO233SKU127,2025-08-22,SKU127,484,1741.25
SO233SKU128,2025-08-22,SKU128,433,792.5
SO233SKU129,2025-08-22,SKU129,331,1346.25
SO234SKU100,2025-08-23,SKU100,469,2161.25
SO234SKU101,2025-08-23,SKU101,338,1245.0
SO234SKU102,2025-08-23,SKU102,413,772.5
SO234SKU103,2025-08-23,SKU103,216,2328.75
SO234SKU104,2025-08-23,SKU104,413,636.25
SO234SKU105,2025-08-23,SKU105,236,1347.5
SO234SKU106,2025-08-23,SKU106,553,1293.75
SO234SKU107,2025-08-23,SKU107,178,1920.0
SO234SKU108,2025-08-23,SKU108,468,2440.0
SO234SKU109,2025-08-23,SKU109,538,2242.5
SO234SKU110,2025-08-23,SKU110,335,1747.5
SO234SKU111,2025-08-23,SKU111,386,1343.75
SO234SKU112,2025-08-23,SKU112,552,1787.5
SO234SKU113,2025-08-23,SKU113,363,2497.5
SO234SKU114,2025-08-23,SKU114,384,1300.0
SO234SKU115,2025-08-23,SKU115,315,866.25
SO234SKU116,2025-08-23,SKU116,547,491.25
SO234SKU117,2025-08-23,SKU117,147,2353.75
SO234SKU118,2025-08-23,SKU118,571,578.75
SO234SKU119,2025-08-23,SKU119,510,632.5
SO234SKU120,2025-08-23,SKU120,522,1086.25
SO234SKU121,2025-08-23,SKU121,169,2001.25
SO234SKU122,2025-08-23,SKU122,553,791.25
SO234SKU123,2025-08-23,SKU123,546,1283.75
SO234SKU124,2025-08-23,SKU124,469,2090.0
SO234SKU125,2025-08-23,SKU125,432,2171.25
SO234SKU126,2025-08-23,SKU126,319,1933.75
SO234SKU127,2025-08-23,SKU127,533,1741.25
SO234SKU128,2025-08-23,SKU128,155,792.5
SO234SKU129,2025-08-23,SKU129,435,1346.25
SO235SKU100,2025-08-24,SKU100,425,2161.25
SO235SKU101,2025-08-24,SKU101,357,1245.0
SO235SKU102,2025-08-24,SKU102,493,772.5
SO235SKU103,2025-08-24,SKU103,285,2328.75
SO235SKU104,2025-08-24,SKU104,152,636.25
SO235SKU105,2025-08-24,SKU105,297,1347.5
SO235SKU106,2025-08-24,SKU106,158,1293.75
SO235SKU107,2025-08-24,SKU107,425,1920.0
SO235SKU108,2025-08-24,SKU108,111,2440.0
SO235SKU109,2025-08-24,SKU109,224,2242.5
SO235SKU110,2025-08-24,SKU110,371,1747.5
SO235SKU111,2025-08-24,SKU111,374,1343.75
SO235SKU112,2025-08-24,SKU112,252,1787.5
SO235SKU113,2025-08-24,SKU113,118,2497.5
SO235SKU114,2025-08-24,SKU114,497,1300.0
SO235SKU115,2025-08-24,SKU115,133,866.25
SO235SKU116,2025-08-24,SKU116,218,491.25
SO235SKU117,2025-08-24,SKU117,411,2353.75
SO235SKU118,2025-08-24,SKU118,257,578.75
SO235SKU119,2025-08-24,SKU119,481,632.5
SO235SKU120,2025-08-24,SKU120,274,1086.25
SO235SKU121,2025-08-24,SKU121,113,2001.25
SO235SKU122,2025-08-24,SKU122,336,791.25
SO235SKU123,2025-08-24,SKU123,411,1283.75
SO235SKU124,2025-08-24,SKU124,456,2090.0
SO235SKU125,2025-08-24,SKU125,175,2171.25
SO235SKU126,2025-08-24,SKU126,386,1933.75
SO235SKU127,2025-08-24,SKU127,417,1741.25
SO235SKU128,2025-08-24,SKU128,215,792.5
SO235SKU129,2025-08-24,SKU129,127,1346.25
SO236SKU100,2025-08-25,SKU100,171,2161.25
SO236SKU101,2025-08-25,SKU101,493,1245.0
SO236SKU102,2025-08-25,SKU102,270,772.5
SO236SKU103,2025-08-25,SKU103,94,2328.75
SO236SKU104,2025-08-25,SKU104,564,636.25
SO236SKU105,2025-08-25,SKU105,162,1347.5
SO236SKU106,2025-08-25,SKU106,463,1293.75
SO236SKU107,2025-08-25,SKU107,377,1920.0
SO236SKU108,2025-08-25,SKU108,449,2440.0
SO236SKU109,2025-08-25,SKU109,392,2242.5
SO236SKU110,2025-08-25,SKU110,343,1747.5
SO236SKU111,2025-08-25,SKU111,417,1343.75
SO236SKU112,2025-08-25,SKU112,466,1787.5
SO236SKU113,2025-08-25,SKU113,478,2497.5
SO236SKU114,2025-08-25,SKU114,431,1300.0
SO236SKU115,2025-08-25,SKU115,469,866.25
SO236SKU116,2025-08-25,SKU116,119,491.25
SO236SKU117,2025-08-25,SKU117,288,2353.75
SO236SKU118,2025-08-25,SKU118,442,578.75
SO236SKU119,2025-08-25,SKU119,319,632.5
SO236SKU120,2025-08-25,SKU120,570,1086.25
SO236SKU121,2025-08-25,SKU121,194,2001.25
SO236SKU122,2025-08-25,SKU122,274,791.25
SO236SKU123,2025-08-25,SKU123,464,1283.75
SO236SKU124,2025-08-25,SKU124,568,2090.0
SO236SKU125,2025-08-25,SKU125,434,2171.25
SO236SKU126,2025-08-25,SKU126,254,1933.75
SO236SKU127,2025-08-25,SKU127,320,1741.25
SO236SKU128,2025-08-25,SKU128,443,792.5
SO236SKU129,2025-08-25,SKU129,309,1346.25
SO237SKU100,2025-08-26,SKU100,359,2161.25
SO237SKU101,2025-08-26,SKU101,539,1245.0
SO237SKU102,2025-08-26,SKU102,106,772.5
SO237SKU103,2025-08-26,SKU103,104,2328.75
SO237SKU104,2025-08-26,SKU104,476,636.25
SO237SKU105,2025-08-26,SKU105,221,1347.5
SO237SKU106,2025-08-26,SKU106,472,1293.75
SO237SKU107,2025-08-26,SKU107,197,1920.0
SO237SKU108,2025-08-26,SKU108,353,2440.0
SO237SKU109,2025-08-26,SKU109,94,2242.5
SO237SKU110,2025-08-26,SKU110,333,1747.5
SO237SKU111,2025-08-26,SKU111,487,1343.75
SO237SKU112,2025-08-26,SKU112,171,1787.5
SO237SKU113,2025-08-26,SKU113,331,2497.5
SO237SKU114,2025-08-26,SKU114,156,1300.0
SO237SKU115,2025-08-26,SKU115,173,866.25
SO237SKU116,2025-08-26,SKU116,197,491.25
SO237SKU117,2025-08-26,SKU117,98,2353.75
SO237SKU118,2025-08-26,SKU118,182,578.75
SO237SKU119,2025-08-26,SKU119,439,632.5
SO237SKU120,2025-08-26,SKU120,251,1086.25
SO237SKU121,2025-08-26,SKU121,417,2001.25
SO237SKU122,2025-08-26,SKU122,159,791.25
SO237SKU123,2025-08-26,SKU123,159,1283.75
SO237SKU124,2025-08-26,SKU124,109,2090.0
SO237SKU125,2025-08-26,SKU125,279,2171.25
SO237SKU126,2025-08-26,SKU126,177,1933.75
SO237SKU127,2025-08-26,SKU127,440,1741.25
SO237SKU128,2025-08-26,SKU128,348,792.5
SO237SKU129,2025-08-26,SKU129,482,1346.25
SO238SKU100,2025-08-27,SKU100,234,2161.25
SO238SKU101,2025-08-27,SKU101,538,1245.0
SO238SKU102,2025-08-27,SKU102,147,772.5
SO238SKU103,2025-08-27,SKU103,368,2328.75
SO238SKU104,2025-08-27,SKU104,523,636.25
SO238SKU105,2025-08-27,SKU105,112,1347.5
SO238SKU106,2025-08-27,SKU106,488,1293.75
SO238SKU107,2025-08-27,SKU107,104,1920.0
SO238SKU108,2025-08-27,SKU108,420,2440.0
SO238SKU109,2025-08-27,SKU109,225,2242.5
SO238SKU110,2025-08-27,SKU110,159,1747.5
SO238SKU111,2025-08-27,SKU111,480,1343.75
SO238SKU112,2025-08-27,SKU112,239,1787.5
SO238SKU113,2025-08-27,SKU113,515,2497.5
SO238SKU114,2025-08-27,SKU114,279,1300.0
SO238SKU115,2025-08-27,SKU115,294,866.25
SO238SKU116,2025-08-27,SKU116,427,491.25
SO238SKU117,2025-08-27,SKU117,538,2353.75
SO238SKU118,2025-08-27,SKU118,525,578.75
SO238SKU119,2025-08-27,SKU119,345,632.5
SO238SKU120,2025-08-27,SKU120,266,1086.25
SO238SKU121,2025-08-27,SKU121,449,2001.25
SO238SKU122,2025-08-27,SKU122,313,791.25
SO238SKU123,2025-08-27,SKU123,286,1283.75
SO238SKU124,2025-08-27,SKU124,357,2090.0
SO238SKU125,2025-08-27,SKU125,117,2171.25
SO238SKU126,2025-08-27,SKU126,353,1933.75
SO238SKU127,2025-08-27,SKU127,481,1741.25
SO238SKU128,2025-08-27,SKU128,416,792.5
SO238SKU129,2025-08-27,SKU129,465,1346.25
SO239SKU100,2025-08-28,SKU100,404,2161.25
SO239SKU101,2025-08-28,SKU101,529,1245.0
SO239SKU102,2025-08-28,SKU102,216,772.5
SO239SKU103,2025-08-28,SKU103,110,2328.75
SO239SKU104,2025-08-28,SKU104,165,636.25
SO239SKU105,2025-08-28,SKU105,293,1347.5
SO239SKU106,2025-08-28,SKU106,155,1293.75
SO239SKU107,2025-08-28,SKU107,361,1920.0
SO239SKU108,2025-08-28,SKU108,108,2440.0
SO239SKU109,2025-08-28,SKU109,568,2242.5
SO239SKU110,2025-08-28,SKU110,188,1747.5
SO239SKU111,2025-08-28,SKU111,540,1343.75
SO239SKU112,2025-08-28,SKU112,456,1787.5
SO239SKU113,2025-08-28,SKU113,263,2497.5
SO239SKU114,2025-08-28,SKU114,140,1300.0
SO239SKU115,2025-08-28,SKU115,568,866.25
SO239SKU116,2025-08-28,SKU116,118,491.25
SO239SKU117,2025-08-28,SKU117,347,2353.75
SO239SKU118,2025-08-28,SKU118,445,578.75
SO239SKU119,2025-08-28,SKU119,377,632.5
SO239SKU120,2025-08-28,SKU120,173,1086.25
SO239SKU121,2025-08-28,SKU121,142,2001.25
SO239SKU122,2025-08-28,SKU122,543,791.25
SO239SKU123,2025-08-28,SKU123,494,1283.75
SO239SKU124,2025-08-28,SKU124,330,2090.0
SO239SKU125,2025-08-28,SKU125,94,2171.25
SO239SKU126,2025-08-28,SKU126,300,1933.75
SO239SKU127,2025-08-28,SKU127,227,1741.25
SO239SKU128,2025-08-28,SKU128,269,792.5
SO239SKU129,2025-08-28,SKU129,200,1346.25
SO240SKU100,2025-08-29,SKU100,471,2161.25
SO240SKU101,2025-08-29,SKU101,472,1245.0
SO240SKU102,2025-08-29,SKU102,177,772.5
SO240SKU103,2025-08-29,SKU103,512,2328.75
SO240SKU104,2025-08-29,SKU104,381,636.25
SO240SKU105,2025-08-29,SKU105,300,1347.5
SO240SKU106,2025-08-29,SKU106,519,1293.75
SO240SKU107,2025-08-29,SKU107,175,1920.0
SO240SKU108,2025-08-29,SKU108,550,2440.0
SO240SKU109,2025-08-29,SKU109,529,2242.5
SO240SKU110,2025-08-29,SKU110,461,1747.5
SO240SKU111,2025-08-29,SKU111,135,1343.75
SO240SKU112,2025-08-29,SKU112,350,1787.5
SO240SKU113,2025-08-29,SKU113,98,2497.5
SO240SKU114,2025-08-29,SKU114,265,1300.0
SO240SKU115,2025-08-29,SKU115,489,866.25
SO240SKU116,2025-08-29,SKU116,139,491.25
SO240SKU117,2025-08-29,SKU117,339,2353.75
SO240SKU118,2025-08-29,SKU118,294,578.75
SO240SKU119,2025-08-29,SKU119,538,632.5
SO240SKU120,2025-08-29,SKU120,553,1086.25
SO240SKU121,2025-08-29,SKU121,575,2001.25
SO240SKU122,2025-08-29,SKU122,413,791.25
SO240SKU123,2025-08-29,SKU123,561,1283.75
SO240SKU124,2025-08-29,SKU124,169,2090.0
SO240SKU125,2025-08-29,SKU125,322,2171.25
SO240SKU126,2025-08-29,SKU126,351,1933.75
SO240SKU127,2025-08-29,SKU127,372,1741.25
SO240SKU128,2025-08-29,SKU128,235,792.5
SO240SKU129,2025-08-29,SKU129,377,1346.25
SO241SKU100,2025-08-30,SKU100,259,2161.25
SO241SKU101,2025-08-30,SKU101,204,1245.0
SO241SKU102,2025-08-30,SKU102,531,772.5
SO241SKU103,2025-08-30,SKU103,235,2328.75
SO241SKU104,2025-08-30,SKU104,501,636.25
SO241SKU105,2025-08-30,SKU105,502,1347.5
SO241SKU106,2025-08-30,SKU106,348,1293.75
SO241SKU107,2025-08-30,SKU107,387,1920.0
SO241SKU108,2025-08-30,SKU108,213,2440.0
SO241SKU109,2025-08-30,SKU109,407,2242.5
SO241SKU110,2025-08-30,SKU110,479,1747.5
SO241SKU111,2025-08-30,SKU111,334,1343.75
SO241SKU112,2025-08-30,SKU112,292,1787.5
SO241SKU113,2025-08-30,SKU113,116,2497.5
SO241SKU114,2025-08-30,SKU114,109,1300.0
SO241SKU115,2025-08-30,SKU115,503,866.25
SO241SKU116,2025-08-30,SKU116,345,491.25
SO241SKU117,2025-08-30,SKU117,308,2353.75
SO241SKU118,2025-08-30,SKU118,198,578.75
SO241SKU119,2025-08-30,SKU119,294,632.5
SO241SKU120,2025-08-30,SKU120,307,1086.25
SO241SKU121,2025-08-30,SKU121,533,2001.25
SO241SKU122,2025-08-30,SKU122,244,791.25
SO241SKU123,2025-08-30,SKU123,438,1283.75
SO241SKU124,2025-08-30,SKU124,570,2090.0
SO241SKU125,2025-08-30,SKU125,308,2171.25
SO241SKU126,2025-08-30,SKU126,331,1933.75
SO241SKU127,2025-08-30,SKU127,334,1741.25
SO241SKU128,2025-08-30,SKU128,284,792.5
SO241SKU129,2025-08-30,SKU129,156,1346.25
SO242SKU100,2025-08-31,SKU100,453,2161.25
SO242SKU101,2025-08-31,SKU101,494,1245.0
SO242SKU102,2025-08-31,SKU102,169,772.5
SO242SKU103,2025-08-31,SKU103,552,2328.75
SO242SKU104,2025-08-31,SKU104,178,636.25
SO242SKU105,2025-08-31,SKU105,381,1347.5
SO242SKU106,2025-08-31,SKU106,503,1293.75
SO242SKU107,2025-08-31,SKU107,259,1920.0
SO242SKU108,2025-08-31,SKU108,425,2440.0
SO242SKU109,2025-08-31,SKU109,159,2242.5
SO242SKU110,2025-08-31,SKU110,477,1747.5
SO242SKU111,2025-08-31,SKU111,226,1343.75
SO242SKU112,2025-08-31,SKU112,146,1787.5
SO242SKU113,2025-08-31,SKU113,175,2497.5
SO242SKU114,2025-08-31,SKU114,471,1300.0
SO242SKU115,2025-08-31,SKU115,124,866.25
SO242SKU116,2025-08-31,SKU116,250,491.25
SO242SKU117,2025-08-31,SKU117,324,2353.75
SO242SKU118,2025-08-31,SKU118,98,578.75
SO242SKU119,2025-08-31,SKU119,220,632.5
SO242SKU120,2025-08-31,SKU120,209,1086.25
SO242SKU121,2025-08-31,SKU121,558,2001.25
SO242SKU122,2025-08-31,SKU122,120,791.25
SO242SKU123,2025-08-31,SKU123,396,1283.75
SO242SKU124,2025-08-31,SKU124,319,2090.0
SO242SKU125,2025-08-31,SKU125,211,2171.25
SO242SKU126,2025-08-31,SKU126,357,1933.75
SO242SKU127,2025-08-31,SKU127,556,1741.25
SO242SKU128,2025-08-31,SKU128,447,792.5
SO242SKU129,2025-08-31,SKU129,466,1346.25
SO243SKU100,2025-09-01,SKU100,158,2161.25
SO243SKU101,2025-09-01,SKU101,457,1245.0
SO243SKU102,2025-09-01,SKU102,423,772.5
SO243SKU103,2025-09-01,SKU103,476,2328.75
SO243SKU104,2025-09-01,SKU104,155,636.25
SO243SKU105,2025-09-01,SKU105,156,1347.5
SO243SKU106,2025-09-01,SKU106,497,1293.75
SO243SKU107,2025-09-01,SKU107,409,1920.0
SO243SKU108,2025-09-01,SKU108,400,2440.0
SO243SKU109,2025-09-01,SKU109,537,2242.5
SO243SKU110,2025-09-01,SKU110,241,1747.5
SO243SKU111,2025-09-01,SKU111,127,1343.75
SO243SKU112,2025-09-01,SKU112,330,1787.5
SO243SKU113,2025-09-01,SKU113,135,2497.5
SO243SKU114,2025-09-01,SKU114,399,1300.0
SO243SKU115,2025-09-01,SKU115,394,866.25
SO243SKU116,2025-09-01,SKU116,361,491.25
SO243SKU117,2025-09-01,SKU117,206,2353.75
SO243SKU118,2025-09-01,SKU118,151,578.75
SO243SKU119,2025-09-01,SKU119,278,632.5
SO243SKU120,2025-09-01,SKU120,378,1086.25
SO243SKU121,2025-09-01,SKU121,246,2001.25
SO243SKU122,2025-09-01,SKU122,182,791.25
SO243SKU123,2025-09-01,SKU123,330,1283.75
SO243SKU124,2025-09-01,SKU124,420,2090.0
SO243SKU125,2025-09-01,SKU125,504,2171.25
SO243SKU126,2025-09-01,SKU126,307,1933.75
SO243SKU127,2025-09-01,SKU127,562,1741.25
SO243SKU128,2025-09-01,SKU128,141,792.5
SO243SKU129,2025-09-01,SKU129,318,1346.25
SO244SKU100,2025-09-02,SKU100,311,2161.25
SO244SKU101,2025-09-02,SKU101,409,1245.0
SO244SKU102,2025-09-02,SKU102,284,772.5
SO244SKU103,2025-09-02,SKU103,309,2328.75
SO244SKU104,2025-09-02,SKU104,432,636.25
SO244SKU105,2025-09-02,SKU105,257,1347.5
SO244SKU106,2025-09-02,SKU106,174,1293.75
SO244SKU107,2025-09-02,SKU107,288,1920.0
SO244SKU108,2025-09-02,SKU108,286,2440.0
SO244SKU109,2025-09-02,SKU109,341,2242.5
SO244SKU110,2025-09-02,SKU110,213,1747.5
SO244SKU111,2025-09-02,SKU111,180,1343.75
SO244SKU112,2025-09-02,SKU112,184,1787.5
SO244SKU113,2025-09-02,SKU113,373,2497.5
SO244SKU114,2025-09-02,SKU114,420,1300.0
SO244SKU115,2025-09-02,SKU115,278,866.25
SO244SKU116,2025-09-02,SKU116,526,491.25
SO244SKU117,2025-09-02,SKU117,165,2353.75
SO244SKU118,2025-09-02,SKU118,267,578.75
SO244SKU119,2025-09-02,SKU119,564,632.5
SO244SKU120,2025-09-02,SKU120,95,1086.25
SO244SKU121,2025-09-02,SKU121,369,2001.25
SO244SKU122,2025-09-02,SKU122,96,791.25
SO244SKU123,2025-09-02,SKU123,512,1283.75
SO244SKU124,2025-09-02,SKU124,371,2090.0
SO244SKU125,2025-09-02,SKU125,535,2171.25
SO244SKU126,2025-09-02,SKU126,173,1933.75
SO244SKU127,2025-09-02,SKU127,374,1741.25
SO244SKU128,2025-09-02,SKU128,92,792.5
SO244SKU129,2025-09-02,SKU129,351,1346.25
SO245SKU100,2025-09-03,SKU100,368,2161.25
SO245SKU101,2025-09-03,SKU101,553,1245.0
SO245SKU102,2025-09-03,SKU102,162,772.5
SO245SKU103,2025-09-03,SKU103,371,2328.75
SO245SKU104,2025-09-03,SKU104,450,636.25
SO245SKU105,2025-09-03,SKU105,545,1347.5
SO245SKU106,2025-09-03,SKU106,448,1293.75
SO245SKU107,2025-09-03,SKU107,400,1920.0
SO245SKU108,2025-09-03,SKU108,549,2440.0
SO245SKU109,2025-09-03,SKU109,511,2242.5
SO245SKU110,2025-09-03,SKU110,257,1747.5
SO245SKU111,2025-09-03,SKU111,493,1343.75
SO245SKU112,2025-09-03,SKU112,361,1787.5
SO245SKU113,2025-09-03,SKU113,166,2497.5
SO245SKU114,2025-09-03,SKU114,539,1300.0
SO245SKU115,2025-09-03,SKU115,98,866.25
SO245SKU116,2025-09-03,SKU116,258,491.25
SO245SKU117,2025-09-03,SKU117,120,2353.75
SO245SKU118,2025-09-03,SKU118,555,578.75
SO245SKU119,2025-09-03,SKU119,285,632.5
SO245SKU120,2025-09-03,SKU120,117,1086.25
SO245SKU121,2025-09-03,SKU121,180,2001.25
SO245SKU122,2025-09-03,SKU122,110,791.25
SO245SKU123,2025-09-03,SKU123,427,1283.75
SO245SKU124,2025-09-03,SKU124,366,2090.0
SO245SKU125,2025-09-03,SKU125,418,2171.25
SO245SKU126,2025-09-03,SKU126,279,1933.75
SO245SKU127,2025-09-03,SKU127,212,1741.25
SO245SKU128,2025-09-03,SKU128,201,792.5
SO245SKU129,2025-09-03,SKU129,369,1346.25
SO246SKU100,2025-09-04,SKU100,499,2161.25
SO246SKU101,2025-09-04,SKU101,340,1245.0
SO246SKU102,2025-09-04,SKU102,273,772.5
SO246SKU103,2025-09-04,SKU103,440,2328.75
SO246SKU104,2025-09-04,SKU104,485,636.25
SO246SKU105,2025-09-04,SKU105,569,1347.5
SO246SKU106,2025-09-04,SKU106,478,1293.75
SO246SKU107,2025-09-04,SKU107,482,1920.0
SO246SKU108,2025-09-04,SKU108,531,2440.0
SO246SKU109,2025-09-04,SKU109,142,2242.5
SO246SKU110,2025-09-04,SKU110,290,1747.5
SO246SKU111,2025-09-04,SKU111,158,1343.75
SO246SKU112,2025-09-04,SKU112,520,1787.5
SO246SKU113,2025-09-04,SKU113,518,2497.5
SO246SKU114,2025-09-04,SKU114,339,1300.0
SO246SKU115,2025-09-04,SKU115,443,866.25
SO246SKU116,2025-09-04,SKU116,98,491.25
SO246SKU117,2025-09-04,SKU117,516,2353.75
SO246SKU118,2025-09-04,SKU118,575,578.75
SO246SKU119,2025-09-04,SKU119,417,632.5
SO246SKU120,2025-09-04,SKU120,93,1086.25
SO246SKU121,2025-09-04,SKU121,404,2001.25
SO246SKU122,2025-09-04,SKU122,470,791.25
SO246SKU123,2025-09-04,SKU123,502,1283.75
SO246SKU124,2025-09-04,SKU124,411,2090.0
SO246SKU125,2025-09-04,SKU125,197,2171.25
SO246SKU126,2025-09-04,SKU126,526,1933.75
SO246SKU127,2025-09-04,SKU127,220,1741.25
SO246SKU128,2025-09-04,SKU128,143,792.5
SO246SKU129,2025-09-04,SKU129,192,1346.25
SO247SKU100,2025-09-05,SKU100,93,2161.25
SO247SKU101,2025-09-05,SKU101,134,1245.0
SO247SKU102,2025-09-05,SKU102,296,772.5
SO247SKU103,2025-09-05,SKU103,550,2328.75
SO247SKU104,2025-09-05,SKU104,451,636.25
SO247SKU105,2025-09-05,SKU105,355,1347.5
SO247SKU106,2025-09-05,SKU106,147,1293.75
SO247SKU107,2025-09-05,SKU107,272,1920.0
SO247SKU108,2025-09-05,SKU108,228,2440.0
SO247SKU109,2025-09-05,SKU109,301,2242.5
SO247SKU110,2025-09-05,SKU110,330,1747.5
SO247SKU111,2025-09-05,SKU111,497,1343.75
SO247SKU112,2025-09-05,SKU112,373,1787.5
SO247SKU113,2025-09-05,SKU113,403,2497.5
SO247SKU114,2025-09-05,SKU114,229,1300.0
SO247SKU115,2025-09-05,SKU115,482,866.25
SO247SKU116,2025-09-05,SKU116,520,491.25
SO247SKU117,2025-09-05,SKU117,362,2353.75
SO247SKU118,2025-09-05,SKU118,185,578.75
SO247SKU119,2025-09-05,SKU119,353,632.5
SO247SKU120,2025-09-05,SKU120,97,1086.25
SO247SKU121,2025-09-05,SKU121,355,2001.25
SO247SKU122,2025-09-05,SKU122,324,791.25
SO247SKU123,2025-09-05,SKU123,201,1283.75
SO247SKU124,2025-09-05,SKU124,489,2090.0
SO247SKU125,2025-09-05,SKU125,92,2171.25
SO247SKU126,2025-09-05,SKU126,233,1933.75
SO247SKU127,2025-09-05,SKU127,154,1741.25
SO247SKU128,2025-09-05,SKU128,372,792.5
SO247SKU129,2025-09-05,SKU129,281,1346.25
SO248SKU100,2025-09-06,SKU100,155,2161.25
SO248SKU101,2025-09-06,SKU101,376,1245.0
SO248SKU102,2025-09-06,SKU102,132,772.5
SO248SKU103,2025-09-06,SKU103,299,2328.75
SO248SKU104,2025-09-06,SKU104,146,636.25
SO248SKU105,2025-09-06,SKU105,472,1347.5
SO248SKU106,2025-09-06,SKU106,343,1293.75
SO248SKU107,2025-09-06,SKU107,547,1920.0
SO248SKU108,2025-09-06,SKU108,200,2440.0
SO248SKU109,2025-09-06,SKU109,466,2242.5
SO248SKU110,2025-09-06,SKU110,380,1747.5
SO248SKU111,2025-09-06,SKU111,459,1343.75
SO248SKU112,2025-09-06,SKU112,174,1787.5
SO248SKU113,2025-09-06,SKU113,151,2497.5
SO248SKU114,2025-09-06,SKU114,464,1300.0
SO248SKU115,2025-09-06,SKU115,322,866.25
SO248SKU116,2025-09-06,SKU116,252,491.25
SO248SKU117,2025-09-06,SKU117,480,2353.75
SO248SKU118,2025-09-06,SKU118,197,578.75
SO248SKU119,2025-09-06,SKU119,447,632.5
SO248SKU120,2025-09-06,SKU120,422,1086.25
SO248SKU121,2025-09-06,SKU121,116,2001.25
SO248SKU122,2025-09-06,SKU122,206,791.25
SO248SKU123,2025-09-06,SKU123,244,1283.75
SO248SKU124,2025-09-06,SKU124,509,2090.0
SO248SKU125,2025-09-06,SKU125,565,2171.25
SO248SKU126,2025-09-06,SKU126,368,1933.75
SO248SKU127,2025-09-06,SKU127,261,1741.25
SO248SKU128,2025-09-06,SKU128,284,792.5
SO248SKU129,2025-09-06,SKU129,566,1346.25
SO249SKU100,2025-09-07,SKU100,240,2161.25
SO249SKU101,2025-09-07,SKU101,286,1245.0
SO249SKU102,2025-09-07,SKU102,477,772.5
SO249SKU103,2025-09-07,SKU103,481,2328.75
SO249SKU104,2025-09-07,SKU104,394,636.25
SO249SKU105,2025-09-07,SKU105,249,1347.5
SO249SKU106,2025-09-07,SKU106,527,1293.75
SO249SKU107,2025-09-07,SKU107,299,1920.0
SO249SKU108,2025-09-07,SKU108,185,2440.0
SO249SKU109,2025-09-07,SKU109,347,2242.5
SO249SKU110,2025-09-07,SKU110,276,1747.5
SO249SKU111,2025-09-07,SKU111,481,1343.75
SO249SKU112,2025-09-07,SKU112,400,1787.5
SO249SKU113,2025-09-07,SKU113,449,2497.5
SO249SKU114,2025-09-07,SKU114,474,1300.0
SO249SKU115,2025-09-07,SKU115,219,866.25
SO249SKU116,2025-09-07,SKU116,267,491.25
SO249SKU117,2025-09-07,SKU117,442,2353.75
SO249SKU118,2025-09-07,SKU118,301,578.75
SO249SKU119,2025-09-07,SKU119,271,632.5
SO249SKU120,2025-09-07,SKU120,516,1086.25
SO249SKU121,2025-09-07,SKU121,249,2001.25
SO249SKU122,2025-09-07,SKU122,96,791.25
SO249SKU123,2025-09-07,SKU123,193,1283.75
SO249SKU124,2025-09-07,SKU124,206,2090.0
SO249SKU125,2025-09-07,SKU125,354,2171.25
SO249SKU126,2025-09-07,SKU126,174,1933.75
SO249SKU127,2025-09-07,SKU127,250,1741.25
SO249SKU128,2025-09-07,SKU128,461,792.5
SO249SKU129,2025-09-07,SKU129,422,1346.25
SO250SKU100,2025-09-08,SKU100,274,2161.25
SO250SKU101,2025-09-08,SKU101,129,1245.0
SO250SKU102,2025-09-08,SKU102,247,772.5
SO250SKU103,2025-09-08,SKU103,494,2328.75
SO250SKU104,2025-09-08,SKU104,380,636.25
SO250SKU105,2025-09-08,SKU105,138,1347.5
SO250SKU106,2025-09-08,SKU106,150,1293.75
SO250SKU107,2025-09-08,SKU107,299,1920.0
SO250SKU108,2025-09-08,SKU108,189,2440.0
SO250SKU109,2025-09-08,SKU109,362,2242.5
SO250SKU110,2025-09-08,SKU110,347,1747.5
SO250SKU111,2025-09-08,SKU111,198,1343.75
SO250SKU112,2025-09-08,SKU112,499,1787.5
SO250SKU113,2025-09-08,SKU113,223,2497.5
SO250SKU114,2025-09-08,SKU114,489,1300.0
SO250SKU115,2025-09-08,SKU115,139,866.25
SO250SKU116,2025-09-08,SKU116,561,491.25
SO250SKU117,2025-09-08,SKU117,435,2353.75
SO250SKU118,2025-09-08,SKU118,372,578.75
SO250SKU119,2025-09-08,SKU119,302,632.5
SO250SKU120,2025-09-08,SKU120,496,1086.25
SO250SKU121,2025-09-08,SKU121,541,2001.25
SO250SKU122,2025-09-08,SKU122,411,791.25
SO250SKU123,2025-09-08,SKU123,209,1283.75
SO250SKU124,2025-09-08,SKU124,147,2090.0
SO250SKU125,2025-09-08,SKU125,142,2171.25
SO250SKU126,2025-09-08,SKU126,340,1933.75
SO250SKU127,2025-09-08,SKU127,539,1741.25
SO250SKU128,2025-09-08,SKU128,534,792.5
SO250SKU129,2025-09-08,SKU129,401,1346.25
SO251SKU100,2025-09-09,SKU100,530,2161.25
SO251SKU101,2025-09-09,SKU101,288,1245.0
SO251SKU102,2025-09-09,SKU102,454,772.5
SO251SKU103,2025-09-09,SKU103,575,2328.75
SO251SKU104,2025-09-09,SKU104,517,636.25
SO251SKU105,2025-09-09,SKU105,564,1347.5
SO251SKU106,2025-09-09,SKU106,539,1293.75
SO251SKU107,2025-09-09,SKU107,548,1920.0
SO251SKU108,2025-09-09,SKU108,113,2440.0
SO251SKU109,2025-09-09,SKU109,144,2242.5
SO251SKU110,2025-09-09,SKU110,125,1747.5
SO251SKU111,2025-09-09,SKU111,234,1343.75
SO251SKU112,2025-09-09,SKU112,491,1787.5
SO251SKU113,2025-09-09,SKU113,516,2497.5
SO251SKU114,2025-09-09,SKU114,169,1300.0
SO251SKU115,2025-09-09,SKU115,313,866.25
SO251SKU116,2025-09-09,SKU116,128,491.25
SO251SKU117,2025-09-09,SKU117,439,2353.75
SO251SKU118,2025-09-09,SKU118,243,578.75
SO251SKU119,2025-09-09,SKU119,508,632.5
SO251SKU120,2025-09-09,SKU120,348,1086.25
SO251SKU121,2025-09-09,SKU121,560,2001.25
SO251SKU122,2025-09-09,SKU122,476,791.25
SO251SKU123,2025-09-09,SKU123,376,1283.75
SO251SKU124,2025-09-09,SKU124,154,2090.0
SO251SKU125,2025-09-09,SKU125,493,2171.25
SO251SKU126,2025-09-09,SKU126,366,1933.75
SO251SKU127,2025-09-09,SKU127,552,1741.25
SO251SKU128,2025-09-09,SKU128,357,792.5
SO251SKU129,2025-09-09,SKU129,157,1346.25
SO252SKU100,2025-09-10,SKU100,554,2161.25
SO252SKU101,2025-09-10,SKU101,362,1245.0
SO252SKU102,2025-09-10,SKU102,546,772.5
SO252SKU103,2025-09-10,SKU103,394,2328.75
SO252SKU104,2025-09-10,SKU104,351,636.25
SO252SKU105,2025-09-10,SKU105,441,1347.5
SO252SKU106,2025-09-10,SKU106,311,1293.75
SO252SKU107,2025-09-10,SKU107,252,1920.0
SO252SKU108,2025-09-10,SKU108,195,2440.0
SO252SKU109,2025-09-10,SKU109,529,2242.5
SO252SKU110,2025-09-10,SKU110,382,1747.5
SO252SKU111,2025-09-10,SKU111,217,1343.75
SO252SKU112,2025-09-10,SKU112,295,1787.5
SO252SKU113,2025-09-10,SKU113,277,2497.5
SO252SKU114,2025-09-10,SKU114,325,1300.0
SO252SKU115,2025-09-10,SKU115,119,866.25
SO252SKU116,2025-09-10,SKU116,515,491.25
SO252SKU117,2025-09-10,SKU117,494,2353.75
SO252SKU118,2025-09-10,SKU118,266,578.75
SO252SKU119,2025-09-10,SKU119,517,632.5
SO252SKU120,2025-09-10,SKU120,388,1086.25
SO252SKU121,2025-09-10,SKU121,234,2001.25
SO252SKU122,2025-09-10,SKU122,354,791.25
SO252SKU123,2025-09-10,SKU123,533,1283.75
SO252SKU124,2025-09-10,SKU124,256,2090.0
SO252SKU125,2025-09-10,SKU125,273,2171.25
SO252SKU126,2025-09-10,SKU126,229,1933.75
SO252SKU127,2025-09-10,SKU127,304,1741.25
SO252SKU128,2025-09-10,SKU128,545,792.5
SO252SKU129,2025-09-10,SKU129,522,1346.25
SO253SKU100,2025-09-11,SKU100,365,2161.25
SO253SKU101,2025-09-11,SKU101,271,1245.0
SO253SKU102,2025-09-11,SKU102,200,772.5
SO253SKU103,2025-09-11,SKU103,167,2328.75
SO253SKU104,2025-09-11,SKU104,150,636.25
SO253SKU105,2025-09-11,SKU105,96,1347.5
SO253SKU106,2025-09-11,SKU106,249,1293.75
SO253SKU107,2025-09-11,SKU107,476,1920.0
SO253SKU108,2025-09-11,SKU108,152,2440.0
SO253SKU109,2025-09-11,SKU109,402,2242.5
SO253SKU110,2025-09-11,SKU110,550,1747.5
SO253SKU111,2025-09-11,SKU111,247,1343.75
SO253SKU112,2025-09-11,SKU112,243,1787.5
SO253SKU113,2025-09-11,SKU113,369,2497.5
SO253SKU114,2025-09-11,SKU114,290,1300.0
SO253SKU115,2025-09-11,SKU115,201,866.25
SO253SKU116,2025-09-11,SKU116,229,491.25
SO253SKU117,2025-09-11,SKU117,569,2353.75
SO253SKU118,2025-09-11,SKU118,386,578.75
SO253SKU119,2025-09-11,SKU119,341,632.5
SO253SKU120,2025-09-11,SKU120,154,1086.25
SO253SKU121,2025-09-11,SKU121,316,2001.25
SO253SKU122,2025-09-11,SKU122,220,791.25
SO253SKU123,2025-09-11,SKU123,382,1283.75
SO253SKU124,2025-09-11,SKU124,411,2090.0
SO253SKU125,2025-09-11,SKU125,531,2171.25
SO253SKU126,2025-09-11,SKU126,520,1933.75
SO253SKU127,2025-09-11,SKU127,514,1741.25
SO253SKU128,2025-09-11,SKU128,315,792.5
SO253SKU129,2025-09-11,SKU129,555,1346.25
SO254SKU100,2025-09-12,SKU100,311,2161.25
SO254SKU101,2025-09-12,SKU101,157,1245.0
SO254SKU102,2025-09-12,SKU102,339,772.5
SO254SKU103,2025-09-12,SKU103,373,2328.75
SO254SKU104,2025-09-12,SKU104,276,636.25
SO254SKU105,2025-09-12,SKU105,440,1347.5
SO254SKU106,2025-09-12,SKU106,104,1293.75
SO254SKU107,2025-09-12,SKU107,550,1920.0
SO254SKU108,2025-09-12,SKU108,255,2440.0
SO254SKU109,2025-09-12,SKU109,446,2242.5
SO254SKU110,2025-09-12,SKU110,520,1747.5
SO254SKU111,2025-09-12,SKU111,294,1343.75
SO254SKU112,2025-09-12,SKU112,177,1787.5
SO254SKU113,2025-09-12,SKU113,441,2497.5
SO254SKU114,2025-09-12,SKU114,376,1300.0
SO254SKU115,2025-09-12,SKU115,443,866.25
SO254SKU116,2025-09-12,SKU116,247,491.25
SO254SKU117,2025-09-12,SKU117,495,2353.75
SO254SKU118,2025-09-12,SKU118,411,578.75
SO254SKU119,2025-09-12,SKU119,184,632.5
SO254SKU120,2025-09-12,SKU120,204,1086.25
SO254SKU121,2025-09-12,SKU121,354,2001.25
SO254SKU122,2025-09-12,SKU122,123,791.25
SO254SKU123,2025-09-12,SKU123,489,1283.75
SO254SKU124,2025-09-12,SKU124,556,2090.0
SO254SKU125,2025-09-12,SKU125,240,2171.25
SO254SKU126,2025-09-12,SKU126,258,1933.75
SO254SKU127,2025-09-12,SKU127,445,1741.25
SO254SKU128,2025-09-12,SKU128,171,792.5
SO254SKU129,2025-09-12,SKU129,255,1346.25
SO255SKU100,2025-09-13,SKU100,331,2161.25
SO255SKU101,2025-09-13,SKU101,209,1245.0
SO255SKU102,2025-09-13,SKU102,363,772.5
SO255SKU103,2025-09-13,SKU103,299,2328.75
SO255SKU104,2025-09-13,SKU104,534,636.25
SO255SKU105,2025-09-13,SKU105,271,1347.5
SO255SKU106,2025-09-13,SKU106,422,1293.75
SO255SKU107,2025-09-13,SKU107,216,1920.0
SO255SKU108,2025-09-13,SKU108,439,2440.0
SO255SKU109,2025-09-13,SKU109,322,2242.5
SO255SKU110,2025-09-13,SKU110,119,1747.5
SO255SKU111,2025-09-13,SKU111,98,1343.75
SO255SKU112,2025-09-13,SKU112,296,1787.5
SO255SKU113,2025-09-13,SKU113,192,2497.5
SO255SKU114,2025-09-13,SKU114,497,1300.0
SO255SKU115,2025-09-13,SKU115,233,866.25
SO255SKU116,2025-09-13,SKU116,401,491.25
SO255SKU117,2025-09-13,SKU117,535,2353.75
SO255SKU118,2025-09-13,SKU118,446,578.75
SO255SKU119,2025-09-13,SKU119,487,632.5
SO255SKU120,2025-09-13,SKU120,265,1086.25
SO255SKU121,2025-09-13,SKU121,224,2001.25
SO255SKU122,2025-09-13,SKU122,575,791.25
SO255SKU123,2025-09-13,SKU123,436,1283.75
SO255SKU124,2025-09-13,SKU124,374,2090.0
SO255SKU125,2025-09-13,SKU125,447,2171.25
SO255SKU126,2025-09-13,SKU126,280,1933.75
SO255SKU127,2025-09-13,SKU127,349,1741.25
SO255SKU128,2025-09-13,SKU128,445,792.5
SO255SKU129,2025-09-13,SKU129,419,1346.25
SO256SKU100,2025-09-14,SKU100,163,2161.25
SO256SKU101,2025-09-14,SKU101,427,1245.0
SO256SKU102,2025-09-14,SKU102,149,772.5
SO256SKU103,2025-09-14,SKU103,418,2328.75
SO256SKU104,2025-09-14,SKU104,276,636.25
SO256SKU105,2025-09-14,SKU105,234,1347.5
SO256SKU106,2025-09-14,SKU106,326,1293.75
SO256SKU107,2025-09-14,SKU107,547,1920.0
SO256SKU108,2025-09-14,SKU108,436,2440.0
SO256SKU109,2025-09-14,SKU109,304,2242.5
SO256SKU110,2025-09-14,SKU110,364,1747.5
SO256SKU111,2025-09-14,SKU111,520,1343.75
SO256SKU112,2025-09-14,SKU112,447,1787.5
SO256SKU113,2025-09-14,SKU113,362,2497.5
SO256SKU114,2025-09-14,SKU114,474,1300.0
SO256SKU115,2025-09-14,SKU115,327,866.25
SO256SKU116,2025-09-14,SKU116,212,491.25
SO256SKU117,2025-09-14,SKU117,204,2353.75
SO256SKU118,2025-09-14,SKU118,372,578.75
SO256SKU119,2025-09-14,SKU119,478,632.5
SO256SKU120,2025-09-14,SKU120,507,1086.25
SO256SKU121,2025-09-14,SKU121,474,2001.25
SO256SKU122,2025-09-14,SKU122,250,791.25
SO256SKU123,2025-09-14,SKU123,557,1283.75
SO256SKU124,2025-09-14,SKU124,568,2090.0
SO256SKU125,2025-09-14,SKU125,235,2171.25
SO256SKU126,2025-09-14,SKU126,276,1933.75
SO256SKU127,2025-09-14,SKU127,411,1741.25
SO256SKU128,2025-09-14,SKU128,249,792.5
SO256SKU129,2025-09-14,SKU129,250,1346.25
SO257SKU100,2025-09-15,SKU100,252,2161.25
SO257SKU101,2025-09-15,SKU101,151,1245.0
SO257SKU102,2025-09-15,SKU102,456,772.5
SO257SKU103,2025-09-15,SKU103,204,2328.75
SO257SKU104,2025-09-15,SKU104,465,636.25
SO257SKU105,2025-09-15,SKU105,494,1347.5
SO257SKU106,2025-09-15,SKU106,196,1293.75
SO257SKU107,2025-09-15,SKU107,575,1920.0
SO257SKU108,2025-09-15,SKU108,209,2440.0
SO257SKU109,2025-09-15,SKU109,248,2242.5
SO257SKU110,2025-09-15,SKU110,194,1747.5
SO257SKU111,2025-09-15,SKU111,373,1343.75
SO257SKU112,2025-09-15,SKU112,434,1787.5
SO257SKU113,2025-09-15,SKU113,193,2497.5
SO257SKU114,2025-09-15,SKU114,228,1300.0
SO257SKU115,2025-09-15,SKU115,426,866.25
SO257SKU116,2025-09-15,SKU116,410,491.25
SO257SKU117,2025-09-15,SKU117,489,2353.75
SO257SKU118,2025-09-15,SKU118,227,578.75
SO257SKU119,2025-09-15,SKU119,256,632.5
SO257SKU120,2025-09-15,SKU120,93,1086.25
SO257SKU121,2025-09-15,SKU121,393,2001.25
SO257SKU122,2025-09-15,SKU122,203,791.25
SO257SKU123,2025-09-15,SKU123,395,1283.75
SO257SKU124,2025-09-15,SKU124,231,2090.0
SO257SKU125,2025-09-15,SKU125,151,2171.25
SO257SKU126,2025-09-15,SKU126,316,1933.75
SO257SKU127,2025-09-15,SKU127,522,1741.25
SO257SKU128,2025-09-15,SKU128,566,792.5
SO257SKU129,2025-09-15,SKU129,258,1346.25
SO258SKU100,2025-09-16,SKU100,566,2161.25
SO258SKU101,2025-09-16,SKU101,251,1245.0
SO258SKU102,2025-09-16,SKU102,463,772.5
SO258SKU103,2025-09-16,SKU103,342,2328.75
SO258SKU104,2025-09-16,SKU104,340,636.25
SO258SKU105,2025-09-16,SKU105,445,1347.5
SO258SKU106,2025-09-16,SKU106,285,1293.75
SO258SKU107,2025-09-16,SKU107,563,1920.0
SO258SKU108,2025-09-16,SKU108,113,2440.0
SO258SKU109,2025-09-16,SKU109,252,2242.5
SO258SKU110,2025-09-16,SKU110,359,1747.5
SO258SKU111,2025-09-16,SKU111,526,1343.75
SO258SKU112,2025-09-16,SKU112,484,1787.5
SO258SKU113,2025-09-16,SKU113,356,2497.5
SO258SKU114,2025-09-16,SKU114,243,1300.0
SO258SKU115,2025-09-16,SKU115,154,866.25
SO258SKU116,2025-09-16,SKU116,346,491.25
SO258SKU117,2025-09-16,SKU117,244,2353.75
SO258SKU118,2025-09-16,SKU118,106,578.75
SO258SKU119,2025-09-16,SKU119,400,632.5
SO258SKU120,2025-09-16,SKU120,355,1086.25
SO258SKU121,2025-09-16,SKU121,302,2001.25
SO258SKU122,2025-09-16,SKU122,92,791.25
SO258SKU123,2025-09-16,SKU123,519,1283.75
SO258SKU124,2025-09-16,SKU124,148,2090.0
SO258SKU125,2025-09-16,SKU125,244,2171.25
SO258SKU126,2025-09-16,SKU126,197,1933.75
SO258SKU127,2025-09-16,SKU127,308,1741.25
SO258SKU128,2025-09-16,SKU128,430,792.5
SO258SKU129,2025-09-16,SKU129,255,1346.25
SO259SKU100,2025-09-17,SKU100,504,2161.25
SO259SKU101,2025-09-17,SKU101,286,1245.0
SO259SKU102,2025-09-17,SKU102,111,772.5
SO259SKU103,2025-09-17,SKU103,493,2328.75
SO259SKU104,2025-09-17,SKU104,507,636.25
SO259SKU105,2025-09-17,SKU105,193,1347.5
SO259SKU106,2025-09-17,SKU106,556,1293.75
SO259SKU107,2025-09-17,SKU107,537,1920.0
SO259SKU108,2025-09-17,SKU108,428,2440.0
SO259SKU109,2025-09-17,SKU109,420,2242.5
SO259SKU110,2025-09-17,SKU110,206,1747.5
SO259SKU111,2025-09-17,SKU111,102,1343.75
SO259SKU112,2025-09-17,SKU112,545,1787.5
SO259SKU113,2025-09-17,SKU113,415,2497.5
SO259SKU114,2025-09-17,SKU114,141,1300.0
SO259SKU115,2025-09-17,SKU115,213,866.25
SO259SKU116,2025-09-17,SKU116,387,491.25
SO259SKU117,2025-09-17,SKU117,508,2353.75
SO259SKU118,2025-09-17,SKU118,312,578.75
SO259SKU119,2025-09-17,SKU119,218,632.5
SO259SKU120,2025-09-17,SKU120,121,1086.25
SO259SKU121,2025-09-17,SKU121,218,2001.25
SO259SKU122,2025-09-17,SKU122,216,791.25
SO259SKU123,2025-09-17,SKU123,390,1283.75
SO259SKU124,2025-09-17,SKU124,526,2090.0
SO259SKU125,2025-09-17,SKU125,408,2171.25
SO259SKU126,2025-09-17,SKU126,221,1933.75
SO259SKU127,2025-09-17,SKU127,143,1741.25
SO259SKU128,2025-09-17,SKU128,119,792.5
SO259SKU129,2025-09-17,SKU129,164,1346.25
SO260SKU100,2025-09-18,SKU100,501,2161.25
SO260SKU101,2025-09-18,SKU101,417,1245.0
SO260SKU102,2025-09-18,SKU102,570,772.5
SO260SKU103,2025-09-18,SKU103,311,2328.75
SO260SKU104,2025-09-18,SKU104,473,636.25
SO260SKU105,2025-09-18,SKU105,387,1347.5
SO260SKU106,2025-09-18,SKU106,300,1293.75
SO260SKU107,2025-09-18,SKU107,362,1920.0
SO260SKU108,2025-09-18,SKU108,553,2440.0
SO260SKU109,2025-09-18,SKU109,338,2242.5
SO260SKU110,2025-09-18,SKU110,247,1747.5
SO260SKU111,2025-09-18,SKU111,373,1343.75
SO260SKU112,2025-09-18,SKU112,272,1787.5
SO260SKU113,2025-09-18,SKU113,266,2497.5
SO260SKU114,2025-09-18,SKU114,369,1300.0
SO260SKU115,2025-09-18,SKU115,213,866.25
SO260SKU116,2025-09-18,SKU116,555,491.25
SO260SKU117,2025-09-18,SKU117,427,2353.75
SO260SKU118,2025-09-18,SKU118,560,578.75
SO260SKU119,2025-09-18,SKU119,518,632.5
SO260SKU120,2025-09-18,SKU120,262,1086.25
SO260SKU121,2025-09-18,SKU121,400,2001.25
SO260SKU122,2025-09-18,SKU122,478,791.25
SO260SKU123,2025-09-18,SKU123,197,1283.75
SO260SKU124,2025-09-18,SKU124,333,2090.0
SO260SKU125,2025-09-18,SKU125,493,2171.25
SO260SKU126,2025-09-18,SKU126,98,1933.75
SO260SKU127,2025-09-18,SKU127,365,1741.25
SO260SKU128,2025-09-18,SKU128,138,792.5
SO260SKU129,2025-09-18,SKU129,571,1346.25
SO261SKU100,2025-09-19,SKU100,387,2161.25
SO261SKU101,2025-09-19,SKU101,254,1245.0
SO261SKU102,2025-09-19,SKU102,520,772.5
SO261SKU103,2025-09-19,SKU103,146,2328.75
SO261SKU104,2025-09-19,SKU104,392,636.25
SO261SKU105,2025-09-19,SKU105,515,1347.5
SO261SKU106,2025-09-19,SKU106,326,1293.75
SO261SKU107,2025-09-19,SKU107,178,1920.0
SO261SKU108,2025-09-19,SKU108,310,2440.0
SO261SKU109,2025-09-19,SKU109,293,2242.5
SO261SKU110,2025-09-19,SKU110,101,1747.5
SO261SKU111,2025-09-19,SKU111,254,1343.75
SO261SKU112,2025-09-19,SKU112,499,1787.5
SO261SKU113,2025-09-19,SKU113,430,2497.5
SO261SKU114,2025-09-19,SKU114,259,1300.0
SO261SKU115,2025-09-19,SKU115,374,866.25
SO261SKU116,2025-09-19,SKU116,340,491.25
SO261SKU117,2025-09-19,SKU117,240,2353.75
SO261SKU118,2025-09-19,SKU118,143,578.75
SO261SKU119,2025-09-19,SKU119,272,632.5
SO261SKU120,2025-09-19,SKU120,234,1086.25
SO261SKU121,2025-09-19,SKU121,144,2001.25
SO261SKU122,2025-09-19,SKU122,386,791.25
SO261SKU123,2025-09-19,SKU123,267,1283.75
SO261SKU124,2025-09-19,SKU124,202,2090.0
SO261SKU125,2025-09-19,SKU125,151,2171.25
SO261SKU126,2025-09-19,SKU126,487,1933.75
SO261SKU127,2025-09-19,SKU127,552,1741.25
SO261SKU128,2025-09-19,SKU128,301,792.5
SO261SKU129,2025-09-19,SKU129,531,1346.25
SO262SKU100,2025-09-20,SKU100,300,2161.25
SO262SKU101,2025-09-20,SKU101,338,1245.0
SO262SKU102,2025-09-20,SKU102,138,772.5
SO262SKU103,2025-09-20,SKU103,401,2328.75
SO262SKU104,2025-09-20,SKU104,189,636.25
SO262SKU105,2025-09-20,SKU105,446,1347.5
SO262SKU106,2025-09-20,SKU106,456,1293.75
SO262SKU107,2025-09-20,SKU107,270,1920.0
SO262SKU108,2025-09-20,SKU108,135,2440.0
SO262SKU109,2025-09-20,SKU109,286,2242.5
SO262SKU110,2025-09-20,SKU110,156,1747.5
SO262SKU111,2025-09-20,SKU111,456,1343.75
SO262SKU112,2025-09-20,SKU112,148,1787.5
SO262SKU113,2025-09-20,SKU113,540,2497.5
SO262SKU114,2025-09-20,SKU114,512,1300.0
SO262SKU115,2025-09-20,SKU115,206,866.25
SO262SKU116,2025-09-20,SKU116,243,491.25
SO262SKU117,2025-09-20,SKU117,166,2353.75
SO262SKU118,2025-09-20,SKU118,184,578.75
SO262SKU119,2025-09-20,SKU119,309,632.5
SO262SKU120,2025-09-20,SKU120,233,1086.25
SO262SKU121,2025-09-20,SKU121,436,2001.25
SO262SKU122,2025-09-20,SKU122,128,791.25
SO262SKU123,2025-09-20,SKU123,204,1283.75
SO262SKU124,2025-09-20,SKU124,517,2090.0
SO262SKU125,2025-09-20,SKU125,140,2171.25
SO262SKU126,2025-09-20,SKU126,304,1933.75
SO262SKU127,2025-09-20,SKU127,128,1741.25
SO262SKU128,2025-09-20,SKU128,126,792.5
SO262SKU129,2025-09-20,SKU129,356,1346.25
SO263SKU100,2025-09-21,SKU100,282,2161.25
SO263SKU101,2025-09-21,SKU101,552,1245.0
SO263SKU102,2025-09-21,SKU102,439,772.5
SO263SKU103,2025-09-21,SKU103,453,2328.75
SO263SKU104,2025-09-21,SKU104,292,636.25
SO263SKU105,2025-09-21,SKU105,494,1347.5
SO263SKU106,2025-09-21,SKU106,523,1293.75
SO263SKU107,2025-09-21,SKU107,152,1920.0
SO263SKU108,2025-09-21,SKU108,469,2440.0
SO263SKU109,2025-09-21,SKU109,101,2242.5
SO263SKU110,2025-09-21,SKU110,401,1747.5
SO263SKU111,2025-09-21,SKU111,239,1343.75
SO263SKU112,2025-09-21,SKU112,330,1787.5
SO263SKU113,2025-09-21,SKU113,387,2497.5
SO263SKU114,2025-09-21,SKU114,140,1300.0
SO263SKU115,2025-09-21,SKU115,466,866.25
SO263SKU116,2025-09-21,SKU116,316,491.25
SO263SKU117,2025-09-21,SKU117,316,2353.75
SO263SKU118,2025-09-21,SKU118,205,578.75
SO263SKU119,2025-09-21,SKU119,562,632.5
SO263SKU120,2025-09-21,SKU120,93,1086.25
SO263SKU121,2025-09-21,SKU121,173,2001.25
SO263SKU122,2025-09-21,SKU122,464,791.25
SO263SKU123,2025-09-21,SKU123,169,1283.75
SO263SKU124,2025-09-21,SKU124,505,2090.0
SO263SKU125,2025-09-21,SKU125,118,2171.25
SO263SKU126,2025-09-21,SKU126,248,1933.75
SO263SKU127,2025-09-21,SKU127,524,1741.25
SO263SKU128,2025-09-21,SKU128,364,792.5
SO263SKU129,2025-09-21,SKU129,297,1346.25
SO264SKU100,2025-09-22,SKU100,416,2161.25
SO264SKU101,2025-09-22,SKU101,98,1245.0
SO264SKU102,2025-09-22,SKU102,267,772.5
SO264SKU103,2025-09-22,SKU103,564,2328.75
SO264SKU104,2025-09-22,SKU104,116,636.25
SO264SKU105,2025-09-22,SKU105,140,1347.5
SO264SKU106,2025-09-22,SKU106,388,1293.75
SO264SKU107,2025-09-22,SKU107,243,1920.0
SO264SKU108,2025-09-22,SKU108,320,2440.0
SO264SKU109,2025-09-22,SKU109,565,2242.5
SO264SKU110,2025-09-22,SKU110,380,1747.5
SO264SKU111,2025-09-22,SKU111,519,1343.75
SO264SKU112,2025-09-22,SKU112,501,1787.5
SO264SKU113,2025-09-22,SKU113,231,2497.5
SO264SKU114,2025-09-22,SKU114,121,1300.0
SO264SKU115,2025-09-22,SKU115,172,866.25
SO264SKU116,2025-09-22,SKU116,143,491.25
SO264SKU117,2025-09-22,SKU117,205,2353.75
SO264SKU118,2025-09-22,SKU118,256,578.75
SO264SKU119,2025-09-22,SKU119,482,632.5
SO264SKU120,2025-09-22,SKU120,431,1086.25
SO264SKU121,2025-09-22,SKU121,101,2001.25
SO264SKU122,2025-09-22,SKU122,516,791.25
SO264SKU123,2025-09-22,SKU123,561,1283.75
SO264SKU124,2025-09-22,SKU124,235,2090.0
SO264SKU125,2025-09-22,SKU125,262,2171.25
SO264SKU126,2025-09-22,SKU126,534,1933.75
SO264SKU127,2025-09-22,SKU127,423,1741.25
SO264SKU128,2025-09-22,SKU128,272,792.5
SO264SKU129,2025-09-22,SKU129,438,1346.25
SO265SKU100,2025-09-23,SKU100,538,2161.25
SO265SKU101,2025-09-23,SKU101,532,1245.0
SO265SKU102,2025-09-23,SKU102,496,772.5
SO265SKU103,2025-09-23,SKU103,189,2328.75
SO265SKU104,2025-09-23,SKU104,481,636.25
SO265SKU105,2025-09-23,SKU105,185,1347.5
SO265SKU106,2025-09-23,SKU106,407,1293.75
SO265SKU107,2025-09-23,SKU107,219,1920.0
SO265SKU108,2025-09-23,SKU108,116,2440.0
SO265SKU109,2025-09-23,SKU109,293,2242.5
SO265SKU110,2025-09-23,SKU110,492,1747.5
SO265SKU111,2025-09-23,SKU111,332,1343.75
SO265SKU112,2025-09-23,SKU112,450,1787.5
SO265SKU113,2025-09-23,SKU113,563,2497.5
SO265SKU114,2025-09-23,SKU114,523,1300.0
SO265SKU115,2025-09-23,SKU115,430,866.25
SO265SKU116,2025-09-23,SKU116,227,491.25
SO265SKU117,2025-09-23,SKU117,372,2353.75
SO265SKU118,2025-09-23,SKU118,555,578.75
SO265SKU119,2025-09-23,SKU119,185,632.5
SO265SKU120,2025-09-23,SKU120,379,1086.25
SO265SKU121,2025-09-23,SKU121,254,2001.25
SO265SKU122,2025-09-23,SKU122,507,791.25
SO265SKU123,2025-09-23,SKU123,494,1283.75
SO265SKU124,2025-09-23,SKU124,353,2090.0
SO265SKU125,2025-09-23,SKU125,532,2171.25
SO265SKU126,2025-09-23,SKU126,381,1933.75
SO265SKU127,2025-09-23,SKU127,249,1741.25
SO265SKU128,2025-09-23,SKU128,278,792.5
SO265SKU129,2025-09-23,SKU129,469,1346.25
SO266SKU100,2025-09-24,SKU100,324,2161.25
SO266SKU101,2025-09-24,SKU101,538,1245.0
SO266SKU102,2025-09-24,SKU102,474,772.5
SO266SKU103,2025-09-24,SKU103,256,2328.75
SO266SKU104,2025-09-24,SKU104,538,636.25
SO266SKU105,2025-09-24,SKU105,271,1347.5
SO266SKU106,2025-09-24,SKU106,373,1293.75
SO266SKU107,2025-09-24,SKU107,425,1920.0
SO266SKU108,2025-09-24,SKU108,477,2440.0
SO266SKU109,2025-09-24,SKU109,464,2242.5
SO266SKU110,2025-09-24,SKU110,96,1747.5
SO266SKU111,2025-09-24,SKU111,267,1343.75
SO266SKU112,2025-09-24,SKU112,287,1787.5
SO266SKU113,2025-09-24,SKU113,233,2497.5
SO266SKU114,2025-09-24,SKU114,326,1300.0
SO266SKU115,2025-09-24,SKU115,295,866.25
SO266SKU116,2025-09-24,SKU116,101,491.25
SO266SKU117,2025-09-24,SKU117,323,2353.75
SO266SKU118,2025-09-24,SKU118,248,578.75
SO266SKU119,2025-09-24,SKU119,503,632.5
SO266SKU120,2025-09-24,SKU120,462,1086.25
SO266SKU121,2025-09-24,SKU121,501,2001.25
SO266SKU122,2025-09-24,SKU122,428,791.25
SO266SKU123,2025-09-24,SKU123,181,1283.75
SO266SKU124,2025-09-24,SKU124,353,2090.0
SO266SKU125,2025-09-24,SKU125,564,2171.25
SO266SKU126,2025-09-24,SKU126,192,1933.75
SO266SKU127,2025-09-24,SKU127,516,1741.25
SO266SKU128,2025-09-24,SKU128,478,792.5
SO266SKU129,2025-09-24,SKU129,103,1346.25
SO267SKU100,2025-09-25,SKU100,248,2161.25
SO267SKU101,2025-09-25,SKU101,354,1245.0
SO267SKU102,2025-09-25,SKU102,374,772.5
SO267SKU103,2025-09-25,SKU103,552,2328.75
SO267SKU104,2025-09-25,SKU104,150,636.25
SO267SKU105,2025-09-25,SKU105,376,1347.5
SO267SKU106,2025-09-25,SKU106,428,1293.75
SO267SKU107,2025-09-25,SKU107,148,1920.0
SO267SKU108,2025-09-25,SKU108,188,2440.0
SO267SKU109,2025-09-25,SKU109,343,2242.5
SO267SKU110,2025-09-25,SKU110,196,1747.5
SO267SKU111,2025-09-25,SKU111,235,1343.75
SO267SKU112,2025-09-25,SKU112,481,1787.5
SO267SKU113,2025-09-25,SKU113,353,2497.5
SO267SKU114,2025-09-25,SKU114,279,1300.0
SO267SKU115,2025-09-25,SKU115,102,866.25
SO267SKU116,2025-09-25,SKU116,451,491.25
SO267SKU117,2025-09-25,SKU117,466,2353.75
SO267SKU118,2025-09-25,SKU118,346,578.75
SO267SKU119,2025-09-25,SKU119,151,632.5
SO267SKU120,2025-09-25,SKU120,423,1086.25
SO267SKU121,2025-09-25,SKU121,93,2001.25
SO267SKU122,2025-09-25,SKU122,451,791.25
SO267SKU123,2025-09-25,SKU123,330,1283.75
SO267SKU124,2025-09-25,SKU124,266,2090.0
SO267SKU125,2025-09-25,SKU125,303,2171.25
SO267SKU126,2025-09-25,SKU126,121,1933.75
SO267SKU127,2025-09-25,SKU127,287,1741.25
SO267SKU128,2025-09-25,SKU128,226,792.5
SO267SKU129,2025-09-25,SKU129,233,1346.25
SO268SKU100,2025-09-26,SKU100,273,2161.25
SO268SKU101,2025-09-26,SKU101,473,1245.0
SO268SKU102,2025-09-26,SKU102,482,772.5
SO268SKU103,2025-09-26,SKU103,177,2328.75
SO268SKU104,2025-09-26,SKU104,416,636.25
SO268SKU105,2025-09-26,SKU105,434,1347.5
SO268SKU106,2025-09-26,SKU106,531,1293.75
SO268SKU107,2025-09-26,SKU107,386,1920.0
SO268SKU108,2025-09-26,SKU108,117,2440.0
SO268SKU109,2025-09-26,SKU109,246,2242.5
SO268SKU110,2025-09-26,SKU110,205,1747.5
SO268SKU111,2025-09-26,SKU111,527,1343.75
SO268SKU112,2025-09-26,SKU112,353,1787.5
SO268SKU113,2025-09-26,SKU113,151,2497.5
SO268SKU114,2025-09-26,SKU114,464,1300.0
SO268SKU115,2025-09-26,SKU115,381,866.25
SO268SKU116,2025-09-26,SKU116,568,491.25
SO268SKU117,2025-09-26,SKU117,262,2353.75
SO268SKU118,2025-09-26,SKU118,279,578.75
SO268SKU119,2025-09-26,SKU119,510,632.5
SO268SKU120,2025-09-26,SKU120,511,1086.25
SO268SKU121,2025-09-26,SKU121,363,2001.25
SO268SKU122,2025-09-26,SKU122,319,791.25
SO268SKU123,2025-09-26,SKU123,296,1283.75
SO268SKU124,2025-09-26,SKU124,114,2090.0
SO268SKU125,2025-09-26,SKU125,112,2171.25
SO268SKU126,2025-09-26,SKU126,556,1933.75
SO268SKU127,2025-09-26,SKU127,379,1741.25
SO268SKU128,2025-09-26,SKU128,196,792.5
SO268SKU129,2025-09-26,SKU129,492,1346.25
SO269SKU100,2025-09-27,SKU100,308,2161.25
SO269SKU101,2025-09-27,SKU101,401,1245.0
SO269SKU102,2025-09-27,SKU102,125,772.5
SO269SKU103,2025-09-27,SKU103,408,2328.75
SO269SKU104,2025-09-27,SKU104,227,636.25
SO269SKU105,2025-09-27,SKU105,205,1347.5
SO269SKU106,2025-09-27,SKU106,203,1293.75
SO269SKU107,2025-09-27,SKU107,273,1920.0
SO269SKU108,2025-09-27,SKU108,453,2440.0
SO269SKU109,2025-09-27,SKU109,487,2242.5
SO269SKU110,2025-09-27,SKU110,510,1747.5
SO269SKU111,2025-09-27,SKU111,351,1343.75
SO269SKU112,2025-09-27,SKU112,500,1787.5
SO269SKU113,2025-09-27,SKU113,505,2497.5
SO269SKU114,2025-09-27,SKU114,482,1300.0
SO269SKU115,2025-09-27,SKU115,516,866.25
SO269SKU116,2025-09-27,SKU116,461,491.25
SO269SKU117,2025-09-27,SKU117,570,2353.75
SO269SKU118,2025-09-27,SKU118,194,578.75
SO269SKU119,2025-09-27,SKU119,485,632.5
SO269SKU120,2025-09-27,SKU120,568,1086.25
SO269SKU121,2025-09-27,SKU121,549,2001.25
SO269SKU122,2025-09-27,SKU122,389,791.25
SO269SKU123,2025-09-27,SKU123,343,1283.75
SO269SKU124,2025-09-27,SKU124,568,2090.0
SO269SKU125,2025-09-27,SKU125,560,2171.25
SO269SKU126,2025-09-27,SKU126,459,1933.75
SO269SKU127,2025-09-27,SKU127,185,1741.25
SO269SKU128,2025-09-27,SKU128,155,792.5
SO269SKU129,2025-09-27,SKU129,425,1346.25
SO270SKU100,2025-09-28,SKU100,256,2161.25
SO270SKU101,2025-09-28,SKU101,397,1245.0
SO270SKU102,2025-09-28,SKU102,482,772.5
SO270SKU103,2025-09-28,SKU103,141,2328.75
SO270SKU104,2025-09-28,SKU104,392,636.25
SO270SKU105,2025-09-28,SKU105,175,1347.5
SO270SKU106,2025-09-28,SKU106,472,1293.75
SO270SKU107,2025-09-28,SKU107,440,1920.0
SO270SKU108,2025-09-28,SKU108,393,2440.0
SO270SKU109,2025-09-28,SKU109,549,2242.5
SO270SKU110,2025-09-28,SKU110,139,1747.5
SO270SKU111,2025-09-28,SKU111,188,1343.75
SO270SKU112,2025-09-28,SKU112,480,1787.5
SO270SKU113,2025-09-28,SKU113,281,2497.5
SO270SKU114,2025-09-28,SKU114,148,1300.0
SO270SKU115,2025-09-28,SKU115,410,866.25
SO270SKU116,2025-09-28,SKU116,206,491.25
SO270SKU117,2025-09-28,SKU117,549,2353.75
SO270SKU118,2025-09-28,SKU118,376,578.75
SO270SKU119,2025-09-28,SKU119,339,632.5
SO270SKU120,2025-09-28,SKU120,155,1086.25
SO270SKU121,2025-09-28,SKU121,365,2001.25
SO270SKU122,2025-09-28,SKU122,311,791.25
SO270SKU123,2025-09-28,SKU123,376,1283.75
SO270SKU124,2025-09-28,SKU124,336,2090.0
SO270SKU125,2025-09-28,SKU125,178,2171.25
SO270SKU126,2025-09-28,SKU126,395,1933.75
SO270SKU127,2025-09-28,SKU127,267,1741.25
SO270SKU128,2025-09-28,SKU128,430,792.5
SO270SKU129,2025-09-28,SKU129,486,1346.25
SO271SKU100,2025-09-29,SKU100,560,2161.25
SO271SKU101,2025-09-29,SKU101,515,1245.0
SO271SKU102,2025-09-29,SKU102,100,772.5
SO271SKU103,2025-09-29,SKU103,570,2328.75
SO271SKU104,2025-09-29,SKU104,442,636.25
SO271SKU105,2025-09-29,SKU105,416,1347.5
SO271SKU106,2025-09-29,SKU106,428,1293.75
SO271SKU107,2025-09-29,SKU107,174,1920.0
SO271SKU108,2025-09-29,SKU108,363,2440.0
SO271SKU109,2025-09-29,SKU109,236,2242.5
SO271SKU110,2025-09-29,SKU110,325,1747.5
SO271SKU111,2025-09-29,SKU111,192,1343.75
SO271SKU112,2025-09-29,SKU112,194,1787.5
SO271SKU113,2025-09-29,SKU113,537,2497.5
SO271SKU114,2025-09-29,SKU114,359,1300.0
SO271SKU115,2025-09-29,SKU115,97,866.25
SO271SKU116,2025-09-29,SKU116,208,491.25
SO271SKU117,2025-09-29,SKU117,227,2353.75
SO271SKU118,2025-09-29,SKU118,493,578.75
SO271SKU119,2025-09-29,SKU119,94,632.5
SO271SKU120,2025-09-29,SKU120,564,1086.25
SO271SKU121,2025-09-29,SKU121,274,2001.25
SO271SKU122,2025-09-29,SKU122,428,791.25
SO271SKU123,2025-09-29,SKU123,294,1283.75
SO271SKU124,2025-09-29,SKU124,139,2090.0
SO271SKU125,2025-09-29,SKU125,411,2171.25
SO271SKU126,2025-09-29,SKU126,286,1933.75
SO271SKU127,2025-09-29,SKU127,507,1741.25
SO271SKU128,2025-09-29,SKU128,220,792.5
SO271SKU129,2025-09-29,SKU129,150,1346.25
SO272SKU100,2025-09-30,SKU100,240,2161.25
SO272SKU101,2025-09-30,SKU101,94,1245.0
SO272SKU102,2025-09-30,SKU102,409,772.5
SO272SKU103,2025-09-30,SKU103,418,2328.75
SO272SKU104,2025-09-30,SKU104,355,636.25
SO272SKU105,2025-09-30,SKU105,537,1347.5
SO272SKU106,2025-09-30,SKU106,364,1293.75
SO272SKU107,2025-09-30,SKU107,127,1920.0
SO272SKU108,2025-09-30,SKU108,273,2440.0
SO272SKU109,2025-09-30,SKU109,511,2242.5
SO272SKU110,2025-09-30,SKU110,489,1747.5
SO272SKU111,2025-09-30,SKU111,138,1343.75
SO272SKU112,2025-09-30,SKU112,231,1787.5
SO272SKU113,2025-09-30,SKU113,247,2497.5
SO272SKU114,2025-09-30,SKU114,516,1300.0
SO272SKU115,2025-09-30,SKU115,535,866.25
SO272SKU116,2025-09-30,SKU116,292,491.25
SO272SKU117,2025-09-30,SKU117,410,2353.75
SO272SKU118,2025-09-30,SKU118,117,578.75
SO272SKU119,2025-09-30,SKU119,349,632.5
SO272SKU120,2025-09-30,SKU120,159,1086.25
SO272SKU121,2025-09-30,SKU121,103,2001.25
SO272SKU122,2025-09-30,SKU122,376,791.25
SO272SKU123,2025-09-30,SKU123,434,1283.75
SO272SKU124,2025-09-30,SKU124,432,2090.0
SO272SKU125,2025-09-30,SKU125,372,2171.25
SO272SKU126,2025-09-30,SKU126,155,1933.75
SO272SKU127,2025-09-30,SKU127,322,1741.25
SO272SKU128,2025-09-30,SKU128,262,792.5
SO272SKU129,2025-09-30,SKU129,292,1346.25
SO273SKU100,2025-10-01,SKU100,391,2161.25
SO273SKU101,2025-10-01,SKU101,350,1245.0
SO273SKU102,2025-10-01,SKU102,85,772.5
SO273SKU103,2025-10-01,SKU103,382,2328.75
SO273SKU104,2025-10-01,SKU104,412,636.25
SO273SKU105,2025-10-01,SKU105,191,1347.5
SO273SKU106,2025-10-01,SKU106,360,1293.75
SO273SKU107,2025-10-01,SKU107,306,1920.0
SO273SKU108,2025-10-01,SKU108,385,2440.0
SO273SKU109,2025-10-01,SKU109,414,2242.5
SO273SKU110,2025-10-01,SKU110,288,1747.5
SO273SKU111,2025-10-01,SKU111,319,1343.75
SO273SKU112,2025-10-01,SKU112,468,1787.5
SO273SKU113,2025-10-01,SKU113,482,2497.5
SO273SKU114,2025-10-01,SKU114,202,1300.0
SO273SKU115,2025-10-01,SKU115,363,866.25
SO273SKU116,2025-10-01,SKU116,418,491.25
SO273SKU117,2025-10-01,SKU117,414,2353.75
SO273SKU118,2025-10-01,SKU118,163,578.75
SO273SKU119,2025-10-01,SKU119,477,632.5
SO273SKU120,2025-10-01,SKU120,395,1086.25
SO273SKU121,2025-10-01,SKU121,223,2001.25
SO273SKU122,2025-10-01,SKU122,442,791.25
SO273SKU123,2025-10-01,SKU123,212,1283.75
SO273SKU124,2025-10-01,SKU124,81,2090.0
SO273SKU125,2025-10-01,SKU125,146,2171.25
SO273SKU126,2025-10-01,SKU126,280,1933.75
SO273SKU127,2025-10-01,SKU127,236,1741.25
SO273SKU128,2025-10-01,SKU128,204,792.5
SO273SKU129,2025-10-01,SKU129,482,1346.25
SO274SKU100,2025-10-02,SKU100,239,2161.25
SO274SKU101,2025-10-02,SKU101,83,1245.0
SO274SKU102,2025-10-02,SKU102,469,772.5
SO274SKU103,2025-10-02,SKU103,250,2328.75
SO274SKU104,2025-10-02,SKU104,297,636.25
SO274SKU105,2025-10-02,SKU105,358,1347.5
SO274SKU106,2025-10-02,SKU106,101,1293.75
SO274SKU107,2025-10-02,SKU107,146,1920.0
SO274SKU108,2025-10-02,SKU108,118,2440.0
SO274SKU109,2025-10-02,SKU109,127,2242.5
SO274SKU110,2025-10-02,SKU110,246,1747.5
SO274SKU111,2025-10-02,SKU111,186,1343.75
SO274SKU112,2025-10-02,SKU112,147,1787.5
SO274SKU113,2025-10-02,SKU113,348,2497.5
SO274SKU114,2025-10-02,SKU114,345,1300.0
SO274SKU115,2025-10-02,SKU115,208,866.25
SO274SKU116,2025-10-02,SKU116,265,491.25
SO274SKU117,2025-10-02,SKU117,498,2353.75
SO274SKU118,2025-10-02,SKU118,280,578.75
SO274SKU119,2025-10-02,SKU119,84,632.5
SO274SKU120,2025-10-02,SKU120,365,1086.25
SO274SKU121,2025-10-02,SKU121,89,2001.25
SO274SKU122,2025-10-02,SKU122,171,791.25
SO274SKU123,2025-10-02,SKU123,430,1283.75
SO274SKU124,2025-10-02,SKU124,428,2090.0
SO274SKU125,2025-10-02,SKU125,465,2171.25
SO274SKU126,2025-10-02,SKU126,330,1933.75
SO274SKU127,2025-10-02,SKU127,219,1741.25
SO274SKU128,2025-10-02,SKU128,335,792.5
SO274SKU129,2025-10-02,SKU129,436,1346.25
SO275SKU100,2025-10-03,SKU100,197,2161.25
SO275SKU101,2025-10-03,SKU101,326,1245.0
SO275SKU102,2025-10-03,SKU102,456,772.5
SO275SKU103,2025-10-03,SKU103,86,2328.75
SO275SKU104,2025-10-03,SKU104,332,636.25
SO275SKU105,2025-10-03,SKU105,364,1347.5
SO275SKU106,2025-10-03,SKU106,409,1293.75
SO275SKU107,2025-10-03,SKU107,125,1920.0
SO275SKU108,2025-10-03,SKU108,384,2440.0
SO275SKU109,2025-10-03,SKU109,328,2242.5
SO275SKU110,2025-10-03,SKU110,352,1747.5
SO275SKU111,2025-10-03,SKU111,397,1343.75
SO275SKU112,2025-10-03,SKU112,266,1787.5
SO275SKU113,2025-10-03,SKU113,301,2497.5
SO275SKU114,2025-10-03,SKU114,147,1300.0
SO275SKU115,2025-10-03,SKU115,117,866.25
SO275SKU116,2025-10-03,SKU116,367,491.25
SO275SKU117,2025-10-03,SKU117,260,2353.75
SO275SKU118,2025-10-03,SKU118,156,578.75
SO275SKU119,2025-10-03,SKU119,81,632.5
SO275SKU120,2025-10-03,SKU120,181,1086.25
SO275SKU121,2025-10-03,SKU121,338,2001.25
SO275SKU122,2025-10-03,SKU122,354,791.25
SO275SKU123,2025-10-03,SKU123,270,1283.75
SO275SKU124,2025-10-03,SKU124,299,2090.0
SO275SKU125,2025-10-03,SKU125,307,2171.25
SO275SKU126,2025-10-03,SKU126,89,1933.75
SO275SKU127,2025-10-03,SKU127,315,1741.25
SO275SKU128,2025-10-03,SKU128,238,792.5
SO275SKU129,2025-10-03,SKU129,495,1346.25
SO276SKU100,2025-10-04,SKU100,200,2161.25
SO276SKU101,2025-10-04,SKU101,442,1245.0
SO276SKU102,2025-10-04,SKU102,464,772.5
SO276SKU103,2025-10-04,SKU103,236,2328.75
SO276SKU104,2025-10-04,SKU104,235,636.25
SO276SKU105,2025-10-04,SKU105,333,1347.5
SO276SKU106,2025-10-04,SKU106,323,1293.75
SO276SKU107,2025-10-04,SKU107,444,1920.0
SO276SKU108,2025-10-04,SKU108,345,2440.0
SO276SKU109,2025-10-04,SKU109,160,2242.5
SO276SKU110,2025-10-04,SKU110,470,1747.5
SO276SKU111,2025-10-04,SKU111,353,1343.75
SO276SKU112,2025-10-04,SKU112,144,1787.5
SO276SKU113,2025-10-04,SKU113,294,2497.5
SO276SKU114,2025-10-04,SKU114,449,1300.0
SO276SKU115,2025-10-04,SKU115,387,866.25
SO276SKU116,2025-10-04,SKU116,327,491.25
SO276SKU117,2025-10-04,SKU117,227,2353.75
SO276SKU118,2025-10-04,SKU118,435,578.75
SO276SKU119,2025-10-04,SKU119,150,632.5
SO276SKU120,2025-10-04,SKU120,158,1086.25
SO276SKU121,2025-10-04,SKU121,480,2001.25
SO276SKU122,2025-10-04,SKU122,469,791.25
SO276SKU123,2025-10-04,SKU123,402,1283.75
SO276SKU124,2025-10-04,SKU124,250,2090.0
SO276SKU125,2025-10-04,SKU125,443,2171.25
SO276SKU126,2025-10-04,SKU126,499,1933.75
SO276SKU127,2025-10-04,SKU127,113,1741.25
SO276SKU128,2025-10-04,SKU128,372,792.5
SO276SKU129,2025-10-04,SKU129,85,1346.25
SO277SKU100,2025-10-05,SKU100,395,2161.25
SO277SKU101,2025-10-05,SKU101,435,1245.0
SO277SKU102,2025-10-05,SKU102,122,772.5
SO277SKU103,2025-10-05,SKU103,384,2328.75
SO277SKU104,2025-10-05,SKU104,300,636.25
SO277SKU105,2025-10-05,SKU105,234,1347.5
SO277SKU106,2025-10-05,SKU106,246,1293.75
SO277SKU107,2025-10-05,SKU107,153,1920.0
SO277SKU108,2025-10-05,SKU108,99,2440.0
SO277SKU109,2025-10-05,SKU109,301,2242.5
SO277SKU110,2025-10-05,SKU110,114,1747.5
SO277SKU111,2025-10-05,SKU111,234,1343.75
SO277SKU112,2025-10-05,SKU112,207,1787.5
SO277SKU113,2025-10-05,SKU113,242,2497.5
SO277SKU114,2025-10-05,SKU114,225,1300.0
SO277SKU115,2025-10-05,SKU115,285,866.25
SO277SKU116,2025-10-05,SKU116,450,491.25
SO277SKU117,2025-10-05,SKU117,301,2353.75
SO277SKU118,2025-10-05,SKU118,217,578.75
SO277SKU119,2025-10-05,SKU119,180,632.5
SO277SKU120,2025-10-05,SKU120,374,1086.25
SO277SKU121,2025-10-05,SKU121,243,2001.25
SO277SKU122,2025-10-05,SKU122,423,791.25
SO277SKU123,2025-10-05,SKU123,432,1283.75
SO277SKU124,2025-10-05,SKU124,365,2090.0
SO277SKU125,2025-10-05,SKU125,181,2171.25
SO277SKU126,2025-10-05,SKU126,193,1933.75
SO277SKU127,2025-10-05,SKU127,221,1741.25
SO277SKU128,2025-10-05,SKU128,427,792.5
SO277SKU129,2025-10-05,SKU129,296,1346.25
SO278SKU100,2025-10-06,SKU100,284,2161.25
SO278SKU101,2025-10-06,SKU101,147,1245.0
SO278SKU102,2025-10-06,SKU102,442,772.5
SO278SKU103,2025-10-06,SKU103,353,2328.75
SO278SKU104,2025-10-06,SKU104,380,636.25
SO278SKU105,2025-10-06,SKU105,437,1347.5
SO278SKU106,2025-10-06,SKU106,411,1293.75
SO278SKU107,2025-10-06,SKU107,254,1920.0
SO278SKU108,2025-10-06,SKU108,383,2440.0
SO278SKU109,2025-10-06,SKU109,270,2242.5
SO278SKU110,2025-10-06,SKU110,199,1747.5
SO278SKU111,2025-10-06,SKU111,328,1343.75
SO278SKU112,2025-10-06,SKU112,126,1787.5
SO278SKU113,2025-10-06,SKU113,256,2497.5
SO278SKU114,2025-10-06,SKU114,460,1300.0
SO278SKU115,2025-10-06,SKU115,392,866.25
SO278SKU116,2025-10-06,SKU116,445,491.25
SO278SKU117,2025-10-06,SKU117,434,2353.75
SO278SKU118,2025-10-06,SKU118,334,578.75
SO278SKU119,2025-10-06,SKU119,488,632.5
SO278SKU120,2025-10-06,SKU120,412,1086.25
SO278SKU121,2025-10-06,SKU121,205,2001.25
SO278SKU122,2025-10-06,SKU122,461,791.25
SO278SKU123,2025-10-06,SKU123,422,1283.75
SO278SKU124,2025-10-06,SKU124,446,2090.0
SO278SKU125,2025-10-06,SKU125,84,2171.25
SO278SKU126,2025-10-06,SKU126,303,1933.75
SO278SKU127,2025-10-06,SKU127,228,1741.25
SO278SKU128,2025-10-06,SKU128,367,792.5
SO278SKU129,2025-10-06,SKU129,263,1346.25
SO279SKU100,2025-10-07,SKU100,120,2161.25
SO279SKU101,2025-10-07,SKU101,129,1245.0
SO279SKU102,2025-10-07,SKU102,387,772.5
SO279SKU103,2025-10-07,SKU103,336,2328.75
SO279SKU104,2025-10-07,SKU104,186,636.25
SO279SKU105,2025-10-07,SKU105,138,1347.5
SO279SKU106,2025-10-07,SKU106,347,1293.75
SO279SKU107,2025-10-07,SKU107,442,1920.0
SO279SKU108,2025-10-07,SKU108,350,2440.0
SO279SKU109,2025-10-07,SKU109,295,2242.5
SO279SKU110,2025-10-07,SKU110,401,1747.5
SO279SKU111,2025-10-07,SKU111,251,1343.75
SO279SKU112,2025-10-07,SKU112,468,1787.5
SO279SKU113,2025-10-07,SKU113,348,2497.5
SO279SKU114,2025-10-07,SKU114,159,1300.0
SO279SKU115,2025-10-07,SKU115,80,866.25
SO279SKU116,2025-10-07,SKU116,424,491.25
SO279SKU117,2025-10-07,SKU117,159,2353.75
SO279SKU118,2025-10-07,SKU118,260,578.75
SO279SKU119,2025-10-07,SKU119,344,632.5
SO279SKU120,2025-10-07,SKU120,479,1086.25
SO279SKU121,2025-10-07,SKU121,105,2001.25
SO279SKU122,2025-10-07,SKU122,346,791.25
SO279SKU123,2025-10-07,SKU123,371,1283.75
SO279SKU124,2025-10-07,SKU124,257,2090.0
SO279SKU125,2025-10-07,SKU125,184,2171.25
SO279SKU126,2025-10-07,SKU126,278,1933.75
SO279SKU127,2025-10-07,SKU127,302,1741.25
SO279SKU128,2025-10-07,SKU128,293,792.5
SO279SKU129,2025-10-07,SKU129,367,1346.25
SO280SKU100,2025-10-08,SKU100,337,2161.25
SO280SKU101,2025-10-08,SKU101,304,1245.0
SO280SKU102,2025-10-08,SKU102,448,772.5
SO280SKU103,2025-10-08,SKU103,257,2328.75
SO280SKU104,2025-10-08,SKU104,474,636.25
SO280SKU105,2025-10-08,SKU105,486,1347.5
SO280SKU106,2025-10-08,SKU106,130,1293.75
SO280SKU107,2025-10-08,SKU107,326,1920.0
SO280SKU108,2025-10-08,SKU108,292,2440.0
SO280SKU109,2025-10-08,SKU109,326,2242.5
SO280SKU110,2025-10-08,SKU110,132,1747.5
SO280SKU111,2025-10-08,SKU111,150,1343.75
SO280SKU112,2025-10-08,SKU112,244,1787.5
SO280SKU113,2025-10-08,SKU113,231,2497.5
SO280SKU114,2025-10-08,SKU114,461,1300.0
SO280SKU115,2025-10-08,SKU115,380,866.25
SO280SKU116,2025-10-08,SKU116,333,491.25
SO280SKU117,2025-10-08,SKU117,346,2353.75
SO280SKU118,2025-10-08,SKU118,273,578.75
SO280SKU119,2025-10-08,SKU119,183,632.5
SO280SKU120,2025-10-08,SKU120,349,1086.25
SO280SKU121,2025-10-08,SKU121,94,2001.25
SO280SKU122,2025-10-08,SKU122,194,791.25
SO280SKU123,2025-10-08,SKU123,396,1283.75
SO280SKU124,2025-10-08,SKU124,434,2090.0
SO280SKU125,2025-10-08,SKU125,304,2171.25
SO280SKU126,2025-10-08,SKU126,291,1933.75
SO280SKU127,2025-10-08,SKU127,466,1741.25
SO280SKU128,2025-10-08,SKU128,334,792.5
SO280SKU129,2025-10-08,SKU129,347,1346.25
SO281SKU100,2025-10-09,SKU100,226,2161.25
SO281SKU101,2025-10-09,SKU101,319,1245.0
SO281SKU102,2025-10-09,SKU102,264,772.5
SO281SKU103,2025-10-09,SKU103,368,2328.75
SO281SKU104,2025-10-09,SKU104,344,636.25
SO281SKU105,2025-10-09,SKU105,339,1347.5
SO281SKU106,2025-10-09,SKU106,115,1293.75
SO281SKU107,2025-10-09,SKU107,443,1920.0
SO281SKU108,2025-10-09,SKU108,172,2440.0
SO281SKU109,2025-10-09,SKU109,349,2242.5
SO281SKU110,2025-10-09,SKU110,405,1747.5
SO281SKU111,2025-10-09,SKU111,275,1343.75
SO281SKU112,2025-10-09,SKU112,247,1787.5
SO281SKU113,2025-10-09,SKU113,245,2497.5
SO281SKU114,2025-10-09,SKU114,235,1300.0
SO281SKU115,2025-10-09,SKU115,489,866.25
SO281SKU116,2025-10-09,SKU116,156,491.25
SO281SKU117,2025-10-09,SKU117,281,2353.75
SO281SKU118,2025-10-09,SKU118,316,578.75
SO281SKU119,2025-10-09,SKU119,267,632.5
SO281SKU120,2025-10-09,SKU120,136,1086.25
SO281SKU121,2025-10-09,SKU121,158,2001.25
SO281SKU122,2025-10-09,SKU122,380,791.25
SO281SKU123,2025-10-09,SKU123,142,1283.75
SO281SKU124,2025-10-09,SKU124,373,2090.0
SO281SKU125,2025-10-09,SKU125,92,2171.25
SO281SKU126,2025-10-09,SKU126,336,1933.75
SO281SKU127,2025-10-09,SKU127,132,1741.25
SO281SKU128,2025-10-09,SKU128,455,792.5
SO281SKU129,2025-10-09,SKU129,426,1346.25
SO282SKU100,2025-10-10,SKU100,136,2161.25
SO282SKU101,2025-10-10,SKU101,133,1245.0
SO282SKU102,2025-10-10,SKU102,123,772.5
SO282SKU103,2025-10-10,SKU103,241,2328.75
SO282SKU104,2025-10-10,SKU104,380,636.25
SO282SKU105,2025-10-10,SKU105,310,1347.5
SO282SKU106,2025-10-10,SKU106,80,1293.75
SO282SKU107,2025-10-10,SKU107,104,1920.0
SO282SKU108,2025-10-10,SKU108,131,2440.0
SO282SKU109,2025-10-10,SKU109,349,2242.5
SO282SKU110,2025-10-10,SKU110,133,1747.5
SO282SKU111,2025-10-10,SKU111,279,1343.75
SO282SKU112,2025-10-10,SKU112,471,1787.5
SO282SKU113,2025-10-10,SKU113,321,2497.5
SO282SKU114,2025-10-10,SKU114,451,1300.0
SO282SKU115,2025-10-10,SKU115,310,866.25
SO282SKU116,2025-10-10,SKU116,377,491.25
SO282SKU117,2025-10-10,SKU117,81,2353.75
SO282SKU118,2025-10-10,SKU118,391,578.75
SO282SKU119,2025-10-10,SKU119,462,632.5
SO282SKU120,2025-10-10,SKU120,125,1086.25
SO282SKU121,2025-10-10,SKU121,233,2001.25
SO282SKU122,2025-10-10,SKU122,194,791.25
SO282SKU123,2025-10-10,SKU123,199,1283.75
SO282SKU124,2025-10-10,SKU124,364,2090.0
SO282SKU125,2025-10-10,SKU125,283,2171.25
SO282SKU126,2025-10-10,SKU126,98,1933.75
SO282SKU127,2025-10-10,SKU127,287,1741.25
SO282SKU128,2025-10-10,SKU128,482,792.5
SO282SKU129,2025-10-10,SKU129,282,1346.25
SO283SKU100,2025-10-11,SKU100,344,2161.25
SO283SKU101,2025-10-11,SKU101,412,1245.0
SO283SKU102,2025-10-11,SKU102,107,772.5
SO283SKU103,2025-10-11,SKU103,319,2328.75
SO283SKU104,2025-10-11,SKU104,328,636.25
SO283SKU105,2025-10-11,SKU105,326,1347.5
SO283SKU106,2025-10-11,SKU106,181,1293.75
SO283SKU107,2025-10-11,SKU107,350,1920.0
SO283SKU108,2025-10-11,SKU108,134,2440.0
SO283SKU109,2025-10-11,SKU109,106,2242.5
SO283SKU110,2025-10-11,SKU110,92,1747.5
SO283SKU111,2025-10-11,SKU111,226,1343.75
SO283SKU112,2025-10-11,SKU112,383,1787.5
SO283SKU113,2025-10-11,SKU113,198,2497.5
SO283SKU114,2025-10-11,SKU114,235,1300.0
SO283SKU115,2025-10-11,SKU115,439,866.25
SO283SKU116,2025-10-11,SKU116,162,491.25
SO283SKU117,2025-10-11,SKU117,477,2353.75
SO283SKU118,2025-10-11,SKU118,199,578.75
SO283SKU119,2025-10-11,SKU119,467,632.5
SO283SKU120,2025-10-11,SKU120,488,1086.25
SO283SKU121,2025-10-11,SKU121,400,2001.25
SO283SKU122,2025-10-11,SKU122,448,791.25
SO283SKU123,2025-10-11,SKU123,394,1283.75
SO283SKU124,2025-10-11,SKU124,133,2090.0
SO283SKU125,2025-10-11,SKU125,235,2171.25
SO283SKU126,2025-10-11,SKU126,159,1933.75
SO283SKU127,2025-10-11,SKU127,450,1741.25
SO283SKU128,2025-10-11,SKU128,462,792.5
SO283SKU129,2025-10-11,SKU129,349,1346.25
SO284SKU100,2025-10-12,SKU100,485,2161.25
SO284SKU101,2025-10-12,SKU101,391,1245.0
SO284SKU102,2025-10-12,SKU102,83,772.5
SO284SKU103,2025-10-12,SKU103,131,2328.75
SO284SKU104,2025-10-12,SKU104,243,636.25
SO284SKU105,2025-10-12,SKU105,447,1347.5
SO284SKU106,2025-10-12,SKU106,92,1293.75
SO284SKU107,2025-10-12,SKU107,393,1920.0
SO284SKU108,2025-10-12,SKU108,214,2440.0
SO284SKU109,2025-10-12,SKU109,499,2242.5
SO284SKU110,2025-10-12,SKU110,309,1747.5
SO284SKU111,2025-10-12,SKU111,401,1343.75
SO284SKU112,2025-10-12,SKU112,82,1787.5
SO284SKU113,2025-10-12,SKU113,447,2497.5
SO284SKU114,2025-10-12,SKU114,323,1300.0
SO284SKU115,2025-10-12,SKU115,356,866.25
SO284SKU116,2025-10-12,SKU116,378,491.25
SO284SKU117,2025-10-12,SKU117,144,2353.75
SO284SKU118,2025-10-12,SKU118,248,578.75
SO284SKU119,2025-10-12,SKU119,107,632.5
SO284SKU120,2025-10-12,SKU120,481,1086.25
SO284SKU121,2025-10-12,SKU121,474,2001.25
SO284SKU122,2025-10-12,SKU122,247,791.25
SO284SKU123,2025-10-12,SKU123,379,1283.75
SO284SKU124,2025-10-12,SKU124,483,2090.0
SO284SKU125,2025-10-12,SKU125,400,2171.25
SO284SKU126,2025-10-12,SKU126,124,1933.75
SO284SKU127,2025-10-12,SKU127,424,1741.25
SO284SKU128,2025-10-12,SKU128,415,792.5
SO284SKU129,2025-10-12,SKU129,235,1346.25
SO285SKU100,2025-10-13,SKU100,401,2161.25
SO285SKU101,2025-10-13,SKU101,265,1245.0
SO285SKU102,2025-10-13,SKU102,115,772.5
SO285SKU103,2025-10-13,SKU103,475,2328.75
SO285SKU104,2025-10-13,SKU104,151,636.25
SO285SKU105,2025-10-13,SKU105,121,1347.5
SO285SKU106,2025-10-13,SKU106,227,1293.75
SO285SKU107,2025-10-13,SKU107,406,1920.0
SO285SKU108,2025-10-13,SKU108,94,2440.0
SO285SKU109,2025-10-13,SKU109,471,2242.5
SO285SKU110,2025-10-13,SKU110,391,1747.5
SO285SKU111,2025-10-13,SKU111,242,1343.75
SO285SKU112,2025-10-13,SKU112,113,1787.5
SO285SKU113,2025-10-13,SKU113,220,2497.5
SO285SKU114,2025-10-13,SKU114,195,1300.0
SO285SKU115,2025-10-13,SKU115,445,866.25
SO285SKU116,2025-10-13,SKU116,171,491.25
SO285SKU117,2025-10-13,SKU117,353,2353.75
SO285SKU118,2025-10-13,SKU118,285,578.75
SO285SKU119,2025-10-13,SKU119,274,632.5
SO285SKU120,2025-10-13,SKU120,378,1086.25
SO285SKU121,2025-10-13,SKU121,244,2001.25
SO285SKU122,2025-10-13,SKU122,175,791.25
SO285SKU123,2025-10-13,SKU123,469,1283.75
SO285SKU124,2025-10-13,SKU124,346,2090.0
SO285SKU125,2025-10-13,SKU125,462,2171.25
SO285SKU126,2025-10-13,SKU126,357,1933.75
SO285SKU127,2025-10-13,SKU127,139,1741.25
SO285SKU128,2025-10-13,SKU128,103,792.5
SO285SKU129,2025-10-13,SKU129,442,1346.25
SO286SKU100,2025-10-14,SKU100,392,2161.25
SO286SKU101,2025-10-14,SKU101,130,1245.0
SO286SKU102,2025-10-14,SKU102,453,772.5
SO286SKU103,2025-10-14,SKU103,319,2328.75
SO286SKU104,2025-10-14,SKU104,450,636.25
SO286SKU105,2025-10-14,SKU105,91,1347.5
SO286SKU106,2025-10-14,SKU106,340,1293.75
SO286SKU107,2025-10-14,SKU107,83,1920.0
SO286SKU108,2025-10-14,SKU108,416,2440.0
SO286SKU109,2025-10-14,SKU109,330,2242.5
SO286SKU110,2025-10-14,SKU110,313,1747.5
SO286SKU111,2025-10-14,SKU111,388,1343.75
SO286SKU112,2025-10-14,SKU112,376,1787.5
SO286SKU113,2025-10-14,SKU113,368,2497.5
SO286SKU114,2025-10-14,SKU114,448,1300.0
SO286SKU115,2025-10-14,SKU115,117,866.25
SO286SKU116,2025-10-14,SKU116,280,491.25
SO286SKU117,2025-10-14,SKU117,191,2353.75
SO286SKU118,2025-10-14,SKU118,261,578.75
SO286SKU119,2025-10-14,SKU119,300,632.5
SO286SKU120,2025-10-14,SKU120,364,1086.25
SO286SKU121,2025-10-14,SKU121,186,2001.25
SO286SKU122,2025-10-14,SKU122,101,791.25
SO286SKU123,2025-10-14,SKU123,460,1283.75
SO286SKU124,2025-10-14,SKU124,375,2090.0
SO286SKU125,2025-10-14,SKU125,406,2171.25
SO286SKU126,2025-10-14,SKU126,194,1933.75
SO286SKU127,2025-10-14,SKU127,136,1741.25
SO286SKU128,2025-10-14,SKU128,446,792.5
SO286SKU129,2025-10-14,SKU129,167,1346.25
SO287SKU100,2025-10-15,SKU100,361,2161.25
SO287SKU101,2025-10-15,SKU101,209,1245.0
SO287SKU102,2025-10-15,SKU102,429,772.5
SO287SKU103,2025-10-15,SKU103,437,2328.75
SO287SKU104,2025-10-15,SKU104,282,636.25
SO287SKU105,2025-10-15,SKU105,454,1347.5
SO287SKU106,2025-10-15,SKU106,126,1293.75
SO287SKU107,2025-10-15,SKU107,266,1920.0
SO287SKU108,2025-10-15,SKU108,138,2440.0
SO287SKU109,2025-10-15,SKU109,473,2242.5
SO287SKU110,2025-10-15,SKU110,299,1747.5
SO287SKU111,2025-10-15,SKU111,104,1343.75
SO287SKU112,2025-10-15,SKU112,311,1787.5
SO287SKU113,2025-10-15,SKU113,99,2497.5
SO287SKU114,2025-10-15,SKU114,198,1300.0
SO287SKU115,2025-10-15,SKU115,219,866.25
SO287SKU116,2025-10-15,SKU116,181,491.25
SO287SKU117,2025-10-15,SKU117,184,2353.75
SO287SKU118,2025-10-15,SKU118,373,578.75
SO287SKU119,2025-10-15,SKU119,390,632.5
SO287SKU120,2025-10-15,SKU120,282,1086.25
SO287SKU121,2025-10-15,SKU121,481,2001.25
SO287SKU122,2025-10-15,SKU122,365,791.25
SO287SKU123,2025-10-15,SKU123,84,1283.75
SO287SKU124,2025-10-15,SKU124,271,2090.0
SO287SKU125,2025-10-15,SKU125,89,2171.25
SO287SKU126,2025-10-15,SKU126,215,1933.75
SO287SKU127,2025-10-15,SKU127,431,1741.25
SO287SKU128,2025-10-15,SKU128,456,792.5
SO287SKU129,2025-10-15,SKU129,248,1346.25
SO288SKU100,2025-10-16,SKU100,498,2161.25
SO288SKU101,2025-10-16,SKU101,288,1245.0
SO288SKU102,2025-10-16,SKU102,130,772.5
SO288SKU103,2025-10-16,SKU103,248,2328.75
SO288SKU104,2025-10-16,SKU104,270,636.25
SO288SKU105,2025-10-16,SKU105,163,1347.5
SO288SKU106,2025-10-16,SKU106,104,1293.75
SO288SKU107,2025-10-16,SKU107,313,1920.0
SO288SKU108,2025-10-16,SKU108,200,2440.0
SO288SKU109,2025-10-16,SKU109,109,2242.5
SO288SKU110,2025-10-16,SKU110,334,1747.5
SO288SKU111,2025-10-16,SKU111,254,1343.75
SO288SKU112,2025-10-16,SKU112,385,1787.5
SO288SKU113,2025-10-16,SKU113,139,2497.5
SO288SKU114,2025-10-16,SKU114,246,1300.0
SO288SKU115,2025-10-16,SKU115,172,866.25
SO288SKU116,2025-10-16,SKU116,362,491.25
SO288SKU117,2025-10-16,SKU117,193,2353.75
SO288SKU118,2025-10-16,SKU118,352,578.75
SO288SKU119,2025-10-16,SKU119,210,632.5
SO288SKU120,2025-10-16,SKU120,353,1086.25
SO288SKU121,2025-10-16,SKU121,441,2001.25
SO288SKU122,2025-10-16,SKU122,358,791.25
SO288SKU123,2025-10-16,SKU123,147,1283.75
SO288SKU124,2025-10-16,SKU124,439,2090.0
SO288SKU125,2025-10-16,SKU125,231,2171.25
SO288SKU126,2025-10-16,SKU126,172,1933.75
SO288SKU127,2025-10-16,SKU127,260,1741.25
SO288SKU128,2025-10-16,SKU128,307,792.5
SO288SKU129,2025-10-16,SKU129,125,1346.25
SO289SKU100,2025-10-17,SKU100,80,2161.25
SO289SKU101,2025-10-17,SKU101,372,1245.0
SO289SKU102,2025-10-17,SKU102,467,772.5
SO289SKU103,2025-10-17,SKU103,165,2328.75
SO289SKU104,2025-10-17,SKU104,274,636.25
SO289SKU105,2025-10-17,SKU105,272,1347.5
SO289SKU106,2025-10-17,SKU106,219,1293.75
SO289SKU107,2025-10-17,SKU107,116,1920.0
SO289SKU108,2025-10-17,SKU108,375,2440.0
SO289SKU109,2025-10-17,SKU109,449,2242.5
SO289SKU110,2025-10-17,SKU110,333,1747.5
SO289SKU111,2025-10-17,SKU111,139,1343.75
SO289SKU112,2025-10-17,SKU112,372,1787.5
SO289SKU113,2025-10-17,SKU113,375,2497.5
SO289SKU114,2025-10-17,SKU114,318,1300.0
SO289SKU115,2025-10-17,SKU115,281,866.25
SO289SKU116,2025-10-17,SKU116,346,491.25
SO289SKU117,2025-10-17,SKU117,345,2353.75
SO289SKU118,2025-10-17,SKU118,267,578.75
SO289SKU119,2025-10-17,SKU119,394,632.5
SO289SKU120,2025-10-17,SKU120,133,1086.25
SO289SKU121,2025-10-17,SKU121,200,2001.25
SO289SKU122,2025-10-17,SKU122,436,791.25
SO289SKU123,2025-10-17,SKU123,371,1283.75
SO289SKU124,2025-10-17,SKU124,201,2090.0
SO289SKU125,2025-10-17,SKU125,378,2171.25
SO289SKU126,2025-10-17,SKU126,232,1933.75
SO289SKU127,2025-10-17,SKU127,430,1741.25
SO289SKU128,2025-10-17,SKU128,489,792.5
SO289SKU129,2025-10-17,SKU129,102,1346.25
SO290SKU100,2025-10-18,SKU100,432,2161.25
SO290SKU101,2025-10-18,SKU101,207,1245.0
SO290SKU102,2025-10-18,SKU102,343,772.5
SO290SKU103,2025-10-18,SKU103,248,2328.75
SO290SKU104,2025-10-18,SKU104,370,636.25
SO290SKU105,2025-10-18,SKU105,390,1347.5
SO290SKU106,2025-10-18,SKU106,266,1293.75
SO290SKU107,2025-10-18,SKU107,339,1920.0
SO290SKU108,2025-10-18,SKU108,248,2440.0
SO290SKU109,2025-10-18,SKU109,273,2242.5
SO290SKU110,2025-10-18,SKU110,191,1747.5
SO290SKU111,2025-10-18,SKU111,330,1343.75
SO290SKU112,2025-10-18,SKU112,109,1787.5
SO290SKU113,2025-10-18,SKU113,130,2497.5
SO290SKU114,2025-10-18,SKU114,278,1300.0
SO290SKU115,2025-10-18,SKU115,178,866.25
SO290SKU116,2025-10-18,SKU116,400,491.25
SO290SKU117,2025-10-18,SKU117,191,2353.75
SO290SKU118,2025-10-18,SKU118,177,578.75
SO290SKU119,2025-10-18,SKU119,244,632.5
SO290SKU120,2025-10-18,SKU120,176,1086.25
SO290SKU121,2025-10-18,SKU121,254,2001.25
SO290SKU122,2025-10-18,SKU122,429,791.25
SO290SKU123,2025-10-18,SKU123,194,1283.75
SO290SKU124,2025-10-18,SKU124,500,2090.0
SO290SKU125,2025-10-18,SKU125,180,2171.25
SO290SKU126,2025-10-18,SKU126,435,1933.75
SO290SKU127,2025-10-18,SKU127,140,1741.25
SO290SKU128,2025-10-18,SKU128,214,792.5
SO290SKU129,2025-10-18,SKU129,151,1346.25
SO291SKU100,2025-10-19,SKU100,101,2161.25
SO291SKU101,2025-10-19,SKU101,100,1245.0
SO291SKU102,2025-10-19,SKU102,117,772.5
SO291SKU103,2025-10-19,SKU103,485,2328.75
SO291SKU104,2025-10-19,SKU104,320,636.25
SO291SKU105,2025-10-19,SKU105,161,1347.5
SO291SKU106,2025-10-19,SKU106,419,1293.75
SO291SKU107,2025-10-19,SKU107,324,1920.0
SO291SKU108,2025-10-19,SKU108,294,2440.0
SO291SKU109,2025-10-19,SKU109,287,2242.5
SO291SKU110,2025-10-19,SKU110,156,1747.5
SO291SKU111,2025-10-19,SKU111,201,1343.75
SO291SKU112,2025-10-19,SKU112,266,1787.5
SO291SKU113,2025-10-19,SKU113,365,2497.5
SO291SKU114,2025-10-19,SKU114,82,1300.0
SO291SKU115,2025-10-19,SKU115,245,866.25
SO291SKU116,2025-10-19,SKU116,250,491.25
SO291SKU117,2025-10-19,SKU117,441,2353.75
SO291SKU118,2025-10-19,SKU118,335,578.75
SO291SKU119,2025-10-19,SKU119,490,632.5
SO291SKU120,2025-10-19,SKU120,410,1086.25
SO291SKU121,2025-10-19,SKU121,178,2001.25
SO291SKU122,2025-10-19,SKU122,214,791.25
SO291SKU123,2025-10-19,SKU123,94,1283.75
SO291SKU124,2025-10-19,SKU124,205,2090.0
SO291SKU125,2025-10-19,SKU125,418,2171.25
SO291SKU126,2025-10-19,SKU126,297,1933.75
SO291SKU127,2025-10-19,SKU127,174,1741.25
SO291SKU128,2025-10-19,SKU128,111,792.5
SO291SKU129,2025-10-19,SKU129,252,1346.25
SO292SKU100,2025-10-20,SKU100,393,2161.25
SO292SKU101,2025-10-20,SKU101,323,1245.0
SO292SKU102,2025-10-20,SKU102,173,772.5
SO292SKU103,2025-10-20,SKU103,179,2328.75
SO292SKU104,2025-10-20,SKU104,198,636.25
SO292SKU105,2025-10-20,SKU105,117,1347.5
SO292SKU106,2025-10-20,SKU106,273,1293.75
SO292SKU107,2025-10-20,SKU107,137,1920.0
SO292SKU108,2025-10-20,SKU108,92,2440.0
SO292SKU109,2025-10-20,SKU109,293,2242.5
SO292SKU110,2025-10-20,SKU110,366,1747.5
SO292SKU111,2025-10-20,SKU111,199,1343.75
SO292SKU112,2025-10-20,SKU112,223,1787.5
SO292SKU113,2025-10-20,SKU113,226,2497.5
SO292SKU114,2025-10-20,SKU114,456,1300.0
SO292SKU115,2025-10-20,SKU115,165,866.25
SO292SKU116,2025-10-20,SKU116,284,491.25
SO292SKU117,2025-10-20,SKU117,418,2353.75
SO292SKU118,2025-10-20,SKU118,460,578.75
SO292SKU119,2025-10-20,SKU119,295,632.5
SO292SKU120,2025-10-20,SKU120,229,1086.25
SO292SKU121,2025-10-20,SKU121,267,2001.25
SO292SKU122,2025-10-20,SKU122,459,791.25
SO292SKU123,2025-10-20,SKU123,86,1283.75
SO292SKU124,2025-10-20,SKU124,434,2090.0
SO292SKU125,2025-10-20,SKU125,215,2171.25
SO292SKU126,2025-10-20,SKU126,211,1933.75
SO292SKU127,2025-10-20,SKU127,265,1741.25
SO292SKU128,2025-10-20,SKU128,318,792.5
SO292SKU129,2025-10-20,SKU129,360,1346.25
SO293SKU100,2025-10-21,SKU100,158,2161.25
SO293SKU101,2025-10-21,SKU101,347,1245.0
SO293SKU102,2025-10-21,SKU102,342,772.5
SO293SKU103,2025-10-21,SKU103,285,2328.75
SO293SKU104,2025-10-21,SKU104,409,636.25
SO293SKU105,2025-10-21,SKU105,304,1347.5
SO293SKU106,2025-10-21,SKU106,332,1293.75
SO293SKU107,2025-10-21,SKU107,297,1920.0
SO293SKU108,2025-10-21,SKU108,447,2440.0
SO293SKU109,2025-10-21,SKU109,486,2242.5
SO293SKU110,2025-10-21,SKU110,408,1747.5
SO293SKU111,2025-10-21,SKU111,375,1343.75
SO293SKU112,2025-10-21,SKU112,153,1787.5
SO293SKU113,2025-10-21,SKU113,143,2497.5
SO293SKU114,2025-10-21,SKU114,365,1300.0
SO293SKU115,2025-10-21,SKU115,424,866.25
SO293SKU116,2025-10-21,SKU116,284,491.25
SO293SKU117,2025-10-21,SKU117,389,2353.75
SO293SKU118,2025-10-21,SKU118,428,578.75
SO293SKU119,2025-10-21,SKU119,305,632.5
SO293SKU120,2025-10-21,SKU120,321,1086.25
SO293SKU121,2025-10-21,SKU121,450,2001.25
SO293SKU122,2025-10-21,SKU122,132,791.25
SO293SKU123,2025-10-21,SKU123,319,1283.75
SO293SKU124,2025-10-21,SKU124,108,2090.0
SO293SKU125,2025-10-21,SKU125,225,2171.25
SO293SKU126,2025-10-21,SKU126,376,1933.75
SO293SKU127,2025-10-21,SKU127,274,1741.25
SO293SKU128,2025-10-21,SKU128,230,792.5
SO293SKU129,2025-10-21,SKU129,247,1346.25
SO294SKU100,2025-10-22,SKU100,369,2161.25
SO294SKU101,2025-10-22,SKU101,400,1245.0
SO294SKU102,2025-10-22,SKU102,169,772.5
SO294SKU103,2025-10-22,SKU103,168,2328.75
SO294SKU104,2025-10-22,SKU104,399,636.25
SO294SKU105,2025-10-22,SKU105,411,1347.5
SO294SKU106,2025-10-22,SKU106,419,1293.75
SO294SKU107,2025-10-22,SKU107,197,1920.0
SO294SKU108,2025-10-22,SKU108,384,2440.0
SO294SKU109,2025-10-22,SKU109,238,2242.5
SO294SKU110,2025-10-22,SKU110,157,1747.5
SO294SKU111,2025-10-22,SKU111,395,1343.75
SO294SKU112,2025-10-22,SKU112,412,1787.5
SO294SKU113,2025-10-22,SKU113,287,2497.5
SO294SKU114,2025-10-22,SKU114,448,1300.0
SO294SKU115,2025-10-22,SKU115,486,866.25
SO294SKU116,2025-10-22,SKU116,176,491.25
SO294SKU117,2025-10-22,SKU117,197,2353.75
SO294SKU118,2025-10-22,SKU118,464,578.75
SO294SKU119,2025-10-22,SKU119,481,632.5
SO294SKU120,2025-10-22,SKU120,353,1086.25
SO294SKU121,2025-10-22,SKU121,272,2001.25
SO294SKU122,2025-10-22,SKU122,351,791.25
SO294SKU123,2025-10-22,SKU123,125,1283.75
SO294SKU124,2025-10-22,SKU124,386,2090.0
SO294SKU125,2025-10-22,SKU125,232,2171.25
SO294SKU126,2025-10-22,SKU126,340,1933.75
SO294SKU127,2025-10-22,SKU127,393,1741.25
SO294SKU128,2025-10-22,SKU128,499,792.5
SO294SKU129,2025-10-22,SKU129,167,1346.25
SO295SKU100,2025-10-23,SKU100,305,2161.25
SO295SKU101,2025-10-23,SKU101,139,1245.0
SO295SKU102,2025-10-23,SKU102,438,772.5
SO295SKU103,2025-10-23,SKU103,116,2328.75
SO295SKU104,2025-10-23,SKU104,426,636.25
SO295SKU105,2025-10-23,SKU105,363,1347.5
SO295SKU106,2025-10-23,SKU106,385,1293.75
SO295SKU107,2025-10-23,SKU107,204,1920.0
SO295SKU108,2025-10-23,SKU108,140,2440.0
SO295SKU109,2025-10-23,SKU109,499,2242.5
SO295SKU110,2025-10-23,SKU110,181,1747.5
SO295SKU111,2025-10-23,SKU111,352,1343.75
SO295SKU112,2025-10-23,SKU112,159,1787.5
SO295SKU113,2025-10-23,SKU113,159,2497.5
SO295SKU114,2025-10-23,SKU114,148,1300.0
SO295SKU115,2025-10-23,SKU115,359,866.25
SO295SKU116,2025-10-23,SKU116,327,491.25
SO295SKU117,2025-10-23,SKU117,132,2353.75
SO295SKU118,2025-10-23,SKU118,468,578.75
SO295SKU119,2025-10-23,SKU119,210,632.5
SO295SKU120,2025-10-23,SKU120,308,1086.25
SO295SKU121,2025-10-23,SKU121,169,2001.25
SO295SKU122,2025-10-23,SKU122,326,791.25
SO295SKU123,2025-10-23,SKU123,322,1283.75
SO295SKU124,2025-10-23,SKU124,214,2090.0
SO295SKU125,2025-10-23,SKU125,335,2171.25
SO295SKU126,2025-10-23,SKU126,218,1933.75
SO295SKU127,2025-10-23,SKU127,172,1741.25
SO295SKU128,2025-10-23,SKU128,337,792.5
SO295SKU129,2025-10-23,SKU129,381,1346.25
SO296SKU100,2025-10-24,SKU100,449,2161.25
SO296SKU101,2025-10-24,SKU101,292,1245.0
SO296SKU102,2025-10-24,SKU102,248,772.5
SO296SKU103,2025-10-24,SKU103,436,2328.75
SO296SKU104,2025-10-24,SKU104,437,636.25
SO296SKU105,2025-10-24,SKU105,207,1347.5
SO296SKU106,2025-10-24,SKU106,158,1293.75
SO296SKU107,2025-10-24,SKU107,483,1920.0
SO296SKU108,2025-10-24,SKU108,296,2440.0
SO296SKU109,2025-10-24,SKU109,288,2242.5
SO296SKU110,2025-10-24,SKU110,289,1747.5
SO296SKU111,2025-10-24,SKU111,441,1343.75
SO296SKU112,2025-10-24,SKU112,111,1787.5
SO296SKU113,2025-10-24,SKU113,416,2497.5
SO296SKU114,2025-10-24,SKU114,345,1300.0
SO296SKU115,2025-10-24,SKU115,132,866.25
SO296SKU116,2025-10-24,SKU116,146,491.25
SO296SKU117,2025-10-24,SKU117,207,2353.75
SO296SKU118,2025-10-24,SKU118,170,578.75
SO296SKU119,2025-10-24,SKU119,464,632.5
SO296SKU120,2025-10-24,SKU120,291,1086.25
SO296SKU121,2025-10-24,SKU121,232,2001.25
SO296SKU122,2025-10-24,SKU122,176,791.25
SO296SKU123,2025-10-24,SKU123,400,1283.75
SO296SKU124,2025-10-24,SKU124,87,2090.0
SO296SKU125,2025-10-24,SKU125,329,2171.25
SO296SKU126,2025-10-24,SKU126,282,1933.75
SO296SKU127,2025-10-24,SKU127,232,1741.25
SO296SKU128,2025-10-24,SKU128,342,792.5
SO296SKU129,2025-10-24,SKU129,301,1346.25
SO297SKU100,2025-10-25,SKU100,394,2161.25
SO297SKU101,2025-10-25,SKU101,445,1245.0
SO297SKU102,2025-10-25,SKU102,354,772.5
SO297SKU103,2025-10-25,SKU103,352,2328.75
SO297SKU104,2025-10-25,SKU104,98,636.25
SO297SKU105,2025-10-25,SKU105,120,1347.5
SO297SKU106,2025-10-25,SKU106,497,1293.75
SO297SKU107,2025-10-25,SKU107,315,1920.0
SO297SKU108,2025-10-25,SKU108,165,2440.0
SO297SKU109,2025-10-25,SKU109,88,2242.5
SO297SKU110,2025-10-25,SKU110,275,1747.5
SO297SKU111,2025-10-25,SKU111,483,1343.75
SO297SKU112,2025-10-25,SKU112,359,1787.5
SO297SKU113,2025-10-25,SKU113,357,2497.5
SO297SKU114,2025-10-25,SKU114,321,1300.0
SO297SKU115,2025-10-25,SKU115,273,866.25
SO297SKU116,2025-10-25,SKU116,156,491.25
SO297SKU117,2025-10-25,SKU117,367,2353.75
SO297SKU118,2025-10-25,SKU118,120,578.75
SO297SKU119,2025-10-25,SKU119,173,632.5
SO297SKU120,2025-10-25,SKU120,193,1086.25
SO297SKU121,2025-10-25,SKU121,496,2001.25
SO297SKU122,2025-10-25,SKU122,268,791.25
SO297SKU123,2025-10-25,SKU123,297,1283.75
SO297SKU124,2025-10-25,SKU124,491,2090.0
SO297SKU125,2025-10-25,SKU125,409,2171.25
SO297SKU126,2025-10-25,SKU126,210,1933.75
SO297SKU127,2025-10-25,SKU127,262,1741.25
SO297SKU128,2025-10-25,SKU128,111,792.5
SO297SKU129,2025-10-25,SKU129,461,1346.25
SO298SKU100,2025-10-26,SKU100,290,2161.25
SO298SKU101,2025-10-26,SKU101,438,1245.0
SO298SKU102,2025-10-26,SKU102,310,772.5
SO298SKU103,2025-10-26,SKU103,99,2328.75
SO298SKU104,2025-10-26,SKU104,324,636.25
SO298SKU105,2025-10-26,SKU105,115,1347.5
SO298SKU106,2025-10-26,SKU106,406,1293.75
SO298SKU107,2025-10-26,SKU107,410,1920.0
SO298SKU108,2025-10-26,SKU108,482,2440.0
SO298SKU109,2025-10-26,SKU109,391,2242.5
SO298SKU110,2025-10-26,SKU110,423,1747.5
SO298SKU111,2025-10-26,SKU111,423,1343.75
SO298SKU112,2025-10-26,SKU112,186,1787.5
SO298SKU113,2025-10-26,SKU113,116,2497.5
SO298SKU114,2025-10-26,SKU114,358,1300.0
SO298SKU115,2025-10-26,SKU115,318,866.25
SO298SKU116,2025-10-26,SKU116,85,491.25
SO298SKU117,2025-10-26,SKU117,162,2353.75
SO298SKU118,2025-10-26,SKU118,240,578.75
SO298SKU119,2025-10-26,SKU119,222,632.5
SO298SKU120,2025-10-26,SKU120,96,1086.25
SO298SKU121,2025-10-26,SKU121,364,2001.25
SO298SKU122,2025-10-26,SKU122,123,791.25
SO298SKU123,2025-10-26,SKU123,195,1283.75
SO298SKU124,2025-10-26,SKU124,341,2090.0
SO298SKU125,2025-10-26,SKU125,449,2171.25
SO298SKU126,2025-10-26,SKU126,468,1933.75
SO298SKU127,2025-10-26,SKU127,206,1741.25
SO298SKU128,2025-10-26,SKU128,107,792.5
SO298SKU129,2025-10-26,SKU129,118,1346.25
SO299SKU100,2025-10-27,SKU100,341,2161.25
SO299SKU101,2025-10-27,SKU101,275,1245.0
SO299SKU102,2025-10-27,SKU102,397,772.5
SO299SKU103,2025-10-27,SKU103,377,2328.75
SO299SKU104,2025-10-27,SKU104,333,636.25
SO299SKU105,2025-10-27,SKU105,371,1347.5
SO299SKU106,2025-10-27,SKU106,255,1293.75
SO299SKU107,2025-10-27,SKU107,432,1920.0
SO299SKU108,2025-10-27,SKU108,443,2440.0
SO299SKU109,2025-10-27,SKU109,233,2242.5
SO299SKU110,2025-10-27,SKU110,118,1747.5
SO299SKU111,2025-10-27,SKU111,162,1343.75
SO299SKU112,2025-10-27,SKU112,419,1787.5
SO299SKU113,2025-10-27,SKU113,111,2497.5
SO299SKU114,2025-10-27,SKU114,351,1300.0
SO299SKU115,2025-10-27,SKU115,476,866.25
SO299SKU116,2025-10-27,SKU116,240,491.25
SO299SKU117,2025-10-27,SKU117,402,2353.75
SO299SKU118,2025-10-27,SKU118,271,578.75
SO299SKU119,2025-10-27,SKU119,243,632.5
SO299SKU120,2025-10-27,SKU120,484,1086.25
SO299SKU121,2025-10-27,SKU121,402,2001.25
SO299SKU122,2025-10-27,SKU122,214,791.25
SO299SKU123,2025-10-27,SKU123,454,1283.75
SO299SKU124,2025-10-27,SKU124,109,2090.0
SO299SKU125,2025-10-27,SKU125,429,2171.25
SO299SKU126,2025-10-27,SKU126,126,1933.75
SO299SKU127,2025-10-27,SKU127,226,1741.25
SO299SKU128,2025-10-27,SKU128,378,792.5
SO299SKU129,2025-10-27,SKU129,228,1346.25
SO300SKU100,2025-10-28,SKU100,224,2161.25
SO300SKU101,2025-10-28,SKU101,209,1245.0
SO300SKU102,2025-10-28,SKU102,158,772.5
SO300SKU103,2025-10-28,SKU103,124,2328.75
SO300SKU104,2025-10-28,SKU104,480,636.25
SO300SKU105,2025-10-28,SKU105,453,1347.5
SO300SKU106,2025-10-28,SKU106,337,1293.75
SO300SKU107,2025-10-28,SKU107,183,1920.0
SO300SKU108,2025-10-28,SKU108,301,2440.0
SO300SKU109,2025-10-28,SKU109,359,2242.5
SO300SKU110,2025-10-28,SKU110,202,1747.5
SO300SKU111,2025-10-28,SKU111,473,1343.75
SO300SKU112,2025-10-28,SKU112,164,1787.5
SO300SKU113,2025-10-28,SKU113,184,2497.5
SO300SKU114,2025-10-28,SKU114,127,1300.0
SO300SKU115,2025-10-28,SKU115,97,866.25
SO300SKU116,2025-10-28,SKU116,388,491.25
SO300SKU117,2025-10-28,SKU117,350,2353.75
SO300SKU118,2025-10-28,SKU118,426,578.75
SO300SKU119,2025-10-28,SKU119,176,632.5
SO300SKU120,2025-10-28,SKU120,426,1086.25
SO300SKU121,2025-10-28,SKU121,342,2001.25
SO300SKU122,2025-10-28,SKU122,178,791.25
SO300SKU123,2025-10-28,SKU123,498,1283.75
SO300SKU124,2025-10-28,SKU124,157,2090.0
SO300SKU125,2025-10-28,SKU125,400,2171.25
SO300SKU126,2025-10-28,SKU126,444,1933.75
SO300SKU127,2025-10-28,SKU127,327,1741.25
SO300SKU128,2025-10-28,SKU128,433,792.5
SO300SKU129,2025-10-28,SKU129,396,1346.25
SO301SKU100,2025-10-29,SKU100,383,2161.25
SO301SKU101,2025-10-29,SKU101,119,1245.0
SO301SKU102,2025-10-29,SKU102,474,772.5
SO301SKU103,2025-10-29,SKU103,446,2328.75
SO301SKU104,2025-10-29,SKU104,440,636.25
SO301SKU105,2025-10-29,SKU105,414,1347.5
SO301SKU106,2025-10-29,SKU106,273,1293.75
SO301SKU107,2025-10-29,SKU107,281,1920.0
SO301SKU108,2025-10-29,SKU108,334,2440.0
SO301SKU109,2025-10-29,SKU109,119,2242.5
SO301SKU110,2025-10-29,SKU110,473,1747.5
SO301SKU111,2025-10-29,SKU111,305,1343.75
SO301SKU112,2025-10-29,SKU112,468,1787.5
SO301SKU113,2025-10-29,SKU113,475,2497.5
SO301SKU114,2025-10-29,SKU114,316,1300.0
SO301SKU115,2025-10-29,SKU115,391,866.25
SO301SKU116,2025-10-29,SKU116,283,491.25
SO301SKU117,2025-10-29,SKU117,446,2353.75
SO301SKU118,2025-10-29,SKU118,433,578.75
SO301SKU119,2025-10-29,SKU119,135,632.5
SO301SKU120,2025-10-29,SKU120,499,1086.25
SO301SKU121,2025-10-29,SKU121,333,2001.25
SO301SKU122,2025-10-29,SKU122,415,791.25
SO301SKU123,2025-10-29,SKU123,207,1283.75
SO301SKU124,2025-10-29,SKU124,95,2090.0
SO301SKU125,2025-10-29,SKU125,353,2171.25
SO301SKU126,2025-10-29,SKU126,436,1933.75
SO301SKU127,2025-10-29,SKU127,178,1741.25
SO301SKU128,2025-10-29,SKU128,204,792.5
SO301SKU129,2025-10-29,SKU129,82,1346.25
SO302SKU100,2025-10-30,SKU100,188,2161.25
SO302SKU101,2025-10-30,SKU101,374,1245.0
SO302SKU102,2025-10-30,SKU102,239,772.5
SO302SKU103,2025-10-30,SKU103,464,2328.75
SO302SKU104,2025-10-30,SKU104,367,636.25
SO302SKU105,2025-10-30,SKU105,330,1347.5
SO302SKU106,2025-10-30,SKU106,405,1293.75
SO302SKU107,2025-10-30,SKU107,88,1920.0
SO302SKU108,2025-10-30,SKU108,290,2440.0
SO302SKU109,2025-10-30,SKU109,239,2242.5
SO302SKU110,2025-10-30,SKU110,300,1747.5
SO302SKU111,2025-10-30,SKU111,130,1343.75
SO302SKU112,2025-10-30,SKU112,125,1787.5
SO302SKU113,2025-10-30,SKU113,134,2497.5
SO302SKU114,2025-10-30,SKU114,166,1300.0
SO302SKU115,2025-10-30,SKU115,99,866.25
SO302SKU116,2025-10-30,SKU116,234,491.25
SO302SKU117,2025-10-30,SKU117,463,2353.75
SO302SKU118,2025-10-30,SKU118,120,578.75
SO302SKU119,2025-10-30,SKU119,137,632.5
SO302SKU120,2025-10-30,SKU120,439,1086.25
SO302SKU121,2025-10-30,SKU121,292,2001.25
SO302SKU122,2025-10-30,SKU122,237,791.25
SO302SKU123,2025-10-30,SKU123,181,1283.75
SO302SKU124,2025-10-30,SKU124,344,2090.0
SO302SKU125,2025-10-30,SKU125,463,2171.25
SO302SKU126,2025-10-30,SKU126,253,1933.75
SO302SKU127,2025-10-30,SKU127,259,1741.25
SO302SKU128,2025-10-30,SKU128,283,792.5
SO302SKU129,2025-10-30,SKU129,339,1346.25
SO303SKU100,2025-10-31,SKU100,483,2161.25
SO303SKU101,2025-10-31,SKU101,83,1245.0
SO303SKU102,2025-10-31,SKU102,291,772.5
SO303SKU103,2025-10-31,SKU103,334,2328.75
SO303SKU104,2025-10-31,SKU104,272,636.25
SO303SKU105,2025-10-31,SKU105,216,1347.5
SO303SKU106,2025-10-31,SKU106,413,1293.75
SO303SKU107,2025-10-31,SKU107,491,1920.0
SO303SKU108,2025-10-31,SKU108,353,2440.0
SO303SKU109,2025-10-31,SKU109,377,2242.5
SO303SKU110,2025-10-31,SKU110,310,1747.5
SO303SKU111,2025-10-31,SKU111,212,1343.75
SO303SKU112,2025-10-31,SKU112,373,1787.5
SO303SKU113,2025-10-31,SKU113,264,2497.5
SO303SKU114,2025-10-31,SKU114,176,1300.0
SO303SKU115,2025-10-31,SKU115,212,866.25
SO303SKU116,2025-10-31,SKU116,220,491.25
SO303SKU117,2025-10-31,SKU117,367,2353.75
SO303SKU118,2025-10-31,SKU118,496,578.75
SO303SKU119,2025-10-31,SKU119,295,632.5
SO303SKU120,2025-10-31,SKU120,372,1086.25
SO303SKU121,2025-10-31,SKU121,251,2001.25
SO303SKU122,2025-10-31,SKU122,495,791.25
SO303SKU123,2025-10-31,SKU123,225,1283.75
SO303SKU124,2025-10-31,SKU124,374,2090.0
SO303SKU125,2025-10-31,SKU125,123,2171.25
SO303SKU126,2025-10-31,SKU126,436,1933.75
SO303SKU127,2025-10-31,SKU127,302,1741.25
SO303SKU128,2025-10-31,SKU128,336,792.5
SO303SKU129,2025-10-31,SKU129,292,1346.25
SO304SKU100,2025-11-01,SKU100,573,2161.25
SO304SKU101,2025-11-01,SKU101,253,1245.0
SO304SKU102,2025-11-01,SKU102,299,772.5
SO304SKU103,2025-11-01,SKU103,444,2328.75
SO304SKU104,2025-11-01,SKU104,139,636.25
SO304SKU105,2025-11-01,SKU105,429,1347.5
SO304SKU106,2025-11-01,SKU106,579,1293.75
SO304SKU107,2025-11-01,SKU107,560,1920.0
SO304SKU108,2025-11-01,SKU108,159,2440.0
SO304SKU109,2025-11-01,SKU109,294,2242.5
SO304SKU110,2025-11-01,SKU110,494,1747.5
SO304SKU111,2025-11-01,SKU111,306,1343.75
SO304SKU112,2025-11-01,SKU112,548,1787.5
SO304SKU113,2025-11-01,SKU113,600,2497.5
SO304SKU114,2025-11-01,SKU114,669,1300.0
SO304SKU115,2025-11-01,SKU115,255,866.25
SO304SKU116,2025-11-01,SKU116,666,491.25
SO304SKU117,2025-11-01,SKU117,387,2353.75
SO304SKU118,2025-11-01,SKU118,193,578.75
SO304SKU119,2025-11-01,SKU119,202,632.5
SO304SKU120,2025-11-01,SKU120,297,1086.25
SO304SKU121,2025-11-01,SKU121,174,2001.25
SO304SKU122,2025-11-01,SKU122,494,791.25
SO304SKU123,2025-11-01,SKU123,152,1283.75
SO304SKU124,2025-11-01,SKU124,573,2090.0
SO304SKU125,2025-11-01,SKU125,157,2171.25
SO304SKU126,2025-11-01,SKU126,610,1933.75
SO304SKU127,2025-11-01,SKU127,190,1741.25
SO304SKU128,2025-11-01,SKU128,283,792.5
SO304SKU129,2025-11-01,SKU129,178,1346.25
SO305SKU100,2025-11-02,SKU100,606,2161.25
SO305SKU101,2025-11-02,SKU101,573,1245.0
SO305SKU102,2025-11-02,SKU102,423,772.5
SO305SKU103,2025-11-02,SKU103,494,2328.75
SO305SKU104,2025-11-02,SKU104,342,636.25
SO305SKU105,2025-11-02,SKU105,172,1347.5
SO305SKU106,2025-11-02,SKU106,639,1293.75
SO305SKU107,2025-11-02,SKU107,220,1920.0
SO305SKU108,2025-11-02,SKU108,502,2440.0
SO305SKU109,2025-11-02,SKU109,390,2242.5
SO305SKU110,2025-11-02,SKU110,120,1747.5
SO305SKU111,2025-11-02,SKU111,604,1343.75
SO305SKU112,2025-11-02,SKU112,502,1787.5
SO305SKU113,2025-11-02,SKU113,151,2497.5
SO305SKU114,2025-11-02,SKU114,569,1300.0
SO305SKU115,2025-11-02,SKU115,603,866.25
SO305SKU116,2025-11-02,SKU116,579,491.25
SO305SKU117,2025-11-02,SKU117,630,2353.75
SO305SKU118,2025-11-02,SKU118,139,578.75
SO305SKU119,2025-11-02,SKU119,643,632.5
SO305SKU120,2025-11-02,SKU120,626,1086.25
SO305SKU121,2025-11-02,SKU121,635,2001.25
SO305SKU122,2025-11-02,SKU122,221,791.25
SO305SKU123,2025-11-02,SKU123,502,1283.75
SO305SKU124,2025-11-02,SKU124,295,2090.0
SO305SKU125,2025-11-02,SKU125,572,2171.25
SO305SKU126,2025-11-02,SKU126,606,1933.75
SO305SKU127,2025-11-02,SKU127,390,1741.25
SO305SKU128,2025-11-02,SKU128,390,792.5
SO305SKU129,2025-11-02,SKU129,305,1346.25
SO306SKU100,2025-11-03,SKU100,513,2161.25
SO306SKU101,2025-11-03,SKU101,349,1245.0
SO306SKU102,2025-11-03,SKU102,319,772.5
SO306SKU103,2025-11-03,SKU103,210,2328.75
SO306SKU104,2025-11-03,SKU104,382,636.25
SO306SKU105,2025-11-03,SKU105,256,1347.5
SO306SKU106,2025-11-03,SKU106,565,1293.75
SO306SKU107,2025-11-03,SKU107,225,1920.0
SO306SKU108,2025-11-03,SKU108,413,2440.0
SO306SKU109,2025-11-03,SKU109,602,2242.5
SO306SKU110,2025-11-03,SKU110,642,1747.5
SO306SKU111,2025-11-03,SKU111,371,1343.75
SO306SKU112,2025-11-03,SKU112,463,1787.5
SO306SKU113,2025-11-03,SKU113,295,2497.5
SO306SKU114,2025-11-03,SKU114,361,1300.0
SO306SKU115,2025-11-03,SKU115,492,866.25
SO306SKU116,2025-11-03,SKU116,517,491.25
SO306SKU117,2025-11-03,SKU117,658,2353.75
SO306SKU118,2025-11-03,SKU118,607,578.75
SO306SKU119,2025-11-03,SKU119,251,632.5
SO306SKU120,2025-11-03,SKU120,267,1086.25
SO306SKU121,2025-11-03,SKU121,210,2001.25
SO306SKU122,2025-11-03,SKU122,383,791.25
SO306SKU123,2025-11-03,SKU123,429,1283.75
SO306SKU124,2025-11-03,SKU124,573,2090.0
SO306SKU125,2025-11-03,SKU125,507,2171.25
SO306SKU126,2025-11-03,SKU126,666,1933.75
SO306SKU127,2025-11-03,SKU127,637,1741.25
SO306SKU128,2025-11-03,SKU128,144,792.5
SO306SKU129,2025-11-03,SKU129,322,1346.25
SO307SKU100,2025-11-04,SKU100,360,2161.25
SO307SKU101,2025-11-04,SKU101,356,1245.0
SO307SKU102,2025-11-04,SKU102,116,772.5
SO307SKU103,2025-11-04,SKU103,176,2328.75
SO307SKU104,2025-11-04,SKU104,540,636.25
SO307SKU105,2025-11-04,SKU105,186,1347.5
SO307SKU106,2025-11-04,SKU106,562,1293.75
SO307SKU107,2025-11-04,SKU107,558,1920.0
SO307SKU108,2025-11-04,SKU108,595,2440.0
SO307SKU109,2025-11-04,SKU109,584,2242.5
SO307SKU110,2025-11-04,SKU110,567,1747.5
SO307SKU111,2025-11-04,SKU111,535,1343.75
SO307SKU112,2025-11-04,SKU112,128,1787.5
SO307SKU113,2025-11-04,SKU113,542,2497.5
SO307SKU114,2025-11-04,SKU114,523,1300.0
SO307SKU115,2025-11-04,SKU115,533,866.25
SO307SKU116,2025-11-04,SKU116,471,491.25
SO307SKU117,2025-11-04,SKU117,662,2353.75
SO307SKU118,2025-11-04,SKU118,422,578.75
SO307SKU119,2025-11-04,SKU119,575,632.5
SO307SKU120,2025-11-04,SKU120,253,1086.25
SO307SKU121,2025-11-04,SKU121,271,2001.25
SO307SKU122,2025-11-04,SKU122,365,791.25
SO307SKU123,2025-11-04,SKU123,345,1283.75
SO307SKU124,2025-11-04,SKU124,580,2090.0
SO307SKU125,2025-11-04,SKU125,114,2171.25
SO307SKU126,2025-11-04,SKU126,616,1933.75
SO307SKU127,2025-11-04,SKU127,571,1741.25
SO307SKU128,2025-11-04,SKU128,423,792.5
SO307SKU129,2025-11-04,SKU129,395,1346.25
SO308SKU100,2025-11-05,SKU100,432,2161.25
SO308SKU101,2025-11-05,SKU101,332,1245.0
SO308SKU102,2025-11-05,SKU102,575,772.5
SO308SKU103,2025-11-05,SKU103,575,2328.75
SO308SKU104,2025-11-05,SKU104,525,636.25
SO308SKU105,2025-11-05,SKU105,519,1347.5
SO308SKU106,2025-11-05,SKU106,496,1293.75
SO308SKU107,2025-11-05,SKU107,394,1920.0
SO308SKU108,2025-11-05,SKU108,361,2440.0
SO308SKU109,2025-11-05,SKU109,461,2242.5
SO308SKU110,2025-11-05,SKU110,210,1747.5
SO308SKU111,2025-11-05,SKU111,565,1343.75
SO308SKU112,2025-11-05,SKU112,248,1787.5
SO308SKU113,2025-11-05,SKU113,579,2497.5
SO308SKU114,2025-11-05,SKU114,615,1300.0
SO308SKU115,2025-11-05,SKU115,604,866.25
SO308SKU116,2025-11-05,SKU116,611,491.25
SO308SKU117,2025-11-05,SKU117,292,2353.75
SO308SKU118,2025-11-05,SKU118,402,578.75
SO308SKU119,2025-11-05,SKU119,174,632.5
SO308SKU120,2025-11-05,SKU120,114,1086.25
SO308SKU121,2025-11-05,SKU121,380,2001.25
SO308SKU122,2025-11-05,SKU122,623,791.25
SO308SKU123,2025-11-05,SKU123,392,1283.75
SO308SKU124,2025-11-05,SKU124,638,2090.0
SO308SKU125,2025-11-05,SKU125,584,2171.25
SO308SKU126,2025-11-05,SKU126,353,1933.75
SO308SKU127,2025-11-05,SKU127,301,1741.25
SO308SKU128,2025-11-05,SKU128,147,792.5
SO308SKU129,2025-11-05,SKU129,122,1346.25
SO309SKU100,2025-11-06,SKU100,504,2161.25
SO309SKU101,2025-11-06,SKU101,448,1245.0
SO309SKU102,2025-11-06,SKU102,480,772.5
SO309SKU103,2025-11-06,SKU103,147,2328.75
SO309SKU104,2025-11-06,SKU104,197,636.25
SO309SKU105,2025-11-06,SKU105,562,1347.5
SO309SKU106,2025-11-06,SKU106,167,1293.75
SO309SKU107,2025-11-06,SKU107,660,1920.0
SO309SKU108,2025-11-06,SKU108,413,2440.0
SO309SKU109,2025-11-06,SKU109,627,2242.5
SO309SKU110,2025-11-06,SKU110,297,1747.5
SO309SKU111,2025-11-06,SKU111,137,1343.75
SO309SKU112,2025-11-06,SKU112,328,1787.5
SO309SKU113,2025-11-06,SKU113,380,2497.5
SO309SKU114,2025-11-06,SKU114,210,1300.0
SO309SKU115,2025-11-06,SKU115,502,866.25
SO309SKU116,2025-11-06,SKU116,301,491.25
SO309SKU117,2025-11-06,SKU117,549,2353.75
SO309SKU118,2025-11-06,SKU118,642,578.75
SO309SKU119,2025-11-06,SKU119,472,632.5
SO309SKU120,2025-11-06,SKU120,184,1086.25
SO309SKU121,2025-11-06,SKU121,353,2001.25
SO309SKU122,2025-11-06,SKU122,419,791.25
SO309SKU123,2025-11-06,SKU123,139,1283.75
SO309SKU124,2025-11-06,SKU124,537,2090.0
SO309SKU125,2025-11-06,SKU125,314,2171.25
SO309SKU126,2025-11-06,SKU126,437,1933.75
SO309SKU127,2025-11-06,SKU127,425,1741.25
SO309SKU128,2025-11-06,SKU128,561,792.5
SO309SKU129,2025-11-06,SKU129,163,1346.25
SO310SKU100,2025-11-07,SKU100,136,2161.25
SO310SKU101,2025-11-07,SKU101,324,1245.0
SO310SKU102,2025-11-07,SKU102,256,772.5
SO310SKU103,2025-11-07,SKU103,600,2328.75
SO310SKU104,2025-11-07,SKU104,176,636.25
SO310SKU105,2025-11-07,SKU105,325,1347.5
SO310SKU106,2025-11-07,SKU106,513,1293.75
SO310SKU107,2025-11-07,SKU107,653,1920.0
SO310SKU108,2025-11-07,SKU108,128,2440.0
SO310SKU109,2025-11-07,SKU109,352,2242.5
SO310SKU110,2025-11-07,SKU110,171,1747.5
SO310SKU111,2025-11-07,SKU111,373,1343.75
SO310SKU112,2025-11-07,SKU112,170,1787.5
SO310SKU113,2025-11-07,SKU113,639,2497.5
SO310SKU114,2025-11-07,SKU114,384,1300.0
SO310SKU115,2025-11-07,SKU115,132,866.25
SO310SKU116,2025-11-07,SKU116,504,491.25
SO310SKU117,2025-11-07,SKU117,517,2353.75
SO310SKU118,2025-11-07,SKU118,475,578.75
SO310SKU119,2025-11-07,SKU119,657,632.5
SO310SKU120,2025-11-07,SKU120,112,1086.25
SO310SKU121,2025-11-07,SKU121,529,2001.25
SO310SKU122,2025-11-07,SKU122,248,791.25
SO310SKU123,2025-11-07,SKU123,602,1283.75
SO310SKU124,2025-11-07,SKU124,446,2090.0
SO310SKU125,2025-11-07,SKU125,522,2171.25
SO310SKU126,2025-11-07,SKU126,259,1933.75
SO310SKU127,2025-11-07,SKU127,634,1741.25
SO310SKU128,2025-11-07,SKU128,220,792.5
SO310SKU129,2025-11-07,SKU129,641,1346.25
SO311SKU100,2025-11-08,SKU100,375,2161.25
SO311SKU101,2025-11-08,SKU101,232,1245.0
SO311SKU102,2025-11-08,SKU102,606,772.5
SO311SKU103,2025-11-08,SKU103,148,2328.75
SO311SKU104,2025-11-08,SKU104,363,636.25
SO311SKU105,2025-11-08,SKU105,446,1347.5
SO311SKU106,2025-11-08,SKU106,189,1293.75
SO311SKU107,2025-11-08,SKU107,552,1920.0
SO311SKU108,2025-11-08,SKU108,191,2440.0
SO311SKU109,2025-11-08,SKU109,569,2242.5
SO311SKU110,2025-11-08,SKU110,576,1747.5
SO311SKU111,2025-11-08,SKU111,260,1343.75
SO311SKU112,2025-11-08,SKU112,353,1787.5
SO311SKU113,2025-11-08,SKU113,638,2497.5
SO311SKU114,2025-11-08,SKU114,201,1300.0
SO311SKU115,2025-11-08,SKU115,186,866.25
SO311SKU116,2025-11-08,SKU116,522,491.25
SO311SKU117,2025-11-08,SKU117,456,2353.75
SO311SKU118,2025-11-08,SKU118,121,578.75
SO311SKU119,2025-11-08,SKU119,545,632.5
SO311SKU120,2025-11-08,SKU120,486,1086.25
SO311SKU121,2025-11-08,SKU121,128,2001.25
SO311SKU122,2025-11-08,SKU122,205,791.25
SO311SKU123,2025-11-08,SKU123,399,1283.75
SO311SKU124,2025-11-08,SKU124,650,2090.0
SO311SKU125,2025-11-08,SKU125,583,2171.25
SO311SKU126,2025-11-08,SKU126,283,1933.75
SO311SKU127,2025-11-08,SKU127,136,1741.25
SO311SKU128,2025-11-08,SKU128,585,792.5
SO311SKU129,2025-11-08,SKU129,133,1346.25
SO312SKU100,2025-11-09,SKU100,198,2161.25
SO312SKU101,2025-11-09,SKU101,342,1245.0
SO312SKU102,2025-11-09,SKU102,259,772.5
SO312SKU103,2025-11-09,SKU103,348,2328.75
SO312SKU104,2025-11-09,SKU104,286,636.25
SO312SKU105,2025-11-09,SKU105,318,1347.5
SO312SKU106,2025-11-09,SKU106,118,1293.75
SO312SKU107,2025-11-09,SKU107,557,1920.0
SO312SKU108,2025-11-09,SKU108,325,2440.0
SO312SKU109,2025-11-09,SKU109,541,2242.5
SO312SKU110,2025-11-09,SKU110,627,1747.5
SO312SKU111,2025-11-09,SKU111,522,1343.75
SO312SKU112,2025-11-09,SKU112,174,1787.5
SO312SKU113,2025-11-09,SKU113,203,2497.5
SO312SKU114,2025-11-09,SKU114,193,1300.0
SO312SKU115,2025-11-09,SKU115,599,866.25
SO312SKU116,2025-11-09,SKU116,510,491.25
SO312SKU117,2025-11-09,SKU117,581,2353.75
SO312SKU118,2025-11-09,SKU118,415,578.75
SO312SKU119,2025-11-09,SKU119,631,632.5
SO312SKU120,2025-11-09,SKU120,604,1086.25
SO312SKU121,2025-11-09,SKU121,638,2001.25
SO312SKU122,2025-11-09,SKU122,195,791.25
SO312SKU123,2025-11-09,SKU123,486,1283.75
SO312SKU124,2025-11-09,SKU124,573,2090.0
SO312SKU125,2025-11-09,SKU125,193,2171.25
SO312SKU126,2025-11-09,SKU126,450,1933.75
SO312SKU127,2025-11-09,SKU127,137,1741.25
SO312SKU128,2025-11-09,SKU128,450,792.5
SO312SKU129,2025-11-09,SKU129,603,1346.25
SO313SKU100,2025-11-10,SKU100,522,2161.25
SO313SKU101,2025-11-10,SKU101,232,1245.0
SO313SKU102,2025-11-10,SKU102,641,772.5
SO313SKU103,2025-11-10,SKU103,612,2328.75
SO313SKU104,2025-11-10,SKU104,637,636.25
SO313SKU105,2025-11-10,SKU105,463,1347.5
SO313SKU106,2025-11-10,SKU106,334,1293.75
SO313SKU107,2025-11-10,SKU107,306,1920.0
SO313SKU108,2025-11-10,SKU108,194,2440.0
SO313SKU109,2025-11-10,SKU109,112,2242.5
SO313SKU110,2025-11-10,SKU110,507,1747.5
SO313SKU111,2025-11-10,SKU111,622,1343.75
SO313SKU112,2025-11-10,SKU112,669,1787.5
SO313SKU113,2025-11-10,SKU113,658,2497.5
SO313SKU114,2025-11-10,SKU114,479,1300.0
SO313SKU115,2025-11-10,SKU115,260,866.25
SO313SKU116,2025-11-10,SKU116,546,491.25
SO313SKU117,2025-11-10,SKU117,634,2353.75
SO313SKU118,2025-11-10,SKU118,317,578.75
SO313SKU119,2025-11-10,SKU119,186,632.5
SO313SKU120,2025-11-10,SKU120,264,1086.25
SO313SKU121,2025-11-10,SKU121,498,2001.25
SO313SKU122,2025-11-10,SKU122,163,791.25
SO313SKU123,2025-11-10,SKU123,136,1283.75
SO313SKU124,2025-11-10,SKU124,211,2090.0
SO313SKU125,2025-11-10,SKU125,345,2171.25
SO313SKU126,2025-11-10,SKU126,533,1933.75
SO313SKU127,2025-11-10,SKU127,257,1741.25
SO313SKU128,2025-11-10,SKU128,434,792.5
SO313SKU129,2025-11-10,SKU129,346,1346.25
SO314SKU100,2025-11-11,SKU100,247,2161.25
SO314SKU101,2025-11-11,SKU101,429,1245.0
SO314SKU102,2025-11-11,SKU102,630,772.5
SO314SKU103,2025-11-11,SKU103,139,2328.75
SO314SKU104,2025-11-11,SKU104,360,636.25
SO314SKU105,2025-11-11,SKU105,236,1347.5
SO314SKU106,2025-11-11,SKU106,112,1293.75
SO314SKU107,2025-11-11,SKU107,434,1920.0
SO314SKU108,2025-11-11,SKU108,137,2440.0
SO314SKU109,2025-11-11,SKU109,449,2242.5
SO314SKU110,2025-11-11,SKU110,453,1747.5
SO314SKU111,2025-11-11,SKU111,197,1343.75
SO314SKU112,2025-11-11,SKU112,251,1787.5
SO314SKU113,2025-11-11,SKU113,376,2497.5
SO314SKU114,2025-11-11,SKU114,178,1300.0
SO314SKU115,2025-11-11,SKU115,380,866.25
SO314SKU116,2025-11-11,SKU116,130,491.25
SO314SKU117,2025-11-11,SKU117,164,2353.75
SO314SKU118,2025-11-11,SKU118,109,578.75
SO314SKU119,2025-11-11,SKU119,664,632.5
SO314SKU120,2025-11-11,SKU120,305,1086.25
SO314SKU121,2025-11-11,SKU121,519,2001.25
SO314SKU122,2025-11-11,SKU122,596,791.25
SO314SKU123,2025-11-11,SKU123,248,1283.75
SO314SKU124,2025-11-11,SKU124,530,2090.0
SO314SKU125,2025-11-11,SKU125,191,2171.25
SO314SKU126,2025-11-11,SKU126,264,1933.75
SO314SKU127,2025-11-11,SKU127,508,1741.25
SO314SKU128,2025-11-11,SKU128,406,792.5
SO314SKU129,2025-11-11,SKU129,171,1346.25
SO315SKU100,2025-11-12,SKU100,171,2161.25
SO315SKU101,2025-11-12,SKU101,386,1245.0
SO315SKU102,2025-11-12,SKU102,666,772.5
SO315SKU103,2025-11-12,SKU103,503,2328.75
SO315SKU104,2025-11-12,SKU104,283,636.25
SO315SKU105,2025-11-12,SKU105,259,1347.5
SO315SKU106,2025-11-12,SKU106,306,1293.75
SO315SKU107,2025-11-12,SKU107,252,1920.0
SO315SKU108,2025-11-12,SKU108,236,2440.0
SO315SKU109,2025-11-12,SKU109,290,2242.5
SO315SKU110,2025-11-12,SKU110,307,1747.5
SO315SKU111,2025-11-12,SKU111,322,1343.75
SO315SKU112,2025-11-12,SKU112,469,1787.5
SO315SKU113,2025-11-12,SKU113,427,2497.5
SO315SKU114,2025-11-12,SKU114,450,1300.0
SO315SKU115,2025-11-12,SKU115,260,866.25
SO315SKU116,2025-11-12,SKU116,634,491.25
SO315SKU117,2025-11-12,SKU117,572,2353.75
SO315SKU118,2025-11-12,SKU118,203,578.75
SO315SKU119,2025-11-12,SKU119,214,632.5
SO315SKU120,2025-11-12,SKU120,581,1086.25
SO315SKU121,2025-11-12,SKU121,508,2001.25
SO315SKU122,2025-11-12,SKU122,454,791.25
SO315SKU123,2025-11-12,SKU123,440,1283.75
SO315SKU124,2025-11-12,SKU124,411,2090.0
SO315SKU125,2025-11-12,SKU125,653,2171.25
SO315SKU126,2025-11-12,SKU126,114,1933.75
SO315SKU127,2025-11-12,SKU127,356,1741.25
SO315SKU128,2025-11-12,SKU128,222,792.5
SO315SKU129,2025-11-12,SKU129,384,1346.25
SO316SKU100,2025-11-13,SKU100,184,2161.25
SO316SKU101,2025-11-13,SKU101,658,1245.0
SO316SKU102,2025-11-13,SKU102,287,772.5
SO316SKU103,2025-11-13,SKU103,376,2328.75
SO316SKU104,2025-11-13,SKU104,579,636.25
SO316SKU105,2025-11-13,SKU105,319,1347.5
SO316SKU106,2025-11-13,SKU106,263,1293.75
SO316SKU107,2025-11-13,SKU107,472,1920.0
SO316SKU108,2025-11-13,SKU108,610,2440.0
SO316SKU109,2025-11-13,SKU109,357,2242.5
SO316SKU110,2025-11-13,SKU110,540,1747.5
SO316SKU111,2025-11-13,SKU111,286,1343.75
SO316SKU112,2025-11-13,SKU112,452,1787.5
SO316SKU113,2025-11-13,SKU113,179,2497.5
SO316SKU114,2025-11-13,SKU114,583,1300.0
SO316SKU115,2025-11-13,SKU115,229,866.25
SO316SKU116,2025-11-13,SKU116,467,491.25
SO316SKU117,2025-11-13,SKU117,499,2353.75
SO316SKU118,2025-11-13,SKU118,156,578.75
SO316SKU119,2025-11-13,SKU119,442,632.5
SO316SKU120,2025-11-13,SKU120,511,1086.25
SO316SKU121,2025-11-13,SKU121,486,2001.25
SO316SKU122,2025-11-13,SKU122,406,791.25
SO316SKU123,2025-11-13,SKU123,245,1283.75
SO316SKU124,2025-11-13,SKU124,668,2090.0
SO316SKU125,2025-11-13,SKU125,359,2171.25
SO316SKU126,2025-11-13,SKU126,159,1933.75
SO316SKU127,2025-11-13,SKU127,338,1741.25
SO316SKU128,2025-11-13,SKU128,302,792.5
SO316SKU129,2025-11-13,SKU129,280,1346.25
SO317SKU100,2025-11-14,SKU100,594,2161.25
SO317SKU101,2025-11-14,SKU101,541,1245.0
SO317SKU102,2025-11-14,SKU102,502,772.5
SO317SKU103,2025-11-14,SKU103,440,2328.75
SO317SKU104,2025-11-14,SKU104,125,636.25
SO317SKU105,2025-11-14,SKU105,503,1347.5
SO317SKU106,2025-11-14,SKU106,375,1293.75
SO317SKU107,2025-11-14,SKU107,573,1920.0
SO317SKU108,2025-11-14,SKU108,232,2440.0
SO317SKU109,2025-11-14,SKU109,406,2242.5
SO317SKU110,2025-11-14,SKU110,147,1747.5
SO317SKU111,2025-11-14,SKU111,498,1343.75
SO317SKU112,2025-11-14,SKU112,291,1787.5
SO317SKU113,2025-11-14,SKU113,179,2497.5
SO317SKU114,2025-11-14,SKU114,357,1300.0
SO317SKU115,2025-11-14,SKU115,243,866.25
SO317SKU116,2025-11-14,SKU116,112,491.25
SO317SKU117,2025-11-14,SKU117,319,2353.75
SO317SKU118,2025-11-14,SKU118,429,578.75
SO317SKU119,2025-11-14,SKU119,665,632.5
SO317SKU120,2025-11-14,SKU120,672,1086.25
SO317SKU121,2025-11-14,SKU121,342,2001.25
SO317SKU122,2025-11-14,SKU122,477,791.25
SO317SKU123,2025-11-14,SKU123,398,1283.75
SO317SKU124,2025-11-14,SKU124,630,2090.0
SO317SKU125,2025-11-14,SKU125,434,2171.25
SO317SKU126,2025-11-14,SKU126,368,1933.75
SO317SKU127,2025-11-14,SKU127,672,1741.25
SO317SKU128,2025-11-14,SKU128,253,792.5
SO317SKU129,2025-11-14,SKU129,391,1346.25
SO318SKU100,2025-11-15,SKU100,615,2161.25
SO318SKU101,2025-11-15,SKU101,619,1245.0
SO318SKU102,2025-11-15,SKU102,673,772.5
SO318SKU103,2025-11-15,SKU103,622,2328.75
SO318SKU104,2025-11-15,SKU104,541,636.25
SO318SKU105,2025-11-15,SKU105,413,1347.5
SO318SKU106,2025-11-15,SKU106,132,1293.75
SO318SKU107,2025-11-15,SKU107,124,1920.0
SO318SKU108,2025-11-15,SKU108,449,2440.0
SO318SKU109,2025-11-15,SKU109,494,2242.5
SO318SKU110,2025-11-15,SKU110,623,1747.5
SO318SKU111,2025-11-15,SKU111,264,1343.75
SO318SKU112,2025-11-15,SKU112,125,1787.5
SO318SKU113,2025-11-15,SKU113,490,2497.5
SO318SKU114,2025-11-15,SKU114,440,1300.0
SO318SKU115,2025-11-15,SKU115,475,866.25
SO318SKU116,2025-11-15,SKU116,364,491.25
SO318SKU117,2025-11-15,SKU117,236,2353.75
SO318SKU118,2025-11-15,SKU118,388,578.75
SO318SKU119,2025-11-15,SKU119,469,632.5
SO318SKU120,2025-11-15,SKU120,646,1086.25
SO318SKU121,2025-11-15,SKU121,252,2001.25
SO318SKU122,2025-11-15,SKU122,351,791.25
SO318SKU123,2025-11-15,SKU123,229,1283.75
SO318SKU124,2025-11-15,SKU124,128,2090.0
SO318SKU125,2025-11-15,SKU125,616,2171.25
SO318SKU126,2025-11-15,SKU126,464,1933.75
SO318SKU127,2025-11-15,SKU127,544,1741.25
SO318SKU128,2025-11-15,SKU128,309,792.5
SO318SKU129,2025-11-15,SKU129,554,1346.25
SO319SKU100,2025-11-16,SKU100,338,2161.25
SO319SKU101,2025-11-16,SKU101,631,1245.0
SO319SKU102,2025-11-16,SKU102,168,772.5
SO319SKU103,2025-11-16,SKU103,409,2328.75
SO319SKU104,2025-11-16,SKU104,579,636.25
SO319SKU105,2025-11-16,SKU105,378,1347.5
SO319SKU106,2025-11-16,SKU106,517,1293.75
SO319SKU107,2025-11-16,SKU107,545,1920.0
SO319SKU108,2025-11-16,SKU108,270,2440.0
SO319SKU109,2025-11-16,SKU109,167,2242.5
SO319SKU110,2025-11-16,SKU110,329,1747.5
SO319SKU111,2025-11-16,SKU111,294,1343.75
SO319SKU112,2025-11-16,SKU112,515,1787.5
SO319SKU113,2025-11-16,SKU113,665,2497.5
SO319SKU114,2025-11-16,SKU114,638,1300.0
SO319SKU115,2025-11-16,SKU115,129,866.25
SO319SKU116,2025-11-16,SKU116,608,491.25
SO319SKU117,2025-11-16,SKU117,338,2353.75
SO319SKU118,2025-11-16,SKU118,440,578.75
SO319SKU119,2025-11-16,SKU119,577,632.5
SO319SKU120,2025-11-16,SKU120,233,1086.25
SO319SKU121,2025-11-16,SKU121,172,2001.25
SO319SKU122,2025-11-16,SKU122,195,791.25
SO319SKU123,2025-11-16,SKU123,359,1283.75
SO319SKU124,2025-11-16,SKU124,313,2090.0
SO319SKU125,2025-11-16,SKU125,616,2171.25
SO319SKU126,2025-11-16,SKU126,391,1933.75
SO319SKU127,2025-11-16,SKU127,338,1741.25
SO319SKU128,2025-11-16,SKU128,114,792.5
SO319SKU129,2025-11-16,SKU129,137,1346.25
SO320SKU100,2025-11-17,SKU100,612,2161.25
SO320SKU101,2025-11-17,SKU101,114,1245.0
SO320SKU102,2025-11-17,SKU102,638,772.5
SO320SKU103,2025-11-17,SKU103,334,2328.75
SO320SKU104,2025-11-17,SKU104,112,636.25
SO320SKU105,2025-11-17,SKU105,197,1347.5
SO320SKU106,2025-11-17,SKU106,531,1293.75
SO320SKU107,2025-11-17,SKU107,419,1920.0
SO320SKU108,2025-11-17,SKU108,654,2440.0
SO320SKU109,2025-11-17,SKU109,284,2242.5
SO320SKU110,2025-11-17,SKU110,448,1747.5
SO320SKU111,2025-11-17,SKU111,538,1343.75
SO320SKU112,2025-11-17,SKU112,287,1787.5
SO320SKU113,2025-11-17,SKU113,495,2497.5
SO320SKU114,2025-11-17,SKU114,513,1300.0
SO320SKU115,2025-11-17,SKU115,540,866.25
SO320SKU116,2025-11-17,SKU116,364,491.25
SO320SKU117,2025-11-17,SKU117,344,2353.75
SO320SKU118,2025-11-17,SKU118,646,578.75
SO320SKU119,2025-11-17,SKU119,217,632.5
SO320SKU120,2025-11-17,SKU120,197,1086.25
SO320SKU121,2025-11-17,SKU121,537,2001.25
SO320SKU122,2025-11-17,SKU122,121,791.25
SO320SKU123,2025-11-17,SKU123,276,1283.75
SO320SKU124,2025-11-17,SKU124,290,2090.0
SO320SKU125,2025-11-17,SKU125,411,2171.25
SO320SKU126,2025-11-17,SKU126,662,1933.75
SO320SKU127,2025-11-17,SKU127,232,1741.25
SO320SKU128,2025-11-17,SKU128,220,792.5
SO320SKU129,2025-11-17,SKU129,541,1346.25
SO321SKU100,2025-11-18,SKU100,194,2161.25
SO321SKU101,2025-11-18,SKU101,472,1245.0
SO321SKU102,2025-11-18,SKU102,499,772.5
SO321SKU103,2025-11-18,SKU103,346,2328.75
SO321SKU104,2025-11-18,SKU104,417,636.25
SO321SKU105,2025-11-18,SKU105,414,1347.5
SO321SKU106,2025-11-18,SKU106,415,1293.75
SO321SKU107,2025-11-18,SKU107,471,1920.0
SO321SKU108,2025-11-18,SKU108,602,2440.0
SO321SKU109,2025-11-18,SKU109,271,2242.5
SO321SKU110,2025-11-18,SKU110,166,1747.5
SO321SKU111,2025-11-18,SKU111,576,1343.75
SO321SKU112,2025-11-18,SKU112,202,1787.5
SO321SKU113,2025-11-18,SKU113,198,2497.5
SO321SKU114,2025-11-18,SKU114,344,1300.0
SO321SKU115,2025-11-18,SKU115,554,866.25
SO321SKU116,2025-11-18,SKU116,472,491.25
SO321SKU117,2025-11-18,SKU117,162,2353.75
SO321SKU118,2025-11-18,SKU118,136,578.75
SO321SKU119,2025-11-18,SKU119,504,632.5
SO321SKU120,2025-11-18,SKU120,535,1086.25
SO321SKU121,2025-11-18,SKU121,619,2001.25
SO321SKU122,2025-11-18,SKU122,573,791.25
SO321SKU123,2025-11-18,SKU123,596,1283.75
SO321SKU124,2025-11-18,SKU124,302,2090.0
SO321SKU125,2025-11-18,SKU125,600,2171.25
SO321SKU126,2025-11-18,SKU126,460,1933.75
SO321SKU127,2025-11-18,SKU127,306,1741.25
SO321SKU128,2025-11-18,SKU128,271,792.5
SO321SKU129,2025-11-18,SKU129,392,1346.25
SO322SKU100,2025-11-19,SKU100,643,2161.25
SO322SKU101,2025-11-19,SKU101,419,1245.0
SO322SKU102,2025-11-19,SKU102,364,772.5
SO322SKU103,2025-11-19,SKU103,303,2328.75
SO322SKU104,2025-11-19,SKU104,257,636.25
SO322SKU105,2025-11-19,SKU105,306,1347.5
SO322SKU106,2025-11-19,SKU106,519,1293.75
SO322SKU107,2025-11-19,SKU107,448,1920.0
SO322SKU108,2025-11-19,SKU108,336,2440.0
SO322SKU109,2025-11-19,SKU109,486,2242.5
SO322SKU110,2025-11-19,SKU110,616,1747.5
SO322SKU111,2025-11-19,SKU111,604,1343.75
SO322SKU112,2025-11-19,SKU112,402,1787.5
SO322SKU113,2025-11-19,SKU113,342,2497.5
SO322SKU114,2025-11-19,SKU114,445,1300.0
SO322SKU115,2025-11-19,SKU115,513,866.25
SO322SKU116,2025-11-19,SKU116,224,491.25
SO322SKU117,2025-11-19,SKU117,288,2353.75
SO322SKU118,2025-11-19,SKU118,315,578.75
SO322SKU119,2025-11-19,SKU119,643,632.5
SO322SKU120,2025-11-19,SKU120,576,1086.25
SO322SKU121,2025-11-19,SKU121,664,2001.25
SO322SKU122,2025-11-19,SKU122,361,791.25
SO322SKU123,2025-11-19,SKU123,247,1283.75
SO322SKU124,2025-11-19,SKU124,548,2090.0
SO322SKU125,2025-11-19,SKU125,302,2171.25
SO322SKU126,2025-11-19,SKU126,274,1933.75
SO322SKU127,2025-11-19,SKU127,537,1741.25
SO322SKU128,2025-11-19,SKU128,407,792.5
SO322SKU129,2025-11-19,SKU129,492,1346.25
SO323SKU100,2025-11-20,SKU100,395,2161.25
SO323SKU101,2025-11-20,SKU101,245,1245.0
SO323SKU102,2025-11-20,SKU102,334,772.5
SO323SKU103,2025-11-20,SKU103,637,2328.75
SO323SKU104,2025-11-20,SKU104,507,636.25
SO323SKU105,2025-11-20,SKU105,378,1347.5
SO323SKU106,2025-11-20,SKU106,533,1293.75
SO323SKU107,2025-11-20,SKU107,155,1920.0
SO323SKU108,2025-11-20,SKU108,469,2440.0
SO323SKU109,2025-11-20,SKU109,484,2242.5
SO323SKU110,2025-11-20,SKU110,168,1747.5
SO323SKU111,2025-11-20,SKU111,634,1343.75
SO323SKU112,2025-11-20,SKU112,171,1787.5
SO323SKU113,2025-11-20,SKU113,137,2497.5
SO323SKU114,2025-11-20,SKU114,129,1300.0
SO323SKU115,2025-11-20,SKU115,576,866.25
SO323SKU116,2025-11-20,SKU116,502,491.25
SO323SKU117,2025-11-20,SKU117,136,2353.75
SO323SKU118,2025-11-20,SKU118,569,578.75
SO323SKU119,2025-11-20,SKU119,546,632.5
SO323SKU120,2025-11-20,SKU120,560,1086.25
SO323SKU121,2025-11-20,SKU121,475,2001.25
SO323SKU122,2025-11-20,SKU122,303,791.25
SO323SKU123,2025-11-20,SKU123,175,1283.75
SO323SKU124,2025-11-20,SKU124,419,2090.0
SO323SKU125,2025-11-20,SKU125,295,2171.25
SO323SKU126,2025-11-20,SKU126,113,1933.75
SO323SKU127,2025-11-20,SKU127,591,1741.25
SO323SKU128,2025-11-20,SKU128,621,792.5
SO323SKU129,2025-11-20,SKU129,440,1346.25
SO324SKU100,2025-11-21,SKU100,413,2161.25
SO324SKU101,2025-11-21,SKU101,465,1245.0
SO324SKU102,2025-11-21,SKU102,434,772.5
SO324SKU103,2025-11-21,SKU103,529,2328.75
SO324SKU104,2025-11-21,SKU104,471,636.25
SO324SKU105,2025-11-21,SKU105,284,1347.5
SO324SKU106,2025-11-21,SKU106,656,1293.75
SO324SKU107,2025-11-21,SKU107,279,1920.0
SO324SKU108,2025-11-21,SKU108,665,2440.0
SO324SKU109,2025-11-21,SKU109,206,2242.5
SO324SKU110,2025-11-21,SKU110,213,1747.5
SO324SKU111,2025-11-21,SKU111,114,1343.75
SO324SKU112,2025-11-21,SKU112,367,1787.5
SO324SKU113,2025-11-21,SKU113,376,2497.5
SO324SKU114,2025-11-21,SKU114,191,1300.0
SO324SKU115,2025-11-21,SKU115,203,866.25
SO324SKU116,2025-11-21,SKU116,567,491.25
SO324SKU117,2025-11-21,SKU117,553,2353.75
SO324SKU118,2025-11-21,SKU118,446,578.75
SO324SKU119,2025-11-21,SKU119,430,632.5
SO324SKU120,2025-11-21,SKU120,492,1086.25
SO324SKU121,2025-11-21,SKU121,573,2001.25
SO324SKU122,2025-11-21,SKU122,392,791.25
SO324SKU123,2025-11-21,SKU123,467,1283.75
SO324SKU124,2025-11-21,SKU124,276,2090.0
SO324SKU125,2025-11-21,SKU125,334,2171.25
SO324SKU126,2025-11-21,SKU126,660,1933.75
SO324SKU127,2025-11-21,SKU127,643,1741.25
SO324SKU128,2025-11-21,SKU128,673,792.5
SO324SKU129,2025-11-21,SKU129,661,1346.25
SO325SKU100,2025-11-22,SKU100,523,2161.25
SO325SKU101,2025-11-22,SKU101,261,1245.0
SO325SKU102,2025-11-22,SKU102,391,772.5
SO325SKU103,2025-11-22,SKU103,240,2328.75
SO325SKU104,2025-11-22,SKU104,136,636.25
SO325SKU105,2025-11-22,SKU105,580,1347.5
SO325SKU106,2025-11-22,SKU106,422,1293.75
SO325SKU107,2025-11-22,SKU107,141,1920.0
SO325SKU108,2025-11-22,SKU108,504,2440.0
SO325SKU109,2025-11-22,SKU109,571,2242.5
SO325SKU110,2025-11-22,SKU110,342,1747.5
SO325SKU111,2025-11-22,SKU111,270,1343.75
SO325SKU112,2025-11-22,SKU112,141,1787.5
SO325SKU113,2025-11-22,SKU113,237,2497.5
SO325SKU114,2025-11-22,SKU114,496,1300.0
SO325SKU115,2025-11-22,SKU115,399,866.25
SO325SKU116,2025-11-22,SKU116,445,491.25
SO325SKU117,2025-11-22,SKU117,140,2353.75
SO325SKU118,2025-11-22,SKU118,248,578.75
SO325SKU119,2025-11-22,SKU119,135,632.5
SO325SKU120,2025-11-22,SKU120,456,1086.25
SO325SKU121,2025-11-22,SKU121,446,2001.25
SO325SKU122,2025-11-22,SKU122,194,791.25
SO325SKU123,2025-11-22,SKU123,348,1283.75
SO325SKU124,2025-11-22,SKU124,311,2090.0
SO325SKU125,2025-11-22,SKU125,534,2171.25
SO325SKU126,2025-11-22,SKU126,198,1933.75
SO325SKU127,2025-11-22,SKU127,349,1741.25
SO325SKU128,2025-11-22,SKU128,184,792.5
SO325SKU129,2025-11-22,SKU129,454,1346.25
SO326SKU100,2025-11-23,SKU100,182,2161.25
SO326SKU101,2025-11-23,SKU101,306,1245.0
SO326SKU102,2025-11-23,SKU102,425,772.5
SO326SKU103,2025-11-23,SKU103,214,2328.75
SO326SKU104,2025-11-23,SKU104,529,636.25
SO326SKU105,2025-11-23,SKU105,660,1347.5
SO326SKU106,2025-11-23,SKU106,391,1293.75
SO326SKU107,2025-11-23,SKU107,260,1920.0
SO326SKU108,2025-11-23,SKU108,392,2440.0
SO326SKU109,2025-11-23,SKU109,122,2242.5
SO326SKU110,2025-11-23,SKU110,421,1747.5
SO326SKU111,2025-11-23,SKU111,398,1343.75
SO326SKU112,2025-11-23,SKU112,144,1787.5
SO326SKU113,2025-11-23,SKU113,434,2497.5
SO326SKU114,2025-11-23,SKU114,607,1300.0
SO326SKU115,2025-11-23,SKU115,353,866.25
SO326SKU116,2025-11-23,SKU116,409,491.25
SO326SKU117,2025-11-23,SKU117,507,2353.75
SO326SKU118,2025-11-23,SKU118,641,578.75
SO326SKU119,2025-11-23,SKU119,589,632.5
SO326SKU120,2025-11-23,SKU120,583,1086.25
SO326SKU121,2025-11-23,SKU121,359,2001.25
SO326SKU122,2025-11-23,SKU122,662,791.25
SO326SKU123,2025-11-23,SKU123,267,1283.75
SO326SKU124,2025-11-23,SKU124,473,2090.0
SO326SKU125,2025-11-23,SKU125,328,2171.25
SO326SKU126,2025-11-23,SKU126,434,1933.75
SO326SKU127,2025-11-23,SKU127,311,1741.25
SO326SKU128,2025-11-23,SKU128,472,792.5
SO326SKU129,2025-11-23,SKU129,229,1346.25
SO327SKU100,2025-11-24,SKU100,330,2161.25
SO327SKU101,2025-11-24,SKU101,129,1245.0
SO327SKU102,2025-11-24,SKU102,526,772.5
SO327SKU103,2025-11-24,SKU103,642,2328.75
SO327SKU104,2025-11-24,SKU104,395,636.25
SO327SKU105,2025-11-24,SKU105,325,1347.5
SO327SKU106,2025-11-24,SKU106,315,1293.75
SO327SKU107,2025-11-24,SKU107,144,1920.0
SO327SKU108,2025-11-24,SKU108,302,2440.0
SO327SKU109,2025-11-24,SKU109,418,2242.5
SO327SKU110,2025-11-24,SKU110,554,1747.5
SO327SKU111,2025-11-24,SKU111,623,1343.75
SO327SKU112,2025-11-24,SKU112,673,1787.5
SO327SKU113,2025-11-24,SKU113,537,2497.5
SO327SKU114,2025-11-24,SKU114,664,1300.0
SO327SKU115,2025-11-24,SKU115,541,866.25
SO327SKU116,2025-11-24,SKU116,171,491.25
SO327SKU117,2025-11-24,SKU117,369,2353.75
SO327SKU118,2025-11-24,SKU118,525,578.75
SO327SKU119,2025-11-24,SKU119,525,632.5
SO327SKU120,2025-11-24,SKU120,583,1086.25
SO327SKU121,2025-11-24,SKU121,634,2001.25
SO327SKU122,2025-11-24,SKU122,346,791.25
SO327SKU123,2025-11-24,SKU123,642,1283.75
SO327SKU124,2025-11-24,SKU124,278,2090.0
SO327SKU125,2025-11-24,SKU125,514,2171.25
SO327SKU126,2025-11-24,SKU126,552,1933.75
SO327SKU127,2025-11-24,SKU127,600,1741.25
SO327SKU128,2025-11-24,SKU128,137,792.5
SO327SKU129,2025-11-24,SKU129,661,1346.25
SO328SKU100,2025-11-25,SKU100,378,2161.25
SO328SKU101,2025-11-25,SKU101,479,1245.0
SO328SKU102,2025-11-25,SKU102,209,772.5
SO328SKU103,2025-11-25,SKU103,418,2328.75
SO328SKU104,2025-11-25,SKU104,217,636.25
SO328SKU105,2025-11-25,SKU105,544,1347.5
SO328SKU106,2025-11-25,SKU106,152,1293.75
SO328SKU107,2025-11-25,SKU107,121,1920.0
SO328SKU108,2025-11-25,SKU108,652,2440.0
SO328SKU109,2025-11-25,SKU109,556,2242.5
SO328SKU110,2025-11-25,SKU110,502,1747.5
SO328SKU111,2025-11-25,SKU111,558,1343.75
SO328SKU112,2025-11-25,SKU112,243,1787.5
SO328SKU113,2025-11-25,SKU113,387,2497.5
SO328SKU114,2025-11-25,SKU114,345,1300.0
SO328SKU115,2025-11-25,SKU115,584,866.25
SO328SKU116,2025-11-25,SKU116,446,491.25
SO328SKU117,2025-11-25,SKU117,299,2353.75
SO328SKU118,2025-11-25,SKU118,589,578.75
SO328SKU119,2025-11-25,SKU119,176,632.5
SO328SKU120,2025-11-25,SKU120,554,1086.25
SO328SKU121,2025-11-25,SKU121,384,2001.25
SO328SKU122,2025-11-25,SKU122,418,791.25
SO328SKU123,2025-11-25,SKU123,357,1283.75
SO328SKU124,2025-11-25,SKU124,184,2090.0
SO328SKU125,2025-11-25,SKU125,132,2171.25
SO328SKU126,2025-11-25,SKU126,361,1933.75
SO328SKU127,2025-11-25,SKU127,500,1741.25
SO328SKU128,2025-11-25,SKU128,658,792.5
SO328SKU129,2025-11-25,SKU129,571,1346.25
SO329SKU100,2025-11-26,SKU100,488,2161.25
SO329SKU101,2025-11-26,SKU101,610,1245.0
SO329SKU102,2025-11-26,SKU102,302,772.5
SO329SKU103,2025-11-26,SKU103,365,2328.75
SO329SKU104,2025-11-26,SKU104,537,636.25
SO329SKU105,2025-11-26,SKU105,487,1347.5
SO329SKU106,2025-11-26,SKU106,364,1293.75
SO329SKU107,2025-11-26,SKU107,432,1920.0
SO329SKU108,2025-11-26,SKU108,207,2440.0
SO329SKU109,2025-11-26,SKU109,245,2242.5
SO329SKU110,2025-11-26,SKU110,283,1747.5
SO329SKU111,2025-11-26,SKU111,210,1343.75
SO329SKU112,2025-11-26,SKU112,506,1787.5
SO329SKU113,2025-11-26,SKU113,504,2497.5
SO329SKU114,2025-11-26,SKU114,576,1300.0
SO329SKU115,2025-11-26,SKU115,276,866.25
SO329SKU116,2025-11-26,SKU116,256,491.25
SO329SKU117,2025-11-26,SKU117,473,2353.75
SO329SKU118,2025-11-26,SKU118,648,578.75
SO329SKU119,2025-11-26,SKU119,334,632.5
SO329SKU120,2025-11-26,SKU120,584,1086.25
SO329SKU121,2025-11-26,SKU121,573,2001.25
SO329SKU122,2025-11-26,SKU122,282,791.25
SO329SKU123,2025-11-26,SKU123,236,1283.75
SO329SKU124,2025-11-26,SKU124,567,2090.0
SO329SKU125,2025-11-26,SKU125,361,2171.25
SO329SKU126,2025-11-26,SKU126,221,1933.75
SO329SKU127,2025-11-26,SKU127,260,1741.25
SO329SKU128,2025-11-26,SKU128,460,792.5
SO329SKU129,2025-11-26,SKU129,276,1346.25
SO330SKU100,2025-11-27,SKU100,194,2161.25
SO330SKU101,2025-11-27,SKU101,550,1245.0
SO330SKU102,2025-11-27,SKU102,454,772.5
SO330SKU103,2025-11-27,SKU103,584,2328.75
SO330SKU104,2025-11-27,SKU104,513,636.25
SO330SKU105,2025-11-27,SKU105,141,1347.5
SO330SKU106,2025-11-27,SKU106,614,1293.75
SO330SKU107,2025-11-27,SKU107,592,1920.0
SO330SKU108,2025-11-27,SKU108,351,2440.0
SO330SKU109,2025-11-27,SKU109,530,2242.5
SO330SKU110,2025-11-27,SKU110,176,1747.5
SO330SKU111,2025-11-27,SKU111,653,1343.75
SO330SKU112,2025-11-27,SKU112,467,1787.5
SO330SKU113,2025-11-27,SKU113,383,2497.5
SO330SKU114,2025-11-27,SKU114,642,1300.0
SO330SKU115,2025-11-27,SKU115,295,866.25
SO330SKU116,2025-11-27,SKU116,650,491.25
SO330SKU117,2025-11-27,SKU117,207,2353.75
SO330SKU118,2025-11-27,SKU118,434,578.75
SO330SKU119,2025-11-27,SKU119,299,632.5
SO330SKU120,2025-11-27,SKU120,108,1086.25
SO330SKU121,2025-11-27,SKU121,156,2001.25
SO330SKU122,2025-11-27,SKU122,394,791.25
SO330SKU123,2025-11-27,SKU123,186,1283.75
SO330SKU124,2025-11-27,SKU124,541,2090.0
SO330SKU125,2025-11-27,SKU125,329,2171.25
SO330SKU126,2025-11-27,SKU126,454,1933.75
SO330SKU127,2025-11-27,SKU127,168,1741.25
SO330SKU128,2025-11-27,SKU128,237,792.5
SO330SKU129,2025-11-27,SKU129,144,1346.25
SO331SKU100,2025-11-28,SKU100,342,2161.25
SO331SKU101,2025-11-28,SKU101,598,1245.0
SO331SKU102,2025-11-28,SKU102,279,772.5
SO331SKU103,2025-11-28,SKU103,164,2328.75
SO331SKU104,2025-11-28,SKU104,311,636.25
SO331SKU105,2025-11-28,SKU105,149,1347.5
SO331SKU106,2025-11-28,SKU106,342,1293.75
SO331SKU107,2025-11-28,SKU107,580,1920.0
SO331SKU108,2025-11-28,SKU108,395,2440.0
SO331SKU109,2025-11-28,SKU109,502,2242.5
SO331SKU110,2025-11-28,SKU110,413,1747.5
SO331SKU111,2025-11-28,SKU111,378,1343.75
SO331SKU112,2025-11-28,SKU112,286,1787.5
SO331SKU113,2025-11-28,SKU113,618,2497.5
SO331SKU114,2025-11-28,SKU114,309,1300.0
SO331SKU115,2025-11-28,SKU115,383,866.25
SO331SKU116,2025-11-28,SKU116,526,491.25
SO331SKU117,2025-11-28,SKU117,166,2353.75
SO331SKU118,2025-11-28,SKU118,191,578.75
SO331SKU119,2025-11-28,SKU119,407,632.5
SO331SKU120,2025-11-28,SKU120,116,1086.25
SO331SKU121,2025-11-28,SKU121,519,2001.25
SO331SKU122,2025-11-28,SKU122,405,791.25
SO331SKU123,2025-11-28,SKU123,187,1283.75
SO331SKU124,2025-11-28,SKU124,568,2090.0
SO331SKU125,2025-11-28,SKU125,225,2171.25
SO331SKU126,2025-11-28,SKU126,229,1933.75
SO331SKU127,2025-11-28,SKU127,230,1741.25
SO331SKU128,2025-11-28,SKU128,187,792.5
SO331SKU129,2025-11-28,SKU129,302,1346.25
SO332SKU100,2025-11-29,SKU100,508,2161.25
SO332SKU101,2025-11-29,SKU101,329,1245.0
SO332SKU102,2025-11-29,SKU102,220,772.5
SO332SKU103,2025-11-29,SKU103,418,2328.75
SO332SKU104,2025-11-29,SKU104,143,636.25
SO332SKU105,2025-11-29,SKU105,315,1347.5
SO332SKU106,2025-11-29,SKU106,454,1293.75
SO332SKU107,2025-11-29,SKU107,386,1920.0
SO332SKU108,2025-11-29,SKU108,157,2440.0
SO332SKU109,2025-11-29,SKU109,236,2242.5
SO332SKU110,2025-11-29,SKU110,278,1747.5
SO332SKU111,2025-11-29,SKU111,569,1343.75
SO332SKU112,2025-11-29,SKU112,178,1787.5
SO332SKU113,2025-11-29,SKU113,587,2497.5
SO332SKU114,2025-11-29,SKU114,324,1300.0
SO332SKU115,2025-11-29,SKU115,186,866.25
SO332SKU116,2025-11-29,SKU116,172,491.25
SO332SKU117,2025-11-29,SKU117,325,2353.75
SO332SKU118,2025-11-29,SKU118,355,578.75
SO332SKU119,2025-11-29,SKU119,225,632.5
SO332SKU120,2025-11-29,SKU120,233,1086.25
SO332SKU121,2025-11-29,SKU121,610,2001.25
SO332SKU122,2025-11-29,SKU122,615,791.25
SO332SKU123,2025-11-29,SKU123,379,1283.75
SO332SKU124,2025-11-29,SKU124,275,2090.0
SO332SKU125,2025-11-29,SKU125,203,2171.25
SO332SKU126,2025-11-29,SKU126,274,1933.75
SO332SKU127,2025-11-29,SKU127,135,1741.25
SO332SKU128,2025-11-29,SKU128,128,792.5
SO332SKU129,2025-11-29,SKU129,612,1346.25
SO333SKU100,2025-11-30,SKU100,417,2161.25
SO333SKU101,2025-11-30,SKU101,309,1245.0
SO333SKU102,2025-11-30,SKU102,274,772.5
SO333SKU103,2025-11-30,SKU103,654,2328.75
SO333SKU104,2025-11-30,SKU104,583,636.25
SO333SKU105,2025-11-30,SKU105,448,1347.5
SO333SKU106,2025-11-30,SKU106,658,1293.75
SO333SKU107,2025-11-30,SKU107,298,1920.0
SO333SKU108,2025-11-30,SKU108,152,2440.0
SO333SKU109,2025-11-30,SKU109,517,2242.5
SO333SKU110,2025-11-30,SKU110,442,1747.5
SO333SKU111,2025-11-30,SKU111,607,1343.75
SO333SKU112,2025-11-30,SKU112,268,1787.5
SO333SKU113,2025-11-30,SKU113,234,2497.5
SO333SKU114,2025-11-30,SKU114,664,1300.0
SO333SKU115,2025-11-30,SKU115,238,866.25
SO333SKU116,2025-11-30,SKU116,571,491.25
SO333SKU117,2025-11-30,SKU117,557,2353.75
SO333SKU118,2025-11-30,SKU118,616,578.75
SO333SKU119,2025-11-30,SKU119,557,632.5
SO333SKU120,2025-11-30,SKU120,422,1086.25
SO333SKU121,2025-11-30,SKU121,467,2001.25
SO333SKU122,2025-11-30,SKU122,270,791.25
SO333SKU123,2025-11-30,SKU123,402,1283.75
SO333SKU124,2025-11-30,SKU124,573,2090.0
SO333SKU125,2025-11-30,SKU125,279,2171.25
SO333SKU126,2025-11-30,SKU126,147,1933.75
SO333SKU127,2025-11-30,SKU127,560,1741.25
SO333SKU128,2025-11-30,SKU128,112,792.5
SO333SKU129,2025-11-30,SKU129,642,1346.25
SO334SKU100,2025-12-01,SKU100,507,2161.25
SO334SKU101,2025-12-01,SKU101,284,1245.0
SO334SKU102,2025-12-01,SKU102,299,772.5
SO334SKU103,2025-12-01,SKU103,363,2328.75
SO334SKU104,2025-12-01,SKU104,243,636.25
SO334SKU105,2025-12-01,SKU105,130,1347.5
SO334SKU106,2025-12-01,SKU106,349,1293.75
SO334SKU107,2025-12-01,SKU107,251,1920.0
SO334SKU108,2025-12-01,SKU108,623,2440.0
SO334SKU109,2025-12-01,SKU109,519,2242.5
SO334SKU110,2025-12-01,SKU110,180,1747.5
SO334SKU111,2025-12-01,SKU111,384,1343.75
SO334SKU112,2025-12-01,SKU112,114,1787.5
SO334SKU113,2025-12-01,SKU113,128,2497.5
SO334SKU114,2025-12-01,SKU114,450,1300.0
SO334SKU115,2025-12-01,SKU115,271,866.25
SO334SKU116,2025-12-01,SKU116,592,491.25
SO334SKU117,2025-12-01,SKU117,666,2353.75
SO334SKU118,2025-12-01,SKU118,244,578.75
SO334SKU119,2025-12-01,SKU119,256,632.5
SO334SKU120,2025-12-01,SKU120,203,1086.25
SO334SKU121,2025-12-01,SKU121,654,2001.25
SO334SKU122,2025-12-01,SKU122,608,791.25
SO334SKU123,2025-12-01,SKU123,319,1283.75
SO334SKU124,2025-12-01,SKU124,625,2090.0
SO334SKU125,2025-12-01,SKU125,190,2171.25
SO334SKU126,2025-12-01,SKU126,625,1933.75
SO334SKU127,2025-12-01,SKU127,276,1741.25
SO334SKU128,2025-12-01,SKU128,672,792.5
SO334SKU129,2025-12-01,SKU129,526,1346.25
SO335SKU100,2025-12-02,SKU100,125,2161.25
SO335SKU101,2025-12-02,SKU101,459,1245.0
SO335SKU102,2025-12-02,SKU102,395,772.5
SO335SKU103,2025-12-02,SKU103,171,2328.75
SO335SKU104,2025-12-02,SKU104,153,636.25
SO335SKU105,2025-12-02,SKU105,595,1347.5
SO335SKU106,2025-12-02,SKU106,417,1293.75
SO335SKU107,2025-12-02,SKU107,399,1920.0
SO335SKU108,2025-12-02,SKU108,432,2440.0
SO335SKU109,2025-12-02,SKU109,544,2242.5
SO335SKU110,2025-12-02,SKU110,499,1747.5
SO335SKU111,2025-12-02,SKU111,114,1343.75
SO335SKU112,2025-12-02,SKU112,301,1787.5
SO335SKU113,2025-12-02,SKU113,449,2497.5
SO335SKU114,2025-12-02,SKU114,319,1300.0
SO335SKU115,2025-12-02,SKU115,391,866.25
SO335SKU116,2025-12-02,SKU116,121,491.25
SO335SKU117,2025-12-02,SKU117,152,2353.75
SO335SKU118,2025-12-02,SKU118,245,578.75
SO335SKU119,2025-12-02,SKU119,337,632.5
SO335SKU120,2025-12-02,SKU120,317,1086.25
SO335SKU121,2025-12-02,SKU121,633,2001.25
SO335SKU122,2025-12-02,SKU122,577,791.25
SO335SKU123,2025-12-02,SKU123,353,1283.75
SO335SKU124,2025-12-02,SKU124,197,2090.0
SO335SKU125,2025-12-02,SKU125,656,2171.25
SO335SKU126,2025-12-02,SKU126,660,1933.75
SO335SKU127,2025-12-02,SKU127,510,1741.25
SO335SKU128,2025-12-02,SKU128,421,792.5
SO335SKU129,2025-12-02,SKU129,410,1346.25
SO336SKU100,2025-12-03,SKU100,457,2161.25
SO336SKU101,2025-12-03,SKU101,356,1245.0
SO336SKU102,2025-12-03,SKU102,342,772.5
SO336SKU103,2025-12-03,SKU103,460,2328.75
SO336SKU104,2025-12-03,SKU104,616,636.25
SO336SKU105,2025-12-03,SKU105,301,1347.5
SO336SKU106,2025-12-03,SKU106,581,1293.75
SO336SKU107,2025-12-03,SKU107,386,1920.0
SO336SKU108,2025-12-03,SKU108,135,2440.0
SO336SKU109,2025-12-03,SKU109,180,2242.5
SO336SKU110,2025-12-03,SKU110,328,1747.5
SO336SKU111,2025-12-03,SKU111,500,1343.75
SO336SKU112,2025-12-03,SKU112,332,1787.5
SO336SKU113,2025-12-03,SKU113,203,2497.5
SO336SKU114,2025-12-03,SKU114,318,1300.0
SO336SKU115,2025-12-03,SKU115,233,866.25
SO336SKU116,2025-12-03,SKU116,325,491.25
SO336SKU117,2025-12-03,SKU117,464,2353.75
SO336SKU118,2025-12-03,SKU118,422,578.75
SO336SKU119,2025-12-03,SKU119,430,632.5
SO336SKU120,2025-12-03,SKU120,352,1086.25
SO336SKU121,2025-12-03,SKU121,299,2001.25
SO336SKU122,2025-12-03,SKU122,346,791.25
SO336SKU123,2025-12-03,SKU123,604,1283.75
SO336SKU124,2025-12-03,SKU124,328,2090.0
SO336SKU125,2025-12-03,SKU125,631,2171.25
SO336SKU126,2025-12-03,SKU126,517,1933.75
SO336SKU127,2025-12-03,SKU127,589,1741.25
SO336SKU128,2025-12-03,SKU128,661,792.5
SO336SKU129,2025-12-03,SKU129,602,1346.25
SO337SKU100,2025-12-04,SKU100,311,2161.25
SO337SKU101,2025-12-04,SKU101,360,1245.0
SO337SKU102,2025-12-04,SKU102,117,772.5
SO337SKU103,2025-12-04,SKU103,122,2328.75
SO337SKU104,2025-12-04,SKU104,402,636.25
SO337SKU105,2025-12-04,SKU105,396,1347.5
SO337SKU106,2025-12-04,SKU106,406,1293.75
SO337SKU107,2025-12-04,SKU107,450,1920.0
SO337SKU108,2025-12-04,SKU108,486,2440.0
SO337SKU109,2025-12-04,SKU109,664,2242.5
SO337SKU110,2025-12-04,SKU110,427,1747.5
SO337SKU111,2025-12-04,SKU111,275,1343.75
SO337SKU112,2025-12-04,SKU112,140,1787.5
SO337SKU113,2025-12-04,SKU113,261,2497.5
SO337SKU114,2025-12-04,SKU114,276,1300.0
SO337SKU115,2025-12-04,SKU115,399,866.25
SO337SKU116,2025-12-04,SKU116,441,491.25
SO337SKU117,2025-12-04,SKU117,668,2353.75
SO337SKU118,2025-12-04,SKU118,255,578.75
SO337SKU119,2025-12-04,SKU119,658,632.5
SO337SKU120,2025-12-04,SKU120,662,1086.25
SO337SKU121,2025-12-04,SKU121,619,2001.25
SO337SKU122,2025-12-04,SKU122,206,791.25
SO337SKU123,2025-12-04,SKU123,303,1283.75
SO337SKU124,2025-12-04,SKU124,472,2090.0
SO337SKU125,2025-12-04,SKU125,148,2171.25
SO337SKU126,2025-12-04,SKU126,306,1933.75
SO337SKU127,2025-12-04,SKU127,669,1741.25
SO337SKU128,2025-12-04,SKU128,369,792.5
SO337SKU129,2025-12-04,SKU129,652,1346.25
SO338SKU100,2025-12-05,SKU100,664,2161.25
SO338SKU101,2025-12-05,SKU101,669,1245.0
SO338SKU102,2025-12-05,SKU102,252,772.5
SO338SKU103,2025-12-05,SKU103,556,2328.75
SO338SKU104,2025-12-05,SKU104,157,636.25
SO338SKU105,2025-12-05,SKU105,548,1347.5
SO338SKU106,2025-12-05,SKU106,125,1293.75
SO338SKU107,2025-12-05,SKU107,114,1920.0
SO338SKU108,2025-12-05,SKU108,384,2440.0
SO338SKU109,2025-12-05,SKU109,649,2242.5
SO338SKU110,2025-12-05,SKU110,159,1747.5
SO338SKU111,2025-12-05,SKU111,220,1343.75
SO338SKU112,2025-12-05,SKU112,410,1787.5
SO338SKU113,2025-12-05,SKU113,629,2497.5
SO338SKU114,2025-12-05,SKU114,290,1300.0
SO338SKU115,2025-12-05,SKU115,400,866.25
SO338SKU116,2025-12-05,SKU116,580,491.25
SO338SKU117,2025-12-05,SKU117,602,2353.75
SO338SKU118,2025-12-05,SKU118,205,578.75
SO338SKU119,2025-12-05,SKU119,476,632.5
SO338SKU120,2025-12-05,SKU120,252,1086.25
SO338SKU121,2025-12-05,SKU121,213,2001.25
SO338SKU122,2025-12-05,SKU122,550,791.25
SO338SKU123,2025-12-05,SKU123,180,1283.75
SO338SKU124,2025-12-05,SKU124,672,2090.0
SO338SKU125,2025-12-05,SKU125,233,2171.25
SO338SKU126,2025-12-05,SKU126,346,1933.75
SO338SKU127,2025-12-05,SKU127,348,1741.25
SO338SKU128,2025-12-05,SKU128,569,792.5
SO338SKU129,2025-12-05,SKU129,553,1346.25
SO339SKU100,2025-12-06,SKU100,652,2161.25
SO339SKU101,2025-12-06,SKU101,198,1245.0
SO339SKU102,2025-12-06,SKU102,592,772.5
SO339SKU103,2025-12-06,SKU103,282,2328.75
SO339SKU104,2025-12-06,SKU104,376,636.25
SO339SKU105,2025-12-06,SKU105,130,1347.5
SO339SKU106,2025-12-06,SKU106,144,1293.75
SO339SKU107,2025-12-06,SKU107,499,1920.0
SO339SKU108,2025-12-06,SKU108,201,2440.0
SO339SKU109,2025-12-06,SKU109,194,2242.5
SO339SKU110,2025-12-06,SKU110,359,1747.5
SO339SKU111,2025-12-06,SKU111,426,1343.75
SO339SKU112,2025-12-06,SKU112,557,1787.5
SO339SKU113,2025-12-06,SKU113,369,2497.5
SO339SKU114,2025-12-06,SKU114,191,1300.0
SO339SKU115,2025-12-06,SKU115,430,866.25
SO339SKU116,2025-12-06,SKU116,666,491.25
SO339SKU117,2025-12-06,SKU117,523,2353.75
SO339SKU118,2025-12-06,SKU118,407,578.75
SO339SKU119,2025-12-06,SKU119,669,632.5
SO339SKU120,2025-12-06,SKU120,282,1086.25
SO339SKU121,2025-12-06,SKU121,206,2001.25
SO339SKU122,2025-12-06,SKU122,569,791.25
SO339SKU123,2025-12-06,SKU123,437,1283.75
SO339SKU124,2025-12-06,SKU124,379,2090.0
SO339SKU125,2025-12-06,SKU125,364,2171.25
SO339SKU126,2025-12-06,SKU126,577,1933.75
SO339SKU127,2025-12-06,SKU127,278,1741.25
SO339SKU128,2025-12-06,SKU128,473,792.5
SO339SKU129,2025-12-06,SKU129,214,1346.25
SO340SKU100,2025-12-07,SKU100,599,2161.25
SO340SKU101,2025-12-07,SKU101,457,1245.0
SO340SKU102,2025-12-07,SKU102,608,772.5
SO340SKU103,2025-12-07,SKU103,598,2328.75
SO340SKU104,2025-12-07,SKU104,562,636.25
SO340SKU105,2025-12-07,SKU105,180,1347.5
SO340SKU106,2025-12-07,SKU106,207,1293.75
SO340SKU107,2025-12-07,SKU107,124,1920.0
SO340SKU108,2025-12-07,SKU108,379,2440.0
SO340SKU109,2025-12-07,SKU109,375,2242.5
SO340SKU110,2025-12-07,SKU110,670,1747.5
SO340SKU111,2025-12-07,SKU111,568,1343.75
SO340SKU112,2025-12-07,SKU112,610,1787.5
SO340SKU113,2025-12-07,SKU113,360,2497.5
SO340SKU114,2025-12-07,SKU114,368,1300.0
SO340SKU115,2025-12-07,SKU115,118,866.25
SO340SKU116,2025-12-07,SKU116,662,491.25
SO340SKU117,2025-12-07,SKU117,218,2353.75
SO340SKU118,2025-12-07,SKU118,576,578.75
SO340SKU119,2025-12-07,SKU119,224,632.5
SO340SKU120,2025-12-07,SKU120,201,1086.25
SO340SKU121,2025-12-07,SKU121,440,2001.25
SO340SKU122,2025-12-07,SKU122,538,791.25
SO340SKU123,2025-12-07,SKU123,257,1283.75
SO340SKU124,2025-12-07,SKU124,549,2090.0
SO340SKU125,2025-12-07,SKU125,612,2171.25
SO340SKU126,2025-12-07,SKU126,467,1933.75
SO340SKU127,2025-12-07,SKU127,639,1741.25
SO340SKU128,2025-12-07,SKU128,345,792.5
SO340SKU129,2025-12-07,SKU129,369,1346.25
SO341SKU100,2025-12-08,SKU100,353,2161.25
SO341SKU101,2025-12-08,SKU101,353,1245.0
SO341SKU102,2025-12-08,SKU102,494,772.5
SO341SKU103,2025-12-08,SKU103,260,2328.75
SO341SKU104,2025-12-08,SKU104,143,636.25
SO341SKU105,2025-12-08,SKU105,268,1347.5
SO341SKU106,2025-12-08,SKU106,197,1293.75
SO341SKU107,2025-12-08,SKU107,297,1920.0
SO341SKU108,2025-12-08,SKU108,464,2440.0
SO341SKU109,2025-12-08,SKU109,584,2242.5
SO341SKU110,2025-12-08,SKU110,549,1747.5
SO341SKU111,2025-12-08,SKU111,471,1343.75
SO341SKU112,2025-12-08,SKU112,120,1787.5
SO341SKU113,2025-12-08,SKU113,211,2497.5
SO341SKU114,2025-12-08,SKU114,541,1300.0
SO341SKU115,2025-12-08,SKU115,627,866.25
SO341SKU116,2025-12-08,SKU116,627,491.25
SO341SKU117,2025-12-08,SKU117,276,2353.75
SO341SKU118,2025-12-08,SKU118,330,578.75
SO341SKU119,2025-12-08,SKU119,270,632.5
SO341SKU120,2025-12-08,SKU120,535,1086.25
SO341SKU121,2025-12-08,SKU121,606,2001.25
SO341SKU122,2025-12-08,SKU122,425,791.25
SO341SKU123,2025-12-08,SKU123,244,1283.75
SO341SKU124,2025-12-08,SKU124,488,2090.0
SO341SKU125,2025-12-08,SKU125,407,2171.25
SO341SKU126,2025-12-08,SKU126,153,1933.75
SO341SKU127,2025-12-08,SKU127,657,1741.25
SO341SKU128,2025-12-08,SKU128,260,792.5
SO341SKU129,2025-12-08,SKU129,461,1346.25
SO342SKU100,2025-12-09,SKU100,534,2161.25
SO342SKU101,2025-12-09,SKU101,279,1245.0
SO342SKU102,2025-12-09,SKU102,575,772.5
SO342SKU103,2025-12-09,SKU103,453,2328.75
SO342SKU104,2025-12-09,SKU104,480,636.25
SO342SKU105,2025-12-09,SKU105,584,1347.5
SO342SKU106,2025-12-09,SKU106,263,1293.75
SO342SKU107,2025-12-09,SKU107,565,1920.0
SO342SKU108,2025-12-09,SKU108,583,2440.0
SO342SKU109,2025-12-09,SKU109,180,2242.5
SO342SKU110,2025-12-09,SKU110,565,1747.5
SO342SKU111,2025-12-09,SKU111,247,1343.75
SO342SKU112,2025-12-09,SKU112,400,1787.5
SO342SKU113,2025-12-09,SKU113,368,2497.5
SO342SKU114,2025-12-09,SKU114,491,1300.0
SO342SKU115,2025-12-09,SKU115,587,866.25
SO342SKU116,2025-12-09,SKU116,588,491.25
SO342SKU117,2025-12-09,SKU117,325,2353.75
SO342SKU118,2025-12-09,SKU118,626,578.75
SO342SKU119,2025-12-09,SKU119,668,632.5
SO342SKU120,2025-12-09,SKU120,211,1086.25
SO342SKU121,2025-12-09,SKU121,170,2001.25
SO342SKU122,2025-12-09,SKU122,558,791.25
SO342SKU123,2025-12-09,SKU123,326,1283.75
SO342SKU124,2025-12-09,SKU124,157,2090.0
SO342SKU125,2025-12-09,SKU125,253,2171.25
SO342SKU126,2025-12-09,SKU126,619,1933.75
SO342SKU127,2025-12-09,SKU127,519,1741.25
SO342SKU128,2025-12-09,SKU128,286,792.5
SO342SKU129,2025-12-09,SKU129,117,1346.25
SO343SKU100,2025-12-10,SKU100,630,2161.25
SO343SKU101,2025-12-10,SKU101,608,1245.0
SO343SKU102,2025-12-10,SKU102,643,772.5
SO343SKU103,2025-12-10,SKU103,376,2328.75
SO343SKU104,2025-12-10,SKU104,214,636.25
SO343SKU105,2025-12-10,SKU105,488,1347.5
SO343SKU106,2025-12-10,SKU106,457,1293.75
SO343SKU107,2025-12-10,SKU107,513,1920.0
SO343SKU108,2025-12-10,SKU108,595,2440.0
SO343SKU109,2025-12-10,SKU109,375,2242.5
SO343SKU110,2025-12-10,SKU110,480,1747.5
SO343SKU111,2025-12-10,SKU111,337,1343.75
SO343SKU112,2025-12-10,SKU112,388,1787.5
SO343SKU113,2025-12-10,SKU113,249,2497.5
SO343SKU114,2025-12-10,SKU114,675,1300.0
SO343SKU115,2025-12-10,SKU115,548,866.25
SO343SKU116,2025-12-10,SKU116,194,491.25
SO343SKU117,2025-12-10,SKU117,612,2353.75
SO343SKU118,2025-12-10,SKU118,576,578.75
SO343SKU119,2025-12-10,SKU119,604,632.5
SO343SKU120,2025-12-10,SKU120,452,1086.25
SO343SKU121,2025-12-10,SKU121,124,2001.25
SO343SKU122,2025-12-10,SKU122,299,791.25
SO343SKU123,2025-12-10,SKU123,414,1283.75
SO343SKU124,2025-12-10,SKU124,299,2090.0
SO343SKU125,2025-12-10,SKU125,564,2171.25
SO343SKU126,2025-12-10,SKU126,303,1933.75
SO343SKU127,2025-12-10,SKU127,164,1741.25
SO343SKU128,2025-12-10,SKU128,371,792.5
SO343SKU129,2025-12-10,SKU129,409,1346.25
SO344SKU100,2025-12-11,SKU100,191,2161.25
SO344SKU101,2025-12-11,SKU101,480,1245.0
SO344SKU102,2025-12-11,SKU102,297,772.5
SO344SKU103,2025-12-11,SKU103,268,2328.75
SO344SKU104,2025-12-11,SKU104,608,636.25
SO344SKU105,2025-12-11,SKU105,432,1347.5
SO344SKU106,2025-12-11,SKU106,286,1293.75
SO344SKU107,2025-12-11,SKU107,545,1920.0
SO344SKU108,2025-12-11,SKU108,259,2440.0
SO344SKU109,2025-12-11,SKU109,661,2242.5
SO344SKU110,2025-12-11,SKU110,324,1747.5
SO344SKU111,2025-12-11,SKU111,426,1343.75
SO344SKU112,2025-12-11,SKU112,202,1787.5
SO344SKU113,2025-12-11,SKU113,603,2497.5
SO344SKU114,2025-12-11,SKU114,646,1300.0
SO344SKU115,2025-12-11,SKU115,657,866.25
SO344SKU116,2025-12-11,SKU116,568,491.25
SO344SKU117,2025-12-11,SKU117,427,2353.75
SO344SKU118,2025-12-11,SKU118,112,578.75
SO344SKU119,2025-12-11,SKU119,514,632.5
SO344SKU120,2025-12-11,SKU120,175,1086.25
SO344SKU121,2025-12-11,SKU121,363,2001.25
SO344SKU122,2025-12-11,SKU122,650,791.25
SO344SKU123,2025-12-11,SKU123,670,1283.75
SO344SKU124,2025-12-11,SKU124,434,2090.0
SO344SKU125,2025-12-11,SKU125,280,2171.25
SO344SKU126,2025-12-11,SKU126,495,1933.75
SO344SKU127,2025-12-11,SKU127,571,1741.25
SO344SKU128,2025-12-11,SKU128,550,792.5
SO344SKU129,2025-12-11,SKU129,334,1346.25
SO345SKU100,2025-12-12,SKU100,205,2161.25
SO345SKU101,2025-12-12,SKU101,581,1245.0
SO345SKU102,2025-12-12,SKU102,135,772.5
SO345SKU103,2025-12-12,SKU103,518,2328.75
SO345SKU104,2025-12-12,SKU104,576,636.25
SO345SKU105,2025-12-12,SKU105,649,1347.5
SO345SKU106,2025-12-12,SKU106,369,1293.75
SO345SKU107,2025-12-12,SKU107,394,1920.0
SO345SKU108,2025-12-12,SKU108,511,2440.0
SO345SKU109,2025-12-12,SKU109,167,2242.5
SO345SKU110,2025-12-12,SKU110,168,1747.5
SO345SKU111,2025-12-12,SKU111,675,1343.75
SO345SKU112,2025-12-12,SKU112,121,1787.5
SO345SKU113,2025-12-12,SKU113,184,2497.5
SO345SKU114,2025-12-12,SKU114,569,1300.0
SO345SKU115,2025-12-12,SKU115,453,866.25
SO345SKU116,2025-12-12,SKU116,452,491.25
SO345SKU117,2025-12-12,SKU117,307,2353.75
SO345SKU118,2025-12-12,SKU118,179,578.75
SO345SKU119,2025-12-12,SKU119,391,632.5
SO345SKU120,2025-12-12,SKU120,421,1086.25
SO345SKU121,2025-12-12,SKU121,326,2001.25
SO345SKU122,2025-12-12,SKU122,484,791.25
SO345SKU123,2025-12-12,SKU123,599,1283.75
SO345SKU124,2025-12-12,SKU124,334,2090.0
SO345SKU125,2025-12-12,SKU125,534,2171.25
SO345SKU126,2025-12-12,SKU126,248,1933.75
SO345SKU127,2025-12-12,SKU127,664,1741.25
SO345SKU128,2025-12-12,SKU128,622,792.5
SO345SKU129,2025-12-12,SKU129,153,1346.25
SO346SKU100,2025-12-13,SKU100,523,2161.25
SO346SKU101,2025-12-13,SKU101,594,1245.0
SO346SKU102,2025-12-13,SKU102,379,772.5
SO346SKU103,2025-12-13,SKU103,477,2328.75
SO346SKU104,2025-12-13,SKU104,357,636.25
SO346SKU105,2025-12-13,SKU105,423,1347.5
SO346SKU106,2025-12-13,SKU106,610,1293.75
SO346SKU107,2025-12-13,SKU107,669,1920.0
SO346SKU108,2025-12-13,SKU108,672,2440.0
SO346SKU109,2025-12-13,SKU109,631,2242.5
SO346SKU110,2025-12-13,SKU110,604,1747.5
SO346SKU111,2025-12-13,SKU111,113,1343.75
SO346SKU112,2025-12-13,SKU112,217,1787.5
SO346SKU113,2025-12-13,SKU113,643,2497.5
SO346SKU114,2025-12-13,SKU114,159,1300.0
SO346SKU115,2025-12-13,SKU115,351,866.25
SO346SKU116,2025-12-13,SKU116,318,491.25
SO346SKU117,2025-12-13,SKU117,395,2353.75
SO346SKU118,2025-12-13,SKU118,172,578.75
SO346SKU119,2025-12-13,SKU119,257,632.5
SO346SKU120,2025-12-13,SKU120,253,1086.25
SO346SKU121,2025-12-13,SKU121,468,2001.25
SO346SKU122,2025-12-13,SKU122,198,791.25
SO346SKU123,2025-12-13,SKU123,572,1283.75
SO346SKU124,2025-12-13,SKU124,270,2090.0
SO346SKU125,2025-12-13,SKU125,324,2171.25
SO346SKU126,2025-12-13,SKU126,471,1933.75
SO346SKU127,2025-12-13,SKU127,297,1741.25
SO346SKU128,2025-12-13,SKU128,302,792.5
SO346SKU129,2025-12-13,SKU129,346,1346.25
SO347SKU100,2025-12-14,SKU100,167,2161.25
SO347SKU101,2025-12-14,SKU101,430,1245.0
SO347SKU102,2025-12-14,SKU102,228,772.5
SO347SKU103,2025-12-14,SKU103,584,2328.75
SO347SKU104,2025-12-14,SKU104,445,636.25
SO347SKU105,2025-12-14,SKU105,445,1347.5
SO347SKU106,2025-12-14,SKU106,411,1293.75
SO347SKU107,2025-12-14,SKU107,414,1920.0
SO347SKU108,2025-12-14,SKU108,329,2440.0
SO347SKU109,2025-12-14,SKU109,430,2242.5
SO347SKU110,2025-12-14,SKU110,376,1747.5
SO347SKU111,2025-12-14,SKU111,579,1343.75
SO347SKU112,2025-12-14,SKU112,641,1787.5
SO347SKU113,2025-12-14,SKU113,291,2497.5
SO347SKU114,2025-12-14,SKU114,203,1300.0
SO347SKU115,2025-12-14,SKU115,550,866.25
SO347SKU116,2025-12-14,SKU116,260,491.25
SO347SKU117,2025-12-14,SKU117,409,2353.75
SO347SKU118,2025-12-14,SKU118,619,578.75
SO347SKU119,2025-12-14,SKU119,336,632.5
SO347SKU120,2025-12-14,SKU120,415,1086.25
SO347SKU121,2025-12-14,SKU121,498,2001.25
SO347SKU122,2025-12-14,SKU122,525,791.25
SO347SKU123,2025-12-14,SKU123,184,1283.75
SO347SKU124,2025-12-14,SKU124,413,2090.0
SO347SKU125,2025-12-14,SKU125,588,2171.25
SO347SKU126,2025-12-14,SKU126,568,1933.75
SO347SKU127,2025-12-14,SKU127,232,1741.25
SO347SKU128,2025-12-14,SKU128,398,792.5
SO347SKU129,2025-12-14,SKU129,130,1346.25
SO348SKU100,2025-12-15,SKU100,307,2161.25
SO348SKU101,2025-12-15,SKU101,645,1245.0
SO348SKU102,2025-12-15,SKU102,171,772.5
SO348SKU103,2025-12-15,SKU103,633,2328.75
SO348SKU104,2025-12-15,SKU104,544,636.25
SO348SKU105,2025-12-15,SKU105,221,1347.5
SO348SKU106,2025-12-15,SKU106,603,1293.75
SO348SKU107,2025-12-15,SKU107,426,1920.0
SO348SKU108,2025-12-15,SKU108,415,2440.0
SO348SKU109,2025-12-15,SKU109,440,2242.5
SO348SKU110,2025-12-15,SKU110,257,1747.5
SO348SKU111,2025-12-15,SKU111,135,1343.75
SO348SKU112,2025-12-15,SKU112,148,1787.5
SO348SKU113,2025-12-15,SKU113,203,2497.5
SO348SKU114,2025-12-15,SKU114,400,1300.0
SO348SKU115,2025-12-15,SKU115,415,866.25
SO348SKU116,2025-12-15,SKU116,363,491.25
SO348SKU117,2025-12-15,SKU117,221,2353.75
SO348SKU118,2025-12-15,SKU118,558,578.75
SO348SKU119,2025-12-15,SKU119,662,632.5
SO348SKU120,2025-12-15,SKU120,234,1086.25
SO348SKU121,2025-12-15,SKU121,556,2001.25
SO348SKU122,2025-12-15,SKU122,472,791.25
SO348SKU123,2025-12-15,SKU123,311,1283.75
SO348SKU124,2025-12-15,SKU124,337,2090.0
SO348SKU125,2025-12-15,SKU125,248,2171.25
SO348SKU126,2025-12-15,SKU126,463,1933.75
SO348SKU127,2025-12-15,SKU127,452,1741.25
SO348SKU128,2025-12-15,SKU128,355,792.5
SO348SKU129,2025-12-15,SKU129,507,1346.25
SO349SKU100,2025-12-16,SKU100,168,2161.25
SO349SKU101,2025-12-16,SKU101,195,1245.0
SO349SKU102,2025-12-16,SKU102,341,772.5
SO349SKU103,2025-12-16,SKU103,361,2328.75
SO349SKU104,2025-12-16,SKU104,550,636.25
SO349SKU105,2025-12-16,SKU105,392,1347.5
SO349SKU106,2025-12-16,SKU106,206,1293.75
SO349SKU107,2025-12-16,SKU107,147,1920.0
SO349SKU108,2025-12-16,SKU108,484,2440.0
SO349SKU109,2025-12-16,SKU109,230,2242.5
SO349SKU110,2025-12-16,SKU110,118,1747.5
SO349SKU111,2025-12-16,SKU111,548,1343.75
SO349SKU112,2025-12-16,SKU112,571,1787.5
SO349SKU113,2025-12-16,SKU113,526,2497.5
SO349SKU114,2025-12-16,SKU114,602,1300.0
SO349SKU115,2025-12-16,SKU115,318,866.25
SO349SKU116,2025-12-16,SKU116,287,491.25
SO349SKU117,2025-12-16,SKU117,553,2353.75
SO349SKU118,2025-12-16,SKU118,523,578.75
SO349SKU119,2025-12-16,SKU119,479,632.5
SO349SKU120,2025-12-16,SKU120,310,1086.25
SO349SKU121,2025-12-16,SKU121,581,2001.25
SO349SKU122,2025-12-16,SKU122,410,791.25
SO349SKU123,2025-12-16,SKU123,383,1283.75
SO349SKU124,2025-12-16,SKU124,527,2090.0
SO349SKU125,2025-12-16,SKU125,405,2171.25
SO349SKU126,2025-12-16,SKU126,498,1933.75
SO349SKU127,2025-12-16,SKU127,390,1741.25
SO349SKU128,2025-12-16,SKU128,353,792.5
SO349SKU129,2025-12-16,SKU129,333,1346.25
SO350SKU100,2025-12-17,SKU100,444,2161.25
SO350SKU101,2025-12-17,SKU101,392,1245.0
SO350SKU102,2025-12-17,SKU102,599,772.5
SO350SKU103,2025-12-17,SKU103,579,2328.75
SO350SKU104,2025-12-17,SKU104,646,636.25
SO350SKU105,2025-12-17,SKU105,548,1347.5
SO350SKU106,2025-12-17,SKU106,382,1293.75
SO350SKU107,2025-12-17,SKU107,313,1920.0
SO350SKU108,2025-12-17,SKU108,167,2440.0
SO350SKU109,2025-12-17,SKU109,461,2242.5
SO350SKU110,2025-12-17,SKU110,487,1747.5
SO350SKU111,2025-12-17,SKU111,467,1343.75
SO350SKU112,2025-12-17,SKU112,533,1787.5
SO350SKU113,2025-12-17,SKU113,525,2497.5
SO350SKU114,2025-12-17,SKU114,120,1300.0
SO350SKU115,2025-12-17,SKU115,657,866.25
SO350SKU116,2025-12-17,SKU116,537,491.25
SO350SKU117,2025-12-17,SKU117,537,2353.75
SO350SKU118,2025-12-17,SKU118,167,578.75
SO350SKU119,2025-12-17,SKU119,140,632.5
SO350SKU120,2025-12-17,SKU120,588,1086.25
SO350SKU121,2025-12-17,SKU121,278,2001.25
SO350SKU122,2025-12-17,SKU122,507,791.25
SO350SKU123,2025-12-17,SKU123,398,1283.75
SO350SKU124,2025-12-17,SKU124,653,2090.0
SO350SKU125,2025-12-17,SKU125,523,2171.25
SO350SKU126,2025-12-17,SKU126,529,1933.75
SO350SKU127,2025-12-17,SKU127,643,1741.25
SO350SKU128,2025-12-17,SKU128,660,792.5
SO350SKU129,2025-12-17,SKU129,174,1346.25
SO351SKU100,2025-12-18,SKU100,576,2161.25
SO351SKU101,2025-12-18,SKU101,490,1245.0
SO351SKU102,2025-12-18,SKU102,139,772.5
SO351SKU103,2025-12-18,SKU103,518,2328.75
SO351SKU104,2025-12-18,SKU104,130,636.25
SO351SKU105,2025-12-18,SKU105,348,1347.5
SO351SKU106,2025-12-18,SKU106,565,1293.75
SO351SKU107,2025-12-18,SKU107,328,1920.0
SO351SKU108,2025-12-18,SKU108,583,2440.0
SO351SKU109,2025-12-18,SKU109,584,2242.5
SO351SKU110,2025-12-18,SKU110,626,1747.5
SO351SKU111,2025-12-18,SKU111,344,1343.75
SO351SKU112,2025-12-18,SKU112,630,1787.5
SO351SKU113,2025-12-18,SKU113,321,2497.5
SO351SKU114,2025-12-18,SKU114,649,1300.0
SO351SKU115,2025-12-18,SKU115,364,866.25
SO351SKU116,2025-12-18,SKU116,604,491.25
SO351SKU117,2025-12-18,SKU117,187,2353.75
SO351SKU118,2025-12-18,SKU118,602,578.75
SO351SKU119,2025-12-18,SKU119,199,632.5
SO351SKU120,2025-12-18,SKU120,129,1086.25
SO351SKU121,2025-12-18,SKU121,538,2001.25
SO351SKU122,2025-12-18,SKU122,467,791.25
SO351SKU123,2025-12-18,SKU123,610,1283.75
SO351SKU124,2025-12-18,SKU124,499,2090.0
SO351SKU125,2025-12-18,SKU125,248,2171.25
SO351SKU126,2025-12-18,SKU126,577,1933.75
SO351SKU127,2025-12-18,SKU127,522,1741.25
SO351SKU128,2025-12-18,SKU128,290,792.5
SO351SKU129,2025-12-18,SKU129,203,1346.25
SO352SKU100,2025-12-19,SKU100,496,2161.25
SO352SKU101,2025-12-19,SKU101,472,1245.0
SO352SKU102,2025-12-19,SKU102,222,772.5
SO352SKU103,2025-12-19,SKU103,125,2328.75
SO352SKU104,2025-12-19,SKU104,415,636.25
SO352SKU105,2025-12-19,SKU105,406,1347.5
SO352SKU106,2025-12-19,SKU106,619,1293.75
SO352SKU107,2025-12-19,SKU107,521,1920.0
SO352SKU108,2025-12-19,SKU108,337,2440.0
SO352SKU109,2025-12-19,SKU109,284,2242.5
SO352SKU110,2025-12-19,SKU110,268,1747.5
SO352SKU111,2025-12-19,SKU111,135,1343.75
SO352SKU112,2025-12-19,SKU112,441,1787.5
SO352SKU113,2025-12-19,SKU113,550,2497.5
SO352SKU114,2025-12-19,SKU114,572,1300.0
SO352SKU115,2025-12-19,SKU115,527,866.25
SO352SKU116,2025-12-19,SKU116,567,491.25
SO352SKU117,2025-12-19,SKU117,657,2353.75
SO352SKU118,2025-12-19,SKU118,453,578.75
SO352SKU119,2025-12-19,SKU119,392,632.5
SO352SKU120,2025-12-19,SKU120,268,1086.25
SO352SKU121,2025-12-19,SKU121,409,2001.25
SO352SKU122,2025-12-19,SKU122,614,791.25
SO352SKU123,2025-12-19,SKU123,264,1283.75
SO352SKU124,2025-12-19,SKU124,379,2090.0
SO352SKU125,2025-12-19,SKU125,135,2171.25
SO352SKU126,2025-12-19,SKU126,329,1933.75
SO352SKU127,2025-12-19,SKU127,450,1741.25
SO352SKU128,2025-12-19,SKU128,421,792.5
SO352SKU129,2025-12-19,SKU129,608,1346.25
SO353SKU100,2025-12-20,SKU100,372,2161.25
SO353SKU101,2025-12-20,SKU101,534,1245.0
SO353SKU102,2025-12-20,SKU102,230,772.5
SO353SKU103,2025-12-20,SKU103,151,2328.75
SO353SKU104,2025-12-20,SKU104,600,636.25
SO353SKU105,2025-12-20,SKU105,160,1347.5
SO353SKU106,2025-12-20,SKU106,569,1293.75
SO353SKU107,2025-12-20,SKU107,668,1920.0
SO353SKU108,2025-12-20,SKU108,460,2440.0
SO353SKU109,2025-12-20,SKU109,561,2242.5
SO353SKU110,2025-12-20,SKU110,145,1747.5
SO353SKU111,2025-12-20,SKU111,124,1343.75
SO353SKU112,2025-12-20,SKU112,580,1787.5
SO353SKU113,2025-12-20,SKU113,561,2497.5
SO353SKU114,2025-12-20,SKU114,193,1300.0
SO353SKU115,2025-12-20,SKU115,338,866.25
SO353SKU116,2025-12-20,SKU116,587,491.25
SO353SKU117,2025-12-20,SKU117,156,2353.75
SO353SKU118,2025-12-20,SKU118,292,578.75
SO353SKU119,2025-12-20,SKU119,174,632.5
SO353SKU120,2025-12-20,SKU120,653,1086.25
SO353SKU121,2025-12-20,SKU121,336,2001.25
SO353SKU122,2025-12-20,SKU122,429,791.25
SO353SKU123,2025-12-20,SKU123,213,1283.75
SO353SKU124,2025-12-20,SKU124,280,2090.0
SO353SKU125,2025-12-20,SKU125,318,2171.25
SO353SKU126,2025-12-20,SKU126,425,1933.75
SO353SKU127,2025-12-20,SKU127,238,1741.25
SO353SKU128,2025-12-20,SKU128,351,792.5
SO353SKU129,2025-12-20,SKU129,233,1346.25
SO354SKU100,2025-12-21,SKU100,580,2161.25
SO354SKU101,2025-12-21,SKU101,283,1245.0
SO354SKU102,2025-12-21,SKU102,504,772.5
SO354SKU103,2025-12-21,SKU103,243,2328.75
SO354SKU104,2025-12-21,SKU104,637,636.25
SO354SKU105,2025-12-21,SKU105,291,1347.5
SO354SKU106,2025-12-21,SKU106,511,1293.75
SO354SKU107,2025-12-21,SKU107,631,1920.0
SO354SKU108,2025-12-21,SKU108,198,2440.0
SO354SKU109,2025-12-21,SKU109,490,2242.5
SO354SKU110,2025-12-21,SKU110,421,1747.5
SO354SKU111,2025-12-21,SKU111,279,1343.75
SO354SKU112,2025-12-21,SKU112,270,1787.5
SO354SKU113,2025-12-21,SKU113,376,2497.5
SO354SKU114,2025-12-21,SKU114,179,1300.0
SO354SKU115,2025-12-21,SKU115,294,866.25
SO354SKU116,2025-12-21,SKU116,584,491.25
SO354SKU117,2025-12-21,SKU117,382,2353.75
SO354SKU118,2025-12-21,SKU118,583,578.75
SO354SKU119,2025-12-21,SKU119,394,632.5
SO354SKU120,2025-12-21,SKU120,472,1086.25
SO354SKU121,2025-12-21,SKU121,257,2001.25
SO354SKU122,2025-12-21,SKU122,303,791.25
SO354SKU123,2025-12-21,SKU123,660,1283.75
SO354SKU124,2025-12-21,SKU124,558,2090.0
SO354SKU125,2025-12-21,SKU125,307,2171.25
SO354SKU126,2025-12-21,SKU126,179,1933.75
SO354SKU127,2025-12-21,SKU127,504,1741.25
SO354SKU128,2025-12-21,SKU128,437,792.5
SO354SKU129,2025-12-21,SKU129,669,1346.25
SO355SKU100,2025-12-22,SKU100,295,2161.25
SO355SKU101,2025-12-22,SKU101,226,1245.0
SO355SKU102,2025-12-22,SKU102,306,772.5
SO355SKU103,2025-12-22,SKU103,453,2328.75
SO355SKU104,2025-12-22,SKU104,411,636.25
SO355SKU105,2025-12-22,SKU105,557,1347.5
SO355SKU106,2025-12-22,SKU106,449,1293.75
SO355SKU107,2025-12-22,SKU107,668,1920.0
SO355SKU108,2025-12-22,SKU108,109,2440.0
SO355SKU109,2025-12-22,SKU109,190,2242.5
SO355SKU110,2025-12-22,SKU110,658,1747.5
SO355SKU111,2025-12-22,SKU111,500,1343.75
SO355SKU112,2025-12-22,SKU112,270,1787.5
SO355SKU113,2025-12-22,SKU113,492,2497.5
SO355SKU114,2025-12-22,SKU114,243,1300.0
SO355SKU115,2025-12-22,SKU115,454,866.25
SO355SKU116,2025-12-22,SKU116,314,491.25
SO355SKU117,2025-12-22,SKU117,437,2353.75
SO355SKU118,2025-12-22,SKU118,372,578.75
SO355SKU119,2025-12-22,SKU119,622,632.5
SO355SKU120,2025-12-22,SKU120,292,1086.25
SO355SKU121,2025-12-22,SKU121,398,2001.25
SO355SKU122,2025-12-22,SKU122,186,791.25
SO355SKU123,2025-12-22,SKU123,518,1283.75
SO355SKU124,2025-12-22,SKU124,415,2090.0
SO355SKU125,2025-12-22,SKU125,668,2171.25
SO355SKU126,2025-12-22,SKU126,446,1933.75
SO355SKU127,2025-12-22,SKU127,132,1741.25
SO355SKU128,2025-12-22,SKU128,160,792.5
SO355SKU129,2025-12-22,SKU129,164,1346.25
SO356SKU100,2025-12-23,SKU100,221,2161.25
SO356SKU101,2025-12-23,SKU101,394,1245.0
SO356SKU102,2025-12-23,SKU102,549,772.5
SO356SKU103,2025-12-23,SKU103,490,2328.75
SO356SKU104,2025-12-23,SKU104,623,636.25
SO356SKU105,2025-12-23,SKU105,205,1347.5
SO356SKU106,2025-12-23,SKU106,380,1293.75
SO356SKU107,2025-12-23,SKU107,669,1920.0
SO356SKU108,2025-12-23,SKU108,287,2440.0
SO356SKU109,2025-12-23,SKU109,153,2242.5
SO356SKU110,2025-12-23,SKU110,294,1747.5
SO356SKU111,2025-12-23,SKU111,550,1343.75
SO356SKU112,2025-12-23,SKU112,278,1787.5
SO356SKU113,2025-12-23,SKU113,399,2497.5
SO356SKU114,2025-12-23,SKU114,361,1300.0
SO356SKU115,2025-12-23,SKU115,329,866.25
SO356SKU116,2025-12-23,SKU116,522,491.25
SO356SKU117,2025-12-23,SKU117,432,2353.75
SO356SKU118,2025-12-23,SKU118,627,578.75
SO356SKU119,2025-12-23,SKU119,527,632.5
SO356SKU120,2025-12-23,SKU120,126,1086.25
SO356SKU121,2025-12-23,SKU121,504,2001.25
SO356SKU122,2025-12-23,SKU122,476,791.25
SO356SKU123,2025-12-23,SKU123,414,1283.75
SO356SKU124,2025-12-23,SKU124,604,2090.0
SO356SKU125,2025-12-23,SKU125,513,2171.25
SO356SKU126,2025-12-23,SKU126,572,1933.75
SO356SKU127,2025-12-23,SKU127,641,1741.25
SO356SKU128,2025-12-23,SKU128,145,792.5
SO356SKU129,2025-12-23,SKU129,407,1346.25
SO357SKU100,2025-12-24,SKU100,333,2161.25
SO357SKU101,2025-12-24,SKU101,147,1245.0
SO357SKU102,2025-12-24,SKU102,376,772.5
SO357SKU103,2025-12-24,SKU103,322,2328.75
SO357SKU104,2025-12-24,SKU104,179,636.25
SO357SKU105,2025-12-24,SKU105,299,1347.5
SO357SKU106,2025-12-24,SKU106,453,1293.75
SO357SKU107,2025-12-24,SKU107,268,1920.0
SO357SKU108,2025-12-24,SKU108,340,2440.0
SO357SKU109,2025-12-24,SKU109,276,2242.5
SO357SKU110,2025-12-24,SKU110,611,1747.5
SO357SKU111,2025-12-24,SKU111,415,1343.75
SO357SKU112,2025-12-24,SKU112,579,1787.5
SO357SKU113,2025-12-24,SKU113,261,2497.5
SO357SKU114,2025-12-24,SKU114,668,1300.0
SO357SKU115,2025-12-24,SKU115,610,866.25
SO357SKU116,2025-12-24,SKU116,159,491.25
SO357SKU117,2025-12-24,SKU117,672,2353.75
SO357SKU118,2025-12-24,SKU118,423,578.75
SO357SKU119,2025-12-24,SKU119,164,632.5
SO357SKU120,2025-12-24,SKU120,224,1086.25
SO357SKU121,2025-12-24,SKU121,626,2001.25
SO357SKU122,2025-12-24,SKU122,297,791.25
SO357SKU123,2025-12-24,SKU123,218,1283.75
SO357SKU124,2025-12-24,SKU124,450,2090.0
SO357SKU125,2025-12-24,SKU125,496,2171.25
SO357SKU126,2025-12-24,SKU126,673,1933.75
SO357SKU127,2025-12-24,SKU127,292,1741.25
SO357SKU128,2025-12-24,SKU128,494,792.5
SO357SKU129,2025-12-24,SKU129,502,1346.25
SO358SKU100,2025-12-25,SKU100,531,2161.25
SO358SKU101,2025-12-25,SKU101,197,1245.0
SO358SKU102,2025-12-25,SKU102,122,772.5
SO358SKU103,2025-12-25,SKU103,205,2328.75
SO358SKU104,2025-12-25,SKU104,288,636.25
SO358SKU105,2025-12-25,SKU105,471,1347.5
SO358SKU106,2025-12-25,SKU106,237,1293.75
SO358SKU107,2025-12-25,SKU107,557,1920.0
SO358SKU108,2025-12-25,SKU108,237,2440.0
SO358SKU109,2025-12-25,SKU109,136,2242.5
SO358SKU110,2025-12-25,SKU110,152,1747.5
SO358SKU111,2025-12-25,SKU111,276,1343.75
SO358SKU112,2025-12-25,SKU112,575,1787.5
SO358SKU113,2025-12-25,SKU113,365,2497.5
SO358SKU114,2025-12-25,SKU114,556,1300.0
SO358SKU115,2025-12-25,SKU115,662,866.25
SO358SKU116,2025-12-25,SKU116,232,491.25
SO358SKU117,2025-12-25,SKU117,244,2353.75
SO358SKU118,2025-12-25,SKU118,490,578.75
SO358SKU119,2025-12-25,SKU119,580,632.5
SO358SKU120,2025-12-25,SKU120,274,1086.25
SO358SKU121,2025-12-25,SKU121,607,2001.25
SO358SKU122,2025-12-25,SKU122,423,791.25
SO358SKU123,2025-12-25,SKU123,395,1283.75
SO358SKU124,2025-12-25,SKU124,322,2090.0
SO358SKU125,2025-12-25,SKU125,534,2171.25
SO358SKU126,2025-12-25,SKU126,456,1933.75
SO358SKU127,2025-12-25,SKU127,588,1741.25
SO358SKU128,2025-12-25,SKU128,618,792.5
SO358SKU129,2025-12-25,SKU129,141,1346.25
SO359SKU100,2025-12-26,SKU100,322,2161.25
SO359SKU101,2025-12-26,SKU101,340,1245.0
SO359SKU102,2025-12-26,SKU102,122,772.5
SO359SKU103,2025-12-26,SKU103,406,2328.75
SO359SKU104,2025-12-26,SKU104,373,636.25
SO359SKU105,2025-12-26,SKU105,328,1347.5
SO359SKU106,2025-12-26,SKU106,313,1293.75
SO359SKU107,2025-12-26,SKU107,409,1920.0
SO359SKU108,2025-12-26,SKU108,495,2440.0
SO359SKU109,2025-12-26,SKU109,564,2242.5
SO359SKU110,2025-12-26,SKU110,507,1747.5
SO359SKU111,2025-12-26,SKU111,510,1343.75
SO359SKU112,2025-12-26,SKU112,333,1787.5
SO359SKU113,2025-12-26,SKU113,222,2497.5
SO359SKU114,2025-12-26,SKU114,619,1300.0
SO359SKU115,2025-12-26,SKU115,535,866.25
SO359SKU116,2025-12-26,SKU116,184,491.25
SO359SKU117,2025-12-26,SKU117,477,2353.75
SO359SKU118,2025-12-26,SKU118,166,578.75
SO359SKU119,2025-12-26,SKU119,314,632.5
SO359SKU120,2025-12-26,SKU120,164,1086.25
SO359SKU121,2025-12-26,SKU121,538,2001.25
SO359SKU122,2025-12-26,SKU122,591,791.25
SO359SKU123,2025-12-26,SKU123,672,1283.75
SO359SKU124,2025-12-26,SKU124,406,2090.0
SO359SKU125,2025-12-26,SKU125,271,2171.25
SO359SKU126,2025-12-26,SKU126,286,1933.75
SO359SKU127,2025-12-26,SKU127,317,1741.25
SO359SKU128,2025-12-26,SKU128,367,792.5
SO359SKU129,2025-12-26,SKU129,283,1346.25
SO360SKU100,2025-12-27,SKU100,399,2161.25
SO360SKU101,2025-12-27,SKU101,344,1245.0
SO360SKU102,2025-12-27,SKU102,454,772.5
SO360SKU103,2025-12-27,SKU103,584,2328.75
SO360SKU104,2025-12-27,SKU104,441,636.25
SO360SKU105,2025-12-27,SKU105,546,1347.5
SO360SKU106,2025-12-27,SKU106,399,1293.75
SO360SKU107,2025-12-27,SKU107,392,1920.0
SO360SKU108,2025-12-27,SKU108,116,2440.0
SO360SKU109,2025-12-27,SKU109,195,2242.5
SO360SKU110,2025-12-27,SKU110,373,1747.5
SO360SKU111,2025-12-27,SKU111,330,1343.75
SO360SKU112,2025-12-27,SKU112,306,1787.5
SO360SKU113,2025-12-27,SKU113,599,2497.5
SO360SKU114,2025-12-27,SKU114,194,1300.0
SO360SKU115,2025-12-27,SKU115,581,866.25
SO360SKU116,2025-12-27,SKU116,170,491.25
SO360SKU117,2025-12-27,SKU117,399,2353.75
SO360SKU118,2025-12-27,SKU118,459,578.75
SO360SKU119,2025-12-27,SKU119,430,632.5
SO360SKU120,2025-12-27,SKU120,394,1086.25
SO360SKU121,2025-12-27,SKU121,398,2001.25
SO360SKU122,2025-12-27,SKU122,315,791.25
SO360SKU123,2025-12-27,SKU123,398,1283.75
SO360SKU124,2025-12-27,SKU124,280,2090.0
SO360SKU125,2025-12-27,SKU125,500,2171.25
SO360SKU126,2025-12-27,SKU126,588,1933.75
SO360SKU127,2025-12-27,SKU127,251,1741.25
SO360SKU128,2025-12-27,SKU128,236,792.5
SO360SKU129,2025-12-27,SKU129,159,1346.25
SO361SKU100,2025-12-28,SKU100,490,2161.25
SO361SKU101,2025-12-28,SKU101,627,1245.0
SO361SKU102,2025-12-28,SKU102,390,772.5
SO361SKU103,2025-12-28,SKU103,400,2328.75
SO361SKU104,2025-12-28,SKU104,218,636.25
SO361SKU105,2025-12-28,SKU105,596,1347.5
SO361SKU106,2025-12-28,SKU106,233,1293.75
SO361SKU107,2025-12-28,SKU107,496,1920.0
SO361SKU108,2025-12-28,SKU108,199,2440.0
SO361SKU109,2025-12-28,SKU109,441,2242.5
SO361SKU110,2025-12-28,SKU110,603,1747.5
SO361SKU111,2025-12-28,SKU111,376,1343.75
SO361SKU112,2025-12-28,SKU112,526,1787.5
SO361SKU113,2025-12-28,SKU113,400,2497.5
SO361SKU114,2025-12-28,SKU114,118,1300.0
SO361SKU115,2025-12-28,SKU115,346,866.25
SO361SKU116,2025-12-28,SKU116,398,491.25
SO361SKU117,2025-12-28,SKU117,116,2353.75
SO361SKU118,2025-12-28,SKU118,432,578.75
SO361SKU119,2025-12-28,SKU119,446,632.5
SO361SKU120,2025-12-28,SKU120,612,1086.25
SO361SKU121,2025-12-28,SKU121,321,2001.25
SO361SKU122,2025-12-28,SKU122,313,791.25
SO361SKU123,2025-12-28,SKU123,257,1283.75
SO361SKU124,2025-12-28,SKU124,248,2090.0
SO361SKU125,2025-12-28,SKU125,637,2171.25
SO361SKU126,2025-12-28,SKU126,317,1933.75
SO361SKU127,2025-12-28,SKU127,625,1741.25
SO361SKU128,2025-12-28,SKU128,608,792.5
SO361SKU129,2025-12-28,SKU129,392,1346.25
SO362SKU100,2025-12-29,SKU100,245,2161.25
SO362SKU101,2025-12-29,SKU101,151,1245.0
SO362SKU102,2025-12-29,SKU102,220,772.5
SO362SKU103,2025-12-29,SKU103,442,2328.75
SO362SKU104,2025-12-29,SKU104,252,636.25
SO362SKU105,2025-12-29,SKU105,379,1347.5
SO362SKU106,2025-12-29,SKU106,533,1293.75
SO362SKU107,2025-12-29,SKU107,157,1920.0
SO362SKU108,2025-12-29,SKU108,333,2440.0
SO362SKU109,2025-12-29,SKU109,114,2242.5
SO362SKU110,2025-12-29,SKU110,529,1747.5
SO362SKU111,2025-12-29,SKU111,565,1343.75
SO362SKU112,2025-12-29,SKU112,263,1787.5
SO362SKU113,2025-12-29,SKU113,545,2497.5
SO362SKU114,2025-12-29,SKU114,182,1300.0
SO362SKU115,2025-12-29,SKU115,280,866.25
SO362SKU116,2025-12-29,SKU116,583,491.25
SO362SKU117,2025-12-29,SKU117,394,2353.75
SO362SKU118,2025-12-29,SKU118,544,578.75
SO362SKU119,2025-12-29,SKU119,144,632.5
SO362SKU120,2025-12-29,SKU120,491,1086.25
SO362SKU121,2025-12-29,SKU121,591,2001.25
SO362SKU122,2025-12-29,SKU122,211,791.25
SO362SKU123,2025-12-29,SKU123,657,1283.75
SO362SKU124,2025-12-29,SKU124,353,2090.0
SO362SKU125,2025-12-29,SKU125,456,2171.25
SO362SKU126,2025-12-29,SKU126,224,1933.75
SO362SKU127,2025-12-29,SKU127,333,1741.25
SO362SKU128,2025-12-29,SKU128,413,792.5
SO362SKU129,2025-12-29,SKU129,168,1346.25
SO363SKU100,2025-12-30,SKU100,596,2161.25
SO363SKU101,2025-12-30,SKU101,124,1245.0
SO363SKU102,2025-12-30,SKU102,318,772.5
SO363SKU103,2025-12-30,SKU103,645,2328.75
SO363SKU104,2025-12-30,SKU104,622,636.25
SO363SKU105,2025-12-30,SKU105,328,1347.5
SO363SKU106,2025-12-30,SKU106,380,1293.75
SO363SKU107,2025-12-30,SKU107,481,1920.0
SO363SKU108,2025-12-30,SKU108,540,2440.0
SO363SKU109,2025-12-30,SKU109,130,2242.5
SO363SKU110,2025-12-30,SKU110,170,1747.5
SO363SKU111,2025-12-30,SKU111,604,1343.75
SO363SKU112,2025-12-30,SKU112,237,1787.5
SO363SKU113,2025-12-30,SKU113,588,2497.5
SO363SKU114,2025-12-30,SKU114,635,1300.0
SO363SKU115,2025-12-30,SKU115,237,866.25
SO363SKU116,2025-12-30,SKU116,187,491.25
SO363SKU117,2025-12-30,SKU117,213,2353.75
SO363SKU118,2025-12-30,SKU118,372,578.75
SO363SKU119,2025-12-30,SKU119,265,632.5
SO363SKU120,2025-12-30,SKU120,448,1086.25
SO363SKU121,2025-12-30,SKU121,108,2001.25
SO363SKU122,2025-12-30,SKU122,261,791.25
SO363SKU123,2025-12-30,SKU123,487,1283.75
SO363SKU124,2025-12-30,SKU124,153,2090.0
SO363SKU125,2025-12-30,SKU125,402,2171.25
SO363SKU126,2025-12-30,SKU126,259,1933.75
SO363SKU127,2025-12-30,SKU127,554,1741.25
SO363SKU128,2025-12-30,SKU128,280,792.5
SO363SKU129,2025-12-30,SKU129,398,1346.25
SO364SKU100,2025-12-31,SKU100,287,2161.25
SO364SKU101,2025-12-31,SKU101,522,1245.0
SO364SKU102,2025-12-31,SKU102,608,772.5
SO364SKU103,2025-12-31,SKU103,621,2328.75
SO364SKU104,2025-12-31,SKU104,487,636.25
SO364SKU105,2025-12-31,SKU105,274,1347.5
SO364SKU106,2025-12-31,SKU106,352,1293.75
SO364SKU107,2025-12-31,SKU107,476,1920.0
SO364SKU108,2025-12-31,SKU108,253,2440.0
SO364SKU109,2025-12-31,SKU109,661,2242.5
SO364SKU110,2025-12-31,SKU110,325,1747.5
SO364SKU111,2025-12-31,SKU111,459,1343.75
SO364SKU112,2025-12-31,SKU112,496,1787.5
SO364SKU113,2025-12-31,SKU113,117,2497.5
SO364SKU114,2025-12-31,SKU114,191,1300.0
SO364SKU115,2025-12-31,SKU115,430,866.25
SO364SKU116,2025-12-31,SKU116,125,491.25
SO364SKU117,2025-12-31,SKU117,145,2353.75
SO364SKU118,2025-12-31,SKU118,252,578.75
SO364SKU119,2025-12-31,SKU119,378,632.5
SO364SKU120,2025-12-31,SKU120,542,1086.25
SO364SKU121,2025-12-31,SKU121,275,2001.25
SO364SKU122,2025-12-31,SKU122,673,791.25
SO364SKU123,2025-12-31,SKU123,525,1283.75
SO364SKU124,2025-12-31,SKU124,504,2090.0
SO364SKU125,2025-12-31,SKU125,450,2171.25
SO364SKU126,2025-12-31,SKU126,182,1933.75
SO364SKU127,2025-12-31,SKU127,310,1741.25
SO364SKU128,2025-12-31,SKU128,548,792.5
SO364SKU129,2025-12-31,SKU129,355,1346.25
