ShipmentID,Origin,Destination,Mode,LeadTimeDays,Status,ShipDate,SKUID,Qty,ArrivalDate
SHP000000,Shenzhen,Sao Paulo,Sea,15,Delayed,2025-08-13,SKU102,118,2025-08-28
SHP000001,Ho Chi Minh City,Rotterdam,Sea,18,In Transit,2025-07-23,SKU124,176,2025-08-10
SHP000002,Ho Chi Minh City,Chicago,Air,9,Delayed,2025-09-15,SKU110,147,2025-09-24
SHP000003,Chennai,Sao Paulo,Road,16,Delivered,2025-12-11,SKU116,173,2025-12-27
SHP000004,Shenzhen,Sydney,Air,23,Delivered,2025-05-24,SKU124,182,2025-06-16
SHP000005,Shenzhen,Mumbai,Air,14,Delayed,2025-04-21,SKU104,211,2025-05-05
SHP000006,Noida,Sao Paulo,Sea,8,Delayed,2025-07-09,SKU114,197,2025-07-17
SHP000007,Zhengzhou,Rotterdam,Sea,18,Delayed,2025-09-18,SKU104,210,2025-10-06
SHP000008,Chennai,Dubai,Road,6,In Transit,2025-08-14,SKU104,207,2025-08-20
SHP000009,Bangkok,Sydney,Sea,5,Delayed,2025-03-17,SKU122,131,2025-03-22
SHP000010,Zhengzhou,Mumbai,Air,22,Delivered,2025-07-01,SKU102,194,2025-07-23
SHP000011,Chennai,Singapore,Air,19,Delayed,2025-08-09,SKU109,140,2025-08-28
SHP000012,Bangkok,Singapore,Road,19,In Transit,2025-03-28,SKU104,205,2025-04-16
SHP000013,Chennai,Johannesburg,Sea,17,In Transit,2025-07-30,SKU107,154,2025-08-16
SHP000014,Chennai,Chicago,Sea,20,Delayed,2025-01-25,SKU106,138,2025-02-14
SHP000015,Ho Chi Minh City,Sao Paulo,Air,10,Delivered,2025-01-05,SKU103,137,2025-01-15
SHP000016,Bangkok,Mumbai,Air,13,Delayed,2025-04-27,SKU113,170,2025-05-10
SHP000017,Ho Chi Minh City,Sao Paulo,Air,3,Delayed,2025-07-16,SKU101,97,2025-07-19
SHP000018,Chennai,Mumbai,Air,17,Delivered,2025-01-16,SKU112,145,2025-02-02
SHP000019,Ho Chi Minh City,Sao Paulo,Sea,13,Delivered,2025-06-29,SKU108,119,2025-07-12
SHP000020,Bangkok,Singapore,Air,4,Delayed,2025-12-28,SKU100,201,2026-01-01
SHP000021,Noida,Sao Paulo,Road,14,Delayed,2025-10-21,SKU123,112,2025-11-04
SHP000022,Chennai,Johannesburg,Road,5,Delayed,2025-07-01,SKU121,135,2025-07-06
SHP000023,Chennai,Chicago,Air,22,In Transit,2025-11-25,SKU106,221,2025-12-17
SHP000024,Chennai,Mumbai,Road,6,Delayed,2025-05-09,SKU111,121,2025-05-15
SHP000025,Chennai,Johannesburg,Sea,22,Delayed,2025-02-11,SKU111,97,2025-03-05
SHP000026,Chennai,Singapore,Air,2,Delivered,2025-12-02,SKU129,166,2025-12-04
SHP000027,Chennai,Chicago,Air,9,Delayed,2025-08-24,SKU128,104,2025-09-02
SHP000028,Zhengzhou,Sao Paulo,Sea,4,Delivered,2025-12-08,SKU100,192,2025-12-12
SHP000029,Ho Chi Minh City,Mumbai,Road,12,Delayed,2025-12-08,SKU107,205,2025-12-20
SHP000030,Bangkok,Rotterdam,Sea,6,Delivered,2025-12-08,SKU107,211,2025-12-14
SHP000031,Ho Chi Minh City,Singapore,Air,24,Delivered,2025-05-13,SKU116,221,2025-06-06
SHP000032,Shenzhen,Singapore,Sea,11,Delivered,2025-11-14,SKU101,171,2025-11-25
SHP000033,Chennai,Johannesburg,Sea,25,In Transit,2025-12-26,SKU124,112,2026-01-20
SHP000034,Ho Chi Minh City,Sydney,Sea,23,Delayed,2025-11-20,SKU100,196,2025-12-13
SHP000035,Ho Chi Minh City,Rotterdam,Road,3,Delayed,2025-09-10,SKU115,144,2025-09-13
SHP000036,Shenzhen,Chicago,Air,19,Delivered,2025-12-29,SKU121,170,2026-01-17
SHP000037,Chennai,Chicago,Sea,20,In Transit,2025-02-03,SKU107,130,2025-02-23
SHP000038,Noida,Rotterdam,Air,21,In Transit,2025-02-14,SKU124,218,2025-03-07
SHP000039,Shenzhen,Sao Paulo,Road,17,In Transit,2025-12-28,SKU108,171,2026-01-14
SHP000040,Noida,Johannesburg,Air,2,In Transit,2025-12-03,SKU119,198,2025-12-05
SHP000041,Chennai,Sao Paulo,Road,10,Delayed,2025-12-11,SKU102,149,2025-12-21
SHP000042,Bangkok,Chicago,Road,24,In Transit,2025-01-27,SKU121,207,2025-02-20
SHP000043,Shenzhen,Rotterdam,Road,8,In Transit,2025-05-12,SKU121,104,2025-05-20
SHP000044,Zhengzhou,Johannesburg,Road,5,In Transit,2025-01-22,SKU108,108,2025-01-27
SHP000045,Chennai,Mumbai,Road,7,Delayed,2025-02-14,SKU109,158,2025-02-21
SHP000046,Bangkok,Sao Paulo,Road,2,In Transit,2025-11-09,SKU129,131,2025-11-11
SHP000047,Zhengzhou,Singapore,Road,2,Delayed,2025-03-15,SKU111,102,2025-03-17
SHP000048,Ho Chi Minh City,Dubai,Air,20,Delayed,2025-09-22,SKU111,153,2025-10-12
SHP000049,Bangkok,Dubai,Road,15,In Transit,2025-10-14,SKU102,160,2025-10-29
SHP000050,Chennai,Dubai,Sea,4,Delivered,2025-05-14,SKU108,188,2025-05-18
SHP000051,Chennai,Singapore,Air,18,In Transit,2025-01-21,SKU115,200,2025-02-08
SHP000052,Shenzhen,Dubai,Air,24,Delayed,2025-04-23,SKU116,212,2025-05-17
SHP000053,Zhengzhou,Mumbai,Sea,7,Delayed,2025-03-31,SKU106,181,2025-04-07
SHP000054,Bangkok,Sydney,Sea,24,Delivered,2025-05-14,SKU111,113,2025-06-07
SHP000055,Zhengzhou,Johannesburg,Road,24,Delivered,2025-12-01,SKU102,207,2025-12-25
SHP000056,Shenzhen,Mumbai,Road,24,Delivered,2025-11-20,SKU103,174,2025-12-14
SHP000057,Noida,Chicago,Sea,21,In Transit,2025-02-01,SKU114,145,2025-02-22
SHP000058,Bangkok,Johannesburg,Road,16,In Transit,2025-08-07,SKU123,184,2025-08-23
SHP000059,Noida,Sydney,Air,13,Delayed,2025-04-28,SKU117,156,2025-05-11
SHP000060,Chennai,Johannesburg,Road,25,In Transit,2025-05-02,SKU123,146,2025-05-27
SHP000061,Bangkok,Singapore,Road,15,In Transit,2025-06-17,SKU105,120,2025-07-02
SHP000062,Ho Chi Minh City,Johannesburg,Sea,6,Delayed,2025-04-03,SKU116,188,2025-04-09
SHP000063,Noida,Sao Paulo,Sea,7,Delivered,2025-10-23,SKU111,172,2025-10-30
SHP000064,Zhengzhou,Sydney,Sea,22,Delivered,2025-06-15,SKU115,179,2025-07-07
SHP000065,Noida,Johannesburg,Road,20,Delivered,2025-07-03,SKU103,156,2025-07-23
SHP000066,Chennai,Johannesburg,Air,3,In Transit,2025-03-11,SKU126,143,2025-03-14
SHP000067,Noida,Rotterdam,Air,8,Delayed,2025-07-10,SKU111,210,2025-07-18
SHP000068,Bangkok,Sao Paulo,Sea,5,Delivered,2025-04-08,SKU116,193,2025-04-13
SHP000069,Bangkok,Sydney,Sea,10,Delayed,2025-09-25,SKU121,135,2025-10-05
SHP000070,Shenzhen,Johannesburg,Road,20,Delivered,2025-03-30,SKU128,184,2025-04-19
SHP000071,Bangkok,Sao Paulo,Road,10,In Transit,2025-08-25,SKU118,110,2025-09-04
SHP000072,Chennai,Sao Paulo,Air,19,Delivered,2025-12-18,SKU125,133,2026-01-06
SHP000073,Ho Chi Minh City,Sao Paulo,Road,19,Delayed,2025-05-30,SKU120,205,2025-06-18
SHP000074,Shenzhen,Sao Paulo,Road,13,Delayed,2025-06-10,SKU113,229,2025-06-23
SHP000075,Shenzhen,Chicago,Air,7,Delayed,2025-11-30,SKU122,195,2025-12-07
SHP000076,Noida,Johannesburg,Air,4,Delayed,2025-08-23,SKU116,244,2025-08-27
SHP000077,Zhengzhou,Dubai,Sea,21,Delivered,2025-08-22,SKU107,129,2025-09-12
SHP000078,Ho Chi Minh City,Chicago,Sea,22,Delivered,2025-05-18,SKU118,162,2025-06-09
SHP000079,Noida,Rotterdam,Road,5,In Transit,2025-08-26,SKU118,178,2025-08-31
SHP000080,Ho Chi Minh City,Dubai,Road,14,Delivered,2025-07-27,SKU129,216,2025-08-10
SHP000081,Bangkok,Sydney,Sea,4,In Transit,2025-11-05,SKU105,118,2025-11-09
SHP000082,Zhengzhou,Mumbai,Road,18,In Transit,2025-05-09,SKU123,109,2025-05-27
SHP000083,Shenzhen,Chicago,Air,18,In Transit,2025-03-16,SKU114,187,2025-04-03
SHP000084,Bangkok,Dubai,Road,17,In Transit,2025-06-22,SKU110,88,2025-07-09
SHP000085,Shenzhen,Dubai,Road,12,In Transit,2025-10-08,SKU117,219,2025-10-20
SHP000086,Noida,Johannesburg,Air,10,In Transit,2025-08-04,SKU128,152,2025-08-14
SHP000087,Noida,Chicago,Sea,9,Delivered,2025-03-15,SKU123,132,2025-03-24
SHP000088,Noida,Sao Paulo,Sea,11,Delivered,2025-04-21,SKU104,194,2025-05-02
SHP000089,Chennai,Johannesburg,Air,6,Delivered,2025-12-27,SKU111,174,2026-01-02
SHP000090,Bangkok,Dubai,Air,24,In Transit,2025-07-09,SKU123,190,2025-08-02
SHP000091,Noida,Johannesburg,Road,14,In Transit,2025-04-13,SKU105,188,2025-04-27
SHP000092,Bangkok,Johannesburg,Road,21,In Transit,2025-05-02,SKU116,198,2025-05-23
SHP000093,Chennai,Rotterdam,Sea,8,Delayed,2025-02-17,SKU121,104,2025-02-25
SHP000094,Zhengzhou,Sydney,Road,22,In Transit,2025-11-30,SKU100,189,2025-12-22
SHP000095,Zhengzhou,Sao Paulo,Road,16,Delayed,2025-10-19,SKU125,214,2025-11-04
SHP000096,Zhengzhou,Chicago,Road,25,Delayed,2025-04-05,SKU128,118,2025-04-30
SHP000097,Chennai,Chicago,Sea,5,Delivered,2025-02-08,SKU109,101,2025-02-13
SHP000098,Noida,Johannesburg,Air,8,Delayed,2025-12-25,SKU103,201,2026-01-02
SHP000099,Noida,Sao Paulo,Air,8,In Transit,2025-03-15,SKU122,98,2025-03-23
SHP000100,Noida,Singapore,Road,12,Delivered,2025-09-09,SKU121,215,2025-09-21
SHP000101,Ho Chi Minh City,Johannesburg,Air,20,Delayed,2025-05-05,SKU104,216,2025-05-25
SHP000102,Zhengzhou,Mumbai,Air,3,In Transit,2025-01-28,SKU121,100,2025-01-31
SHP000103,Chennai,Johannesburg,Air,5,In Transit,2025-10-14,SKU101,202,2025-10-19
SHP000104,Chennai,Dubai,Sea,23,Delivered,2025-01-10,SKU121,160,2025-02-02
SHP000105,Ho Chi Minh City,Mumbai,Road,17,In Transit,2025-08-22,SKU112,213,2025-09-08
SHP000106,Ho Chi Minh City,Chicago,Road,20,In Transit,2025-03-02,SKU112,128,2025-03-22
SHP000107,Chennai,Sydney,Air,8,Delayed,2025-01-30,SKU100,110,2025-02-07
SHP000108,Zhengzhou,Dubai,Road,6,Delivered,2025-12-20,SKU121,149,2025-12-26
SHP000109,Noida,Sydney,Sea,22,In Transit,2025-04-24,SKU129,135,2025-05-16
SHP000110,Zhengzhou,Johannesburg,Road,9,Delayed,2025-02-04,SKU127,200,2025-02-13
SHP000111,Shenzhen,Dubai,Air,10,Delayed,2025-01-07,SKU108,228,2025-01-17
SHP000112,Shenzhen,Singapore,Air,3,Delivered,2025-04-23,SKU106,181,2025-04-26
SHP000113,Bangkok,Chicago,Road,8,Delivered,2025-02-15,SKU100,160,2025-02-23
SHP000114,Shenzhen,Dubai,Air,20,Delayed,2025-02-05,SKU116,123,2025-02-25
SHP000115,Bangkok,Johannesburg,Road,10,Delayed,2025-03-05,SKU122,126,2025-03-15
SHP000116,Ho Chi Minh City,Rotterdam,Sea,22,Delayed,2025-11-03,SKU112,99,2025-11-25
SHP000117,Noida,Sao Paulo,Sea,23,Delivered,2025-11-09,SKU115,197,2025-12-02
SHP000118,Noida,Sydney,Air,18,Delivered,2025-11-26,SKU124,198,2025-12-14
SHP000119,Zhengzhou,Johannesburg,Sea,14,Delivered,2025-08-19,SKU105,185,2025-09-02
SHP000120,Chennai,Chicago,Air,9,Delivered,2025-09-01,SKU112,118,2025-09-10
SHP000121,Chennai,Sao Paulo,Sea,5,Delivered,2025-10-01,SKU110,209,2025-10-06
SHP000122,Noida,Chicago,Road,17,In Transit,2025-12-05,SKU117,197,2025-12-22
SHP000123,Chennai,Sydney,Air,8,In Transit,2025-03-29,SKU121,210,2025-04-06
SHP000124,Zhengzhou,Sao Paulo,Road,24,Delayed,2025-11-14,SKU129,205,2025-12-08
SHP000125,Noida,Mumbai,Road,11,In Transit,2025-08-26,SKU126,143,2025-09-06
SHP000126,Bangkok,Rotterdam,Sea,9,In Transit,2025-05-10,SKU101,109,2025-05-19
SHP000127,Bangkok,Mumbai,Sea,19,In Transit,2025-11-06,SKU122,107,2025-11-25
SHP000128,Noida,Dubai,Sea,14,Delivered,2025-06-22,SKU121,177,2025-07-06
SHP000129,Ho Chi Minh City,Johannesburg,Road,5,Delivered,2025-09-23,SKU119,172,2025-09-28
SHP000130,Bangkok,Rotterdam,Road,21,Delayed,2025-12-29,SKU105,118,2026-01-19
SHP000131,Bangkok,Rotterdam,Road,6,Delayed,2025-07-12,SKU128,211,2025-07-18
SHP000132,Noida,Mumbai,Road,3,In Transit,2025-03-20,SKU119,105,2025-03-23
SHP000133,Ho Chi Minh City,Johannesburg,Air,5,Delayed,2025-05-14,SKU114,156,2025-05-19
SHP000134,Noida,Mumbai,Sea,9,Delivered,2025-04-03,SKU117,212,2025-04-12
SHP000135,Noida,Mumbai,Air,13,In Transit,2025-02-19,SKU121,111,2025-03-04
SHP000136,Noida,Mumbai,Road,18,Delivered,2025-10-12,SKU112,157,2025-10-30
SHP000137,Shenzhen,Rotterdam,Road,11,Delivered,2025-09-23,SKU112,139,2025-10-04
SHP000138,Zhengzhou,Chicago,Road,5,Delayed,2025-12-09,SKU123,176,2025-12-14
SHP000139,Shenzhen,Sydney,Road,25,Delivered,2025-04-23,SKU111,216,2025-05-18
SHP000140,Bangkok,Johannesburg,Air,4,Delivered,2025-11-03,SKU110,117,2025-11-07
SHP000141,Zhengzhou,Dubai,Road,6,In Transit,2025-12-30,SKU121,111,2026-01-05
SHP000142,Ho Chi Minh City,Sao Paulo,Road,19,Delivered,2025-11-14,SKU115,132,2025-12-03
SHP000143,Bangkok,Sao Paulo,Air,22,Delayed,2025-06-30,SKU109,148,2025-07-22
SHP000144,Bangkok,Chicago,Sea,12,In Transit,2025-10-19,SKU104,109,2025-10-31
SHP000145,Ho Chi Minh City,Mumbai,Road,24,In Transit,2025-04-23,SKU112,135,2025-05-17
SHP000146,Ho Chi Minh City,Johannesburg,Air,4,In Transit,2025-07-10,SKU129,207,2025-07-14
SHP000147,Noida,Johannesburg,Air,17,In Transit,2025-08-11,SKU103,120,2025-08-28
SHP000148,Ho Chi Minh City,Chicago,Road,25,In Transit,2025-07-06,SKU127,166,2025-07-31
SHP000149,Noida,Johannesburg,Sea,25,Delayed,2025-03-22,SKU101,211,2025-04-16
SHP000150,Noida,Johannesburg,Air,15,Delayed,2025-09-23,SKU114,174,2025-10-08
SHP000151,Shenzhen,Sydney,Road,6,In Transit,2025-10-19,SKU120,100,2025-10-25
SHP000152,Chennai,Sydney,Road,2,Delivered,2025-09-01,SKU123,181,2025-09-03
SHP000153,Bangkok,Dubai,Air,4,In Transit,2025-10-09,SKU108,122,2025-10-13
SHP000154,Zhengzhou,Singapore,Air,7,In Transit,2025-05-05,SKU110,176,2025-05-12
SHP000155,Noida,Dubai,Air,16,In Transit,2025-06-04,SKU118,193,2025-06-20
SHP000156,Chennai,Chicago,Sea,14,In Transit,2025-11-25,SKU109,164,2025-12-09
SHP000157,Shenzhen,Rotterdam,Air,12,Delivered,2025-08-11,SKU120,104,2025-08-23
SHP000158,Shenzhen,Chicago,Air,25,In Transit,2025-07-30,SKU101,101,2025-08-24
SHP000159,Zhengzhou,Dubai,Air,24,Delayed,2025-03-20,SKU116,225,2025-04-13
SHP000160,Zhengzhou,Mumbai,Sea,7,In Transit,2025-03-02,SKU119,209,2025-03-09
SHP000161,Shenzhen,Rotterdam,Road,18,Delivered,2025-01-18,SKU110,192,2025-02-05
SHP000162,Zhengzhou,Mumbai,Air,19,In Transit,2025-08-05,SKU118,234,2025-08-24
SHP000163,Zhengzhou,Chicago,Road,18,Delivered,2025-10-09,SKU121,135,2025-10-27
SHP000164,Bangkok,Mumbai,Sea,23,In Transit,2025-01-29,SKU126,168,2025-02-21
SHP000165,Noida,Johannesburg,Road,15,Delayed,2025-08-21,SKU102,182,2025-09-05
SHP000166,Bangkok,Sao Paulo,Road,8,In Transit,2025-05-29,SKU129,149,2025-06-06
SHP000167,Shenzhen,Rotterdam,Air,13,In Transit,2025-08-29,SKU112,144,2025-09-11
SHP000168,Bangkok,Sao Paulo,Air,3,Delivered,2025-09-24,SKU110,117,2025-09-27
SHP000169,Shenzhen,Singapore,Sea,23,Delayed,2025-05-14,SKU102,146,2025-06-06
SHP000170,Bangkok,Chicago,Sea,6,In Transit,2025-10-23,SKU113,96,2025-10-29
SHP000171,Ho Chi Minh City,Dubai,Road,12,Delivered,2025-11-15,SKU109,135,2025-11-27
SHP000172,Chennai,Sao Paulo,Sea,7,In Transit,2025-01-15,SKU124,165,2025-01-22
SHP000173,Noida,Chicago,Road,8,Delayed,2025-11-12,SKU109,183,2025-11-20
SHP000174,Chennai,Singapore,Road,5,In Transit,2025-01-04,SKU109,230,2025-01-09
SHP000175,Shenzhen,Sao Paulo,Sea,3,In Transit,2025-08-08,SKU107,107,2025-08-11
SHP000176,Zhengzhou,Singapore,Sea,24,Delayed,2025-06-12,SKU102,193,2025-07-06
SHP000177,Shenzhen,Mumbai,Air,16,Delivered,2025-04-12,SKU101,183,2025-04-28
SHP000178,Shenzhen,Rotterdam,Road,17,Delayed,2025-05-20,SKU129,131,2025-06-06
SHP000179,Shenzhen,Dubai,Air,21,Delayed,2025-06-18,SKU122,129,2025-07-09
SHP000180,Noida,Johannesburg,Sea,10,Delivered,2025-08-24,SKU110,109,2025-09-03
SHP000181,Ho Chi Minh City,Mumbai,Sea,17,Delayed,2025-03-30,SKU103,174,2025-04-16
SHP000182,Chennai,Dubai,Road,6,Delivered,2025-07-10,SKU113,224,2025-07-16
SHP000183,Ho Chi Minh City,Johannesburg,Road,6,Delivered,2025-07-06,SKU125,179,2025-07-12
SHP000184,Shenzhen,Chicago,Road,6,Delayed,2025-07-10,SKU102,183,2025-07-16
SHP000185,Bangkok,Singapore,Sea,14,Delivered,2025-01-11,SKU121,157,2025-01-25
SHP000186,Noida,Rotterdam,Road,25,Delivered,2025-06-08,SKU116,200,2025-07-03
SHP000187,Chennai,Singapore,Sea,23,Delayed,2025-06-17,SKU122,118,2025-07-10
SHP000188,Zhengzhou,Sao Paulo,Sea,5,Delivered,2025-02-26,SKU110,197,2025-03-03
SHP000189,Noida,Dubai,Air,6,Delivered,2025-11-12,SKU108,174,2025-11-18
SHP000190,Chennai,Rotterdam,Road,4,Delayed,2025-01-09,SKU121,203,2025-01-13
SHP000191,Noida,Singapore,Air,7,In Transit,2025-09-08,SKU103,109,2025-09-15
SHP000192,Bangkok,Chicago,Road,25,Delayed,2025-06-13,SKU126,130,2025-07-08
SHP000193,Noida,Johannesburg,Sea,16,Delayed,2025-11-10,SKU105,125,2025-11-26
SHP000194,Ho Chi Minh City,Dubai,Road,6,Delayed,2025-11-03,SKU129,208,2025-11-09
SHP000195,Shenzhen,Sydney,Air,19,Delayed,2025-01-25,SKU100,172,2025-02-13
SHP000196,Zhengzhou,Chicago,Air,13,In Transit,2025-07-10,SKU113,193,2025-07-23
SHP000197,Noida,Dubai,Air,13,In Transit,2025-10-28,SKU105,133,2025-11-10
SHP000198,Noida,Rotterdam,Sea,25,Delivered,2025-10-09,SKU125,107,2025-11-03
SHP000199,Zhengzhou,Sydney,Road,24,In Transit,2025-05-12,SKU107,134,2025-06-05
SHP000200,Ho Chi Minh City,Rotterdam,Road,13,In Transit,2025-05-12,SKU108,120,2025-05-25
SHP000201,Zhengzhou,Chicago,Sea,11,Delayed,2025-02-11,SKU104,221,2025-02-22
SHP000202,Zhengzhou,Chicago,Air,4,Delivered,2025-06-22,SKU103,156,2025-06-26
SHP000203,Shenzhen,Sydney,Sea,3,Delivered,2025-02-02,SKU121,138,2025-02-05
SHP000204,Shenzhen,Johannesburg,Air,23,Delivered,2025-12-09,SKU112,160,2026-01-01
SHP000205,Bangkok,Sao Paulo,Air,22,Delivered,2025-04-23,SKU118,123,2025-05-15
SHP000206,Noida,Singapore,Road,23,Delivered,2025-04-12,SKU109,127,2025-05-05
SHP000207,Noida,Singapore,Sea,22,Delayed,2025-02-20,SKU121,101,2025-03-14
SHP000208,Zhengzhou,Chicago,Sea,18,Delayed,2025-06-16,SKU110,108,2025-07-04
SHP000209,Ho Chi Minh City,Sao Paulo,Sea,5,Delivered,2025-12-26,SKU110,199,2025-12-31
SHP000210,Zhengzhou,Singapore,Air,15,Delayed,2025-09-07,SKU114,107,2025-09-22
SHP000211,Ho Chi Minh City,Chicago,Air,6,Delivered,2025-05-03,SKU128,173,2025-05-09
SHP000212,Zhengzhou,Singapore,Sea,14,Delivered,2025-07-12,SKU102,179,2025-07-26
SHP000213,Zhengzhou,Sao Paulo,Sea,9,In Transit,2025-10-05,SKU128,152,2025-10-14
SHP000214,Ho Chi Minh City,Sydney,Road,9,Delivered,2025-02-17,SKU121,108,2025-02-26
SHP000215,Bangkok,Sao Paulo,Sea,24,Delayed,2025-07-06,SKU111,213,2025-07-30
SHP000216,Ho Chi Minh City,Dubai,Air,14,Delayed,2025-10-15,SKU108,203,2025-10-29
SHP000217,Zhengzhou,Singapore,Sea,20,Delayed,2025-08-26,SKU122,107,2025-09-15
SHP000218,Bangkok,Chicago,Air,18,Delivered,2025-10-22,SKU112,172,2025-11-09
SHP000219,Zhengzhou,Chicago,Air,17,Delayed,2025-08-18,SKU121,192,2025-09-04
SHP000220,Chennai,Chicago,Sea,25,Delayed,2025-04-19,SKU129,123,2025-05-14
SHP000221,Bangkok,Chicago,Air,12,In Transit,2025-08-20,SKU120,151,2025-09-01
SHP000222,Ho Chi Minh City,Sao Paulo,Road,4,Delayed,2025-06-28,SKU117,147,2025-07-02
SHP000223,Noida,Mumbai,Road,12,Delayed,2025-02-21,SKU117,183,2025-03-05
SHP000224,Bangkok,Mumbai,Road,17,In Transit,2025-08-15,SKU100,147,2025-09-01
SHP000225,Bangkok,Singapore,Sea,14,In Transit,2025-11-06,SKU118,150,2025-11-20
SHP000226,Noida,Sao Paulo,Sea,3,In Transit,2025-07-28,SKU129,119,2025-07-31
SHP000227,Chennai,Mumbai,Air,17,Delayed,2025-05-17,SKU106,124,2025-06-03
SHP000228,Chennai,Sao Paulo,Air,19,Delayed,2025-06-03,SKU120,175,2025-06-22
SHP000229,Noida,Rotterdam,Air,8,In Transit,2025-11-03,SKU108,136,2025-11-11
SHP000230,Bangkok,Sydney,Air,3,In Transit,2025-04-08,SKU110,152,2025-04-11
SHP000231,Shenzhen,Johannesburg,Road,13,In Transit,2025-11-25,SKU123,136,2025-12-08
SHP000232,Shenzhen,Sydney,Road,13,Delayed,2025-01-06,SKU127,195,2025-01-19
SHP000233,Noida,Sao Paulo,Air,8,Delayed,2025-05-11,SKU105,218,2025-05-19
SHP000234,Chennai,Rotterdam,Air,23,In Transit,2025-07-28,SKU118,153,2025-08-20
SHP000235,Shenzhen,Rotterdam,Sea,12,Delayed,2025-07-13,SKU117,128,2025-07-25
SHP000236,Chennai,Dubai,Sea,20,Delayed,2025-09-29,SKU127,201,2025-10-19
SHP000237,Chennai,Chicago,Air,23,In Transit,2025-05-23,SKU104,110,2025-06-15
SHP000238,Ho Chi Minh City,Dubai,Sea,23,Delayed,2025-06-29,SKU128,139,2025-07-22
SHP000239,Chennai,Sydney,Sea,3,In Transit,2025-04-09,SKU122,155,2025-04-12
SHP000240,Zhengzhou,Chicago,Sea,13,Delayed,2025-06-14,SKU104,201,2025-06-27
SHP000241,Noida,Dubai,Road,3,Delayed,2025-09-27,SKU101,167,2025-09-30
SHP000242,Zhengzhou,Sydney,Sea,22,In Transit,2025-08-31,SKU118,213,2025-09-22
SHP000243,Chennai,Rotterdam,Road,11,In Transit,2025-11-04,SKU117,194,2025-11-15
SHP000244,Shenzhen,Sao Paulo,Road,22,Delayed,2025-08-18,SKU105,121,2025-09-09
SHP000245,Ho Chi Minh City,Johannesburg,Sea,18,In Transit,2025-04-09,SKU124,155,2025-04-27
SHP000246,Bangkok,Mumbai,Road,9,In Transit,2025-02-24,SKU123,187,2025-03-05
SHP000247,Chennai,Singapore,Sea,18,Delivered,2025-03-10,SKU108,201,2025-03-28
SHP000248,Noida,Dubai,Road,6,Delivered,2025-07-24,SKU107,144,2025-07-30
SHP000249,Shenzhen,Dubai,Sea,18,Delayed,2025-05-17,SKU123,204,2025-06-04
SHP000250,Shenzhen,Sao Paulo,Air,19,Delayed,2025-11-19,SKU128,190,2025-12-08
SHP000251,Bangkok,Sao Paulo,Air,10,In Transit,2025-04-21,SKU102,171,2025-05-01
SHP000252,Ho Chi Minh City,Singapore,Sea,24,Delivered,2025-11-26,SKU122,146,2025-12-20
SHP000253,Noida,Rotterdam,Sea,17,In Transit,2025-08-07,SKU120,150,2025-08-24
SHP000254,Bangkok,Rotterdam,Road,6,Delivered,2025-06-01,SKU117,124,2025-06-07
SHP000255,Bangkok,Johannesburg,Road,8,Delivered,2025-09-03,SKU114,166,2025-09-11
SHP000256,Noida,Dubai,Sea,20,Delivered,2025-09-14,SKU102,120,2025-10-04
SHP000257,Noida,Rotterdam,Road,21,Delivered,2025-07-04,SKU107,116,2025-07-25
SHP000258,Noida,Singapore,Road,18,Delayed,2025-05-25,SKU125,101,2025-06-12
SHP000259,Ho Chi Minh City,Chicago,Air,17,Delayed,2025-02-03,SKU121,146,2025-02-20
SHP000260,Noida,Johannesburg,Sea,3,Delayed,2025-06-27,SKU117,239,2025-06-30
SHP000261,Ho Chi Minh City,Singapore,Air,16,Delivered,2025-03-11,SKU105,192,2025-03-27
SHP000262,Bangkok,Dubai,Road,22,In Transit,2025-03-10,SKU119,144,2025-04-01
SHP000263,Chennai,Rotterdam,Sea,24,Delayed,2025-09-04,SKU114,115,2025-09-28
SHP000264,Chennai,Sao Paulo,Road,12,In Transit,2025-09-18,SKU110,139,2025-09-30
SHP000265,Bangkok,Singapore,Sea,8,Delayed,2025-11-08,SKU101,213,2025-11-16
SHP000266,Bangkok,Johannesburg,Sea,16,Delayed,2025-10-16,SKU117,186,2025-11-01
SHP000267,Ho Chi Minh City,Mumbai,Air,3,Delivered,2025-06-20,SKU124,113,2025-06-23
SHP000268,Noida,Mumbai,Road,19,Delayed,2025-01-14,SKU102,187,2025-02-02
SHP000269,Ho Chi Minh City,Mumbai,Sea,10,Delayed,2025-09-29,SKU108,229,2025-10-09
SHP000270,Chennai,Rotterdam,Air,7,Delivered,2025-10-03,SKU117,159,2025-10-10
SHP000271,Chennai,Dubai,Sea,24,In Transit,2025-03-20,SKU126,120,2025-04-13
SHP000272,Shenzhen,Dubai,Road,22,Delayed,2025-08-04,SKU117,121,2025-08-26
SHP000273,Ho Chi Minh City,Chicago,Road,13,In Transit,2025-02-28,SKU127,178,2025-03-13
SHP000274,Chennai,Dubai,Sea,4,Delayed,2025-05-26,SKU117,200,2025-05-30
SHP000275,Shenzhen,Rotterdam,Road,17,Delivered,2025-12-15,SKU120,112,2026-01-01
SHP000276,Chennai,Rotterdam,Air,6,In Transit,2025-04-21,SKU119,227,2025-04-27
SHP000277,Ho Chi Minh City,Mumbai,Sea,23,Delayed,2025-06-30,SKU110,125,2025-07-23
SHP000278,Chennai,Johannesburg,Air,15,Delivered,2025-09-15,SKU116,122,2025-09-30
SHP000279,Ho Chi Minh City,Rotterdam,Sea,11,In Transit,2025-01-19,SKU125,112,2025-01-30
SHP000280,Zhengzhou,Sydney,Air,25,Delayed,2025-03-31,SKU115,128,2025-04-25
SHP000281,Ho Chi Minh City,Johannesburg,Air,8,Delivered,2025-08-14,SKU107,165,2025-08-22
SHP000282,Bangkok,Sao Paulo,Air,23,Delivered,2025-09-07,SKU117,172,2025-09-30
SHP000283,Noida,Sao Paulo,Road,11,Delayed,2025-09-03,SKU101,206,2025-09-14
SHP000284,Chennai,Mumbai,Sea,4,Delayed,2025-04-03,SKU101,114,2025-04-07
SHP000285,Noida,Chicago,Sea,6,Delivered,2025-07-06,SKU101,230,2025-07-12
SHP000286,Ho Chi Minh City,Rotterdam,Road,9,In Transit,2025-04-05,SKU114,169,2025-04-14
SHP000287,Zhengzhou,Chicago,Road,21,Delivered,2025-06-28,SKU129,189,2025-07-19
SHP000288,Ho Chi Minh City,Sao Paulo,Sea,19,Delayed,2025-10-24,SKU103,102,2025-11-12
SHP000289,Chennai,Sao Paulo,Road,8,Delayed,2025-01-13,SKU107,112,2025-01-21
SHP000290,Noida,Sao Paulo,Road,18,Delivered,2025-12-03,SKU128,213,2025-12-21
SHP000291,Bangkok,Johannesburg,Sea,22,Delivered,2025-02-05,SKU117,116,2025-02-27
SHP000292,Noida,Mumbai,Road,10,Delivered,2025-09-16,SKU125,194,2025-09-26
SHP000293,Chennai,Chicago,Road,13,In Transit,2025-09-17,SKU115,222,2025-09-30
SHP000294,Noida,Dubai,Road,4,Delayed,2025-12-20,SKU125,189,2025-12-24
SHP000295,Bangkok,Singapore,Road,10,In Transit,2025-08-27,SKU118,173,2025-09-06
SHP000296,Noida,Sydney,Sea,15,In Transit,2025-02-09,SKU127,148,2025-02-24
SHP000297,Chennai,Rotterdam,Sea,9,In Transit,2025-04-19,SKU109,126,2025-04-28
SHP000298,Chennai,Rotterdam,Sea,19,In Transit,2025-11-26,SKU105,160,2025-12-15
SHP000299,Chennai,Chicago,Sea,23,In Transit,2025-07-08,SKU115,160,2025-07-31
SHP000300,Zhengzhou,Rotterdam,Air,15,In Transit,2025-02-27,SKU122,97,2025-03-14
SHP000301,Zhengzhou,Chicago,Sea,13,In Transit,2025-09-20,SKU117,132,2025-10-03
SHP000302,Noida,Chicago,Sea,4,Delayed,2025-03-30,SKU115,112,2025-04-03
SHP000303,Zhengzhou,Rotterdam,Sea,21,In Transit,2025-05-16,SKU125,167,2025-06-06
SHP000304,Bangkok,Mumbai,Air,17,Delayed,2025-05-28,SKU120,100,2025-06-14
SHP000305,Bangkok,Rotterdam,Sea,3,In Transit,2025-08-15,SKU123,140,2025-08-18
SHP000306,Noida,Dubai,Road,10,In Transit,2025-05-05,SKU107,187,2025-05-15
SHP000307,Shenzhen,Rotterdam,Air,20,Delayed,2025-12-30,SKU110,206,2026-01-19
SHP000308,Noida,Sydney,Sea,2,Delivered,2025-12-17,SKU112,182,2025-12-19
SHP000309,Ho Chi Minh City,Chicago,Air,20,Delivered,2025-03-22,SKU119,137,2025-04-11
SHP000310,Chennai,Sydney,Road,21,In Transit,2025-04-05,SKU110,168,2025-04-26
SHP000311,Zhengzhou,Rotterdam,Air,16,Delayed,2025-08-26,SKU104,206,2025-09-11
SHP000312,Ho Chi Minh City,Sydney,Sea,21,In Transit,2025-06-24,SKU124,200,2025-07-15
SHP000313,Bangkok,Sao Paulo,Sea,8,In Transit,2025-09-01,SKU107,117,2025-09-09
SHP000314,Zhengzhou,Dubai,Air,6,Delivered,2025-11-03,SKU100,149,2025-11-09
SHP000315,Bangkok,Sao Paulo,Air,18,Delayed,2025-12-03,SKU124,206,2025-12-21
SHP000316,Zhengzhou,Singapore,Air,4,Delivered,2025-08-31,SKU120,109,2025-09-04
SHP000317,Zhengzhou,Rotterdam,Sea,5,In Transit,2025-05-31,SKU102,141,2025-06-05
SHP000318,Zhengzhou,Rotterdam,Road,21,Delivered,2025-12-12,SKU103,162,2026-01-02
SHP000319,Bangkok,Sydney,Sea,14,In Transit,2025-12-31,SKU115,111,2026-01-14
SHP000320,Chennai,Mumbai,Air,17,Delayed,2025-04-15,SKU107,110,2025-05-02
SHP000321,Shenzhen,Sydney,Sea,4,In Transit,2025-07-02,SKU111,215,2025-07-06
SHP000322,Zhengzhou,Rotterdam,Sea,17,Delivered,2025-12-30,SKU122,216,2026-01-16
SHP000323,Ho Chi Minh City,Dubai,Air,14,Delayed,2025-08-10,SKU121,107,2025-08-24
SHP000324,Zhengzhou,Sao Paulo,Road,11,Delayed,2025-09-04,SKU107,226,2025-09-15
SHP000325,Shenzhen,Sao Paulo,Sea,15,Delivered,2025-06-17,SKU122,137,2025-07-02
SHP000326,Ho Chi Minh City,Sao Paulo,Road,5,Delivered,2025-04-13,SKU115,223,2025-04-18
SHP000327,Chennai,Johannesburg,Sea,25,In Transit,2025-01-08,SKU114,124,2025-02-02
SHP000328,Chennai,Chicago,Road,4,Delivered,2025-03-08,SKU104,220,2025-03-12
SHP000329,Shenzhen,Chicago,Road,22,In Transit,2025-10-09,SKU127,178,2025-10-31
SHP000330,Chennai,Chicago,Road,12,Delivered,2025-07-10,SKU127,198,2025-07-22
SHP000331,Chennai,Chicago,Road,15,Delayed,2025-09-13,SKU126,202,2025-09-28
SHP000332,Ho Chi Minh City,Dubai,Air,3,In Transit,2025-02-23,SKU101,174,2025-02-26
SHP000333,Ho Chi Minh City,Mumbai,Air,10,Delayed,2025-07-02,SKU128,152,2025-07-12
SHP000334,Ho Chi Minh City,Sydney,Air,10,Delivered,2025-12-17,SKU120,131,2025-12-27
SHP000335,Bangkok,Chicago,Sea,9,In Transit,2025-07-20,SKU102,135,2025-07-29
SHP000336,Shenzhen,Singapore,Sea,5,In Transit,2025-02-07,SKU118,122,2025-02-12
SHP000337,Zhengzhou,Sao Paulo,Road,12,In Transit,2025-08-07,SKU118,134,2025-08-19
SHP000338,Bangkok,Dubai,Road,3,Delayed,2025-06-03,SKU101,216,2025-06-06
SHP000339,Shenzhen,Chicago,Sea,13,Delayed,2025-06-12,SKU123,168,2025-06-25
SHP000340,Bangkok,Sao Paulo,Road,24,Delayed,2025-03-14,SKU109,127,2025-04-07
SHP000341,Ho Chi Minh City,Johannesburg,Air,2,Delayed,2025-11-14,SKU122,102,2025-11-16
SHP000342,Noida,Rotterdam,Air,13,In Transit,2025-01-09,SKU121,222,2025-01-22
SHP000343,Ho Chi Minh City,Mumbai,Air,3,Delayed,2025-12-21,SKU123,212,2025-12-24
SHP000344,Zhengzhou,Mumbai,Road,10,In Transit,2025-01-09,SKU127,140,2025-01-19
SHP000345,Noida,Mumbai,Sea,2,Delivered,2025-12-16,SKU126,149,2025-12-18
SHP000346,Chennai,Rotterdam,Road,23,In Transit,2025-01-09,SKU121,100,2025-02-01
SHP000347,Zhengzhou,Dubai,Sea,16,Delayed,2025-10-21,SKU109,121,2025-11-06
SHP000348,Zhengzhou,Rotterdam,Road,21,In Transit,2025-01-13,SKU106,207,2025-02-03
SHP000349,Bangkok,Rotterdam,Road,10,Delivered,2025-07-20,SKU123,163,2025-07-30
SHP000350,Bangkok,Singapore,Air,5,In Transit,2025-10-23,SKU120,135,2025-10-28
SHP000351,Shenzhen,Sydney,Sea,5,Delayed,2025-05-22,SKU104,95,2025-05-27
SHP000352,Ho Chi Minh City,Rotterdam,Sea,12,In Transit,2025-12-15,SKU122,118,2025-12-27
SHP000353,Bangkok,Chicago,Road,22,In Transit,2025-01-17,SKU123,99,2025-02-08
SHP000354,Noida,Johannesburg,Road,18,In Transit,2025-03-25,SKU113,200,2025-04-12
SHP000355,Bangkok,Mumbai,Road,19,In Transit,2025-05-09,SKU115,179,2025-05-28
SHP000356,Noida,Rotterdam,Road,5,In Transit,2025-01-21,SKU116,188,2025-01-26
SHP000357,Bangkok,Sao Paulo,Sea,16,Delivered,2025-08-05,SKU113,97,2025-08-21
SHP000358,Chennai,Dubai,Road,12,Delivered,2025-04-27,SKU103,152,2025-05-09
SHP000359,Noida,Dubai,Sea,15,Delivered,2025-10-08,SKU128,117,2025-10-23
SHP000360,Ho Chi Minh City,Singapore,Road,2,Delayed,2025-11-17,SKU112,139,2025-11-19
SHP000361,Noida,Johannesburg,Road,4,Delayed,2025-12-24,SKU103,188,2025-12-28
SHP000362,Zhengzhou,Chicago,Road,20,Delivered,2025-09-20,SKU103,98,2025-10-10
SHP000363,Noida,Rotterdam,Road,18,Delivered,2025-06-21,SKU125,169,2025-07-09
SHP000364,Shenzhen,Sao Paulo,Air,10,In Transit,2025-09-05,SKU106,155,2025-09-15
SHP000365,Zhengzhou,Singapore,Road,5,Delivered,2025-08-13,SKU103,114,2025-08-18
SHP000366,Noida,Singapore,Road,23,In Transit,2025-01-25,SKU105,163,2025-02-17
SHP000367,Zhengzhou,Sao Paulo,Sea,3,Delivered,2025-08-19,SKU102,165,2025-08-22
SHP000368,Shenzhen,Sao Paulo,Road,14,Delayed,2025-04-13,SKU115,104,2025-04-27
SHP000369,Noida,Mumbai,Road,12,Delayed,2025-04-13,SKU114,169,2025-04-25
SHP000370,Ho Chi Minh City,Dubai,Road,10,In Transit,2025-03-09,SKU121,177,2025-03-19
SHP000371,Zhengzhou,Chicago,Road,22,Delivered,2025-06-27,SKU102,128,2025-07-19
SHP000372,Ho Chi Minh City,Singapore,Air,14,Delayed,2025-01-28,SKU118,134,2025-02-11
SHP000373,Chennai,Chicago,Road,6,Delivered,2025-09-24,SKU123,171,2025-09-30
SHP000374,Ho Chi Minh City,Dubai,Sea,2,Delivered,2025-10-01,SKU125,159,2025-10-03
SHP000375,Zhengzhou,Chicago,Sea,24,Delayed,2025-09-04,SKU113,114,2025-09-28
SHP000376,Bangkok,Sydney,Sea,3,Delayed,2025-03-02,SKU104,156,2025-03-05
SHP000377,Ho Chi Minh City,Mumbai,Air,24,Delivered,2025-10-09,SKU123,210,2025-11-02
SHP000378,Zhengzhou,Sydney,Road,25,In Transit,2025-03-08,SKU109,148,2025-04-02
SHP000379,Bangkok,Sao Paulo,Sea,21,In Transit,2025-04-14,SKU109,175,2025-05-05
SHP000380,Ho Chi Minh City,Rotterdam,Air,2,Delayed,2025-12-26,SKU101,151,2025-12-28
SHP000381,Noida,Mumbai,Road,7,Delayed,2025-07-09,SKU107,129,2025-07-16
SHP000382,Chennai,Mumbai,Air,9,Delivered,2025-04-09,SKU124,133,2025-04-18
SHP000383,Noida,Chicago,Road,17,Delivered,2025-08-24,SKU118,162,2025-09-10
SHP000384,Zhengzhou,Johannesburg,Air,20,Delivered,2025-10-24,SKU121,132,2025-11-13
SHP000385,Noida,Sydney,Air,7,In Transit,2025-11-09,SKU116,192,2025-11-16
SHP000386,Zhengzhou,Sao Paulo,Road,3,In Transit,2025-06-06,SKU125,183,2025-06-09
SHP000387,Shenzhen,Sydney,Sea,25,In Transit,2025-07-18,SKU105,163,2025-08-12
SHP000388,Zhengzhou,Mumbai,Sea,2,Delayed,2025-06-14,SKU123,224,2025-06-16
SHP000389,Noida,Sao Paulo,Sea,22,In Transit,2025-02-06,SKU111,169,2025-02-28
SHP000390,Ho Chi Minh City,Sydney,Air,17,In Transit,2025-11-07,SKU111,226,2025-11-24
SHP000391,Shenzhen,Chicago,Road,16,Delivered,2025-07-19,SKU118,163,2025-08-04
SHP000392,Ho Chi Minh City,Johannesburg,Road,5,Delivered,2025-04-29,SKU101,198,2025-05-04
SHP000393,Zhengzhou,Rotterdam,Sea,22,In Transit,2025-07-03,SKU115,117,2025-07-25
SHP000394,Zhengzhou,Chicago,Sea,15,Delayed,2025-07-27,SKU102,144,2025-08-11
SHP000395,Zhengzhou,Mumbai,Sea,19,Delivered,2025-01-16,SKU121,217,2025-02-04
SHP000396,Zhengzhou,Dubai,Road,14,In Transit,2025-10-27,SKU110,200,2025-11-10
SHP000397,Ho Chi Minh City,Sydney,Sea,14,Delayed,2025-05-14,SKU103,137,2025-05-28
SHP000398,Ho Chi Minh City,Rotterdam,Air,5,Delivered,2025-05-09,SKU117,150,2025-05-14
SHP000399,Zhengzhou,Rotterdam,Air,13,Delayed,2025-11-02,SKU102,147,2025-11-15
SHP000400,Noida,Chicago,Sea,5,In Transit,2025-09-29,SKU126,155,2025-10-04
SHP000401,Bangkok,Sydney,Air,7,In Transit,2025-02-11,SKU113,164,2025-02-18
SHP000402,Shenzhen,Johannesburg,Air,7,Delayed,2025-02-11,SKU108,157,2025-02-18
SHP000403,Chennai,Johannesburg,Air,21,Delivered,2025-10-25,SKU123,205,2025-11-15
SHP000404,Shenzhen,Dubai,Sea,10,In Transit,2025-05-27,SKU123,106,2025-06-06
SHP000405,Chennai,Singapore,Road,6,In Transit,2025-06-13,SKU103,195,2025-06-19
SHP000406,Noida,Rotterdam,Air,23,In Transit,2025-10-20,SKU119,110,2025-11-12
SHP000407,Zhengzhou,Johannesburg,Air,14,Delayed,2025-08-29,SKU125,210,2025-09-12
SHP000408,Noida,Johannesburg,Sea,13,Delivered,2025-11-28,SKU121,123,2025-12-11
SHP000409,Bangkok,Chicago,Road,25,Delivered,2025-01-25,SKU102,170,2025-02-19
SHP000410,Chennai,Sao Paulo,Sea,9,Delivered,2025-05-21,SKU119,112,2025-05-30
SHP000411,Noida,Singapore,Air,7,In Transit,2025-06-01,SKU104,148,2025-06-08
SHP000412,Zhengzhou,Singapore,Road,11,In Transit,2025-08-18,SKU109,111,2025-08-29
SHP000413,Ho Chi Minh City,Dubai,Road,4,Delivered,2025-01-08,SKU126,159,2025-01-12
SHP000414,Chennai,Singapore,Road,25,In Transit,2025-09-25,SKU125,208,2025-10-20
SHP000415,Chennai,Rotterdam,Air,15,Delayed,2025-02-06,SKU117,199,2025-02-21
SHP000416,Bangkok,Sydney,Air,2,Delivered,2025-02-08,SKU106,128,2025-02-10
SHP000417,Chennai,Dubai,Road,24,Delivered,2025-03-15,SKU119,113,2025-04-08
SHP000418,Zhengzhou,Mumbai,Air,11,Delayed,2025-01-18,SKU106,196,2025-01-29
SHP000419,Bangkok,Mumbai,Air,5,Delayed,2025-10-18,SKU118,97,2025-10-23
SHP000420,Zhengzhou,Sao Paulo,Road,6,Delivered,2025-05-27,SKU125,250,2025-06-02
SHP000421,Ho Chi Minh City,Mumbai,Sea,17,In Transit,2025-02-20,SKU103,174,2025-03-09
SHP000422,Shenzhen,Rotterdam,Air,4,Delivered,2025-03-07,SKU124,140,2025-03-11
SHP000423,Ho Chi Minh City,Sydney,Sea,5,Delayed,2025-12-07,SKU113,133,2025-12-12
SHP000424,Shenzhen,Mumbai,Sea,11,Delivered,2025-07-12,SKU113,209,2025-07-23
SHP000425,Bangkok,Sao Paulo,Air,19,In Transit,2025-05-11,SKU121,203,2025-05-30
SHP000426,Shenzhen,Johannesburg,Road,19,Delivered,2025-10-25,SKU105,149,2025-11-13
SHP000427,Shenzhen,Mumbai,Air,9,Delayed,2025-02-07,SKU119,210,2025-02-16
SHP000428,Bangkok,Chicago,Road,22,In Transit,2025-08-17,SKU129,141,2025-09-08
SHP000429,Chennai,Rotterdam,Sea,20,In Transit,2025-03-14,SKU114,163,2025-04-03
SHP000430,Ho Chi Minh City,Dubai,Road,23,Delivered,2025-10-08,SKU127,235,2025-10-31
SHP000431,Zhengzhou,Rotterdam,Air,12,In Transit,2025-09-01,SKU126,156,2025-09-13
SHP000432,Ho Chi Minh City,Chicago,Sea,10,In Transit,2025-06-24,SKU124,175,2025-07-04
SHP000433,Ho Chi Minh City,Singapore,Sea,18,Delivered,2025-07-02,SKU115,159,2025-07-20
SHP000434,Noida,Johannesburg,Sea,22,Delayed,2025-10-09,SKU126,146,2025-10-31
SHP000435,Zhengzhou,Chicago,Road,8,Delayed,2025-02-20,SKU109,166,2025-02-28
SHP000436,Bangkok,Chicago,Road,2,In Transit,2025-04-18,SKU127,200,2025-04-20
SHP000437,Shenzhen,Sydney,Road,16,Delivered,2025-05-21,SKU129,137,2025-06-06
SHP000438,Shenzhen,Singapore,Road,3,In Transit,2025-04-16,SKU118,163,2025-04-19
SHP000439,Shenzhen,Rotterdam,Sea,16,Delivered,2025-06-01,SKU101,162,2025-06-17
SHP000440,Chennai,Rotterdam,Air,3,Delayed,2025-11-04,SKU116,140,2025-11-07
SHP000441,Chennai,Johannesburg,Road,24,Delivered,2025-07-18,SKU101,149,2025-08-11
SHP000442,Zhengzhou,Singapore,Sea,14,Delayed,2025-09-16,SKU110,115,2025-09-30
SHP000443,Zhengzhou,Mumbai,Sea,25,Delayed,2025-08-26,SKU117,173,2025-09-20
SHP000444,Shenzhen,Mumbai,Road,13,Delivered,2025-12-18,SKU100,224,2025-12-31
SHP000445,Ho Chi Minh City,Chicago,Sea,9,Delayed,2025-07-11,SKU122,185,2025-07-20
SHP000446,Chennai,Mumbai,Air,6,Delayed,2025-05-10,SKU119,127,2025-05-16
SHP000447,Chennai,Dubai,Sea,9,In Transit,2025-09-03,SKU102,163,2025-09-12
SHP000448,Ho Chi Minh City,Mumbai,Sea,17,In Transit,2025-09-06,SKU115,159,2025-09-23
SHP000449,Ho Chi Minh City,Singapore,Sea,10,In Transit,2025-08-23,SKU104,197,2025-09-02
SHP000450,Bangkok,Rotterdam,Sea,4,Delivered,2025-06-21,SKU119,195,2025-06-25
SHP000451,Shenzhen,Chicago,Sea,20,Delivered,2025-11-22,SKU109,112,2025-12-12
SHP000452,Bangkok,Johannesburg,Road,23,In Transit,2025-04-12,SKU112,201,2025-05-05
SHP000453,Shenzhen,Sydney,Air,23,In Transit,2025-02-07,SKU105,104,2025-03-02
SHP000454,Chennai,Mumbai,Sea,16,Delivered,2025-11-08,SKU113,223,2025-11-24
SHP000455,Bangkok,Mumbai,Sea,25,Delayed,2025-12-20,SKU119,153,2026-01-14
SHP000456,Noida,Singapore,Road,2,Delivered,2025-01-20,SKU105,176,2025-01-22
SHP000457,Noida,Rotterdam,Sea,25,Delivered,2025-05-17,SKU107,228,2025-06-11
SHP000458,Bangkok,Singapore,Sea,8,Delivered,2025-01-12,SKU123,140,2025-01-20
SHP000459,Shenzhen,Mumbai,Road,21,Delayed,2025-04-07,SKU124,172,2025-04-28
SHP000460,Zhengzhou,Sao Paulo,Air,11,Delivered,2025-09-03,SKU121,173,2025-09-14
SHP000461,Noida,Rotterdam,Sea,13,In Transit,2025-12-25,SKU104,126,2026-01-07
SHP000462,Shenzhen,Johannesburg,Air,20,Delayed,2025-04-18,SKU125,221,2025-05-08
SHP000463,Bangkok,Sydney,Sea,6,In Transit,2025-10-02,SKU103,185,2025-10-08
SHP000464,Zhengzhou,Dubai,Sea,9,Delivered,2025-12-11,SKU102,180,2025-12-20
SHP000465,Bangkok,Sao Paulo,Air,5,In Transit,2025-04-11,SKU112,152,2025-04-16
SHP000466,Shenzhen,Mumbai,Air,19,Delivered,2025-04-29,SKU107,218,2025-05-18
SHP000467,Zhengzhou,Johannesburg,Road,12,Delivered,2025-11-06,SKU117,97,2025-11-18
SHP000468,Ho Chi Minh City,Mumbai,Road,23,Delayed,2025-03-24,SKU103,167,2025-04-16
SHP000469,Ho Chi Minh City,Sao Paulo,Sea,11,In Transit,2025-04-03,SKU105,97,2025-04-14
SHP000470,Noida,Sydney,Road,8,Delayed,2025-01-29,SKU113,106,2025-02-06
SHP000471,Zhengzhou,Rotterdam,Air,12,In Transit,2025-02-18,SKU128,167,2025-03-02
SHP000472,Shenzhen,Chicago,Air,24,Delayed,2025-05-31,SKU109,162,2025-06-24
SHP000473,Chennai,Johannesburg,Sea,18,In Transit,2025-03-01,SKU109,167,2025-03-19
SHP000474,Shenzhen,Johannesburg,Road,23,In Transit,2025-03-15,SKU107,152,2025-04-07
SHP000475,Noida,Chicago,Road,6,Delivered,2025-01-31,SKU126,150,2025-02-06
SHP000476,Chennai,Mumbai,Sea,4,Delivered,2025-10-06,SKU116,111,2025-10-10
SHP000477,Ho Chi Minh City,Dubai,Road,17,Delivered,2025-11-08,SKU110,124,2025-11-25
SHP000478,Ho Chi Minh City,Johannesburg,Sea,16,In Transit,2025-09-25,SKU127,220,2025-10-11
SHP000479,Ho Chi Minh City,Rotterdam,Sea,12,In Transit,2025-04-30,SKU123,177,2025-05-12
SHP000480,Chennai,Sydney,Air,14,Delivered,2025-04-13,SKU104,180,2025-04-27
SHP000481,Shenzhen,Dubai,Sea,5,In Transit,2025-02-26,SKU127,176,2025-03-03
SHP000482,Shenzhen,Dubai,Sea,7,Delivered,2025-12-01,SKU114,159,2025-12-08
SHP000483,Shenzhen,Dubai,Road,9,In Transit,2025-09-09,SKU119,198,2025-09-18
SHP000484,Noida,Johannesburg,Air,14,Delivered,2025-01-19,SKU108,155,2025-02-02
SHP000485,Noida,Chicago,Road,11,Delayed,2025-05-28,SKU111,178,2025-06-08
SHP000486,Zhengzhou,Dubai,Sea,18,In Transit,2025-10-11,SKU107,180,2025-10-29
SHP000487,Shenzhen,Rotterdam,Air,14,Delayed,2025-10-19,SKU112,187,2025-11-02
SHP000488,Zhengzhou,Sao Paulo,Air,15,In Transit,2025-02-07,SKU127,144,2025-02-22
SHP000489,Bangkok,Sao Paulo,Road,5,In Transit,2025-02-13,SKU125,114,2025-02-18
SHP000490,Chennai,Johannesburg,Road,3,Delivered,2025-10-23,SKU121,142,2025-10-26
SHP000491,Shenzhen,Johannesburg,Road,10,Delayed,2025-11-09,SKU118,208,2025-11-19
SHP000492,Zhengzhou,Chicago,Air,6,Delivered,2025-10-11,SKU128,123,2025-10-17
SHP000493,Bangkok,Johannesburg,Sea,2,Delivered,2025-11-01,SKU111,200,2025-11-03
SHP000494,Bangkok,Rotterdam,Air,4,Delayed,2025-01-17,SKU117,219,2025-01-21
SHP000495,Ho Chi Minh City,Chicago,Air,9,Delayed,2025-03-12,SKU112,223,2025-03-21
SHP000496,Noida,Singapore,Air,19,Delivered,2025-10-10,SKU125,207,2025-10-29
SHP000497,Bangkok,Dubai,Air,7,Delivered,2025-11-26,SKU117,163,2025-12-03
SHP000498,Noida,Singapore,Sea,3,Delivered,2025-12-16,SKU118,208,2025-12-19
SHP000499,Ho Chi Minh City,Chicago,Road,4,Delivered,2025-01-17,SKU114,100,2025-01-21
SHP000500,Noida,Singapore,Sea,11,Delayed,2025-12-07,SKU122,107,2025-12-18
SHP000501,Noida,Johannesburg,Road,13,In Transit,2025-10-27,SKU106,213,2025-11-09
SHP000502,Ho Chi Minh City,Chicago,Road,14,In Transit,2025-09-10,SKU107,128,2025-09-24
SHP000503,Noida,Sao Paulo,Sea,10,Delayed,2025-06-12,SKU121,112,2025-06-22
SHP000504,Ho Chi Minh City,Rotterdam,Air,18,In Transit,2025-05-02,SKU120,112,2025-05-20
SHP000505,Shenzhen,Mumbai,Road,12,Delayed,2025-09-12,SKU111,175,2025-09-24
SHP000506,Ho Chi Minh City,Sao Paulo,Air,11,In Transit,2025-01-10,SKU123,175,2025-01-21
SHP000507,Chennai,Dubai,Road,9,Delivered,2025-11-16,SKU124,209,2025-11-25
SHP000508,Bangkok,Mumbai,Air,14,In Transit,2025-02-26,SKU105,107,2025-03-12
SHP000509,Shenzhen,Dubai,Air,21,In Transit,2025-09-11,SKU110,157,2025-10-02
SHP000510,Bangkok,Sydney,Sea,7,In Transit,2025-11-07,SKU110,134,2025-11-14
SHP000511,Chennai,Sao Paulo,Air,21,In Transit,2025-12-07,SKU105,163,2025-12-28
SHP000512,Noida,Singapore,Air,10,Delivered,2025-04-23,SKU107,196,2025-05-03
SHP000513,Chennai,Sydney,Air,10,Delivered,2025-05-31,SKU103,133,2025-06-10
SHP000514,Noida,Sydney,Air,10,Delivered,2025-05-30,SKU129,177,2025-06-09
SHP000515,Ho Chi Minh City,Singapore,Sea,18,Delivered,2025-10-14,SKU107,139,2025-11-01
SHP000516,Ho Chi Minh City,Mumbai,Air,21,In Transit,2025-11-12,SKU101,112,2025-12-03
SHP000517,Chennai,Chicago,Air,19,Delayed,2025-06-06,SKU104,123,2025-06-25
SHP000518,Bangkok,Rotterdam,Sea,21,In Transit,2025-10-30,SKU109,208,2025-11-20
SHP000519,Zhengzhou,Sydney,Sea,9,Delayed,2025-02-01,SKU107,137,2025-02-10
SHP000520,Zhengzhou,Mumbai,Sea,16,Delivered,2025-08-31,SKU122,186,2025-09-16
SHP000521,Shenzhen,Sao Paulo,Air,19,Delayed,2025-09-16,SKU118,193,2025-10-05
SHP000522,Ho Chi Minh City,Sao Paulo,Air,23,In Transit,2025-11-22,SKU118,188,2025-12-15
SHP000523,Shenzhen,Singapore,Sea,9,In Transit,2025-09-27,SKU117,157,2025-10-06
SHP000524,Ho Chi Minh City,Rotterdam,Road,12,In Transit,2025-09-30,SKU116,163,2025-10-12
SHP000525,Chennai,Johannesburg,Sea,7,Delayed,2025-07-25,SKU126,200,2025-08-01
SHP000526,Zhengzhou,Mumbai,Road,17,Delayed,2025-02-10,SKU106,182,2025-02-27
SHP000527,Zhengzhou,Rotterdam,Road,17,In Transit,2025-10-19,SKU121,206,2025-11-05
SHP000528,Zhengzhou,Sydney,Road,21,Delivered,2025-04-13,SKU123,135,2025-05-04
SHP000529,Bangkok,Rotterdam,Sea,12,Delayed,2025-01-12,SKU100,209,2025-01-24
SHP000530,Zhengzhou,Johannesburg,Air,10,Delivered,2025-10-19,SKU107,222,2025-10-29
SHP000531,Shenzhen,Singapore,Road,7,In Transit,2025-02-03,SKU108,158,2025-02-10
SHP000532,Noida,Sao Paulo,Road,22,In Transit,2025-11-26,SKU116,203,2025-12-18
SHP000533,Bangkok,Mumbai,Air,19,Delivered,2025-11-14,SKU100,120,2025-12-03
SHP000534,Chennai,Singapore,Sea,25,In Transit,2025-06-28,SKU116,135,2025-07-23
SHP000535,Chennai,Dubai,Road,18,Delivered,2025-07-16,SKU114,193,2025-08-03
SHP000536,Ho Chi Minh City,Mumbai,Road,24,In Transit,2025-11-02,SKU111,136,2025-11-26
SHP000537,Noida,Rotterdam,Air,16,In Transit,2025-09-12,SKU121,132,2025-09-28
SHP000538,Noida,Chicago,Sea,14,Delivered,2025-03-28,SKU103,152,2025-04-11
SHP000539,Ho Chi Minh City,Mumbai,Road,4,Delayed,2025-10-20,SKU119,170,2025-10-24
SHP000540,Ho Chi Minh City,Sydney,Air,10,In Transit,2025-07-29,SKU116,189,2025-08-08
SHP000541,Noida,Sao Paulo,Sea,3,In Transit,2025-12-16,SKU108,171,2025-12-19
SHP000542,Noida,Johannesburg,Air,18,In Transit,2025-04-08,SKU104,131,2025-04-26
SHP000543,Zhengzhou,Dubai,Road,4,Delivered,2025-04-17,SKU121,192,2025-04-21
SHP000544,Bangkok,Dubai,Air,2,Delivered,2025-03-21,SKU124,116,2025-03-23
SHP000545,Bangkok,Singapore,Air,9,In Transit,2025-08-04,SKU107,214,2025-08-13
SHP000546,Bangkok,Singapore,Sea,22,Delivered,2025-12-05,SKU115,132,2025-12-27
SHP000547,Shenzhen,Sao Paulo,Air,12,Delayed,2025-11-22,SKU104,94,2025-12-04
SHP000548,Zhengzhou,Sydney,Air,11,Delayed,2025-09-03,SKU124,154,2025-09-14
SHP000549,Shenzhen,Sydney,Road,19,In Transit,2025-11-21,SKU110,119,2025-12-10
SHP000550,Shenzhen,Rotterdam,Air,16,Delayed,2025-08-26,SKU112,142,2025-09-11
SHP000551,Zhengzhou,Singapore,Sea,11,Delayed,2025-03-28,SKU110,104,2025-04-08
SHP000552,Chennai,Rotterdam,Road,25,Delivered,2025-08-11,SKU103,135,2025-09-05
SHP000553,Chennai,Sao Paulo,Road,10,Delivered,2025-03-30,SKU119,146,2025-04-09
SHP000554,Bangkok,Dubai,Air,17,Delivered,2025-09-21,SKU108,163,2025-10-08
SHP000555,Zhengzhou,Chicago,Road,16,Delayed,2025-03-07,SKU104,130,2025-03-23
SHP000556,Shenzhen,Rotterdam,Road,22,In Transit,2025-06-28,SKU118,219,2025-07-20
SHP000557,Bangkok,Johannesburg,Air,10,In Transit,2025-05-29,SKU128,221,2025-06-08
SHP000558,Ho Chi Minh City,Mumbai,Road,8,In Transit,2025-08-06,SKU107,117,2025-08-14
SHP000559,Bangkok,Johannesburg,Road,17,Delivered,2025-03-22,SKU107,107,2025-04-08
SHP000560,Chennai,Dubai,Road,15,In Transit,2025-10-14,SKU126,160,2025-10-29
SHP000561,Chennai,Dubai,Road,14,In Transit,2025-10-03,SKU125,212,2025-10-17
SHP000562,Chennai,Johannesburg,Sea,10,In Transit,2025-08-24,SKU119,230,2025-09-03
SHP000563,Shenzhen,Dubai,Road,11,In Transit,2025-04-14,SKU127,130,2025-04-25
SHP000564,Chennai,Sao Paulo,Air,20,Delayed,2025-07-02,SKU102,117,2025-07-22
SHP000565,Noida,Sydney,Road,10,In Transit,2025-05-12,SKU112,105,2025-05-22
SHP000566,Chennai,Dubai,Sea,25,Delivered,2025-07-28,SKU103,156,2025-08-22
SHP000567,Chennai,Dubai,Air,7,In Transit,2025-05-10,SKU101,117,2025-05-17
SHP000568,Chennai,Sao Paulo,Road,9,Delivered,2025-06-02,SKU107,169,2025-06-11
SHP000569,Bangkok,Singapore,Air,22,Delayed,2025-08-03,SKU112,177,2025-08-25
SHP000570,Chennai,Chicago,Road,2,Delayed,2025-01-13,SKU104,159,2025-01-15
SHP000571,Ho Chi Minh City,Rotterdam,Air,4,In Transit,2025-08-29,SKU111,138,2025-09-02
SHP000572,Shenzhen,Chicago,Sea,23,Delivered,2025-01-29,SKU101,157,2025-02-21
SHP000573,Noida,Johannesburg,Sea,17,Delayed,2025-11-08,SKU109,151,2025-11-25
SHP000574,Chennai,Johannesburg,Sea,14,Delayed,2025-05-02,SKU108,200,2025-05-16
SHP000575,Ho Chi Minh City,Rotterdam,Air,21,In Transit,2025-07-19,SKU112,143,2025-08-09
SHP000576,Chennai,Sao Paulo,Sea,11,Delayed,2025-12-25,SKU111,192,2026-01-05
SHP000577,Shenzhen,Johannesburg,Air,17,Delivered,2025-08-15,SKU107,137,2025-09-01
SHP000578,Shenzhen,Dubai,Sea,10,In Transit,2025-08-20,SKU105,113,2025-08-30
SHP000579,Zhengzhou,Dubai,Air,7,In Transit,2025-05-18,SKU102,219,2025-05-25
SHP000580,Shenzhen,Singapore,Road,4,Delayed,2025-10-31,SKU114,208,2025-11-04
SHP000581,Chennai,Sydney,Sea,8,Delayed,2025-08-08,SKU128,147,2025-08-16
SHP000582,Noida,Dubai,Road,9,Delayed,2025-04-07,SKU122,153,2025-04-16
SHP000583,Zhengzhou,Mumbai,Road,6,Delayed,2025-11-22,SKU117,132,2025-11-28
SHP000584,Shenzhen,Sao Paulo,Road,12,In Transit,2025-12-16,SKU112,185,2025-12-28
SHP000585,Bangkok,Chicago,Road,18,In Transit,2025-07-17,SKU126,109,2025-08-04
SHP000586,Shenzhen,Chicago,Sea,6,Delayed,2025-12-01,SKU121,103,2025-12-07
SHP000587,Chennai,Rotterdam,Road,10,Delayed,2025-04-16,SKU118,165,2025-04-26
SHP000588,Shenzhen,Rotterdam,Air,23,Delayed,2025-04-27,SKU107,184,2025-05-20
SHP000589,Chennai,Singapore,Air,12,Delivered,2025-03-11,SKU125,206,2025-03-23
SHP000590,Bangkok,Chicago,Road,15,In Transit,2025-07-19,SKU125,138,2025-08-03
SHP000591,Bangkok,Johannesburg,Sea,20,Delivered,2025-01-25,SKU105,201,2025-02-14
SHP000592,Shenzhen,Rotterdam,Road,6,Delivered,2025-07-26,SKU117,143,2025-08-01
SHP000593,Bangkok,Sao Paulo,Road,13,In Transit,2025-03-30,SKU123,153,2025-04-12
SHP000594,Noida,Rotterdam,Road,13,Delivered,2025-04-08,SKU103,197,2025-04-21
SHP000595,Chennai,Sydney,Road,5,Delayed,2025-07-14,SKU121,203,2025-07-19
SHP000596,Ho Chi Minh City,Mumbai,Road,7,Delayed,2025-08-04,SKU126,203,2025-08-11
SHP000597,Zhengzhou,Sydney,Sea,2,Delayed,2025-07-19,SKU129,142,2025-07-21
SHP000598,Bangkok,Dubai,Air,20,Delayed,2025-09-25,SKU113,208,2025-10-15
SHP000599,Zhengzhou,Chicago,Road,15,Delivered,2025-12-01,SKU124,126,2025-12-16
SHP000600,Zhengzhou,Johannesburg,Sea,12,Delivered,2025-04-03,SKU113,211,2025-04-15
SHP000601,Ho Chi Minh City,Rotterdam,Sea,13,In Transit,2025-07-24,SKU128,205,2025-08-06
SHP000602,Shenzhen,Rotterdam,Sea,9,In Transit,2025-07-04,SKU126,222,2025-07-13
SHP000603,Chennai,Mumbai,Road,15,In Transit,2025-07-05,SKU103,106,2025-07-20
SHP000604,Ho Chi Minh City,Chicago,Air,5,Delivered,2025-08-04,SKU126,153,2025-08-09
SHP000605,Ho Chi Minh City,Mumbai,Road,8,In Transit,2025-03-21,SKU121,141,2025-03-29
SHP000606,Noida,Rotterdam,Road,23,Delivered,2025-10-17,SKU122,113,2025-11-09
SHP000607,Noida,Johannesburg,Sea,3,In Transit,2025-12-22,SKU101,212,2025-12-25
SHP000608,Zhengzhou,Mumbai,Road,10,Delivered,2025-12-14,SKU116,133,2025-12-24
SHP000609,Chennai,Chicago,Sea,5,Delayed,2025-04-09,SKU122,131,2025-04-14
SHP000610,Shenzhen,Sydney,Road,4,In Transit,2025-05-18,SKU127,133,2025-05-22
SHP000611,Ho Chi Minh City,Mumbai,Road,10,In Transit,2025-09-24,SKU117,214,2025-10-04
SHP000612,Zhengzhou,Singapore,Road,8,In Transit,2025-10-05,SKU107,144,2025-10-13
SHP000613,Chennai,Singapore,Road,15,Delayed,2025-03-23,SKU108,142,2025-04-07
SHP000614,Noida,Mumbai,Air,6,In Transit,2025-08-15,SKU106,113,2025-08-21
SHP000615,Shenzhen,Rotterdam,Air,18,Delayed,2025-11-19,SKU128,129,2025-12-07
SHP000616,Shenzhen,Johannesburg,Sea,14,Delayed,2025-06-13,SKU123,176,2025-06-27
SHP000617,Zhengzhou,Singapore,Sea,20,Delivered,2025-01-20,SKU104,151,2025-02-09
SHP000618,Chennai,Rotterdam,Sea,9,Delivered,2025-03-16,SKU119,134,2025-03-25
SHP000619,Chennai,Dubai,Sea,2,In Transit,2025-12-06,SKU110,118,2025-12-08
SHP000620,Chennai,Chicago,Air,7,Delayed,2025-07-11,SKU129,103,2025-07-18
SHP000621,Bangkok,Chicago,Sea,25,In Transit,2025-05-23,SKU114,174,2025-06-17
SHP000622,Chennai,Rotterdam,Road,11,Delivered,2025-11-21,SKU108,169,2025-12-02
SHP000623,Chennai,Chicago,Road,18,In Transit,2025-08-02,SKU108,123,2025-08-20
SHP000624,Zhengzhou,Sydney,Road,15,Delayed,2025-10-16,SKU114,147,2025-10-31
SHP000625,Shenzhen,Dubai,Sea,11,In Transit,2025-03-16,SKU127,200,2025-03-27
SHP000626,Ho Chi Minh City,Chicago,Road,16,Delayed,2025-02-04,SKU120,209,2025-02-20
SHP000627,Chennai,Johannesburg,Road,15,Delayed,2025-11-11,SKU127,96,2025-11-26
SHP000628,Ho Chi Minh City,Chicago,Air,4,In Transit,2025-10-16,SKU128,182,2025-10-20
SHP000629,Zhengzhou,Mumbai,Sea,17,In Transit,2025-03-31,SKU113,157,2025-04-17
SHP000630,Ho Chi Minh City,Sao Paulo,Air,19,Delivered,2025-01-18,SKU107,214,2025-02-06
SHP000631,Shenzhen,Johannesburg,Road,9,In Transit,2025-08-21,SKU107,118,2025-08-30
SHP000632,Chennai,Sao Paulo,Air,7,Delayed,2025-11-14,SKU100,123,2025-11-21
SHP000633,Shenzhen,Sydney,Road,4,In Transit,2025-10-11,SKU105,194,2025-10-15
SHP000634,Bangkok,Dubai,Road,3,Delivered,2025-02-28,SKU103,129,2025-03-03
SHP000635,Ho Chi Minh City,Singapore,Sea,19,Delayed,2025-06-14,SKU115,196,2025-07-03
SHP000636,Zhengzhou,Johannesburg,Air,24,In Transit,2025-02-19,SKU115,168,2025-03-15
SHP000637,Zhengzhou,Mumbai,Air,7,Delivered,2025-01-10,SKU128,201,2025-01-17
SHP000638,Chennai,Johannesburg,Road,25,In Transit,2025-05-24,SKU121,202,2025-06-18
SHP000639,Zhengzhou,Chicago,Road,19,Delivered,2025-03-20,SKU118,227,2025-04-08
SHP000640,Chennai,Dubai,Sea,15,In Transit,2025-08-04,SKU122,197,2025-08-19
SHP000641,Chennai,Johannesburg,Sea,17,Delivered,2025-12-27,SKU125,154,2026-01-13
SHP000642,Ho Chi Minh City,Chicago,Road,14,Delayed,2025-01-13,SKU120,177,2025-01-27
SHP000643,Bangkok,Johannesburg,Road,24,In Transit,2025-12-31,SKU102,114,2026-01-24
SHP000644,Bangkok,Johannesburg,Road,8,In Transit,2025-01-26,SKU121,152,2025-02-03
SHP000645,Shenzhen,Rotterdam,Road,10,Delayed,2025-09-12,SKU100,107,2025-09-22
SHP000646,Ho Chi Minh City,Johannesburg,Sea,23,Delivered,2025-07-21,SKU120,136,2025-08-13
SHP000647,Noida,Rotterdam,Sea,20,Delivered,2025-05-25,SKU123,223,2025-06-14
SHP000648,Zhengzhou,Sydney,Sea,20,Delivered,2025-02-06,SKU118,223,2025-02-26
SHP000649,Zhengzhou,Mumbai,Road,23,Delayed,2025-02-28,SKU103,111,2025-03-23
SHP000650,Bangkok,Dubai,Sea,15,Delayed,2025-02-16,SKU115,130,2025-03-03
SHP000651,Shenzhen,Dubai,Sea,10,In Transit,2025-01-09,SKU121,208,2025-01-19
SHP000652,Bangkok,Singapore,Road,24,Delivered,2025-10-15,SKU113,97,2025-11-08
SHP000653,Shenzhen,Chicago,Air,23,Delivered,2025-07-22,SKU128,108,2025-08-14
SHP000654,Bangkok,Johannesburg,Road,18,Delivered,2025-09-23,SKU121,154,2025-10-11
SHP000655,Zhengzhou,Rotterdam,Road,3,Delayed,2025-03-29,SKU129,203,2025-04-01
SHP000656,Noida,Johannesburg,Road,4,Delayed,2025-06-05,SKU122,151,2025-06-09
SHP000657,Chennai,Johannesburg,Road,3,Delivered,2025-11-20,SKU129,152,2025-11-23
SHP000658,Shenzhen,Rotterdam,Road,15,In Transit,2025-11-01,SKU105,221,2025-11-16
SHP000659,Shenzhen,Chicago,Road,6,Delivered,2025-04-01,SKU119,177,2025-04-07
SHP000660,Ho Chi Minh City,Johannesburg,Road,12,Delivered,2025-08-17,SKU107,145,2025-08-29
SHP000661,Ho Chi Minh City,Rotterdam,Road,18,Delayed,2025-12-12,SKU117,116,2025-12-30
SHP000662,Zhengzhou,Sao Paulo,Air,7,Delivered,2025-04-14,SKU123,113,2025-04-21
SHP000663,Zhengzhou,Dubai,Sea,3,In Transit,2025-11-15,SKU125,127,2025-11-18
SHP000664,Ho Chi Minh City,Singapore,Sea,12,Delayed,2025-01-01,SKU123,212,2025-01-13
SHP000665,Noida,Singapore,Sea,17,In Transit,2025-09-27,SKU114,174,2025-10-14
SHP000666,Noida,Sydney,Air,7,Delayed,2025-06-11,SKU101,219,2025-06-18
SHP000667,Ho Chi Minh City,Rotterdam,Road,18,Delayed,2025-11-15,SKU113,216,2025-12-03
SHP000668,Bangkok,Johannesburg,Air,13,In Transit,2025-01-16,SKU122,169,2025-01-29
SHP000669,Zhengzhou,Rotterdam,Sea,18,Delayed,2025-10-04,SKU112,223,2025-10-22
SHP000670,Chennai,Johannesburg,Road,3,Delivered,2025-01-15,SKU129,225,2025-01-18
SHP000671,Chennai,Sao Paulo,Road,5,In Transit,2025-08-05,SKU102,116,2025-08-10
SHP000672,Shenzhen,Sydney,Sea,14,Delivered,2025-11-28,SKU122,152,2025-12-12
SHP000673,Zhengzhou,Rotterdam,Air,10,Delayed,2025-04-14,SKU114,195,2025-04-24
SHP000674,Noida,Dubai,Air,25,In Transit,2025-04-22,SKU118,140,2025-05-17
SHP000675,Ho Chi Minh City,Rotterdam,Sea,14,Delayed,2025-08-05,SKU123,185,2025-08-19
SHP000676,Zhengzhou,Chicago,Air,14,Delayed,2025-09-11,SKU115,175,2025-09-25
SHP000677,Chennai,Chicago,Road,25,Delayed,2025-02-04,SKU125,121,2025-03-01
SHP000678,Ho Chi Minh City,Sydney,Sea,25,Delayed,2025-02-03,SKU110,146,2025-02-28
SHP000679,Ho Chi Minh City,Sao Paulo,Road,23,Delivered,2025-12-25,SKU128,116,2026-01-17
SHP000680,Ho Chi Minh City,Sydney,Air,16,In Transit,2025-09-23,SKU115,141,2025-10-09
SHP000681,Chennai,Dubai,Road,12,In Transit,2025-07-02,SKU119,142,2025-07-14
SHP000682,Ho Chi Minh City,Dubai,Sea,19,In Transit,2025-05-08,SKU117,131,2025-05-27
SHP000683,Chennai,Johannesburg,Air,2,Delivered,2025-09-27,SKU119,126,2025-09-29
SHP000684,Bangkok,Sydney,Road,10,Delayed,2025-07-18,SKU104,187,2025-07-28
SHP000685,Chennai,Sydney,Road,18,In Transit,2025-12-24,SKU104,148,2026-01-11
SHP000686,Shenzhen,Chicago,Sea,14,Delayed,2025-05-30,SKU127,217,2025-06-13
SHP000687,Noida,Sao Paulo,Air,4,Delayed,2025-11-27,SKU112,128,2025-12-01
SHP000688,Chennai,Sydney,Air,12,In Transit,2025-04-10,SKU119,227,2025-04-22
SHP000689,Chennai,Chicago,Sea,7,Delivered,2025-01-07,SKU129,178,2025-01-14
SHP000690,Noida,Rotterdam,Sea,8,In Transit,2025-07-04,SKU109,138,2025-07-12
SHP000691,Chennai,Dubai,Road,18,Delivered,2025-01-30,SKU127,139,2025-02-17
SHP000692,Chennai,Chicago,Air,10,Delivered,2025-11-01,SKU113,220,2025-11-11
SHP000693,Shenzhen,Singapore,Road,7,Delivered,2025-12-26,SKU119,249,2026-01-02
SHP000694,Chennai,Dubai,Road,8,Delayed,2025-05-24,SKU101,104,2025-06-01
SHP000695,Bangkok,Dubai,Air,10,In Transit,2025-10-09,SKU118,179,2025-10-19
SHP000696,Bangkok,Johannesburg,Air,23,Delivered,2025-03-27,SKU103,175,2025-04-19
SHP000697,Chennai,Chicago,Road,19,In Transit,2025-04-21,SKU111,110,2025-05-10
SHP000698,Chennai,Rotterdam,Sea,22,Delivered,2025-08-20,SKU125,165,2025-09-11
SHP000699,Noida,Singapore,Air,11,Delivered,2025-07-24,SKU119,132,2025-08-04
SHP000700,Zhengzhou,Sydney,Air,12,Delivered,2025-08-18,SKU105,206,2025-08-30
SHP000701,Noida,Sydney,Road,4,Delivered,2025-04-07,SKU113,177,2025-04-11
SHP000702,Zhengzhou,Singapore,Road,19,Delivered,2025-12-01,SKU120,249,2025-12-20
SHP000703,Noida,Dubai,Air,17,In Transit,2025-02-24,SKU102,130,2025-03-13
SHP000704,Chennai,Rotterdam,Sea,22,Delivered,2025-06-28,SKU121,178,2025-07-20
SHP000705,Chennai,Sydney,Air,6,In Transit,2025-03-13,SKU114,100,2025-03-19
SHP000706,Chennai,Mumbai,Sea,19,In Transit,2025-07-29,SKU101,151,2025-08-17
SHP000707,Ho Chi Minh City,Dubai,Air,5,Delivered,2025-07-31,SKU100,175,2025-08-05
SHP000708,Zhengzhou,Dubai,Road,5,Delivered,2025-02-06,SKU126,165,2025-02-11
SHP000709,Noida,Chicago,Sea,3,Delayed,2025-04-27,SKU127,221,2025-04-30
SHP000710,Bangkok,Dubai,Sea,7,Delayed,2025-09-07,SKU122,105,2025-09-14
SHP000711,Noida,Sao Paulo,Air,7,Delayed,2025-04-03,SKU123,184,2025-04-10
SHP000712,Ho Chi Minh City,Chicago,Sea,18,Delayed,2025-09-20,SKU105,209,2025-10-08
SHP000713,Ho Chi Minh City,Mumbai,Road,9,Delayed,2025-11-08,SKU118,107,2025-11-17
SHP000714,Noida,Mumbai,Road,17,In Transit,2025-10-20,SKU101,100,2025-11-06
SHP000715,Chennai,Sao Paulo,Air,7,Delivered,2025-08-08,SKU113,182,2025-08-15
SHP000716,Bangkok,Sao Paulo,Sea,11,Delivered,2025-09-27,SKU119,120,2025-10-08
SHP000717,Bangkok,Johannesburg,Road,10,In Transit,2025-12-01,SKU128,182,2025-12-11
SHP000718,Zhengzhou,Rotterdam,Sea,11,Delivered,2025-10-28,SKU104,177,2025-11-08
SHP000719,Noida,Johannesburg,Sea,8,In Transit,2025-07-23,SKU115,205,2025-07-31
SHP000720,Noida,Sao Paulo,Sea,16,Delayed,2025-10-09,SKU102,137,2025-10-25
SHP000721,Zhengzhou,Sao Paulo,Air,5,Delivered,2025-05-22,SKU102,193,2025-05-27
SHP000722,Zhengzhou,Johannesburg,Air,25,Delayed,2025-02-12,SKU121,126,2025-03-09
SHP000723,Bangkok,Dubai,Air,16,In Transit,2025-04-27,SKU102,145,2025-05-13
SHP000724,Bangkok,Singapore,Air,11,Delayed,2025-01-07,SKU101,99,2025-01-18
SHP000725,Ho Chi Minh City,Sao Paulo,Sea,22,Delivered,2025-03-21,SKU112,98,2025-04-12
SHP000726,Noida,Johannesburg,Road,17,Delivered,2025-07-08,SKU125,140,2025-07-25
SHP000727,Zhengzhou,Dubai,Sea,17,Delayed,2025-04-26,SKU107,122,2025-05-13
SHP000728,Ho Chi Minh City,Mumbai,Air,4,In Transit,2025-06-14,SKU114,165,2025-06-18
SHP000729,Ho Chi Minh City,Rotterdam,Air,10,In Transit,2025-09-09,SKU101,128,2025-09-19
SHP000730,Chennai,Chicago,Air,19,Delayed,2025-03-21,SKU114,184,2025-04-09
SHP000731,Ho Chi Minh City,Johannesburg,Sea,11,Delivered,2025-01-12,SKU124,211,2025-01-23
SHP000732,Shenzhen,Johannesburg,Air,15,Delayed,2025-06-25,SKU128,182,2025-07-10
SHP000733,Bangkok,Chicago,Sea,17,Delayed,2025-05-17,SKU108,196,2025-06-03
SHP000734,Shenzhen,Sao Paulo,Road,15,In Transit,2025-02-02,SKU110,113,2025-02-17
SHP000735,Noida,Johannesburg,Road,21,In Transit,2025-11-19,SKU118,151,2025-12-10
SHP000736,Zhengzhou,Sao Paulo,Air,24,Delivered,2025-12-07,SKU118,218,2025-12-31
SHP000737,Bangkok,Rotterdam,Sea,9,In Transit,2025-06-25,SKU107,200,2025-07-04
SHP000738,Bangkok,Singapore,Air,13,Delayed,2025-11-24,SKU107,171,2025-12-07
SHP000739,Zhengzhou,Dubai,Sea,22,Delayed,2025-03-25,SKU120,156,2025-04-16
SHP000740,Noida,Singapore,Sea,3,Delayed,2025-03-25,SKU105,181,2025-03-28
SHP000741,Bangkok,Rotterdam,Air,7,Delayed,2025-11-11,SKU127,103,2025-11-18
SHP000742,Shenzhen,Sao Paulo,Sea,24,Delayed,2025-07-03,SKU110,162,2025-07-27
SHP000743,Shenzhen,Sao Paulo,Sea,3,Delayed,2025-06-06,SKU116,183,2025-06-09
SHP000744,Ho Chi Minh City,Sao Paulo,Air,16,In Transit,2025-10-31,SKU123,145,2025-11-16
SHP000745,Bangkok,Sao Paulo,Sea,8,In Transit,2025-08-03,SKU107,199,2025-08-11
SHP000746,Shenzhen,Singapore,Air,8,Delivered,2025-02-22,SKU111,178,2025-03-02
SHP000747,Zhengzhou,Johannesburg,Sea,18,In Transit,2025-09-16,SKU109,118,2025-10-04
SHP000748,Chennai,Singapore,Sea,16,Delayed,2025-03-24,SKU127,166,2025-04-09
SHP000749,Chennai,Johannesburg,Road,13,In Transit,2025-02-11,SKU119,146,2025-02-24
SHP000750,Zhengzhou,Dubai,Air,23,In Transit,2025-12-26,SKU124,143,2026-01-18
SHP000751,Noida,Dubai,Air,20,Delayed,2025-06-29,SKU100,165,2025-07-19
SHP000752,Bangkok,Mumbai,Sea,6,In Transit,2025-03-23,SKU107,175,2025-03-29
SHP000753,Chennai,Sydney,Road,23,In Transit,2025-09-30,SKU109,112,2025-10-23
SHP000754,Noida,Chicago,Road,19,In Transit,2025-10-01,SKU100,191,2025-10-20
SHP000755,Noida,Sao Paulo,Air,24,Delivered,2025-06-30,SKU115,118,2025-07-24
SHP000756,Zhengzhou,Mumbai,Sea,10,Delivered,2025-03-28,SKU116,143,2025-04-07
SHP000757,Ho Chi Minh City,Singapore,Sea,10,In Transit,2025-07-31,SKU105,128,2025-08-10
SHP000758,Noida,Dubai,Sea,23,Delivered,2025-06-30,SKU122,217,2025-07-23
SHP000759,Ho Chi Minh City,Mumbai,Road,19,Delivered,2025-10-09,SKU118,137,2025-10-28
SHP000760,Bangkok,Dubai,Sea,24,In Transit,2025-08-11,SKU122,213,2025-09-04
SHP000761,Chennai,Johannesburg,Sea,23,Delivered,2025-07-10,SKU116,157,2025-08-02
SHP000762,Bangkok,Johannesburg,Air,15,Delivered,2025-04-13,SKU113,179,2025-04-28
SHP000763,Ho Chi Minh City,Dubai,Air,2,In Transit,2025-04-22,SKU124,115,2025-04-24
SHP000764,Zhengzhou,Mumbai,Air,13,In Transit,2025-12-09,SKU125,249,2025-12-22
SHP000765,Zhengzhou,Mumbai,Air,12,In Transit,2025-12-13,SKU122,184,2025-12-25
SHP000766,Shenzhen,Singapore,Air,20,Delayed,2025-10-23,SKU100,174,2025-11-12
SHP000767,Zhengzhou,Dubai,Road,3,Delivered,2025-10-18,SKU125,186,2025-10-21
SHP000768,Bangkok,Sao Paulo,Air,8,In Transit,2025-09-30,SKU123,201,2025-10-08
SHP000769,Shenzhen,Sao Paulo,Sea,13,In Transit,2025-07-21,SKU121,95,2025-08-03
SHP000770,Zhengzhou,Johannesburg,Air,12,Delivered,2025-04-06,SKU100,224,2025-04-18
SHP000771,Shenzhen,Singapore,Air,18,Delivered,2025-10-01,SKU122,186,2025-10-19
SHP000772,Shenzhen,Sao Paulo,Air,24,In Transit,2025-06-24,SKU122,186,2025-07-18
SHP000773,Ho Chi Minh City,Johannesburg,Air,2,Delivered,2025-07-30,SKU118,179,2025-08-01
SHP000774,Bangkok,Rotterdam,Sea,23,Delayed,2025-01-14,SKU101,166,2025-02-06
SHP000775,Shenzhen,Rotterdam,Air,10,In Transit,2025-09-01,SKU110,112,2025-09-11
SHP000776,Zhengzhou,Rotterdam,Air,11,Delayed,2025-09-12,SKU106,222,2025-09-23
SHP000777,Shenzhen,Mumbai,Road,12,In Transit,2025-09-26,SKU115,166,2025-10-08
SHP000778,Shenzhen,Mumbai,Air,12,In Transit,2025-03-15,SKU110,171,2025-03-27
SHP000779,Zhengzhou,Mumbai,Sea,19,In Transit,2025-12-08,SKU102,162,2025-12-27
SHP000780,Ho Chi Minh City,Johannesburg,Road,4,Delivered,2025-08-27,SKU109,116,2025-08-31
SHP000781,Bangkok,Sao Paulo,Road,21,Delivered,2025-06-08,SKU114,118,2025-06-29
SHP000782,Zhengzhou,Dubai,Air,18,Delayed,2025-05-16,SKU113,224,2025-06-03
SHP000783,Bangkok,Sao Paulo,Air,22,In Transit,2025-06-01,SKU100,180,2025-06-23
SHP000784,Shenzhen,Chicago,Road,11,In Transit,2025-04-06,SKU100,189,2025-04-17
SHP000785,Bangkok,Johannesburg,Sea,6,In Transit,2025-04-18,SKU101,180,2025-04-24
SHP000786,Chennai,Dubai,Air,20,In Transit,2025-06-22,SKU102,108,2025-07-12
SHP000787,Shenzhen,Sydney,Air,11,Delivered,2025-12-27,SKU116,120,2026-01-07
SHP000788,Bangkok,Rotterdam,Sea,11,Delayed,2025-07-07,SKU127,188,2025-07-18
SHP000789,Shenzhen,Dubai,Sea,11,Delayed,2025-06-22,SKU103,177,2025-07-03
SHP000790,Zhengzhou,Chicago,Road,17,Delivered,2025-09-05,SKU126,140,2025-09-22
SHP000791,Shenzhen,Singapore,Air,20,Delivered,2025-06-04,SKU102,134,2025-06-24
SHP000792,Chennai,Rotterdam,Road,21,In Transit,2025-01-07,SKU129,222,2025-01-28
SHP000793,Shenzhen,Chicago,Road,3,Delayed,2025-07-02,SKU122,160,2025-07-05
SHP000794,Shenzhen,Singapore,Road,10,Delivered,2025-11-19,SKU100,201,2025-11-29
SHP000795,Chennai,Chicago,Air,5,Delayed,2025-06-04,SKU111,140,2025-06-09
SHP000796,Chennai,Sao Paulo,Sea,8,Delivered,2025-01-10,SKU114,136,2025-01-18
SHP000797,Shenzhen,Dubai,Sea,11,Delayed,2025-10-16,SKU128,190,2025-10-27
SHP000798,Shenzhen,Dubai,Sea,19,In Transit,2025-09-15,SKU115,109,2025-10-04
SHP000799,Ho Chi Minh City,Chicago,Air,18,In Transit,2025-09-25,SKU119,162,2025-10-13
SHP000800,Chennai,Johannesburg,Sea,14,Delivered,2025-02-03,SKU111,174,2025-02-17
SHP000801,Shenzhen,Sydney,Sea,6,In Transit,2025-03-16,SKU129,164,2025-03-22
SHP000802,Noida,Chicago,Road,15,Delivered,2025-10-10,SKU103,208,2025-10-25
SHP000803,Shenzhen,Singapore,Air,15,Delivered,2025-06-23,SKU101,212,2025-07-08
SHP000804,Noida,Sao Paulo,Sea,10,Delivered,2025-10-14,SKU107,141,2025-10-24
SHP000805,Bangkok,Sydney,Sea,5,In Transit,2025-10-28,SKU104,117,2025-11-02
SHP000806,Zhengzhou,Sao Paulo,Air,7,In Transit,2025-04-02,SKU113,133,2025-04-09
SHP000807,Noida,Sao Paulo,Air,9,Delayed,2025-04-16,SKU110,183,2025-04-25
SHP000808,Noida,Sao Paulo,Air,10,Delayed,2025-05-09,SKU107,187,2025-05-19
SHP000809,Bangkok,Sao Paulo,Air,15,Delivered,2025-04-08,SKU116,126,2025-04-23
SHP000810,Ho Chi Minh City,Chicago,Sea,6,In Transit,2025-10-25,SKU106,148,2025-10-31
SHP000811,Noida,Rotterdam,Sea,24,Delayed,2025-09-19,SKU112,118,2025-10-13
SHP000812,Ho Chi Minh City,Singapore,Sea,15,Delayed,2025-11-13,SKU109,97,2025-11-28
SHP000813,Chennai,Singapore,Road,15,Delayed,2025-02-05,SKU120,153,2025-02-20
SHP000814,Ho Chi Minh City,Mumbai,Road,25,In Transit,2025-02-27,SKU107,94,2025-03-24
SHP000815,Noida,Rotterdam,Road,22,Delayed,2025-01-11,SKU116,131,2025-02-02
SHP000816,Ho Chi Minh City,Sydney,Road,12,In Transit,2025-02-03,SKU116,160,2025-02-15
SHP000817,Shenzhen,Johannesburg,Sea,11,Delivered,2025-11-26,SKU117,118,2025-12-07
SHP000818,Ho Chi Minh City,Chicago,Air,17,Delivered,2025-09-20,SKU103,183,2025-10-07
SHP000819,Bangkok,Sydney,Road,19,Delayed,2025-05-11,SKU112,207,2025-05-30
SHP000820,Chennai,Dubai,Air,3,In Transit,2025-01-06,SKU120,130,2025-01-09
SHP000821,Ho Chi Minh City,Sydney,Road,6,Delayed,2025-12-31,SKU128,217,2026-01-06
SHP000822,Shenzhen,Sao Paulo,Road,3,In Transit,2025-08-19,SKU110,207,2025-08-22
SHP000823,Chennai,Dubai,Air,4,In Transit,2025-08-03,SKU121,203,2025-08-07
SHP000824,Bangkok,Johannesburg,Air,18,Delayed,2025-10-20,SKU110,177,2025-11-07
SHP000825,Bangkok,Singapore,Air,2,In Transit,2025-06-20,SKU126,219,2025-06-22
SHP000826,Zhengzhou,Singapore,Road,23,In Transit,2025-09-04,SKU125,142,2025-09-27
SHP000827,Chennai,Sydney,Sea,2,Delivered,2025-05-14,SKU108,196,2025-05-16
SHP000828,Bangkok,Chicago,Sea,18,Delayed,2025-07-02,SKU100,191,2025-07-20
SHP000829,Chennai,Sao Paulo,Air,25,Delivered,2025-10-12,SKU109,190,2025-11-06
SHP000830,Ho Chi Minh City,Singapore,Sea,9,In Transit,2025-02-04,SKU109,118,2025-02-13
SHP000831,Zhengzhou,Dubai,Road,18,Delayed,2025-09-15,SKU109,188,2025-10-03
SHP000832,Bangkok,Sao Paulo,Sea,12,Delivered,2025-12-30,SKU119,167,2026-01-11
SHP000833,Ho Chi Minh City,Sydney,Sea,10,In Transit,2025-09-28,SKU106,104,2025-10-08
SHP000834,Noida,Chicago,Road,3,Delayed,2025-06-11,SKU120,88,2025-06-14
SHP000835,Chennai,Rotterdam,Air,16,In Transit,2025-05-06,SKU104,104,2025-05-22
SHP000836,Bangkok,Singapore,Air,19,Delivered,2025-02-08,SKU128,181,2025-02-27
SHP000837,Noida,Johannesburg,Road,9,In Transit,2025-06-30,SKU128,198,2025-07-09
SHP000838,Bangkok,Singapore,Road,21,In Transit,2025-01-15,SKU116,219,2025-02-05
SHP000839,Noida,Mumbai,Air,17,Delayed,2025-08-01,SKU128,165,2025-08-18
SHP000840,Ho Chi Minh City,Johannesburg,Road,14,In Transit,2025-08-15,SKU114,98,2025-08-29
SHP000841,Zhengzhou,Singapore,Sea,24,Delayed,2025-07-06,SKU109,166,2025-07-30
SHP000842,Shenzhen,Singapore,Road,13,In Transit,2025-09-04,SKU125,189,2025-09-17
SHP000843,Noida,Chicago,Sea,19,Delayed,2025-10-01,SKU117,150,2025-10-20
SHP000844,Bangkok,Sao Paulo,Air,3,Delayed,2025-01-04,SKU128,171,2025-01-07
SHP000845,Ho Chi Minh City,Rotterdam,Sea,4,In Transit,2025-01-25,SKU108,157,2025-01-29
SHP000846,Bangkok,Sao Paulo,Road,18,In Transit,2025-12-15,SKU101,182,2026-01-02
SHP000847,Shenzhen,Mumbai,Sea,2,Delayed,2025-06-10,SKU110,197,2025-06-12
SHP000848,Chennai,Sydney,Air,20,In Transit,2025-12-03,SKU120,162,2025-12-23
SHP000849,Ho Chi Minh City,Singapore,Road,21,Delivered,2025-08-22,SKU115,190,2025-09-12
SHP000850,Bangkok,Dubai,Sea,21,In Transit,2025-07-29,SKU112,114,2025-08-19
SHP000851,Noida,Chicago,Sea,3,Delivered,2025-01-21,SKU122,110,2025-01-24
SHP000852,Chennai,Mumbai,Air,18,Delayed,2025-06-23,SKU101,198,2025-07-11
SHP000853,Bangkok,Singapore,Sea,21,Delayed,2025-06-10,SKU107,161,2025-07-01
SHP000854,Zhengzhou,Singapore,Road,23,In Transit,2025-05-04,SKU126,171,2025-05-27
SHP000855,Chennai,Johannesburg,Sea,19,Delivered,2025-06-01,SKU118,117,2025-06-20
SHP000856,Shenzhen,Dubai,Air,3,Delayed,2025-07-05,SKU107,129,2025-07-08
SHP000857,Chennai,Mumbai,Sea,5,Delivered,2025-11-27,SKU126,129,2025-12-02
SHP000858,Shenzhen,Chicago,Air,15,In Transit,2025-05-23,SKU125,135,2025-06-07
SHP000859,Bangkok,Sao Paulo,Air,4,In Transit,2025-01-16,SKU121,202,2025-01-20
SHP000860,Noida,Chicago,Road,7,Delivered,2025-10-02,SKU128,156,2025-10-09
SHP000861,Bangkok,Dubai,Sea,13,Delivered,2025-04-18,SKU129,112,2025-05-01
SHP000862,Ho Chi Minh City,Rotterdam,Road,10,Delivered,2025-02-28,SKU110,213,2025-03-10
SHP000863,Zhengzhou,Sydney,Air,22,In Transit,2025-09-17,SKU112,189,2025-10-09
SHP000864,Zhengzhou,Sydney,Air,15,Delayed,2025-06-18,SKU123,100,2025-07-03
SHP000865,Ho Chi Minh City,Chicago,Air,19,Delayed,2025-09-08,SKU104,180,2025-09-27
SHP000866,Ho Chi Minh City,Rotterdam,Sea,16,In Transit,2025-12-01,SKU107,117,2025-12-17
SHP000867,Bangkok,Sydney,Air,21,Delayed,2025-11-07,SKU107,125,2025-11-28
SHP000868,Zhengzhou,Mumbai,Sea,5,In Transit,2025-12-31,SKU106,108,2026-01-05
SHP000869,Bangkok,Rotterdam,Road,13,Delivered,2025-08-15,SKU119,132,2025-08-28
SHP000870,Zhengzhou,Rotterdam,Air,5,In Transit,2025-04-21,SKU128,165,2025-04-26
SHP000871,Ho Chi Minh City,Dubai,Air,5,In Transit,2025-03-27,SKU112,159,2025-04-01
SHP000872,Ho Chi Minh City,Sydney,Road,18,Delayed,2025-09-08,SKU100,213,2025-09-26
SHP000873,Bangkok,Johannesburg,Air,18,Delayed,2025-06-19,SKU105,128,2025-07-07
SHP000874,Ho Chi Minh City,Sao Paulo,Sea,10,Delivered,2025-06-29,SKU122,143,2025-07-09
SHP000875,Bangkok,Singapore,Road,14,Delivered,2025-02-03,SKU117,129,2025-02-17
SHP000876,Ho Chi Minh City,Chicago,Sea,14,In Transit,2025-07-26,SKU118,168,2025-08-09
SHP000877,Noida,Chicago,Air,2,In Transit,2025-09-17,SKU102,162,2025-09-19
SHP000878,Zhengzhou,Chicago,Air,22,Delivered,2025-10-17,SKU117,117,2025-11-08
SHP000879,Shenzhen,Dubai,Sea,2,In Transit,2025-10-09,SKU111,233,2025-10-11
SHP000880,Zhengzhou,Sydney,Road,22,In Transit,2025-03-28,SKU122,176,2025-04-19
SHP000881,Chennai,Dubai,Road,5,Delayed,2025-01-26,SKU126,215,2025-01-31
SHP000882,Shenzhen,Sao Paulo,Air,13,Delayed,2025-05-08,SKU100,146,2025-05-21
SHP000883,Ho Chi Minh City,Johannesburg,Road,18,Delayed,2025-12-10,SKU117,223,2025-12-28
SHP000884,Shenzhen,Sydney,Sea,25,Delayed,2025-06-15,SKU111,114,2025-07-10
SHP000885,Ho Chi Minh City,Johannesburg,Air,13,Delayed,2025-05-29,SKU115,206,2025-06-11
SHP000886,Bangkok,Johannesburg,Road,22,In Transit,2025-09-08,SKU113,140,2025-09-30
SHP000887,Ho Chi Minh City,Johannesburg,Sea,17,Delivered,2025-03-12,SKU117,195,2025-03-29
SHP000888,Chennai,Chicago,Sea,10,Delayed,2025-04-25,SKU113,100,2025-05-05
SHP000889,Chennai,Johannesburg,Air,8,Delivered,2025-10-11,SKU114,191,2025-10-19
SHP000890,Shenzhen,Johannesburg,Sea,16,Delayed,2025-01-27,SKU119,193,2025-02-12
SHP000891,Zhengzhou,Singapore,Road,24,Delayed,2025-01-13,SKU102,167,2025-02-06
SHP000892,Ho Chi Minh City,Chicago,Sea,3,Delayed,2025-05-01,SKU128,129,2025-05-04
SHP000893,Ho Chi Minh City,Johannesburg,Air,8,Delivered,2025-09-10,SKU100,149,2025-09-18
SHP000894,Ho Chi Minh City,Chicago,Road,15,In Transit,2025-04-03,SKU101,103,2025-04-18
SHP000895,Zhengzhou,Sao Paulo,Air,20,In Transit,2025-09-20,SKU114,166,2025-10-10
SHP000896,Zhengzhou,Rotterdam,Road,23,Delayed,2025-10-15,SKU126,128,2025-11-07
SHP000897,Noida,Chicago,Air,16,In Transit,2025-11-29,SKU100,201,2025-12-15
SHP000898,Ho Chi Minh City,Singapore,Sea,16,Delayed,2025-09-13,SKU105,167,2025-09-29
SHP000899,Chennai,Singapore,Road,22,Delayed,2025-03-16,SKU102,150,2025-04-07
SHP000900,Ho Chi Minh City,Dubai,Sea,5,Delayed,2025-09-11,SKU105,105,2025-09-16
SHP000901,Ho Chi Minh City,Mumbai,Air,5,In Transit,2025-12-18,SKU105,196,2025-12-23
SHP000902,Noida,Dubai,Road,12,In Transit,2025-04-26,SKU100,239,2025-05-08
SHP000903,Ho Chi Minh City,Chicago,Air,19,Delayed,2025-10-15,SKU119,217,2025-11-03
SHP000904,Chennai,Dubai,Road,25,Delayed,2025-06-15,SKU120,147,2025-07-10
SHP000905,Ho Chi Minh City,Dubai,Sea,10,Delayed,2025-11-05,SKU113,165,2025-11-15
SHP000906,Chennai,Mumbai,Road,20,Delayed,2025-07-08,SKU125,94,2025-07-28
SHP000907,Noida,Sydney,Air,21,Delayed,2025-01-25,SKU116,168,2025-02-15
SHP000908,Chennai,Rotterdam,Air,25,In Transit,2025-03-19,SKU107,211,2025-04-13
SHP000909,Shenzhen,Johannesburg,Sea,19,Delayed,2025-09-03,SKU107,109,2025-09-22
SHP000910,Noida,Sydney,Air,3,In Transit,2025-11-29,SKU123,157,2025-12-02
SHP000911,Noida,Sydney,Road,25,In Transit,2025-09-11,SKU111,153,2025-10-06
SHP000912,Noida,Dubai,Air,20,In Transit,2025-07-30,SKU116,223,2025-08-19
SHP000913,Noida,Mumbai,Air,21,Delivered,2025-11-01,SKU115,119,2025-11-22
SHP000914,Ho Chi Minh City,Johannesburg,Sea,5,In Transit,2025-02-28,SKU129,122,2025-03-05
SHP000915,Chennai,Johannesburg,Air,2,In Transit,2025-03-31,SKU112,132,2025-04-02
SHP000916,Ho Chi Minh City,Sao Paulo,Air,14,Delivered,2025-03-10,SKU106,95,2025-03-24
SHP000917,Zhengzhou,Rotterdam,Sea,4,Delayed,2025-01-23,SKU125,202,2025-01-27
SHP000918,Shenzhen,Chicago,Sea,23,Delivered,2025-05-15,SKU112,178,2025-06-07
SHP000919,Shenzhen,Johannesburg,Sea,21,In Transit,2025-07-21,SKU101,172,2025-08-11
SHP000920,Noida,Johannesburg,Air,8,In Transit,2025-11-17,SKU103,153,2025-11-25
SHP000921,Noida,Sao Paulo,Sea,4,Delivered,2025-12-05,SKU109,170,2025-12-09
SHP000922,Ho Chi Minh City,Sydney,Air,18,In Transit,2025-03-27,SKU109,196,2025-04-14
SHP000923,Ho Chi Minh City,Singapore,Road,5,In Transit,2025-10-01,SKU129,185,2025-10-06
SHP000924,Noida,Sao Paulo,Sea,19,Delayed,2025-09-14,SKU100,106,2025-10-03
SHP000925,Noida,Johannesburg,Air,21,Delayed,2025-06-17,SKU103,146,2025-07-08
SHP000926,Noida,Sao Paulo,Sea,5,Delayed,2025-12-03,SKU124,182,2025-12-08
SHP000927,Bangkok,Chicago,Road,22,Delayed,2025-09-04,SKU129,182,2025-09-26
SHP000928,Noida,Rotterdam,Sea,6,In Transit,2025-01-21,SKU124,122,2025-01-27
SHP000929,Chennai,Sydney,Road,16,Delivered,2025-06-25,SKU125,161,2025-07-11
SHP000930,Ho Chi Minh City,Sao Paulo,Sea,16,Delivered,2025-08-15,SKU124,189,2025-08-31
SHP000931,Noida,Johannesburg,Air,22,Delayed,2025-03-27,SKU124,138,2025-04-18
SHP000932,Chennai,Dubai,Sea,16,In Transit,2025-01-21,SKU126,188,2025-02-06
SHP000933,Noida,Johannesburg,Air,20,In Transit,2025-01-15,SKU122,156,2025-02-04
SHP000934,Zhengzhou,Singapore,Sea,2,In Transit,2025-07-19,SKU101,209,2025-07-21
SHP000935,Bangkok,Dubai,Road,7,Delivered,2025-09-26,SKU118,160,2025-10-03
SHP000936,Bangkok,Chicago,Road,7,In Transit,2025-05-21,SKU110,110,2025-05-28
SHP000937,Chennai,Chicago,Sea,12,In Transit,2025-02-23,SKU107,195,2025-03-07
SHP000938,Zhengzhou,Rotterdam,Sea,18,Delayed,2025-08-30,SKU108,225,2025-09-17
SHP000939,Bangkok,Johannesburg,Air,25,Delivered,2025-10-01,SKU103,99,2025-10-26
SHP000940,Zhengzhou,Dubai,Air,22,Delayed,2025-08-27,SKU113,215,2025-09-18
SHP000941,Ho Chi Minh City,Sao Paulo,Sea,5,In Transit,2025-03-22,SKU113,135,2025-03-27
SHP000942,Chennai,Dubai,Road,14,Delayed,2025-07-03,SKU116,227,2025-07-17
SHP000943,Bangkok,Sydney,Sea,20,Delayed,2025-04-06,SKU104,184,2025-04-26
SHP000944,Bangkok,Chicago,Road,2,Delayed,2025-08-15,SKU106,145,2025-08-17
SHP000945,Ho Chi Minh City,Dubai,Air,20,In Transit,2025-04-24,SKU116,159,2025-05-14
SHP000946,Shenzhen,Sydney,Road,13,Delayed,2025-01-21,SKU117,212,2025-02-03
SHP000947,Noida,Rotterdam,Air,18,In Transit,2025-02-19,SKU123,159,2025-03-09
SHP000948,Chennai,Sydney,Air,25,Delayed,2025-12-25,SKU105,176,2026-01-19
SHP000949,Chennai,Sao Paulo,Air,20,Delayed,2025-08-10,SKU103,162,2025-08-30
SHP000950,Shenzhen,Dubai,Road,16,Delivered,2025-03-20,SKU122,195,2025-04-05
SHP000951,Noida,Chicago,Road,14,Delivered,2025-10-31,SKU120,95,2025-11-14
SHP000952,Bangkok,Chicago,Road,20,Delivered,2025-02-08,SKU107,207,2025-02-28
SHP000953,Shenzhen,Sao Paulo,Sea,25,Delivered,2025-06-07,SKU112,99,2025-07-02
SHP000954,Noida,Rotterdam,Road,10,Delivered,2025-11-01,SKU120,188,2025-11-11
SHP000955,Chennai,Mumbai,Sea,17,Delivered,2025-11-11,SKU127,203,2025-11-28
SHP000956,Bangkok,Sao Paulo,Road,24,Delivered,2025-10-29,SKU125,172,2025-11-22
SHP000957,Ho Chi Minh City,Sao Paulo,Air,2,Delayed,2025-07-03,SKU125,191,2025-07-05
SHP000958,Zhengzhou,Dubai,Sea,23,Delayed,2025-10-30,SKU104,169,2025-11-22
SHP000959,Chennai,Rotterdam,Sea,21,Delivered,2025-11-24,SKU125,174,2025-12-15
SHP000960,Zhengzhou,Chicago,Road,9,In Transit,2025-06-14,SKU121,121,2025-06-23
SHP000961,Zhengzhou,Dubai,Air,11,Delayed,2025-08-14,SKU105,182,2025-08-25
SHP000962,Noida,Johannesburg,Sea,17,Delayed,2025-07-15,SKU120,88,2025-08-01
SHP000963,Noida,Chicago,Sea,20,In Transit,2025-12-30,SKU115,197,2026-01-19
SHP000964,Bangkok,Singapore,Air,23,In Transit,2025-01-29,SKU117,208,2025-02-21
SHP000965,Ho Chi Minh City,Chicago,Road,10,In Transit,2025-10-07,SKU114,148,2025-10-17
SHP000966,Ho Chi Minh City,Dubai,Sea,24,In Transit,2025-11-18,SKU106,165,2025-12-12
SHP000967,Chennai,Dubai,Air,6,Delivered,2025-06-28,SKU123,130,2025-07-04
SHP000968,Noida,Dubai,Air,11,In Transit,2025-10-28,SKU111,112,2025-11-08
SHP000969,Ho Chi Minh City,Sydney,Air,23,Delivered,2025-11-14,SKU124,199,2025-12-07
SHP000970,Bangkok,Singapore,Air,6,Delayed,2025-11-14,SKU115,119,2025-11-20
SHP000971,Zhengzhou,Sao Paulo,Air,11,Delayed,2025-06-25,SKU110,208,2025-07-06
SHP000972,Zhengzhou,Singapore,Sea,4,Delayed,2025-01-29,SKU119,121,2025-02-02
SHP000973,Bangkok,Mumbai,Road,25,Delivered,2025-09-02,SKU103,173,2025-09-27
SHP000974,Chennai,Johannesburg,Road,9,Delayed,2025-10-03,SKU101,114,2025-10-12
SHP000975,Shenzhen,Sydney,Road,15,Delayed,2025-04-04,SKU112,130,2025-04-19
SHP000976,Ho Chi Minh City,Singapore,Sea,15,In Transit,2025-02-23,SKU115,134,2025-03-10
SHP000977,Noida,Chicago,Road,7,In Transit,2025-10-15,SKU122,154,2025-10-22
SHP000978,Bangkok,Rotterdam,Air,7,Delayed,2025-08-24,SKU125,124,2025-08-31
SHP000979,Chennai,Singapore,Road,14,Delayed,2025-04-22,SKU125,199,2025-05-06
SHP000980,Zhengzhou,Dubai,Sea,7,In Transit,2025-06-14,SKU114,125,2025-06-21
SHP000981,Chennai,Dubai,Sea,16,Delayed,2025-08-12,SKU113,145,2025-08-28
SHP000982,Chennai,Sydney,Sea,14,Delivered,2025-08-02,SKU110,175,2025-08-16
SHP000983,Noida,Singapore,Air,12,Delayed,2025-09-02,SKU109,106,2025-09-14
SHP000984,Noida,Sao Paulo,Air,20,Delayed,2025-12-19,SKU116,126,2026-01-08
SHP000985,Ho Chi Minh City,Sao Paulo,Road,17,In Transit,2025-07-16,SKU104,102,2025-08-02
SHP000986,Bangkok,Mumbai,Sea,3,Delivered,2025-07-04,SKU121,233,2025-07-07
SHP000987,Ho Chi Minh City,Johannesburg,Road,15,Delivered,2025-10-20,SKU114,156,2025-11-04
SHP000988,Chennai,Rotterdam,Sea,16,In Transit,2025-02-28,SKU116,162,2025-03-16
SHP000989,Bangkok,Johannesburg,Sea,5,In Transit,2025-09-29,SKU102,164,2025-10-04
SHP000990,Chennai,Rotterdam,Road,14,In Transit,2025-11-23,SKU102,116,2025-12-07
SHP000991,Bangkok,Dubai,Road,6,In Transit,2025-08-24,SKU121,148,2025-08-30
SHP000992,Shenzhen,Singapore,Road,16,Delivered,2025-01-08,SKU102,199,2025-01-24
SHP000993,Chennai,Sao Paulo,Road,19,Delivered,2025-04-19,SKU123,167,2025-05-08
SHP000994,Shenzhen,Mumbai,Sea,12,In Transit,2025-12-05,SKU106,159,2025-12-17
SHP000995,Bangkok,Sao Paulo,Road,2,Delivered,2025-08-27,SKU116,136,2025-08-29
SHP000996,Zhengzhou,Sao Paulo,Air,10,Delayed,2025-01-23,SKU121,116,2025-02-02
SHP000997,Shenzhen,Sydney,Road,5,In Transit,2025-09-16,SKU104,213,2025-09-21
SHP000998,Shenzhen,Chicago,Sea,9,Delivered,2025-02-24,SKU114,181,2025-03-05
SHP000999,Noida,Johannesburg,Sea,15,Delivered,2025-07-20,SKU113,121,2025-08-04
SHP001000,Chennai,Singapore,Air,18,Delivered,2025-06-06,SKU117,94,2025-06-24
SHP001001,Ho Chi Minh City,Johannesburg,Road,10,Delivered,2025-10-20,SKU112,106,2025-10-30
SHP001002,Chennai,Singapore,Road,19,Delayed,2025-07-10,SKU105,160,2025-07-29
SHP001003,Shenzhen,Dubai,Sea,13,Delivered,2025-02-05,SKU115,96,2025-02-18
SHP001004,Chennai,Mumbai,Road,2,Delayed,2025-07-19,SKU105,178,2025-07-21
SHP001005,Chennai,Mumbai,Sea,12,Delayed,2025-11-08,SKU105,163,2025-11-20
SHP001006,Ho Chi Minh City,Rotterdam,Sea,24,Delayed,2025-10-18,SKU126,206,2025-11-11
SHP001007,Chennai,Sao Paulo,Sea,24,Delivered,2025-07-15,SKU101,196,2025-08-08
SHP001008,Ho Chi Minh City,Mumbai,Sea,2,In Transit,2025-06-29,SKU103,186,2025-07-01
SHP001009,Bangkok,Dubai,Road,3,Delayed,2025-09-23,SKU102,111,2025-09-26
SHP001010,Bangkok,Sydney,Sea,22,Delivered,2025-12-25,SKU113,172,2026-01-16
SHP001011,Chennai,Sydney,Road,8,In Transit,2025-02-04,SKU117,184,2025-02-12
SHP001012,Bangkok,Dubai,Road,24,Delivered,2025-12-06,SKU114,129,2025-12-30
SHP001013,Ho Chi Minh City,Singapore,Air,20,Delayed,2025-08-10,SKU126,222,2025-08-30
SHP001014,Chennai,Chicago,Road,22,In Transit,2025-09-03,SKU125,190,2025-09-25
SHP001015,Ho Chi Minh City,Sydney,Road,12,Delivered,2025-10-01,SKU114,170,2025-10-13
SHP001016,Zhengzhou,Rotterdam,Air,17,In Transit,2025-10-21,SKU128,191,2025-11-07
SHP001017,Bangkok,Sydney,Air,12,Delivered,2025-03-06,SKU104,171,2025-03-18
SHP001018,Noida,Sao Paulo,Sea,5,Delayed,2025-07-12,SKU108,158,2025-07-17
SHP001019,Ho Chi Minh City,Sao Paulo,Air,4,In Transit,2025-09-01,SKU111,108,2025-09-05
SHP001020,Zhengzhou,Sao Paulo,Road,10,Delivered,2025-02-13,SKU103,150,2025-02-23
SHP001021,Noida,Sao Paulo,Road,7,Delivered,2025-12-02,SKU129,157,2025-12-09
SHP001022,Noida,Johannesburg,Sea,10,Delivered,2025-05-26,SKU108,116,2025-06-05
SHP001023,Zhengzhou,Chicago,Air,16,In Transit,2025-09-18,SKU121,104,2025-10-04
SHP001024,Zhengzhou,Johannesburg,Road,22,Delayed,2025-06-29,SKU106,218,2025-07-21
SHP001025,Shenzhen,Sydney,Road,25,Delivered,2025-01-06,SKU128,212,2025-01-31
SHP001026,Shenzhen,Sydney,Sea,11,Delayed,2025-02-11,SKU101,105,2025-02-22
SHP001027,Bangkok,Dubai,Sea,18,In Transit,2025-06-26,SKU128,131,2025-07-14
SHP001028,Noida,Sao Paulo,Road,13,Delayed,2025-11-06,SKU109,199,2025-11-19
SHP001029,Zhengzhou,Singapore,Road,14,Delivered,2025-10-23,SKU112,172,2025-11-06
SHP001030,Shenzhen,Johannesburg,Sea,15,In Transit,2025-02-19,SKU117,116,2025-03-06
SHP001031,Ho Chi Minh City,Rotterdam,Air,16,Delivered,2025-06-03,SKU104,126,2025-06-19
SHP001032,Shenzhen,Singapore,Air,19,In Transit,2025-04-22,SKU115,187,2025-05-11
SHP001033,Bangkok,Sydney,Sea,24,Delayed,2025-01-03,SKU125,173,2025-01-27
SHP001034,Chennai,Sao Paulo,Air,4,In Transit,2025-08-25,SKU100,99,2025-08-29
SHP001035,Noida,Singapore,Road,5,In Transit,2025-05-07,SKU105,132,2025-05-12
SHP001036,Chennai,Chicago,Sea,3,Delivered,2025-04-14,SKU101,123,2025-04-17
SHP001037,Shenzhen,Sao Paulo,Air,19,Delayed,2025-05-26,SKU115,204,2025-06-14
SHP001038,Bangkok,Sao Paulo,Air,10,Delayed,2025-05-22,SKU119,194,2025-06-01
SHP001039,Shenzhen,Johannesburg,Sea,16,Delivered,2025-08-18,SKU126,164,2025-09-03
SHP001040,Chennai,Dubai,Road,13,Delivered,2025-01-07,SKU117,150,2025-01-20
SHP001041,Chennai,Sao Paulo,Air,3,Delayed,2025-10-10,SKU125,211,2025-10-13
SHP001042,Zhengzhou,Johannesburg,Road,18,Delivered,2025-05-19,SKU101,143,2025-06-06
SHP001043,Noida,Mumbai,Road,5,Delayed,2025-06-24,SKU124,158,2025-06-29
SHP001044,Shenzhen,Singapore,Road,24,In Transit,2025-07-30,SKU106,141,2025-08-23
SHP001045,Zhengzhou,Sao Paulo,Sea,6,In Transit,2025-11-30,SKU103,142,2025-12-06
SHP001046,Ho Chi Minh City,Johannesburg,Sea,23,In Transit,2025-10-31,SKU120,186,2025-11-23
SHP001047,Chennai,Singapore,Sea,19,In Transit,2025-01-01,SKU110,197,2025-01-20
SHP001048,Zhengzhou,Chicago,Road,25,Delayed,2025-09-05,SKU109,138,2025-09-30
SHP001049,Ho Chi Minh City,Singapore,Road,24,Delayed,2025-09-30,SKU127,125,2025-10-24
SHP001050,Bangkok,Johannesburg,Air,10,Delivered,2025-06-07,SKU113,182,2025-06-17
SHP001051,Ho Chi Minh City,Johannesburg,Air,16,In Transit,2025-05-15,SKU110,194,2025-05-31
SHP001052,Noida,Mumbai,Sea,12,In Transit,2025-05-14,SKU117,136,2025-05-26
SHP001053,Zhengzhou,Sydney,Sea,8,Delayed,2025-08-29,SKU109,160,2025-09-06
SHP001054,Zhengzhou,Dubai,Sea,7,Delivered,2025-04-16,SKU126,132,2025-04-23
SHP001055,Bangkok,Rotterdam,Sea,18,Delivered,2025-11-20,SKU112,191,2025-12-08
SHP001056,Noida,Rotterdam,Road,19,Delivered,2025-03-07,SKU118,166,2025-03-26
SHP001057,Ho Chi Minh City,Dubai,Sea,25,Delivered,2025-11-09,SKU107,188,2025-12-04
SHP001058,Bangkok,Dubai,Sea,16,In Transit,2025-05-26,SKU119,116,2025-06-11
SHP001059,Noida,Rotterdam,Road,23,Delayed,2025-12-31,SKU124,197,2026-01-23
SHP001060,Bangkok,Sao Paulo,Sea,10,Delivered,2025-10-20,SKU116,112,2025-10-30
SHP001061,Shenzhen,Singapore,Air,6,In Transit,2025-11-02,SKU101,136,2025-11-08
SHP001062,Zhengzhou,Sydney,Sea,21,Delivered,2025-06-22,SKU122,165,2025-07-13
SHP001063,Shenzhen,Johannesburg,Road,9,Delivered,2025-01-30,SKU120,141,2025-02-08
SHP001064,Shenzhen,Chicago,Road,17,Delivered,2025-10-22,SKU110,139,2025-11-08
SHP001065,Noida,Singapore,Sea,8,Delayed,2025-10-06,SKU110,157,2025-10-14
SHP001066,Chennai,Mumbai,Air,21,Delayed,2025-08-07,SKU110,198,2025-08-28
SHP001067,Ho Chi Minh City,Rotterdam,Road,11,Delayed,2025-01-08,SKU116,136,2025-01-19
SHP001068,Ho Chi Minh City,Sydney,Air,14,Delayed,2025-05-08,SKU123,144,2025-05-22
SHP001069,Noida,Johannesburg,Sea,15,In Transit,2025-09-03,SKU106,131,2025-09-18
SHP001070,Bangkok,Johannesburg,Road,20,Delivered,2025-06-02,SKU101,190,2025-06-22
SHP001071,Zhengzhou,Rotterdam,Road,9,In Transit,2025-02-18,SKU129,200,2025-02-27
SHP001072,Bangkok,Sydney,Road,5,In Transit,2025-07-12,SKU115,130,2025-07-17
SHP001073,Ho Chi Minh City,Singapore,Air,2,Delivered,2025-02-25,SKU100,167,2025-02-27
SHP001074,Ho Chi Minh City,Sao Paulo,Road,8,In Transit,2025-05-06,SKU118,217,2025-05-14
SHP001075,Ho Chi Minh City,Sydney,Air,20,In Transit,2025-06-08,SKU117,127,2025-06-28
SHP001076,Bangkok,Chicago,Air,3,In Transit,2025-03-14,SKU124,168,2025-03-17
SHP001077,Bangkok,Chicago,Sea,12,In Transit,2025-11-01,SKU113,93,2025-11-13
SHP001078,Ho Chi Minh City,Mumbai,Air,9,Delayed,2025-02-28,SKU109,214,2025-03-09
SHP001079,Chennai,Rotterdam,Sea,24,Delayed,2025-08-18,SKU118,140,2025-09-11
SHP001080,Zhengzhou,Johannesburg,Road,16,Delivered,2025-05-03,SKU117,178,2025-05-19
SHP001081,Ho Chi Minh City,Johannesburg,Road,19,In Transit,2025-02-27,SKU113,173,2025-03-18
SHP001082,Bangkok,Chicago,Sea,24,Delivered,2025-12-10,SKU101,132,2026-01-03
SHP001083,Zhengzhou,Johannesburg,Air,14,Delivered,2025-02-04,SKU106,140,2025-02-18
SHP001084,Noida,Dubai,Sea,18,In Transit,2025-12-29,SKU106,126,2026-01-16
SHP001085,Zhengzhou,Chicago,Road,25,Delivered,2025-04-16,SKU109,170,2025-05-11
SHP001086,Ho Chi Minh City,Sydney,Road,16,In Transit,2025-05-20,SKU107,214,2025-06-05
SHP001087,Noida,Sydney,Sea,14,In Transit,2025-08-25,SKU122,190,2025-09-08
SHP001088,Noida,Chicago,Air,12,In Transit,2025-06-20,SKU118,116,2025-07-02
SHP001089,Chennai,Rotterdam,Sea,3,Delayed,2025-06-21,SKU108,143,2025-06-24
SHP001090,Ho Chi Minh City,Singapore,Road,6,Delayed,2025-06-25,SKU123,113,2025-07-01
SHP001091,Noida,Rotterdam,Road,6,In Transit,2025-02-20,SKU106,141,2025-02-26
SHP001092,Shenzhen,Chicago,Road,25,Delivered,2025-04-26,SKU100,131,2025-05-21
SHP001093,Bangkok,Singapore,Air,12,In Transit,2025-05-20,SKU123,101,2025-06-01
SHP001094,Zhengzhou,Mumbai,Air,9,Delayed,2025-11-24,SKU109,212,2025-12-03
SHP001095,Bangkok,Sydney,Sea,23,Delivered,2025-07-06,SKU105,211,2025-07-29
SHP001096,Zhengzhou,Sydney,Sea,20,Delayed,2025-07-15,SKU109,109,2025-08-04
SHP001097,Chennai,Johannesburg,Road,7,Delayed,2025-03-28,SKU100,153,2025-04-04
SHP001098,Bangkok,Mumbai,Sea,12,Delayed,2025-10-20,SKU107,130,2025-11-01
SHP001099,Noida,Singapore,Sea,24,Delivered,2025-11-24,SKU104,125,2025-12-18
SHP001100,Bangkok,Sydney,Air,2,Delayed,2025-03-02,SKU104,166,2025-03-04
SHP001101,Ho Chi Minh City,Chicago,Road,11,Delivered,2025-04-18,SKU118,118,2025-04-29
SHP001102,Ho Chi Minh City,Sao Paulo,Sea,13,Delivered,2025-07-30,SKU115,219,2025-08-12
SHP001103,Zhengzhou,Singapore,Air,21,Delayed,2025-04-19,SKU120,118,2025-05-10
SHP001104,Bangkok,Singapore,Sea,9,In Transit,2025-07-17,SKU109,105,2025-07-26
SHP001105,Zhengzhou,Dubai,Road,19,Delayed,2025-05-05,SKU115,176,2025-05-24
SHP001106,Ho Chi Minh City,Chicago,Sea,19,Delivered,2025-03-15,SKU111,214,2025-04-03
SHP001107,Noida,Sao Paulo,Road,7,Delayed,2025-12-25,SKU103,141,2026-01-01
SHP001108,Noida,Sydney,Sea,19,In Transit,2025-06-02,SKU118,121,2025-06-21
SHP001109,Zhengzhou,Mumbai,Air,4,Delayed,2025-11-23,SKU111,184,2025-11-27
SHP001110,Bangkok,Mumbai,Sea,24,In Transit,2025-10-22,SKU122,197,2025-11-15
SHP001111,Bangkok,Mumbai,Sea,14,Delayed,2025-11-15,SKU115,125,2025-11-29
SHP001112,Chennai,Singapore,Air,11,Delayed,2025-02-10,SKU122,111,2025-02-21
SHP001113,Shenzhen,Dubai,Air,11,Delivered,2025-08-14,SKU107,170,2025-08-25
SHP001114,Zhengzhou,Singapore,Sea,25,Delayed,2025-10-22,SKU104,124,2025-11-16
SHP001115,Bangkok,Singapore,Air,17,Delivered,2025-10-29,SKU105,214,2025-11-15
SHP001116,Shenzhen,Johannesburg,Road,18,Delayed,2025-02-28,SKU109,216,2025-03-18
SHP001117,Bangkok,Sydney,Sea,4,In Transit,2025-12-10,SKU126,217,2025-12-14
SHP001118,Ho Chi Minh City,Singapore,Sea,14,In Transit,2025-06-16,SKU108,159,2025-06-30
SHP001119,Noida,Rotterdam,Road,14,In Transit,2025-03-21,SKU100,227,2025-04-04
SHP001120,Shenzhen,Johannesburg,Sea,19,Delayed,2025-03-17,SKU118,147,2025-04-05
SHP001121,Zhengzhou,Sao Paulo,Sea,13,Delayed,2025-12-13,SKU100,195,2025-12-26
SHP001122,Ho Chi Minh City,Rotterdam,Air,24,In Transit,2025-12-23,SKU124,189,2026-01-16
SHP001123,Zhengzhou,Rotterdam,Sea,17,In Transit,2025-02-06,SKU106,188,2025-02-23
SHP001124,Zhengzhou,Singapore,Road,19,Delivered,2025-07-07,SKU103,218,2025-07-26
SHP001125,Chennai,Rotterdam,Sea,13,In Transit,2025-05-03,SKU119,106,2025-05-16
SHP001126,Ho Chi Minh City,Rotterdam,Sea,18,In Transit,2025-10-31,SKU113,208,2025-11-18
SHP001127,Zhengzhou,Sydney,Air,12,In Transit,2025-12-03,SKU123,119,2025-12-15
SHP001128,Chennai,Rotterdam,Air,16,Delayed,2025-11-27,SKU117,198,2025-12-13
SHP001129,Shenzhen,Dubai,Road,5,Delivered,2025-08-04,SKU105,124,2025-08-09
SHP001130,Shenzhen,Chicago,Road,12,Delivered,2025-05-12,SKU112,183,2025-05-24
SHP001131,Shenzhen,Sao Paulo,Sea,8,Delayed,2025-10-31,SKU114,182,2025-11-08
SHP001132,Ho Chi Minh City,Johannesburg,Sea,7,In Transit,2025-08-21,SKU114,97,2025-08-28
SHP001133,Noida,Rotterdam,Air,7,Delivered,2025-05-25,SKU100,206,2025-06-01
SHP001134,Ho Chi Minh City,Sydney,Sea,6,Delivered,2025-11-23,SKU115,184,2025-11-29
SHP001135,Bangkok,Chicago,Road,10,In Transit,2025-01-11,SKU126,142,2025-01-21
SHP001136,Chennai,Mumbai,Road,10,Delivered,2025-10-25,SKU122,121,2025-11-04
SHP001137,Chennai,Sydney,Air,6,In Transit,2025-06-27,SKU120,121,2025-07-03
SHP001138,Chennai,Singapore,Sea,22,Delivered,2025-03-04,SKU106,107,2025-03-26
SHP001139,Noida,Singapore,Road,6,Delivered,2025-10-01,SKU112,180,2025-10-07
SHP001140,Chennai,Mumbai,Air,13,In Transit,2025-06-14,SKU110,209,2025-06-27
SHP001141,Bangkok,Mumbai,Road,22,Delayed,2025-03-03,SKU126,218,2025-03-25
SHP001142,Zhengzhou,Chicago,Air,10,Delayed,2025-01-23,SKU103,195,2025-02-02
SHP001143,Noida,Dubai,Road,10,Delivered,2025-06-04,SKU120,108,2025-06-14
SHP001144,Ho Chi Minh City,Sao Paulo,Road,15,Delivered,2025-07-01,SKU113,206,2025-07-16
SHP001145,Chennai,Dubai,Air,20,In Transit,2025-07-06,SKU104,174,2025-07-26
SHP001146,Bangkok,Sao Paulo,Sea,4,Delivered,2025-11-29,SKU106,224,2025-12-03
SHP001147,Ho Chi Minh City,Mumbai,Sea,19,In Transit,2025-05-02,SKU107,141,2025-05-21
SHP001148,Noida,Dubai,Road,4,Delivered,2025-12-03,SKU121,164,2025-12-07
SHP001149,Shenzhen,Rotterdam,Road,4,In Transit,2025-03-22,SKU113,234,2025-03-26
SHP001150,Chennai,Sydney,Air,15,In Transit,2025-07-28,SKU104,186,2025-08-12
SHP001151,Ho Chi Minh City,Dubai,Air,4,Delayed,2025-11-30,SKU103,133,2025-12-04
SHP001152,Noida,Rotterdam,Air,10,In Transit,2025-12-29,SKU113,176,2026-01-08
SHP001153,Chennai,Sao Paulo,Air,9,In Transit,2025-08-15,SKU120,204,2025-08-24
SHP001154,Shenzhen,Singapore,Air,9,Delivered,2025-11-01,SKU129,112,2025-11-10
SHP001155,Chennai,Dubai,Road,17,Delivered,2025-02-17,SKU126,144,2025-03-06
SHP001156,Bangkok,Singapore,Air,15,Delivered,2025-08-14,SKU113,188,2025-08-29
SHP001157,Shenzhen,Chicago,Road,10,Delayed,2025-03-08,SKU101,110,2025-03-18
SHP001158,Bangkok,Rotterdam,Air,20,Delivered,2025-06-02,SKU129,175,2025-06-22
SHP001159,Zhengzhou,Rotterdam,Road,18,In Transit,2025-09-18,SKU121,107,2025-10-06
SHP001160,Chennai,Dubai,Sea,4,In Transit,2025-08-12,SKU129,179,2025-08-16
SHP001161,Ho Chi Minh City,Sao Paulo,Air,14,In Transit,2025-07-22,SKU103,196,2025-08-05
SHP001162,Chennai,Dubai,Sea,19,In Transit,2025-01-03,SKU119,107,2025-01-22
SHP001163,Bangkok,Dubai,Sea,24,Delivered,2025-07-18,SKU122,139,2025-08-11
SHP001164,Zhengzhou,Singapore,Road,5,Delivered,2025-07-13,SKU111,174,2025-07-18
SHP001165,Noida,Johannesburg,Road,9,In Transit,2025-11-21,SKU120,149,2025-11-30
SHP001166,Ho Chi Minh City,Mumbai,Road,8,Delivered,2025-01-29,SKU122,144,2025-02-06
SHP001167,Shenzhen,Sao Paulo,Air,4,Delivered,2025-08-18,SKU128,168,2025-08-22
SHP001168,Bangkok,Dubai,Sea,20,Delayed,2025-02-21,SKU100,168,2025-03-13
SHP001169,Shenzhen,Sydney,Road,14,Delivered,2025-11-29,SKU117,178,2025-12-13
SHP001170,Noida,Sao Paulo,Sea,25,Delivered,2025-12-02,SKU115,106,2025-12-27
SHP001171,Bangkok,Rotterdam,Road,2,Delivered,2025-09-17,SKU101,107,2025-09-19
SHP001172,Shenzhen,Dubai,Road,15,Delivered,2025-10-04,SKU123,164,2025-10-19
SHP001173,Bangkok,Singapore,Road,22,Delivered,2025-02-28,SKU113,100,2025-03-22
SHP001174,Chennai,Sao Paulo,Sea,15,Delayed,2025-06-24,SKU105,129,2025-07-09
SHP001175,Noida,Singapore,Road,13,Delayed,2025-05-23,SKU129,214,2025-06-05
SHP001176,Zhengzhou,Sydney,Sea,12,Delayed,2025-06-01,SKU102,167,2025-06-13
SHP001177,Zhengzhou,Dubai,Road,3,In Transit,2025-01-18,SKU124,153,2025-01-21
SHP001178,Shenzhen,Sydney,Air,20,In Transit,2025-12-27,SKU112,155,2026-01-16
SHP001179,Ho Chi Minh City,Sao Paulo,Sea,19,Delayed,2025-07-21,SKU106,92,2025-08-09
SHP001180,Shenzhen,Chicago,Sea,21,Delayed,2025-03-13,SKU113,129,2025-04-03
SHP001181,Zhengzhou,Johannesburg,Sea,10,Delayed,2025-01-27,SKU117,199,2025-02-06
SHP001182,Bangkok,Dubai,Sea,9,Delivered,2025-03-13,SKU127,221,2025-03-22
SHP001183,Zhengzhou,Chicago,Road,11,Delayed,2025-01-24,SKU106,101,2025-02-04
SHP001184,Bangkok,Rotterdam,Sea,10,Delayed,2025-05-28,SKU116,143,2025-06-07
SHP001185,Noida,Sao Paulo,Air,23,Delivered,2025-10-25,SKU105,160,2025-11-17
SHP001186,Chennai,Johannesburg,Road,12,Delayed,2025-04-09,SKU103,223,2025-04-21
SHP001187,Ho Chi Minh City,Johannesburg,Sea,2,Delayed,2025-04-03,SKU101,212,2025-04-05
SHP001188,Bangkok,Johannesburg,Road,21,Delivered,2025-12-15,SKU115,174,2026-01-05
SHP001189,Chennai,Sao Paulo,Air,21,Delivered,2025-04-26,SKU124,197,2025-05-17
SHP001190,Zhengzhou,Sao Paulo,Sea,3,In Transit,2025-01-29,SKU126,154,2025-02-01
SHP001191,Zhengzhou,Dubai,Road,10,In Transit,2025-05-19,SKU101,128,2025-05-29
SHP001192,Ho Chi Minh City,Singapore,Sea,10,Delayed,2025-11-25,SKU123,181,2025-12-05
SHP001193,Bangkok,Sao Paulo,Air,4,In Transit,2025-03-04,SKU102,184,2025-03-08
SHP001194,Bangkok,Johannesburg,Road,5,In Transit,2025-11-06,SKU119,200,2025-11-11
SHP001195,Bangkok,Johannesburg,Road,18,In Transit,2025-08-31,SKU124,249,2025-09-18
SHP001196,Noida,Rotterdam,Air,13,Delivered,2025-02-03,SKU118,224,2025-02-16
SHP001197,Bangkok,Sao Paulo,Road,2,In Transit,2025-11-26,SKU111,123,2025-11-28
SHP001198,Ho Chi Minh City,Sao Paulo,Air,12,In Transit,2025-12-22,SKU104,197,2026-01-03
SHP001199,Shenzhen,Mumbai,Sea,18,Delivered,2025-07-28,SKU126,156,2025-08-15
SHP001200,Ho Chi Minh City,Johannesburg,Road,22,In Transit,2025-06-25,SKU118,212,2025-07-17
SHP001201,Shenzhen,Rotterdam,Air,13,Delivered,2025-09-29,SKU126,179,2025-10-12
SHP001202,Ho Chi Minh City,Johannesburg,Sea,8,In Transit,2025-11-26,SKU109,103,2025-12-04
SHP001203,Shenzhen,Dubai,Sea,19,In Transit,2025-05-24,SKU107,148,2025-06-12
SHP001204,Bangkok,Sydney,Road,3,Delivered,2025-04-17,SKU123,102,2025-04-20
SHP001205,Bangkok,Dubai,Road,3,Delayed,2025-08-14,SKU128,149,2025-08-17
SHP001206,Shenzhen,Dubai,Air,21,Delayed,2025-09-08,SKU106,195,2025-09-29
SHP001207,Bangkok,Rotterdam,Road,8,In Transit,2025-11-09,SKU105,114,2025-11-17
SHP001208,Chennai,Rotterdam,Sea,19,Delayed,2025-09-27,SKU117,128,2025-10-16
SHP001209,Shenzhen,Sydney,Air,25,In Transit,2025-10-11,SKU114,146,2025-11-05
SHP001210,Zhengzhou,Chicago,Sea,8,Delivered,2025-05-26,SKU105,190,2025-06-03
SHP001211,Chennai,Singapore,Road,25,Delivered,2025-09-10,SKU118,149,2025-10-05
SHP001212,Bangkok,Rotterdam,Road,16,Delivered,2025-08-06,SKU115,90,2025-08-22
SHP001213,Zhengzhou,Mumbai,Sea,23,In Transit,2025-05-03,SKU122,101,2025-05-26
SHP001214,Ho Chi Minh City,Sao Paulo,Sea,13,Delayed,2025-07-30,SKU103,117,2025-08-12
SHP001215,Noida,Sao Paulo,Road,6,Delivered,2025-10-31,SKU114,102,2025-11-06
SHP001216,Zhengzhou,Sao Paulo,Air,14,In Transit,2025-05-08,SKU121,204,2025-05-22
SHP001217,Ho Chi Minh City,Singapore,Air,2,In Transit,2025-07-03,SKU112,139,2025-07-05
SHP001218,Ho Chi Minh City,Dubai,Sea,19,Delayed,2025-04-05,SKU100,137,2025-04-24
SHP001219,Bangkok,Sydney,Air,15,Delayed,2025-08-29,SKU108,140,2025-09-13
SHP001220,Noida,Dubai,Air,15,In Transit,2025-08-27,SKU106,126,2025-09-11
SHP001221,Zhengzhou,Chicago,Air,20,Delayed,2025-04-27,SKU108,205,2025-05-17
SHP001222,Zhengzhou,Chicago,Air,23,In Transit,2025-05-12,SKU101,209,2025-06-04
SHP001223,Noida,Sao Paulo,Road,21,Delivered,2025-05-18,SKU122,108,2025-06-08
SHP001224,Bangkok,Johannesburg,Sea,16,In Transit,2025-09-16,SKU123,198,2025-10-02
SHP001225,Shenzhen,Sydney,Air,13,In Transit,2025-06-28,SKU127,136,2025-07-11
SHP001226,Noida,Dubai,Road,20,Delayed,2025-09-11,SKU108,200,2025-10-01
SHP001227,Zhengzhou,Singapore,Air,2,Delayed,2025-10-16,SKU125,131,2025-10-18
SHP001228,Bangkok,Mumbai,Sea,21,Delayed,2025-09-19,SKU117,177,2025-10-10
SHP001229,Noida,Mumbai,Road,17,Delayed,2025-01-05,SKU111,146,2025-01-22
SHP001230,Noida,Dubai,Sea,12,Delivered,2025-06-25,SKU111,217,2025-07-07
SHP001231,Bangkok,Johannesburg,Air,14,Delayed,2025-01-05,SKU118,135,2025-01-19
SHP001232,Shenzhen,Mumbai,Road,13,Delayed,2025-03-21,SKU109,138,2025-04-03
SHP001233,Zhengzhou,Sydney,Sea,20,Delivered,2025-07-25,SKU109,184,2025-08-14
SHP001234,Shenzhen,Rotterdam,Road,5,Delivered,2025-02-26,SKU119,166,2025-03-03
SHP001235,Ho Chi Minh City,Rotterdam,Air,7,Delayed,2025-09-30,SKU125,180,2025-10-07
SHP001236,Chennai,Chicago,Air,18,Delivered,2025-11-13,SKU124,167,2025-12-01
SHP001237,Zhengzhou,Singapore,Air,19,In Transit,2025-08-24,SKU105,97,2025-09-12
SHP001238,Chennai,Chicago,Sea,9,In Transit,2025-04-05,SKU121,97,2025-04-14
SHP001239,Bangkok,Sydney,Air,5,Delayed,2025-09-18,SKU123,181,2025-09-23
SHP001240,Zhengzhou,Johannesburg,Air,16,In Transit,2025-02-11,SKU115,215,2025-02-27
SHP001241,Ho Chi Minh City,Mumbai,Road,17,Delayed,2025-05-17,SKU114,168,2025-06-03
SHP001242,Bangkok,Sao Paulo,Road,7,In Transit,2025-02-23,SKU111,122,2025-03-02
SHP001243,Ho Chi Minh City,Johannesburg,Sea,8,Delivered,2025-08-25,SKU104,156,2025-09-02
SHP001244,Shenzhen,Dubai,Sea,10,Delayed,2025-11-04,SKU121,96,2025-11-14
SHP001245,Bangkok,Sao Paulo,Air,3,Delayed,2025-02-16,SKU127,96,2025-02-19
SHP001246,Zhengzhou,Sao Paulo,Air,25,Delayed,2025-06-09,SKU127,221,2025-07-04
SHP001247,Ho Chi Minh City,Chicago,Air,20,In Transit,2025-12-19,SKU106,117,2026-01-08
SHP001248,Bangkok,Singapore,Road,2,Delayed,2025-08-03,SKU116,202,2025-08-05
SHP001249,Ho Chi Minh City,Singapore,Sea,9,In Transit,2025-09-22,SKU113,145,2025-10-01
SHP001250,Zhengzhou,Dubai,Sea,25,In Transit,2025-09-09,SKU101,169,2025-10-04
SHP001251,Bangkok,Johannesburg,Air,10,Delayed,2025-06-26,SKU104,175,2025-07-06
SHP001252,Zhengzhou,Dubai,Sea,21,Delivered,2025-06-28,SKU122,188,2025-07-19
SHP001253,Zhengzhou,Sao Paulo,Road,18,In Transit,2025-05-05,SKU117,105,2025-05-23
SHP001254,Noida,Chicago,Air,5,In Transit,2025-08-02,SKU107,224,2025-08-07
SHP001255,Shenzhen,Sao Paulo,Road,2,Delayed,2025-06-23,SKU123,189,2025-06-25
SHP001256,Ho Chi Minh City,Dubai,Sea,14,In Transit,2025-05-15,SKU105,160,2025-05-29
SHP001257,Shenzhen,Chicago,Sea,25,In Transit,2025-08-26,SKU116,229,2025-09-20
SHP001258,Chennai,Sao Paulo,Air,4,Delivered,2025-09-30,SKU125,124,2025-10-04
SHP001259,Bangkok,Johannesburg,Road,7,In Transit,2025-01-09,SKU120,175,2025-01-16
SHP001260,Shenzhen,Chicago,Air,24,Delayed,2025-06-15,SKU111,155,2025-07-09
SHP001261,Shenzhen,Johannesburg,Sea,13,Delivered,2025-03-25,SKU128,103,2025-04-07
SHP001262,Ho Chi Minh City,Dubai,Road,25,Delayed,2025-05-24,SKU107,149,2025-06-18
SHP001263,Bangkok,Sao Paulo,Air,18,Delayed,2025-04-09,SKU123,102,2025-04-27
SHP001264,Bangkok,Sydney,Sea,16,In Transit,2025-01-20,SKU109,212,2025-02-05
SHP001265,Zhengzhou,Sao Paulo,Sea,20,Delayed,2025-09-17,SKU112,168,2025-10-07
SHP001266,Shenzhen,Chicago,Sea,13,In Transit,2025-02-17,SKU118,242,2025-03-02
SHP001267,Bangkok,Singapore,Road,12,Delivered,2025-08-29,SKU125,167,2025-09-10
SHP001268,Zhengzhou,Rotterdam,Sea,12,Delayed,2025-10-03,SKU122,132,2025-10-15
SHP001269,Ho Chi Minh City,Johannesburg,Road,11,In Transit,2025-01-19,SKU115,122,2025-01-30
SHP001270,Noida,Johannesburg,Sea,21,Delayed,2025-12-30,SKU113,197,2026-01-20
SHP001271,Shenzhen,Sydney,Air,7,Delivered,2025-05-07,SKU121,126,2025-05-14
SHP001272,Zhengzhou,Sydney,Sea,12,In Transit,2025-08-01,SKU128,221,2025-08-13
SHP001273,Bangkok,Singapore,Air,24,Delivered,2025-03-02,SKU127,166,2025-03-26
SHP001274,Noida,Johannesburg,Air,24,Delivered,2025-01-23,SKU114,190,2025-02-16
SHP001275,Ho Chi Minh City,Singapore,Air,10,In Transit,2025-08-19,SKU124,181,2025-08-29
SHP001276,Shenzhen,Johannesburg,Road,19,Delayed,2025-06-18,SKU110,113,2025-07-07
SHP001277,Bangkok,Mumbai,Road,6,In Transit,2025-06-27,SKU108,173,2025-07-03
SHP001278,Noida,Sao Paulo,Road,15,Delayed,2025-11-14,SKU122,183,2025-11-29
SHP001279,Noida,Dubai,Sea,20,Delivered,2025-01-13,SKU123,193,2025-02-02
SHP001280,Chennai,Sao Paulo,Road,24,Delivered,2025-01-24,SKU101,125,2025-02-17
SHP001281,Shenzhen,Mumbai,Road,22,In Transit,2025-12-20,SKU120,144,2026-01-11
SHP001282,Bangkok,Mumbai,Air,2,Delivered,2025-12-04,SKU129,177,2025-12-06
SHP001283,Noida,Dubai,Road,10,In Transit,2025-08-29,SKU105,149,2025-09-08
SHP001284,Zhengzhou,Mumbai,Road,7,Delayed,2025-11-20,SKU106,216,2025-11-27
SHP001285,Ho Chi Minh City,Singapore,Sea,4,Delayed,2025-05-14,SKU111,109,2025-05-18
SHP001286,Bangkok,Mumbai,Road,20,Delivered,2025-03-03,SKU104,170,2025-03-23
SHP001287,Shenzhen,Dubai,Road,17,Delayed,2025-12-15,SKU107,186,2026-01-01
SHP001288,Bangkok,Mumbai,Air,5,Delayed,2025-05-25,SKU105,172,2025-05-30
SHP001289,Chennai,Rotterdam,Air,21,Delayed,2025-04-26,SKU122,123,2025-05-17
SHP001290,Ho Chi Minh City,Dubai,Sea,17,Delayed,2025-04-24,SKU121,152,2025-05-11
SHP001291,Chennai,Sydney,Road,3,Delivered,2025-05-31,SKU125,195,2025-06-03
SHP001292,Chennai,Rotterdam,Air,8,Delivered,2025-12-04,SKU108,125,2025-12-12
SHP001293,Noida,Rotterdam,Sea,19,In Transit,2025-10-03,SKU118,192,2025-10-22
SHP001294,Ho Chi Minh City,Johannesburg,Air,24,In Transit,2025-05-19,SKU126,198,2025-06-12
SHP001295,Zhengzhou,Mumbai,Road,21,Delayed,2025-07-09,SKU104,192,2025-07-30
SHP001296,Shenzhen,Rotterdam,Air,12,Delayed,2025-03-08,SKU107,131,2025-03-20
SHP001297,Bangkok,Mumbai,Sea,3,In Transit,2025-08-04,SKU105,226,2025-08-07
SHP001298,Ho Chi Minh City,Sao Paulo,Road,3,Delayed,2025-05-05,SKU106,94,2025-05-08
SHP001299,Bangkok,Johannesburg,Road,12,Delivered,2025-01-03,SKU126,199,2025-01-15
SHP001300,Bangkok,Sydney,Air,24,Delivered,2025-06-09,SKU119,148,2025-07-03
SHP001301,Chennai,Rotterdam,Air,16,Delayed,2025-02-19,SKU119,128,2025-03-07
SHP001302,Chennai,Johannesburg,Road,16,Delayed,2025-07-25,SKU109,167,2025-08-10
SHP001303,Shenzhen,Johannesburg,Sea,21,Delivered,2025-11-26,SKU121,165,2025-12-17
SHP001304,Shenzhen,Singapore,Sea,5,In Transit,2025-12-06,SKU115,147,2025-12-11
SHP001305,Chennai,Johannesburg,Road,22,In Transit,2025-12-01,SKU128,209,2025-12-23
SHP001306,Ho Chi Minh City,Sydney,Sea,13,Delivered,2025-07-23,SKU124,170,2025-08-05
SHP001307,Noida,Johannesburg,Air,9,Delivered,2025-04-02,SKU127,225,2025-04-11
SHP001308,Zhengzhou,Sao Paulo,Road,24,In Transit,2025-02-27,SKU127,253,2025-03-23
SHP001309,Chennai,Chicago,Air,21,Delivered,2025-03-20,SKU101,129,2025-04-10
SHP001310,Shenzhen,Mumbai,Road,10,Delivered,2025-07-13,SKU120,112,2025-07-23
SHP001311,Noida,Singapore,Air,9,Delivered,2025-04-18,SKU103,152,2025-04-27
SHP001312,Zhengzhou,Sydney,Road,17,Delayed,2025-07-22,SKU119,138,2025-08-08
SHP001313,Zhengzhou,Rotterdam,Sea,10,In Transit,2025-03-21,SKU113,224,2025-03-31
SHP001314,Bangkok,Chicago,Sea,6,Delayed,2025-08-15,SKU104,185,2025-08-21
SHP001315,Noida,Dubai,Sea,9,In Transit,2025-08-17,SKU114,227,2025-08-26
SHP001316,Bangkok,Sydney,Air,5,Delivered,2025-09-26,SKU113,136,2025-10-01
SHP001317,Ho Chi Minh City,Singapore,Sea,11,Delayed,2025-03-02,SKU122,144,2025-03-13
SHP001318,Bangkok,Singapore,Air,21,Delivered,2025-04-30,SKU118,125,2025-05-21
SHP001319,Chennai,Sao Paulo,Air,16,In Transit,2025-03-11,SKU117,96,2025-03-27
SHP001320,Noida,Sao Paulo,Air,19,In Transit,2025-06-01,SKU122,96,2025-06-20
SHP001321,Zhengzhou,Mumbai,Air,22,In Transit,2025-08-16,SKU117,134,2025-09-07
SHP001322,Noida,Sydney,Air,10,In Transit,2025-04-18,SKU118,147,2025-04-28
SHP001323,Noida,Dubai,Sea,13,Delivered,2025-10-16,SKU103,124,2025-10-29
SHP001324,Bangkok,Dubai,Sea,8,Delivered,2025-03-30,SKU102,159,2025-04-07
SHP001325,Shenzhen,Sydney,Road,2,Delayed,2025-06-04,SKU108,142,2025-06-06
SHP001326,Zhengzhou,Sao Paulo,Road,22,In Transit,2025-04-05,SKU122,189,2025-04-27
SHP001327,Noida,Sydney,Sea,12,In Transit,2025-06-25,SKU112,120,2025-07-07
SHP001328,Ho Chi Minh City,Dubai,Road,14,Delayed,2025-09-07,SKU110,101,2025-09-21
SHP001329,Chennai,Dubai,Sea,2,Delivered,2025-01-27,SKU105,152,2025-01-29
SHP001330,Ho Chi Minh City,Sydney,Road,10,Delivered,2025-10-25,SKU129,128,2025-11-04
SHP001331,Chennai,Singapore,Air,12,Delivered,2025-09-28,SKU121,195,2025-10-10
SHP001332,Zhengzhou,Mumbai,Road,20,Delayed,2025-01-04,SKU123,193,2025-01-24
SHP001333,Ho Chi Minh City,Sao Paulo,Road,17,Delivered,2025-01-13,SKU107,208,2025-01-30
SHP001334,Zhengzhou,Dubai,Air,15,In Transit,2025-06-14,SKU127,115,2025-06-29
SHP001335,Noida,Chicago,Sea,16,Delayed,2025-11-16,SKU115,206,2025-12-02
SHP001336,Zhengzhou,Johannesburg,Road,8,In Transit,2025-10-27,SKU112,146,2025-11-04
SHP001337,Ho Chi Minh City,Dubai,Air,22,Delayed,2025-09-12,SKU107,156,2025-10-04
SHP001338,Shenzhen,Chicago,Sea,13,Delayed,2025-06-09,SKU117,192,2025-06-22
SHP001339,Zhengzhou,Singapore,Sea,5,Delivered,2025-02-11,SKU108,99,2025-02-16
SHP001340,Shenzhen,Rotterdam,Sea,25,In Transit,2025-07-03,SKU112,157,2025-07-28
SHP001341,Zhengzhou,Sao Paulo,Sea,16,In Transit,2025-10-12,SKU119,221,2025-10-28
SHP001342,Zhengzhou,Johannesburg,Air,23,Delivered,2025-08-17,SKU112,114,2025-09-09
SHP001343,Ho Chi Minh City,Dubai,Sea,25,In Transit,2025-03-26,SKU122,232,2025-04-20
SHP001344,Zhengzhou,Singapore,Sea,3,Delayed,2025-08-31,SKU117,161,2025-09-03
SHP001345,Noida,Sao Paulo,Sea,16,In Transit,2025-10-13,SKU129,207,2025-10-29
SHP001346,Ho Chi Minh City,Sao Paulo,Sea,25,Delayed,2025-01-20,SKU112,167,2025-02-14
SHP001347,Zhengzhou,Johannesburg,Air,8,Delivered,2025-07-31,SKU112,202,2025-08-08
SHP001348,Zhengzhou,Sydney,Air,5,Delivered,2025-10-27,SKU104,123,2025-11-01
SHP001349,Noida,Rotterdam,Sea,13,Delivered,2025-12-30,SKU105,201,2026-01-12
SHP001350,Chennai,Chicago,Air,20,Delayed,2025-02-19,SKU105,179,2025-03-11
SHP001351,Bangkok,Mumbai,Air,9,Delayed,2025-11-25,SKU126,222,2025-12-04
SHP001352,Ho Chi Minh City,Rotterdam,Air,9,Delayed,2025-02-19,SKU109,164,2025-02-28
SHP001353,Ho Chi Minh City,Sydney,Road,21,In Transit,2025-06-13,SKU105,141,2025-07-04
SHP001354,Zhengzhou,Singapore,Road,14,Delayed,2025-02-24,SKU113,167,2025-03-10
SHP001355,Noida,Mumbai,Air,5,In Transit,2025-11-25,SKU129,215,2025-11-30
SHP001356,Zhengzhou,Chicago,Road,11,Delayed,2025-12-02,SKU120,194,2025-12-13
SHP001357,Zhengzhou,Sao Paulo,Sea,24,In Transit,2025-06-22,SKU123,118,2025-07-16
SHP001358,Shenzhen,Mumbai,Air,7,Delayed,2025-09-23,SKU117,113,2025-09-30
SHP001359,Chennai,Chicago,Road,21,Delayed,2025-10-19,SKU107,210,2025-11-09
SHP001360,Chennai,Mumbai,Air,10,In Transit,2025-09-04,SKU115,229,2025-09-14
SHP001361,Zhengzhou,Chicago,Sea,3,Delayed,2025-10-04,SKU114,190,2025-10-07
SHP001362,Noida,Mumbai,Sea,5,Delivered,2025-12-31,SKU111,132,2026-01-05
SHP001363,Shenzhen,Chicago,Road,10,Delivered,2025-06-17,SKU108,120,2025-06-27
SHP001364,Noida,Sao Paulo,Sea,4,Delivered,2025-08-29,SKU106,112,2025-09-02
SHP001365,Zhengzhou,Mumbai,Road,18,In Transit,2025-11-30,SKU104,136,2025-12-18
SHP001366,Noida,Sydney,Sea,17,Delayed,2025-05-25,SKU112,174,2025-06-11
SHP001367,Noida,Mumbai,Air,7,In Transit,2025-12-22,SKU118,211,2025-12-29
SHP001368,Bangkok,Johannesburg,Sea,23,In Transit,2025-03-09,SKU123,217,2025-04-01
SHP001369,Bangkok,Singapore,Air,4,Delivered,2025-12-23,SKU115,127,2025-12-27
SHP001370,Shenzhen,Dubai,Road,12,Delivered,2025-05-25,SKU121,173,2025-06-06
SHP001371,Ho Chi Minh City,Rotterdam,Road,12,In Transit,2025-04-02,SKU122,141,2025-04-14
SHP001372,Bangkok,Chicago,Road,3,In Transit,2025-04-08,SKU128,164,2025-04-11
SHP001373,Zhengzhou,Dubai,Air,16,In Transit,2025-08-17,SKU112,126,2025-09-02
SHP001374,Shenzhen,Singapore,Road,17,Delayed,2025-07-05,SKU124,198,2025-07-22
SHP001375,Bangkok,Singapore,Road,17,Delayed,2025-09-24,SKU112,121,2025-10-11
SHP001376,Ho Chi Minh City,Sao Paulo,Air,10,Delayed,2025-03-29,SKU123,135,2025-04-08
SHP001377,Noida,Chicago,Sea,7,In Transit,2025-01-14,SKU106,99,2025-01-21
SHP001378,Bangkok,Chicago,Air,3,In Transit,2025-04-15,SKU129,192,2025-04-18
SHP001379,Zhengzhou,Singapore,Sea,8,Delivered,2025-01-30,SKU123,170,2025-02-07
SHP001380,Bangkok,Sao Paulo,Road,5,Delayed,2025-11-19,SKU119,215,2025-11-24
SHP001381,Shenzhen,Rotterdam,Air,6,Delayed,2025-12-19,SKU107,138,2025-12-25
SHP001382,Ho Chi Minh City,Rotterdam,Road,4,Delayed,2025-03-10,SKU116,138,2025-03-14
SHP001383,Bangkok,Rotterdam,Road,16,Delayed,2025-05-03,SKU118,178,2025-05-19
SHP001384,Shenzhen,Singapore,Sea,24,Delivered,2025-09-19,SKU108,177,2025-10-13
SHP001385,Noida,Dubai,Road,23,In Transit,2025-10-02,SKU109,201,2025-10-25
SHP001386,Zhengzhou,Rotterdam,Sea,24,Delayed,2025-01-23,SKU112,152,2025-02-16
SHP001387,Shenzhen,Rotterdam,Air,8,In Transit,2025-10-01,SKU119,131,2025-10-09
SHP001388,Noida,Chicago,Air,18,Delivered,2025-03-12,SKU125,177,2025-03-30
SHP001389,Zhengzhou,Chicago,Air,11,Delayed,2025-01-05,SKU120,239,2025-01-16
SHP001390,Zhengzhou,Rotterdam,Sea,10,Delivered,2025-03-04,SKU114,203,2025-03-14
SHP001391,Ho Chi Minh City,Singapore,Air,24,Delivered,2025-02-06,SKU128,155,2025-03-02
SHP001392,Chennai,Sydney,Air,13,In Transit,2025-09-21,SKU127,184,2025-10-04
SHP001393,Shenzhen,Sydney,Road,10,Delayed,2025-11-24,SKU120,137,2025-12-04
SHP001394,Zhengzhou,Chicago,Air,8,Delayed,2025-08-09,SKU106,166,2025-08-17
SHP001395,Chennai,Singapore,Sea,15,Delivered,2025-03-20,SKU106,175,2025-04-04
SHP001396,Noida,Singapore,Road,21,In Transit,2025-11-11,SKU129,215,2025-12-02
SHP001397,Bangkok,Mumbai,Sea,2,Delayed,2025-01-29,SKU104,198,2025-01-31
SHP001398,Zhengzhou,Sydney,Road,11,Delivered,2025-11-11,SKU123,144,2025-11-22
SHP001399,Bangkok,Sydney,Sea,16,In Transit,2025-05-17,SKU126,194,2025-06-02
SHP001400,Shenzhen,Singapore,Air,6,Delayed,2025-12-11,SKU121,96,2025-12-17
SHP001401,Ho Chi Minh City,Johannesburg,Road,21,In Transit,2025-09-10,SKU109,119,2025-10-01
SHP001402,Chennai,Johannesburg,Road,17,In Transit,2025-07-09,SKU104,163,2025-07-26
SHP001403,Shenzhen,Dubai,Sea,10,In Transit,2025-08-11,SKU120,196,2025-08-21
SHP001404,Shenzhen,Rotterdam,Sea,19,Delivered,2025-02-11,SKU111,162,2025-03-02
SHP001405,Noida,Sao Paulo,Sea,12,Delivered,2025-07-14,SKU109,128,2025-07-26
SHP001406,Noida,Sao Paulo,Road,17,Delayed,2025-12-19,SKU104,167,2026-01-05
SHP001407,Zhengzhou,Singapore,Sea,7,In Transit,2025-03-23,SKU102,138,2025-03-30
SHP001408,Bangkok,Johannesburg,Air,16,Delayed,2025-07-14,SKU112,170,2025-07-30
SHP001409,Chennai,Chicago,Air,19,Delivered,2025-02-16,SKU123,98,2025-03-07
SHP001410,Noida,Dubai,Air,4,Delivered,2025-10-27,SKU123,204,2025-10-31
SHP001411,Zhengzhou,Sao Paulo,Air,16,In Transit,2025-08-30,SKU115,137,2025-09-15
SHP001412,Zhengzhou,Johannesburg,Sea,14,In Transit,2025-09-10,SKU105,164,2025-09-24
SHP001413,Zhengzhou,Rotterdam,Air,6,Delayed,2025-02-21,SKU102,200,2025-02-27
SHP001414,Ho Chi Minh City,Sydney,Sea,22,Delivered,2025-09-09,SKU106,119,2025-10-01
SHP001415,Bangkok,Sao Paulo,Road,8,In Transit,2025-08-14,SKU104,102,2025-08-22
SHP001416,Bangkok,Rotterdam,Sea,15,In Transit,2025-11-28,SKU100,152,2025-12-13
SHP001417,Shenzhen,Johannesburg,Sea,20,Delayed,2025-01-04,SKU111,220,2025-01-24
SHP001418,Zhengzhou,Chicago,Air,7,Delayed,2025-11-17,SKU114,132,2025-11-24
SHP001419,Shenzhen,Mumbai,Road,21,In Transit,2025-10-03,SKU107,183,2025-10-24
SHP001420,Ho Chi Minh City,Sydney,Road,15,Delayed,2025-05-20,SKU120,122,2025-06-04
SHP001421,Noida,Sydney,Road,23,Delayed,2025-01-11,SKU118,206,2025-02-03
SHP001422,Chennai,Dubai,Road,14,Delayed,2025-12-27,SKU115,232,2026-01-10
SHP001423,Ho Chi Minh City,Sao Paulo,Road,23,Delayed,2025-12-21,SKU122,159,2026-01-13
SHP001424,Bangkok,Mumbai,Road,15,Delayed,2025-06-19,SKU116,190,2025-07-04
SHP001425,Noida,Chicago,Road,2,In Transit,2025-04-16,SKU103,138,2025-04-18
SHP001426,Bangkok,Singapore,Road,4,Delayed,2025-01-09,SKU115,166,2025-01-13
SHP001427,Ho Chi Minh City,Singapore,Road,14,In Transit,2025-06-17,SKU106,171,2025-07-01
SHP001428,Ho Chi Minh City,Singapore,Air,8,In Transit,2025-02-23,SKU102,216,2025-03-03
SHP001429,Noida,Mumbai,Road,14,In Transit,2025-09-15,SKU128,213,2025-09-29
SHP001430,Zhengzhou,Sao Paulo,Sea,23,In Transit,2025-02-08,SKU114,117,2025-03-03
SHP001431,Shenzhen,Mumbai,Road,20,Delayed,2025-10-11,SKU104,195,2025-10-31
SHP001432,Ho Chi Minh City,Dubai,Sea,21,Delayed,2025-06-27,SKU124,134,2025-07-18
SHP001433,Chennai,Rotterdam,Road,23,Delivered,2025-12-20,SKU127,135,2026-01-12
SHP001434,Bangkok,Dubai,Sea,3,In Transit,2025-02-09,SKU121,155,2025-02-12
SHP001435,Ho Chi Minh City,Sao Paulo,Air,12,Delivered,2025-10-24,SKU129,127,2025-11-05
SHP001436,Chennai,Johannesburg,Air,15,In Transit,2025-12-18,SKU104,118,2026-01-02
SHP001437,Chennai,Johannesburg,Road,25,Delivered,2025-07-08,SKU119,193,2025-08-02
SHP001438,Bangkok,Johannesburg,Sea,16,In Transit,2025-01-25,SKU126,224,2025-02-10
SHP001439,Noida,Chicago,Air,11,In Transit,2025-07-15,SKU102,205,2025-07-26
SHP001440,Shenzhen,Rotterdam,Sea,17,In Transit,2025-07-12,SKU120,134,2025-07-29
SHP001441,Ho Chi Minh City,Sao Paulo,Air,12,In Transit,2025-10-28,SKU119,156,2025-11-09
SHP001442,Shenzhen,Rotterdam,Air,14,Delayed,2025-04-14,SKU102,122,2025-04-28
SHP001443,Shenzhen,Mumbai,Sea,6,Delivered,2025-09-04,SKU128,224,2025-09-10
SHP001444,Zhengzhou,Sydney,Road,23,Delivered,2025-09-16,SKU121,158,2025-10-09
SHP001445,Noida,Singapore,Sea,8,Delayed,2025-05-25,SKU118,102,2025-06-02
SHP001446,Zhengzhou,Sao Paulo,Air,20,Delayed,2025-11-23,SKU122,104,2025-12-13
SHP001447,Zhengzhou,Mumbai,Road,15,In Transit,2025-09-28,SKU121,187,2025-10-13
SHP001448,Shenzhen,Mumbai,Road,8,Delayed,2025-10-27,SKU124,185,2025-11-04
SHP001449,Zhengzhou,Mumbai,Sea,23,Delayed,2025-03-13,SKU112,167,2025-04-05
SHP001450,Ho Chi Minh City,Sydney,Road,5,In Transit,2025-12-25,SKU108,218,2025-12-30
SHP001451,Shenzhen,Dubai,Road,5,Delayed,2025-01-23,SKU125,206,2025-01-28
SHP001452,Shenzhen,Johannesburg,Road,6,In Transit,2025-10-30,SKU127,96,2025-11-05
SHP001453,Shenzhen,Dubai,Sea,15,Delayed,2025-01-13,SKU111,155,2025-01-28
SHP001454,Zhengzhou,Sao Paulo,Air,14,Delayed,2025-03-11,SKU119,157,2025-03-25
SHP001455,Ho Chi Minh City,Rotterdam,Sea,16,In Transit,2025-04-16,SKU129,104,2025-05-02
SHP001456,Noida,Mumbai,Air,17,In Transit,2025-08-08,SKU112,120,2025-08-25
SHP001457,Shenzhen,Rotterdam,Road,16,In Transit,2025-05-24,SKU125,194,2025-06-09
SHP001458,Zhengzhou,Mumbai,Road,25,In Transit,2025-08-08,SKU117,131,2025-09-02
SHP001459,Chennai,Dubai,Air,6,In Transit,2025-09-13,SKU107,139,2025-09-19
SHP001460,Zhengzhou,Johannesburg,Sea,10,Delivered,2025-01-04,SKU112,217,2025-01-14
SHP001461,Noida,Singapore,Air,13,Delayed,2025-12-16,SKU116,176,2025-12-29
SHP001462,Chennai,Sydney,Air,18,Delivered,2025-08-10,SKU104,175,2025-08-28
SHP001463,Noida,Sydney,Road,8,Delivered,2025-06-23,SKU106,153,2025-07-01
SHP001464,Ho Chi Minh City,Singapore,Sea,10,In Transit,2025-05-17,SKU126,194,2025-05-27
SHP001465,Zhengzhou,Dubai,Sea,8,In Transit,2025-12-16,SKU117,105,2025-12-24
SHP001466,Shenzhen,Singapore,Road,14,In Transit,2025-08-06,SKU104,102,2025-08-20
SHP001467,Ho Chi Minh City,Johannesburg,Road,16,In Transit,2025-07-09,SKU114,150,2025-07-25
SHP001468,Chennai,Singapore,Sea,5,Delayed,2025-08-29,SKU121,174,2025-09-03
SHP001469,Chennai,Sydney,Air,21,In Transit,2025-09-26,SKU118,159,2025-10-17
SHP001470,Ho Chi Minh City,Chicago,Air,4,Delayed,2025-05-08,SKU124,117,2025-05-12
SHP001471,Noida,Sao Paulo,Sea,22,In Transit,2025-08-04,SKU120,162,2025-08-26
SHP001472,Zhengzhou,Rotterdam,Sea,8,Delivered,2025-10-17,SKU128,208,2025-10-25
SHP001473,Noida,Johannesburg,Air,25,In Transit,2025-04-03,SKU128,106,2025-04-28
SHP001474,Zhengzhou,Johannesburg,Air,17,Delivered,2025-10-19,SKU105,143,2025-11-05
SHP001475,Ho Chi Minh City,Mumbai,Sea,17,Delayed,2025-12-08,SKU124,138,2025-12-25
SHP001476,Bangkok,Sydney,Road,20,In Transit,2025-09-18,SKU102,108,2025-10-08
SHP001477,Shenzhen,Singapore,Road,23,In Transit,2025-07-02,SKU100,174,2025-07-25
SHP001478,Chennai,Sydney,Road,20,Delivered,2025-01-01,SKU123,196,2025-01-21
SHP001479,Chennai,Mumbai,Sea,20,Delivered,2025-02-03,SKU109,135,2025-02-23
SHP001480,Chennai,Singapore,Road,18,Delayed,2025-03-20,SKU113,156,2025-04-07
SHP001481,Ho Chi Minh City,Chicago,Road,4,Delayed,2025-02-16,SKU128,125,2025-02-20
SHP001482,Chennai,Mumbai,Air,11,Delivered,2025-08-24,SKU112,154,2025-09-04
SHP001483,Ho Chi Minh City,Sydney,Road,11,Delayed,2025-01-05,SKU125,208,2025-01-16
SHP001484,Chennai,Dubai,Road,5,Delayed,2025-11-30,SKU129,184,2025-12-05
SHP001485,Chennai,Dubai,Sea,6,Delivered,2025-12-15,SKU109,205,2025-12-21
SHP001486,Shenzhen,Rotterdam,Sea,18,Delivered,2025-12-17,SKU123,157,2026-01-04
SHP001487,Bangkok,Dubai,Air,24,Delivered,2025-08-14,SKU121,172,2025-09-07
SHP001488,Shenzhen,Rotterdam,Road,17,Delivered,2025-08-30,SKU101,94,2025-09-16
SHP001489,Noida,Mumbai,Sea,12,Delivered,2025-09-17,SKU114,187,2025-09-29
SHP001490,Zhengzhou,Sao Paulo,Air,12,Delayed,2025-12-21,SKU127,245,2026-01-02
SHP001491,Ho Chi Minh City,Chicago,Air,12,Delivered,2025-09-14,SKU119,170,2025-09-26
SHP001492,Noida,Rotterdam,Road,8,Delivered,2025-03-04,SKU115,180,2025-03-12
SHP001493,Shenzhen,Dubai,Sea,21,Delayed,2025-07-12,SKU129,121,2025-08-02
SHP001494,Bangkok,Mumbai,Air,11,Delayed,2025-05-04,SKU105,187,2025-05-15
SHP001495,Shenzhen,Mumbai,Sea,21,In Transit,2025-09-29,SKU120,133,2025-10-20
SHP001496,Shenzhen,Rotterdam,Sea,25,In Transit,2025-06-14,SKU122,110,2025-07-09
SHP001497,Chennai,Sao Paulo,Road,3,In Transit,2025-04-08,SKU109,153,2025-04-11
SHP001498,Shenzhen,Dubai,Sea,14,Delivered,2025-06-29,SKU107,173,2025-07-13
SHP001499,Shenzhen,Sydney,Air,16,Delayed,2025-04-27,SKU120,128,2025-05-13
SHP001500,Shenzhen,Dubai,Sea,8,In Transit,2025-09-23,SKU101,127,2025-10-01
SHP001501,Bangkok,Rotterdam,Road,2,In Transit,2025-02-07,SKU125,177,2025-02-09
SHP001502,Ho Chi Minh City,Sydney,Sea,8,Delayed,2025-10-27,SKU117,171,2025-11-04
SHP001503,Bangkok,Mumbai,Air,4,Delivered,2025-11-24,SKU124,199,2025-11-28
SHP001504,Shenzhen,Dubai,Sea,21,In Transit,2025-02-07,SKU125,215,2025-02-28
SHP001505,Bangkok,Rotterdam,Air,16,Delayed,2025-09-08,SKU116,137,2025-09-24
SHP001506,Shenzhen,Mumbai,Sea,17,In Transit,2025-02-13,SKU104,150,2025-03-02
SHP001507,Zhengzhou,Johannesburg,Sea,8,Delivered,2025-08-19,SKU101,195,2025-08-27
SHP001508,Zhengzhou,Mumbai,Sea,13,Delayed,2025-03-21,SKU108,110,2025-04-03
SHP001509,Zhengzhou,Rotterdam,Road,11,Delayed,2025-03-07,SKU108,204,2025-03-18
SHP001510,Shenzhen,Dubai,Air,25,In Transit,2025-12-17,SKU120,147,2026-01-11
SHP001511,Bangkok,Sydney,Sea,7,In Transit,2025-06-25,SKU121,125,2025-07-02
SHP001512,Chennai,Chicago,Air,18,In Transit,2025-03-23,SKU111,160,2025-04-10
SHP001513,Ho Chi Minh City,Johannesburg,Road,7,Delayed,2025-05-30,SKU113,172,2025-06-06
SHP001514,Bangkok,Johannesburg,Air,17,In Transit,2025-03-31,SKU109,185,2025-04-17
SHP001515,Zhengzhou,Johannesburg,Road,2,In Transit,2025-05-16,SKU118,207,2025-05-18
SHP001516,Chennai,Chicago,Air,22,In Transit,2025-07-11,SKU117,105,2025-08-02
SHP001517,Zhengzhou,Dubai,Road,14,In Transit,2025-07-10,SKU103,102,2025-07-24
SHP001518,Chennai,Mumbai,Air,16,In Transit,2025-09-10,SKU107,226,2025-09-26
SHP001519,Zhengzhou,Sao Paulo,Road,13,Delayed,2025-12-13,SKU126,107,2025-12-26
SHP001520,Bangkok,Dubai,Road,8,Delayed,2025-02-06,SKU114,179,2025-02-14
SHP001521,Ho Chi Minh City,Sao Paulo,Road,14,In Transit,2025-10-21,SKU118,187,2025-11-04
SHP001522,Ho Chi Minh City,Rotterdam,Air,18,In Transit,2025-08-31,SKU123,168,2025-09-18
SHP001523,Chennai,Mumbai,Air,24,Delivered,2025-02-07,SKU127,135,2025-03-03
SHP001524,Bangkok,Sao Paulo,Road,19,Delayed,2025-11-12,SKU124,132,2025-12-01
SHP001525,Shenzhen,Dubai,Air,7,Delayed,2025-03-15,SKU106,201,2025-03-22
SHP001526,Chennai,Rotterdam,Road,20,In Transit,2025-01-14,SKU108,179,2025-02-03
SHP001527,Chennai,Sao Paulo,Road,20,In Transit,2025-12-13,SKU127,92,2026-01-02
SHP001528,Chennai,Dubai,Sea,15,In Transit,2025-11-06,SKU103,134,2025-11-21
SHP001529,Bangkok,Sao Paulo,Road,8,Delivered,2025-06-25,SKU113,173,2025-07-03
SHP001530,Chennai,Johannesburg,Sea,10,Delivered,2025-07-28,SKU120,152,2025-08-07
SHP001531,Ho Chi Minh City,Mumbai,Sea,3,In Transit,2025-10-02,SKU129,105,2025-10-05
SHP001532,Noida,Chicago,Sea,19,Delayed,2025-01-29,SKU107,139,2025-02-17
SHP001533,Shenzhen,Chicago,Sea,6,In Transit,2025-08-14,SKU101,205,2025-08-20
SHP001534,Bangkok,Mumbai,Sea,11,Delayed,2025-10-11,SKU110,142,2025-10-22
SHP001535,Ho Chi Minh City,Johannesburg,Road,6,In Transit,2025-07-27,SKU113,139,2025-08-02
SHP001536,Noida,Johannesburg,Air,20,Delivered,2025-10-02,SKU126,161,2025-10-22
SHP001537,Noida,Sao Paulo,Road,20,In Transit,2025-12-13,SKU129,121,2026-01-02
SHP001538,Shenzhen,Rotterdam,Road,4,Delivered,2025-11-03,SKU114,94,2025-11-07
SHP001539,Noida,Mumbai,Road,19,Delayed,2025-10-12,SKU123,121,2025-10-31
SHP001540,Zhengzhou,Chicago,Road,22,In Transit,2025-12-02,SKU124,187,2025-12-24
SHP001541,Zhengzhou,Mumbai,Sea,23,In Transit,2025-02-28,SKU119,178,2025-03-23
SHP001542,Noida,Sao Paulo,Road,13,Delivered,2025-03-11,SKU116,187,2025-03-24
SHP001543,Bangkok,Mumbai,Road,22,Delivered,2025-03-22,SKU114,188,2025-04-13
SHP001544,Ho Chi Minh City,Sao Paulo,Air,3,In Transit,2025-04-25,SKU116,118,2025-04-28
SHP001545,Shenzhen,Singapore,Air,3,Delivered,2025-11-04,SKU104,148,2025-11-07
SHP001546,Noida,Dubai,Air,16,Delayed,2025-10-06,SKU128,219,2025-10-22
SHP001547,Shenzhen,Rotterdam,Sea,22,In Transit,2025-12-14,SKU121,169,2026-01-05
SHP001548,Shenzhen,Singapore,Road,4,Delivered,2025-11-11,SKU107,134,2025-11-15
SHP001549,Zhengzhou,Dubai,Air,18,Delivered,2025-09-23,SKU113,203,2025-10-11
SHP001550,Chennai,Rotterdam,Road,24,In Transit,2025-12-23,SKU127,194,2026-01-16
SHP001551,Noida,Sydney,Road,25,Delayed,2025-08-19,SKU105,129,2025-09-13
SHP001552,Chennai,Sydney,Sea,7,Delivered,2025-03-30,SKU105,176,2025-04-06
SHP001553,Chennai,Sao Paulo,Sea,3,Delayed,2025-02-25,SKU129,219,2025-02-28
SHP001554,Chennai,Chicago,Road,14,Delivered,2025-04-04,SKU114,157,2025-04-18
SHP001555,Noida,Dubai,Road,14,Delivered,2025-10-29,SKU114,148,2025-11-12
SHP001556,Ho Chi Minh City,Mumbai,Road,13,Delayed,2025-07-14,SKU112,187,2025-07-27
SHP001557,Ho Chi Minh City,Johannesburg,Air,15,Delivered,2025-12-09,SKU119,111,2025-12-24
SHP001558,Noida,Johannesburg,Road,3,Delayed,2025-09-12,SKU116,142,2025-09-15
SHP001559,Ho Chi Minh City,Singapore,Sea,5,Delivered,2025-06-19,SKU118,177,2025-06-24
SHP001560,Bangkok,Johannesburg,Road,2,Delivered,2025-04-24,SKU124,226,2025-04-26
SHP001561,Shenzhen,Johannesburg,Road,15,Delivered,2025-01-13,SKU110,197,2025-01-28
SHP001562,Shenzhen,Mumbai,Road,18,Delayed,2025-01-12,SKU116,247,2025-01-30
SHP001563,Zhengzhou,Dubai,Sea,12,In Transit,2025-01-07,SKU127,221,2025-01-19
SHP001564,Shenzhen,Chicago,Road,9,Delivered,2025-02-19,SKU108,222,2025-02-28
SHP001565,Ho Chi Minh City,Rotterdam,Air,13,Delivered,2025-03-23,SKU100,123,2025-04-05
SHP001566,Noida,Mumbai,Air,7,Delivered,2025-06-21,SKU114,136,2025-06-28
SHP001567,Shenzhen,Dubai,Air,23,Delayed,2025-11-09,SKU111,143,2025-12-02
SHP001568,Noida,Sydney,Road,21,Delivered,2025-06-29,SKU124,151,2025-07-20
SHP001569,Bangkok,Dubai,Road,3,Delivered,2025-02-09,SKU109,123,2025-02-12
SHP001570,Noida,Dubai,Air,6,In Transit,2025-09-21,SKU120,162,2025-09-27
SHP001571,Ho Chi Minh City,Singapore,Air,25,Delayed,2025-06-03,SKU115,236,2025-06-28
SHP001572,Zhengzhou,Chicago,Sea,24,Delayed,2025-07-21,SKU124,190,2025-08-14
SHP001573,Chennai,Johannesburg,Sea,22,In Transit,2025-04-03,SKU128,160,2025-04-25
SHP001574,Noida,Mumbai,Air,14,In Transit,2025-07-02,SKU103,110,2025-07-16
SHP001575,Bangkok,Singapore,Road,7,Delayed,2025-10-28,SKU105,99,2025-11-04
SHP001576,Bangkok,Dubai,Sea,10,Delivered,2025-08-12,SKU121,211,2025-08-22
SHP001577,Zhengzhou,Rotterdam,Road,4,In Transit,2025-11-28,SKU114,189,2025-12-02
SHP001578,Chennai,Singapore,Road,10,In Transit,2025-12-06,SKU120,107,2025-12-16
SHP001579,Noida,Dubai,Road,19,In Transit,2025-11-18,SKU110,212,2025-12-07
SHP001580,Shenzhen,Johannesburg,Air,22,Delivered,2025-09-06,SKU124,123,2025-09-28
SHP001581,Shenzhen,Mumbai,Road,5,In Transit,2025-04-29,SKU105,227,2025-05-04
SHP001582,Noida,Johannesburg,Sea,2,Delayed,2025-07-24,SKU110,98,2025-07-26
SHP001583,Ho Chi Minh City,Sydney,Air,22,In Transit,2025-05-21,SKU102,146,2025-06-12
SHP001584,Ho Chi Minh City,Johannesburg,Road,25,In Transit,2025-11-10,SKU100,138,2025-12-05
SHP001585,Zhengzhou,Dubai,Sea,23,In Transit,2025-08-25,SKU120,189,2025-09-17
SHP001586,Zhengzhou,Dubai,Sea,13,Delayed,2025-09-25,SKU116,131,2025-10-08
SHP001587,Shenzhen,Mumbai,Sea,22,In Transit,2025-02-26,SKU102,158,2025-03-20
SHP001588,Ho Chi Minh City,Rotterdam,Air,6,Delayed,2025-05-26,SKU123,225,2025-06-01
SHP001589,Ho Chi Minh City,Sao Paulo,Sea,6,In Transit,2025-11-19,SKU107,143,2025-11-25
SHP001590,Noida,Mumbai,Road,13,Delivered,2025-09-06,SKU117,229,2025-09-19
SHP001591,Noida,Mumbai,Air,23,In Transit,2025-08-01,SKU109,190,2025-08-24
SHP001592,Zhengzhou,Sydney,Air,24,Delivered,2025-03-20,SKU117,208,2025-04-13
SHP001593,Noida,Singapore,Sea,6,In Transit,2025-06-08,SKU103,179,2025-06-14
SHP001594,Noida,Mumbai,Road,24,Delayed,2025-04-10,SKU119,117,2025-05-04
SHP001595,Zhengzhou,Rotterdam,Road,21,In Transit,2025-02-15,SKU109,102,2025-03-08
SHP001596,Shenzhen,Chicago,Road,17,In Transit,2025-07-01,SKU109,125,2025-07-18
SHP001597,Shenzhen,Johannesburg,Sea,6,Delivered,2025-09-21,SKU112,167,2025-09-27
SHP001598,Ho Chi Minh City,Sydney,Air,10,Delayed,2025-05-02,SKU110,229,2025-05-12
SHP001599,Zhengzhou,Chicago,Air,16,In Transit,2025-08-31,SKU113,151,2025-09-16
SHP001600,Bangkok,Sydney,Sea,21,Delivered,2025-11-14,SKU124,194,2025-12-05
SHP001601,Shenzhen,Mumbai,Air,15,In Transit,2025-04-16,SKU116,148,2025-05-01
SHP001602,Noida,Johannesburg,Sea,18,In Transit,2025-11-13,SKU125,172,2025-12-01
SHP001603,Ho Chi Minh City,Rotterdam,Sea,17,Delivered,2025-09-09,SKU101,96,2025-09-26
SHP001604,Ho Chi Minh City,Rotterdam,Sea,20,In Transit,2025-12-09,SKU105,130,2025-12-29
SHP001605,Chennai,Sao Paulo,Sea,2,Delivered,2025-03-26,SKU109,207,2025-03-28
SHP001606,Noida,Sao Paulo,Road,15,Delayed,2025-04-22,SKU128,175,2025-05-07
SHP001607,Chennai,Singapore,Air,15,Delayed,2025-09-02,SKU105,137,2025-09-17
SHP001608,Ho Chi Minh City,Rotterdam,Road,9,In Transit,2025-11-07,SKU122,188,2025-11-16
SHP001609,Chennai,Singapore,Air,22,Delayed,2025-01-22,SKU109,220,2025-02-13
SHP001610,Shenzhen,Mumbai,Sea,4,In Transit,2025-07-10,SKU110,131,2025-07-14
SHP001611,Shenzhen,Mumbai,Air,16,Delayed,2025-05-17,SKU123,217,2025-06-02
SHP001612,Ho Chi Minh City,Johannesburg,Road,14,Delivered,2025-03-30,SKU114,200,2025-04-13
SHP001613,Noida,Rotterdam,Air,13,In Transit,2025-11-04,SKU129,200,2025-11-17
SHP001614,Noida,Johannesburg,Sea,14,Delivered,2025-06-15,SKU123,176,2025-06-29
SHP001615,Chennai,Singapore,Road,4,Delivered,2025-10-18,SKU102,204,2025-10-22
SHP001616,Bangkok,Sao Paulo,Air,7,Delivered,2025-12-15,SKU102,171,2025-12-22
SHP001617,Chennai,Rotterdam,Sea,8,Delayed,2025-09-29,SKU104,222,2025-10-07
SHP001618,Bangkok,Sao Paulo,Air,3,Delayed,2025-04-25,SKU106,203,2025-04-28
SHP001619,Shenzhen,Dubai,Road,22,Delivered,2025-07-07,SKU101,112,2025-07-29
SHP001620,Noida,Dubai,Road,14,In Transit,2025-02-05,SKU104,160,2025-02-19
SHP001621,Bangkok,Johannesburg,Road,3,Delivered,2025-07-05,SKU104,197,2025-07-08
SHP001622,Zhengzhou,Rotterdam,Air,5,Delayed,2025-10-15,SKU102,190,2025-10-20
SHP001623,Ho Chi Minh City,Mumbai,Road,14,Delayed,2025-02-27,SKU126,136,2025-03-13
SHP001624,Bangkok,Dubai,Sea,3,Delayed,2025-11-19,SKU110,201,2025-11-22
SHP001625,Bangkok,Singapore,Air,3,Delayed,2025-02-25,SKU113,153,2025-02-28
SHP001626,Shenzhen,Sydney,Sea,3,Delivered,2025-04-30,SKU112,93,2025-05-03
SHP001627,Shenzhen,Mumbai,Road,17,Delivered,2025-08-30,SKU111,143,2025-09-16
SHP001628,Ho Chi Minh City,Sydney,Air,4,In Transit,2025-03-04,SKU111,223,2025-03-08
SHP001629,Shenzhen,Chicago,Road,17,In Transit,2025-11-15,SKU119,194,2025-12-02
SHP001630,Zhengzhou,Singapore,Air,4,Delivered,2025-06-09,SKU110,145,2025-06-13
SHP001631,Ho Chi Minh City,Dubai,Road,14,In Transit,2025-12-13,SKU107,165,2025-12-27
SHP001632,Shenzhen,Sydney,Road,15,In Transit,2025-03-13,SKU128,114,2025-03-28
SHP001633,Noida,Dubai,Air,16,In Transit,2025-04-22,SKU125,208,2025-05-08
SHP001634,Chennai,Sydney,Air,25,Delivered,2025-11-02,SKU103,179,2025-11-27
SHP001635,Chennai,Chicago,Air,11,Delivered,2025-05-02,SKU113,186,2025-05-13
SHP001636,Ho Chi Minh City,Chicago,Road,6,In Transit,2025-11-04,SKU110,207,2025-11-10
SHP001637,Zhengzhou,Sydney,Road,10,Delivered,2025-04-25,SKU120,110,2025-05-05
SHP001638,Bangkok,Mumbai,Air,13,Delivered,2025-02-09,SKU122,172,2025-02-22
SHP001639,Bangkok,Sydney,Air,3,Delivered,2025-12-20,SKU119,143,2025-12-23
SHP001640,Ho Chi Minh City,Singapore,Road,17,Delayed,2025-10-07,SKU121,154,2025-10-24
SHP001641,Zhengzhou,Sao Paulo,Air,24,Delayed,2025-04-24,SKU128,105,2025-05-18
SHP001642,Chennai,Mumbai,Road,10,In Transit,2025-05-08,SKU124,199,2025-05-18
SHP001643,Zhengzhou,Dubai,Air,9,In Transit,2025-05-06,SKU128,179,2025-05-15
SHP001644,Noida,Singapore,Road,15,Delivered,2025-03-28,SKU112,238,2025-04-12
SHP001645,Chennai,Johannesburg,Sea,3,In Transit,2025-04-23,SKU104,115,2025-04-26
SHP001646,Noida,Dubai,Road,10,Delivered,2025-07-02,SKU122,176,2025-07-12
SHP001647,Zhengzhou,Mumbai,Air,7,Delivered,2025-03-31,SKU116,222,2025-04-07
SHP001648,Ho Chi Minh City,Chicago,Air,24,Delivered,2025-03-13,SKU116,121,2025-04-06
SHP001649,Noida,Singapore,Sea,7,Delivered,2025-03-26,SKU116,230,2025-04-02
SHP001650,Shenzhen,Mumbai,Air,10,Delayed,2025-08-31,SKU115,154,2025-09-10
SHP001651,Bangkok,Rotterdam,Sea,17,Delivered,2025-02-09,SKU118,115,2025-02-26
SHP001652,Ho Chi Minh City,Mumbai,Sea,24,Delivered,2025-01-09,SKU126,226,2025-02-02
SHP001653,Noida,Sydney,Sea,23,Delayed,2025-09-26,SKU124,176,2025-10-19
SHP001654,Zhengzhou,Sao Paulo,Sea,25,In Transit,2025-03-02,SKU118,188,2025-03-27
SHP001655,Noida,Sydney,Road,21,In Transit,2025-06-14,SKU113,200,2025-07-05
SHP001656,Bangkok,Chicago,Sea,25,In Transit,2025-12-13,SKU110,156,2026-01-07
SHP001657,Shenzhen,Dubai,Sea,16,Delivered,2025-05-11,SKU129,169,2025-05-27
SHP001658,Chennai,Sao Paulo,Sea,2,Delayed,2025-09-30,SKU104,177,2025-10-02
SHP001659,Zhengzhou,Mumbai,Road,8,Delayed,2025-11-13,SKU105,159,2025-11-21
SHP001660,Chennai,Rotterdam,Sea,12,Delayed,2025-12-02,SKU119,107,2025-12-14
SHP001661,Ho Chi Minh City,Sydney,Air,13,Delivered,2025-04-04,SKU117,219,2025-04-17
SHP001662,Bangkok,Sao Paulo,Sea,3,In Transit,2025-08-25,SKU125,125,2025-08-28
SHP001663,Chennai,Singapore,Sea,18,In Transit,2025-05-10,SKU106,161,2025-05-28
SHP001664,Bangkok,Sydney,Air,22,Delivered,2025-10-16,SKU114,222,2025-11-07
SHP001665,Bangkok,Mumbai,Air,11,In Transit,2025-09-19,SKU129,146,2025-09-30
SHP001666,Chennai,Johannesburg,Air,14,In Transit,2025-05-12,SKU103,127,2025-05-26
SHP001667,Noida,Sydney,Sea,14,Delivered,2025-10-30,SKU101,191,2025-11-13
SHP001668,Bangkok,Dubai,Road,9,Delayed,2025-08-04,SKU118,171,2025-08-13
SHP001669,Bangkok,Chicago,Road,4,In Transit,2025-05-27,SKU103,133,2025-05-31
SHP001670,Chennai,Johannesburg,Sea,12,In Transit,2025-03-26,SKU105,128,2025-04-07
SHP001671,Shenzhen,Chicago,Road,5,Delivered,2025-09-26,SKU108,210,2025-10-01
SHP001672,Bangkok,Chicago,Road,19,In Transit,2025-12-02,SKU120,93,2025-12-21
SHP001673,Zhengzhou,Mumbai,Sea,8,Delayed,2025-04-12,SKU120,153,2025-04-20
SHP001674,Bangkok,Johannesburg,Air,25,Delayed,2025-06-17,SKU109,104,2025-07-12
SHP001675,Chennai,Singapore,Air,20,Delayed,2025-12-16,SKU127,133,2026-01-05
SHP001676,Zhengzhou,Rotterdam,Air,5,Delayed,2025-04-24,SKU102,129,2025-04-29
SHP001677,Zhengzhou,Dubai,Air,23,Delivered,2025-06-23,SKU108,99,2025-07-16
SHP001678,Ho Chi Minh City,Chicago,Sea,2,Delayed,2025-12-05,SKU114,152,2025-12-07
SHP001679,Ho Chi Minh City,Sydney,Road,11,Delivered,2025-12-02,SKU123,102,2025-12-13
SHP001680,Chennai,Rotterdam,Air,4,In Transit,2025-03-22,SKU125,148,2025-03-26
SHP001681,Shenzhen,Rotterdam,Sea,20,Delayed,2025-02-21,SKU100,129,2025-03-13
SHP001682,Chennai,Johannesburg,Road,24,Delayed,2025-11-21,SKU111,157,2025-12-15
SHP001683,Chennai,Dubai,Air,8,In Transit,2025-03-10,SKU120,101,2025-03-18
SHP001684,Zhengzhou,Mumbai,Air,3,Delivered,2025-04-02,SKU119,129,2025-04-05
SHP001685,Bangkok,Chicago,Sea,8,Delivered,2025-04-02,SKU120,136,2025-04-10
SHP001686,Bangkok,Mumbai,Road,17,Delayed,2025-12-19,SKU102,98,2026-01-05
SHP001687,Chennai,Johannesburg,Road,21,Delayed,2025-05-28,SKU116,167,2025-06-18
SHP001688,Noida,Johannesburg,Road,14,Delivered,2025-03-31,SKU116,206,2025-04-14
SHP001689,Zhengzhou,Johannesburg,Sea,13,Delivered,2025-07-02,SKU108,154,2025-07-15
SHP001690,Ho Chi Minh City,Rotterdam,Sea,25,Delivered,2025-06-01,SKU128,110,2025-06-26
SHP001691,Shenzhen,Singapore,Road,15,In Transit,2025-03-03,SKU104,193,2025-03-18
SHP001692,Shenzhen,Singapore,Sea,4,In Transit,2025-04-29,SKU111,138,2025-05-03
SHP001693,Shenzhen,Chicago,Sea,15,Delivered,2025-12-31,SKU109,187,2026-01-15
SHP001694,Shenzhen,Sao Paulo,Sea,15,Delivered,2025-09-21,SKU102,154,2025-10-06
SHP001695,Shenzhen,Rotterdam,Air,4,Delivered,2025-08-27,SKU112,99,2025-08-31
SHP001696,Noida,Johannesburg,Sea,13,Delivered,2025-08-26,SKU105,140,2025-09-08
SHP001697,Noida,Chicago,Sea,16,Delayed,2025-01-22,SKU129,165,2025-02-07
SHP001698,Zhengzhou,Dubai,Air,5,Delivered,2025-07-24,SKU101,125,2025-07-29
SHP001699,Noida,Singapore,Sea,3,Delivered,2025-06-16,SKU115,177,2025-06-19
SHP001700,Zhengzhou,Singapore,Road,18,Delayed,2025-12-29,SKU124,113,2026-01-16
SHP001701,Bangkok,Johannesburg,Air,17,Delivered,2025-02-28,SKU105,176,2025-03-17
SHP001702,Chennai,Dubai,Air,10,Delayed,2025-01-16,SKU120,114,2025-01-26
SHP001703,Ho Chi Minh City,Mumbai,Air,20,Delayed,2025-12-22,SKU110,177,2026-01-11
SHP001704,Shenzhen,Chicago,Road,6,Delivered,2025-12-17,SKU110,189,2025-12-23
SHP001705,Noida,Rotterdam,Sea,15,Delayed,2025-08-03,SKU116,151,2025-08-18
SHP001706,Shenzhen,Singapore,Air,17,In Transit,2025-09-12,SKU103,124,2025-09-29
SHP001707,Noida,Singapore,Road,24,Delayed,2025-02-27,SKU127,150,2025-03-23
SHP001708,Chennai,Sydney,Road,25,In Transit,2025-11-03,SKU120,162,2025-11-28
SHP001709,Shenzhen,Sydney,Sea,16,In Transit,2025-06-22,SKU108,121,2025-07-08
SHP001710,Bangkok,Sydney,Sea,5,Delayed,2025-02-28,SKU125,200,2025-03-05
SHP001711,Noida,Chicago,Sea,4,Delivered,2025-01-30,SKU118,202,2025-02-03
SHP001712,Shenzhen,Singapore,Sea,24,Delayed,2025-11-05,SKU126,141,2025-11-29
SHP001713,Noida,Dubai,Sea,18,Delivered,2025-04-16,SKU109,154,2025-05-04
SHP001714,Noida,Sydney,Air,14,Delayed,2025-11-26,SKU109,103,2025-12-10
SHP001715,Chennai,Mumbai,Road,19,Delayed,2025-04-15,SKU119,189,2025-05-04
SHP001716,Bangkok,Johannesburg,Road,10,Delayed,2025-10-31,SKU106,209,2025-11-10
SHP001717,Zhengzhou,Singapore,Air,16,In Transit,2025-07-14,SKU108,189,2025-07-30
SHP001718,Bangkok,Dubai,Air,16,In Transit,2025-06-18,SKU125,172,2025-07-04
SHP001719,Ho Chi Minh City,Mumbai,Sea,5,In Transit,2025-02-09,SKU107,95,2025-02-14
SHP001720,Bangkok,Mumbai,Air,7,Delivered,2025-09-26,SKU108,121,2025-10-03
SHP001721,Ho Chi Minh City,Sydney,Air,10,In Transit,2025-12-25,SKU117,149,2026-01-04
SHP001722,Zhengzhou,Sydney,Sea,22,In Transit,2025-11-01,SKU102,211,2025-11-23
SHP001723,Chennai,Sao Paulo,Road,6,Delayed,2025-06-14,SKU108,158,2025-06-20
SHP001724,Ho Chi Minh City,Dubai,Air,24,Delivered,2025-03-03,SKU114,128,2025-03-27
SHP001725,Shenzhen,Sydney,Road,15,Delivered,2025-08-25,SKU108,184,2025-09-09
SHP001726,Chennai,Johannesburg,Road,4,In Transit,2025-07-20,SKU101,194,2025-07-24
SHP001727,Noida,Sydney,Air,21,In Transit,2025-06-16,SKU115,209,2025-07-07
SHP001728,Zhengzhou,Mumbai,Road,16,In Transit,2025-01-25,SKU102,217,2025-02-10
SHP001729,Bangkok,Sydney,Sea,15,Delayed,2025-12-29,SKU119,200,2026-01-13
SHP001730,Shenzhen,Mumbai,Sea,17,Delayed,2025-11-15,SKU121,122,2025-12-02
SHP001731,Chennai,Sydney,Sea,22,Delayed,2025-07-16,SKU114,138,2025-08-07
SHP001732,Zhengzhou,Dubai,Air,18,Delayed,2025-08-22,SKU107,183,2025-09-09
SHP001733,Chennai,Rotterdam,Air,15,Delivered,2025-07-04,SKU126,200,2025-07-19
SHP001734,Noida,Johannesburg,Road,22,In Transit,2025-12-16,SKU126,204,2026-01-07
SHP001735,Ho Chi Minh City,Rotterdam,Road,8,Delayed,2025-09-11,SKU129,200,2025-09-19
SHP001736,Noida,Sydney,Air,12,In Transit,2025-06-03,SKU123,165,2025-06-15
SHP001737,Shenzhen,Johannesburg,Road,4,Delayed,2025-04-05,SKU118,130,2025-04-09
SHP001738,Ho Chi Minh City,Johannesburg,Road,9,Delivered,2025-03-10,SKU113,103,2025-03-19
SHP001739,Zhengzhou,Chicago,Sea,5,Delivered,2025-01-16,SKU104,104,2025-01-21
SHP001740,Bangkok,Dubai,Sea,7,Delivered,2025-02-14,SKU120,190,2025-02-21
SHP001741,Noida,Singapore,Air,19,Delayed,2025-11-23,SKU128,121,2025-12-12
SHP001742,Noida,Chicago,Road,11,In Transit,2025-01-07,SKU102,215,2025-01-18
SHP001743,Shenzhen,Chicago,Sea,7,Delayed,2025-12-03,SKU112,87,2025-12-10
SHP001744,Noida,Mumbai,Sea,6,In Transit,2025-07-16,SKU108,215,2025-07-22
SHP001745,Ho Chi Minh City,Rotterdam,Air,25,In Transit,2025-09-02,SKU102,166,2025-09-27
SHP001746,Ho Chi Minh City,Rotterdam,Road,9,Delivered,2025-12-31,SKU129,182,2026-01-09
SHP001747,Chennai,Johannesburg,Sea,24,Delayed,2025-11-18,SKU117,138,2025-12-12
SHP001748,Zhengzhou,Singapore,Road,6,Delayed,2025-05-21,SKU123,193,2025-05-27
SHP001749,Noida,Singapore,Sea,13,In Transit,2025-11-17,SKU102,126,2025-11-30
SHP001750,Bangkok,Dubai,Sea,22,Delivered,2025-12-11,SKU115,110,2026-01-02
SHP001751,Shenzhen,Dubai,Sea,2,Delivered,2025-02-26,SKU107,153,2025-02-28
SHP001752,Noida,Rotterdam,Sea,25,Delivered,2025-02-15,SKU122,106,2025-03-12
SHP001753,Zhengzhou,Sao Paulo,Air,8,Delayed,2025-04-18,SKU109,114,2025-04-26
SHP001754,Shenzhen,Rotterdam,Sea,18,Delivered,2025-03-08,SKU110,152,2025-03-26
SHP001755,Ho Chi Minh City,Johannesburg,Road,13,In Transit,2025-06-19,SKU125,174,2025-07-02
SHP001756,Bangkok,Sydney,Road,19,Delayed,2025-06-30,SKU108,187,2025-07-19
SHP001757,Ho Chi Minh City,Mumbai,Road,7,In Transit,2025-06-27,SKU105,142,2025-07-04
SHP001758,Shenzhen,Singapore,Road,24,In Transit,2025-02-15,SKU117,128,2025-03-11
SHP001759,Zhengzhou,Dubai,Road,21,In Transit,2025-10-27,SKU123,184,2025-11-17
SHP001760,Zhengzhou,Sao Paulo,Air,13,Delayed,2025-12-05,SKU104,198,2025-12-18
SHP001761,Zhengzhou,Chicago,Air,9,Delivered,2025-10-30,SKU114,184,2025-11-08
SHP001762,Ho Chi Minh City,Sao Paulo,Air,14,In Transit,2025-07-08,SKU127,144,2025-07-22
SHP001763,Ho Chi Minh City,Singapore,Air,19,Delayed,2025-09-17,SKU110,191,2025-10-06
SHP001764,Noida,Singapore,Sea,10,In Transit,2025-01-18,SKU104,165,2025-01-28
SHP001765,Chennai,Singapore,Air,3,Delivered,2025-09-22,SKU125,154,2025-09-25
SHP001766,Chennai,Chicago,Air,21,Delivered,2025-12-29,SKU129,182,2026-01-19
SHP001767,Shenzhen,Singapore,Sea,23,Delivered,2025-04-04,SKU110,104,2025-04-27
SHP001768,Shenzhen,Chicago,Road,14,In Transit,2025-05-18,SKU106,160,2025-06-01
SHP001769,Noida,Singapore,Sea,8,Delivered,2025-06-02,SKU103,200,2025-06-10
SHP001770,Shenzhen,Rotterdam,Sea,15,In Transit,2025-04-03,SKU103,198,2025-04-18
SHP001771,Noida,Sao Paulo,Air,10,Delivered,2025-09-21,SKU116,131,2025-10-01
SHP001772,Shenzhen,Sao Paulo,Air,5,Delayed,2025-08-20,SKU126,186,2025-08-25
SHP001773,Shenzhen,Rotterdam,Sea,20,In Transit,2025-02-18,SKU112,185,2025-03-10
SHP001774,Noida,Chicago,Road,11,In Transit,2025-03-15,SKU112,173,2025-03-26
SHP001775,Zhengzhou,Dubai,Sea,5,In Transit,2025-03-21,SKU120,243,2025-03-26
SHP001776,Shenzhen,Mumbai,Air,6,Delivered,2025-01-23,SKU118,106,2025-01-29
SHP001777,Shenzhen,Rotterdam,Road,22,Delayed,2025-03-03,SKU114,209,2025-03-25
SHP001778,Shenzhen,Mumbai,Road,7,Delayed,2025-09-24,SKU126,139,2025-10-01
SHP001779,Chennai,Sao Paulo,Sea,25,In Transit,2025-04-10,SKU105,105,2025-05-05
SHP001780,Ho Chi Minh City,Rotterdam,Sea,9,Delivered,2025-03-13,SKU111,212,2025-03-22
SHP001781,Ho Chi Minh City,Rotterdam,Sea,10,In Transit,2025-01-17,SKU127,197,2025-01-27
SHP001782,Chennai,Mumbai,Road,12,Delayed,2025-12-08,SKU121,183,2025-12-20
SHP001783,Chennai,Rotterdam,Sea,20,Delivered,2025-11-16,SKU120,168,2025-12-06
SHP001784,Bangkok,Sao Paulo,Road,5,In Transit,2025-06-19,SKU106,132,2025-06-24
SHP001785,Chennai,Mumbai,Air,18,In Transit,2025-08-02,SKU129,138,2025-08-20
SHP001786,Noida,Rotterdam,Road,5,Delayed,2025-05-25,SKU121,153,2025-05-30
SHP001787,Shenzhen,Rotterdam,Sea,6,Delayed,2025-11-25,SKU116,250,2025-12-01
SHP001788,Ho Chi Minh City,Mumbai,Air,6,Delayed,2025-12-07,SKU115,233,2025-12-13
SHP001789,Noida,Chicago,Air,15,Delayed,2025-04-12,SKU114,220,2025-04-27
SHP001790,Zhengzhou,Singapore,Road,9,In Transit,2025-03-17,SKU119,188,2025-03-26
SHP001791,Bangkok,Sydney,Road,23,Delayed,2025-12-22,SKU100,196,2026-01-14
SHP001792,Shenzhen,Singapore,Road,15,Delivered,2025-04-28,SKU114,122,2025-05-13
SHP001793,Zhengzhou,Sao Paulo,Road,12,In Transit,2025-10-03,SKU117,180,2025-10-15
SHP001794,Shenzhen,Sydney,Air,25,Delayed,2025-03-29,SKU127,154,2025-04-23
SHP001795,Chennai,Sydney,Air,12,Delivered,2025-10-05,SKU129,109,2025-10-17
SHP001796,Ho Chi Minh City,Mumbai,Sea,23,Delivered,2025-02-26,SKU104,184,2025-03-21
SHP001797,Bangkok,Johannesburg,Sea,13,In Transit,2025-07-10,SKU108,220,2025-07-23
SHP001798,Zhengzhou,Chicago,Road,10,Delivered,2025-09-25,SKU127,152,2025-10-05
SHP001799,Bangkok,Sao Paulo,Air,5,In Transit,2025-06-04,SKU119,97,2025-06-09
SHP001800,Bangkok,Mumbai,Road,23,In Transit,2025-07-07,SKU128,212,2025-07-30
SHP001801,Noida,Dubai,Sea,13,In Transit,2025-12-01,SKU113,164,2025-12-14
SHP001802,Noida,Chicago,Road,18,Delayed,2025-12-01,SKU113,178,2025-12-19
SHP001803,Chennai,Johannesburg,Sea,23,Delivered,2025-06-11,SKU121,109,2025-07-04
SHP001804,Bangkok,Sydney,Sea,8,Delayed,2025-01-07,SKU126,182,2025-01-15
SHP001805,Ho Chi Minh City,Rotterdam,Sea,25,Delayed,2025-08-06,SKU110,202,2025-08-31
SHP001806,Chennai,Dubai,Air,24,Delivered,2025-06-06,SKU107,225,2025-06-30
SHP001807,Shenzhen,Johannesburg,Sea,5,Delayed,2025-03-30,SKU121,137,2025-04-04
SHP001808,Noida,Sao Paulo,Sea,25,In Transit,2025-05-01,SKU126,213,2025-05-26
SHP001809,Shenzhen,Sydney,Road,18,Delayed,2025-02-24,SKU103,142,2025-03-14
SHP001810,Shenzhen,Johannesburg,Air,18,In Transit,2025-06-02,SKU105,212,2025-06-20
SHP001811,Ho Chi Minh City,Singapore,Air,2,Delayed,2025-04-17,SKU121,123,2025-04-19
SHP001812,Chennai,Sao Paulo,Sea,22,In Transit,2025-09-08,SKU124,187,2025-09-30
SHP001813,Ho Chi Minh City,Sydney,Air,13,Delayed,2025-10-31,SKU105,144,2025-11-13
SHP001814,Shenzhen,Rotterdam,Air,24,In Transit,2025-08-27,SKU123,200,2025-09-20
SHP001815,Shenzhen,Johannesburg,Air,6,In Transit,2025-09-22,SKU125,227,2025-09-28
SHP001816,Ho Chi Minh City,Sao Paulo,Sea,19,In Transit,2025-06-22,SKU117,161,2025-07-11
SHP001817,Shenzhen,Singapore,Sea,22,Delivered,2025-09-25,SKU116,196,2025-10-17
SHP001818,Bangkok,Singapore,Sea,23,Delivered,2025-05-13,SKU122,239,2025-06-05
SHP001819,Ho Chi Minh City,Sao Paulo,Sea,2,Delivered,2025-08-07,SKU120,120,2025-08-09
SHP001820,Zhengzhou,Sydney,Road,2,Delivered,2025-04-22,SKU106,225,2025-04-24
SHP001821,Shenzhen,Johannesburg,Air,24,Delivered,2025-04-23,SKU116,174,2025-05-17
SHP001822,Shenzhen,Mumbai,Road,10,In Transit,2025-06-15,SKU118,117,2025-06-25
SHP001823,Noida,Rotterdam,Air,22,Delayed,2025-06-25,SKU112,144,2025-07-17
SHP001824,Bangkok,Chicago,Sea,22,Delayed,2025-08-23,SKU123,157,2025-09-14
SHP001825,Zhengzhou,Mumbai,Road,15,Delivered,2025-11-12,SKU114,115,2025-11-27
SHP001826,Bangkok,Johannesburg,Road,24,Delivered,2025-02-14,SKU119,198,2025-03-10
SHP001827,Noida,Sao Paulo,Sea,11,Delayed,2025-03-04,SKU110,129,2025-03-15
SHP001828,Chennai,Sydney,Sea,25,Delivered,2025-04-07,SKU103,123,2025-05-02
SHP001829,Shenzhen,Dubai,Road,3,In Transit,2025-06-05,SKU112,201,2025-06-08
SHP001830,Ho Chi Minh City,Chicago,Road,24,In Transit,2025-09-04,SKU110,171,2025-09-28
SHP001831,Shenzhen,Dubai,Sea,22,In Transit,2025-01-08,SKU120,168,2025-01-30
SHP001832,Zhengzhou,Mumbai,Road,17,Delayed,2025-03-16,SKU126,201,2025-04-02
SHP001833,Shenzhen,Sydney,Sea,2,Delivered,2025-07-21,SKU103,186,2025-07-23
SHP001834,Zhengzhou,Mumbai,Air,2,Delivered,2025-08-02,SKU102,136,2025-08-04
SHP001835,Bangkok,Mumbai,Road,22,In Transit,2025-11-10,SKU107,107,2025-12-02
SHP001836,Noida,Sydney,Air,9,In Transit,2025-10-23,SKU110,192,2025-11-01
SHP001837,Noida,Sydney,Sea,21,In Transit,2025-03-25,SKU106,130,2025-04-15
SHP001838,Noida,Dubai,Road,20,Delayed,2025-01-15,SKU125,207,2025-02-04
SHP001839,Noida,Sydney,Air,5,Delayed,2025-12-21,SKU104,117,2025-12-26
SHP001840,Chennai,Sydney,Road,13,Delivered,2025-01-18,SKU123,137,2025-01-31
SHP001841,Zhengzhou,Mumbai,Sea,10,In Transit,2025-02-03,SKU101,116,2025-02-13
SHP001842,Noida,Rotterdam,Sea,9,In Transit,2025-05-14,SKU127,117,2025-05-23
SHP001843,Shenzhen,Mumbai,Road,25,In Transit,2025-08-05,SKU128,151,2025-08-30
SHP001844,Shenzhen,Chicago,Sea,13,Delivered,2025-10-19,SKU122,165,2025-11-01
SHP001845,Zhengzhou,Sao Paulo,Road,10,Delivered,2025-05-21,SKU106,212,2025-05-31
SHP001846,Shenzhen,Chicago,Road,23,Delayed,2025-02-19,SKU118,236,2025-03-14
SHP001847,Ho Chi Minh City,Mumbai,Road,19,In Transit,2025-08-06,SKU120,124,2025-08-25
SHP001848,Chennai,Singapore,Sea,23,Delayed,2025-11-23,SKU127,160,2025-12-16
SHP001849,Chennai,Sydney,Air,2,Delayed,2025-04-07,SKU111,181,2025-04-09
SHP001850,Chennai,Chicago,Road,17,Delayed,2025-01-01,SKU119,108,2025-01-18
SHP001851,Shenzhen,Rotterdam,Sea,19,Delayed,2025-04-17,SKU109,120,2025-05-06
SHP001852,Noida,Chicago,Sea,7,Delivered,2025-05-01,SKU109,190,2025-05-08
SHP001853,Bangkok,Sydney,Road,4,Delayed,2025-09-06,SKU127,137,2025-09-10
SHP001854,Chennai,Sydney,Sea,12,In Transit,2025-08-04,SKU113,128,2025-08-16
SHP001855,Ho Chi Minh City,Dubai,Air,15,Delayed,2025-01-31,SKU126,195,2025-02-15
SHP001856,Shenzhen,Johannesburg,Air,22,Delayed,2025-01-09,SKU104,128,2025-01-31
SHP001857,Noida,Johannesburg,Sea,7,Delivered,2025-11-15,SKU127,176,2025-11-22
SHP001858,Shenzhen,Dubai,Sea,8,Delivered,2025-08-21,SKU111,127,2025-08-29
SHP001859,Ho Chi Minh City,Singapore,Road,20,Delayed,2025-02-16,SKU113,156,2025-03-08
SHP001860,Shenzhen,Johannesburg,Air,22,In Transit,2025-07-07,SKU119,221,2025-07-29
SHP001861,Shenzhen,Rotterdam,Road,3,Delivered,2025-11-19,SKU118,113,2025-11-22
SHP001862,Noida,Chicago,Sea,21,Delivered,2025-05-08,SKU123,199,2025-05-29
SHP001863,Ho Chi Minh City,Singapore,Road,24,Delayed,2025-05-14,SKU111,160,2025-06-07
SHP001864,Shenzhen,Chicago,Air,9,In Transit,2025-11-05,SKU111,117,2025-11-14
SHP001865,Chennai,Rotterdam,Road,20,In Transit,2025-05-12,SKU113,214,2025-06-01
SHP001866,Shenzhen,Chicago,Air,19,Delayed,2025-12-04,SKU118,146,2025-12-23
SHP001867,Shenzhen,Singapore,Sea,18,Delivered,2025-04-20,SKU124,160,2025-05-08
SHP001868,Chennai,Chicago,Air,23,Delivered,2025-09-17,SKU109,101,2025-10-10
SHP001869,Zhengzhou,Sydney,Air,20,Delivered,2025-06-15,SKU119,95,2025-07-05
SHP001870,Shenzhen,Singapore,Road,7,Delivered,2025-05-25,SKU100,152,2025-06-01
SHP001871,Ho Chi Minh City,Dubai,Sea,9,Delivered,2025-04-18,SKU107,213,2025-04-27
SHP001872,Noida,Sydney,Sea,8,In Transit,2025-10-15,SKU117,137,2025-10-23
SHP001873,Ho Chi Minh City,Rotterdam,Road,5,Delivered,2025-03-13,SKU117,149,2025-03-18
SHP001874,Ho Chi Minh City,Mumbai,Road,24,In Transit,2025-11-23,SKU126,151,2025-12-17
SHP001875,Shenzhen,Dubai,Road,19,Delivered,2025-08-16,SKU113,110,2025-09-04
SHP001876,Shenzhen,Singapore,Air,3,In Transit,2025-11-05,SKU122,217,2025-11-08
SHP001877,Noida,Mumbai,Air,16,Delivered,2025-10-28,SKU120,102,2025-11-13
SHP001878,Zhengzhou,Sydney,Sea,25,Delivered,2025-08-19,SKU107,212,2025-09-13
SHP001879,Bangkok,Sydney,Sea,3,In Transit,2025-01-31,SKU120,94,2025-02-03
SHP001880,Ho Chi Minh City,Chicago,Road,24,Delivered,2025-04-18,SKU109,135,2025-05-12
SHP001881,Chennai,Mumbai,Sea,10,In Transit,2025-05-05,SKU123,118,2025-05-15
SHP001882,Shenzhen,Mumbai,Road,22,Delayed,2025-04-24,SKU116,244,2025-05-16
SHP001883,Noida,Mumbai,Road,14,Delayed,2025-06-29,SKU110,196,2025-07-13
SHP001884,Ho Chi Minh City,Mumbai,Air,14,Delayed,2025-11-05,SKU111,218,2025-11-19
SHP001885,Chennai,Mumbai,Air,17,Delivered,2025-03-23,SKU128,221,2025-04-09
SHP001886,Noida,Chicago,Air,23,Delivered,2025-03-23,SKU117,156,2025-04-15
SHP001887,Ho Chi Minh City,Dubai,Road,5,In Transit,2025-09-29,SKU111,165,2025-10-04
SHP001888,Chennai,Rotterdam,Road,18,Delayed,2025-10-10,SKU128,176,2025-10-28
SHP001889,Ho Chi Minh City,Chicago,Sea,17,Delayed,2025-06-20,SKU116,171,2025-07-07
SHP001890,Zhengzhou,Dubai,Sea,19,Delivered,2025-10-19,SKU105,128,2025-11-07
SHP001891,Bangkok,Dubai,Air,7,Delayed,2025-01-23,SKU117,232,2025-01-30
SHP001892,Zhengzhou,Chicago,Road,9,Delivered,2025-01-28,SKU113,221,2025-02-06
SHP001893,Zhengzhou,Sao Paulo,Air,20,In Transit,2025-10-22,SKU118,208,2025-11-11
SHP001894,Zhengzhou,Singapore,Air,6,Delivered,2025-11-29,SKU107,189,2025-12-05
SHP001895,Chennai,Singapore,Sea,11,Delayed,2025-06-20,SKU105,139,2025-07-01
SHP001896,Zhengzhou,Mumbai,Road,18,Delivered,2025-12-26,SKU108,144,2026-01-13
SHP001897,Shenzhen,Dubai,Road,17,Delayed,2025-03-04,SKU119,147,2025-03-21
SHP001898,Ho Chi Minh City,Dubai,Road,4,Delayed,2025-04-26,SKU106,114,2025-04-30
SHP001899,Shenzhen,Johannesburg,Air,25,Delivered,2025-10-02,SKU115,187,2025-10-27
SHP001900,Shenzhen,Sydney,Sea,14,Delayed,2025-05-04,SKU129,163,2025-05-18
SHP001901,Zhengzhou,Dubai,Road,21,Delayed,2025-04-01,SKU118,117,2025-04-22
SHP001902,Bangkok,Chicago,Sea,18,In Transit,2025-06-09,SKU103,188,2025-06-27
SHP001903,Ho Chi Minh City,Chicago,Sea,22,Delivered,2025-11-25,SKU124,167,2025-12-17
SHP001904,Chennai,Sao Paulo,Sea,3,Delivered,2025-02-28,SKU126,107,2025-03-03
SHP001905,Chennai,Singapore,Air,21,Delivered,2025-02-01,SKU122,95,2025-02-22
SHP001906,Bangkok,Chicago,Air,13,In Transit,2025-12-29,SKU113,191,2026-01-11
SHP001907,Shenzhen,Rotterdam,Sea,4,In Transit,2025-03-27,SKU101,122,2025-03-31
SHP001908,Bangkok,Dubai,Air,20,In Transit,2025-06-07,SKU113,201,2025-06-27
SHP001909,Ho Chi Minh City,Sydney,Sea,12,Delivered,2025-03-15,SKU108,136,2025-03-27
SHP001910,Ho Chi Minh City,Rotterdam,Sea,13,Delivered,2025-09-13,SKU120,176,2025-09-26
SHP001911,Zhengzhou,Sydney,Air,3,Delayed,2025-04-25,SKU128,203,2025-04-28
SHP001912,Shenzhen,Sao Paulo,Air,6,Delayed,2025-03-11,SKU114,123,2025-03-17
SHP001913,Noida,Rotterdam,Road,13,Delayed,2025-01-13,SKU109,139,2025-01-26
SHP001914,Bangkok,Dubai,Air,8,Delayed,2025-02-08,SKU125,102,2025-02-16
SHP001915,Zhengzhou,Sydney,Road,23,Delivered,2025-06-08,SKU120,131,2025-07-01
SHP001916,Ho Chi Minh City,Sydney,Sea,16,In Transit,2025-03-22,SKU114,193,2025-04-07
SHP001917,Noida,Mumbai,Road,4,In Transit,2025-01-24,SKU112,107,2025-01-28
SHP001918,Bangkok,Mumbai,Road,2,Delivered,2025-03-23,SKU116,151,2025-03-25
SHP001919,Zhengzhou,Singapore,Road,8,In Transit,2025-09-15,SKU123,145,2025-09-23
SHP001920,Bangkok,Rotterdam,Air,4,Delayed,2025-12-22,SKU111,102,2025-12-26
SHP001921,Zhengzhou,Sydney,Sea,2,Delivered,2025-12-04,SKU110,166,2025-12-06
SHP001922,Chennai,Mumbai,Sea,5,In Transit,2025-06-10,SKU107,133,2025-06-15
SHP001923,Zhengzhou,Sydney,Air,21,In Transit,2025-03-31,SKU107,165,2025-04-21
SHP001924,Noida,Chicago,Road,15,Delivered,2025-06-17,SKU123,154,2025-07-02
SHP001925,Shenzhen,Johannesburg,Road,15,In Transit,2025-02-16,SKU102,162,2025-03-03
SHP001926,Noida,Dubai,Road,17,Delivered,2025-09-27,SKU107,215,2025-10-14
SHP001927,Shenzhen,Dubai,Sea,22,Delivered,2025-07-18,SKU104,144,2025-08-09
SHP001928,Shenzhen,Dubai,Air,21,Delayed,2025-12-30,SKU111,146,2026-01-20
SHP001929,Noida,Singapore,Road,12,Delayed,2025-03-11,SKU125,206,2025-03-23
SHP001930,Chennai,Mumbai,Road,15,Delayed,2025-10-11,SKU102,200,2025-10-26
SHP001931,Noida,Singapore,Sea,21,Delayed,2025-11-14,SKU111,198,2025-12-05
SHP001932,Shenzhen,Sydney,Road,3,Delayed,2025-07-20,SKU104,192,2025-07-23
SHP001933,Zhengzhou,Dubai,Air,15,In Transit,2025-09-02,SKU113,128,2025-09-17
SHP001934,Zhengzhou,Chicago,Sea,23,Delivered,2025-10-25,SKU123,115,2025-11-17
SHP001935,Shenzhen,Sao Paulo,Sea,9,Delivered,2025-10-03,SKU128,160,2025-10-12
SHP001936,Shenzhen,Chicago,Road,8,Delivered,2025-02-06,SKU128,183,2025-02-14
SHP001937,Chennai,Chicago,Sea,4,Delayed,2025-04-16,SKU108,141,2025-04-20
SHP001938,Bangkok,Sydney,Sea,22,In Transit,2025-09-15,SKU129,105,2025-10-07
SHP001939,Bangkok,Chicago,Sea,19,Delayed,2025-07-25,SKU103,118,2025-08-13
SHP001940,Ho Chi Minh City,Sydney,Road,12,Delivered,2025-09-25,SKU117,191,2025-10-07
SHP001941,Shenzhen,Rotterdam,Sea,4,Delayed,2025-07-22,SKU109,123,2025-07-26
SHP001942,Noida,Mumbai,Road,5,In Transit,2025-03-30,SKU116,204,2025-04-04
SHP001943,Chennai,Sydney,Road,22,In Transit,2025-04-15,SKU127,176,2025-05-07
SHP001944,Bangkok,Johannesburg,Road,2,Delayed,2025-03-18,SKU112,154,2025-03-20
SHP001945,Chennai,Sydney,Road,2,Delivered,2025-08-16,SKU119,228,2025-08-18
SHP001946,Shenzhen,Sydney,Road,4,Delivered,2025-05-10,SKU119,183,2025-05-14
SHP001947,Zhengzhou,Johannesburg,Air,20,In Transit,2025-01-31,SKU113,118,2025-02-20
SHP001948,Ho Chi Minh City,Johannesburg,Air,14,Delivered,2025-05-08,SKU105,183,2025-05-22
SHP001949,Shenzhen,Sao Paulo,Air,4,Delayed,2025-10-19,SKU115,135,2025-10-23
SHP001950,Chennai,Johannesburg,Sea,4,Delayed,2025-07-07,SKU121,151,2025-07-11
SHP001951,Chennai,Sydney,Air,13,Delayed,2025-03-11,SKU107,126,2025-03-24
SHP001952,Noida,Dubai,Air,14,Delayed,2025-07-08,SKU128,159,2025-07-22
SHP001953,Bangkok,Chicago,Road,2,Delivered,2025-01-12,SKU101,134,2025-01-14
SHP001954,Chennai,Sydney,Road,13,Delivered,2025-11-14,SKU121,165,2025-11-27
SHP001955,Bangkok,Sao Paulo,Sea,22,Delivered,2025-10-22,SKU121,117,2025-11-13
SHP001956,Ho Chi Minh City,Chicago,Sea,22,Delayed,2025-11-22,SKU121,170,2025-12-14
SHP001957,Shenzhen,Dubai,Sea,21,Delivered,2025-03-05,SKU124,161,2025-03-26
SHP001958,Chennai,Dubai,Air,7,In Transit,2025-10-17,SKU100,208,2025-10-24
SHP001959,Chennai,Johannesburg,Sea,23,Delivered,2025-03-28,SKU111,178,2025-04-20
SHP001960,Bangkok,Singapore,Sea,14,In Transit,2025-08-12,SKU127,116,2025-08-26
SHP001961,Shenzhen,Sydney,Sea,9,In Transit,2025-09-20,SKU118,213,2025-09-29
SHP001962,Chennai,Sydney,Air,3,Delayed,2025-12-28,SKU119,111,2025-12-31
SHP001963,Ho Chi Minh City,Johannesburg,Road,15,In Transit,2025-08-23,SKU105,180,2025-09-07
SHP001964,Bangkok,Johannesburg,Sea,22,Delivered,2025-01-13,SKU108,113,2025-02-04
SHP001965,Ho Chi Minh City,Johannesburg,Sea,3,Delayed,2025-02-10,SKU103,149,2025-02-13
SHP001966,Chennai,Singapore,Air,25,Delivered,2025-02-25,SKU104,189,2025-03-22
SHP001967,Zhengzhou,Singapore,Air,6,Delayed,2025-11-13,SKU125,234,2025-11-19
SHP001968,Zhengzhou,Dubai,Road,4,Delivered,2025-12-24,SKU129,102,2025-12-28
SHP001969,Shenzhen,Rotterdam,Road,22,Delayed,2025-04-30,SKU100,200,2025-05-22
SHP001970,Noida,Chicago,Air,11,Delivered,2025-09-14,SKU120,143,2025-09-25
SHP001971,Chennai,Mumbai,Road,25,Delayed,2025-04-23,SKU125,165,2025-05-18
SHP001972,Chennai,Singapore,Air,19,Delivered,2025-01-13,SKU107,222,2025-02-01
SHP001973,Noida,Sao Paulo,Air,23,Delivered,2025-08-05,SKU119,198,2025-08-28
SHP001974,Chennai,Mumbai,Road,25,Delayed,2025-01-18,SKU119,119,2025-02-12
SHP001975,Chennai,Johannesburg,Road,21,In Transit,2025-07-01,SKU112,153,2025-07-22
SHP001976,Chennai,Dubai,Sea,24,In Transit,2025-04-23,SKU118,216,2025-05-17
SHP001977,Noida,Sao Paulo,Road,25,Delayed,2025-02-01,SKU121,130,2025-02-26
SHP001978,Chennai,Sydney,Road,11,Delayed,2025-08-17,SKU103,163,2025-08-28
SHP001979,Zhengzhou,Rotterdam,Sea,3,In Transit,2025-11-08,SKU102,222,2025-11-11
SHP001980,Zhengzhou,Chicago,Road,25,Delayed,2025-08-16,SKU101,125,2025-09-10
SHP001981,Chennai,Singapore,Road,20,Delivered,2025-06-20,SKU100,154,2025-07-10
SHP001982,Zhengzhou,Johannesburg,Air,13,Delayed,2025-12-05,SKU104,111,2025-12-18
SHP001983,Bangkok,Johannesburg,Road,17,Delayed,2025-02-15,SKU125,211,2025-03-04
SHP001984,Zhengzhou,Johannesburg,Air,12,Delayed,2025-05-08,SKU111,176,2025-05-20
SHP001985,Bangkok,Chicago,Road,24,Delayed,2025-06-04,SKU108,190,2025-06-28
SHP001986,Ho Chi Minh City,Sao Paulo,Road,23,Delayed,2025-06-30,SKU115,194,2025-07-23
SHP001987,Zhengzhou,Sydney,Road,3,Delayed,2025-09-27,SKU103,108,2025-09-30
SHP001988,Ho Chi Minh City,Chicago,Sea,7,In Transit,2025-06-06,SKU120,120,2025-06-13
SHP001989,Ho Chi Minh City,Chicago,Road,9,In Transit,2025-02-28,SKU101,101,2025-03-09
SHP001990,Shenzhen,Chicago,Sea,2,Delivered,2025-10-05,SKU122,140,2025-10-07
SHP001991,Noida,Sao Paulo,Air,17,In Transit,2025-05-21,SKU127,134,2025-06-07
SHP001992,Zhengzhou,Johannesburg,Sea,4,Delayed,2025-09-27,SKU125,196,2025-10-01
SHP001993,Shenzhen,Sao Paulo,Air,9,In Transit,2025-07-21,SKU122,184,2025-07-30
SHP001994,Bangkok,Singapore,Sea,10,In Transit,2025-04-23,SKU127,217,2025-05-03
SHP001995,Shenzhen,Singapore,Air,18,In Transit,2025-02-15,SKU115,213,2025-03-05
SHP001996,Noida,Singapore,Sea,8,Delivered,2025-06-10,SKU107,240,2025-06-18
SHP001997,Bangkok,Chicago,Road,3,Delayed,2025-08-21,SKU122,165,2025-08-24
SHP001998,Shenzhen,Sydney,Sea,21,Delayed,2025-06-17,SKU127,173,2025-07-08
SHP001999,Noida,Dubai,Sea,5,Delivered,2025-02-01,SKU118,104,2025-02-06
SHP002000,Zhengzhou,Sao Paulo,Sea,7,In Transit,2025-07-28,SKU100,209,2025-08-04
SHP002001,Bangkok,Chicago,Road,8,Delivered,2025-01-17,SKU123,133,2025-01-25
SHP002002,Noida,Mumbai,Sea,12,In Transit,2025-11-08,SKU112,122,2025-11-20
SHP002003,Chennai,Sydney,Sea,13,In Transit,2025-10-22,SKU127,98,2025-11-04
SHP002004,Zhengzhou,Mumbai,Road,22,Delayed,2025-06-27,SKU109,106,2025-07-19
SHP002005,Ho Chi Minh City,Rotterdam,Air,17,Delayed,2025-12-11,SKU101,144,2025-12-28
SHP002006,Zhengzhou,Singapore,Sea,9,In Transit,2025-11-02,SKU105,197,2025-11-11
SHP002007,Zhengzhou,Sydney,Sea,8,Delivered,2025-07-10,SKU127,172,2025-07-18
SHP002008,Zhengzhou,Mumbai,Air,20,Delayed,2025-12-23,SKU119,115,2026-01-12
SHP002009,Chennai,Johannesburg,Road,16,In Transit,2025-07-08,SKU108,124,2025-07-24
SHP002010,Shenzhen,Chicago,Road,13,Delivered,2025-04-20,SKU127,113,2025-05-03
SHP002011,Zhengzhou,Mumbai,Sea,8,Delivered,2025-03-09,SKU127,139,2025-03-17
SHP002012,Chennai,Sao Paulo,Sea,18,In Transit,2025-03-20,SKU125,134,2025-04-07
SHP002013,Noida,Dubai,Road,24,Delivered,2025-06-01,SKU100,183,2025-06-25
SHP002014,Zhengzhou,Singapore,Road,14,Delayed,2025-11-23,SKU129,219,2025-12-07
SHP002015,Chennai,Rotterdam,Air,15,Delivered,2025-05-26,SKU129,221,2025-06-10
SHP002016,Ho Chi Minh City,Sao Paulo,Road,12,Delayed,2025-09-06,SKU123,163,2025-09-18
SHP002017,Bangkok,Sydney,Air,11,Delayed,2025-12-26,SKU100,196,2026-01-06
SHP002018,Ho Chi Minh City,Mumbai,Air,19,Delivered,2025-07-11,SKU124,130,2025-07-30
SHP002019,Bangkok,Sao Paulo,Air,3,Delayed,2025-08-11,SKU128,138,2025-08-14
SHP002020,Noida,Johannesburg,Air,15,In Transit,2025-12-13,SKU103,209,2025-12-28
SHP002021,Noida,Mumbai,Air,18,In Transit,2025-09-17,SKU110,159,2025-10-05
SHP002022,Noida,Sydney,Sea,24,Delivered,2025-08-04,SKU117,155,2025-08-28
SHP002023,Ho Chi Minh City,Sao Paulo,Sea,11,Delivered,2025-01-24,SKU107,181,2025-02-04
SHP002024,Bangkok,Dubai,Road,2,Delayed,2025-12-20,SKU121,145,2025-12-22
SHP002025,Shenzhen,Singapore,Sea,13,Delayed,2025-02-15,SKU115,180,2025-02-28
SHP002026,Noida,Sao Paulo,Road,16,Delivered,2025-10-06,SKU126,216,2025-10-22
SHP002027,Bangkok,Rotterdam,Air,14,Delayed,2025-07-07,SKU108,124,2025-07-21
SHP002028,Ho Chi Minh City,Chicago,Air,5,Delivered,2025-03-21,SKU117,107,2025-03-26
SHP002029,Bangkok,Chicago,Air,25,Delayed,2025-12-10,SKU124,125,2026-01-04
SHP002030,Zhengzhou,Chicago,Air,23,Delivered,2025-09-24,SKU114,107,2025-10-17
SHP002031,Ho Chi Minh City,Dubai,Sea,15,In Transit,2025-05-14,SKU112,127,2025-05-29
SHP002032,Ho Chi Minh City,Rotterdam,Air,11,Delivered,2025-08-01,SKU118,202,2025-08-12
SHP002033,Shenzhen,Sydney,Sea,12,In Transit,2025-07-31,SKU118,119,2025-08-12
SHP002034,Chennai,Sydney,Road,21,In Transit,2025-07-01,SKU106,133,2025-07-22
SHP002035,Bangkok,Dubai,Sea,11,In Transit,2025-12-31,SKU108,127,2026-01-11
SHP002036,Bangkok,Sydney,Sea,7,Delayed,2025-06-12,SKU126,146,2025-06-19
SHP002037,Noida,Chicago,Road,5,Delayed,2025-10-12,SKU123,197,2025-10-17
SHP002038,Zhengzhou,Mumbai,Sea,2,Delivered,2025-09-27,SKU106,217,2025-09-29
SHP002039,Ho Chi Minh City,Dubai,Air,10,Delayed,2025-12-14,SKU125,151,2025-12-24
SHP002040,Zhengzhou,Mumbai,Road,12,Delayed,2025-12-28,SKU105,164,2026-01-09
SHP002041,Shenzhen,Rotterdam,Road,2,In Transit,2025-01-28,SKU129,199,2025-01-30
SHP002042,Bangkok,Sydney,Road,8,Delivered,2025-11-22,SKU103,171,2025-11-30
SHP002043,Ho Chi Minh City,Mumbai,Air,10,Delivered,2025-06-15,SKU102,195,2025-06-25
SHP002044,Noida,Singapore,Road,11,Delayed,2025-04-08,SKU116,224,2025-04-19
SHP002045,Chennai,Sydney,Road,2,Delayed,2025-10-13,SKU108,147,2025-10-15
SHP002046,Shenzhen,Dubai,Sea,12,Delayed,2025-03-28,SKU108,166,2025-04-09
SHP002047,Ho Chi Minh City,Chicago,Air,20,Delayed,2025-12-14,SKU123,177,2026-01-03
SHP002048,Noida,Dubai,Sea,22,Delayed,2025-01-30,SKU102,100,2025-02-21
SHP002049,Ho Chi Minh City,Sao Paulo,Air,15,Delayed,2025-12-03,SKU114,208,2025-12-18
SHP002050,Bangkok,Singapore,Road,8,Delivered,2025-03-15,SKU120,94,2025-03-23
SHP002051,Zhengzhou,Sydney,Sea,22,Delayed,2025-12-26,SKU106,106,2026-01-17
SHP002052,Zhengzhou,Singapore,Sea,25,Delivered,2025-05-08,SKU121,156,2025-06-02
SHP002053,Noida,Rotterdam,Road,20,Delayed,2025-03-31,SKU109,113,2025-04-20
SHP002054,Ho Chi Minh City,Rotterdam,Air,12,Delayed,2025-03-12,SKU116,170,2025-03-24
SHP002055,Zhengzhou,Chicago,Air,10,In Transit,2025-09-21,SKU101,207,2025-10-01
SHP002056,Bangkok,Johannesburg,Road,12,Delayed,2025-08-21,SKU116,128,2025-09-02
SHP002057,Ho Chi Minh City,Sao Paulo,Road,10,Delivered,2025-08-02,SKU119,106,2025-08-12
SHP002058,Zhengzhou,Rotterdam,Road,19,In Transit,2025-08-09,SKU101,195,2025-08-28
SHP002059,Chennai,Mumbai,Sea,20,In Transit,2025-09-07,SKU120,174,2025-09-27
SHP002060,Bangkok,Singapore,Road,25,Delayed,2025-08-12,SKU102,184,2025-09-06
SHP002061,Noida,Sao Paulo,Road,6,Delivered,2025-05-28,SKU111,153,2025-06-03
SHP002062,Zhengzhou,Chicago,Sea,6,In Transit,2025-08-30,SKU118,179,2025-09-05
SHP002063,Chennai,Sao Paulo,Road,17,Delayed,2025-12-20,SKU129,119,2026-01-06
SHP002064,Chennai,Sao Paulo,Sea,8,In Transit,2025-11-10,SKU127,148,2025-11-18
SHP002065,Shenzhen,Mumbai,Road,19,In Transit,2025-10-18,SKU109,149,2025-11-06
SHP002066,Ho Chi Minh City,Dubai,Sea,5,Delayed,2025-03-06,SKU127,150,2025-03-11
SHP002067,Chennai,Sao Paulo,Road,12,Delivered,2025-07-15,SKU115,199,2025-07-27
SHP002068,Bangkok,Singapore,Sea,14,In Transit,2025-11-15,SKU106,115,2025-11-29
SHP002069,Ho Chi Minh City,Dubai,Sea,6,Delivered,2025-08-09,SKU101,110,2025-08-15
SHP002070,Zhengzhou,Mumbai,Air,18,Delivered,2025-09-01,SKU119,203,2025-09-19
SHP002071,Chennai,Sao Paulo,Air,15,Delayed,2025-11-19,SKU124,210,2025-12-04
SHP002072,Bangkok,Sydney,Sea,20,Delayed,2025-03-01,SKU100,138,2025-03-21
SHP002073,Ho Chi Minh City,Dubai,Air,9,Delayed,2025-11-04,SKU100,214,2025-11-13
SHP002074,Noida,Rotterdam,Road,17,In Transit,2025-05-24,SKU118,125,2025-06-10
SHP002075,Shenzhen,Singapore,Road,14,In Transit,2025-06-06,SKU105,107,2025-06-20
SHP002076,Bangkok,Rotterdam,Air,21,Delivered,2025-12-01,SKU114,215,2025-12-22
SHP002077,Bangkok,Singapore,Air,11,Delayed,2025-08-10,SKU108,114,2025-08-21
SHP002078,Shenzhen,Johannesburg,Sea,7,Delayed,2025-09-22,SKU126,144,2025-09-29
SHP002079,Bangkok,Sao Paulo,Sea,10,In Transit,2025-02-06,SKU118,106,2025-02-16
SHP002080,Noida,Dubai,Sea,20,In Transit,2025-03-08,SKU102,104,2025-03-28
SHP002081,Ho Chi Minh City,Dubai,Road,16,Delayed,2025-10-13,SKU105,105,2025-10-29
SHP002082,Ho Chi Minh City,Chicago,Sea,3,Delivered,2025-07-04,SKU129,155,2025-07-07
SHP002083,Shenzhen,Johannesburg,Air,7,Delivered,2025-09-22,SKU122,211,2025-09-29
SHP002084,Chennai,Chicago,Sea,18,Delivered,2025-03-12,SKU104,180,2025-03-30
SHP002085,Zhengzhou,Chicago,Sea,18,Delayed,2025-01-19,SKU119,110,2025-02-06
SHP002086,Zhengzhou,Sydney,Air,13,Delivered,2025-06-04,SKU110,204,2025-06-17
SHP002087,Shenzhen,Chicago,Road,25,Delayed,2025-01-22,SKU103,99,2025-02-16
SHP002088,Chennai,Sydney,Air,22,Delayed,2025-09-05,SKU129,185,2025-09-27
SHP002089,Shenzhen,Sydney,Sea,18,Delayed,2025-09-13,SKU129,150,2025-10-01
SHP002090,Noida,Singapore,Sea,4,Delivered,2025-12-23,SKU116,138,2025-12-27
SHP002091,Bangkok,Sydney,Sea,14,In Transit,2025-10-05,SKU108,155,2025-10-19
SHP002092,Ho Chi Minh City,Mumbai,Road,14,Delivered,2025-07-26,SKU121,131,2025-08-09
SHP002093,Chennai,Rotterdam,Sea,18,Delayed,2025-05-26,SKU129,114,2025-06-13
SHP002094,Zhengzhou,Chicago,Road,9,In Transit,2025-08-17,SKU123,207,2025-08-26
SHP002095,Shenzhen,Sydney,Sea,20,In Transit,2025-07-10,SKU121,209,2025-07-30
SHP002096,Bangkok,Dubai,Road,18,In Transit,2025-07-15,SKU108,132,2025-08-02
SHP002097,Bangkok,Mumbai,Road,5,Delivered,2025-12-18,SKU122,182,2025-12-23
SHP002098,Zhengzhou,Sao Paulo,Sea,9,In Transit,2025-02-27,SKU115,196,2025-03-08
SHP002099,Chennai,Sao Paulo,Air,2,In Transit,2025-04-16,SKU105,233,2025-04-18
SHP002100,Chennai,Singapore,Road,17,In Transit,2025-09-20,SKU109,118,2025-10-07
SHP002101,Shenzhen,Sydney,Road,20,Delivered,2025-08-20,SKU125,149,2025-09-09
SHP002102,Zhengzhou,Chicago,Air,25,In Transit,2025-10-08,SKU103,204,2025-11-02
SHP002103,Noida,Sao Paulo,Air,5,Delivered,2025-02-27,SKU127,175,2025-03-04
SHP002104,Noida,Mumbai,Road,5,In Transit,2025-10-08,SKU121,189,2025-10-13
SHP002105,Chennai,Johannesburg,Sea,21,In Transit,2025-10-23,SKU103,215,2025-11-13
SHP002106,Zhengzhou,Sao Paulo,Sea,23,Delivered,2025-02-14,SKU123,168,2025-03-09
SHP002107,Zhengzhou,Singapore,Road,19,Delayed,2025-04-12,SKU128,183,2025-05-01
SHP002108,Noida,Singapore,Road,12,Delayed,2025-10-06,SKU123,207,2025-10-18
SHP002109,Zhengzhou,Sydney,Air,5,Delivered,2025-02-17,SKU101,173,2025-02-22
SHP002110,Bangkok,Rotterdam,Sea,8,Delivered,2025-08-30,SKU101,204,2025-09-07
SHP002111,Ho Chi Minh City,Sydney,Air,4,Delivered,2025-04-09,SKU117,208,2025-04-13
SHP002112,Ho Chi Minh City,Johannesburg,Air,14,Delayed,2025-08-30,SKU101,131,2025-09-13
SHP002113,Chennai,Singapore,Air,23,Delayed,2025-03-11,SKU108,123,2025-04-03
SHP002114,Ho Chi Minh City,Mumbai,Air,3,In Transit,2025-06-07,SKU126,237,2025-06-10
SHP002115,Bangkok,Dubai,Sea,18,Delivered,2025-11-20,SKU127,112,2025-12-08
SHP002116,Bangkok,Mumbai,Sea,19,Delivered,2025-08-07,SKU125,163,2025-08-26
SHP002117,Noida,Mumbai,Road,2,Delivered,2025-08-24,SKU120,88,2025-08-26
SHP002118,Noida,Mumbai,Air,15,In Transit,2025-12-19,SKU106,149,2026-01-03
SHP002119,Ho Chi Minh City,Singapore,Sea,6,In Transit,2025-04-08,SKU124,102,2025-04-14
SHP002120,Zhengzhou,Mumbai,Sea,5,Delivered,2025-02-19,SKU111,146,2025-02-24
SHP002121,Chennai,Chicago,Sea,6,Delivered,2025-07-12,SKU124,219,2025-07-18
SHP002122,Bangkok,Rotterdam,Air,13,Delayed,2025-07-11,SKU119,156,2025-07-24
SHP002123,Ho Chi Minh City,Sao Paulo,Sea,22,Delayed,2025-02-11,SKU119,121,2025-03-05
SHP002124,Noida,Sydney,Road,3,Delayed,2025-05-08,SKU103,122,2025-05-11
SHP002125,Zhengzhou,Sydney,Sea,25,Delayed,2025-03-22,SKU114,164,2025-04-16
SHP002126,Bangkok,Singapore,Air,9,Delayed,2025-01-17,SKU118,114,2025-01-26
SHP002127,Shenzhen,Johannesburg,Air,7,Delayed,2025-07-05,SKU101,145,2025-07-12
SHP002128,Noida,Johannesburg,Road,6,In Transit,2025-12-03,SKU124,154,2025-12-09
SHP002129,Chennai,Singapore,Air,18,In Transit,2025-03-09,SKU111,168,2025-03-27
SHP002130,Shenzhen,Chicago,Road,5,Delayed,2025-11-22,SKU114,162,2025-11-27
SHP002131,Ho Chi Minh City,Singapore,Road,17,Delivered,2025-05-19,SKU109,123,2025-06-05
SHP002132,Chennai,Rotterdam,Sea,25,In Transit,2025-11-01,SKU102,185,2025-11-26
SHP002133,Noida,Dubai,Sea,20,Delayed,2025-07-28,SKU121,154,2025-08-17
SHP002134,Ho Chi Minh City,Dubai,Air,5,Delayed,2025-10-10,SKU102,210,2025-10-15
SHP002135,Noida,Sydney,Road,15,Delayed,2025-07-05,SKU117,175,2025-07-20
SHP002136,Noida,Sydney,Road,19,In Transit,2025-06-18,SKU106,207,2025-07-07
SHP002137,Noida,Johannesburg,Road,3,In Transit,2025-06-21,SKU118,208,2025-06-24
SHP002138,Chennai,Sydney,Road,14,Delayed,2025-02-21,SKU110,120,2025-03-07
SHP002139,Ho Chi Minh City,Mumbai,Road,3,Delivered,2025-08-15,SKU117,212,2025-08-18
SHP002140,Shenzhen,Singapore,Sea,9,Delayed,2025-07-02,SKU120,156,2025-07-11
SHP002141,Shenzhen,Dubai,Sea,22,Delivered,2025-07-21,SKU116,132,2025-08-12
SHP002142,Ho Chi Minh City,Sydney,Air,20,In Transit,2025-03-13,SKU121,110,2025-04-02
SHP002143,Noida,Dubai,Sea,19,In Transit,2025-09-17,SKU100,192,2025-10-06
SHP002144,Chennai,Chicago,Road,2,In Transit,2025-12-29,SKU129,156,2025-12-31
SHP002145,Shenzhen,Singapore,Sea,5,Delayed,2025-03-06,SKU120,99,2025-03-11
SHP002146,Shenzhen,Rotterdam,Road,2,Delivered,2025-02-12,SKU124,172,2025-02-14
SHP002147,Noida,Singapore,Road,5,Delivered,2025-07-24,SKU103,230,2025-07-29
SHP002148,Zhengzhou,Rotterdam,Sea,18,Delivered,2025-10-27,SKU104,130,2025-11-14
SHP002149,Bangkok,Dubai,Air,20,Delivered,2025-01-12,SKU126,182,2025-02-01
SHP002150,Ho Chi Minh City,Chicago,Sea,17,Delivered,2025-08-31,SKU102,105,2025-09-17
SHP002151,Ho Chi Minh City,Sao Paulo,Road,17,Delivered,2025-01-18,SKU118,201,2025-02-04
SHP002152,Bangkok,Sydney,Road,22,Delayed,2025-07-12,SKU105,132,2025-08-03
SHP002153,Ho Chi Minh City,Sao Paulo,Road,7,Delivered,2025-03-18,SKU108,117,2025-03-25
SHP002154,Noida,Singapore,Sea,21,Delivered,2025-05-15,SKU109,165,2025-06-05
SHP002155,Bangkok,Sydney,Air,8,In Transit,2025-01-22,SKU102,146,2025-01-30
SHP002156,Chennai,Mumbai,Air,23,Delayed,2025-10-12,SKU119,187,2025-11-04
SHP002157,Bangkok,Sao Paulo,Sea,6,Delivered,2025-04-30,SKU106,106,2025-05-06
SHP002158,Noida,Mumbai,Sea,14,Delayed,2025-02-15,SKU113,218,2025-03-01
SHP002159,Bangkok,Mumbai,Air,19,Delivered,2025-07-29,SKU123,156,2025-08-17
SHP002160,Chennai,Johannesburg,Road,6,In Transit,2025-11-30,SKU112,182,2025-12-06
SHP002161,Bangkok,Mumbai,Sea,11,Delivered,2025-11-02,SKU100,133,2025-11-13
SHP002162,Ho Chi Minh City,Johannesburg,Road,8,Delayed,2025-02-14,SKU122,117,2025-02-22
SHP002163,Chennai,Singapore,Air,19,In Transit,2025-01-09,SKU105,117,2025-01-28
SHP002164,Ho Chi Minh City,Mumbai,Road,6,In Transit,2025-12-09,SKU115,107,2025-12-15
SHP002165,Noida,Singapore,Air,6,Delayed,2025-01-09,SKU103,184,2025-01-15
SHP002166,Chennai,Dubai,Sea,4,Delivered,2025-09-08,SKU129,223,2025-09-12
SHP002167,Zhengzhou,Mumbai,Road,2,Delayed,2025-02-28,SKU125,173,2025-03-02
SHP002168,Noida,Sydney,Road,13,In Transit,2025-06-10,SKU103,179,2025-06-23
SHP002169,Shenzhen,Dubai,Air,13,Delayed,2025-08-09,SKU111,235,2025-08-22
SHP002170,Bangkok,Sao Paulo,Sea,25,Delivered,2025-09-27,SKU117,211,2025-10-22
SHP002171,Noida,Johannesburg,Road,10,Delivered,2025-10-16,SKU121,192,2025-10-26
SHP002172,Bangkok,Mumbai,Sea,16,In Transit,2025-07-11,SKU129,88,2025-07-27
SHP002173,Bangkok,Sao Paulo,Road,8,Delivered,2025-06-24,SKU125,143,2025-07-02
SHP002174,Noida,Dubai,Sea,7,Delivered,2025-12-06,SKU117,108,2025-12-13
SHP002175,Bangkok,Rotterdam,Sea,13,In Transit,2025-10-12,SKU115,140,2025-10-25
SHP002176,Chennai,Rotterdam,Sea,10,Delayed,2025-11-28,SKU125,205,2025-12-08
SHP002177,Noida,Chicago,Road,3,Delayed,2025-11-17,SKU116,204,2025-11-20
SHP002178,Chennai,Sydney,Sea,7,Delivered,2025-10-25,SKU108,124,2025-11-01
SHP002179,Ho Chi Minh City,Mumbai,Air,11,In Transit,2025-05-20,SKU103,101,2025-05-31
SHP002180,Chennai,Sydney,Road,25,Delayed,2025-07-03,SKU102,193,2025-07-28
SHP002181,Noida,Sao Paulo,Sea,11,In Transit,2025-04-16,SKU113,234,2025-04-27
SHP002182,Shenzhen,Mumbai,Air,24,Delayed,2025-01-17,SKU125,111,2025-02-10
SHP002183,Bangkok,Mumbai,Road,12,Delivered,2025-07-23,SKU101,194,2025-08-04
SHP002184,Zhengzhou,Sao Paulo,Sea,6,Delayed,2025-06-10,SKU108,133,2025-06-16
SHP002185,Zhengzhou,Johannesburg,Road,4,Delayed,2025-04-13,SKU123,113,2025-04-17
SHP002186,Bangkok,Sydney,Sea,10,Delivered,2025-06-13,SKU124,189,2025-06-23
SHP002187,Noida,Sydney,Road,19,Delayed,2025-10-17,SKU129,182,2025-11-05
SHP002188,Bangkok,Sao Paulo,Air,12,Delayed,2025-09-08,SKU118,181,2025-09-20
SHP002189,Bangkok,Sydney,Sea,4,Delivered,2025-08-15,SKU103,184,2025-08-19
SHP002190,Zhengzhou,Sydney,Sea,4,In Transit,2025-11-30,SKU119,135,2025-12-04
SHP002191,Zhengzhou,Singapore,Road,6,In Transit,2025-10-01,SKU117,200,2025-10-07
SHP002192,Noida,Singapore,Air,2,Delivered,2025-12-07,SKU101,104,2025-12-09
SHP002193,Noida,Johannesburg,Air,2,In Transit,2025-03-29,SKU105,148,2025-03-31
SHP002194,Ho Chi Minh City,Sao Paulo,Air,13,Delivered,2025-06-26,SKU115,140,2025-07-09
SHP002195,Ho Chi Minh City,Johannesburg,Sea,22,Delivered,2025-08-10,SKU111,108,2025-09-01
SHP002196,Shenzhen,Sydney,Road,17,Delayed,2025-11-20,SKU104,118,2025-12-07
SHP002197,Zhengzhou,Dubai,Air,15,In Transit,2025-07-02,SKU105,143,2025-07-17
SHP002198,Chennai,Sydney,Sea,16,Delayed,2025-06-28,SKU101,166,2025-07-14
SHP002199,Zhengzhou,Johannesburg,Sea,3,Delayed,2025-04-26,SKU106,201,2025-04-29
SHP002200,Chennai,Singapore,Sea,24,In Transit,2025-07-17,SKU103,171,2025-08-10
SHP002201,Ho Chi Minh City,Rotterdam,Air,24,Delivered,2025-04-02,SKU105,138,2025-04-26
SHP002202,Zhengzhou,Rotterdam,Road,13,In Transit,2025-12-28,SKU101,122,2026-01-10
SHP002203,Bangkok,Mumbai,Air,22,Delivered,2025-01-07,SKU102,190,2025-01-29
SHP002204,Bangkok,Sydney,Air,14,In Transit,2025-01-29,SKU127,134,2025-02-12
SHP002205,Ho Chi Minh City,Johannesburg,Road,19,In Transit,2025-01-22,SKU125,202,2025-02-10
SHP002206,Ho Chi Minh City,Johannesburg,Road,10,Delivered,2025-06-21,SKU100,138,2025-07-01
SHP002207,Shenzhen,Singapore,Sea,15,In Transit,2025-10-12,SKU108,147,2025-10-27
SHP002208,Shenzhen,Chicago,Air,24,In Transit,2025-07-02,SKU101,192,2025-07-26
SHP002209,Shenzhen,Singapore,Air,12,Delayed,2025-02-13,SKU110,132,2025-02-25
SHP002210,Noida,Dubai,Sea,21,In Transit,2025-07-11,SKU119,207,2025-08-01
SHP002211,Noida,Sydney,Road,21,Delivered,2025-06-02,SKU104,236,2025-06-23
SHP002212,Zhengzhou,Sao Paulo,Air,5,In Transit,2025-09-24,SKU106,158,2025-09-29
SHP002213,Chennai,Johannesburg,Sea,10,Delayed,2025-05-08,SKU117,124,2025-05-18
SHP002214,Chennai,Chicago,Air,9,In Transit,2025-01-20,SKU127,159,2025-01-29
SHP002215,Zhengzhou,Sydney,Road,5,Delivered,2025-06-13,SKU110,106,2025-06-18
SHP002216,Chennai,Singapore,Air,16,Delivered,2025-11-24,SKU115,198,2025-12-10
SHP002217,Bangkok,Chicago,Sea,25,Delayed,2025-02-02,SKU119,160,2025-02-27
SHP002218,Bangkok,Johannesburg,Air,6,In Transit,2025-05-14,SKU124,227,2025-05-20
SHP002219,Bangkok,Sao Paulo,Road,17,Delivered,2025-03-20,SKU126,230,2025-04-06
SHP002220,Chennai,Johannesburg,Sea,3,Delivered,2025-03-06,SKU125,145,2025-03-09
SHP002221,Ho Chi Minh City,Chicago,Road,20,Delivered,2025-04-02,SKU109,187,2025-04-22
SHP002222,Zhengzhou,Singapore,Sea,23,Delivered,2025-05-23,SKU124,120,2025-06-15
SHP002223,Noida,Mumbai,Sea,21,In Transit,2025-11-07,SKU117,157,2025-11-28
SHP002224,Bangkok,Rotterdam,Road,8,Delayed,2025-02-27,SKU117,220,2025-03-07
SHP002225,Noida,Johannesburg,Sea,7,In Transit,2025-05-17,SKU117,224,2025-05-24
SHP002226,Zhengzhou,Chicago,Sea,14,Delayed,2025-11-14,SKU110,168,2025-11-28
SHP002227,Ho Chi Minh City,Dubai,Road,12,Delivered,2025-07-11,SKU100,108,2025-07-23
SHP002228,Bangkok,Rotterdam,Sea,22,Delayed,2025-01-26,SKU115,130,2025-02-17
SHP002229,Noida,Sydney,Air,2,Delayed,2025-09-30,SKU129,201,2025-10-02
SHP002230,Chennai,Mumbai,Road,13,In Transit,2025-07-01,SKU113,180,2025-07-14
SHP002231,Bangkok,Chicago,Sea,14,Delivered,2025-08-14,SKU112,119,2025-08-28
SHP002232,Ho Chi Minh City,Singapore,Sea,5,In Transit,2025-03-18,SKU102,189,2025-03-23
SHP002233,Shenzhen,Dubai,Air,14,In Transit,2025-07-07,SKU111,230,2025-07-21
SHP002234,Bangkok,Singapore,Air,18,Delivered,2025-10-12,SKU109,166,2025-10-30
SHP002235,Zhengzhou,Mumbai,Road,13,Delayed,2025-10-31,SKU122,173,2025-11-13
SHP002236,Zhengzhou,Mumbai,Air,10,In Transit,2025-04-04,SKU113,130,2025-04-14
SHP002237,Zhengzhou,Sydney,Sea,6,Delayed,2025-09-07,SKU123,159,2025-09-13
SHP002238,Noida,Rotterdam,Air,10,Delayed,2025-05-29,SKU126,109,2025-06-08
SHP002239,Shenzhen,Sydney,Road,20,Delivered,2025-09-20,SKU124,102,2025-10-10
SHP002240,Bangkok,Singapore,Sea,20,Delayed,2025-01-04,SKU113,178,2025-01-24
SHP002241,Noida,Johannesburg,Road,13,Delivered,2025-07-07,SKU128,202,2025-07-20
SHP002242,Ho Chi Minh City,Chicago,Air,3,Delayed,2025-10-08,SKU108,141,2025-10-11
SHP002243,Chennai,Sao Paulo,Sea,3,Delayed,2025-08-29,SKU121,189,2025-09-01
SHP002244,Ho Chi Minh City,Rotterdam,Air,15,In Transit,2025-12-30,SKU101,186,2026-01-14
SHP002245,Noida,Rotterdam,Air,19,Delivered,2025-05-21,SKU103,151,2025-06-09
SHP002246,Zhengzhou,Singapore,Sea,2,Delivered,2025-12-09,SKU129,212,2025-12-11
SHP002247,Ho Chi Minh City,Singapore,Air,19,In Transit,2025-06-28,SKU117,115,2025-07-17
SHP002248,Ho Chi Minh City,Sao Paulo,Road,19,Delivered,2025-08-26,SKU102,221,2025-09-14
SHP002249,Shenzhen,Mumbai,Air,17,In Transit,2025-06-23,SKU119,242,2025-07-10
SHP002250,Bangkok,Sydney,Air,20,In Transit,2025-04-09,SKU123,161,2025-04-29
SHP002251,Chennai,Sao Paulo,Road,5,In Transit,2025-01-24,SKU122,179,2025-01-29
SHP002252,Bangkok,Sao Paulo,Sea,24,In Transit,2025-02-08,SKU118,157,2025-03-04
SHP002253,Chennai,Sydney,Road,15,Delayed,2025-03-24,SKU105,110,2025-04-08
SHP002254,Ho Chi Minh City,Chicago,Sea,7,Delivered,2025-05-15,SKU120,118,2025-05-22
SHP002255,Bangkok,Mumbai,Sea,24,Delivered,2025-09-28,SKU126,210,2025-10-22
SHP002256,Zhengzhou,Dubai,Road,6,Delivered,2025-11-02,SKU106,124,2025-11-08
SHP002257,Noida,Johannesburg,Air,5,Delivered,2025-05-11,SKU126,168,2025-05-16
SHP002258,Bangkok,Rotterdam,Road,22,Delivered,2025-10-12,SKU113,132,2025-11-03
SHP002259,Ho Chi Minh City,Johannesburg,Air,17,In Transit,2025-12-31,SKU101,136,2026-01-17
SHP002260,Noida,Chicago,Road,9,Delivered,2025-01-04,SKU104,178,2025-01-13
SHP002261,Ho Chi Minh City,Singapore,Air,21,Delivered,2025-10-07,SKU101,211,2025-10-28
SHP002262,Zhengzhou,Johannesburg,Road,5,In Transit,2025-11-12,SKU125,111,2025-11-17
SHP002263,Chennai,Johannesburg,Road,25,Delivered,2025-11-15,SKU111,184,2025-12-10
SHP002264,Zhengzhou,Dubai,Air,12,Delivered,2025-08-28,SKU118,202,2025-09-09
SHP002265,Noida,Johannesburg,Air,18,Delivered,2025-09-20,SKU119,187,2025-10-08
SHP002266,Bangkok,Rotterdam,Air,12,Delivered,2025-06-06,SKU118,205,2025-06-18
SHP002267,Noida,Chicago,Sea,23,Delayed,2025-01-26,SKU121,194,2025-02-18
SHP002268,Ho Chi Minh City,Chicago,Air,6,In Transit,2025-01-19,SKU109,168,2025-01-25
SHP002269,Ho Chi Minh City,Johannesburg,Road,21,Delayed,2025-03-24,SKU126,151,2025-04-14
SHP002270,Zhengzhou,Chicago,Air,13,In Transit,2025-02-28,SKU124,108,2025-03-13
SHP002271,Noida,Rotterdam,Air,14,Delayed,2025-01-24,SKU105,156,2025-02-07
SHP002272,Ho Chi Minh City,Sydney,Road,11,Delayed,2025-08-16,SKU118,229,2025-08-27
SHP002273,Noida,Singapore,Road,16,In Transit,2025-09-23,SKU119,217,2025-10-09
SHP002274,Ho Chi Minh City,Rotterdam,Air,17,In Transit,2025-09-22,SKU122,143,2025-10-09
SHP002275,Chennai,Chicago,Air,3,Delayed,2025-07-04,SKU119,165,2025-07-07
SHP002276,Chennai,Mumbai,Air,12,Delayed,2025-11-12,SKU102,124,2025-11-24
SHP002277,Ho Chi Minh City,Chicago,Sea,11,In Transit,2025-04-22,SKU104,106,2025-05-03
SHP002278,Noida,Rotterdam,Road,24,In Transit,2025-08-17,SKU101,207,2025-09-10
SHP002279,Chennai,Sao Paulo,Road,4,Delivered,2025-04-09,SKU111,113,2025-04-13
SHP002280,Chennai,Chicago,Air,2,Delayed,2025-03-03,SKU116,164,2025-03-05
SHP002281,Noida,Rotterdam,Air,19,Delivered,2025-09-26,SKU109,177,2025-10-15
SHP002282,Chennai,Mumbai,Air,25,Delayed,2025-10-13,SKU129,214,2025-11-07
SHP002283,Zhengzhou,Rotterdam,Air,18,Delivered,2025-01-15,SKU119,218,2025-02-02
SHP002284,Shenzhen,Sao Paulo,Sea,6,In Transit,2025-02-23,SKU112,151,2025-03-01
SHP002285,Ho Chi Minh City,Chicago,Air,4,Delayed,2025-09-08,SKU124,226,2025-09-12
SHP002286,Chennai,Sydney,Road,9,In Transit,2025-01-22,SKU114,144,2025-01-31
SHP002287,Ho Chi Minh City,Sydney,Road,11,Delivered,2025-06-13,SKU100,130,2025-06-24
SHP002288,Shenzhen,Johannesburg,Road,13,In Transit,2025-08-08,SKU119,201,2025-08-21
SHP002289,Chennai,Johannesburg,Road,25,In Transit,2025-07-31,SKU124,195,2025-08-25
SHP002290,Chennai,Johannesburg,Road,14,Delivered,2025-05-06,SKU113,110,2025-05-20
SHP002291,Bangkok,Johannesburg,Air,21,In Transit,2025-03-16,SKU118,147,2025-04-06
SHP002292,Bangkok,Chicago,Sea,10,In Transit,2025-10-15,SKU117,145,2025-10-25
SHP002293,Zhengzhou,Johannesburg,Sea,6,In Transit,2025-10-12,SKU112,179,2025-10-18
SHP002294,Zhengzhou,Dubai,Sea,22,Delayed,2025-07-22,SKU106,164,2025-08-13
SHP002295,Shenzhen,Johannesburg,Sea,6,Delivered,2025-02-15,SKU101,138,2025-02-21
SHP002296,Noida,Singapore,Road,21,In Transit,2025-05-05,SKU127,165,2025-05-26
SHP002297,Chennai,Sao Paulo,Road,11,Delivered,2025-02-11,SKU124,159,2025-02-22
SHP002298,Chennai,Rotterdam,Air,9,Delivered,2025-04-08,SKU118,231,2025-04-17
SHP002299,Ho Chi Minh City,Dubai,Sea,16,Delivered,2025-12-24,SKU106,196,2026-01-09
SHP002300,Shenzhen,Sydney,Air,2,Delayed,2025-09-17,SKU105,204,2025-09-19
SHP002301,Bangkok,Sao Paulo,Air,14,Delivered,2025-05-10,SKU120,139,2025-05-24
SHP002302,Ho Chi Minh City,Singapore,Sea,23,Delivered,2025-06-17,SKU117,119,2025-07-10
SHP002303,Zhengzhou,Mumbai,Air,18,Delivered,2025-08-25,SKU102,151,2025-09-12
SHP002304,Bangkok,Sao Paulo,Air,11,In Transit,2025-06-24,SKU106,194,2025-07-05
SHP002305,Shenzhen,Singapore,Road,5,In Transit,2025-07-14,SKU118,127,2025-07-19
SHP002306,Bangkok,Rotterdam,Air,22,Delivered,2025-03-25,SKU115,102,2025-04-16
SHP002307,Bangkok,Chicago,Air,19,In Transit,2025-01-22,SKU102,111,2025-02-10
SHP002308,Noida,Singapore,Air,14,Delayed,2025-06-21,SKU105,103,2025-07-05
SHP002309,Ho Chi Minh City,Sao Paulo,Sea,7,Delayed,2025-08-09,SKU110,198,2025-08-16
SHP002310,Ho Chi Minh City,Dubai,Road,16,Delivered,2025-10-31,SKU129,174,2025-11-16
SHP002311,Zhengzhou,Sao Paulo,Air,6,Delayed,2025-10-23,SKU115,178,2025-10-29
SHP002312,Zhengzhou,Rotterdam,Road,25,Delivered,2025-10-14,SKU129,110,2025-11-08
SHP002313,Chennai,Dubai,Sea,16,Delivered,2025-01-31,SKU126,200,2025-02-16
SHP002314,Zhengzhou,Sao Paulo,Sea,3,Delayed,2025-03-14,SKU121,216,2025-03-17
SHP002315,Zhengzhou,Sydney,Sea,12,Delivered,2025-08-02,SKU109,183,2025-08-14
SHP002316,Ho Chi Minh City,Singapore,Road,12,Delayed,2025-07-10,SKU100,222,2025-07-22
SHP002317,Noida,Dubai,Air,7,Delivered,2025-08-22,SKU102,157,2025-08-29
SHP002318,Chennai,Dubai,Sea,9,Delayed,2025-06-07,SKU112,115,2025-06-16
SHP002319,Chennai,Mumbai,Air,21,In Transit,2025-04-22,SKU118,166,2025-05-13
SHP002320,Ho Chi Minh City,Mumbai,Road,13,In Transit,2025-11-21,SKU129,178,2025-12-04
SHP002321,Zhengzhou,Dubai,Road,12,In Transit,2025-01-11,SKU124,126,2025-01-23
SHP002322,Noida,Dubai,Sea,11,Delayed,2025-10-22,SKU113,229,2025-11-02
SHP002323,Zhengzhou,Sao Paulo,Sea,8,Delivered,2025-12-03,SKU122,167,2025-12-11
SHP002324,Bangkok,Chicago,Air,14,Delayed,2025-01-27,SKU111,212,2025-02-10
SHP002325,Ho Chi Minh City,Rotterdam,Road,2,Delivered,2025-06-19,SKU118,104,2025-06-21
SHP002326,Ho Chi Minh City,Sydney,Sea,4,Delivered,2025-02-14,SKU116,171,2025-02-18
SHP002327,Bangkok,Singapore,Sea,22,Delayed,2025-07-14,SKU114,123,2025-08-05
SHP002328,Zhengzhou,Dubai,Air,6,Delivered,2025-08-13,SKU108,114,2025-08-19
SHP002329,Ho Chi Minh City,Mumbai,Sea,24,Delivered,2025-01-14,SKU101,111,2025-02-07
SHP002330,Shenzhen,Dubai,Air,5,Delayed,2025-12-13,SKU119,114,2025-12-18
SHP002331,Noida,Mumbai,Sea,17,In Transit,2025-10-02,SKU125,123,2025-10-19
SHP002332,Zhengzhou,Sao Paulo,Sea,9,Delayed,2025-11-14,SKU100,100,2025-11-23
SHP002333,Ho Chi Minh City,Rotterdam,Road,14,Delivered,2025-08-19,SKU108,206,2025-09-02
SHP002334,Zhengzhou,Rotterdam,Road,23,In Transit,2025-07-22,SKU103,180,2025-08-14
SHP002335,Chennai,Dubai,Road,25,In Transit,2025-09-04,SKU119,134,2025-09-29
SHP002336,Bangkok,Dubai,Road,25,Delayed,2025-12-03,SKU119,163,2025-12-28
SHP002337,Zhengzhou,Mumbai,Road,4,Delivered,2025-08-19,SKU125,203,2025-08-23
SHP002338,Ho Chi Minh City,Johannesburg,Air,10,In Transit,2025-06-06,SKU127,219,2025-06-16
SHP002339,Zhengzhou,Dubai,Road,6,Delayed,2025-02-20,SKU124,180,2025-02-26
SHP002340,Shenzhen,Rotterdam,Road,4,Delayed,2025-03-02,SKU123,153,2025-03-06
SHP002341,Shenzhen,Dubai,Road,11,In Transit,2025-06-15,SKU111,226,2025-06-26
SHP002342,Noida,Rotterdam,Air,10,Delivered,2025-03-17,SKU102,220,2025-03-27
SHP002343,Chennai,Dubai,Air,24,Delivered,2025-05-02,SKU112,138,2025-05-26
SHP002344,Bangkok,Dubai,Sea,11,Delivered,2025-08-24,SKU128,171,2025-09-04
SHP002345,Zhengzhou,Rotterdam,Sea,19,In Transit,2025-02-26,SKU108,120,2025-03-17
SHP002346,Shenzhen,Sao Paulo,Sea,7,Delivered,2025-06-09,SKU121,187,2025-06-16
SHP002347,Ho Chi Minh City,Sao Paulo,Air,8,In Transit,2025-05-14,SKU110,165,2025-05-22
SHP002348,Zhengzhou,Singapore,Road,3,In Transit,2025-05-12,SKU108,174,2025-05-15
SHP002349,Zhengzhou,Sao Paulo,Road,8,In Transit,2025-10-07,SKU123,104,2025-10-15
SHP002350,Chennai,Singapore,Air,16,Delivered,2025-09-30,SKU104,201,2025-10-16
SHP002351,Ho Chi Minh City,Mumbai,Air,19,In Transit,2025-02-06,SKU119,212,2025-02-25
SHP002352,Shenzhen,Singapore,Air,9,Delayed,2025-05-31,SKU120,163,2025-06-09
SHP002353,Shenzhen,Dubai,Road,13,Delivered,2025-04-21,SKU128,172,2025-05-04
SHP002354,Noida,Sao Paulo,Sea,16,Delayed,2025-11-04,SKU111,213,2025-11-20
SHP002355,Chennai,Sao Paulo,Air,8,In Transit,2025-10-21,SKU102,187,2025-10-29
SHP002356,Chennai,Dubai,Air,3,Delayed,2025-07-26,SKU100,122,2025-07-29
SHP002357,Chennai,Sydney,Sea,9,Delayed,2025-04-20,SKU126,220,2025-04-29
SHP002358,Shenzhen,Chicago,Sea,5,In Transit,2025-02-06,SKU106,120,2025-02-11
SHP002359,Bangkok,Sydney,Air,14,Delivered,2025-04-02,SKU118,158,2025-04-16
SHP002360,Ho Chi Minh City,Mumbai,Sea,15,Delivered,2025-02-22,SKU129,122,2025-03-09
SHP002361,Shenzhen,Dubai,Air,18,Delayed,2025-01-03,SKU116,228,2025-01-21
SHP002362,Chennai,Mumbai,Air,8,Delivered,2025-10-05,SKU107,180,2025-10-13
SHP002363,Shenzhen,Johannesburg,Sea,25,Delivered,2025-01-13,SKU117,200,2025-02-07
SHP002364,Chennai,Dubai,Sea,15,In Transit,2025-02-25,SKU106,146,2025-03-12
SHP002365,Ho Chi Minh City,Chicago,Road,9,Delivered,2025-01-18,SKU107,152,2025-01-27
SHP002366,Noida,Sydney,Sea,14,In Transit,2025-08-02,SKU127,199,2025-08-16
SHP002367,Noida,Sydney,Sea,9,In Transit,2025-06-07,SKU103,200,2025-06-16
SHP002368,Bangkok,Chicago,Sea,19,Delayed,2025-01-21,SKU122,194,2025-02-09
SHP002369,Noida,Chicago,Road,2,Delivered,2025-10-29,SKU109,154,2025-10-31
SHP002370,Bangkok,Sydney,Sea,12,In Transit,2025-10-30,SKU115,114,2025-11-11
SHP002371,Noida,Singapore,Road,7,Delayed,2025-07-23,SKU123,199,2025-07-30
SHP002372,Zhengzhou,Sydney,Air,5,Delivered,2025-10-24,SKU128,174,2025-10-29
SHP002373,Bangkok,Mumbai,Sea,9,Delivered,2025-12-23,SKU118,166,2026-01-01
SHP002374,Zhengzhou,Singapore,Air,13,Delivered,2025-11-01,SKU123,169,2025-11-14
SHP002375,Bangkok,Sydney,Sea,7,In Transit,2025-03-25,SKU102,132,2025-04-01
SHP002376,Zhengzhou,Singapore,Air,14,Delayed,2025-08-13,SKU118,203,2025-08-27
SHP002377,Zhengzhou,Rotterdam,Sea,7,Delayed,2025-06-23,SKU106,221,2025-06-30
SHP002378,Ho Chi Minh City,Rotterdam,Air,9,In Transit,2025-02-07,SKU116,144,2025-02-16
SHP002379,Shenzhen,Dubai,Air,7,Delayed,2025-06-11,SKU129,172,2025-06-18
SHP002380,Chennai,Chicago,Sea,6,Delivered,2025-02-26,SKU122,154,2025-03-04
SHP002381,Chennai,Sao Paulo,Road,20,Delayed,2025-10-18,SKU109,181,2025-11-07
SHP002382,Bangkok,Johannesburg,Air,21,In Transit,2025-09-19,SKU107,185,2025-10-10
SHP002383,Noida,Sydney,Sea,7,Delivered,2025-05-29,SKU116,166,2025-06-05
SHP002384,Shenzhen,Mumbai,Road,24,Delayed,2025-12-10,SKU106,165,2026-01-03
SHP002385,Bangkok,Sydney,Road,25,Delayed,2025-05-27,SKU110,105,2025-06-21
SHP002386,Ho Chi Minh City,Sydney,Air,24,Delayed,2025-07-06,SKU120,162,2025-07-30
SHP002387,Noida,Chicago,Air,13,In Transit,2025-03-16,SKU124,209,2025-03-29
SHP002388,Shenzhen,Sao Paulo,Air,25,In Transit,2025-11-28,SKU115,216,2025-12-23
SHP002389,Shenzhen,Dubai,Road,18,Delivered,2025-09-21,SKU110,211,2025-10-09
SHP002390,Zhengzhou,Dubai,Sea,20,Delayed,2025-10-19,SKU115,215,2025-11-08
SHP002391,Chennai,Rotterdam,Sea,16,Delayed,2025-04-24,SKU115,175,2025-05-10
SHP002392,Noida,Johannesburg,Road,19,Delayed,2025-08-17,SKU103,203,2025-09-05
SHP002393,Chennai,Singapore,Sea,21,Delivered,2025-11-04,SKU105,170,2025-11-25
SHP002394,Noida,Rotterdam,Road,16,In Transit,2025-10-31,SKU127,208,2025-11-16
SHP002395,Chennai,Rotterdam,Road,19,Delivered,2025-12-07,SKU128,162,2025-12-26
SHP002396,Ho Chi Minh City,Sao Paulo,Air,13,In Transit,2025-07-15,SKU105,98,2025-07-28
SHP002397,Noida,Mumbai,Road,21,Delivered,2025-03-03,SKU128,196,2025-03-24
SHP002398,Zhengzhou,Dubai,Air,21,In Transit,2025-09-23,SKU106,233,2025-10-14
SHP002399,Ho Chi Minh City,Mumbai,Sea,12,Delayed,2025-08-31,SKU104,188,2025-09-12
SHP002400,Chennai,Singapore,Air,17,In Transit,2025-07-17,SKU125,116,2025-08-03
SHP002401,Zhengzhou,Rotterdam,Sea,18,In Transit,2025-09-04,SKU123,224,2025-09-22
SHP002402,Noida,Mumbai,Air,13,Delayed,2025-02-27,SKU105,110,2025-03-12
SHP002403,Noida,Dubai,Road,14,Delayed,2025-10-01,SKU101,107,2025-10-15
SHP002404,Chennai,Dubai,Sea,22,In Transit,2025-11-17,SKU126,206,2025-12-09
SHP002405,Shenzhen,Johannesburg,Air,8,Delivered,2025-03-24,SKU115,176,2025-04-01
SHP002406,Ho Chi Minh City,Singapore,Sea,5,Delayed,2025-10-27,SKU113,106,2025-11-01
SHP002407,Zhengzhou,Mumbai,Sea,18,Delivered,2025-03-19,SKU111,202,2025-04-06
SHP002408,Zhengzhou,Johannesburg,Air,7,Delayed,2025-05-15,SKU124,230,2025-05-22
SHP002409,Bangkok,Rotterdam,Air,2,Delayed,2025-09-14,SKU114,176,2025-09-16
SHP002410,Bangkok,Rotterdam,Air,21,Delivered,2025-02-27,SKU101,123,2025-03-20
SHP002411,Ho Chi Minh City,Johannesburg,Sea,11,Delivered,2025-10-30,SKU111,187,2025-11-10
SHP002412,Bangkok,Dubai,Sea,15,In Transit,2025-01-15,SKU104,131,2025-01-30
SHP002413,Noida,Mumbai,Road,22,Delivered,2025-04-18,SKU129,193,2025-05-10
SHP002414,Chennai,Dubai,Road,11,Delivered,2025-06-28,SKU112,154,2025-07-09
SHP002415,Ho Chi Minh City,Singapore,Road,10,Delayed,2025-02-04,SKU121,103,2025-02-14
SHP002416,Ho Chi Minh City,Johannesburg,Air,4,Delivered,2025-08-03,SKU101,196,2025-08-07
SHP002417,Bangkok,Johannesburg,Air,18,In Transit,2025-06-11,SKU108,122,2025-06-29
SHP002418,Bangkok,Sydney,Air,12,In Transit,2025-06-12,SKU129,102,2025-06-24
SHP002419,Chennai,Singapore,Air,13,Delayed,2025-08-07,SKU123,109,2025-08-20
SHP002420,Ho Chi Minh City,Dubai,Air,15,In Transit,2025-08-07,SKU129,126,2025-08-22
SHP002421,Bangkok,Sao Paulo,Air,17,Delayed,2025-11-16,SKU109,211,2025-12-03
SHP002422,Noida,Sydney,Air,9,Delivered,2025-07-06,SKU114,135,2025-07-15
SHP002423,Noida,Singapore,Sea,24,In Transit,2025-08-17,SKU117,187,2025-09-10
SHP002424,Noida,Mumbai,Road,9,Delivered,2025-02-17,SKU118,160,2025-02-26
SHP002425,Ho Chi Minh City,Singapore,Road,23,Delayed,2025-11-12,SKU100,162,2025-12-05
SHP002426,Bangkok,Singapore,Sea,23,Delivered,2025-10-08,SKU114,138,2025-10-31
SHP002427,Chennai,Johannesburg,Air,15,In Transit,2025-10-04,SKU104,199,2025-10-19
SHP002428,Chennai,Sao Paulo,Road,6,In Transit,2025-01-16,SKU100,211,2025-01-22
SHP002429,Ho Chi Minh City,Sydney,Sea,10,Delayed,2025-03-31,SKU117,132,2025-04-10
SHP002430,Bangkok,Rotterdam,Sea,21,Delayed,2025-10-07,SKU105,217,2025-10-28
SHP002431,Chennai,Rotterdam,Sea,15,In Transit,2025-03-02,SKU100,213,2025-03-17
SHP002432,Ho Chi Minh City,Sydney,Air,8,Delayed,2025-11-04,SKU116,186,2025-11-12
SHP002433,Zhengzhou,Sao Paulo,Air,4,Delivered,2025-05-20,SKU111,214,2025-05-24
SHP002434,Shenzhen,Sydney,Air,17,In Transit,2025-09-22,SKU107,140,2025-10-09
SHP002435,Ho Chi Minh City,Sydney,Air,17,Delivered,2025-09-09,SKU104,134,2025-09-26
SHP002436,Shenzhen,Singapore,Air,4,Delayed,2025-11-30,SKU101,169,2025-12-04
SHP002437,Zhengzhou,Dubai,Air,3,Delayed,2025-12-08,SKU124,199,2025-12-11
SHP002438,Shenzhen,Singapore,Sea,8,Delayed,2025-08-07,SKU117,173,2025-08-15
SHP002439,Chennai,Chicago,Air,12,In Transit,2025-02-23,SKU117,130,2025-03-07
SHP002440,Chennai,Singapore,Sea,13,Delivered,2025-06-17,SKU114,113,2025-06-30
SHP002441,Zhengzhou,Rotterdam,Road,8,Delivered,2025-09-10,SKU109,110,2025-09-18
SHP002442,Shenzhen,Chicago,Sea,5,In Transit,2025-05-26,SKU109,150,2025-05-31
SHP002443,Noida,Chicago,Sea,19,In Transit,2025-11-15,SKU123,104,2025-12-04
SHP002444,Zhengzhou,Singapore,Road,14,In Transit,2025-06-25,SKU113,108,2025-07-09
SHP002445,Zhengzhou,Johannesburg,Air,5,Delivered,2025-03-01,SKU118,229,2025-03-06
SHP002446,Chennai,Johannesburg,Road,22,Delayed,2025-01-26,SKU116,169,2025-02-17
SHP002447,Shenzhen,Johannesburg,Road,10,Delivered,2025-10-25,SKU105,140,2025-11-04
SHP002448,Ho Chi Minh City,Rotterdam,Road,7,Delayed,2025-01-08,SKU104,185,2025-01-15
SHP002449,Bangkok,Chicago,Air,11,Delayed,2025-01-12,SKU118,219,2025-01-23
SHP002450,Noida,Sao Paulo,Road,7,In Transit,2025-09-25,SKU124,103,2025-10-02
SHP002451,Noida,Singapore,Sea,2,Delivered,2025-08-03,SKU106,199,2025-08-05
SHP002452,Bangkok,Singapore,Road,17,In Transit,2025-10-01,SKU108,166,2025-10-18
SHP002453,Ho Chi Minh City,Singapore,Road,2,In Transit,2025-09-13,SKU123,139,2025-09-15
SHP002454,Chennai,Mumbai,Road,13,Delivered,2025-12-02,SKU100,108,2025-12-15
SHP002455,Ho Chi Minh City,Johannesburg,Road,13,In Transit,2025-12-29,SKU126,204,2026-01-11
SHP002456,Chennai,Sao Paulo,Sea,4,Delivered,2025-03-06,SKU112,201,2025-03-10
SHP002457,Bangkok,Sao Paulo,Air,5,Delivered,2025-09-28,SKU105,115,2025-10-03
SHP002458,Shenzhen,Chicago,Air,4,Delivered,2025-10-24,SKU109,152,2025-10-28
SHP002459,Chennai,Singapore,Road,9,Delivered,2025-04-10,SKU121,121,2025-04-19
SHP002460,Ho Chi Minh City,Johannesburg,Air,16,In Transit,2025-07-27,SKU108,103,2025-08-12
SHP002461,Shenzhen,Rotterdam,Road,6,Delayed,2025-06-10,SKU101,163,2025-06-16
SHP002462,Chennai,Chicago,Road,11,In Transit,2025-03-15,SKU113,130,2025-03-26
SHP002463,Ho Chi Minh City,Dubai,Road,11,In Transit,2025-05-11,SKU112,135,2025-05-22
SHP002464,Bangkok,Sao Paulo,Road,9,Delayed,2025-07-27,SKU115,131,2025-08-05
SHP002465,Shenzhen,Rotterdam,Road,23,Delayed,2025-08-17,SKU128,153,2025-09-09
SHP002466,Shenzhen,Dubai,Sea,15,In Transit,2025-08-22,SKU117,132,2025-09-06
SHP002467,Bangkok,Johannesburg,Sea,8,Delayed,2025-01-27,SKU100,196,2025-02-04
SHP002468,Zhengzhou,Sao Paulo,Road,18,Delayed,2025-12-18,SKU102,159,2026-01-05
SHP002469,Noida,Sao Paulo,Sea,25,In Transit,2025-10-17,SKU107,192,2025-11-11
SHP002470,Chennai,Dubai,Sea,22,Delivered,2025-07-11,SKU122,142,2025-08-02
SHP002471,Zhengzhou,Johannesburg,Sea,13,In Transit,2025-09-11,SKU128,201,2025-09-24
SHP002472,Bangkok,Dubai,Air,2,Delayed,2025-03-13,SKU100,141,2025-03-15
SHP002473,Noida,Rotterdam,Sea,18,Delivered,2025-09-11,SKU126,159,2025-09-29
SHP002474,Ho Chi Minh City,Dubai,Road,25,Delayed,2025-08-12,SKU110,167,2025-09-06
SHP002475,Chennai,Singapore,Air,2,Delivered,2025-06-20,SKU107,152,2025-06-22
SHP002476,Noida,Johannesburg,Sea,12,Delayed,2025-12-24,SKU124,222,2026-01-05
SHP002477,Ho Chi Minh City,Sao Paulo,Road,21,In Transit,2025-07-16,SKU102,107,2025-08-06
SHP002478,Ho Chi Minh City,Sydney,Sea,17,In Transit,2025-05-22,SKU119,129,2025-06-08
SHP002479,Zhengzhou,Mumbai,Air,25,Delivered,2025-01-08,SKU117,133,2025-02-02
SHP002480,Shenzhen,Johannesburg,Sea,14,Delayed,2025-03-30,SKU124,191,2025-04-13
SHP002481,Ho Chi Minh City,Singapore,Sea,4,In Transit,2025-09-09,SKU124,218,2025-09-13
SHP002482,Shenzhen,Sao Paulo,Sea,12,Delayed,2025-11-29,SKU112,147,2025-12-11
SHP002483,Noida,Singapore,Air,6,Delayed,2025-03-28,SKU118,123,2025-04-03
SHP002484,Chennai,Rotterdam,Road,13,In Transit,2025-09-30,SKU124,201,2025-10-13
SHP002485,Noida,Sao Paulo,Sea,18,Delivered,2025-06-30,SKU129,125,2025-07-18
SHP002486,Ho Chi Minh City,Dubai,Air,22,In Transit,2025-04-06,SKU108,229,2025-04-28
SHP002487,Ho Chi Minh City,Johannesburg,Air,12,In Transit,2025-01-26,SKU129,204,2025-02-07
SHP002488,Bangkok,Sydney,Road,16,Delayed,2025-03-01,SKU106,107,2025-03-17
SHP002489,Noida,Sao Paulo,Air,7,Delayed,2025-01-25,SKU122,190,2025-02-01
SHP002490,Noida,Mumbai,Air,4,Delayed,2025-08-10,SKU107,216,2025-08-14
SHP002491,Noida,Singapore,Road,2,Delivered,2025-02-18,SKU125,151,2025-02-20
SHP002492,Zhengzhou,Chicago,Sea,15,Delayed,2025-04-17,SKU115,154,2025-05-02
SHP002493,Zhengzhou,Sao Paulo,Air,13,Delivered,2025-06-20,SKU124,195,2025-07-03
SHP002494,Chennai,Dubai,Air,14,Delayed,2025-07-06,SKU117,140,2025-07-20
SHP002495,Ho Chi Minh City,Mumbai,Road,25,Delivered,2025-04-21,SKU102,134,2025-05-16
SHP002496,Zhengzhou,Sao Paulo,Sea,20,In Transit,2025-02-27,SKU125,242,2025-03-19
SHP002497,Chennai,Mumbai,Air,6,Delayed,2025-01-23,SKU106,119,2025-01-29
SHP002498,Chennai,Dubai,Road,7,In Transit,2025-06-30,SKU107,136,2025-07-07
SHP002499,Ho Chi Minh City,Mumbai,Road,12,In Transit,2025-05-03,SKU119,140,2025-05-15
SHP002500,Chennai,Rotterdam,Air,4,In Transit,2025-11-23,SKU119,172,2025-11-27
SHP002501,Zhengzhou,Dubai,Road,25,In Transit,2025-12-03,SKU115,112,2025-12-28
SHP002502,Ho Chi Minh City,Rotterdam,Sea,14,Delivered,2025-07-05,SKU113,179,2025-07-19
SHP002503,Zhengzhou,Mumbai,Air,25,In Transit,2025-12-08,SKU127,242,2026-01-02
SHP002504,Zhengzhou,Johannesburg,Air,9,In Transit,2025-10-17,SKU102,198,2025-10-26
SHP002505,Shenzhen,Sydney,Road,23,In Transit,2025-11-06,SKU127,103,2025-11-29
SHP002506,Chennai,Singapore,Sea,4,In Transit,2025-04-18,SKU125,112,2025-04-22
SHP002507,Ho Chi Minh City,Singapore,Sea,18,Delayed,2025-06-17,SKU113,111,2025-07-05
SHP002508,Ho Chi Minh City,Johannesburg,Sea,8,In Transit,2025-02-20,SKU113,218,2025-02-28
SHP002509,Shenzhen,Singapore,Road,7,In Transit,2025-08-03,SKU114,136,2025-08-10
SHP002510,Shenzhen,Dubai,Sea,3,In Transit,2025-04-07,SKU117,213,2025-04-10
SHP002511,Bangkok,Sao Paulo,Sea,14,Delayed,2025-05-25,SKU101,172,2025-06-08
SHP002512,Ho Chi Minh City,Rotterdam,Sea,20,Delayed,2025-01-05,SKU107,119,2025-01-25
SHP002513,Shenzhen,Rotterdam,Sea,12,Delayed,2025-08-01,SKU114,184,2025-08-13
SHP002514,Noida,Chicago,Air,16,In Transit,2025-11-30,SKU112,234,2025-12-16
SHP002515,Shenzhen,Sydney,Road,4,Delayed,2025-12-20,SKU121,133,2025-12-24
SHP002516,Ho Chi Minh City,Johannesburg,Road,5,Delayed,2025-03-18,SKU121,235,2025-03-23
SHP002517,Chennai,Sydney,Road,20,In Transit,2025-12-01,SKU112,163,2025-12-21
SHP002518,Chennai,Sydney,Sea,7,Delivered,2025-06-11,SKU107,176,2025-06-18
SHP002519,Chennai,Sao Paulo,Air,25,Delivered,2025-10-29,SKU126,193,2025-11-23
SHP002520,Chennai,Sao Paulo,Air,10,Delayed,2025-07-25,SKU120,207,2025-08-04
SHP002521,Shenzhen,Rotterdam,Sea,21,In Transit,2025-11-08,SKU116,242,2025-11-29
SHP002522,Noida,Sydney,Road,3,Delayed,2025-06-24,SKU101,225,2025-06-27
SHP002523,Bangkok,Sao Paulo,Air,5,Delivered,2025-04-03,SKU103,192,2025-04-08
SHP002524,Chennai,Rotterdam,Sea,16,In Transit,2025-03-19,SKU113,217,2025-04-04
SHP002525,Noida,Dubai,Sea,23,Delayed,2025-11-07,SKU109,88,2025-11-30
SHP002526,Ho Chi Minh City,Chicago,Road,10,Delayed,2025-06-09,SKU121,167,2025-06-19
SHP002527,Shenzhen,Rotterdam,Sea,3,Delivered,2025-04-10,SKU108,108,2025-04-13
SHP002528,Shenzhen,Rotterdam,Air,6,In Transit,2025-05-25,SKU104,211,2025-05-31
SHP002529,Bangkok,Mumbai,Sea,24,Delayed,2025-11-05,SKU110,182,2025-11-29
SHP002530,Bangkok,Dubai,Sea,7,Delayed,2025-01-08,SKU123,119,2025-01-15
SHP002531,Chennai,Chicago,Air,23,Delivered,2025-01-16,SKU115,227,2025-02-08
SHP002532,Bangkok,Chicago,Sea,3,Delayed,2025-03-20,SKU117,191,2025-03-23
SHP002533,Chennai,Rotterdam,Air,4,Delayed,2025-11-23,SKU106,128,2025-11-27
SHP002534,Ho Chi Minh City,Mumbai,Road,22,Delayed,2025-07-27,SKU108,202,2025-08-18
SHP002535,Shenzhen,Rotterdam,Road,15,Delayed,2025-01-10,SKU118,138,2025-01-25
SHP002536,Shenzhen,Sydney,Air,14,Delivered,2025-02-13,SKU114,92,2025-02-27
SHP002537,Shenzhen,Sao Paulo,Road,8,Delivered,2025-09-08,SKU102,154,2025-09-16
SHP002538,Chennai,Sao Paulo,Sea,19,In Transit,2025-04-06,SKU119,120,2025-04-25
SHP002539,Chennai,Dubai,Sea,9,In Transit,2025-05-27,SKU111,120,2025-06-05
SHP002540,Chennai,Sao Paulo,Road,22,In Transit,2025-01-02,SKU129,215,2025-01-24
SHP002541,Shenzhen,Singapore,Road,18,Delayed,2025-08-15,SKU111,156,2025-09-02
SHP002542,Chennai,Singapore,Road,2,Delivered,2025-01-10,SKU114,219,2025-01-12
SHP002543,Shenzhen,Chicago,Air,3,Delivered,2025-09-06,SKU115,162,2025-09-09
SHP002544,Ho Chi Minh City,Singapore,Air,13,Delayed,2025-09-14,SKU124,97,2025-09-27
SHP002545,Ho Chi Minh City,Dubai,Air,24,In Transit,2025-07-24,SKU109,208,2025-08-17
SHP002546,Noida,Dubai,Road,22,Delivered,2025-10-01,SKU123,125,2025-10-23
SHP002547,Bangkok,Singapore,Air,23,Delayed,2025-01-27,SKU115,113,2025-02-19
SHP002548,Ho Chi Minh City,Singapore,Sea,14,Delivered,2025-09-12,SKU121,137,2025-09-26
SHP002549,Chennai,Mumbai,Road,13,Delivered,2025-05-05,SKU115,216,2025-05-18
SHP002550,Bangkok,Johannesburg,Sea,8,In Transit,2025-06-23,SKU108,122,2025-07-01
SHP002551,Bangkok,Mumbai,Sea,16,Delayed,2025-02-19,SKU127,205,2025-03-07
SHP002552,Bangkok,Singapore,Road,10,Delivered,2025-07-18,SKU111,124,2025-07-28
SHP002553,Ho Chi Minh City,Sao Paulo,Air,5,In Transit,2025-01-11,SKU103,180,2025-01-16
SHP002554,Ho Chi Minh City,Singapore,Air,12,Delayed,2025-01-08,SKU105,192,2025-01-20
SHP002555,Noida,Singapore,Sea,7,In Transit,2025-02-04,SKU128,199,2025-02-11
SHP002556,Zhengzhou,Sydney,Road,4,Delivered,2025-03-25,SKU103,139,2025-03-29
SHP002557,Bangkok,Rotterdam,Road,23,Delayed,2025-12-15,SKU102,119,2026-01-07
SHP002558,Zhengzhou,Johannesburg,Air,17,Delayed,2025-04-27,SKU117,138,2025-05-14
SHP002559,Ho Chi Minh City,Dubai,Road,5,In Transit,2025-02-01,SKU109,116,2025-02-06
SHP002560,Ho Chi Minh City,Singapore,Air,3,Delivered,2025-01-28,SKU117,155,2025-01-31
SHP002561,Noida,Johannesburg,Road,24,Delivered,2025-08-05,SKU108,143,2025-08-29
SHP002562,Shenzhen,Singapore,Sea,23,Delayed,2025-06-18,SKU124,196,2025-07-11
SHP002563,Zhengzhou,Sao Paulo,Sea,17,Delayed,2025-07-19,SKU110,98,2025-08-05
SHP002564,Chennai,Sao Paulo,Air,20,Delivered,2025-03-22,SKU117,100,2025-04-11
SHP002565,Chennai,Dubai,Air,11,In Transit,2025-05-20,SKU127,203,2025-05-31
SHP002566,Zhengzhou,Sydney,Road,4,Delivered,2025-01-22,SKU113,103,2025-01-26
SHP002567,Noida,Sao Paulo,Air,18,Delayed,2025-07-28,SKU107,119,2025-08-15
SHP002568,Noida,Sydney,Sea,22,In Transit,2025-06-09,SKU116,217,2025-07-01
SHP002569,Zhengzhou,Chicago,Air,17,In Transit,2025-08-07,SKU109,163,2025-08-24
SHP002570,Noida,Sao Paulo,Air,25,In Transit,2025-01-07,SKU124,158,2025-02-01
SHP002571,Shenzhen,Sydney,Sea,25,In Transit,2025-05-10,SKU102,208,2025-06-04
SHP002572,Bangkok,Rotterdam,Sea,10,In Transit,2025-06-30,SKU118,95,2025-07-10
SHP002573,Shenzhen,Mumbai,Sea,10,Delivered,2025-01-19,SKU110,149,2025-01-29
SHP002574,Chennai,Sydney,Air,21,In Transit,2025-11-22,SKU124,152,2025-12-13
SHP002575,Chennai,Sydney,Sea,21,Delivered,2025-05-30,SKU114,96,2025-06-20
SHP002576,Ho Chi Minh City,Dubai,Road,4,Delayed,2025-07-25,SKU119,172,2025-07-29
SHP002577,Shenzhen,Chicago,Air,11,In Transit,2025-12-02,SKU124,149,2025-12-13
SHP002578,Bangkok,Johannesburg,Road,4,In Transit,2025-01-24,SKU103,195,2025-01-28
SHP002579,Bangkok,Mumbai,Sea,5,Delayed,2025-11-12,SKU110,182,2025-11-17
SHP002580,Chennai,Rotterdam,Air,2,In Transit,2025-10-15,SKU121,155,2025-10-17
SHP002581,Shenzhen,Chicago,Sea,5,In Transit,2025-08-23,SKU119,128,2025-08-28
SHP002582,Bangkok,Chicago,Air,16,Delayed,2025-02-15,SKU115,160,2025-03-03
SHP002583,Chennai,Mumbai,Air,25,Delayed,2025-12-27,SKU117,93,2026-01-21
SHP002584,Bangkok,Mumbai,Air,2,Delayed,2025-01-15,SKU126,198,2025-01-17
SHP002585,Ho Chi Minh City,Sydney,Air,5,In Transit,2025-08-16,SKU111,141,2025-08-21
SHP002586,Ho Chi Minh City,Chicago,Sea,15,In Transit,2025-05-08,SKU102,165,2025-05-23
SHP002587,Ho Chi Minh City,Sydney,Road,15,In Transit,2025-09-12,SKU110,143,2025-09-27
SHP002588,Shenzhen,Rotterdam,Sea,22,Delayed,2025-12-11,SKU108,104,2026-01-02
SHP002589,Chennai,Sao Paulo,Road,10,In Transit,2025-12-06,SKU115,173,2025-12-16
SHP002590,Ho Chi Minh City,Singapore,Air,20,In Transit,2025-07-31,SKU120,132,2025-08-20
SHP002591,Chennai,Dubai,Road,18,In Transit,2025-05-09,SKU105,150,2025-05-27
SHP002592,Zhengzhou,Chicago,Air,21,Delayed,2025-08-14,SKU112,111,2025-09-04
SHP002593,Chennai,Rotterdam,Air,12,Delivered,2025-08-27,SKU114,156,2025-09-08
SHP002594,Noida,Sydney,Road,18,In Transit,2025-09-26,SKU122,157,2025-10-14
SHP002595,Shenzhen,Johannesburg,Road,5,In Transit,2025-01-01,SKU125,181,2025-01-06
SHP002596,Noida,Sao Paulo,Air,4,Delayed,2025-05-06,SKU116,132,2025-05-10
SHP002597,Zhengzhou,Dubai,Road,12,Delivered,2025-09-28,SKU124,127,2025-10-10
SHP002598,Chennai,Sao Paulo,Air,5,Delivered,2025-02-27,SKU107,183,2025-03-04
SHP002599,Ho Chi Minh City,Chicago,Road,3,In Transit,2025-08-27,SKU119,196,2025-08-30
SHP002600,Bangkok,Dubai,Sea,21,In Transit,2025-06-02,SKU114,120,2025-06-23
SHP002601,Chennai,Chicago,Air,10,In Transit,2025-07-17,SKU127,193,2025-07-27
SHP002602,Noida,Chicago,Road,5,In Transit,2025-11-21,SKU118,189,2025-11-26
SHP002603,Shenzhen,Mumbai,Road,10,Delivered,2025-05-10,SKU114,99,2025-05-20
SHP002604,Bangkok,Sao Paulo,Road,21,Delayed,2025-08-10,SKU120,140,2025-08-31
SHP002605,Ho Chi Minh City,Johannesburg,Air,20,In Transit,2025-07-26,SKU104,173,2025-08-15
SHP002606,Bangkok,Johannesburg,Air,25,Delayed,2025-07-25,SKU129,121,2025-08-19
SHP002607,Shenzhen,Johannesburg,Air,18,Delayed,2025-01-27,SKU114,181,2025-02-14
SHP002608,Noida,Singapore,Road,16,Delayed,2025-12-22,SKU107,184,2026-01-07
SHP002609,Zhengzhou,Mumbai,Air,24,Delivered,2025-04-12,SKU117,200,2025-05-06
SHP002610,Zhengzhou,Singapore,Road,24,In Transit,2025-05-25,SKU129,173,2025-06-18
SHP002611,Chennai,Dubai,Air,16,In Transit,2025-07-30,SKU110,176,2025-08-15
SHP002612,Noida,Chicago,Road,19,Delayed,2025-03-31,SKU113,133,2025-04-19
SHP002613,Bangkok,Mumbai,Road,8,In Transit,2025-09-30,SKU103,101,2025-10-08
SHP002614,Ho Chi Minh City,Chicago,Sea,19,Delayed,2025-11-14,SKU100,126,2025-12-03
SHP002615,Bangkok,Johannesburg,Road,24,Delivered,2025-08-24,SKU108,156,2025-09-17
SHP002616,Noida,Johannesburg,Sea,20,Delivered,2025-02-11,SKU108,143,2025-03-03
SHP002617,Zhengzhou,Sydney,Sea,3,In Transit,2025-05-27,SKU123,179,2025-05-30
SHP002618,Ho Chi Minh City,Chicago,Air,14,Delivered,2025-10-10,SKU122,219,2025-10-24
SHP002619,Chennai,Johannesburg,Sea,10,Delayed,2025-02-14,SKU128,153,2025-02-24
SHP002620,Chennai,Johannesburg,Road,11,Delayed,2025-04-07,SKU116,209,2025-04-18
SHP002621,Bangkok,Mumbai,Sea,14,Delayed,2025-12-06,SKU111,208,2025-12-20
SHP002622,Noida,Sao Paulo,Road,25,Delivered,2025-12-31,SKU126,168,2026-01-25
SHP002623,Ho Chi Minh City,Singapore,Sea,19,Delivered,2025-09-02,SKU103,204,2025-09-21
SHP002624,Noida,Singapore,Road,22,Delayed,2025-06-08,SKU103,235,2025-06-30
SHP002625,Shenzhen,Sydney,Road,15,In Transit,2025-01-02,SKU129,158,2025-01-17
SHP002626,Zhengzhou,Rotterdam,Air,16,Delivered,2025-09-18,SKU107,125,2025-10-04
SHP002627,Noida,Mumbai,Road,11,Delayed,2025-07-21,SKU120,186,2025-08-01
SHP002628,Shenzhen,Sydney,Road,13,In Transit,2025-09-07,SKU128,123,2025-09-20
SHP002629,Ho Chi Minh City,Chicago,Road,11,In Transit,2025-02-14,SKU102,169,2025-02-25
SHP002630,Shenzhen,Dubai,Air,20,In Transit,2025-08-10,SKU110,167,2025-08-30
SHP002631,Bangkok,Sao Paulo,Road,15,In Transit,2025-08-16,SKU112,100,2025-08-31
SHP002632,Noida,Sydney,Sea,20,In Transit,2025-10-09,SKU108,136,2025-10-29
SHP002633,Noida,Singapore,Sea,24,Delivered,2025-11-28,SKU114,199,2025-12-22
SHP002634,Chennai,Singapore,Road,16,In Transit,2025-10-06,SKU119,226,2025-10-22
SHP002635,Noida,Sydney,Air,10,In Transit,2025-10-15,SKU109,176,2025-10-25
SHP002636,Chennai,Mumbai,Road,3,Delivered,2025-01-23,SKU116,116,2025-01-26
SHP002637,Noida,Rotterdam,Road,18,Delivered,2025-04-01,SKU110,193,2025-04-19
SHP002638,Bangkok,Sao Paulo,Sea,12,In Transit,2025-01-09,SKU112,131,2025-01-21
SHP002639,Shenzhen,Sydney,Air,25,Delivered,2025-05-18,SKU104,115,2025-06-12
SHP002640,Noida,Sao Paulo,Road,12,Delivered,2025-05-05,SKU108,174,2025-05-17
SHP002641,Chennai,Chicago,Sea,17,Delayed,2025-12-01,SKU104,168,2025-12-18
SHP002642,Zhengzhou,Singapore,Road,20,Delayed,2025-10-06,SKU107,211,2025-10-26
SHP002643,Bangkok,Dubai,Road,18,In Transit,2025-06-15,SKU127,121,2025-07-03
SHP002644,Zhengzhou,Sao Paulo,Air,15,Delayed,2025-12-05,SKU109,215,2025-12-20
SHP002645,Ho Chi Minh City,Sao Paulo,Road,23,Delivered,2025-04-15,SKU100,151,2025-05-08
SHP002646,Bangkok,Rotterdam,Air,14,Delivered,2025-11-15,SKU121,136,2025-11-29
SHP002647,Shenzhen,Mumbai,Road,24,In Transit,2025-10-02,SKU109,156,2025-10-26
SHP002648,Zhengzhou,Sydney,Air,24,In Transit,2025-01-14,SKU125,185,2025-02-07
SHP002649,Chennai,Dubai,Road,3,In Transit,2025-02-13,SKU111,118,2025-02-16
SHP002650,Zhengzhou,Singapore,Air,2,Delayed,2025-09-23,SKU100,217,2025-09-25
SHP002651,Ho Chi Minh City,Chicago,Sea,4,Delayed,2025-12-14,SKU112,147,2025-12-18
SHP002652,Zhengzhou,Rotterdam,Sea,14,In Transit,2025-10-14,SKU106,214,2025-10-28
SHP002653,Shenzhen,Chicago,Sea,7,Delayed,2025-05-21,SKU100,204,2025-05-28
SHP002654,Ho Chi Minh City,Sydney,Air,9,Delivered,2025-10-08,SKU114,178,2025-10-17
SHP002655,Chennai,Mumbai,Sea,17,Delayed,2025-01-27,SKU103,112,2025-02-13
SHP002656,Noida,Rotterdam,Sea,6,Delayed,2025-05-06,SKU122,96,2025-05-12
SHP002657,Chennai,Johannesburg,Air,2,In Transit,2025-10-09,SKU118,188,2025-10-11
SHP002658,Zhengzhou,Chicago,Sea,3,Delivered,2025-05-21,SKU126,180,2025-05-24
SHP002659,Shenzhen,Sao Paulo,Sea,3,In Transit,2025-09-13,SKU100,160,2025-09-16
SHP002660,Chennai,Mumbai,Sea,4,Delayed,2025-04-07,SKU113,210,2025-04-11
SHP002661,Zhengzhou,Rotterdam,Road,3,Delayed,2025-10-20,SKU119,187,2025-10-23
SHP002662,Shenzhen,Johannesburg,Road,16,Delivered,2025-11-08,SKU111,126,2025-11-24
SHP002663,Bangkok,Johannesburg,Sea,21,Delayed,2025-08-02,SKU118,211,2025-08-23
SHP002664,Ho Chi Minh City,Rotterdam,Air,5,In Transit,2025-08-22,SKU118,191,2025-08-27
SHP002665,Shenzhen,Dubai,Sea,3,In Transit,2025-04-05,SKU128,192,2025-04-08
SHP002666,Noida,Johannesburg,Air,5,In Transit,2025-02-21,SKU111,207,2025-02-26
SHP002667,Shenzhen,Johannesburg,Sea,15,In Transit,2025-06-22,SKU126,119,2025-07-07
SHP002668,Bangkok,Chicago,Air,14,Delayed,2025-04-27,SKU109,163,2025-05-11
SHP002669,Shenzhen,Sydney,Sea,25,Delayed,2025-02-26,SKU115,188,2025-03-23
SHP002670,Bangkok,Johannesburg,Sea,8,Delayed,2025-12-10,SKU124,173,2025-12-18
SHP002671,Bangkok,Sao Paulo,Sea,10,Delayed,2025-03-13,SKU128,195,2025-03-23
SHP002672,Noida,Rotterdam,Air,8,Delivered,2025-04-13,SKU122,108,2025-04-21
SHP002673,Zhengzhou,Singapore,Road,12,In Transit,2025-01-31,SKU106,115,2025-02-12
SHP002674,Zhengzhou,Johannesburg,Air,13,Delayed,2025-06-20,SKU106,137,2025-07-03
SHP002675,Chennai,Sao Paulo,Road,3,Delivered,2025-02-05,SKU123,113,2025-02-08
SHP002676,Shenzhen,Chicago,Sea,16,In Transit,2025-04-12,SKU116,176,2025-04-28
SHP002677,Zhengzhou,Chicago,Air,4,Delivered,2025-12-21,SKU125,118,2025-12-25
SHP002678,Zhengzhou,Johannesburg,Road,3,In Transit,2025-07-24,SKU126,92,2025-07-27
SHP002679,Shenzhen,Singapore,Road,19,In Transit,2025-06-18,SKU100,159,2025-07-07
SHP002680,Chennai,Singapore,Air,11,Delayed,2025-04-19,SKU106,202,2025-04-30
SHP002681,Ho Chi Minh City,Singapore,Road,16,Delayed,2025-07-08,SKU108,125,2025-07-24
SHP002682,Zhengzhou,Chicago,Sea,13,Delivered,2025-10-18,SKU107,121,2025-10-31
SHP002683,Chennai,Mumbai,Air,12,In Transit,2025-02-24,SKU105,221,2025-03-08
SHP002684,Chennai,Mumbai,Road,14,In Transit,2025-07-11,SKU112,199,2025-07-25
SHP002685,Bangkok,Chicago,Road,20,Delivered,2025-03-05,SKU124,129,2025-03-25
SHP002686,Ho Chi Minh City,Singapore,Sea,7,Delayed,2025-02-13,SKU120,169,2025-02-20
SHP002687,Bangkok,Sao Paulo,Sea,17,Delayed,2025-07-24,SKU100,156,2025-08-10
SHP002688,Ho Chi Minh City,Sao Paulo,Sea,2,Delayed,2025-08-13,SKU105,124,2025-08-15
SHP002689,Shenzhen,Singapore,Road,8,Delivered,2025-03-11,SKU106,218,2025-03-19
SHP002690,Zhengzhou,Johannesburg,Sea,3,In Transit,2025-04-21,SKU112,214,2025-04-24
SHP002691,Shenzhen,Sao Paulo,Road,9,In Transit,2025-12-04,SKU100,192,2025-12-13
SHP002692,Zhengzhou,Sydney,Road,10,In Transit,2025-03-09,SKU124,133,2025-03-19
SHP002693,Noida,Sydney,Air,9,Delivered,2025-12-27,SKU113,120,2026-01-05
SHP002694,Zhengzhou,Chicago,Road,8,Delayed,2025-07-02,SKU122,219,2025-07-10
SHP002695,Noida,Johannesburg,Sea,7,In Transit,2025-07-06,SKU116,192,2025-07-13
SHP002696,Ho Chi Minh City,Rotterdam,Road,12,Delivered,2025-05-22,SKU124,99,2025-06-03
SHP002697,Chennai,Johannesburg,Sea,15,Delayed,2025-08-07,SKU127,121,2025-08-22
SHP002698,Chennai,Mumbai,Road,18,In Transit,2025-07-04,SKU121,215,2025-07-22
SHP002699,Ho Chi Minh City,Sao Paulo,Road,24,Delivered,2025-05-16,SKU116,183,2025-06-09
SHP002700,Bangkok,Dubai,Sea,12,Delayed,2025-07-28,SKU119,146,2025-08-09
SHP002701,Chennai,Chicago,Sea,18,In Transit,2025-03-10,SKU112,128,2025-03-28
SHP002702,Shenzhen,Mumbai,Air,10,Delayed,2025-02-18,SKU122,99,2025-02-28
SHP002703,Chennai,Mumbai,Air,16,Delivered,2025-11-13,SKU115,174,2025-11-29
SHP002704,Chennai,Sydney,Road,13,Delivered,2025-05-10,SKU102,98,2025-05-23
SHP002705,Noida,Johannesburg,Sea,4,Delayed,2025-07-24,SKU116,246,2025-07-28
SHP002706,Ho Chi Minh City,Mumbai,Air,6,In Transit,2025-06-25,SKU117,182,2025-07-01
SHP002707,Zhengzhou,Sao Paulo,Sea,10,Delivered,2025-07-15,SKU124,181,2025-07-25
SHP002708,Chennai,Mumbai,Air,20,In Transit,2025-02-24,SKU129,103,2025-03-16
SHP002709,Chennai,Sao Paulo,Air,5,In Transit,2025-04-07,SKU120,180,2025-04-12
SHP002710,Noida,Rotterdam,Sea,15,Delivered,2025-01-14,SKU129,123,2025-01-29
SHP002711,Ho Chi Minh City,Singapore,Sea,17,Delivered,2025-05-22,SKU106,142,2025-06-08
SHP002712,Ho Chi Minh City,Dubai,Road,25,Delayed,2025-03-21,SKU102,171,2025-04-15
SHP002713,Bangkok,Johannesburg,Sea,15,In Transit,2025-03-13,SKU101,177,2025-03-28
SHP002714,Zhengzhou,Sydney,Air,19,Delivered,2025-05-06,SKU115,133,2025-05-25
SHP002715,Zhengzhou,Rotterdam,Air,25,In Transit,2025-06-24,SKU127,187,2025-07-19
SHP002716,Noida,Chicago,Sea,15,Delivered,2025-04-14,SKU111,191,2025-04-29
SHP002717,Chennai,Chicago,Sea,5,Delivered,2025-12-02,SKU108,145,2025-12-07
SHP002718,Bangkok,Dubai,Road,23,Delivered,2025-10-04,SKU107,230,2025-10-27
SHP002719,Shenzhen,Sao Paulo,Air,11,Delayed,2025-12-13,SKU104,129,2025-12-24
SHP002720,Ho Chi Minh City,Singapore,Road,15,In Transit,2025-03-23,SKU113,218,2025-04-07
SHP002721,Bangkok,Rotterdam,Air,22,In Transit,2025-10-01,SKU101,200,2025-10-23
SHP002722,Shenzhen,Dubai,Air,8,Delayed,2025-01-05,SKU126,206,2025-01-13
SHP002723,Bangkok,Rotterdam,Sea,13,In Transit,2025-11-16,SKU118,146,2025-11-29
SHP002724,Ho Chi Minh City,Dubai,Air,19,In Transit,2025-05-15,SKU117,175,2025-06-03
SHP002725,Chennai,Chicago,Sea,18,In Transit,2025-03-28,SKU117,117,2025-04-15
SHP002726,Shenzhen,Mumbai,Sea,5,Delayed,2025-07-21,SKU119,110,2025-07-26
SHP002727,Noida,Sao Paulo,Air,21,Delayed,2025-04-27,SKU106,133,2025-05-18
SHP002728,Shenzhen,Singapore,Air,12,In Transit,2025-07-21,SKU106,176,2025-08-02
SHP002729,Ho Chi Minh City,Rotterdam,Road,20,Delayed,2025-07-26,SKU102,189,2025-08-15
SHP002730,Shenzhen,Sao Paulo,Sea,2,Delivered,2025-06-28,SKU104,182,2025-06-30
SHP002731,Chennai,Johannesburg,Air,17,Delivered,2025-10-21,SKU103,132,2025-11-07
SHP002732,Zhengzhou,Chicago,Air,20,In Transit,2025-09-19,SKU109,129,2025-10-09
SHP002733,Chennai,Sao Paulo,Road,5,Delivered,2025-04-29,SKU129,185,2025-05-04
SHP002734,Zhengzhou,Dubai,Road,19,Delivered,2025-10-13,SKU104,225,2025-11-01
SHP002735,Zhengzhou,Sao Paulo,Sea,24,In Transit,2025-06-04,SKU121,206,2025-06-28
SHP002736,Bangkok,Sydney,Air,16,In Transit,2025-12-04,SKU120,183,2025-12-20
SHP002737,Zhengzhou,Dubai,Sea,11,Delayed,2025-03-10,SKU116,100,2025-03-21
SHP002738,Zhengzhou,Johannesburg,Sea,15,Delivered,2025-04-18,SKU125,247,2025-05-03
SHP002739,Ho Chi Minh City,Dubai,Road,24,Delivered,2025-12-10,SKU128,104,2026-01-03
SHP002740,Shenzhen,Chicago,Sea,11,Delivered,2025-02-26,SKU118,191,2025-03-09
SHP002741,Ho Chi Minh City,Johannesburg,Air,5,Delayed,2025-06-26,SKU129,125,2025-07-01
SHP002742,Chennai,Dubai,Sea,24,Delivered,2025-07-27,SKU105,103,2025-08-20
SHP002743,Zhengzhou,Johannesburg,Sea,11,Delivered,2025-02-04,SKU102,189,2025-02-15
SHP002744,Shenzhen,Mumbai,Road,16,Delayed,2025-07-05,SKU127,190,2025-07-21
SHP002745,Chennai,Mumbai,Road,11,Delivered,2025-11-30,SKU119,212,2025-12-11
SHP002746,Shenzhen,Sao Paulo,Sea,16,Delivered,2025-04-02,SKU121,184,2025-04-18
SHP002747,Zhengzhou,Sydney,Road,10,Delayed,2025-12-25,SKU125,121,2026-01-04
SHP002748,Zhengzhou,Sydney,Road,12,Delayed,2025-02-13,SKU108,183,2025-02-25
SHP002749,Zhengzhou,Singapore,Road,25,In Transit,2025-05-23,SKU119,176,2025-06-17
SHP002750,Bangkok,Sao Paulo,Air,20,Delayed,2025-04-05,SKU103,111,2025-04-25
SHP002751,Bangkok,Sydney,Road,23,In Transit,2025-06-15,SKU111,97,2025-07-08
SHP002752,Zhengzhou,Chicago,Road,7,In Transit,2025-07-30,SKU101,128,2025-08-06
SHP002753,Ho Chi Minh City,Rotterdam,Road,22,In Transit,2025-08-31,SKU115,146,2025-09-22
SHP002754,Shenzhen,Dubai,Air,22,Delivered,2025-10-19,SKU110,187,2025-11-10
SHP002755,Noida,Sao Paulo,Air,20,In Transit,2025-10-31,SKU127,225,2025-11-20
SHP002756,Zhengzhou,Rotterdam,Road,18,Delayed,2025-10-12,SKU118,218,2025-10-30
SHP002757,Chennai,Johannesburg,Road,25,Delayed,2025-06-03,SKU107,111,2025-06-28
SHP002758,Zhengzhou,Dubai,Air,12,Delivered,2025-01-06,SKU121,108,2025-01-18
SHP002759,Zhengzhou,Mumbai,Sea,10,Delivered,2025-08-06,SKU110,153,2025-08-16
SHP002760,Zhengzhou,Mumbai,Air,22,Delivered,2025-01-27,SKU106,102,2025-02-18
SHP002761,Bangkok,Johannesburg,Road,18,Delayed,2025-02-01,SKU113,113,2025-02-19
SHP002762,Zhengzhou,Singapore,Sea,2,Delayed,2025-08-15,SKU116,223,2025-08-17
SHP002763,Ho Chi Minh City,Dubai,Road,18,In Transit,2025-02-24,SKU128,166,2025-03-14
SHP002764,Bangkok,Sao Paulo,Sea,9,Delivered,2025-01-11,SKU110,128,2025-01-20
SHP002765,Noida,Chicago,Sea,17,Delayed,2025-04-03,SKU105,176,2025-04-20
SHP002766,Chennai,Chicago,Air,23,In Transit,2025-02-04,SKU121,122,2025-02-27
SHP002767,Shenzhen,Chicago,Sea,20,Delayed,2025-08-15,SKU117,205,2025-09-04
SHP002768,Chennai,Johannesburg,Air,6,In Transit,2025-03-20,SKU123,141,2025-03-26
SHP002769,Chennai,Sao Paulo,Road,2,In Transit,2025-03-08,SKU120,152,2025-03-10
SHP002770,Chennai,Johannesburg,Air,10,In Transit,2025-12-09,SKU118,147,2025-12-19
SHP002771,Shenzhen,Chicago,Road,8,Delayed,2025-04-22,SKU109,183,2025-04-30
SHP002772,Noida,Chicago,Road,2,Delayed,2025-05-24,SKU125,125,2025-05-26
SHP002773,Bangkok,Singapore,Air,12,In Transit,2025-10-28,SKU103,151,2025-11-09
SHP002774,Ho Chi Minh City,Sao Paulo,Sea,25,Delivered,2025-05-21,SKU105,188,2025-06-15
SHP002775,Chennai,Johannesburg,Air,3,In Transit,2025-02-03,SKU126,141,2025-02-06
SHP002776,Shenzhen,Sao Paulo,Road,5,Delivered,2025-05-28,SKU129,141,2025-06-02
SHP002777,Zhengzhou,Dubai,Road,21,In Transit,2025-10-11,SKU124,202,2025-11-01
SHP002778,Shenzhen,Chicago,Road,6,Delayed,2025-09-26,SKU122,155,2025-10-02
SHP002779,Zhengzhou,Dubai,Air,4,Delivered,2025-02-25,SKU109,121,2025-03-01
SHP002780,Bangkok,Singapore,Road,23,Delayed,2025-08-05,SKU112,172,2025-08-28
SHP002781,Zhengzhou,Sao Paulo,Road,15,Delivered,2025-11-06,SKU107,146,2025-11-21
SHP002782,Bangkok,Rotterdam,Air,5,In Transit,2025-10-16,SKU122,231,2025-10-21
SHP002783,Shenzhen,Rotterdam,Air,14,Delayed,2025-07-22,SKU118,204,2025-08-05
SHP002784,Chennai,Mumbai,Sea,13,Delivered,2025-04-07,SKU102,210,2025-04-20
SHP002785,Bangkok,Chicago,Sea,22,Delivered,2025-04-12,SKU102,149,2025-05-04
SHP002786,Noida,Mumbai,Sea,21,In Transit,2025-04-20,SKU104,140,2025-05-11
SHP002787,Noida,Johannesburg,Road,25,Delivered,2025-06-12,SKU119,157,2025-07-07
SHP002788,Ho Chi Minh City,Sao Paulo,Road,24,In Transit,2025-02-25,SKU100,137,2025-03-21
SHP002789,Zhengzhou,Dubai,Road,12,Delivered,2025-12-02,SKU107,122,2025-12-14
SHP002790,Shenzhen,Sydney,Sea,20,Delayed,2025-12-31,SKU112,187,2026-01-20
SHP002791,Bangkok,Chicago,Road,15,In Transit,2025-09-24,SKU102,148,2025-10-09
SHP002792,Zhengzhou,Chicago,Road,3,Delivered,2025-04-15,SKU128,195,2025-04-18
SHP002793,Bangkok,Mumbai,Road,10,Delayed,2025-08-02,SKU110,94,2025-08-12
SHP002794,Noida,Rotterdam,Road,20,Delayed,2025-02-22,SKU104,120,2025-03-14
SHP002795,Bangkok,Sydney,Air,5,Delivered,2025-06-28,SKU128,101,2025-07-03
SHP002796,Ho Chi Minh City,Mumbai,Road,13,Delayed,2025-01-15,SKU101,137,2025-01-28
SHP002797,Shenzhen,Johannesburg,Road,2,Delayed,2025-12-14,SKU118,142,2025-12-16
SHP002798,Bangkok,Dubai,Road,20,In Transit,2025-03-29,SKU119,161,2025-04-18
SHP002799,Noida,Singapore,Air,20,Delivered,2025-01-03,SKU127,113,2025-01-23
SHP002800,Shenzhen,Dubai,Road,4,Delayed,2025-12-24,SKU110,141,2025-12-28
SHP002801,Shenzhen,Johannesburg,Road,6,In Transit,2025-02-25,SKU100,222,2025-03-03
SHP002802,Ho Chi Minh City,Chicago,Air,18,Delivered,2025-07-04,SKU117,131,2025-07-22
SHP002803,Shenzhen,Singapore,Sea,23,Delivered,2025-10-28,SKU111,187,2025-11-20
SHP002804,Ho Chi Minh City,Johannesburg,Air,17,Delayed,2025-11-10,SKU101,124,2025-11-27
SHP002805,Zhengzhou,Chicago,Road,22,In Transit,2025-01-18,SKU110,99,2025-02-09
SHP002806,Chennai,Dubai,Sea,3,In Transit,2025-06-18,SKU110,173,2025-06-21
SHP002807,Noida,Sao Paulo,Air,20,In Transit,2025-03-09,SKU117,201,2025-03-29
SHP002808,Ho Chi Minh City,Chicago,Road,24,Delivered,2025-03-29,SKU128,218,2025-04-22
SHP002809,Zhengzhou,Singapore,Air,7,Delayed,2025-07-24,SKU100,208,2025-07-31
SHP002810,Ho Chi Minh City,Sydney,Air,19,Delivered,2025-04-07,SKU104,174,2025-04-26
SHP002811,Zhengzhou,Johannesburg,Air,24,Delayed,2025-02-12,SKU123,220,2025-03-08
SHP002812,Noida,Johannesburg,Sea,25,Delivered,2025-09-03,SKU110,143,2025-09-28
SHP002813,Shenzhen,Dubai,Road,12,Delivered,2025-11-12,SKU127,117,2025-11-24
SHP002814,Zhengzhou,Sao Paulo,Sea,13,Delivered,2025-03-30,SKU120,204,2025-04-12
SHP002815,Noida,Chicago,Air,15,Delayed,2025-05-18,SKU104,204,2025-06-02
SHP002816,Bangkok,Dubai,Air,9,In Transit,2025-02-10,SKU120,138,2025-02-19
SHP002817,Ho Chi Minh City,Chicago,Road,11,In Transit,2025-05-24,SKU108,120,2025-06-04
SHP002818,Chennai,Chicago,Road,4,In Transit,2025-06-18,SKU107,104,2025-06-22
SHP002819,Noida,Sydney,Sea,14,Delivered,2025-11-04,SKU111,117,2025-11-18
SHP002820,Zhengzhou,Sydney,Air,14,In Transit,2025-03-15,SKU103,125,2025-03-29
SHP002821,Zhengzhou,Chicago,Sea,18,In Transit,2025-06-06,SKU129,145,2025-06-24
SHP002822,Ho Chi Minh City,Sydney,Air,10,Delayed,2025-01-08,SKU124,190,2025-01-18
SHP002823,Noida,Johannesburg,Sea,20,Delivered,2025-12-18,SKU121,177,2026-01-07
SHP002824,Zhengzhou,Singapore,Road,6,In Transit,2025-09-23,SKU118,177,2025-09-29
SHP002825,Noida,Sydney,Air,18,In Transit,2025-10-14,SKU111,163,2025-11-01
SHP002826,Bangkok,Sydney,Sea,20,Delayed,2025-03-17,SKU110,187,2025-04-06
SHP002827,Bangkok,Sydney,Sea,5,Delivered,2025-02-15,SKU118,116,2025-02-20
SHP002828,Chennai,Sao Paulo,Sea,22,Delivered,2025-05-31,SKU129,154,2025-06-22
SHP002829,Chennai,Dubai,Air,18,Delivered,2025-03-12,SKU111,186,2025-03-30
SHP002830,Noida,Dubai,Sea,8,In Transit,2025-03-07,SKU107,114,2025-03-15
SHP002831,Shenzhen,Singapore,Sea,7,In Transit,2025-07-04,SKU118,197,2025-07-11
SHP002832,Noida,Dubai,Sea,15,Delivered,2025-12-13,SKU117,182,2025-12-28
SHP002833,Chennai,Chicago,Air,6,Delivered,2025-01-03,SKU122,129,2025-01-09
SHP002834,Ho Chi Minh City,Rotterdam,Road,23,In Transit,2025-08-03,SKU106,180,2025-08-26
SHP002835,Bangkok,Rotterdam,Sea,10,Delayed,2025-06-09,SKU100,98,2025-06-19
SHP002836,Chennai,Sao Paulo,Sea,3,Delivered,2025-11-10,SKU121,110,2025-11-13
SHP002837,Shenzhen,Dubai,Road,12,Delivered,2025-02-23,SKU102,227,2025-03-07
SHP002838,Chennai,Johannesburg,Air,2,In Transit,2025-02-01,SKU106,195,2025-02-03
SHP002839,Ho Chi Minh City,Mumbai,Road,21,In Transit,2025-06-22,SKU107,174,2025-07-13
SHP002840,Chennai,Johannesburg,Road,5,Delayed,2025-10-14,SKU107,182,2025-10-19
SHP002841,Zhengzhou,Sao Paulo,Road,25,Delivered,2025-05-14,SKU114,169,2025-06-08
SHP002842,Chennai,Dubai,Sea,21,In Transit,2025-03-23,SKU108,160,2025-04-13
SHP002843,Shenzhen,Rotterdam,Air,11,Delayed,2025-02-06,SKU126,200,2025-02-17
SHP002844,Ho Chi Minh City,Sydney,Sea,14,Delivered,2025-08-11,SKU119,122,2025-08-25
SHP002845,Chennai,Sydney,Air,8,In Transit,2025-02-12,SKU112,96,2025-02-20
SHP002846,Bangkok,Johannesburg,Sea,15,Delayed,2025-03-21,SKU119,149,2025-04-05
SHP002847,Bangkok,Chicago,Sea,24,Delayed,2025-11-06,SKU127,125,2025-11-30
SHP002848,Ho Chi Minh City,Singapore,Sea,24,Delayed,2025-02-09,SKU108,154,2025-03-05
SHP002849,Ho Chi Minh City,Rotterdam,Air,16,Delivered,2025-07-01,SKU106,104,2025-07-17
SHP002850,Ho Chi Minh City,Sao Paulo,Air,5,In Transit,2025-09-27,SKU107,192,2025-10-02
SHP002851,Shenzhen,Chicago,Sea,8,Delivered,2025-07-30,SKU108,196,2025-08-07
SHP002852,Noida,Dubai,Air,6,Delivered,2025-11-21,SKU112,114,2025-11-27
SHP002853,Noida,Dubai,Sea,2,Delayed,2025-06-04,SKU105,207,2025-06-06
SHP002854,Chennai,Rotterdam,Sea,12,Delivered,2025-04-15,SKU107,119,2025-04-27
SHP002855,Chennai,Sydney,Road,2,Delivered,2025-01-01,SKU100,172,2025-01-03
SHP002856,Chennai,Sydney,Air,25,Delayed,2025-03-02,SKU126,126,2025-03-27
SHP002857,Bangkok,Johannesburg,Air,7,Delayed,2025-03-27,SKU118,102,2025-04-03
SHP002858,Noida,Johannesburg,Air,9,In Transit,2025-03-28,SKU105,181,2025-04-06
SHP002859,Shenzhen,Rotterdam,Air,3,Delayed,2025-10-20,SKU107,120,2025-10-23
SHP002860,Zhengzhou,Sao Paulo,Sea,6,Delayed,2025-03-30,SKU111,188,2025-04-05
SHP002861,Zhengzhou,Mumbai,Air,14,Delivered,2025-08-24,SKU126,158,2025-09-07
SHP002862,Noida,Sao Paulo,Sea,16,Delayed,2025-02-02,SKU121,170,2025-02-18
SHP002863,Shenzhen,Sao Paulo,Sea,8,Delayed,2025-09-27,SKU108,213,2025-10-05
SHP002864,Ho Chi Minh City,Chicago,Sea,15,In Transit,2025-07-06,SKU114,172,2025-07-21
SHP002865,Bangkok,Sydney,Road,18,Delivered,2025-04-02,SKU126,195,2025-04-20
SHP002866,Ho Chi Minh City,Johannesburg,Air,18,Delivered,2025-09-02,SKU128,161,2025-09-20
SHP002867,Bangkok,Johannesburg,Road,4,Delayed,2025-05-28,SKU121,119,2025-06-01
SHP002868,Chennai,Singapore,Road,17,Delayed,2025-09-27,SKU129,164,2025-10-14
SHP002869,Zhengzhou,Rotterdam,Road,25,Delivered,2025-05-12,SKU106,148,2025-06-06
SHP002870,Zhengzhou,Johannesburg,Air,6,Delivered,2025-08-17,SKU108,211,2025-08-23
SHP002871,Ho Chi Minh City,Dubai,Sea,6,In Transit,2025-11-05,SKU124,141,2025-11-11
SHP002872,Zhengzhou,Mumbai,Sea,11,In Transit,2025-02-03,SKU103,108,2025-02-14
SHP002873,Zhengzhou,Rotterdam,Sea,2,In Transit,2025-03-24,SKU122,155,2025-03-26
SHP002874,Noida,Sao Paulo,Air,6,In Transit,2025-03-09,SKU129,110,2025-03-15
SHP002875,Zhengzhou,Dubai,Sea,19,Delivered,2025-05-12,SKU117,191,2025-05-31
SHP002876,Noida,Sao Paulo,Road,18,In Transit,2025-07-06,SKU107,147,2025-07-24
SHP002877,Zhengzhou,Johannesburg,Air,18,Delayed,2025-12-20,SKU118,117,2026-01-07
SHP002878,Noida,Mumbai,Air,25,Delivered,2025-07-11,SKU123,168,2025-08-05
SHP002879,Shenzhen,Chicago,Sea,3,In Transit,2025-12-17,SKU117,166,2025-12-20
SHP002880,Shenzhen,Sao Paulo,Air,19,Delivered,2025-08-08,SKU116,235,2025-08-27
SHP002881,Noida,Dubai,Road,24,Delayed,2025-08-01,SKU102,175,2025-08-25
SHP002882,Ho Chi Minh City,Rotterdam,Sea,10,Delayed,2025-08-19,SKU108,124,2025-08-29
SHP002883,Bangkok,Dubai,Sea,25,In Transit,2025-06-10,SKU103,163,2025-07-05
SHP002884,Bangkok,Chicago,Road,11,In Transit,2025-07-21,SKU127,130,2025-08-01
SHP002885,Noida,Sydney,Air,15,Delivered,2025-03-29,SKU111,127,2025-04-13
SHP002886,Noida,Mumbai,Road,2,Delayed,2025-12-17,SKU115,100,2025-12-19
SHP002887,Shenzhen,Dubai,Road,12,Delayed,2025-08-16,SKU114,132,2025-08-28
SHP002888,Chennai,Mumbai,Sea,15,Delivered,2025-06-29,SKU110,161,2025-07-14
SHP002889,Shenzhen,Rotterdam,Road,18,Delivered,2025-12-24,SKU121,101,2026-01-11
SHP002890,Ho Chi Minh City,Sao Paulo,Road,3,In Transit,2025-06-04,SKU110,114,2025-06-07
SHP002891,Shenzhen,Sao Paulo,Road,13,Delayed,2025-07-30,SKU109,161,2025-08-12
SHP002892,Ho Chi Minh City,Mumbai,Road,14,In Transit,2025-06-24,SKU113,221,2025-07-08
SHP002893,Zhengzhou,Chicago,Sea,6,Delayed,2025-07-23,SKU106,196,2025-07-29
SHP002894,Zhengzhou,Sao Paulo,Air,12,In Transit,2025-10-14,SKU119,198,2025-10-26
SHP002895,Bangkok,Rotterdam,Sea,18,Delivered,2025-08-30,SKU101,121,2025-09-17
SHP002896,Noida,Singapore,Sea,22,Delayed,2025-04-18,SKU108,144,2025-05-10
SHP002897,Zhengzhou,Mumbai,Air,15,Delayed,2025-12-02,SKU122,180,2025-12-17
SHP002898,Bangkok,Singapore,Air,22,Delayed,2025-12-19,SKU116,151,2026-01-10
SHP002899,Shenzhen,Rotterdam,Sea,12,Delivered,2025-10-25,SKU123,136,2025-11-06
SHP002900,Noida,Sao Paulo,Air,12,In Transit,2025-08-28,SKU116,175,2025-09-09
SHP002901,Zhengzhou,Johannesburg,Air,23,Delivered,2025-11-12,SKU110,94,2025-12-05
SHP002902,Zhengzhou,Sydney,Air,21,Delivered,2025-09-15,SKU123,120,2025-10-06
SHP002903,Shenzhen,Singapore,Road,10,Delayed,2025-01-01,SKU105,195,2025-01-11
SHP002904,Chennai,Sao Paulo,Road,22,Delayed,2025-08-12,SKU110,128,2025-09-03
SHP002905,Ho Chi Minh City,Rotterdam,Sea,18,Delivered,2025-12-02,SKU129,130,2025-12-20
SHP002906,Bangkok,Johannesburg,Air,3,In Transit,2025-01-02,SKU104,197,2025-01-05
SHP002907,Bangkok,Singapore,Road,22,Delayed,2025-08-13,SKU100,144,2025-09-04
SHP002908,Zhengzhou,Chicago,Air,14,Delivered,2025-10-19,SKU110,134,2025-11-02
SHP002909,Shenzhen,Sydney,Sea,10,In Transit,2025-01-23,SKU123,228,2025-02-02
SHP002910,Chennai,Dubai,Sea,7,Delivered,2025-01-06,SKU100,213,2025-01-13
SHP002911,Noida,Mumbai,Sea,12,Delivered,2025-08-04,SKU126,117,2025-08-16
SHP002912,Bangkok,Sao Paulo,Sea,12,Delayed,2025-10-16,SKU112,189,2025-10-28
SHP002913,Chennai,Sao Paulo,Air,15,Delayed,2025-04-13,SKU120,196,2025-04-28
SHP002914,Noida,Singapore,Sea,7,In Transit,2025-06-26,SKU128,158,2025-07-03
SHP002915,Shenzhen,Singapore,Air,22,Delivered,2025-10-11,SKU119,206,2025-11-02
SHP002916,Chennai,Rotterdam,Air,24,In Transit,2025-01-10,SKU125,184,2025-02-03
SHP002917,Zhengzhou,Chicago,Sea,18,Delayed,2025-05-05,SKU122,125,2025-05-23
SHP002918,Zhengzhou,Sao Paulo,Air,25,In Transit,2025-05-31,SKU101,226,2025-06-25
SHP002919,Chennai,Chicago,Air,22,Delayed,2025-03-12,SKU104,108,2025-04-03
SHP002920,Noida,Singapore,Sea,10,In Transit,2025-02-22,SKU103,153,2025-03-04
SHP002921,Ho Chi Minh City,Rotterdam,Sea,14,Delayed,2025-04-25,SKU105,100,2025-05-09
SHP002922,Ho Chi Minh City,Mumbai,Sea,3,In Transit,2025-11-07,SKU110,229,2025-11-10
SHP002923,Zhengzhou,Sao Paulo,Road,21,Delivered,2025-12-25,SKU116,181,2026-01-15
SHP002924,Ho Chi Minh City,Singapore,Sea,3,Delayed,2025-10-27,SKU121,175,2025-10-30
SHP002925,Ho Chi Minh City,Dubai,Air,17,Delivered,2025-01-18,SKU128,199,2025-02-04
SHP002926,Zhengzhou,Sydney,Sea,3,In Transit,2025-09-04,SKU129,137,2025-09-07
SHP002927,Noida,Mumbai,Sea,24,Delivered,2025-11-26,SKU108,158,2025-12-20
SHP002928,Ho Chi Minh City,Chicago,Road,18,Delayed,2025-09-29,SKU104,99,2025-10-17
SHP002929,Chennai,Sao Paulo,Air,8,Delayed,2025-03-31,SKU105,118,2025-04-08
SHP002930,Zhengzhou,Rotterdam,Road,18,Delivered,2025-06-24,SKU129,220,2025-07-12
SHP002931,Noida,Sao Paulo,Road,3,Delayed,2025-02-18,SKU129,136,2025-02-21
SHP002932,Shenzhen,Chicago,Sea,17,In Transit,2025-07-07,SKU120,211,2025-07-24
SHP002933,Noida,Sao Paulo,Sea,21,In Transit,2025-04-24,SKU108,181,2025-05-15
SHP002934,Bangkok,Sydney,Air,12,Delayed,2025-08-21,SKU108,110,2025-09-02
SHP002935,Bangkok,Mumbai,Road,23,Delivered,2025-03-18,SKU114,202,2025-04-10
SHP002936,Zhengzhou,Sydney,Sea,12,In Transit,2025-12-23,SKU108,192,2026-01-04
SHP002937,Ho Chi Minh City,Chicago,Sea,21,Delayed,2025-01-12,SKU106,161,2025-02-02
SHP002938,Chennai,Johannesburg,Road,17,In Transit,2025-08-14,SKU124,161,2025-08-31
SHP002939,Zhengzhou,Johannesburg,Air,23,Delayed,2025-10-29,SKU113,140,2025-11-21
SHP002940,Zhengzhou,Johannesburg,Air,9,Delivered,2025-03-21,SKU102,145,2025-03-30
SHP002941,Noida,Singapore,Sea,6,Delayed,2025-04-05,SKU121,103,2025-04-11
SHP002942,Chennai,Rotterdam,Road,16,Delivered,2025-06-07,SKU118,121,2025-06-23
SHP002943,Shenzhen,Chicago,Sea,22,Delayed,2025-01-18,SKU114,147,2025-02-09
SHP002944,Bangkok,Sydney,Sea,24,In Transit,2025-04-26,SKU117,132,2025-05-20
SHP002945,Shenzhen,Rotterdam,Sea,17,Delivered,2025-02-18,SKU120,196,2025-03-07
SHP002946,Chennai,Mumbai,Air,17,In Transit,2025-08-16,SKU101,226,2025-09-02
SHP002947,Zhengzhou,Chicago,Air,23,Delayed,2025-04-17,SKU125,138,2025-05-10
SHP002948,Shenzhen,Johannesburg,Sea,21,Delivered,2025-02-16,SKU102,208,2025-03-09
SHP002949,Shenzhen,Sao Paulo,Road,9,In Transit,2025-04-25,SKU125,190,2025-05-04
SHP002950,Zhengzhou,Sao Paulo,Air,3,Delivered,2025-10-27,SKU116,223,2025-10-30
SHP002951,Noida,Dubai,Road,7,Delivered,2025-01-25,SKU108,121,2025-02-01
SHP002952,Shenzhen,Singapore,Road,15,Delivered,2025-02-08,SKU101,155,2025-02-23
SHP002953,Zhengzhou,Singapore,Road,19,Delayed,2025-11-01,SKU111,168,2025-11-20
SHP002954,Bangkok,Chicago,Air,14,Delayed,2025-06-03,SKU101,187,2025-06-17
SHP002955,Chennai,Chicago,Air,24,Delayed,2025-05-06,SKU118,120,2025-05-30
SHP002956,Zhengzhou,Sao Paulo,Road,13,In Transit,2025-12-10,SKU103,214,2025-12-23
SHP002957,Zhengzhou,Singapore,Road,6,In Transit,2025-02-27,SKU128,141,2025-03-05
SHP002958,Ho Chi Minh City,Dubai,Road,24,In Transit,2025-10-28,SKU106,140,2025-11-21
SHP002959,Chennai,Mumbai,Sea,6,Delivered,2025-07-28,SKU109,165,2025-08-03
SHP002960,Chennai,Sydney,Air,8,Delivered,2025-04-07,SKU111,127,2025-04-15
SHP002961,Noida,Sao Paulo,Sea,12,Delivered,2025-05-12,SKU111,162,2025-05-24
SHP002962,Bangkok,Dubai,Road,24,Delayed,2025-04-13,SKU103,158,2025-05-07
SHP002963,Ho Chi Minh City,Mumbai,Sea,22,Delayed,2025-07-11,SKU100,195,2025-08-02
SHP002964,Noida,Singapore,Sea,17,Delayed,2025-06-28,SKU106,140,2025-07-15
SHP002965,Noida,Sao Paulo,Air,20,Delivered,2025-05-25,SKU125,149,2025-06-14
SHP002966,Ho Chi Minh City,Sao Paulo,Sea,6,In Transit,2025-08-20,SKU117,102,2025-08-26
SHP002967,Ho Chi Minh City,Rotterdam,Sea,8,Delayed,2025-04-03,SKU119,159,2025-04-11
SHP002968,Bangkok,Singapore,Sea,8,Delayed,2025-07-13,SKU116,224,2025-07-21
SHP002969,Zhengzhou,Singapore,Sea,13,Delayed,2025-04-01,SKU115,217,2025-04-14
SHP002970,Chennai,Sao Paulo,Sea,4,Delivered,2025-03-15,SKU123,172,2025-03-19
SHP002971,Shenzhen,Chicago,Air,15,In Transit,2025-08-05,SKU104,170,2025-08-20
SHP002972,Shenzhen,Dubai,Road,12,Delayed,2025-07-29,SKU117,189,2025-08-10
SHP002973,Chennai,Johannesburg,Air,4,In Transit,2025-04-25,SKU124,114,2025-04-29
SHP002974,Bangkok,Sydney,Air,6,Delayed,2025-06-15,SKU110,134,2025-06-21
SHP002975,Chennai,Chicago,Air,14,In Transit,2025-07-10,SKU112,141,2025-07-24
SHP002976,Noida,Rotterdam,Road,2,In Transit,2025-12-30,SKU126,194,2026-01-01
SHP002977,Ho Chi Minh City,Mumbai,Sea,23,Delivered,2025-08-06,SKU117,202,2025-08-29
SHP002978,Bangkok,Dubai,Air,19,In Transit,2025-12-25,SKU121,112,2026-01-13
SHP002979,Ho Chi Minh City,Rotterdam,Road,10,Delivered,2025-10-05,SKU102,171,2025-10-15
SHP002980,Bangkok,Singapore,Air,7,Delayed,2025-03-31,SKU119,95,2025-04-07
SHP002981,Shenzhen,Rotterdam,Sea,25,Delivered,2025-09-19,SKU122,128,2025-10-14
SHP002982,Zhengzhou,Mumbai,Sea,7,Delayed,2025-05-15,SKU108,103,2025-05-22
SHP002983,Noida,Mumbai,Road,21,Delayed,2025-07-17,SKU109,189,2025-08-07
SHP002984,Bangkok,Singapore,Air,8,Delivered,2025-06-23,SKU125,193,2025-07-01
SHP002985,Chennai,Sydney,Sea,17,Delivered,2025-06-19,SKU128,132,2025-07-06
SHP002986,Bangkok,Sydney,Sea,2,In Transit,2025-05-02,SKU120,148,2025-05-04
SHP002987,Chennai,Sydney,Road,24,Delayed,2025-11-03,SKU112,196,2025-11-27
SHP002988,Noida,Mumbai,Air,5,Delivered,2025-11-21,SKU124,130,2025-11-26
SHP002989,Noida,Mumbai,Sea,7,Delayed,2025-03-25,SKU111,217,2025-04-01
SHP002990,Bangkok,Chicago,Sea,14,Delivered,2025-05-23,SKU112,193,2025-06-06
SHP002991,Ho Chi Minh City,Sydney,Road,22,In Transit,2025-12-19,SKU101,161,2026-01-10
SHP002992,Noida,Singapore,Air,22,In Transit,2025-06-06,SKU103,170,2025-06-28
SHP002993,Shenzhen,Chicago,Road,4,Delayed,2025-07-30,SKU102,203,2025-08-03
SHP002994,Noida,Sydney,Road,18,Delayed,2025-03-26,SKU122,129,2025-04-13
SHP002995,Shenzhen,Sydney,Air,18,In Transit,2025-02-22,SKU127,214,2025-03-12
SHP002996,Chennai,Johannesburg,Road,14,Delivered,2025-07-23,SKU123,98,2025-08-06
SHP002997,Shenzhen,Johannesburg,Road,4,In Transit,2025-10-08,SKU129,149,2025-10-12
SHP002998,Shenzhen,Sao Paulo,Sea,20,Delayed,2025-12-21,SKU118,202,2026-01-10
SHP002999,Zhengzhou,Chicago,Road,18,Delivered,2025-12-16,SKU110,213,2026-01-03
SHP003000,Ho Chi Minh City,Chicago,Sea,23,In Transit,2025-10-30,SKU106,103,2025-11-22
SHP003001,Bangkok,Johannesburg,Air,24,In Transit,2025-04-16,SKU120,114,2025-05-10
SHP003002,Zhengzhou,Mumbai,Road,4,Delivered,2025-06-18,SKU107,222,2025-06-22
SHP003003,Ho Chi Minh City,Mumbai,Air,10,Delivered,2025-01-29,SKU108,117,2025-02-08
SHP003004,Ho Chi Minh City,Johannesburg,Sea,21,Delivered,2025-10-28,SKU123,192,2025-11-18
SHP003005,Noida,Mumbai,Road,22,In Transit,2025-09-10,SKU118,232,2025-10-02
SHP003006,Ho Chi Minh City,Chicago,Air,20,Delivered,2025-03-18,SKU104,179,2025-04-07
SHP003007,Zhengzhou,Sao Paulo,Sea,13,In Transit,2025-11-30,SKU118,161,2025-12-13
SHP003008,Bangkok,Rotterdam,Road,22,In Transit,2025-11-01,SKU108,138,2025-11-23
SHP003009,Zhengzhou,Dubai,Sea,11,In Transit,2025-05-02,SKU127,229,2025-05-13
SHP003010,Zhengzhou,Rotterdam,Road,21,Delayed,2025-08-24,SKU125,218,2025-09-14
SHP003011,Ho Chi Minh City,Johannesburg,Road,5,In Transit,2025-01-09,SKU101,214,2025-01-14
SHP003012,Noida,Singapore,Sea,8,In Transit,2025-03-13,SKU108,207,2025-03-21
SHP003013,Zhengzhou,Johannesburg,Road,19,Delayed,2025-03-17,SKU113,224,2025-04-05
SHP003014,Noida,Dubai,Air,6,Delivered,2025-08-11,SKU108,229,2025-08-17
SHP003015,Noida,Mumbai,Road,21,Delivered,2025-10-03,SKU129,114,2025-10-24
SHP003016,Ho Chi Minh City,Sao Paulo,Sea,15,Delivered,2025-01-24,SKU111,194,2025-02-08
SHP003017,Shenzhen,Mumbai,Sea,5,Delayed,2025-11-17,SKU114,181,2025-11-22
SHP003018,Shenzhen,Singapore,Sea,19,In Transit,2025-05-13,SKU122,180,2025-06-01
SHP003019,Chennai,Sao Paulo,Sea,16,Delivered,2025-02-25,SKU115,223,2025-03-13
SHP003020,Noida,Sydney,Sea,18,Delayed,2025-10-10,SKU125,117,2025-10-28
SHP003021,Noida,Johannesburg,Air,18,In Transit,2025-09-21,SKU124,164,2025-10-09
SHP003022,Chennai,Chicago,Air,19,Delivered,2025-07-27,SKU127,189,2025-08-15
SHP003023,Zhengzhou,Dubai,Road,15,Delayed,2025-11-05,SKU124,142,2025-11-20
SHP003024,Noida,Chicago,Road,21,Delayed,2025-09-03,SKU104,192,2025-09-24
SHP003025,Shenzhen,Rotterdam,Road,14,Delivered,2025-09-21,SKU109,170,2025-10-05
SHP003026,Chennai,Johannesburg,Air,17,Delivered,2025-02-10,SKU127,125,2025-02-27
SHP003027,Shenzhen,Dubai,Sea,2,In Transit,2025-10-22,SKU114,199,2025-10-24
SHP003028,Ho Chi Minh City,Singapore,Road,17,Delivered,2025-01-15,SKU112,163,2025-02-01
SHP003029,Bangkok,Mumbai,Air,16,Delayed,2025-12-26,SKU108,98,2026-01-11
SHP003030,Chennai,Mumbai,Road,4,In Transit,2025-02-01,SKU102,189,2025-02-05
SHP003031,Noida,Sao Paulo,Air,2,Delivered,2025-12-07,SKU122,116,2025-12-09
SHP003032,Chennai,Johannesburg,Road,19,In Transit,2025-01-15,SKU128,101,2025-02-03
SHP003033,Ho Chi Minh City,Chicago,Air,22,In Transit,2025-06-13,SKU113,206,2025-07-05
SHP003034,Chennai,Dubai,Road,8,In Transit,2025-03-03,SKU125,215,2025-03-11
SHP003035,Bangkok,Dubai,Air,17,In Transit,2025-11-13,SKU123,221,2025-11-30
SHP003036,Noida,Rotterdam,Road,9,Delayed,2025-03-02,SKU106,203,2025-03-11
SHP003037,Chennai,Sao Paulo,Road,24,Delivered,2025-06-04,SKU124,166,2025-06-28
SHP003038,Zhengzhou,Singapore,Road,17,In Transit,2025-01-23,SKU112,160,2025-02-09
SHP003039,Ho Chi Minh City,Johannesburg,Air,21,Delivered,2025-01-13,SKU124,110,2025-02-03
SHP003040,Zhengzhou,Dubai,Sea,5,In Transit,2025-11-29,SKU107,216,2025-12-04
SHP003041,Shenzhen,Sydney,Air,21,Delayed,2025-04-21,SKU127,151,2025-05-12
SHP003042,Noida,Singapore,Air,17,In Transit,2025-09-16,SKU129,159,2025-10-03
SHP003043,Ho Chi Minh City,Singapore,Air,21,Delayed,2025-12-13,SKU103,152,2026-01-03
SHP003044,Zhengzhou,Rotterdam,Air,10,Delivered,2025-03-14,SKU129,201,2025-03-24
SHP003045,Noida,Dubai,Sea,11,Delivered,2025-01-07,SKU101,154,2025-01-18
SHP003046,Bangkok,Singapore,Air,16,Delivered,2025-05-03,SKU113,169,2025-05-19
SHP003047,Noida,Rotterdam,Air,15,Delayed,2025-07-07,SKU110,167,2025-07-22
SHP003048,Noida,Johannesburg,Road,18,In Transit,2025-01-04,SKU113,192,2025-01-22
SHP003049,Shenzhen,Sydney,Sea,19,Delayed,2025-02-12,SKU128,105,2025-03-03
SHP003050,Chennai,Sydney,Road,7,Delivered,2025-10-11,SKU106,136,2025-10-18
SHP003051,Chennai,Singapore,Sea,7,Delivered,2025-07-28,SKU124,144,2025-08-04
SHP003052,Chennai,Rotterdam,Sea,25,Delayed,2025-11-16,SKU125,102,2025-12-11
SHP003053,Noida,Singapore,Air,10,In Transit,2025-08-19,SKU124,103,2025-08-29
SHP003054,Chennai,Dubai,Air,16,Delivered,2025-07-06,SKU108,211,2025-07-22
SHP003055,Zhengzhou,Singapore,Sea,8,Delayed,2025-03-29,SKU108,147,2025-04-06
SHP003056,Zhengzhou,Sao Paulo,Air,16,Delayed,2025-04-13,SKU109,212,2025-04-29
SHP003057,Shenzhen,Chicago,Sea,8,In Transit,2025-12-04,SKU127,201,2025-12-12
SHP003058,Noida,Singapore,Road,14,In Transit,2025-05-13,SKU123,237,2025-05-27
SHP003059,Bangkok,Mumbai,Road,11,In Transit,2025-01-09,SKU123,218,2025-01-20
SHP003060,Chennai,Sao Paulo,Air,20,Delivered,2025-05-10,SKU128,102,2025-05-30
SHP003061,Ho Chi Minh City,Singapore,Sea,19,In Transit,2025-06-21,SKU120,123,2025-07-10
SHP003062,Shenzhen,Johannesburg,Air,15,Delayed,2025-08-26,SKU107,178,2025-09-10
SHP003063,Chennai,Dubai,Air,18,In Transit,2025-05-07,SKU101,184,2025-05-25
SHP003064,Chennai,Sydney,Air,24,Delayed,2025-10-19,SKU104,156,2025-11-12
SHP003065,Noida,Sydney,Road,20,In Transit,2025-05-05,SKU111,152,2025-05-25
SHP003066,Shenzhen,Dubai,Sea,13,Delivered,2025-09-04,SKU107,200,2025-09-17
SHP003067,Bangkok,Singapore,Air,13,In Transit,2025-09-19,SKU124,145,2025-10-02
SHP003068,Bangkok,Johannesburg,Air,14,Delayed,2025-03-14,SKU125,166,2025-03-28
SHP003069,Zhengzhou,Mumbai,Road,2,In Transit,2025-04-04,SKU129,104,2025-04-06
SHP003070,Chennai,Singapore,Road,5,In Transit,2025-04-24,SKU116,226,2025-04-29
SHP003071,Bangkok,Rotterdam,Road,13,Delivered,2025-12-25,SKU127,180,2026-01-07
SHP003072,Noida,Mumbai,Air,18,Delayed,2025-01-15,SKU117,114,2025-02-02
SHP003073,Chennai,Dubai,Air,21,Delivered,2025-07-18,SKU117,116,2025-08-08
SHP003074,Noida,Sao Paulo,Sea,3,Delayed,2025-01-13,SKU125,210,2025-01-16
SHP003075,Noida,Chicago,Road,23,In Transit,2025-04-28,SKU100,242,2025-05-21
SHP003076,Bangkok,Singapore,Sea,2,Delayed,2025-08-11,SKU112,135,2025-08-13
SHP003077,Ho Chi Minh City,Rotterdam,Air,18,Delayed,2025-12-23,SKU109,108,2026-01-10
SHP003078,Shenzhen,Rotterdam,Air,9,In Transit,2025-01-04,SKU108,116,2025-01-13
SHP003079,Chennai,Rotterdam,Sea,12,Delivered,2025-01-13,SKU119,175,2025-01-25
SHP003080,Zhengzhou,Sao Paulo,Sea,15,Delayed,2025-11-12,SKU103,199,2025-11-27
SHP003081,Zhengzhou,Sao Paulo,Road,10,In Transit,2025-09-23,SKU122,122,2025-10-03
SHP003082,Zhengzhou,Singapore,Sea,13,Delayed,2025-09-10,SKU128,133,2025-09-23
SHP003083,Zhengzhou,Mumbai,Sea,7,Delivered,2025-12-24,SKU115,167,2025-12-31
SHP003084,Ho Chi Minh City,Chicago,Road,25,Delivered,2025-11-23,SKU109,192,2025-12-18
SHP003085,Ho Chi Minh City,Dubai,Sea,23,Delayed,2025-07-19,SKU127,172,2025-08-11
SHP003086,Bangkok,Singapore,Road,25,Delayed,2025-02-10,SKU109,214,2025-03-07
SHP003087,Zhengzhou,Mumbai,Sea,2,Delivered,2025-02-27,SKU100,156,2025-03-01
SHP003088,Chennai,Chicago,Road,19,In Transit,2025-09-28,SKU100,154,2025-10-17
SHP003089,Ho Chi Minh City,Singapore,Road,22,Delivered,2025-03-17,SKU107,160,2025-04-08
SHP003090,Bangkok,Singapore,Road,12,Delivered,2025-07-23,SKU117,228,2025-08-04
SHP003091,Shenzhen,Mumbai,Air,24,In Transit,2025-12-30,SKU112,90,2026-01-23
SHP003092,Shenzhen,Chicago,Air,24,Delayed,2025-12-15,SKU109,221,2026-01-08
SHP003093,Ho Chi Minh City,Singapore,Sea,5,Delivered,2025-06-13,SKU119,161,2025-06-18
SHP003094,Noida,Mumbai,Road,24,Delivered,2025-08-28,SKU124,205,2025-09-21
SHP003095,Zhengzhou,Rotterdam,Sea,18,Delayed,2025-01-09,SKU111,168,2025-01-27
SHP003096,Chennai,Johannesburg,Air,7,In Transit,2025-03-30,SKU128,188,2025-04-06
SHP003097,Bangkok,Singapore,Sea,24,Delivered,2025-09-21,SKU111,203,2025-10-15
SHP003098,Bangkok,Mumbai,Sea,2,Delayed,2025-11-24,SKU118,190,2025-11-26
SHP003099,Zhengzhou,Mumbai,Road,24,In Transit,2025-01-13,SKU103,168,2025-02-06
SHP003100,Chennai,Rotterdam,Sea,12,In Transit,2025-08-03,SKU101,107,2025-08-15
SHP003101,Bangkok,Dubai,Road,9,In Transit,2025-06-27,SKU120,119,2025-07-06
SHP003102,Chennai,Sao Paulo,Sea,4,In Transit,2025-10-05,SKU104,124,2025-10-09
SHP003103,Bangkok,Singapore,Air,21,In Transit,2025-12-14,SKU120,119,2026-01-04
SHP003104,Noida,Johannesburg,Air,10,Delayed,2025-09-20,SKU128,203,2025-09-30
SHP003105,Bangkok,Mumbai,Sea,6,Delivered,2025-11-14,SKU111,213,2025-11-20
SHP003106,Zhengzhou,Rotterdam,Air,12,Delayed,2025-05-11,SKU112,142,2025-05-23
SHP003107,Chennai,Chicago,Air,23,Delayed,2025-07-22,SKU100,121,2025-08-14
SHP003108,Noida,Sydney,Road,2,Delayed,2025-12-26,SKU100,191,2025-12-28
SHP003109,Ho Chi Minh City,Sao Paulo,Road,10,Delayed,2025-03-02,SKU108,161,2025-03-12
SHP003110,Chennai,Mumbai,Sea,7,Delayed,2025-03-15,SKU117,173,2025-03-22
SHP003111,Bangkok,Dubai,Sea,7,In Transit,2025-03-25,SKU104,96,2025-04-01
SHP003112,Zhengzhou,Rotterdam,Sea,5,Delivered,2025-08-10,SKU123,120,2025-08-15
SHP003113,Chennai,Johannesburg,Sea,16,Delayed,2025-01-25,SKU127,112,2025-02-10
SHP003114,Noida,Mumbai,Road,18,Delivered,2025-01-06,SKU101,223,2025-01-24
SHP003115,Shenzhen,Dubai,Air,19,Delivered,2025-12-16,SKU111,126,2026-01-04
SHP003116,Zhengzhou,Chicago,Sea,19,In Transit,2025-11-25,SKU113,206,2025-12-14
SHP003117,Zhengzhou,Rotterdam,Air,14,Delayed,2025-06-02,SKU113,156,2025-06-16
SHP003118,Noida,Mumbai,Air,23,Delivered,2025-11-16,SKU110,97,2025-12-09
SHP003119,Bangkok,Sao Paulo,Sea,21,In Transit,2025-11-14,SKU112,185,2025-12-05
SHP003120,Noida,Dubai,Sea,25,Delayed,2025-08-19,SKU102,192,2025-09-13
SHP003121,Shenzhen,Singapore,Sea,21,Delayed,2025-11-08,SKU118,217,2025-11-29
SHP003122,Chennai,Sao Paulo,Road,5,Delivered,2025-04-11,SKU120,162,2025-04-16
SHP003123,Shenzhen,Chicago,Air,25,Delivered,2025-06-22,SKU122,200,2025-07-17
SHP003124,Ho Chi Minh City,Sao Paulo,Air,22,Delivered,2025-09-02,SKU114,106,2025-09-24
SHP003125,Shenzhen,Chicago,Sea,2,Delayed,2025-07-12,SKU122,186,2025-07-14
SHP003126,Ho Chi Minh City,Johannesburg,Air,23,Delivered,2025-06-04,SKU123,191,2025-06-27
SHP003127,Noida,Mumbai,Road,17,Delayed,2025-01-30,SKU114,191,2025-02-16
SHP003128,Shenzhen,Dubai,Road,22,Delivered,2025-01-03,SKU124,111,2025-01-25
SHP003129,Noida,Dubai,Air,24,Delivered,2025-01-22,SKU122,101,2025-02-15
SHP003130,Shenzhen,Mumbai,Sea,23,Delivered,2025-10-05,SKU100,187,2025-10-28
SHP003131,Ho Chi Minh City,Dubai,Road,13,In Transit,2025-09-14,SKU126,160,2025-09-27
SHP003132,Zhengzhou,Chicago,Sea,6,Delayed,2025-03-12,SKU116,162,2025-03-18
SHP003133,Shenzhen,Chicago,Air,19,Delayed,2025-02-25,SKU101,202,2025-03-16
SHP003134,Zhengzhou,Johannesburg,Sea,11,Delayed,2025-12-11,SKU117,174,2025-12-22
SHP003135,Bangkok,Rotterdam,Road,8,In Transit,2025-04-21,SKU104,185,2025-04-29
SHP003136,Ho Chi Minh City,Johannesburg,Air,5,Delivered,2025-09-01,SKU125,200,2025-09-06
SHP003137,Ho Chi Minh City,Johannesburg,Air,9,Delayed,2025-06-11,SKU117,123,2025-06-20
SHP003138,Shenzhen,Mumbai,Air,9,In Transit,2025-10-01,SKU123,157,2025-10-10
SHP003139,Bangkok,Singapore,Road,7,Delayed,2025-09-08,SKU126,182,2025-09-15
SHP003140,Ho Chi Minh City,Rotterdam,Sea,14,Delayed,2025-03-09,SKU107,117,2025-03-23
SHP003141,Shenzhen,Chicago,Sea,8,Delivered,2025-06-25,SKU115,147,2025-07-03
SHP003142,Shenzhen,Dubai,Sea,8,In Transit,2025-04-26,SKU117,155,2025-05-04
SHP003143,Bangkok,Dubai,Sea,17,Delivered,2025-01-07,SKU110,205,2025-01-24
SHP003144,Noida,Rotterdam,Air,4,Delivered,2025-06-05,SKU117,182,2025-06-09
SHP003145,Noida,Chicago,Air,18,Delivered,2025-04-28,SKU106,160,2025-05-16
SHP003146,Shenzhen,Dubai,Air,2,Delivered,2025-03-25,SKU101,102,2025-03-27
SHP003147,Bangkok,Johannesburg,Sea,17,Delivered,2025-03-25,SKU104,135,2025-04-11
SHP003148,Noida,Mumbai,Sea,24,Delayed,2025-12-06,SKU119,191,2025-12-30
SHP003149,Chennai,Sydney,Sea,24,Delivered,2025-06-25,SKU125,121,2025-07-19
SHP003150,Zhengzhou,Singapore,Sea,6,Delivered,2025-01-20,SKU125,241,2025-01-26
SHP003151,Chennai,Dubai,Air,7,In Transit,2025-04-27,SKU100,202,2025-05-04
SHP003152,Zhengzhou,Sydney,Road,15,In Transit,2025-03-22,SKU108,188,2025-04-06
SHP003153,Shenzhen,Sao Paulo,Road,23,Delivered,2025-06-08,SKU107,206,2025-07-01
SHP003154,Chennai,Sydney,Road,19,Delivered,2025-06-15,SKU116,225,2025-07-04
SHP003155,Shenzhen,Rotterdam,Air,3,Delayed,2025-10-13,SKU119,232,2025-10-16
SHP003156,Bangkok,Dubai,Air,12,In Transit,2025-07-27,SKU100,138,2025-08-08
SHP003157,Bangkok,Johannesburg,Road,5,In Transit,2025-11-10,SKU119,103,2025-11-15
SHP003158,Noida,Dubai,Road,3,Delivered,2025-07-12,SKU120,92,2025-07-15
SHP003159,Ho Chi Minh City,Rotterdam,Sea,3,Delayed,2025-12-10,SKU119,193,2025-12-13
SHP003160,Noida,Dubai,Air,6,Delayed,2025-12-12,SKU128,197,2025-12-18
SHP003161,Shenzhen,Sao Paulo,Road,5,Delayed,2025-03-21,SKU125,228,2025-03-26
SHP003162,Noida,Rotterdam,Sea,12,In Transit,2025-07-14,SKU104,123,2025-07-26
SHP003163,Chennai,Sydney,Air,11,Delayed,2025-02-10,SKU114,161,2025-02-21
SHP003164,Noida,Rotterdam,Air,4,Delivered,2025-06-17,SKU121,152,2025-06-21
SHP003165,Noida,Sydney,Air,19,Delayed,2025-08-27,SKU127,223,2025-09-15
SHP003166,Zhengzhou,Chicago,Air,2,Delayed,2025-08-16,SKU124,107,2025-08-18
SHP003167,Chennai,Chicago,Sea,13,Delivered,2025-12-10,SKU115,148,2025-12-23
SHP003168,Ho Chi Minh City,Johannesburg,Sea,16,Delayed,2025-10-04,SKU120,190,2025-10-20
SHP003169,Chennai,Sydney,Air,6,Delivered,2025-04-30,SKU102,121,2025-05-06
SHP003170,Shenzhen,Mumbai,Sea,22,Delayed,2025-03-07,SKU127,168,2025-03-29
SHP003171,Noida,Dubai,Air,5,Delivered,2025-12-28,SKU115,172,2026-01-02
SHP003172,Ho Chi Minh City,Rotterdam,Road,8,Delayed,2025-06-10,SKU100,156,2025-06-18
SHP003173,Noida,Sydney,Sea,4,Delivered,2025-09-01,SKU111,154,2025-09-05
SHP003174,Noida,Sao Paulo,Air,22,Delivered,2025-03-10,SKU105,105,2025-04-01
SHP003175,Ho Chi Minh City,Singapore,Air,9,Delayed,2025-09-16,SKU112,193,2025-09-25
SHP003176,Chennai,Sao Paulo,Road,24,Delivered,2025-04-07,SKU121,104,2025-05-01
SHP003177,Zhengzhou,Chicago,Sea,23,Delayed,2025-12-12,SKU116,206,2026-01-04
SHP003178,Bangkok,Dubai,Air,2,In Transit,2025-01-22,SKU119,148,2025-01-24
SHP003179,Zhengzhou,Chicago,Air,14,Delayed,2025-01-19,SKU108,224,2025-02-02
SHP003180,Noida,Mumbai,Road,25,In Transit,2025-04-05,SKU126,178,2025-04-30
SHP003181,Shenzhen,Sao Paulo,Air,3,Delayed,2025-07-28,SKU114,183,2025-07-31
SHP003182,Shenzhen,Sao Paulo,Sea,23,In Transit,2025-01-10,SKU116,136,2025-02-02
SHP003183,Ho Chi Minh City,Dubai,Sea,8,In Transit,2025-11-03,SKU125,223,2025-11-11
SHP003184,Shenzhen,Sao Paulo,Sea,24,In Transit,2025-07-18,SKU124,179,2025-08-11
SHP003185,Ho Chi Minh City,Mumbai,Road,17,In Transit,2025-12-01,SKU114,213,2025-12-18
SHP003186,Chennai,Mumbai,Sea,10,In Transit,2025-05-25,SKU115,136,2025-06-04
SHP003187,Shenzhen,Sao Paulo,Air,23,Delayed,2025-02-28,SKU115,176,2025-03-23
SHP003188,Shenzhen,Johannesburg,Air,25,Delivered,2025-08-22,SKU115,208,2025-09-16
SHP003189,Ho Chi Minh City,Sao Paulo,Sea,8,In Transit,2025-04-05,SKU109,189,2025-04-13
SHP003190,Chennai,Rotterdam,Sea,21,Delayed,2025-08-04,SKU123,174,2025-08-25
SHP003191,Ho Chi Minh City,Chicago,Air,11,Delivered,2025-09-03,SKU126,202,2025-09-14
SHP003192,Noida,Sao Paulo,Road,11,In Transit,2025-03-18,SKU112,238,2025-03-29
SHP003193,Chennai,Dubai,Air,6,Delayed,2025-08-17,SKU115,172,2025-08-23
SHP003194,Noida,Singapore,Sea,21,Delivered,2025-06-20,SKU127,227,2025-07-11
SHP003195,Noida,Sao Paulo,Road,10,Delivered,2025-01-01,SKU125,192,2025-01-11
SHP003196,Shenzhen,Johannesburg,Sea,22,Delayed,2025-11-03,SKU127,199,2025-11-25
SHP003197,Ho Chi Minh City,Sydney,Air,5,Delivered,2025-08-09,SKU104,125,2025-08-14
SHP003198,Chennai,Dubai,Sea,3,Delayed,2025-11-09,SKU104,222,2025-11-12
SHP003199,Ho Chi Minh City,Dubai,Air,2,Delivered,2025-05-03,SKU106,193,2025-05-05
SHP003200,Noida,Singapore,Air,6,In Transit,2025-03-03,SKU111,117,2025-03-09
SHP003201,Bangkok,Chicago,Road,16,Delivered,2025-01-03,SKU110,119,2025-01-19
SHP003202,Zhengzhou,Mumbai,Road,15,Delivered,2025-06-14,SKU108,157,2025-06-29
SHP003203,Shenzhen,Rotterdam,Road,19,Delivered,2025-09-01,SKU123,225,2025-09-20
SHP003204,Ho Chi Minh City,Sao Paulo,Air,22,Delivered,2025-07-06,SKU120,138,2025-07-28
SHP003205,Ho Chi Minh City,Chicago,Road,18,In Transit,2025-09-19,SKU110,229,2025-10-07
SHP003206,Noida,Mumbai,Air,3,Delayed,2025-07-26,SKU117,139,2025-07-29
SHP003207,Ho Chi Minh City,Dubai,Air,4,Delayed,2025-09-30,SKU121,112,2025-10-04
SHP003208,Ho Chi Minh City,Johannesburg,Air,6,Delivered,2025-03-01,SKU104,149,2025-03-07
SHP003209,Ho Chi Minh City,Singapore,Air,6,Delivered,2025-05-05,SKU107,160,2025-05-11
SHP003210,Noida,Chicago,Air,17,Delivered,2025-06-03,SKU100,130,2025-06-20
SHP003211,Noida,Chicago,Air,2,In Transit,2025-10-01,SKU108,145,2025-10-03
SHP003212,Shenzhen,Sydney,Sea,14,In Transit,2025-02-23,SKU127,204,2025-03-09
SHP003213,Shenzhen,Rotterdam,Road,14,Delivered,2025-12-03,SKU106,220,2025-12-17
SHP003214,Shenzhen,Dubai,Sea,14,In Transit,2025-01-09,SKU115,102,2025-01-23
SHP003215,Chennai,Dubai,Road,17,In Transit,2025-05-10,SKU119,156,2025-05-27
SHP003216,Shenzhen,Sao Paulo,Air,15,Delayed,2025-04-11,SKU125,208,2025-04-26
SHP003217,Bangkok,Rotterdam,Air,10,Delayed,2025-05-07,SKU102,129,2025-05-17
SHP003218,Noida,Sao Paulo,Sea,25,Delayed,2025-02-17,SKU121,128,2025-03-14
SHP003219,Noida,Johannesburg,Sea,3,Delivered,2025-05-17,SKU120,110,2025-05-20
SHP003220,Chennai,Dubai,Road,13,In Transit,2025-12-18,SKU105,199,2025-12-31
SHP003221,Chennai,Dubai,Road,22,Delayed,2025-11-14,SKU126,163,2025-12-06
SHP003222,Shenzhen,Chicago,Sea,16,Delivered,2025-10-22,SKU103,174,2025-11-07
SHP003223,Chennai,Sao Paulo,Road,4,In Transit,2025-05-17,SKU118,168,2025-05-21
SHP003224,Zhengzhou,Johannesburg,Road,19,In Transit,2025-04-17,SKU110,212,2025-05-06
SHP003225,Noida,Sao Paulo,Sea,11,Delayed,2025-01-01,SKU111,187,2025-01-12
SHP003226,Bangkok,Mumbai,Road,17,Delivered,2025-10-24,SKU112,200,2025-11-10
SHP003227,Chennai,Sao Paulo,Road,7,Delayed,2025-11-20,SKU104,133,2025-11-27
SHP003228,Ho Chi Minh City,Dubai,Air,17,In Transit,2025-12-03,SKU104,145,2025-12-20
SHP003229,Bangkok,Sao Paulo,Air,20,Delivered,2025-07-07,SKU109,226,2025-07-27
SHP003230,Shenzhen,Johannesburg,Road,7,In Transit,2025-07-22,SKU123,151,2025-07-29
SHP003231,Zhengzhou,Chicago,Sea,2,In Transit,2025-12-14,SKU118,187,2025-12-16
SHP003232,Zhengzhou,Mumbai,Road,14,Delivered,2025-08-02,SKU106,162,2025-08-16
SHP003233,Chennai,Chicago,Road,2,In Transit,2025-12-03,SKU129,157,2025-12-05
SHP003234,Chennai,Rotterdam,Sea,9,Delivered,2025-09-30,SKU116,162,2025-10-09
SHP003235,Shenzhen,Singapore,Road,18,Delayed,2025-06-02,SKU105,107,2025-06-20
SHP003236,Zhengzhou,Johannesburg,Sea,11,Delivered,2025-08-27,SKU127,162,2025-09-07
SHP003237,Noida,Sydney,Sea,9,Delayed,2025-08-23,SKU124,140,2025-09-01
SHP003238,Chennai,Sydney,Road,2,Delayed,2025-04-27,SKU102,179,2025-04-29
SHP003239,Bangkok,Sydney,Air,14,Delivered,2025-12-28,SKU120,108,2026-01-11
SHP003240,Chennai,Chicago,Air,12,Delayed,2025-11-02,SKU119,231,2025-11-14
SHP003241,Bangkok,Sao Paulo,Sea,9,In Transit,2025-01-14,SKU118,143,2025-01-23
SHP003242,Bangkok,Johannesburg,Air,8,Delayed,2025-01-12,SKU110,198,2025-01-20
SHP003243,Noida,Sao Paulo,Air,7,Delayed,2025-09-13,SKU107,202,2025-09-20
SHP003244,Noida,Sao Paulo,Sea,10,Delivered,2025-04-17,SKU114,228,2025-04-27
SHP003245,Bangkok,Johannesburg,Air,7,Delivered,2025-03-28,SKU106,104,2025-04-04
SHP003246,Shenzhen,Chicago,Air,10,Delivered,2025-04-20,SKU124,180,2025-04-30
SHP003247,Shenzhen,Mumbai,Air,7,In Transit,2025-11-18,SKU118,150,2025-11-25
SHP003248,Bangkok,Sydney,Road,15,In Transit,2025-01-12,SKU129,92,2025-01-27
SHP003249,Zhengzhou,Mumbai,Air,11,In Transit,2025-05-27,SKU117,176,2025-06-07
SHP003250,Ho Chi Minh City,Chicago,Sea,22,Delayed,2025-12-07,SKU128,123,2025-12-29
SHP003251,Shenzhen,Chicago,Sea,7,Delayed,2025-09-23,SKU105,162,2025-09-30
SHP003252,Shenzhen,Chicago,Road,22,Delivered,2025-06-01,SKU113,199,2025-06-23
SHP003253,Shenzhen,Chicago,Sea,22,In Transit,2025-03-24,SKU120,215,2025-04-15
SHP003254,Shenzhen,Chicago,Sea,6,Delayed,2025-05-14,SKU118,219,2025-05-20
SHP003255,Zhengzhou,Chicago,Road,10,In Transit,2025-06-30,SKU127,147,2025-07-10
SHP003256,Zhengzhou,Sydney,Road,4,Delivered,2025-12-02,SKU101,113,2025-12-06
SHP003257,Shenzhen,Singapore,Road,21,Delayed,2025-11-22,SKU112,138,2025-12-13
SHP003258,Ho Chi Minh City,Dubai,Air,13,Delivered,2025-02-20,SKU111,178,2025-03-05
SHP003259,Chennai,Rotterdam,Air,18,In Transit,2025-04-04,SKU107,145,2025-04-22
SHP003260,Noida,Dubai,Air,19,Delayed,2025-06-22,SKU114,186,2025-07-11
SHP003261,Shenzhen,Singapore,Air,25,In Transit,2025-06-09,SKU126,145,2025-07-04
SHP003262,Shenzhen,Johannesburg,Sea,12,Delayed,2025-02-08,SKU115,125,2025-02-20
SHP003263,Bangkok,Sydney,Air,3,Delayed,2025-01-25,SKU113,108,2025-01-28
SHP003264,Shenzhen,Chicago,Air,20,Delayed,2025-06-25,SKU114,137,2025-07-15
SHP003265,Noida,Dubai,Air,5,In Transit,2025-05-10,SKU110,186,2025-05-15
SHP003266,Chennai,Singapore,Road,17,In Transit,2025-06-17,SKU124,103,2025-07-04
SHP003267,Noida,Rotterdam,Air,9,In Transit,2025-10-21,SKU128,191,2025-10-30
SHP003268,Ho Chi Minh City,Mumbai,Sea,17,Delayed,2025-06-27,SKU109,191,2025-07-14
SHP003269,Noida,Sydney,Sea,14,Delayed,2025-02-09,SKU121,141,2025-02-23
SHP003270,Ho Chi Minh City,Singapore,Road,22,Delayed,2025-05-19,SKU100,179,2025-06-10
SHP003271,Zhengzhou,Sydney,Sea,16,Delivered,2025-07-17,SKU109,103,2025-08-02
SHP003272,Bangkok,Sydney,Sea,11,Delivered,2025-10-28,SKU120,156,2025-11-08
SHP003273,Chennai,Sydney,Air,17,Delayed,2025-07-22,SKU125,156,2025-08-08
SHP003274,Chennai,Sydney,Sea,11,Delivered,2025-12-07,SKU129,169,2025-12-18
SHP003275,Shenzhen,Sao Paulo,Air,20,Delivered,2025-01-13,SKU101,106,2025-02-02
SHP003276,Shenzhen,Sydney,Air,24,Delivered,2025-11-11,SKU127,217,2025-12-05
SHP003277,Zhengzhou,Rotterdam,Air,24,Delivered,2025-10-14,SKU100,136,2025-11-07
SHP003278,Noida,Johannesburg,Road,15,Delayed,2025-12-04,SKU116,108,2025-12-19
SHP003279,Zhengzhou,Sydney,Air,20,In Transit,2025-02-22,SKU107,153,2025-03-14
SHP003280,Shenzhen,Sydney,Sea,5,Delivered,2025-03-08,SKU105,176,2025-03-13
SHP003281,Zhengzhou,Chicago,Road,5,In Transit,2025-08-28,SKU125,189,2025-09-02
SHP003282,Zhengzhou,Sydney,Road,13,In Transit,2025-10-17,SKU101,138,2025-10-30
SHP003283,Noida,Dubai,Road,11,In Transit,2025-01-16,SKU115,106,2025-01-27
SHP003284,Shenzhen,Sao Paulo,Sea,9,Delayed,2025-09-05,SKU115,110,2025-09-14
SHP003285,Shenzhen,Rotterdam,Road,7,Delayed,2025-02-10,SKU124,139,2025-02-17
SHP003286,Chennai,Johannesburg,Road,8,Delivered,2025-05-29,SKU115,123,2025-06-06
SHP003287,Chennai,Johannesburg,Road,22,Delayed,2025-07-02,SKU114,192,2025-07-24
SHP003288,Shenzhen,Sydney,Air,17,Delayed,2025-07-03,SKU106,176,2025-07-20
SHP003289,Ho Chi Minh City,Chicago,Air,25,In Transit,2025-11-23,SKU104,123,2025-12-18
SHP003290,Chennai,Mumbai,Sea,6,Delivered,2025-06-01,SKU123,215,2025-06-07
SHP003291,Bangkok,Johannesburg,Air,18,Delivered,2025-08-31,SKU104,114,2025-09-18
SHP003292,Shenzhen,Johannesburg,Air,12,In Transit,2025-02-04,SKU115,162,2025-02-16
SHP003293,Zhengzhou,Sydney,Sea,9,In Transit,2025-10-14,SKU113,235,2025-10-23
SHP003294,Shenzhen,Dubai,Sea,18,Delayed,2025-12-03,SKU107,98,2025-12-21
SHP003295,Shenzhen,Johannesburg,Road,4,In Transit,2025-10-17,SKU122,217,2025-10-21
SHP003296,Noida,Sydney,Road,24,Delivered,2025-05-07,SKU105,135,2025-05-31
SHP003297,Noida,Chicago,Road,18,Delivered,2025-12-15,SKU111,197,2026-01-02
SHP003298,Bangkok,Dubai,Road,2,In Transit,2025-05-02,SKU114,228,2025-05-04
SHP003299,Bangkok,Sao Paulo,Air,11,Delayed,2025-05-27,SKU100,151,2025-06-07
SHP003300,Noida,Dubai,Sea,20,Delivered,2025-07-22,SKU120,184,2025-08-11
SHP003301,Bangkok,Mumbai,Air,20,In Transit,2025-02-24,SKU115,145,2025-03-16
SHP003302,Shenzhen,Dubai,Sea,20,Delayed,2025-03-17,SKU116,147,2025-04-06
SHP003303,Noida,Sao Paulo,Sea,22,Delayed,2025-05-14,SKU127,233,2025-06-05
SHP003304,Zhengzhou,Chicago,Road,16,Delivered,2025-07-07,SKU103,135,2025-07-23
SHP003305,Noida,Mumbai,Road,17,In Transit,2025-09-16,SKU124,101,2025-10-03
SHP003306,Ho Chi Minh City,Chicago,Air,8,Delayed,2025-06-19,SKU112,194,2025-06-27
SHP003307,Zhengzhou,Sydney,Air,5,In Transit,2025-01-06,SKU112,156,2025-01-11
SHP003308,Bangkok,Rotterdam,Road,25,Delayed,2025-08-26,SKU128,128,2025-09-20
SHP003309,Noida,Dubai,Sea,19,Delayed,2025-01-14,SKU109,201,2025-02-02
SHP003310,Noida,Sydney,Air,6,Delivered,2025-03-07,SKU113,149,2025-03-13
SHP003311,Bangkok,Sydney,Road,18,Delivered,2025-12-22,SKU111,152,2026-01-09
SHP003312,Shenzhen,Rotterdam,Road,6,Delivered,2025-03-11,SKU125,100,2025-03-17
SHP003313,Noida,Sydney,Road,16,Delivered,2025-12-17,SKU102,202,2026-01-02
SHP003314,Bangkok,Johannesburg,Sea,23,Delivered,2025-06-22,SKU101,185,2025-07-15
SHP003315,Noida,Sydney,Air,24,Delayed,2025-12-08,SKU103,130,2026-01-01
SHP003316,Bangkok,Sao Paulo,Air,5,Delivered,2025-08-09,SKU100,190,2025-08-14
SHP003317,Noida,Dubai,Road,22,Delayed,2025-07-14,SKU114,109,2025-08-05
SHP003318,Shenzhen,Singapore,Road,17,Delivered,2025-08-22,SKU126,105,2025-09-08
SHP003319,Noida,Johannesburg,Road,3,In Transit,2025-04-24,SKU116,160,2025-04-27
SHP003320,Bangkok,Sao Paulo,Sea,20,In Transit,2025-04-29,SKU111,187,2025-05-19
SHP003321,Ho Chi Minh City,Sydney,Air,17,Delivered,2025-02-08,SKU101,125,2025-02-25
SHP003322,Zhengzhou,Chicago,Sea,22,Delivered,2025-10-10,SKU124,115,2025-11-01
SHP003323,Ho Chi Minh City,Dubai,Air,18,Delayed,2025-03-10,SKU114,113,2025-03-28
SHP003324,Shenzhen,Johannesburg,Sea,22,Delayed,2025-01-11,SKU119,190,2025-02-02
SHP003325,Chennai,Mumbai,Air,16,Delivered,2025-03-15,SKU104,222,2025-03-31
SHP003326,Noida,Sydney,Air,14,Delivered,2025-06-08,SKU108,212,2025-06-22
SHP003327,Noida,Singapore,Road,22,In Transit,2025-06-10,SKU119,129,2025-07-02
SHP003328,Chennai,Dubai,Road,11,In Transit,2025-12-31,SKU116,126,2026-01-11
SHP003329,Zhengzhou,Sydney,Road,13,Delivered,2025-09-20,SKU118,146,2025-10-03
SHP003330,Shenzhen,Mumbai,Road,10,Delayed,2025-10-10,SKU121,110,2025-10-20
SHP003331,Noida,Singapore,Road,12,Delayed,2025-09-11,SKU121,118,2025-09-23
SHP003332,Noida,Dubai,Road,6,Delayed,2025-01-15,SKU109,191,2025-01-21
SHP003333,Noida,Sydney,Sea,18,In Transit,2025-02-06,SKU122,213,2025-02-24
SHP003334,Ho Chi Minh City,Chicago,Air,2,In Transit,2025-08-24,SKU113,185,2025-08-26
SHP003335,Noida,Mumbai,Road,2,Delayed,2025-06-04,SKU106,96,2025-06-06
SHP003336,Noida,Chicago,Sea,8,Delayed,2025-01-27,SKU116,209,2025-02-04
SHP003337,Zhengzhou,Rotterdam,Sea,11,Delayed,2025-02-18,SKU121,103,2025-03-01
SHP003338,Bangkok,Rotterdam,Road,23,In Transit,2025-11-05,SKU104,169,2025-11-28
SHP003339,Ho Chi Minh City,Johannesburg,Road,16,In Transit,2025-02-17,SKU122,212,2025-03-05
SHP003340,Chennai,Dubai,Air,19,Delayed,2025-10-01,SKU116,216,2025-10-20
SHP003341,Shenzhen,Singapore,Air,10,Delivered,2025-10-31,SKU116,113,2025-11-10
SHP003342,Noida,Rotterdam,Road,7,Delayed,2025-01-12,SKU124,138,2025-01-19
SHP003343,Chennai,Rotterdam,Sea,14,In Transit,2025-02-11,SKU102,178,2025-02-25
SHP003344,Noida,Johannesburg,Sea,12,Delivered,2025-03-08,SKU116,159,2025-03-20
SHP003345,Chennai,Sao Paulo,Road,15,Delivered,2025-07-31,SKU112,144,2025-08-15
SHP003346,Shenzhen,Chicago,Air,17,In Transit,2025-01-24,SKU111,159,2025-02-10
SHP003347,Zhengzhou,Dubai,Air,15,Delivered,2025-12-18,SKU110,161,2026-01-02
SHP003348,Noida,Sydney,Road,25,Delayed,2025-01-30,SKU127,166,2025-02-24
SHP003349,Zhengzhou,Dubai,Sea,25,In Transit,2025-07-19,SKU128,193,2025-08-13
SHP003350,Bangkok,Sao Paulo,Air,23,Delayed,2025-07-02,SKU100,209,2025-07-25
SHP003351,Chennai,Singapore,Air,2,In Transit,2025-04-11,SKU125,161,2025-04-13
SHP003352,Ho Chi Minh City,Singapore,Road,19,In Transit,2025-02-26,SKU119,170,2025-03-17
SHP003353,Zhengzhou,Chicago,Sea,23,Delayed,2025-03-01,SKU121,122,2025-03-24
SHP003354,Noida,Sao Paulo,Sea,14,Delivered,2025-04-06,SKU101,156,2025-04-20
SHP003355,Chennai,Singapore,Road,21,Delayed,2025-02-14,SKU125,200,2025-03-07
SHP003356,Noida,Mumbai,Road,18,In Transit,2025-08-03,SKU117,178,2025-08-21
SHP003357,Zhengzhou,Johannesburg,Air,3,Delivered,2025-02-02,SKU112,147,2025-02-05
SHP003358,Ho Chi Minh City,Mumbai,Road,10,Delayed,2025-10-04,SKU113,164,2025-10-14
SHP003359,Zhengzhou,Johannesburg,Sea,22,In Transit,2025-10-30,SKU112,100,2025-11-21
SHP003360,Chennai,Chicago,Sea,5,Delayed,2025-03-23,SKU103,173,2025-03-28
SHP003361,Ho Chi Minh City,Singapore,Sea,17,Delivered,2025-12-04,SKU106,128,2025-12-21
SHP003362,Ho Chi Minh City,Rotterdam,Road,5,Delivered,2025-04-09,SKU121,167,2025-04-14
SHP003363,Noida,Dubai,Air,24,Delayed,2025-07-13,SKU116,189,2025-08-06
SHP003364,Bangkok,Johannesburg,Air,10,Delivered,2025-10-15,SKU122,218,2025-10-25
SHP003365,Zhengzhou,Singapore,Road,2,In Transit,2025-09-01,SKU127,239,2025-09-03
SHP003366,Ho Chi Minh City,Sao Paulo,Road,25,In Transit,2025-01-15,SKU120,105,2025-02-09
SHP003367,Bangkok,Singapore,Air,20,In Transit,2025-11-03,SKU113,179,2025-11-23
SHP003368,Bangkok,Sao Paulo,Sea,15,Delayed,2025-10-27,SKU108,101,2025-11-11
SHP003369,Zhengzhou,Chicago,Road,10,In Transit,2025-06-21,SKU117,191,2025-07-01
SHP003370,Ho Chi Minh City,Sydney,Air,25,In Transit,2025-11-21,SKU104,214,2025-12-16
SHP003371,Chennai,Dubai,Road,16,Delayed,2025-01-17,SKU102,138,2025-02-02
SHP003372,Noida,Rotterdam,Sea,16,In Transit,2025-05-15,SKU119,161,2025-05-31
SHP003373,Chennai,Chicago,Road,21,Delayed,2025-03-14,SKU108,151,2025-04-04
SHP003374,Shenzhen,Rotterdam,Air,2,Delayed,2025-10-01,SKU119,196,2025-10-03
SHP003375,Zhengzhou,Mumbai,Sea,10,Delivered,2025-07-26,SKU121,105,2025-08-05
SHP003376,Chennai,Rotterdam,Sea,23,Delayed,2025-01-14,SKU126,175,2025-02-06
SHP003377,Bangkok,Sao Paulo,Air,8,Delayed,2025-03-23,SKU126,100,2025-03-31
SHP003378,Chennai,Sao Paulo,Air,12,Delayed,2025-06-06,SKU104,123,2025-06-18
SHP003379,Shenzhen,Singapore,Air,7,In Transit,2025-01-27,SKU127,108,2025-02-03
SHP003380,Bangkok,Singapore,Air,11,Delivered,2025-07-30,SKU103,116,2025-08-10
SHP003381,Ho Chi Minh City,Dubai,Road,23,Delivered,2025-06-28,SKU127,212,2025-07-21
SHP003382,Ho Chi Minh City,Mumbai,Air,19,In Transit,2025-11-28,SKU101,176,2025-12-17
SHP003383,Shenzhen,Sao Paulo,Sea,17,Delivered,2025-02-23,SKU112,122,2025-03-12
SHP003384,Zhengzhou,Sydney,Air,9,In Transit,2025-10-10,SKU112,146,2025-10-19
SHP003385,Shenzhen,Sao Paulo,Road,12,In Transit,2025-02-24,SKU109,153,2025-03-08
SHP003386,Ho Chi Minh City,Rotterdam,Air,9,Delivered,2025-03-03,SKU101,159,2025-03-12
SHP003387,Shenzhen,Dubai,Air,25,Delayed,2025-08-21,SKU111,128,2025-09-15
SHP003388,Shenzhen,Rotterdam,Road,9,Delivered,2025-10-04,SKU112,144,2025-10-13
SHP003389,Chennai,Singapore,Road,16,In Transit,2025-08-11,SKU121,215,2025-08-27
SHP003390,Shenzhen,Singapore,Air,3,Delivered,2025-04-30,SKU101,103,2025-05-03
SHP003391,Zhengzhou,Sydney,Road,7,Delayed,2025-01-22,SKU106,229,2025-01-29
SHP003392,Bangkok,Chicago,Air,14,Delayed,2025-05-30,SKU128,182,2025-06-13
SHP003393,Zhengzhou,Rotterdam,Sea,4,In Transit,2025-02-16,SKU121,147,2025-02-20
SHP003394,Shenzhen,Dubai,Sea,17,In Transit,2025-08-13,SKU114,97,2025-08-30
SHP003395,Noida,Sydney,Road,4,Delayed,2025-10-17,SKU125,190,2025-10-21
SHP003396,Zhengzhou,Chicago,Sea,18,In Transit,2025-12-15,SKU118,184,2026-01-02
SHP003397,Zhengzhou,Singapore,Road,24,Delivered,2025-06-07,SKU114,137,2025-07-01
SHP003398,Shenzhen,Rotterdam,Road,10,Delivered,2025-02-27,SKU114,155,2025-03-09
SHP003399,Bangkok,Johannesburg,Air,4,Delayed,2025-02-06,SKU109,155,2025-02-10
SHP003400,Chennai,Chicago,Air,11,Delivered,2025-05-12,SKU103,201,2025-05-23
SHP003401,Zhengzhou,Johannesburg,Road,10,In Transit,2025-09-15,SKU118,194,2025-09-25
SHP003402,Noida,Dubai,Road,6,In Transit,2025-02-01,SKU121,192,2025-02-07
SHP003403,Zhengzhou,Chicago,Sea,7,In Transit,2025-05-23,SKU105,219,2025-05-30
SHP003404,Chennai,Sydney,Sea,23,In Transit,2025-12-04,SKU119,189,2025-12-27
SHP003405,Zhengzhou,Mumbai,Sea,2,In Transit,2025-02-16,SKU123,227,2025-02-18
SHP003406,Noida,Sao Paulo,Air,20,Delayed,2025-02-08,SKU123,161,2025-02-28
SHP003407,Zhengzhou,Singapore,Sea,22,Delayed,2025-01-27,SKU128,196,2025-02-18
SHP003408,Chennai,Chicago,Air,2,Delivered,2025-02-16,SKU111,97,2025-02-18
SHP003409,Shenzhen,Rotterdam,Air,12,Delivered,2025-09-12,SKU117,130,2025-09-24
SHP003410,Ho Chi Minh City,Sydney,Road,23,In Transit,2025-04-29,SKU105,190,2025-05-22
SHP003411,Noida,Sydney,Air,16,Delayed,2025-12-18,SKU109,103,2026-01-03
SHP003412,Bangkok,Mumbai,Sea,4,Delivered,2025-12-18,SKU126,152,2025-12-22
SHP003413,Shenzhen,Rotterdam,Sea,8,In Transit,2025-06-25,SKU110,109,2025-07-03
SHP003414,Chennai,Sao Paulo,Sea,12,Delivered,2025-04-17,SKU124,176,2025-04-29
SHP003415,Chennai,Johannesburg,Road,18,Delayed,2025-04-18,SKU107,117,2025-05-06
SHP003416,Noida,Singapore,Sea,23,Delivered,2025-07-25,SKU112,191,2025-08-17
SHP003417,Bangkok,Singapore,Road,16,Delivered,2025-11-08,SKU118,208,2025-11-24
SHP003418,Shenzhen,Chicago,Road,4,Delayed,2025-02-23,SKU118,163,2025-02-27
SHP003419,Shenzhen,Singapore,Sea,7,In Transit,2025-05-26,SKU126,212,2025-06-02
SHP003420,Chennai,Rotterdam,Road,17,Delayed,2025-09-22,SKU119,113,2025-10-09
SHP003421,Shenzhen,Rotterdam,Sea,24,In Transit,2025-09-16,SKU128,192,2025-10-10
SHP003422,Zhengzhou,Rotterdam,Air,8,Delayed,2025-01-27,SKU126,140,2025-02-04
SHP003423,Zhengzhou,Chicago,Air,6,In Transit,2025-05-25,SKU109,166,2025-05-31
SHP003424,Zhengzhou,Singapore,Road,22,Delayed,2025-03-16,SKU112,145,2025-04-07
SHP003425,Noida,Singapore,Road,4,In Transit,2025-02-12,SKU118,204,2025-02-16
SHP003426,Zhengzhou,Sao Paulo,Road,6,Delivered,2025-07-06,SKU124,234,2025-07-12
SHP003427,Zhengzhou,Chicago,Sea,6,Delivered,2025-01-10,SKU117,182,2025-01-16
SHP003428,Chennai,Sydney,Road,9,Delayed,2025-07-24,SKU107,171,2025-08-02
SHP003429,Noida,Rotterdam,Air,8,In Transit,2025-12-03,SKU116,197,2025-12-11
SHP003430,Bangkok,Rotterdam,Sea,3,Delivered,2025-12-27,SKU124,235,2025-12-30
SHP003431,Chennai,Sao Paulo,Air,21,Delayed,2025-03-20,SKU121,150,2025-04-10
SHP003432,Zhengzhou,Johannesburg,Road,7,Delayed,2025-05-01,SKU116,155,2025-05-08
SHP003433,Zhengzhou,Rotterdam,Sea,20,Delivered,2025-10-16,SKU127,114,2025-11-05
SHP003434,Ho Chi Minh City,Sao Paulo,Air,23,In Transit,2025-02-06,SKU127,170,2025-03-01
SHP003435,Shenzhen,Johannesburg,Sea,6,Delivered,2025-06-01,SKU117,204,2025-06-07
SHP003436,Chennai,Johannesburg,Sea,18,In Transit,2025-06-04,SKU126,176,2025-06-22
SHP003437,Bangkok,Johannesburg,Air,11,Delivered,2025-02-28,SKU129,182,2025-03-11
SHP003438,Noida,Sao Paulo,Sea,9,In Transit,2025-09-16,SKU128,170,2025-09-25
SHP003439,Bangkok,Chicago,Sea,16,In Transit,2025-05-11,SKU108,134,2025-05-27
SHP003440,Chennai,Singapore,Air,6,In Transit,2025-09-28,SKU104,110,2025-10-04
SHP003441,Bangkok,Sydney,Road,3,Delayed,2025-07-21,SKU128,186,2025-07-24
SHP003442,Ho Chi Minh City,Sao Paulo,Sea,15,Delayed,2025-05-14,SKU115,146,2025-05-29
SHP003443,Bangkok,Sydney,Road,22,Delivered,2025-08-31,SKU111,127,2025-09-22
SHP003444,Chennai,Johannesburg,Road,6,Delivered,2025-09-04,SKU126,155,2025-09-10
SHP003445,Bangkok,Sydney,Sea,14,Delivered,2025-02-04,SKU111,117,2025-02-18
SHP003446,Noida,Rotterdam,Road,5,Delivered,2025-09-06,SKU106,123,2025-09-11
SHP003447,Chennai,Mumbai,Sea,20,Delivered,2025-01-19,SKU118,123,2025-02-08
SHP003448,Noida,Rotterdam,Sea,15,In Transit,2025-03-15,SKU110,173,2025-03-30
SHP003449,Shenzhen,Johannesburg,Air,4,In Transit,2025-09-19,SKU101,200,2025-09-23
SHP003450,Zhengzhou,Sao Paulo,Air,13,Delivered,2025-06-14,SKU115,171,2025-06-27
SHP003451,Shenzhen,Singapore,Sea,22,Delayed,2025-01-19,SKU128,224,2025-02-10
SHP003452,Ho Chi Minh City,Rotterdam,Air,21,Delayed,2025-01-26,SKU123,122,2025-02-16
SHP003453,Bangkok,Rotterdam,Road,2,Delayed,2025-04-03,SKU110,110,2025-04-05
SHP003454,Ho Chi Minh City,Chicago,Sea,23,In Transit,2025-01-08,SKU106,171,2025-01-31
SHP003455,Ho Chi Minh City,Rotterdam,Sea,4,In Transit,2025-01-04,SKU114,205,2025-01-08
SHP003456,Chennai,Rotterdam,Air,9,Delivered,2025-12-12,SKU104,228,2025-12-21
SHP003457,Bangkok,Mumbai,Air,14,Delayed,2025-07-26,SKU116,145,2025-08-09
SHP003458,Zhengzhou,Dubai,Road,10,In Transit,2025-09-21,SKU115,233,2025-10-01
SHP003459,Bangkok,Chicago,Sea,5,Delivered,2025-12-19,SKU104,150,2025-12-24
SHP003460,Ho Chi Minh City,Mumbai,Sea,3,In Transit,2025-01-21,SKU110,121,2025-01-24
SHP003461,Shenzhen,Johannesburg,Sea,12,In Transit,2025-12-08,SKU121,188,2025-12-20
SHP003462,Noida,Chicago,Sea,8,Delivered,2025-11-15,SKU117,152,2025-11-23
SHP003463,Chennai,Sydney,Sea,21,In Transit,2025-01-26,SKU113,171,2025-02-16
SHP003464,Noida,Sydney,Sea,13,Delivered,2025-10-23,SKU126,209,2025-11-05
SHP003465,Shenzhen,Mumbai,Air,22,Delayed,2025-06-20,SKU109,178,2025-07-12
SHP003466,Chennai,Dubai,Road,9,In Transit,2025-08-05,SKU105,198,2025-08-14
SHP003467,Shenzhen,Singapore,Road,13,Delayed,2025-07-16,SKU104,138,2025-07-29
SHP003468,Zhengzhou,Sydney,Sea,10,In Transit,2025-06-10,SKU101,168,2025-06-20
SHP003469,Noida,Chicago,Road,6,In Transit,2025-10-01,SKU127,192,2025-10-07
SHP003470,Noida,Rotterdam,Sea,20,In Transit,2025-11-19,SKU110,127,2025-12-09
SHP003471,Chennai,Mumbai,Sea,13,Delayed,2025-06-03,SKU121,140,2025-06-16
SHP003472,Ho Chi Minh City,Singapore,Sea,5,Delayed,2025-05-29,SKU124,120,2025-06-03
SHP003473,Bangkok,Johannesburg,Road,21,Delivered,2025-11-28,SKU116,211,2025-12-19
SHP003474,Ho Chi Minh City,Singapore,Sea,3,Delayed,2025-01-25,SKU100,151,2025-01-28
SHP003475,Chennai,Rotterdam,Sea,24,Delayed,2025-06-03,SKU123,104,2025-06-27
SHP003476,Bangkok,Chicago,Road,6,Delivered,2025-11-01,SKU116,116,2025-11-07
SHP003477,Shenzhen,Rotterdam,Air,12,In Transit,2025-03-14,SKU104,115,2025-03-26
SHP003478,Shenzhen,Sydney,Sea,19,In Transit,2025-10-30,SKU104,177,2025-11-18
SHP003479,Ho Chi Minh City,Singapore,Road,24,In Transit,2025-05-23,SKU107,191,2025-06-16
SHP003480,Ho Chi Minh City,Singapore,Road,10,Delivered,2025-09-02,SKU104,131,2025-09-12
SHP003481,Ho Chi Minh City,Johannesburg,Sea,17,In Transit,2025-02-12,SKU125,128,2025-03-01
SHP003482,Noida,Johannesburg,Road,17,In Transit,2025-12-25,SKU102,155,2026-01-11
SHP003483,Zhengzhou,Sao Paulo,Road,15,Delivered,2025-11-23,SKU102,120,2025-12-08
SHP003484,Ho Chi Minh City,Mumbai,Road,8,Delivered,2025-10-20,SKU113,176,2025-10-28
SHP003485,Noida,Sydney,Air,20,Delivered,2025-07-09,SKU112,219,2025-07-29
SHP003486,Noida,Johannesburg,Air,10,Delayed,2025-05-18,SKU112,149,2025-05-28
SHP003487,Zhengzhou,Johannesburg,Air,9,In Transit,2025-10-24,SKU100,101,2025-11-02
SHP003488,Zhengzhou,Mumbai,Sea,22,In Transit,2025-04-28,SKU127,166,2025-05-20
SHP003489,Noida,Chicago,Sea,8,Delivered,2025-10-29,SKU129,158,2025-11-06
SHP003490,Chennai,Rotterdam,Air,21,Delayed,2025-06-23,SKU103,243,2025-07-14
SHP003491,Chennai,Johannesburg,Sea,3,Delayed,2025-04-02,SKU115,139,2025-04-05
SHP003492,Zhengzhou,Johannesburg,Road,24,In Transit,2025-11-07,SKU112,219,2025-12-01
SHP003493,Zhengzhou,Rotterdam,Road,22,Delayed,2025-09-20,SKU113,237,2025-10-12
SHP003494,Ho Chi Minh City,Sydney,Road,3,Delayed,2025-07-04,SKU111,171,2025-07-07
SHP003495,Shenzhen,Sydney,Sea,18,In Transit,2025-03-26,SKU101,215,2025-04-13
SHP003496,Noida,Sao Paulo,Air,8,In Transit,2025-11-07,SKU113,198,2025-11-15
SHP003497,Shenzhen,Chicago,Road,14,Delayed,2025-10-11,SKU127,153,2025-10-25
SHP003498,Chennai,Sydney,Air,10,In Transit,2025-12-04,SKU124,152,2025-12-14
SHP003499,Noida,Dubai,Road,10,Delayed,2025-11-27,SKU109,173,2025-12-07
SHP003500,Chennai,Dubai,Sea,22,Delivered,2025-06-30,SKU128,181,2025-07-22
SHP003501,Shenzhen,Sao Paulo,Sea,12,Delivered,2025-10-29,SKU116,211,2025-11-10
SHP003502,Noida,Johannesburg,Air,13,Delivered,2025-12-19,SKU111,126,2026-01-01
SHP003503,Noida,Singapore,Air,9,Delivered,2025-10-09,SKU112,180,2025-10-18
SHP003504,Ho Chi Minh City,Chicago,Road,14,In Transit,2025-02-11,SKU113,104,2025-02-25
SHP003505,Ho Chi Minh City,Sao Paulo,Sea,13,In Transit,2025-04-02,SKU129,113,2025-04-15
SHP003506,Ho Chi Minh City,Sydney,Sea,3,Delivered,2025-11-13,SKU125,178,2025-11-16
SHP003507,Ho Chi Minh City,Singapore,Air,16,Delayed,2025-11-20,SKU120,145,2025-12-06
SHP003508,Noida,Sao Paulo,Sea,13,Delivered,2025-06-15,SKU124,218,2025-06-28
SHP003509,Shenzhen,Singapore,Air,11,In Transit,2025-05-12,SKU120,161,2025-05-23
SHP003510,Bangkok,Sydney,Road,4,Delivered,2025-12-16,SKU122,206,2025-12-20
SHP003511,Ho Chi Minh City,Rotterdam,Road,20,Delivered,2025-02-22,SKU108,229,2025-03-14
SHP003512,Chennai,Sydney,Sea,3,In Transit,2025-05-11,SKU115,104,2025-05-14
SHP003513,Noida,Sydney,Air,2,In Transit,2025-10-05,SKU102,218,2025-10-07
SHP003514,Bangkok,Sao Paulo,Sea,6,Delayed,2025-08-01,SKU124,183,2025-08-07
SHP003515,Shenzhen,Chicago,Air,12,In Transit,2025-04-30,SKU124,149,2025-05-12
SHP003516,Noida,Sydney,Sea,13,In Transit,2025-01-26,SKU109,162,2025-02-08
SHP003517,Noida,Johannesburg,Road,16,Delayed,2025-03-14,SKU129,216,2025-03-30
SHP003518,Noida,Johannesburg,Sea,18,Delayed,2025-04-25,SKU105,173,2025-05-13
SHP003519,Shenzhen,Chicago,Road,6,In Transit,2025-08-04,SKU123,155,2025-08-10
SHP003520,Bangkok,Sao Paulo,Air,7,Delayed,2025-06-08,SKU113,123,2025-06-15
SHP003521,Zhengzhou,Dubai,Air,22,Delivered,2025-03-25,SKU125,246,2025-04-16
SHP003522,Bangkok,Rotterdam,Road,20,In Transit,2025-01-24,SKU108,156,2025-02-13
SHP003523,Bangkok,Chicago,Road,2,In Transit,2025-10-20,SKU107,138,2025-10-22
SHP003524,Ho Chi Minh City,Dubai,Sea,21,In Transit,2025-03-25,SKU105,176,2025-04-15
SHP003525,Zhengzhou,Johannesburg,Sea,25,In Transit,2025-05-26,SKU118,214,2025-06-20
SHP003526,Chennai,Singapore,Road,15,Delivered,2025-10-25,SKU128,202,2025-11-09
SHP003527,Zhengzhou,Mumbai,Sea,25,Delayed,2025-06-20,SKU118,189,2025-07-15
SHP003528,Ho Chi Minh City,Sydney,Road,9,Delivered,2025-02-03,SKU127,103,2025-02-12
SHP003529,Bangkok,Johannesburg,Road,11,Delivered,2025-01-04,SKU105,174,2025-01-15
SHP003530,Chennai,Rotterdam,Sea,5,Delayed,2025-10-02,SKU116,171,2025-10-07
SHP003531,Shenzhen,Johannesburg,Air,6,Delivered,2025-05-16,SKU126,159,2025-05-22
SHP003532,Bangkok,Chicago,Air,11,In Transit,2025-08-08,SKU101,155,2025-08-19
SHP003533,Chennai,Johannesburg,Road,6,In Transit,2025-09-30,SKU112,123,2025-10-06
SHP003534,Bangkok,Mumbai,Air,17,In Transit,2025-12-30,SKU110,107,2026-01-16
SHP003535,Bangkok,Chicago,Road,22,Delivered,2025-01-20,SKU107,114,2025-02-11
SHP003536,Ho Chi Minh City,Sao Paulo,Air,9,In Transit,2025-03-17,SKU112,161,2025-03-26
SHP003537,Ho Chi Minh City,Singapore,Road,25,Delivered,2025-12-19,SKU108,154,2026-01-13
SHP003538,Shenzhen,Sao Paulo,Sea,24,Delayed,2025-04-26,SKU128,145,2025-05-20
SHP003539,Chennai,Johannesburg,Air,21,Delivered,2025-03-17,SKU125,101,2025-04-07
SHP003540,Ho Chi Minh City,Rotterdam,Road,19,Delayed,2025-07-16,SKU113,110,2025-08-04
SHP003541,Zhengzhou,Sydney,Road,6,In Transit,2025-11-30,SKU108,173,2025-12-06
SHP003542,Noida,Rotterdam,Air,20,Delayed,2025-02-20,SKU122,150,2025-03-12
SHP003543,Zhengzhou,Rotterdam,Air,24,Delayed,2025-11-05,SKU124,174,2025-11-29
SHP003544,Shenzhen,Dubai,Sea,6,Delivered,2025-03-02,SKU112,172,2025-03-08
SHP003545,Noida,Mumbai,Road,17,In Transit,2025-06-20,SKU111,178,2025-07-07
SHP003546,Shenzhen,Sydney,Road,5,In Transit,2025-01-17,SKU128,212,2025-01-22
SHP003547,Shenzhen,Rotterdam,Air,13,In Transit,2025-02-03,SKU121,203,2025-02-16
SHP003548,Ho Chi Minh City,Singapore,Sea,18,Delivered,2025-10-13,SKU127,228,2025-10-31
SHP003549,Chennai,Dubai,Sea,2,Delayed,2025-06-26,SKU115,122,2025-06-28
SHP003550,Shenzhen,Sao Paulo,Road,20,Delivered,2025-01-20,SKU101,120,2025-02-09
SHP003551,Ho Chi Minh City,Sao Paulo,Air,18,Delivered,2025-03-29,SKU111,206,2025-04-16
SHP003552,Ho Chi Minh City,Singapore,Air,11,Delayed,2025-08-23,SKU116,124,2025-09-03
SHP003553,Ho Chi Minh City,Rotterdam,Sea,6,Delayed,2025-08-20,SKU123,135,2025-08-26
SHP003554,Ho Chi Minh City,Sydney,Sea,3,Delayed,2025-01-07,SKU112,102,2025-01-10
SHP003555,Chennai,Rotterdam,Sea,18,In Transit,2025-07-03,SKU114,209,2025-07-21
SHP003556,Bangkok,Chicago,Air,11,In Transit,2025-06-01,SKU128,167,2025-06-12
SHP003557,Ho Chi Minh City,Singapore,Road,15,In Transit,2025-10-19,SKU106,128,2025-11-03
SHP003558,Bangkok,Sao Paulo,Air,2,In Transit,2025-02-19,SKU116,220,2025-02-21
SHP003559,Ho Chi Minh City,Sao Paulo,Sea,13,Delayed,2025-02-07,SKU129,182,2025-02-20
SHP003560,Shenzhen,Chicago,Sea,14,In Transit,2025-07-27,SKU120,212,2025-08-10
SHP003561,Ho Chi Minh City,Johannesburg,Road,20,Delivered,2025-02-21,SKU128,150,2025-03-13
SHP003562,Zhengzhou,Chicago,Road,2,Delivered,2025-01-14,SKU104,189,2025-01-16
SHP003563,Chennai,Sydney,Sea,7,In Transit,2025-11-15,SKU115,192,2025-11-22
SHP003564,Chennai,Dubai,Air,3,Delayed,2025-05-11,SKU125,125,2025-05-14
SHP003565,Shenzhen,Sao Paulo,Road,25,In Transit,2025-06-11,SKU120,141,2025-07-06
SHP003566,Zhengzhou,Mumbai,Road,24,Delayed,2025-05-29,SKU101,154,2025-06-22
SHP003567,Chennai,Sao Paulo,Sea,8,Delivered,2025-12-29,SKU125,102,2026-01-06
SHP003568,Chennai,Dubai,Road,21,In Transit,2025-02-18,SKU112,172,2025-03-11
SHP003569,Noida,Sao Paulo,Sea,22,Delivered,2025-09-25,SKU117,121,2025-10-17
SHP003570,Ho Chi Minh City,Chicago,Sea,15,Delayed,2025-05-23,SKU125,219,2025-06-07
SHP003571,Shenzhen,Sydney,Air,12,Delivered,2025-10-26,SKU127,133,2025-11-07
SHP003572,Shenzhen,Sao Paulo,Air,7,In Transit,2025-01-10,SKU110,191,2025-01-17
SHP003573,Noida,Mumbai,Air,3,Delayed,2025-01-03,SKU103,162,2025-01-06
SHP003574,Shenzhen,Mumbai,Sea,21,In Transit,2025-04-04,SKU117,137,2025-04-25
SHP003575,Zhengzhou,Sydney,Road,5,In Transit,2025-09-08,SKU105,180,2025-09-13
SHP003576,Zhengzhou,Dubai,Road,11,In Transit,2025-02-26,SKU107,116,2025-03-09
SHP003577,Noida,Mumbai,Air,10,Delayed,2025-07-29,SKU109,139,2025-08-08
SHP003578,Chennai,Mumbai,Sea,3,Delayed,2025-02-24,SKU110,164,2025-02-27
SHP003579,Chennai,Singapore,Sea,9,Delayed,2025-06-03,SKU115,155,2025-06-12
SHP003580,Chennai,Dubai,Air,18,In Transit,2025-12-21,SKU117,130,2026-01-08
SHP003581,Zhengzhou,Sydney,Air,2,Delayed,2025-12-13,SKU108,131,2025-12-15
SHP003582,Shenzhen,Rotterdam,Sea,24,Delivered,2025-04-17,SKU100,106,2025-05-11
SHP003583,Zhengzhou,Rotterdam,Air,14,In Transit,2025-10-29,SKU119,200,2025-11-12
SHP003584,Shenzhen,Sydney,Road,25,Delivered,2025-04-15,SKU109,147,2025-05-10
SHP003585,Chennai,Chicago,Sea,24,Delivered,2025-07-19,SKU107,130,2025-08-12
SHP003586,Ho Chi Minh City,Sydney,Road,7,Delivered,2025-08-09,SKU120,96,2025-08-16
SHP003587,Ho Chi Minh City,Singapore,Air,3,In Transit,2025-08-28,SKU108,178,2025-08-31
SHP003588,Zhengzhou,Dubai,Road,3,In Transit,2025-12-13,SKU106,222,2025-12-16
SHP003589,Zhengzhou,Chicago,Road,10,In Transit,2025-05-13,SKU120,184,2025-05-23
SHP003590,Chennai,Chicago,Road,23,Delayed,2025-11-04,SKU124,184,2025-11-27
SHP003591,Ho Chi Minh City,Johannesburg,Road,22,Delayed,2025-05-23,SKU127,220,2025-06-14
SHP003592,Noida,Mumbai,Sea,8,In Transit,2025-12-04,SKU115,210,2025-12-12
SHP003593,Chennai,Rotterdam,Road,24,Delayed,2025-12-22,SKU115,231,2026-01-15
SHP003594,Ho Chi Minh City,Dubai,Road,23,Delivered,2025-12-15,SKU108,163,2026-01-07
SHP003595,Ho Chi Minh City,Rotterdam,Air,25,Delivered,2025-12-29,SKU123,101,2026-01-23
SHP003596,Noida,Dubai,Road,24,Delayed,2025-10-28,SKU107,213,2025-11-21
SHP003597,Bangkok,Johannesburg,Road,8,Delayed,2025-06-26,SKU110,129,2025-07-04
SHP003598,Chennai,Mumbai,Sea,2,In Transit,2025-04-28,SKU110,115,2025-04-30
SHP003599,Noida,Singapore,Air,10,Delivered,2025-12-08,SKU116,191,2025-12-18
SHP003600,Bangkok,Sao Paulo,Sea,7,Delayed,2025-04-06,SKU117,199,2025-04-13
SHP003601,Bangkok,Sydney,Air,19,In Transit,2025-04-15,SKU104,179,2025-05-04
SHP003602,Noida,Sao Paulo,Road,2,Delayed,2025-04-25,SKU107,155,2025-04-27
SHP003603,Zhengzhou,Singapore,Air,21,Delivered,2025-06-19,SKU102,100,2025-07-10
SHP003604,Ho Chi Minh City,Sydney,Road,4,Delivered,2025-02-18,SKU127,135,2025-02-22
SHP003605,Chennai,Mumbai,Sea,12,Delayed,2025-09-20,SKU103,190,2025-10-02
SHP003606,Ho Chi Minh City,Sao Paulo,Sea,14,Delivered,2025-10-04,SKU117,140,2025-10-18
SHP003607,Zhengzhou,Singapore,Road,19,Delivered,2025-04-12,SKU104,217,2025-05-01
SHP003608,Zhengzhou,Mumbai,Sea,8,Delayed,2025-04-16,SKU115,195,2025-04-24
SHP003609,Zhengzhou,Dubai,Sea,16,Delayed,2025-06-20,SKU127,175,2025-07-06
SHP003610,Bangkok,Johannesburg,Sea,5,In Transit,2025-09-07,SKU113,200,2025-09-12
SHP003611,Noida,Sydney,Road,14,Delayed,2025-06-16,SKU119,124,2025-06-30
SHP003612,Chennai,Singapore,Road,14,Delivered,2025-02-15,SKU107,157,2025-03-01
SHP003613,Ho Chi Minh City,Dubai,Air,10,In Transit,2025-09-28,SKU123,231,2025-10-08
SHP003614,Zhengzhou,Singapore,Air,23,Delayed,2025-05-08,SKU125,196,2025-05-31
SHP003615,Noida,Sydney,Sea,11,Delayed,2025-09-22,SKU127,150,2025-10-03
SHP003616,Bangkok,Sao Paulo,Sea,7,Delayed,2025-04-27,SKU118,200,2025-05-04
SHP003617,Ho Chi Minh City,Johannesburg,Air,22,Delivered,2025-01-14,SKU123,224,2025-02-05
SHP003618,Shenzhen,Rotterdam,Air,4,In Transit,2025-03-12,SKU101,181,2025-03-16
SHP003619,Bangkok,Mumbai,Road,14,Delayed,2025-12-20,SKU114,175,2026-01-03
SHP003620,Zhengzhou,Sao Paulo,Road,17,In Transit,2025-09-07,SKU129,155,2025-09-24
SHP003621,Ho Chi Minh City,Mumbai,Air,24,Delayed,2025-10-25,SKU105,210,2025-11-18
SHP003622,Shenzhen,Sao Paulo,Sea,20,Delayed,2025-03-25,SKU115,136,2025-04-14
SHP003623,Noida,Rotterdam,Air,20,Delayed,2025-08-15,SKU102,181,2025-09-04
SHP003624,Chennai,Mumbai,Road,18,In Transit,2025-10-29,SKU128,155,2025-11-16
SHP003625,Chennai,Singapore,Road,19,Delivered,2025-12-22,SKU109,134,2026-01-10
SHP003626,Noida,Rotterdam,Sea,5,In Transit,2025-05-31,SKU107,143,2025-06-05
SHP003627,Noida,Dubai,Air,9,In Transit,2025-09-25,SKU125,154,2025-10-04
SHP003628,Bangkok,Johannesburg,Sea,7,Delayed,2025-08-16,SKU111,175,2025-08-23
SHP003629,Shenzhen,Sydney,Air,14,In Transit,2025-07-28,SKU124,174,2025-08-11
SHP003630,Ho Chi Minh City,Singapore,Sea,23,Delivered,2025-01-15,SKU119,218,2025-02-07
SHP003631,Ho Chi Minh City,Johannesburg,Road,8,Delayed,2025-08-22,SKU102,148,2025-08-30
SHP003632,Zhengzhou,Mumbai,Sea,4,In Transit,2025-02-01,SKU119,153,2025-02-05
SHP003633,Noida,Singapore,Sea,6,In Transit,2025-04-26,SKU118,152,2025-05-02
SHP003634,Bangkok,Chicago,Sea,2,Delivered,2025-03-07,SKU129,181,2025-03-09
SHP003635,Chennai,Mumbai,Air,5,Delayed,2025-07-08,SKU105,217,2025-07-13
SHP003636,Bangkok,Singapore,Road,9,Delivered,2025-12-01,SKU126,152,2025-12-10
SHP003637,Ho Chi Minh City,Dubai,Air,22,Delayed,2025-03-04,SKU114,202,2025-03-26
SHP003638,Ho Chi Minh City,Rotterdam,Sea,5,In Transit,2025-07-15,SKU104,217,2025-07-20
SHP003639,Noida,Rotterdam,Sea,10,Delivered,2025-03-29,SKU102,192,2025-04-08
SHP003640,Ho Chi Minh City,Singapore,Sea,20,In Transit,2025-01-27,SKU112,144,2025-02-16
SHP003641,Zhengzhou,Singapore,Road,15,Delivered,2025-08-04,SKU120,234,2025-08-19
SHP003642,Zhengzhou,Dubai,Sea,23,Delivered,2025-09-19,SKU118,131,2025-10-12
SHP003643,Chennai,Johannesburg,Road,7,Delayed,2025-11-06,SKU114,157,2025-11-13
SHP003644,Ho Chi Minh City,Rotterdam,Air,23,Delayed,2025-04-03,SKU124,130,2025-04-26
SHP003645,Shenzhen,Rotterdam,Air,5,Delivered,2025-09-16,SKU106,192,2025-09-21
SHP003646,Noida,Johannesburg,Air,7,Delayed,2025-11-14,SKU114,219,2025-11-21
SHP003647,Shenzhen,Chicago,Road,16,In Transit,2025-08-27,SKU115,187,2025-09-12
SHP003648,Shenzhen,Mumbai,Air,25,Delayed,2025-10-29,SKU106,224,2025-11-23
SHP003649,Bangkok,Johannesburg,Air,8,Delayed,2025-09-19,SKU118,137,2025-09-27
SHP003650,Noida,Singapore,Road,19,Delivered,2025-08-30,SKU106,183,2025-09-18
SHP003651,Bangkok,Johannesburg,Sea,22,Delayed,2025-10-22,SKU117,102,2025-11-13
SHP003652,Noida,Dubai,Air,24,Delayed,2025-12-26,SKU106,138,2026-01-19
SHP003653,Bangkok,Mumbai,Sea,6,Delivered,2025-08-31,SKU118,201,2025-09-06
SHP003654,Ho Chi Minh City,Johannesburg,Sea,24,In Transit,2025-04-15,SKU129,177,2025-05-09
SHP003655,Ho Chi Minh City,Singapore,Air,25,Delayed,2025-11-05,SKU109,119,2025-11-30
SHP003656,Ho Chi Minh City,Sydney,Road,5,Delayed,2025-02-21,SKU115,108,2025-02-26
SHP003657,Zhengzhou,Rotterdam,Air,22,Delayed,2025-11-26,SKU118,123,2025-12-18
SHP003658,Chennai,Dubai,Road,24,Delivered,2025-11-14,SKU109,172,2025-12-08
SHP003659,Ho Chi Minh City,Johannesburg,Sea,5,Delayed,2025-11-15,SKU114,207,2025-11-20
SHP003660,Bangkok,Chicago,Road,7,Delivered,2025-07-05,SKU105,201,2025-07-12
SHP003661,Noida,Mumbai,Sea,11,Delivered,2025-11-25,SKU128,150,2025-12-06
SHP003662,Bangkok,Johannesburg,Sea,5,In Transit,2025-09-03,SKU111,106,2025-09-08
SHP003663,Zhengzhou,Sao Paulo,Air,21,In Transit,2025-09-01,SKU104,97,2025-09-22
SHP003664,Bangkok,Singapore,Sea,6,Delayed,2025-05-05,SKU101,174,2025-05-11
SHP003665,Bangkok,Dubai,Sea,19,In Transit,2025-09-25,SKU114,161,2025-10-14
SHP003666,Chennai,Dubai,Air,15,In Transit,2025-05-09,SKU101,138,2025-05-24
SHP003667,Ho Chi Minh City,Sao Paulo,Air,12,Delivered,2025-06-30,SKU128,215,2025-07-12
SHP003668,Ho Chi Minh City,Sao Paulo,Sea,18,In Transit,2025-02-26,SKU113,117,2025-03-16
SHP003669,Noida,Rotterdam,Road,14,In Transit,2025-11-29,SKU122,113,2025-12-13
SHP003670,Chennai,Chicago,Air,16,Delayed,2025-02-18,SKU110,116,2025-03-06
SHP003671,Chennai,Dubai,Road,4,Delivered,2025-01-25,SKU116,111,2025-01-29
SHP003672,Shenzhen,Sao Paulo,Air,7,Delivered,2025-08-20,SKU103,152,2025-08-27
SHP003673,Zhengzhou,Sao Paulo,Road,9,Delayed,2025-10-12,SKU116,138,2025-10-21
SHP003674,Zhengzhou,Chicago,Road,5,In Transit,2025-10-17,SKU111,119,2025-10-22
SHP003675,Chennai,Sao Paulo,Road,3,Delivered,2025-09-23,SKU116,195,2025-09-26
SHP003676,Ho Chi Minh City,Johannesburg,Road,11,In Transit,2025-04-30,SKU120,138,2025-05-11
SHP003677,Bangkok,Sydney,Sea,9,Delivered,2025-05-11,SKU116,116,2025-05-20
SHP003678,Shenzhen,Singapore,Air,20,Delivered,2025-10-09,SKU115,115,2025-10-29
SHP003679,Zhengzhou,Sao Paulo,Sea,18,Delayed,2025-09-20,SKU113,131,2025-10-08
SHP003680,Shenzhen,Johannesburg,Sea,5,In Transit,2025-07-25,SKU102,139,2025-07-30
SHP003681,Noida,Chicago,Road,16,Delayed,2025-02-09,SKU121,120,2025-02-25
SHP003682,Zhengzhou,Dubai,Road,17,In Transit,2025-12-03,SKU115,102,2025-12-20
SHP003683,Bangkok,Johannesburg,Road,4,Delivered,2025-08-25,SKU106,222,2025-08-29
SHP003684,Shenzhen,Chicago,Air,16,In Transit,2025-09-21,SKU117,154,2025-10-07
SHP003685,Noida,Mumbai,Road,19,In Transit,2025-07-01,SKU107,129,2025-07-20
SHP003686,Zhengzhou,Dubai,Air,15,Delivered,2025-11-29,SKU103,127,2025-12-14
SHP003687,Chennai,Dubai,Air,14,Delivered,2025-04-28,SKU111,108,2025-05-12
SHP003688,Ho Chi Minh City,Singapore,Road,23,In Transit,2025-11-04,SKU127,216,2025-11-27
SHP003689,Zhengzhou,Sao Paulo,Air,6,In Transit,2025-11-10,SKU110,133,2025-11-16
SHP003690,Chennai,Rotterdam,Sea,21,In Transit,2025-05-24,SKU113,188,2025-06-14
SHP003691,Bangkok,Johannesburg,Air,11,In Transit,2025-01-18,SKU128,124,2025-01-29
SHP003692,Ho Chi Minh City,Singapore,Sea,21,Delayed,2025-12-29,SKU110,189,2026-01-19
SHP003693,Zhengzhou,Singapore,Air,3,In Transit,2025-03-26,SKU102,100,2025-03-29
SHP003694,Zhengzhou,Chicago,Air,23,Delayed,2025-11-25,SKU129,178,2025-12-18
SHP003695,Ho Chi Minh City,Dubai,Air,20,Delivered,2025-02-12,SKU126,155,2025-03-04
SHP003696,Bangkok,Mumbai,Air,8,Delayed,2025-02-09,SKU127,103,2025-02-17
SHP003697,Bangkok,Johannesburg,Air,8,Delayed,2025-01-21,SKU121,186,2025-01-29
SHP003698,Ho Chi Minh City,Dubai,Sea,24,Delayed,2025-05-15,SKU127,204,2025-06-08
SHP003699,Ho Chi Minh City,Dubai,Sea,24,Delivered,2025-09-17,SKU127,225,2025-10-11
SHP003700,Ho Chi Minh City,Sydney,Sea,12,In Transit,2025-07-16,SKU107,206,2025-07-28
SHP003701,Zhengzhou,Johannesburg,Sea,3,In Transit,2025-02-14,SKU103,172,2025-02-17
SHP003702,Shenzhen,Sao Paulo,Sea,16,Delivered,2025-11-07,SKU100,193,2025-11-23
SHP003703,Zhengzhou,Singapore,Sea,14,Delayed,2025-10-30,SKU107,113,2025-11-13
SHP003704,Ho Chi Minh City,Sao Paulo,Air,4,Delivered,2025-05-13,SKU111,150,2025-05-17
SHP003705,Chennai,Dubai,Air,16,Delivered,2025-07-19,SKU129,149,2025-08-04
SHP003706,Chennai,Sydney,Air,9,Delivered,2025-06-06,SKU111,133,2025-06-15
SHP003707,Ho Chi Minh City,Johannesburg,Road,25,In Transit,2025-09-12,SKU126,125,2025-10-07
SHP003708,Zhengzhou,Mumbai,Sea,2,Delivered,2025-11-29,SKU126,163,2025-12-01
SHP003709,Shenzhen,Johannesburg,Air,5,Delayed,2025-12-13,SKU103,98,2025-12-18
SHP003710,Noida,Dubai,Sea,10,Delivered,2025-07-28,SKU103,123,2025-08-07
SHP003711,Bangkok,Johannesburg,Road,15,Delivered,2025-08-13,SKU116,199,2025-08-28
SHP003712,Noida,Sydney,Road,16,In Transit,2025-09-30,SKU126,116,2025-10-16
SHP003713,Zhengzhou,Dubai,Sea,23,Delayed,2025-07-19,SKU114,218,2025-08-11
SHP003714,Shenzhen,Dubai,Air,10,Delayed,2025-07-04,SKU116,153,2025-07-14
SHP003715,Ho Chi Minh City,Johannesburg,Sea,8,Delivered,2025-08-08,SKU110,222,2025-08-16
SHP003716,Ho Chi Minh City,Chicago,Air,23,Delivered,2025-12-02,SKU117,110,2025-12-25
SHP003717,Chennai,Dubai,Air,3,Delayed,2025-12-14,SKU107,163,2025-12-17
SHP003718,Ho Chi Minh City,Chicago,Road,13,Delivered,2025-02-10,SKU103,187,2025-02-23
SHP003719,Chennai,Johannesburg,Road,6,In Transit,2025-05-14,SKU107,150,2025-05-20
SHP003720,Zhengzhou,Johannesburg,Sea,18,In Transit,2025-07-20,SKU103,221,2025-08-07
SHP003721,Ho Chi Minh City,Mumbai,Air,25,Delivered,2025-09-12,SKU101,110,2025-10-07
SHP003722,Noida,Rotterdam,Road,10,Delayed,2025-04-29,SKU100,132,2025-05-09
SHP003723,Bangkok,Sydney,Road,24,In Transit,2025-12-21,SKU126,103,2026-01-14
SHP003724,Chennai,Singapore,Road,24,In Transit,2025-05-28,SKU114,108,2025-06-21
SHP003725,Zhengzhou,Sydney,Sea,16,Delayed,2025-11-25,SKU111,99,2025-12-11
SHP003726,Noida,Sydney,Road,11,In Transit,2025-01-24,SKU112,118,2025-02-04
SHP003727,Noida,Sao Paulo,Road,2,In Transit,2025-09-15,SKU108,183,2025-09-17
SHP003728,Zhengzhou,Sao Paulo,Road,9,Delayed,2025-06-17,SKU103,201,2025-06-26
SHP003729,Chennai,Rotterdam,Air,13,Delayed,2025-12-02,SKU123,131,2025-12-15
SHP003730,Noida,Singapore,Sea,7,Delayed,2025-04-02,SKU117,245,2025-04-09
SHP003731,Bangkok,Johannesburg,Sea,5,In Transit,2025-10-09,SKU103,169,2025-10-14
SHP003732,Shenzhen,Rotterdam,Sea,18,Delivered,2025-04-24,SKU117,200,2025-05-12
SHP003733,Chennai,Dubai,Air,5,Delayed,2025-03-12,SKU106,182,2025-03-17
SHP003734,Bangkok,Dubai,Air,21,In Transit,2025-01-08,SKU123,166,2025-01-29
SHP003735,Shenzhen,Dubai,Road,16,In Transit,2025-03-20,SKU100,187,2025-04-05
SHP003736,Ho Chi Minh City,Mumbai,Sea,14,Delayed,2025-01-02,SKU112,149,2025-01-16
SHP003737,Chennai,Rotterdam,Air,2,Delayed,2025-08-21,SKU121,184,2025-08-23
SHP003738,Noida,Dubai,Road,7,Delivered,2025-06-10,SKU108,214,2025-06-17
SHP003739,Bangkok,Dubai,Air,9,In Transit,2025-04-10,SKU103,102,2025-04-19
SHP003740,Zhengzhou,Sydney,Air,6,Delayed,2025-08-28,SKU105,140,2025-09-03
SHP003741,Ho Chi Minh City,Sao Paulo,Air,5,In Transit,2025-07-14,SKU116,147,2025-07-19
SHP003742,Zhengzhou,Chicago,Sea,19,Delayed,2025-10-13,SKU101,107,2025-11-01
SHP003743,Noida,Chicago,Sea,18,Delivered,2025-05-29,SKU109,91,2025-06-16
SHP003744,Bangkok,Singapore,Road,19,Delayed,2025-08-28,SKU123,119,2025-09-16
SHP003745,Chennai,Sao Paulo,Sea,11,In Transit,2025-11-30,SKU100,130,2025-12-11
SHP003746,Chennai,Johannesburg,Air,20,In Transit,2025-10-26,SKU112,144,2025-11-15
SHP003747,Noida,Sydney,Sea,4,Delivered,2025-04-27,SKU125,153,2025-05-01
SHP003748,Ho Chi Minh City,Singapore,Road,20,Delivered,2025-08-30,SKU111,120,2025-09-19
SHP003749,Chennai,Singapore,Air,21,Delivered,2025-06-03,SKU123,117,2025-06-24
SHP003750,Shenzhen,Dubai,Sea,25,Delayed,2025-12-23,SKU117,193,2026-01-17
SHP003751,Zhengzhou,Johannesburg,Sea,12,Delayed,2025-07-09,SKU113,142,2025-07-21
SHP003752,Chennai,Rotterdam,Road,11,Delivered,2025-03-31,SKU110,119,2025-04-11
SHP003753,Chennai,Dubai,Sea,23,Delivered,2025-11-30,SKU117,90,2025-12-23
SHP003754,Noida,Rotterdam,Road,25,In Transit,2025-02-22,SKU118,215,2025-03-19
SHP003755,Zhengzhou,Sao Paulo,Sea,16,Delayed,2025-03-12,SKU123,139,2025-03-28
SHP003756,Noida,Johannesburg,Air,21,In Transit,2025-10-29,SKU104,122,2025-11-19
SHP003757,Ho Chi Minh City,Sydney,Air,16,In Transit,2025-05-29,SKU116,212,2025-06-14
SHP003758,Shenzhen,Sydney,Road,24,In Transit,2025-12-08,SKU125,203,2026-01-01
SHP003759,Noida,Dubai,Road,21,In Transit,2025-02-14,SKU122,202,2025-03-07
SHP003760,Shenzhen,Sao Paulo,Air,4,Delayed,2025-10-28,SKU121,191,2025-11-01
SHP003761,Zhengzhou,Chicago,Road,23,Delivered,2025-05-25,SKU117,159,2025-06-17
SHP003762,Zhengzhou,Dubai,Sea,4,In Transit,2025-12-25,SKU118,204,2025-12-29
SHP003763,Shenzhen,Sydney,Road,14,In Transit,2025-02-19,SKU103,184,2025-03-05
SHP003764,Chennai,Dubai,Sea,15,Delivered,2025-07-18,SKU106,213,2025-08-02
SHP003765,Zhengzhou,Rotterdam,Air,15,Delayed,2025-07-28,SKU105,190,2025-08-12
SHP003766,Noida,Johannesburg,Air,12,Delayed,2025-09-22,SKU106,169,2025-10-04
SHP003767,Noida,Mumbai,Sea,12,Delivered,2025-09-19,SKU113,233,2025-10-01
SHP003768,Ho Chi Minh City,Sao Paulo,Sea,14,Delayed,2025-07-17,SKU114,92,2025-07-31
SHP003769,Ho Chi Minh City,Singapore,Sea,15,Delivered,2025-10-26,SKU120,196,2025-11-10
SHP003770,Ho Chi Minh City,Johannesburg,Air,8,Delayed,2025-09-02,SKU119,226,2025-09-10
SHP003771,Noida,Sydney,Sea,11,In Transit,2025-11-03,SKU119,216,2025-11-14
SHP003772,Zhengzhou,Singapore,Road,6,In Transit,2025-12-26,SKU110,122,2026-01-01
SHP003773,Shenzhen,Johannesburg,Sea,17,Delivered,2025-11-16,SKU117,155,2025-12-03
SHP003774,Noida,Sydney,Road,24,Delayed,2025-08-22,SKU108,188,2025-09-15
SHP003775,Zhengzhou,Chicago,Sea,5,Delivered,2025-07-27,SKU125,155,2025-08-01
SHP003776,Noida,Rotterdam,Road,24,Delivered,2025-02-04,SKU111,192,2025-02-28
SHP003777,Zhengzhou,Sydney,Road,19,Delayed,2025-08-10,SKU102,136,2025-08-29
SHP003778,Ho Chi Minh City,Dubai,Road,12,In Transit,2025-12-04,SKU112,140,2025-12-16
SHP003779,Zhengzhou,Johannesburg,Sea,5,Delivered,2025-10-14,SKU125,161,2025-10-19
SHP003780,Zhengzhou,Dubai,Sea,5,In Transit,2025-06-12,SKU114,218,2025-06-17
SHP003781,Chennai,Sao Paulo,Sea,18,In Transit,2025-06-10,SKU122,118,2025-06-28
SHP003782,Zhengzhou,Chicago,Sea,13,Delivered,2025-12-31,SKU124,206,2026-01-13
SHP003783,Zhengzhou,Mumbai,Air,7,Delayed,2025-03-13,SKU109,230,2025-03-20
SHP003784,Ho Chi Minh City,Rotterdam,Air,13,Delivered,2025-04-18,SKU112,190,2025-05-01
SHP003785,Noida,Sydney,Air,9,In Transit,2025-12-04,SKU122,121,2025-12-13
SHP003786,Shenzhen,Johannesburg,Road,16,In Transit,2025-04-05,SKU120,224,2025-04-21
SHP003787,Ho Chi Minh City,Dubai,Road,11,In Transit,2025-07-31,SKU104,126,2025-08-11
SHP003788,Ho Chi Minh City,Chicago,Road,18,In Transit,2025-06-05,SKU114,184,2025-06-23
SHP003789,Ho Chi Minh City,Rotterdam,Road,8,In Transit,2025-01-26,SKU117,171,2025-02-03
SHP003790,Chennai,Sao Paulo,Sea,22,Delayed,2025-01-26,SKU101,128,2025-02-17
SHP003791,Shenzhen,Sao Paulo,Air,15,Delayed,2025-09-15,SKU101,163,2025-09-30
SHP003792,Bangkok,Sydney,Air,8,In Transit,2025-03-28,SKU108,166,2025-04-05
SHP003793,Ho Chi Minh City,Mumbai,Road,14,Delayed,2025-03-23,SKU113,135,2025-04-06
SHP003794,Zhengzhou,Rotterdam,Air,4,Delayed,2025-08-28,SKU109,192,2025-09-01
SHP003795,Ho Chi Minh City,Singapore,Road,4,Delayed,2025-03-24,SKU109,146,2025-03-28
SHP003796,Zhengzhou,Rotterdam,Sea,18,Delivered,2025-05-07,SKU122,147,2025-05-25
SHP003797,Zhengzhou,Johannesburg,Air,17,In Transit,2025-03-26,SKU123,148,2025-04-12
SHP003798,Shenzhen,Sao Paulo,Air,8,In Transit,2025-12-17,SKU125,124,2025-12-25
SHP003799,Chennai,Sydney,Road,12,Delayed,2025-05-01,SKU125,129,2025-05-13
SHP003800,Bangkok,Dubai,Sea,12,Delayed,2025-10-25,SKU126,138,2025-11-06
SHP003801,Bangkok,Sydney,Road,3,Delivered,2025-01-14,SKU128,218,2025-01-17
SHP003802,Zhengzhou,Sao Paulo,Sea,6,Delivered,2025-01-15,SKU106,166,2025-01-21
SHP003803,Shenzhen,Sao Paulo,Road,25,Delivered,2025-03-03,SKU127,131,2025-03-28
SHP003804,Zhengzhou,Sao Paulo,Air,14,Delayed,2025-09-05,SKU129,153,2025-09-19
SHP003805,Shenzhen,Rotterdam,Sea,12,In Transit,2025-05-22,SKU125,188,2025-06-03
SHP003806,Ho Chi Minh City,Mumbai,Sea,6,Delayed,2025-05-11,SKU121,194,2025-05-17
SHP003807,Zhengzhou,Chicago,Road,25,Delayed,2025-11-08,SKU102,203,2025-12-03
SHP003808,Bangkok,Singapore,Sea,9,Delivered,2025-11-30,SKU104,199,2025-12-09
SHP003809,Noida,Dubai,Sea,21,Delayed,2025-07-16,SKU128,110,2025-08-06
SHP003810,Chennai,Johannesburg,Air,8,Delivered,2025-10-28,SKU106,113,2025-11-05
SHP003811,Chennai,Sydney,Sea,12,In Transit,2025-07-31,SKU126,183,2025-08-12
SHP003812,Noida,Chicago,Air,24,Delayed,2025-01-25,SKU116,165,2025-02-18
SHP003813,Shenzhen,Rotterdam,Air,2,Delayed,2025-11-26,SKU124,212,2025-11-28
SHP003814,Zhengzhou,Johannesburg,Air,16,In Transit,2025-10-10,SKU102,156,2025-10-26
SHP003815,Bangkok,Dubai,Sea,21,Delivered,2025-01-02,SKU113,206,2025-01-23
SHP003816,Shenzhen,Dubai,Sea,21,Delayed,2025-08-10,SKU122,118,2025-08-31
SHP003817,Chennai,Mumbai,Air,22,Delayed,2025-03-04,SKU110,102,2025-03-26
SHP003818,Noida,Johannesburg,Sea,14,Delayed,2025-07-21,SKU100,130,2025-08-04
SHP003819,Shenzhen,Mumbai,Sea,10,In Transit,2025-12-22,SKU118,116,2026-01-01
SHP003820,Shenzhen,Sao Paulo,Sea,8,Delivered,2025-04-21,SKU120,211,2025-04-29
SHP003821,Chennai,Sydney,Road,22,In Transit,2025-03-09,SKU122,108,2025-03-31
SHP003822,Noida,Mumbai,Road,9,Delayed,2025-09-30,SKU110,105,2025-10-09
SHP003823,Zhengzhou,Sao Paulo,Air,3,Delivered,2025-01-02,SKU117,131,2025-01-05
SHP003824,Bangkok,Johannesburg,Sea,19,Delayed,2025-10-20,SKU129,111,2025-11-08
SHP003825,Shenzhen,Sao Paulo,Sea,11,Delayed,2025-04-14,SKU124,211,2025-04-25
SHP003826,Chennai,Singapore,Air,3,Delivered,2025-09-10,SKU109,186,2025-09-13
SHP003827,Ho Chi Minh City,Chicago,Air,5,Delayed,2025-11-25,SKU102,222,2025-11-30
SHP003828,Ho Chi Minh City,Singapore,Road,3,Delayed,2025-04-10,SKU127,120,2025-04-13
SHP003829,Bangkok,Sao Paulo,Sea,18,In Transit,2025-11-21,SKU114,229,2025-12-09
SHP003830,Shenzhen,Sydney,Road,16,Delayed,2025-01-15,SKU119,147,2025-01-31
SHP003831,Ho Chi Minh City,Dubai,Road,2,In Transit,2025-09-13,SKU100,169,2025-09-15
SHP003832,Shenzhen,Johannesburg,Sea,20,In Transit,2025-09-27,SKU109,148,2025-10-17
SHP003833,Noida,Chicago,Road,8,Delayed,2025-02-05,SKU112,144,2025-02-13
SHP003834,Bangkok,Johannesburg,Road,13,Delayed,2025-02-10,SKU125,144,2025-02-23
SHP003835,Noida,Singapore,Road,10,Delayed,2025-08-11,SKU110,200,2025-08-21
SHP003836,Shenzhen,Johannesburg,Road,16,Delayed,2025-06-08,SKU111,198,2025-06-24
SHP003837,Noida,Singapore,Air,11,Delivered,2025-12-18,SKU113,106,2025-12-29
SHP003838,Ho Chi Minh City,Rotterdam,Sea,25,Delayed,2025-02-18,SKU128,129,2025-03-15
SHP003839,Bangkok,Mumbai,Road,24,Delayed,2025-11-14,SKU117,147,2025-12-08
SHP003840,Zhengzhou,Sydney,Road,24,Delivered,2025-03-15,SKU121,196,2025-04-08
SHP003841,Shenzhen,Johannesburg,Sea,11,Delivered,2025-06-06,SKU126,137,2025-06-17
SHP003842,Shenzhen,Chicago,Road,7,Delivered,2025-01-27,SKU100,214,2025-02-03
SHP003843,Bangkok,Dubai,Road,10,Delivered,2025-11-12,SKU111,99,2025-11-22
SHP003844,Shenzhen,Sydney,Air,19,Delayed,2025-03-26,SKU120,110,2025-04-14
SHP003845,Noida,Sydney,Air,6,Delivered,2025-10-04,SKU119,138,2025-10-10
SHP003846,Ho Chi Minh City,Sao Paulo,Air,13,Delivered,2025-03-04,SKU113,199,2025-03-17
SHP003847,Noida,Sao Paulo,Road,7,Delayed,2025-01-18,SKU103,165,2025-01-25
SHP003848,Bangkok,Johannesburg,Sea,11,In Transit,2025-04-21,SKU108,101,2025-05-02
SHP003849,Zhengzhou,Sydney,Road,16,Delivered,2025-03-05,SKU128,206,2025-03-21
SHP003850,Zhengzhou,Sao Paulo,Air,11,Delivered,2025-09-18,SKU112,154,2025-09-29
SHP003851,Chennai,Johannesburg,Air,10,Delivered,2025-01-02,SKU127,130,2025-01-12
SHP003852,Chennai,Dubai,Road,11,Delivered,2025-04-18,SKU104,191,2025-04-29
SHP003853,Bangkok,Rotterdam,Road,24,Delayed,2025-01-14,SKU105,187,2025-02-07
SHP003854,Chennai,Chicago,Road,4,In Transit,2025-10-13,SKU105,180,2025-10-17
SHP003855,Bangkok,Rotterdam,Road,2,Delivered,2025-08-19,SKU122,168,2025-08-21
SHP003856,Ho Chi Minh City,Sydney,Sea,2,Delivered,2025-11-07,SKU112,107,2025-11-09
SHP003857,Noida,Sydney,Air,5,Delayed,2025-07-07,SKU108,166,2025-07-12
SHP003858,Zhengzhou,Mumbai,Road,3,Delivered,2025-12-13,SKU100,185,2025-12-16
SHP003859,Shenzhen,Singapore,Road,14,In Transit,2025-01-09,SKU128,102,2025-01-23
SHP003860,Ho Chi Minh City,Sao Paulo,Sea,24,Delivered,2025-10-17,SKU107,177,2025-11-10
SHP003861,Chennai,Chicago,Air,23,Delivered,2025-02-18,SKU115,135,2025-03-13
SHP003862,Ho Chi Minh City,Singapore,Road,21,Delayed,2025-04-15,SKU100,118,2025-05-06
SHP003863,Noida,Mumbai,Road,14,Delayed,2025-09-14,SKU115,122,2025-09-28
SHP003864,Noida,Rotterdam,Road,14,In Transit,2025-05-22,SKU109,198,2025-06-05
SHP003865,Shenzhen,Dubai,Road,5,Delivered,2025-10-03,SKU121,119,2025-10-08
SHP003866,Ho Chi Minh City,Dubai,Sea,12,In Transit,2025-04-15,SKU108,179,2025-04-27
SHP003867,Shenzhen,Johannesburg,Sea,20,Delivered,2025-08-15,SKU129,127,2025-09-04
SHP003868,Chennai,Sydney,Road,15,Delivered,2025-05-20,SKU102,172,2025-06-04
SHP003869,Ho Chi Minh City,Dubai,Air,11,In Transit,2025-11-21,SKU103,201,2025-12-02
SHP003870,Noida,Singapore,Air,21,Delivered,2025-05-16,SKU129,165,2025-06-06
SHP003871,Bangkok,Sydney,Road,13,Delivered,2025-03-25,SKU111,121,2025-04-07
SHP003872,Bangkok,Chicago,Air,8,In Transit,2025-05-10,SKU115,159,2025-05-18
SHP003873,Bangkok,Mumbai,Sea,16,Delivered,2025-08-19,SKU114,133,2025-09-04
SHP003874,Noida,Johannesburg,Road,21,In Transit,2025-11-03,SKU113,177,2025-11-24
SHP003875,Ho Chi Minh City,Chicago,Sea,12,Delayed,2025-01-15,SKU119,208,2025-01-27
SHP003876,Zhengzhou,Rotterdam,Air,6,Delayed,2025-11-20,SKU118,117,2025-11-26
SHP003877,Zhengzhou,Chicago,Sea,21,Delivered,2025-08-27,SKU108,165,2025-09-17
SHP003878,Bangkok,Singapore,Air,12,Delivered,2025-11-22,SKU117,178,2025-12-04
SHP003879,Noida,Rotterdam,Road,23,Delivered,2025-03-20,SKU126,95,2025-04-12
SHP003880,Chennai,Sao Paulo,Sea,6,In Transit,2025-08-06,SKU106,112,2025-08-12
SHP003881,Noida,Rotterdam,Sea,11,In Transit,2025-10-19,SKU127,169,2025-10-30
SHP003882,Shenzhen,Chicago,Road,5,Delivered,2025-07-05,SKU120,111,2025-07-10
SHP003883,Zhengzhou,Sydney,Air,2,In Transit,2025-12-03,SKU113,107,2025-12-05
SHP003884,Ho Chi Minh City,Sao Paulo,Road,12,Delayed,2025-06-24,SKU109,190,2025-07-06
SHP003885,Noida,Sydney,Road,11,In Transit,2025-03-03,SKU125,208,2025-03-14
SHP003886,Noida,Dubai,Road,8,Delivered,2025-05-09,SKU101,129,2025-05-17
SHP003887,Zhengzhou,Singapore,Sea,4,Delivered,2025-12-07,SKU114,97,2025-12-11
SHP003888,Bangkok,Sydney,Air,13,Delayed,2025-05-25,SKU126,147,2025-06-07
SHP003889,Ho Chi Minh City,Rotterdam,Road,11,In Transit,2025-09-16,SKU122,168,2025-09-27
SHP003890,Bangkok,Dubai,Sea,21,Delivered,2025-12-11,SKU129,173,2026-01-01
SHP003891,Chennai,Dubai,Road,6,In Transit,2025-02-13,SKU128,166,2025-02-19
SHP003892,Noida,Rotterdam,Air,4,Delayed,2025-12-07,SKU128,140,2025-12-11
SHP003893,Zhengzhou,Sao Paulo,Sea,18,Delayed,2025-10-06,SKU102,175,2025-10-24
SHP003894,Noida,Johannesburg,Road,15,Delayed,2025-10-25,SKU104,106,2025-11-09
SHP003895,Shenzhen,Johannesburg,Air,4,Delayed,2025-03-20,SKU100,107,2025-03-24
SHP003896,Shenzhen,Singapore,Road,22,In Transit,2025-08-04,SKU124,190,2025-08-26
SHP003897,Noida,Johannesburg,Road,9,Delayed,2025-09-14,SKU101,230,2025-09-23
SHP003898,Chennai,Dubai,Road,18,Delayed,2025-09-26,SKU129,155,2025-10-14
SHP003899,Ho Chi Minh City,Rotterdam,Sea,9,Delayed,2025-07-30,SKU106,200,2025-08-08
SHP003900,Noida,Mumbai,Air,11,Delivered,2025-07-31,SKU112,112,2025-08-11
SHP003901,Chennai,Singapore,Air,17,Delivered,2025-03-19,SKU111,116,2025-04-05
SHP003902,Bangkok,Chicago,Road,16,In Transit,2025-01-28,SKU112,198,2025-02-13
SHP003903,Chennai,Singapore,Air,10,In Transit,2025-08-04,SKU127,162,2025-08-14
SHP003904,Shenzhen,Mumbai,Air,7,Delivered,2025-02-26,SKU108,120,2025-03-05
SHP003905,Noida,Johannesburg,Sea,16,Delayed,2025-02-23,SKU106,208,2025-03-11
SHP003906,Shenzhen,Sydney,Road,14,In Transit,2025-05-24,SKU113,231,2025-06-07
SHP003907,Ho Chi Minh City,Sydney,Sea,2,Delayed,2025-09-16,SKU126,182,2025-09-18
SHP003908,Chennai,Rotterdam,Air,5,In Transit,2025-04-08,SKU116,216,2025-04-13
SHP003909,Ho Chi Minh City,Mumbai,Sea,15,Delivered,2025-04-12,SKU115,231,2025-04-27
SHP003910,Shenzhen,Singapore,Air,7,Delayed,2025-12-22,SKU109,146,2025-12-29
SHP003911,Shenzhen,Sydney,Sea,14,Delayed,2025-11-27,SKU108,186,2025-12-11
SHP003912,Bangkok,Sydney,Air,9,In Transit,2025-03-07,SKU124,175,2025-03-16
SHP003913,Zhengzhou,Sao Paulo,Road,16,In Transit,2025-12-19,SKU114,131,2026-01-04
SHP003914,Shenzhen,Johannesburg,Road,23,In Transit,2025-03-08,SKU112,112,2025-03-31
SHP003915,Zhengzhou,Rotterdam,Road,13,In Transit,2025-07-20,SKU112,196,2025-08-02
SHP003916,Chennai,Sydney,Air,17,Delivered,2025-08-24,SKU108,212,2025-09-10
SHP003917,Noida,Mumbai,Sea,3,Delivered,2025-06-24,SKU106,134,2025-06-27
SHP003918,Chennai,Chicago,Road,11,Delivered,2025-10-09,SKU121,177,2025-10-20
SHP003919,Chennai,Sao Paulo,Sea,5,Delivered,2025-05-29,SKU120,142,2025-06-03
SHP003920,Zhengzhou,Rotterdam,Sea,11,Delayed,2025-10-20,SKU121,212,2025-10-31
SHP003921,Zhengzhou,Dubai,Road,18,Delayed,2025-10-13,SKU119,112,2025-10-31
SHP003922,Ho Chi Minh City,Singapore,Sea,6,Delivered,2025-09-17,SKU103,164,2025-09-23
SHP003923,Ho Chi Minh City,Rotterdam,Road,17,Delivered,2025-12-10,SKU111,167,2025-12-27
SHP003924,Noida,Dubai,Road,13,Delayed,2025-04-10,SKU109,154,2025-04-23
SHP003925,Chennai,Mumbai,Sea,13,Delayed,2025-10-31,SKU129,127,2025-11-13
SHP003926,Noida,Dubai,Sea,13,Delivered,2025-02-08,SKU107,202,2025-02-21
SHP003927,Chennai,Dubai,Sea,7,Delivered,2025-03-07,SKU108,122,2025-03-14
SHP003928,Shenzhen,Johannesburg,Road,18,Delivered,2025-10-02,SKU111,139,2025-10-20
SHP003929,Chennai,Chicago,Air,16,Delivered,2025-08-22,SKU120,151,2025-09-07
SHP003930,Zhengzhou,Singapore,Sea,2,Delayed,2025-08-09,SKU105,187,2025-08-11
SHP003931,Zhengzhou,Sydney,Air,2,In Transit,2025-06-11,SKU105,160,2025-06-13
SHP003932,Zhengzhou,Sao Paulo,Air,11,In Transit,2025-07-02,SKU107,115,2025-07-13
SHP003933,Bangkok,Sao Paulo,Air,17,Delivered,2025-06-12,SKU122,153,2025-06-29
SHP003934,Noida,Mumbai,Air,20,Delayed,2025-09-20,SKU120,99,2025-10-10
SHP003935,Noida,Dubai,Air,4,Delivered,2025-05-30,SKU106,151,2025-06-03
SHP003936,Zhengzhou,Dubai,Sea,12,Delivered,2025-09-22,SKU104,182,2025-10-04
SHP003937,Bangkok,Chicago,Air,14,Delivered,2025-08-17,SKU117,149,2025-08-31
SHP003938,Ho Chi Minh City,Chicago,Road,3,In Transit,2025-06-08,SKU106,119,2025-06-11
SHP003939,Zhengzhou,Singapore,Air,7,Delivered,2025-05-12,SKU119,172,2025-05-19
SHP003940,Chennai,Johannesburg,Road,15,Delayed,2025-03-28,SKU101,146,2025-04-12
SHP003941,Ho Chi Minh City,Chicago,Road,23,In Transit,2025-02-14,SKU105,160,2025-03-09
SHP003942,Shenzhen,Rotterdam,Air,25,In Transit,2025-04-15,SKU118,184,2025-05-10
SHP003943,Noida,Rotterdam,Air,23,Delayed,2025-05-01,SKU116,152,2025-05-24
SHP003944,Shenzhen,Johannesburg,Air,9,Delayed,2025-07-07,SKU124,166,2025-07-16
SHP003945,Ho Chi Minh City,Singapore,Sea,4,In Transit,2025-10-28,SKU114,109,2025-11-01
SHP003946,Bangkok,Chicago,Air,21,Delayed,2025-09-18,SKU128,200,2025-10-09
SHP003947,Ho Chi Minh City,Singapore,Sea,14,Delivered,2025-09-08,SKU119,224,2025-09-22
SHP003948,Shenzhen,Mumbai,Road,3,Delivered,2025-06-13,SKU108,199,2025-06-16
SHP003949,Ho Chi Minh City,Chicago,Road,13,In Transit,2025-11-27,SKU127,195,2025-12-10
SHP003950,Zhengzhou,Sao Paulo,Road,4,Delayed,2025-11-18,SKU129,166,2025-11-22
SHP003951,Shenzhen,Chicago,Air,24,In Transit,2025-09-24,SKU106,205,2025-10-18
SHP003952,Chennai,Singapore,Sea,9,In Transit,2025-03-20,SKU103,235,2025-03-29
SHP003953,Shenzhen,Johannesburg,Road,19,Delivered,2025-02-20,SKU120,183,2025-03-11
SHP003954,Shenzhen,Chicago,Air,8,Delivered,2025-05-06,SKU120,155,2025-05-14
SHP003955,Shenzhen,Singapore,Road,8,In Transit,2025-03-21,SKU127,207,2025-03-29
SHP003956,Chennai,Dubai,Air,24,In Transit,2025-07-24,SKU100,140,2025-08-17
SHP003957,Ho Chi Minh City,Sao Paulo,Sea,24,Delayed,2025-06-14,SKU114,213,2025-07-08
SHP003958,Zhengzhou,Mumbai,Road,17,Delivered,2025-04-30,SKU119,212,2025-05-17
SHP003959,Bangkok,Chicago,Road,4,Delivered,2025-06-13,SKU105,140,2025-06-17
SHP003960,Noida,Chicago,Sea,18,In Transit,2025-06-27,SKU129,100,2025-07-15
SHP003961,Zhengzhou,Johannesburg,Road,12,Delayed,2025-08-07,SKU118,183,2025-08-19
SHP003962,Bangkok,Sao Paulo,Sea,17,In Transit,2025-10-28,SKU103,115,2025-11-14
SHP003963,Shenzhen,Sydney,Road,21,Delayed,2025-07-02,SKU100,181,2025-07-23
SHP003964,Bangkok,Johannesburg,Sea,14,In Transit,2025-10-30,SKU125,102,2025-11-13
SHP003965,Noida,Rotterdam,Air,16,Delayed,2025-10-28,SKU113,220,2025-11-13
SHP003966,Shenzhen,Dubai,Sea,21,Delayed,2025-11-06,SKU125,227,2025-11-27
SHP003967,Zhengzhou,Sydney,Air,8,Delayed,2025-06-09,SKU112,229,2025-06-17
SHP003968,Bangkok,Singapore,Sea,19,In Transit,2025-10-14,SKU113,145,2025-11-02
SHP003969,Shenzhen,Johannesburg,Road,6,In Transit,2025-01-17,SKU115,198,2025-01-23
SHP003970,Noida,Chicago,Air,25,Delivered,2025-11-26,SKU119,105,2025-12-21
SHP003971,Zhengzhou,Sao Paulo,Road,8,Delayed,2025-10-27,SKU109,168,2025-11-04
SHP003972,Shenzhen,Rotterdam,Air,22,Delayed,2025-06-19,SKU118,110,2025-07-11
SHP003973,Noida,Rotterdam,Sea,15,Delivered,2025-04-30,SKU129,174,2025-05-15
SHP003974,Ho Chi Minh City,Sydney,Air,4,Delivered,2025-07-12,SKU128,108,2025-07-16
SHP003975,Shenzhen,Sao Paulo,Road,20,Delivered,2025-10-07,SKU102,140,2025-10-27
SHP003976,Bangkok,Singapore,Sea,20,Delivered,2025-01-10,SKU125,151,2025-01-30
SHP003977,Bangkok,Sao Paulo,Road,22,Delivered,2025-07-14,SKU126,211,2025-08-05
SHP003978,Chennai,Rotterdam,Road,16,Delivered,2025-10-06,SKU129,146,2025-10-22
SHP003979,Shenzhen,Johannesburg,Sea,7,Delayed,2025-10-31,SKU112,152,2025-11-07
SHP003980,Bangkok,Sao Paulo,Air,5,Delayed,2025-04-28,SKU101,127,2025-05-03
SHP003981,Bangkok,Rotterdam,Sea,4,In Transit,2025-09-27,SKU126,150,2025-10-01
SHP003982,Ho Chi Minh City,Rotterdam,Sea,4,In Transit,2025-01-09,SKU128,127,2025-01-13
SHP003983,Ho Chi Minh City,Sao Paulo,Road,17,Delayed,2025-03-06,SKU125,208,2025-03-23
SHP003984,Chennai,Chicago,Sea,8,Delivered,2025-12-03,SKU124,147,2025-12-11
SHP003985,Zhengzhou,Dubai,Road,24,In Transit,2025-04-19,SKU127,130,2025-05-13
SHP003986,Zhengzhou,Chicago,Air,19,Delivered,2025-08-26,SKU129,160,2025-09-14
SHP003987,Noida,Sydney,Sea,14,Delivered,2025-03-13,SKU104,147,2025-03-27
SHP003988,Bangkok,Chicago,Sea,9,Delivered,2025-03-21,SKU113,186,2025-03-30
SHP003989,Bangkok,Rotterdam,Air,23,Delivered,2025-04-03,SKU115,183,2025-04-26
SHP003990,Ho Chi Minh City,Mumbai,Road,3,Delayed,2025-10-09,SKU114,140,2025-10-12
SHP003991,Chennai,Mumbai,Road,7,Delivered,2025-09-11,SKU124,206,2025-09-18
SHP003992,Shenzhen,Sao Paulo,Air,9,In Transit,2025-12-06,SKU106,200,2025-12-15
SHP003993,Zhengzhou,Dubai,Sea,11,In Transit,2025-10-20,SKU114,116,2025-10-31
SHP003994,Chennai,Mumbai,Sea,11,In Transit,2025-10-31,SKU115,188,2025-11-11
SHP003995,Bangkok,Sao Paulo,Road,3,In Transit,2025-09-23,SKU118,145,2025-09-26
SHP003996,Chennai,Mumbai,Air,7,Delayed,2025-05-10,SKU109,182,2025-05-17
SHP003997,Zhengzhou,Singapore,Sea,9,In Transit,2025-03-08,SKU108,174,2025-03-17
SHP003998,Noida,Dubai,Sea,4,Delivered,2025-08-07,SKU112,129,2025-08-11
SHP003999,Shenzhen,Sydney,Sea,12,Delayed,2025-08-02,SKU107,163,2025-08-14
SHP004000,Chennai,Sydney,Sea,25,Delayed,2025-03-25,SKU104,142,2025-04-19
SHP004001,Chennai,Johannesburg,Air,3,Delivered,2025-10-03,SKU108,190,2025-10-06
SHP004002,Bangkok,Singapore,Sea,2,In Transit,2025-11-28,SKU127,153,2025-11-30
SHP004003,Bangkok,Singapore,Sea,13,In Transit,2025-12-16,SKU100,133,2025-12-29
SHP004004,Bangkok,Mumbai,Sea,6,In Transit,2025-12-27,SKU114,224,2026-01-02
SHP004005,Ho Chi Minh City,Rotterdam,Air,4,Delayed,2025-06-30,SKU104,152,2025-07-04
SHP004006,Bangkok,Chicago,Road,6,Delivered,2025-09-14,SKU120,100,2025-09-20
SHP004007,Ho Chi Minh City,Rotterdam,Road,10,In Transit,2025-10-09,SKU106,197,2025-10-19
SHP004008,Chennai,Chicago,Road,14,Delayed,2025-07-06,SKU111,90,2025-07-20
SHP004009,Chennai,Dubai,Sea,2,Delivered,2025-02-15,SKU123,201,2025-02-17
SHP004010,Shenzhen,Johannesburg,Road,11,In Transit,2025-07-17,SKU114,187,2025-07-28
SHP004011,Noida,Mumbai,Air,21,In Transit,2025-10-29,SKU125,185,2025-11-19
SHP004012,Bangkok,Mumbai,Sea,21,In Transit,2025-05-13,SKU121,232,2025-06-03
SHP004013,Shenzhen,Mumbai,Sea,21,In Transit,2025-01-07,SKU124,130,2025-01-28
SHP004014,Ho Chi Minh City,Sao Paulo,Air,20,Delayed,2025-10-06,SKU119,176,2025-10-26
SHP004015,Chennai,Rotterdam,Air,24,Delayed,2025-07-02,SKU116,168,2025-07-26
SHP004016,Bangkok,Sydney,Air,6,In Transit,2025-10-03,SKU120,166,2025-10-09
SHP004017,Chennai,Sao Paulo,Road,17,In Transit,2025-09-25,SKU102,141,2025-10-12
SHP004018,Chennai,Mumbai,Sea,9,In Transit,2025-10-23,SKU100,156,2025-11-01
SHP004019,Bangkok,Mumbai,Air,18,Delivered,2025-09-21,SKU103,154,2025-10-09
SHP004020,Ho Chi Minh City,Chicago,Air,10,Delivered,2025-01-30,SKU112,123,2025-02-09
SHP004021,Zhengzhou,Sao Paulo,Sea,22,In Transit,2025-11-12,SKU122,184,2025-12-04
SHP004022,Bangkok,Rotterdam,Sea,15,In Transit,2025-06-20,SKU108,98,2025-07-05
SHP004023,Bangkok,Dubai,Sea,2,In Transit,2025-01-01,SKU110,144,2025-01-03
SHP004024,Bangkok,Mumbai,Air,3,Delivered,2025-11-09,SKU123,150,2025-11-12
SHP004025,Bangkok,Singapore,Sea,16,Delayed,2025-03-05,SKU108,115,2025-03-21
SHP004026,Ho Chi Minh City,Rotterdam,Road,3,In Transit,2025-09-23,SKU104,206,2025-09-26
SHP004027,Chennai,Rotterdam,Sea,9,Delayed,2025-11-18,SKU103,200,2025-11-27
SHP004028,Bangkok,Sao Paulo,Sea,11,Delivered,2025-10-11,SKU106,180,2025-10-22
SHP004029,Bangkok,Singapore,Road,12,In Transit,2025-05-01,SKU128,222,2025-05-13
SHP004030,Bangkok,Sao Paulo,Road,5,Delayed,2025-04-17,SKU100,166,2025-04-22
SHP004031,Shenzhen,Chicago,Air,20,Delivered,2025-01-11,SKU122,119,2025-01-31
SHP004032,Noida,Chicago,Sea,4,In Transit,2025-05-03,SKU128,168,2025-05-07
SHP004033,Zhengzhou,Chicago,Sea,21,Delivered,2025-07-06,SKU103,159,2025-07-27
SHP004034,Shenzhen,Singapore,Air,17,Delivered,2025-01-12,SKU117,105,2025-01-29
SHP004035,Noida,Sao Paulo,Air,16,In Transit,2025-09-01,SKU118,142,2025-09-17
SHP004036,Bangkok,Chicago,Sea,24,In Transit,2025-06-24,SKU129,161,2025-07-18
SHP004037,Bangkok,Sydney,Sea,23,Delivered,2025-07-23,SKU120,95,2025-08-15
SHP004038,Ho Chi Minh City,Chicago,Sea,6,Delayed,2025-11-24,SKU113,100,2025-11-30
SHP004039,Bangkok,Sydney,Road,10,In Transit,2025-06-14,SKU124,166,2025-06-24
SHP004040,Shenzhen,Rotterdam,Air,18,In Transit,2025-04-20,SKU115,167,2025-05-08
SHP004041,Zhengzhou,Mumbai,Road,3,Delivered,2025-02-05,SKU122,108,2025-02-08
SHP004042,Chennai,Sydney,Road,24,In Transit,2025-04-10,SKU112,91,2025-05-04
SHP004043,Ho Chi Minh City,Singapore,Sea,24,In Transit,2025-08-05,SKU100,211,2025-08-29
SHP004044,Shenzhen,Sao Paulo,Sea,18,Delivered,2025-05-13,SKU112,165,2025-05-31
SHP004045,Chennai,Singapore,Air,21,Delivered,2025-03-19,SKU127,194,2025-04-09
SHP004046,Bangkok,Sao Paulo,Road,19,Delayed,2025-11-01,SKU108,109,2025-11-20
SHP004047,Noida,Sao Paulo,Sea,5,Delivered,2025-03-16,SKU104,175,2025-03-21
SHP004048,Zhengzhou,Chicago,Sea,9,In Transit,2025-02-18,SKU124,164,2025-02-27
SHP004049,Zhengzhou,Rotterdam,Air,8,In Transit,2025-09-13,SKU103,108,2025-09-21
SHP004050,Shenzhen,Johannesburg,Sea,2,In Transit,2025-05-08,SKU129,132,2025-05-10
SHP004051,Noida,Mumbai,Road,17,Delivered,2025-01-06,SKU127,136,2025-01-23
SHP004052,Zhengzhou,Sao Paulo,Sea,3,Delayed,2025-04-17,SKU129,188,2025-04-20
SHP004053,Bangkok,Singapore,Air,21,In Transit,2025-04-30,SKU100,172,2025-05-21
SHP004054,Shenzhen,Johannesburg,Road,4,Delivered,2025-05-28,SKU116,196,2025-06-01
SHP004055,Noida,Dubai,Sea,2,Delayed,2025-01-21,SKU105,212,2025-01-23
SHP004056,Noida,Singapore,Air,19,In Transit,2025-07-09,SKU111,145,2025-07-28
SHP004057,Bangkok,Rotterdam,Sea,12,Delivered,2025-02-13,SKU121,233,2025-02-25
SHP004058,Shenzhen,Chicago,Road,20,Delivered,2025-02-23,SKU107,100,2025-03-15
SHP004059,Ho Chi Minh City,Sao Paulo,Road,8,Delayed,2025-11-16,SKU121,107,2025-11-24
SHP004060,Zhengzhou,Sydney,Sea,5,In Transit,2025-01-08,SKU129,202,2025-01-13
SHP004061,Shenzhen,Chicago,Sea,22,Delivered,2025-11-07,SKU107,106,2025-11-29
SHP004062,Zhengzhou,Mumbai,Road,21,Delivered,2025-08-24,SKU128,220,2025-09-14
SHP004063,Chennai,Sydney,Sea,19,Delivered,2025-09-29,SKU119,163,2025-10-18
SHP004064,Chennai,Rotterdam,Air,6,Delayed,2025-12-05,SKU124,142,2025-12-11
SHP004065,Bangkok,Chicago,Sea,4,Delayed,2025-11-08,SKU124,201,2025-11-12
SHP004066,Chennai,Dubai,Sea,2,Delayed,2025-06-11,SKU114,113,2025-06-13
SHP004067,Bangkok,Rotterdam,Sea,17,Delivered,2025-06-05,SKU121,114,2025-06-22
SHP004068,Shenzhen,Rotterdam,Air,12,Delivered,2025-03-20,SKU118,202,2025-04-01
SHP004069,Chennai,Chicago,Sea,20,Delayed,2025-02-13,SKU111,136,2025-03-05
SHP004070,Chennai,Rotterdam,Sea,11,In Transit,2025-08-26,SKU103,176,2025-09-06
SHP004071,Zhengzhou,Johannesburg,Sea,22,Delivered,2025-06-27,SKU114,112,2025-07-19
SHP004072,Shenzhen,Chicago,Air,3,In Transit,2025-12-12,SKU115,141,2025-12-15
SHP004073,Ho Chi Minh City,Mumbai,Sea,3,Delayed,2025-04-15,SKU102,190,2025-04-18
SHP004074,Bangkok,Dubai,Sea,14,Delayed,2025-07-26,SKU104,140,2025-08-09
SHP004075,Ho Chi Minh City,Sydney,Air,16,Delayed,2025-07-03,SKU118,110,2025-07-19
SHP004076,Chennai,Mumbai,Road,6,Delivered,2025-05-14,SKU126,152,2025-05-20
SHP004077,Shenzhen,Sao Paulo,Sea,19,Delayed,2025-04-07,SKU100,187,2025-04-26
SHP004078,Ho Chi Minh City,Johannesburg,Air,7,Delayed,2025-11-26,SKU123,196,2025-12-03
SHP004079,Shenzhen,Dubai,Sea,19,Delivered,2025-09-06,SKU124,200,2025-09-25
SHP004080,Ho Chi Minh City,Johannesburg,Sea,8,Delayed,2025-05-28,SKU104,98,2025-06-05
SHP004081,Bangkok,Sydney,Road,14,In Transit,2025-04-18,SKU122,181,2025-05-02
SHP004082,Shenzhen,Mumbai,Sea,22,In Transit,2025-05-07,SKU121,199,2025-05-29
SHP004083,Chennai,Chicago,Sea,24,Delayed,2025-07-11,SKU124,186,2025-08-04
SHP004084,Shenzhen,Mumbai,Air,3,Delayed,2025-01-30,SKU119,132,2025-02-02
SHP004085,Zhengzhou,Sao Paulo,Air,17,Delayed,2025-08-30,SKU107,171,2025-09-16
SHP004086,Zhengzhou,Mumbai,Air,25,In Transit,2025-02-10,SKU117,165,2025-03-07
SHP004087,Noida,Rotterdam,Road,20,Delivered,2025-08-13,SKU111,136,2025-09-02
SHP004088,Noida,Sydney,Sea,21,Delayed,2025-04-13,SKU113,208,2025-05-04
SHP004089,Bangkok,Mumbai,Air,6,Delayed,2025-09-08,SKU122,160,2025-09-14
SHP004090,Chennai,Chicago,Road,2,In Transit,2025-12-22,SKU105,161,2025-12-24
SHP004091,Bangkok,Sao Paulo,Road,22,Delayed,2025-11-30,SKU119,197,2025-12-22
SHP004092,Noida,Chicago,Road,18,Delivered,2025-12-10,SKU123,104,2025-12-28
SHP004093,Chennai,Sydney,Air,24,Delivered,2025-10-05,SKU115,229,2025-10-29
SHP004094,Ho Chi Minh City,Mumbai,Air,19,Delayed,2025-04-15,SKU115,221,2025-05-04
SHP004095,Noida,Singapore,Road,3,Delivered,2025-04-09,SKU124,133,2025-04-12
SHP004096,Noida,Mumbai,Air,6,Delayed,2025-11-14,SKU121,147,2025-11-20
SHP004097,Ho Chi Minh City,Mumbai,Sea,15,In Transit,2025-02-16,SKU123,164,2025-03-03
SHP004098,Bangkok,Chicago,Air,12,Delivered,2025-05-10,SKU122,217,2025-05-22
SHP004099,Chennai,Sao Paulo,Air,17,Delayed,2025-01-18,SKU115,181,2025-02-04
SHP004100,Zhengzhou,Sao Paulo,Sea,16,Delivered,2025-12-23,SKU112,220,2026-01-08
SHP004101,Chennai,Sao Paulo,Road,24,In Transit,2025-01-12,SKU119,213,2025-02-05
SHP004102,Noida,Sao Paulo,Sea,5,In Transit,2025-12-29,SKU100,226,2026-01-03
SHP004103,Noida,Johannesburg,Air,25,Delivered,2025-03-24,SKU117,239,2025-04-18
SHP004104,Zhengzhou,Singapore,Road,22,Delivered,2025-09-02,SKU105,175,2025-09-24
SHP004105,Zhengzhou,Rotterdam,Road,15,Delayed,2025-04-23,SKU112,117,2025-05-08
SHP004106,Chennai,Rotterdam,Air,17,In Transit,2025-06-29,SKU128,111,2025-07-16
SHP004107,Chennai,Johannesburg,Air,9,Delivered,2025-05-03,SKU117,134,2025-05-12
SHP004108,Zhengzhou,Rotterdam,Road,22,Delivered,2025-12-31,SKU119,150,2026-01-22
SHP004109,Chennai,Mumbai,Road,25,Delayed,2025-09-03,SKU116,145,2025-09-28
SHP004110,Bangkok,Dubai,Road,19,Delivered,2025-10-20,SKU125,167,2025-11-08
SHP004111,Bangkok,Mumbai,Sea,17,Delayed,2025-01-20,SKU118,143,2025-02-06
SHP004112,Ho Chi Minh City,Sydney,Sea,14,In Transit,2025-03-28,SKU107,103,2025-04-11
SHP004113,Bangkok,Sao Paulo,Air,25,In Transit,2025-10-09,SKU102,118,2025-11-03
SHP004114,Shenzhen,Dubai,Sea,21,Delivered,2025-01-24,SKU101,152,2025-02-14
SHP004115,Shenzhen,Singapore,Road,22,In Transit,2025-07-20,SKU110,192,2025-08-11
SHP004116,Zhengzhou,Singapore,Road,6,Delayed,2025-09-13,SKU102,180,2025-09-19
SHP004117,Ho Chi Minh City,Singapore,Air,11,In Transit,2025-11-05,SKU104,183,2025-11-16
SHP004118,Chennai,Johannesburg,Road,25,Delivered,2025-08-10,SKU101,172,2025-09-04
SHP004119,Bangkok,Chicago,Sea,24,Delivered,2025-10-12,SKU114,114,2025-11-05
SHP004120,Chennai,Rotterdam,Air,7,Delayed,2025-02-20,SKU102,198,2025-02-27
SHP004121,Noida,Singapore,Air,25,Delivered,2025-06-30,SKU122,185,2025-07-25
SHP004122,Chennai,Dubai,Sea,15,In Transit,2025-03-12,SKU105,114,2025-03-27
SHP004123,Ho Chi Minh City,Chicago,Sea,9,Delivered,2025-05-09,SKU109,157,2025-05-18
SHP004124,Bangkok,Mumbai,Air,24,Delayed,2025-01-01,SKU102,130,2025-01-25
SHP004125,Noida,Sydney,Sea,2,Delivered,2025-06-01,SKU113,172,2025-06-03
SHP004126,Shenzhen,Mumbai,Sea,5,Delayed,2025-05-11,SKU128,198,2025-05-16
SHP004127,Chennai,Singapore,Sea,7,In Transit,2025-02-17,SKU101,107,2025-02-24
SHP004128,Bangkok,Sao Paulo,Sea,18,Delivered,2025-04-29,SKU112,147,2025-05-17
SHP004129,Shenzhen,Chicago,Sea,15,In Transit,2025-05-02,SKU125,200,2025-05-17
SHP004130,Ho Chi Minh City,Dubai,Sea,13,Delivered,2025-09-15,SKU116,119,2025-09-28
SHP004131,Chennai,Sao Paulo,Sea,14,Delayed,2025-01-19,SKU122,197,2025-02-02
SHP004132,Zhengzhou,Mumbai,Sea,13,Delivered,2025-06-15,SKU109,193,2025-06-28
SHP004133,Chennai,Dubai,Sea,13,Delivered,2025-09-19,SKU122,118,2025-10-02
SHP004134,Zhengzhou,Sydney,Air,10,In Transit,2025-12-08,SKU100,211,2025-12-18
SHP004135,Noida,Dubai,Road,25,Delivered,2025-02-25,SKU128,176,2025-03-22
SHP004136,Bangkok,Singapore,Road,12,Delivered,2025-02-04,SKU112,180,2025-02-16
SHP004137,Bangkok,Singapore,Sea,3,Delivered,2025-07-17,SKU101,185,2025-07-20
SHP004138,Ho Chi Minh City,Sydney,Sea,5,In Transit,2025-11-10,SKU116,97,2025-11-15
SHP004139,Shenzhen,Johannesburg,Sea,20,Delivered,2025-12-22,SKU108,128,2026-01-11
SHP004140,Ho Chi Minh City,Singapore,Road,8,In Transit,2025-05-27,SKU103,148,2025-06-04
SHP004141,Chennai,Singapore,Air,14,Delayed,2025-03-25,SKU104,186,2025-04-08
SHP004142,Bangkok,Sao Paulo,Road,18,In Transit,2025-09-02,SKU110,96,2025-09-20
SHP004143,Noida,Rotterdam,Air,25,Delivered,2025-07-09,SKU124,152,2025-08-03
SHP004144,Chennai,Rotterdam,Air,14,Delivered,2025-06-04,SKU125,162,2025-06-18
SHP004145,Bangkok,Singapore,Sea,14,In Transit,2025-02-28,SKU103,138,2025-03-14
SHP004146,Chennai,Johannesburg,Air,21,Delivered,2025-02-22,SKU104,207,2025-03-15
SHP004147,Shenzhen,Sao Paulo,Sea,9,In Transit,2025-11-23,SKU104,116,2025-12-02
SHP004148,Noida,Sydney,Air,18,Delivered,2025-01-22,SKU119,139,2025-02-09
SHP004149,Zhengzhou,Sao Paulo,Air,20,Delivered,2025-03-19,SKU122,118,2025-04-08
SHP004150,Chennai,Chicago,Road,18,In Transit,2025-04-17,SKU109,117,2025-05-05
SHP004151,Bangkok,Johannesburg,Air,12,Delivered,2025-11-21,SKU124,133,2025-12-03
SHP004152,Chennai,Sao Paulo,Road,8,Delayed,2025-12-23,SKU107,118,2025-12-31
SHP004153,Noida,Chicago,Sea,10,In Transit,2025-03-09,SKU101,226,2025-03-19
SHP004154,Noida,Sao Paulo,Sea,20,Delivered,2025-07-04,SKU119,115,2025-07-24
SHP004155,Ho Chi Minh City,Rotterdam,Sea,12,Delayed,2025-03-13,SKU113,107,2025-03-25
SHP004156,Zhengzhou,Mumbai,Road,12,Delayed,2025-07-26,SKU119,215,2025-08-07
SHP004157,Noida,Rotterdam,Road,18,Delayed,2025-01-10,SKU127,150,2025-01-28
SHP004158,Noida,Chicago,Air,23,In Transit,2025-03-07,SKU111,225,2025-03-30
SHP004159,Chennai,Sao Paulo,Sea,22,Delayed,2025-10-31,SKU111,149,2025-11-22
SHP004160,Ho Chi Minh City,Rotterdam,Sea,2,In Transit,2025-05-20,SKU107,103,2025-05-22
SHP004161,Zhengzhou,Sydney,Air,13,In Transit,2025-11-07,SKU102,104,2025-11-20
SHP004162,Noida,Mumbai,Road,8,In Transit,2025-09-21,SKU125,193,2025-09-29
SHP004163,Zhengzhou,Sao Paulo,Sea,3,Delayed,2025-07-15,SKU128,223,2025-07-18
SHP004164,Ho Chi Minh City,Chicago,Sea,25,In Transit,2025-01-27,SKU125,130,2025-02-21
SHP004165,Zhengzhou,Dubai,Sea,20,Delayed,2025-11-17,SKU100,210,2025-12-07
SHP004166,Shenzhen,Johannesburg,Road,5,Delayed,2025-05-30,SKU113,186,2025-06-04
SHP004167,Zhengzhou,Johannesburg,Road,13,Delayed,2025-03-05,SKU117,176,2025-03-18
SHP004168,Chennai,Sydney,Air,20,Delivered,2025-05-15,SKU107,228,2025-06-04
SHP004169,Ho Chi Minh City,Johannesburg,Road,20,Delayed,2025-01-29,SKU109,175,2025-02-18
SHP004170,Noida,Sydney,Air,21,Delayed,2025-08-13,SKU109,90,2025-09-03
SHP004171,Zhengzhou,Sydney,Road,15,Delayed,2025-05-20,SKU123,193,2025-06-04
SHP004172,Zhengzhou,Sao Paulo,Road,14,Delivered,2025-02-11,SKU123,106,2025-02-25
SHP004173,Bangkok,Dubai,Air,8,In Transit,2025-06-10,SKU128,117,2025-06-18
SHP004174,Shenzhen,Mumbai,Air,18,In Transit,2025-01-14,SKU110,193,2025-02-01
SHP004175,Noida,Chicago,Air,12,Delivered,2025-05-03,SKU117,108,2025-05-15
SHP004176,Ho Chi Minh City,Rotterdam,Sea,18,In Transit,2025-09-28,SKU125,163,2025-10-16
SHP004177,Ho Chi Minh City,Chicago,Road,23,In Transit,2025-06-23,SKU112,107,2025-07-16
SHP004178,Noida,Sao Paulo,Road,8,Delayed,2025-02-07,SKU119,168,2025-02-15
SHP004179,Shenzhen,Dubai,Road,3,In Transit,2025-10-31,SKU120,138,2025-11-03
SHP004180,Zhengzhou,Mumbai,Road,8,Delayed,2025-11-02,SKU101,104,2025-11-10
SHP004181,Noida,Mumbai,Sea,9,In Transit,2025-05-03,SKU120,137,2025-05-12
SHP004182,Bangkok,Mumbai,Sea,19,Delayed,2025-06-28,SKU102,186,2025-07-17
SHP004183,Zhengzhou,Dubai,Road,21,In Transit,2025-07-28,SKU127,128,2025-08-18
SHP004184,Zhengzhou,Mumbai,Sea,22,Delayed,2025-10-31,SKU127,126,2025-11-22
SHP004185,Noida,Sydney,Road,7,In Transit,2025-11-14,SKU126,149,2025-11-21
SHP004186,Zhengzhou,Johannesburg,Road,16,In Transit,2025-03-14,SKU116,168,2025-03-30
SHP004187,Zhengzhou,Chicago,Sea,19,Delivered,2025-06-02,SKU114,120,2025-06-21
SHP004188,Zhengzhou,Dubai,Sea,9,Delayed,2025-05-15,SKU101,213,2025-05-24
SHP004189,Zhengzhou,Singapore,Sea,7,Delayed,2025-12-28,SKU116,155,2026-01-04
SHP004190,Bangkok,Chicago,Road,21,Delayed,2025-07-25,SKU128,102,2025-08-15
SHP004191,Chennai,Sydney,Road,23,In Transit,2025-03-10,SKU115,156,2025-04-02
SHP004192,Ho Chi Minh City,Singapore,Air,2,Delayed,2025-09-10,SKU121,231,2025-09-12
SHP004193,Noida,Singapore,Road,8,Delivered,2025-06-05,SKU107,149,2025-06-13
SHP004194,Noida,Rotterdam,Road,14,In Transit,2025-10-28,SKU108,228,2025-11-11
SHP004195,Bangkok,Chicago,Air,24,In Transit,2025-01-12,SKU115,136,2025-02-05
SHP004196,Ho Chi Minh City,Mumbai,Sea,24,Delayed,2025-03-01,SKU114,200,2025-03-25
SHP004197,Zhengzhou,Mumbai,Air,18,Delivered,2025-09-21,SKU112,190,2025-10-09
SHP004198,Noida,Mumbai,Air,22,Delayed,2025-11-17,SKU121,133,2025-12-09
SHP004199,Ho Chi Minh City,Sao Paulo,Road,12,Delivered,2025-04-17,SKU118,136,2025-04-29
SHP004200,Noida,Singapore,Air,21,Delivered,2025-03-08,SKU105,163,2025-03-29
SHP004201,Bangkok,Sydney,Road,10,Delivered,2025-10-03,SKU108,115,2025-10-13
SHP004202,Ho Chi Minh City,Johannesburg,Road,25,Delayed,2025-08-08,SKU111,116,2025-09-02
SHP004203,Noida,Mumbai,Air,13,Delivered,2025-05-13,SKU114,155,2025-05-26
SHP004204,Noida,Mumbai,Sea,14,Delivered,2025-12-28,SKU100,127,2026-01-11
SHP004205,Bangkok,Mumbai,Air,13,Delivered,2025-06-30,SKU102,192,2025-07-13
SHP004206,Shenzhen,Rotterdam,Air,15,Delayed,2025-01-29,SKU128,111,2025-02-13
SHP004207,Zhengzhou,Singapore,Sea,16,Delayed,2025-08-04,SKU123,182,2025-08-20
SHP004208,Chennai,Johannesburg,Road,22,Delivered,2025-01-11,SKU112,129,2025-02-02
SHP004209,Bangkok,Singapore,Air,18,Delivered,2025-08-30,SKU115,152,2025-09-17
SHP004210,Noida,Sydney,Road,10,Delivered,2025-05-20,SKU104,132,2025-05-30
SHP004211,Zhengzhou,Singapore,Air,3,Delivered,2025-07-28,SKU112,140,2025-07-31
SHP004212,Noida,Sydney,Road,3,Delivered,2025-03-23,SKU120,186,2025-03-26
SHP004213,Zhengzhou,Mumbai,Sea,21,Delivered,2025-07-23,SKU120,142,2025-08-13
SHP004214,Noida,Sao Paulo,Air,18,In Transit,2025-02-27,SKU122,203,2025-03-17
SHP004215,Noida,Johannesburg,Air,6,Delivered,2025-05-29,SKU103,133,2025-06-04
SHP004216,Noida,Mumbai,Road,9,In Transit,2025-05-11,SKU107,230,2025-05-20
SHP004217,Shenzhen,Chicago,Air,15,Delayed,2025-02-19,SKU110,190,2025-03-06
SHP004218,Bangkok,Chicago,Air,18,In Transit,2025-08-04,SKU123,127,2025-08-22
SHP004219,Bangkok,Dubai,Sea,15,Delivered,2025-09-08,SKU120,145,2025-09-23
SHP004220,Zhengzhou,Sao Paulo,Road,18,Delivered,2025-04-20,SKU102,140,2025-05-08
SHP004221,Shenzhen,Rotterdam,Road,11,In Transit,2025-08-28,SKU101,129,2025-09-08
SHP004222,Noida,Chicago,Road,6,In Transit,2025-03-10,SKU103,134,2025-03-16
SHP004223,Noida,Chicago,Air,12,Delayed,2025-12-11,SKU113,191,2025-12-23
SHP004224,Chennai,Sydney,Sea,11,Delayed,2025-05-23,SKU129,177,2025-06-03
SHP004225,Noida,Sao Paulo,Road,9,Delayed,2025-09-07,SKU103,116,2025-09-16
SHP004226,Bangkok,Chicago,Sea,10,Delivered,2025-10-26,SKU101,195,2025-11-05
SHP004227,Shenzhen,Chicago,Air,25,Delayed,2025-10-10,SKU126,116,2025-11-04
SHP004228,Chennai,Johannesburg,Road,15,In Transit,2025-07-11,SKU101,220,2025-07-26
SHP004229,Chennai,Dubai,Air,9,Delivered,2025-03-10,SKU104,208,2025-03-19
SHP004230,Shenzhen,Sydney,Sea,11,Delayed,2025-12-01,SKU101,111,2025-12-12
SHP004231,Shenzhen,Singapore,Sea,19,In Transit,2025-12-18,SKU128,139,2026-01-06
SHP004232,Chennai,Singapore,Sea,9,Delayed,2025-01-23,SKU101,228,2025-02-01
SHP004233,Chennai,Sao Paulo,Air,25,Delayed,2025-06-30,SKU119,105,2025-07-25
SHP004234,Ho Chi Minh City,Singapore,Sea,12,In Transit,2025-09-16,SKU122,225,2025-09-28
SHP004235,Zhengzhou,Johannesburg,Road,9,Delivered,2025-01-31,SKU103,201,2025-02-09
SHP004236,Shenzhen,Chicago,Road,23,Delivered,2025-06-05,SKU119,192,2025-06-28
SHP004237,Shenzhen,Mumbai,Road,16,Delivered,2025-05-17,SKU128,144,2025-06-02
SHP004238,Chennai,Sydney,Air,20,Delivered,2025-10-20,SKU101,113,2025-11-09
SHP004239,Noida,Mumbai,Sea,19,Delayed,2025-11-16,SKU113,226,2025-12-05
SHP004240,Chennai,Sydney,Road,19,In Transit,2025-01-09,SKU125,170,2025-01-28
SHP004241,Ho Chi Minh City,Johannesburg,Sea,18,Delayed,2025-05-26,SKU112,158,2025-06-13
SHP004242,Noida,Rotterdam,Air,18,Delayed,2025-06-26,SKU122,101,2025-07-14
SHP004243,Ho Chi Minh City,Sydney,Road,2,In Transit,2025-02-21,SKU113,136,2025-02-23
SHP004244,Chennai,Mumbai,Sea,2,In Transit,2025-09-28,SKU115,210,2025-09-30
SHP004245,Zhengzhou,Rotterdam,Sea,12,In Transit,2025-01-12,SKU103,174,2025-01-24
SHP004246,Ho Chi Minh City,Rotterdam,Sea,17,Delivered,2025-03-01,SKU115,172,2025-03-18
SHP004247,Zhengzhou,Singapore,Road,13,In Transit,2025-05-07,SKU101,132,2025-05-20
SHP004248,Chennai,Sao Paulo,Air,19,In Transit,2025-04-03,SKU116,138,2025-04-22
SHP004249,Noida,Singapore,Air,13,In Transit,2025-03-13,SKU120,145,2025-03-26
SHP004250,Ho Chi Minh City,Dubai,Air,8,Delayed,2025-02-03,SKU124,197,2025-02-11
SHP004251,Shenzhen,Rotterdam,Air,25,In Transit,2025-11-23,SKU106,105,2025-12-18
SHP004252,Shenzhen,Mumbai,Air,23,Delivered,2025-12-02,SKU101,104,2025-12-25
SHP004253,Zhengzhou,Johannesburg,Road,17,Delayed,2025-11-09,SKU116,203,2025-11-26
SHP004254,Noida,Sydney,Road,17,Delayed,2025-01-17,SKU108,201,2025-02-03
SHP004255,Chennai,Johannesburg,Air,25,In Transit,2025-01-17,SKU117,115,2025-02-11
SHP004256,Bangkok,Sao Paulo,Road,2,Delivered,2025-05-06,SKU102,202,2025-05-08
SHP004257,Shenzhen,Chicago,Air,3,Delayed,2025-06-03,SKU114,127,2025-06-06
SHP004258,Chennai,Chicago,Air,22,In Transit,2025-06-03,SKU105,212,2025-06-25
SHP004259,Chennai,Johannesburg,Air,23,Delivered,2025-11-24,SKU106,104,2025-12-17
SHP004260,Zhengzhou,Singapore,Sea,24,Delayed,2025-07-13,SKU123,104,2025-08-06
SHP004261,Zhengzhou,Sydney,Air,14,Delayed,2025-05-20,SKU118,209,2025-06-03
SHP004262,Shenzhen,Johannesburg,Air,21,In Transit,2025-03-22,SKU113,196,2025-04-12
SHP004263,Bangkok,Mumbai,Sea,8,Delayed,2025-08-05,SKU111,120,2025-08-13
SHP004264,Ho Chi Minh City,Johannesburg,Sea,14,In Transit,2025-04-06,SKU119,127,2025-04-20
SHP004265,Zhengzhou,Sydney,Road,7,In Transit,2025-01-27,SKU117,148,2025-02-03
SHP004266,Zhengzhou,Johannesburg,Sea,18,In Transit,2025-02-15,SKU120,212,2025-03-05
SHP004267,Zhengzhou,Sydney,Road,10,In Transit,2025-05-15,SKU109,223,2025-05-25
SHP004268,Zhengzhou,Chicago,Air,8,Delayed,2025-11-13,SKU110,185,2025-11-21
SHP004269,Zhengzhou,Sydney,Road,20,Delivered,2025-02-27,SKU109,159,2025-03-19
SHP004270,Shenzhen,Singapore,Air,21,Delivered,2025-03-28,SKU109,111,2025-04-18
SHP004271,Bangkok,Chicago,Road,17,In Transit,2025-11-02,SKU108,206,2025-11-19
SHP004272,Chennai,Dubai,Road,23,Delayed,2025-05-29,SKU109,149,2025-06-21
SHP004273,Chennai,Chicago,Air,7,In Transit,2025-09-24,SKU118,167,2025-10-01
SHP004274,Zhengzhou,Singapore,Road,14,In Transit,2025-01-13,SKU121,116,2025-01-27
SHP004275,Noida,Chicago,Road,9,In Transit,2025-11-25,SKU120,96,2025-12-04
SHP004276,Bangkok,Mumbai,Road,9,Delayed,2025-10-12,SKU106,216,2025-10-21
SHP004277,Shenzhen,Singapore,Air,25,In Transit,2025-09-21,SKU128,171,2025-10-16
SHP004278,Ho Chi Minh City,Mumbai,Sea,24,In Transit,2025-03-30,SKU110,203,2025-04-23
SHP004279,Ho Chi Minh City,Singapore,Air,10,Delayed,2025-11-12,SKU119,208,2025-11-22
SHP004280,Zhengzhou,Singapore,Road,17,In Transit,2025-04-10,SKU104,202,2025-04-27
SHP004281,Noida,Chicago,Air,2,Delivered,2025-06-09,SKU127,158,2025-06-11
SHP004282,Zhengzhou,Singapore,Air,23,Delayed,2025-02-18,SKU100,158,2025-03-13
SHP004283,Chennai,Chicago,Sea,23,In Transit,2025-11-24,SKU106,169,2025-12-17
SHP004284,Chennai,Mumbai,Sea,13,Delivered,2025-04-16,SKU103,208,2025-04-29
SHP004285,Ho Chi Minh City,Sydney,Road,14,Delivered,2025-08-19,SKU119,178,2025-09-02
SHP004286,Zhengzhou,Singapore,Road,8,Delayed,2025-10-18,SKU117,103,2025-10-26
SHP004287,Bangkok,Mumbai,Sea,24,Delayed,2025-07-04,SKU108,210,2025-07-28
SHP004288,Zhengzhou,Singapore,Road,7,In Transit,2025-04-04,SKU128,189,2025-04-11
SHP004289,Bangkok,Dubai,Road,24,Delivered,2025-02-08,SKU123,179,2025-03-04
SHP004290,Noida,Singapore,Air,18,Delivered,2025-03-11,SKU110,98,2025-03-29
SHP004291,Zhengzhou,Dubai,Air,7,In Transit,2025-04-05,SKU118,150,2025-04-12
SHP004292,Chennai,Sydney,Road,2,Delivered,2025-02-04,SKU129,144,2025-02-06
SHP004293,Noida,Dubai,Sea,15,Delivered,2025-04-23,SKU110,177,2025-05-08
SHP004294,Bangkok,Rotterdam,Sea,20,In Transit,2025-08-11,SKU127,174,2025-08-31
SHP004295,Noida,Chicago,Road,3,In Transit,2025-08-20,SKU117,148,2025-08-23
SHP004296,Shenzhen,Mumbai,Sea,13,Delivered,2025-09-15,SKU124,110,2025-09-28
SHP004297,Chennai,Sao Paulo,Air,24,Delivered,2025-04-29,SKU100,171,2025-05-23
SHP004298,Noida,Singapore,Road,12,In Transit,2025-01-21,SKU107,185,2025-02-02
SHP004299,Noida,Mumbai,Air,23,Delivered,2025-05-15,SKU119,223,2025-06-07
SHP004300,Shenzhen,Johannesburg,Sea,25,In Transit,2025-07-04,SKU119,137,2025-07-29
SHP004301,Zhengzhou,Singapore,Road,20,In Transit,2025-05-25,SKU123,103,2025-06-14
SHP004302,Noida,Singapore,Sea,7,Delayed,2025-09-20,SKU124,138,2025-09-27
SHP004303,Bangkok,Singapore,Road,25,Delivered,2025-07-03,SKU112,145,2025-07-28
SHP004304,Noida,Mumbai,Air,12,In Transit,2025-04-21,SKU114,107,2025-05-03
SHP004305,Ho Chi Minh City,Sao Paulo,Air,3,In Transit,2025-10-02,SKU127,221,2025-10-05
SHP004306,Bangkok,Sao Paulo,Sea,15,In Transit,2025-06-27,SKU127,190,2025-07-12
SHP004307,Chennai,Rotterdam,Sea,8,Delayed,2025-01-14,SKU124,173,2025-01-22
SHP004308,Shenzhen,Chicago,Sea,21,In Transit,2025-06-29,SKU104,114,2025-07-20
SHP004309,Bangkok,Rotterdam,Sea,13,Delayed,2025-10-21,SKU109,171,2025-11-03
SHP004310,Bangkok,Mumbai,Road,13,Delivered,2025-12-06,SKU114,190,2025-12-19
SHP004311,Bangkok,Rotterdam,Air,15,In Transit,2025-05-31,SKU106,151,2025-06-15
SHP004312,Chennai,Rotterdam,Air,24,In Transit,2025-01-14,SKU124,169,2025-02-07
SHP004313,Zhengzhou,Sydney,Air,7,In Transit,2025-03-13,SKU120,236,2025-03-20
SHP004314,Chennai,Mumbai,Sea,8,Delayed,2025-09-23,SKU109,185,2025-10-01
SHP004315,Zhengzhou,Johannesburg,Sea,21,In Transit,2025-01-10,SKU114,153,2025-01-31
SHP004316,Ho Chi Minh City,Chicago,Air,10,In Transit,2025-09-03,SKU125,112,2025-09-13
SHP004317,Chennai,Sao Paulo,Road,20,Delayed,2025-05-20,SKU104,132,2025-06-09
SHP004318,Chennai,Sao Paulo,Road,4,Delivered,2025-10-21,SKU104,109,2025-10-25
SHP004319,Chennai,Dubai,Sea,9,Delayed,2025-12-30,SKU121,113,2026-01-08
SHP004320,Bangkok,Sao Paulo,Sea,10,Delivered,2025-05-06,SKU119,184,2025-05-16
SHP004321,Noida,Chicago,Sea,15,In Transit,2025-09-03,SKU120,159,2025-09-18
SHP004322,Chennai,Sydney,Road,6,In Transit,2025-04-29,SKU119,133,2025-05-05
SHP004323,Shenzhen,Rotterdam,Road,24,Delivered,2025-07-05,SKU122,104,2025-07-29
SHP004324,Shenzhen,Sydney,Air,4,Delivered,2025-05-03,SKU121,177,2025-05-07
SHP004325,Noida,Chicago,Air,4,Delivered,2025-10-10,SKU119,204,2025-10-14
SHP004326,Shenzhen,Mumbai,Sea,3,Delivered,2025-04-06,SKU112,139,2025-04-09
SHP004327,Shenzhen,Johannesburg,Road,20,Delivered,2025-04-03,SKU127,199,2025-04-23
SHP004328,Zhengzhou,Mumbai,Road,15,Delayed,2025-06-11,SKU121,133,2025-06-26
SHP004329,Noida,Sydney,Air,18,Delayed,2025-01-08,SKU101,227,2025-01-26
SHP004330,Ho Chi Minh City,Rotterdam,Road,10,In Transit,2025-04-21,SKU119,186,2025-05-01
SHP004331,Bangkok,Singapore,Sea,10,In Transit,2025-10-28,SKU129,173,2025-11-07
SHP004332,Noida,Singapore,Sea,18,Delayed,2025-10-11,SKU106,114,2025-10-29
SHP004333,Bangkok,Singapore,Road,22,Delayed,2025-11-04,SKU118,114,2025-11-26
SHP004334,Noida,Sydney,Air,11,In Transit,2025-07-26,SKU126,143,2025-08-06
SHP004335,Bangkok,Mumbai,Road,17,In Transit,2025-12-02,SKU110,186,2025-12-19
SHP004336,Ho Chi Minh City,Rotterdam,Road,9,Delivered,2025-08-22,SKU110,160,2025-08-31
SHP004337,Ho Chi Minh City,Johannesburg,Air,4,Delayed,2025-10-05,SKU123,158,2025-10-09
SHP004338,Chennai,Rotterdam,Road,16,Delayed,2025-08-26,SKU124,162,2025-09-11
SHP004339,Zhengzhou,Singapore,Road,23,Delivered,2025-08-02,SKU124,198,2025-08-25
SHP004340,Chennai,Sydney,Road,8,Delayed,2025-02-03,SKU128,206,2025-02-11
SHP004341,Ho Chi Minh City,Chicago,Road,4,Delivered,2025-06-15,SKU116,127,2025-06-19
SHP004342,Chennai,Sao Paulo,Sea,4,Delivered,2025-06-18,SKU121,189,2025-06-22
SHP004343,Bangkok,Dubai,Sea,10,Delivered,2025-08-22,SKU119,160,2025-09-01
SHP004344,Zhengzhou,Rotterdam,Road,2,In Transit,2025-01-04,SKU106,220,2025-01-06
SHP004345,Noida,Sao Paulo,Air,22,Delayed,2025-07-13,SKU128,202,2025-08-04
SHP004346,Bangkok,Johannesburg,Road,6,Delivered,2025-01-08,SKU103,192,2025-01-14
SHP004347,Zhengzhou,Mumbai,Road,4,Delayed,2025-08-12,SKU109,100,2025-08-16
SHP004348,Shenzhen,Chicago,Road,21,In Transit,2025-01-03,SKU104,105,2025-01-24
SHP004349,Bangkok,Singapore,Sea,22,Delivered,2025-12-07,SKU126,156,2025-12-29
SHP004350,Shenzhen,Mumbai,Air,13,In Transit,2025-01-02,SKU108,117,2025-01-15
SHP004351,Chennai,Sydney,Air,21,Delivered,2025-01-10,SKU104,202,2025-01-31
SHP004352,Zhengzhou,Dubai,Sea,8,Delayed,2025-01-29,SKU106,193,2025-02-06
SHP004353,Noida,Sao Paulo,Air,21,Delivered,2025-02-16,SKU123,211,2025-03-09
SHP004354,Bangkok,Johannesburg,Road,16,Delayed,2025-05-09,SKU115,131,2025-05-25
SHP004355,Bangkok,Rotterdam,Sea,8,Delayed,2025-09-21,SKU113,198,2025-09-29
SHP004356,Noida,Sao Paulo,Air,8,Delivered,2025-12-08,SKU127,188,2025-12-16
SHP004357,Chennai,Dubai,Air,2,Delivered,2025-05-02,SKU107,148,2025-05-04
SHP004358,Chennai,Singapore,Air,5,In Transit,2025-05-25,SKU125,144,2025-05-30
SHP004359,Ho Chi Minh City,Sydney,Road,7,Delayed,2025-05-08,SKU129,153,2025-05-15
SHP004360,Noida,Dubai,Air,25,Delivered,2025-08-30,SKU109,117,2025-09-24
SHP004361,Noida,Dubai,Air,21,Delivered,2025-01-10,SKU107,146,2025-01-31
SHP004362,Shenzhen,Mumbai,Air,22,Delayed,2025-11-01,SKU101,130,2025-11-23
SHP004363,Shenzhen,Sao Paulo,Road,23,Delivered,2025-12-23,SKU123,202,2026-01-15
SHP004364,Chennai,Rotterdam,Road,21,Delivered,2025-08-11,SKU106,147,2025-09-01
SHP004365,Bangkok,Chicago,Air,6,In Transit,2025-06-06,SKU117,134,2025-06-12
SHP004366,Bangkok,Chicago,Sea,11,Delayed,2025-12-18,SKU118,203,2025-12-29
SHP004367,Shenzhen,Rotterdam,Air,2,Delayed,2025-05-28,SKU118,147,2025-05-30
SHP004368,Shenzhen,Johannesburg,Air,4,In Transit,2025-10-12,SKU109,152,2025-10-16
SHP004369,Chennai,Dubai,Sea,12,In Transit,2025-09-14,SKU102,115,2025-09-26
SHP004370,Chennai,Sao Paulo,Air,18,Delivered,2025-09-25,SKU121,105,2025-10-13
SHP004371,Chennai,Sao Paulo,Sea,13,Delayed,2025-12-25,SKU112,160,2026-01-07
SHP004372,Chennai,Chicago,Road,16,Delayed,2025-01-04,SKU127,208,2025-01-20
SHP004373,Zhengzhou,Johannesburg,Air,8,Delayed,2025-10-29,SKU113,205,2025-11-06
SHP004374,Ho Chi Minh City,Johannesburg,Air,25,Delayed,2025-08-25,SKU107,105,2025-09-19
SHP004375,Shenzhen,Dubai,Road,21,Delivered,2025-05-25,SKU104,130,2025-06-15
SHP004376,Ho Chi Minh City,Dubai,Air,19,In Transit,2025-10-18,SKU102,134,2025-11-06
SHP004377,Ho Chi Minh City,Sao Paulo,Road,25,In Transit,2025-04-17,SKU102,137,2025-05-12
SHP004378,Bangkok,Sao Paulo,Air,12,Delayed,2025-12-24,SKU102,145,2026-01-05
SHP004379,Ho Chi Minh City,Chicago,Sea,4,In Transit,2025-05-08,SKU118,198,2025-05-12
SHP004380,Zhengzhou,Mumbai,Road,25,In Transit,2025-07-22,SKU126,116,2025-08-16
SHP004381,Zhengzhou,Singapore,Sea,14,Delayed,2025-03-18,SKU110,153,2025-04-01
SHP004382,Chennai,Sao Paulo,Road,10,Delivered,2025-12-20,SKU119,125,2025-12-30
SHP004383,Chennai,Mumbai,Road,19,Delayed,2025-04-16,SKU102,98,2025-05-05
SHP004384,Noida,Sao Paulo,Sea,22,Delivered,2025-10-16,SKU111,119,2025-11-07
SHP004385,Zhengzhou,Sydney,Sea,21,Delayed,2025-02-28,SKU111,111,2025-03-21
SHP004386,Zhengzhou,Rotterdam,Sea,19,Delayed,2025-07-15,SKU125,217,2025-08-03
SHP004387,Chennai,Dubai,Road,24,Delayed,2025-03-26,SKU128,198,2025-04-19
SHP004388,Shenzhen,Mumbai,Sea,2,In Transit,2025-11-26,SKU101,102,2025-11-28
SHP004389,Shenzhen,Singapore,Road,4,Delivered,2025-12-27,SKU104,209,2025-12-31
SHP004390,Ho Chi Minh City,Chicago,Sea,6,In Transit,2025-07-14,SKU128,102,2025-07-20
SHP004391,Chennai,Sao Paulo,Sea,8,Delivered,2025-08-02,SKU107,134,2025-08-10
SHP004392,Zhengzhou,Dubai,Road,22,In Transit,2025-11-18,SKU115,215,2025-12-10
SHP004393,Ho Chi Minh City,Dubai,Road,6,Delivered,2025-12-05,SKU100,179,2025-12-11
SHP004394,Noida,Sao Paulo,Sea,6,Delivered,2025-05-11,SKU101,222,2025-05-17
SHP004395,Shenzhen,Singapore,Road,2,In Transit,2025-09-19,SKU113,180,2025-09-21
SHP004396,Bangkok,Johannesburg,Road,23,In Transit,2025-01-05,SKU120,146,2025-01-28
SHP004397,Chennai,Johannesburg,Air,19,Delivered,2025-05-01,SKU110,197,2025-05-20
SHP004398,Bangkok,Mumbai,Sea,18,In Transit,2025-03-27,SKU106,135,2025-04-14
SHP004399,Shenzhen,Singapore,Air,2,Delivered,2025-03-03,SKU107,193,2025-03-05
SHP004400,Ho Chi Minh City,Chicago,Air,10,In Transit,2025-05-23,SKU121,130,2025-06-02
SHP004401,Ho Chi Minh City,Johannesburg,Sea,20,Delayed,2025-04-21,SKU119,115,2025-05-11
SHP004402,Noida,Chicago,Road,17,Delivered,2025-09-27,SKU124,121,2025-10-14
SHP004403,Chennai,Sydney,Sea,21,In Transit,2025-05-12,SKU112,174,2025-06-02
SHP004404,Bangkok,Singapore,Road,17,Delayed,2025-06-24,SKU121,183,2025-07-11
SHP004405,Zhengzhou,Rotterdam,Air,13,Delivered,2025-04-17,SKU115,115,2025-04-30
SHP004406,Zhengzhou,Dubai,Air,22,In Transit,2025-12-08,SKU125,227,2025-12-30
SHP004407,Zhengzhou,Singapore,Air,8,In Transit,2025-01-09,SKU114,189,2025-01-17
SHP004408,Zhengzhou,Dubai,Sea,20,Delayed,2025-01-20,SKU120,157,2025-02-09
SHP004409,Chennai,Chicago,Air,4,Delivered,2025-12-04,SKU101,222,2025-12-08
SHP004410,Chennai,Singapore,Air,20,Delayed,2025-07-16,SKU115,155,2025-08-05
SHP004411,Zhengzhou,Dubai,Sea,20,In Transit,2025-05-29,SKU102,185,2025-06-18
SHP004412,Noida,Sydney,Road,3,Delayed,2025-10-29,SKU129,164,2025-11-01
SHP004413,Bangkok,Sao Paulo,Road,23,In Transit,2025-10-17,SKU124,153,2025-11-09
SHP004414,Shenzhen,Mumbai,Sea,9,In Transit,2025-08-14,SKU107,176,2025-08-23
SHP004415,Zhengzhou,Sao Paulo,Sea,5,Delayed,2025-01-17,SKU104,97,2025-01-22
SHP004416,Shenzhen,Sydney,Road,22,Delayed,2025-01-31,SKU126,161,2025-02-22
SHP004417,Bangkok,Dubai,Air,21,Delivered,2025-07-12,SKU123,102,2025-08-02
SHP004418,Chennai,Mumbai,Road,19,Delivered,2025-01-19,SKU103,199,2025-02-07
SHP004419,Bangkok,Rotterdam,Air,5,Delivered,2025-11-07,SKU116,136,2025-11-12
SHP004420,Ho Chi Minh City,Dubai,Road,14,Delivered,2025-03-31,SKU121,141,2025-04-14
SHP004421,Zhengzhou,Sao Paulo,Sea,17,Delivered,2025-01-12,SKU112,221,2025-01-29
SHP004422,Ho Chi Minh City,Sydney,Road,19,Delivered,2025-09-08,SKU110,130,2025-09-27
SHP004423,Noida,Rotterdam,Road,18,Delayed,2025-03-02,SKU124,175,2025-03-20
SHP004424,Chennai,Chicago,Sea,2,Delivered,2025-05-10,SKU112,145,2025-05-12
SHP004425,Chennai,Chicago,Road,23,Delivered,2025-01-12,SKU110,172,2025-02-04
SHP004426,Zhengzhou,Sao Paulo,Air,12,In Transit,2025-03-23,SKU114,162,2025-04-04
SHP004427,Shenzhen,Johannesburg,Air,15,Delayed,2025-07-09,SKU115,106,2025-07-24
SHP004428,Noida,Johannesburg,Air,15,Delivered,2025-06-13,SKU116,158,2025-06-28
SHP004429,Noida,Mumbai,Sea,6,Delayed,2025-01-13,SKU109,127,2025-01-19
SHP004430,Chennai,Mumbai,Sea,19,Delivered,2025-03-22,SKU123,148,2025-04-10
SHP004431,Chennai,Mumbai,Sea,11,Delayed,2025-11-26,SKU124,122,2025-12-07
SHP004432,Bangkok,Singapore,Air,18,In Transit,2025-04-29,SKU115,88,2025-05-17
SHP004433,Zhengzhou,Sydney,Air,25,In Transit,2025-03-08,SKU128,176,2025-04-02
SHP004434,Zhengzhou,Dubai,Air,4,In Transit,2025-05-13,SKU129,186,2025-05-17
SHP004435,Noida,Rotterdam,Air,25,Delayed,2025-09-29,SKU106,179,2025-10-24
SHP004436,Shenzhen,Rotterdam,Sea,14,In Transit,2025-09-25,SKU121,173,2025-10-09
SHP004437,Noida,Dubai,Road,5,Delayed,2025-07-27,SKU111,155,2025-08-01
SHP004438,Chennai,Rotterdam,Sea,12,Delivered,2025-12-20,SKU104,165,2026-01-01
SHP004439,Noida,Dubai,Road,8,Delayed,2025-09-03,SKU120,112,2025-09-11
SHP004440,Ho Chi Minh City,Rotterdam,Road,10,Delivered,2025-10-07,SKU124,168,2025-10-17
SHP004441,Bangkok,Sydney,Air,12,Delayed,2025-08-06,SKU104,220,2025-08-18
SHP004442,Noida,Sydney,Road,2,Delivered,2025-05-13,SKU113,159,2025-05-15
SHP004443,Chennai,Mumbai,Road,19,Delayed,2025-09-19,SKU111,146,2025-10-08
SHP004444,Shenzhen,Mumbai,Road,10,Delivered,2025-01-12,SKU101,111,2025-01-22
SHP004445,Ho Chi Minh City,Dubai,Sea,21,Delivered,2025-11-29,SKU101,137,2025-12-20
SHP004446,Noida,Rotterdam,Sea,8,Delayed,2025-09-01,SKU128,198,2025-09-09
SHP004447,Noida,Johannesburg,Sea,24,In Transit,2025-10-21,SKU125,225,2025-11-14
SHP004448,Bangkok,Singapore,Air,14,Delayed,2025-04-24,SKU123,222,2025-05-08
SHP004449,Zhengzhou,Rotterdam,Sea,17,Delivered,2025-02-22,SKU125,190,2025-03-11
SHP004450,Noida,Rotterdam,Air,2,Delivered,2025-02-07,SKU103,195,2025-02-09
SHP004451,Shenzhen,Johannesburg,Sea,9,In Transit,2025-07-10,SKU110,151,2025-07-19
SHP004452,Zhengzhou,Dubai,Air,12,Delayed,2025-07-25,SKU109,214,2025-08-06
SHP004453,Bangkok,Singapore,Air,16,Delivered,2025-05-25,SKU107,150,2025-06-10
SHP004454,Chennai,Sydney,Sea,10,Delayed,2025-05-05,SKU111,179,2025-05-15
SHP004455,Shenzhen,Dubai,Road,7,Delayed,2025-01-25,SKU114,168,2025-02-01
SHP004456,Shenzhen,Johannesburg,Air,24,In Transit,2025-04-01,SKU105,204,2025-04-25
SHP004457,Noida,Sydney,Air,22,Delayed,2025-12-25,SKU104,212,2026-01-16
SHP004458,Ho Chi Minh City,Singapore,Road,7,Delivered,2025-08-12,SKU122,228,2025-08-19
SHP004459,Chennai,Chicago,Road,5,Delivered,2025-11-03,SKU104,195,2025-11-08
SHP004460,Chennai,Mumbai,Air,9,Delayed,2025-09-24,SKU124,184,2025-10-03
SHP004461,Noida,Chicago,Road,7,In Transit,2025-02-25,SKU120,143,2025-03-04
SHP004462,Zhengzhou,Singapore,Road,3,Delivered,2025-08-21,SKU128,174,2025-08-24
SHP004463,Zhengzhou,Sydney,Air,25,Delivered,2025-02-23,SKU120,237,2025-03-20
SHP004464,Chennai,Rotterdam,Road,23,Delivered,2025-05-20,SKU121,112,2025-06-12
SHP004465,Zhengzhou,Dubai,Road,16,In Transit,2025-03-09,SKU111,176,2025-03-25
SHP004466,Noida,Mumbai,Sea,22,Delivered,2025-11-15,SKU107,194,2025-12-07
SHP004467,Chennai,Singapore,Air,2,In Transit,2025-11-25,SKU105,202,2025-11-27
SHP004468,Ho Chi Minh City,Mumbai,Sea,16,Delayed,2025-04-11,SKU107,210,2025-04-27
SHP004469,Noida,Sao Paulo,Air,21,In Transit,2025-02-17,SKU123,236,2025-03-10
SHP004470,Shenzhen,Sydney,Air,25,Delivered,2025-03-29,SKU103,184,2025-04-23
SHP004471,Shenzhen,Sao Paulo,Road,6,Delivered,2025-11-28,SKU126,181,2025-12-04
SHP004472,Chennai,Johannesburg,Road,13,Delivered,2025-01-02,SKU111,143,2025-01-15
SHP004473,Chennai,Mumbai,Air,6,In Transit,2025-01-08,SKU103,232,2025-01-14
SHP004474,Shenzhen,Sao Paulo,Road,5,Delivered,2025-10-01,SKU128,117,2025-10-06
SHP004475,Ho Chi Minh City,Dubai,Road,7,In Transit,2025-05-12,SKU113,153,2025-05-19
SHP004476,Chennai,Dubai,Air,9,In Transit,2025-09-07,SKU119,228,2025-09-16
SHP004477,Chennai,Sydney,Sea,3,Delivered,2025-05-19,SKU103,113,2025-05-22
SHP004478,Shenzhen,Sydney,Sea,9,Delivered,2025-10-28,SKU102,143,2025-11-06
SHP004479,Shenzhen,Mumbai,Road,17,Delayed,2025-04-21,SKU110,102,2025-05-08
SHP004480,Bangkok,Johannesburg,Road,22,Delayed,2025-01-26,SKU115,172,2025-02-17
SHP004481,Noida,Sao Paulo,Sea,8,In Transit,2025-04-15,SKU117,167,2025-04-23
SHP004482,Shenzhen,Chicago,Air,14,Delivered,2025-03-21,SKU128,191,2025-04-04
SHP004483,Ho Chi Minh City,Mumbai,Sea,3,In Transit,2025-01-13,SKU124,200,2025-01-16
SHP004484,Zhengzhou,Mumbai,Sea,2,In Transit,2025-10-18,SKU120,131,2025-10-20
SHP004485,Zhengzhou,Sydney,Sea,4,Delivered,2025-12-10,SKU100,217,2025-12-14
SHP004486,Bangkok,Dubai,Road,21,Delayed,2025-05-16,SKU108,138,2025-06-06
SHP004487,Bangkok,Johannesburg,Air,21,Delayed,2025-10-30,SKU103,171,2025-11-20
SHP004488,Zhengzhou,Sao Paulo,Air,14,In Transit,2025-06-18,SKU104,186,2025-07-02
SHP004489,Zhengzhou,Johannesburg,Sea,7,Delivered,2025-06-10,SKU124,195,2025-06-17
SHP004490,Ho Chi Minh City,Mumbai,Air,20,Delayed,2025-04-08,SKU107,93,2025-04-28
SHP004491,Zhengzhou,Mumbai,Air,6,In Transit,2025-01-15,SKU119,219,2025-01-21
SHP004492,Bangkok,Chicago,Road,23,Delayed,2025-08-20,SKU118,198,2025-09-12
SHP004493,Ho Chi Minh City,Johannesburg,Air,22,In Transit,2025-04-30,SKU105,160,2025-05-22
SHP004494,Noida,Johannesburg,Sea,16,Delayed,2025-02-28,SKU107,115,2025-03-16
SHP004495,Ho Chi Minh City,Rotterdam,Road,14,In Transit,2025-10-20,SKU120,178,2025-11-03
SHP004496,Zhengzhou,Sydney,Air,7,Delayed,2025-07-10,SKU110,101,2025-07-17
SHP004497,Chennai,Sao Paulo,Air,4,Delayed,2025-05-04,SKU129,205,2025-05-08
SHP004498,Zhengzhou,Sydney,Air,18,Delivered,2025-01-15,SKU114,147,2025-02-02
SHP004499,Zhengzhou,Mumbai,Air,15,In Transit,2025-10-14,SKU126,120,2025-10-29
SHP004500,Bangkok,Johannesburg,Road,22,Delayed,2025-03-17,SKU101,223,2025-04-08
SHP004501,Ho Chi Minh City,Sydney,Sea,19,In Transit,2025-10-31,SKU115,134,2025-11-19
SHP004502,Chennai,Dubai,Sea,10,In Transit,2025-11-05,SKU123,97,2025-11-15
SHP004503,Shenzhen,Mumbai,Sea,7,In Transit,2025-11-20,SKU102,222,2025-11-27
SHP004504,Bangkok,Singapore,Sea,4,Delayed,2025-11-24,SKU122,160,2025-11-28
SHP004505,Bangkok,Sao Paulo,Road,13,Delivered,2025-12-11,SKU109,205,2025-12-24
SHP004506,Zhengzhou,Dubai,Sea,22,Delivered,2025-12-29,SKU119,174,2026-01-20
SHP004507,Bangkok,Dubai,Air,17,Delayed,2025-10-29,SKU100,128,2025-11-15
SHP004508,Noida,Sao Paulo,Road,23,Delayed,2025-03-18,SKU114,229,2025-04-10
SHP004509,Bangkok,Sao Paulo,Sea,25,Delayed,2025-10-16,SKU115,202,2025-11-10
SHP004510,Noida,Mumbai,Road,23,In Transit,2025-08-06,SKU112,212,2025-08-29
SHP004511,Bangkok,Sydney,Road,6,Delivered,2025-01-01,SKU101,102,2025-01-07
SHP004512,Noida,Sydney,Sea,13,In Transit,2025-02-24,SKU126,143,2025-03-09
SHP004513,Ho Chi Minh City,Johannesburg,Air,25,Delayed,2025-07-18,SKU114,99,2025-08-12
SHP004514,Shenzhen,Rotterdam,Sea,10,In Transit,2025-05-20,SKU119,145,2025-05-30
SHP004515,Zhengzhou,Sao Paulo,Road,22,Delivered,2025-01-10,SKU111,206,2025-02-01
SHP004516,Zhengzhou,Mumbai,Road,12,Delayed,2025-02-26,SKU103,223,2025-03-10
SHP004517,Zhengzhou,Mumbai,Air,15,Delivered,2025-07-18,SKU108,155,2025-08-02
SHP004518,Zhengzhou,Mumbai,Sea,2,Delivered,2025-06-10,SKU129,202,2025-06-12
SHP004519,Chennai,Mumbai,Sea,20,In Transit,2025-08-16,SKU111,128,2025-09-05
SHP004520,Noida,Chicago,Sea,8,Delayed,2025-02-24,SKU100,240,2025-03-04
SHP004521,Shenzhen,Rotterdam,Sea,4,Delivered,2025-08-02,SKU129,102,2025-08-06
SHP004522,Ho Chi Minh City,Rotterdam,Road,9,Delayed,2025-01-01,SKU107,111,2025-01-10
SHP004523,Bangkok,Sao Paulo,Road,9,Delivered,2025-05-27,SKU108,170,2025-06-05
SHP004524,Shenzhen,Singapore,Air,16,Delayed,2025-01-18,SKU129,150,2025-02-03
SHP004525,Shenzhen,Johannesburg,Air,17,Delivered,2025-02-23,SKU113,223,2025-03-12
SHP004526,Ho Chi Minh City,Johannesburg,Sea,19,Delivered,2025-03-01,SKU101,147,2025-03-20
SHP004527,Bangkok,Sao Paulo,Air,7,In Transit,2025-10-14,SKU120,163,2025-10-21
SHP004528,Shenzhen,Dubai,Sea,19,Delivered,2025-04-07,SKU104,161,2025-04-26
SHP004529,Zhengzhou,Johannesburg,Air,11,Delayed,2025-09-20,SKU113,226,2025-10-01
SHP004530,Bangkok,Chicago,Air,2,In Transit,2025-05-22,SKU101,189,2025-05-24
SHP004531,Shenzhen,Rotterdam,Road,10,Delivered,2025-10-10,SKU106,108,2025-10-20
SHP004532,Chennai,Chicago,Sea,9,Delivered,2025-01-10,SKU117,150,2025-01-19
SHP004533,Chennai,Dubai,Road,10,Delayed,2025-07-31,SKU127,107,2025-08-10
SHP004534,Chennai,Singapore,Sea,21,In Transit,2025-04-22,SKU116,199,2025-05-13
SHP004535,Zhengzhou,Johannesburg,Air,24,In Transit,2025-09-10,SKU113,194,2025-10-04
SHP004536,Noida,Rotterdam,Air,19,Delivered,2025-05-09,SKU126,137,2025-05-28
SHP004537,Ho Chi Minh City,Chicago,Road,10,Delivered,2025-09-07,SKU112,164,2025-09-17
SHP004538,Zhengzhou,Johannesburg,Air,5,Delivered,2025-04-29,SKU114,123,2025-05-04
SHP004539,Chennai,Chicago,Road,5,Delayed,2025-01-08,SKU105,104,2025-01-13
SHP004540,Shenzhen,Singapore,Road,10,In Transit,2025-08-22,SKU126,219,2025-09-01
SHP004541,Noida,Sao Paulo,Air,17,Delayed,2025-03-26,SKU119,149,2025-04-12
SHP004542,Shenzhen,Rotterdam,Sea,3,Delivered,2025-08-28,SKU127,199,2025-08-31
SHP004543,Noida,Rotterdam,Air,2,Delivered,2025-08-02,SKU122,172,2025-08-04
SHP004544,Noida,Mumbai,Road,2,In Transit,2025-04-25,SKU100,142,2025-04-27
SHP004545,Bangkok,Rotterdam,Sea,25,Delivered,2025-02-22,SKU125,106,2025-03-19
SHP004546,Chennai,Sao Paulo,Sea,15,In Transit,2025-10-19,SKU111,105,2025-11-03
SHP004547,Shenzhen,Sydney,Air,19,Delayed,2025-11-30,SKU118,123,2025-12-19
SHP004548,Shenzhen,Chicago,Road,19,In Transit,2025-12-10,SKU123,223,2025-12-29
SHP004549,Ho Chi Minh City,Chicago,Sea,17,Delivered,2025-05-20,SKU103,143,2025-06-06
SHP004550,Chennai,Sao Paulo,Sea,8,Delayed,2025-12-28,SKU125,166,2026-01-05
SHP004551,Chennai,Chicago,Road,9,Delayed,2025-09-10,SKU119,200,2025-09-19
SHP004552,Zhengzhou,Dubai,Sea,22,Delivered,2025-03-21,SKU126,165,2025-04-12
SHP004553,Bangkok,Singapore,Road,10,In Transit,2025-10-31,SKU100,214,2025-11-10
SHP004554,Chennai,Dubai,Road,19,Delivered,2025-01-14,SKU119,228,2025-02-02
SHP004555,Shenzhen,Chicago,Road,24,Delivered,2025-02-23,SKU122,153,2025-03-19
SHP004556,Shenzhen,Dubai,Air,7,Delayed,2025-03-28,SKU119,160,2025-04-04
SHP004557,Ho Chi Minh City,Johannesburg,Air,23,Delayed,2025-05-29,SKU127,162,2025-06-21
SHP004558,Ho Chi Minh City,Singapore,Road,21,In Transit,2025-02-13,SKU101,151,2025-03-06
SHP004559,Ho Chi Minh City,Sao Paulo,Sea,3,Delayed,2025-07-05,SKU112,199,2025-07-08
SHP004560,Noida,Rotterdam,Air,13,Delayed,2025-11-10,SKU118,194,2025-11-23
SHP004561,Ho Chi Minh City,Sao Paulo,Road,11,Delayed,2025-04-18,SKU101,106,2025-04-29
SHP004562,Bangkok,Johannesburg,Sea,5,In Transit,2025-03-10,SKU107,122,2025-03-15
SHP004563,Ho Chi Minh City,Johannesburg,Road,11,Delivered,2025-02-13,SKU102,204,2025-02-24
SHP004564,Bangkok,Sao Paulo,Sea,6,Delayed,2025-12-27,SKU122,191,2026-01-02
SHP004565,Shenzhen,Rotterdam,Road,10,Delayed,2025-09-18,SKU124,153,2025-09-28
SHP004566,Shenzhen,Dubai,Road,12,Delivered,2025-08-24,SKU120,205,2025-09-05
SHP004567,Bangkok,Dubai,Road,7,Delayed,2025-03-31,SKU109,130,2025-04-07
SHP004568,Zhengzhou,Chicago,Air,5,Delayed,2025-05-04,SKU118,248,2025-05-09
SHP004569,Shenzhen,Singapore,Air,21,In Transit,2025-05-03,SKU115,178,2025-05-24
SHP004570,Ho Chi Minh City,Johannesburg,Road,7,In Transit,2025-03-19,SKU119,199,2025-03-26
SHP004571,Bangkok,Sydney,Road,23,Delivered,2025-08-08,SKU102,125,2025-08-31
SHP004572,Noida,Johannesburg,Sea,12,In Transit,2025-10-20,SKU117,127,2025-11-01
SHP004573,Zhengzhou,Singapore,Road,10,In Transit,2025-11-09,SKU120,248,2025-11-19
SHP004574,Zhengzhou,Johannesburg,Road,6,Delivered,2025-03-13,SKU111,184,2025-03-19
SHP004575,Ho Chi Minh City,Mumbai,Air,8,In Transit,2025-08-14,SKU119,206,2025-08-22
SHP004576,Noida,Sao Paulo,Road,18,In Transit,2025-02-18,SKU116,121,2025-03-08
SHP004577,Shenzhen,Dubai,Air,15,In Transit,2025-02-23,SKU107,101,2025-03-10
SHP004578,Zhengzhou,Dubai,Road,16,Delayed,2025-06-17,SKU100,214,2025-07-03
SHP004579,Shenzhen,Sao Paulo,Road,10,In Transit,2025-08-04,SKU122,217,2025-08-14
SHP004580,Zhengzhou,Rotterdam,Air,16,Delivered,2025-10-11,SKU127,143,2025-10-27
SHP004581,Ho Chi Minh City,Mumbai,Sea,6,Delivered,2025-06-11,SKU100,190,2025-06-17
SHP004582,Zhengzhou,Rotterdam,Road,10,In Transit,2025-02-05,SKU128,128,2025-02-15
SHP004583,Ho Chi Minh City,Mumbai,Air,8,In Transit,2025-10-08,SKU100,156,2025-10-16
SHP004584,Shenzhen,Sydney,Road,22,In Transit,2025-07-16,SKU113,125,2025-08-07
SHP004585,Bangkok,Sydney,Sea,22,In Transit,2025-07-11,SKU110,153,2025-08-02
SHP004586,Noida,Singapore,Road,17,Delivered,2025-03-08,SKU123,174,2025-03-25
SHP004587,Noida,Johannesburg,Air,2,In Transit,2025-10-02,SKU116,185,2025-10-04
SHP004588,Zhengzhou,Dubai,Sea,14,In Transit,2025-11-08,SKU128,219,2025-11-22
SHP004589,Shenzhen,Dubai,Air,25,In Transit,2025-02-08,SKU108,196,2025-03-05
SHP004590,Bangkok,Sydney,Road,17,Delayed,2025-03-04,SKU107,153,2025-03-21
SHP004591,Ho Chi Minh City,Sydney,Sea,16,Delayed,2025-09-10,SKU102,129,2025-09-26
SHP004592,Zhengzhou,Dubai,Road,22,Delivered,2025-06-24,SKU128,113,2025-07-16
SHP004593,Noida,Mumbai,Air,2,Delayed,2025-05-09,SKU125,112,2025-05-11
SHP004594,Bangkok,Dubai,Air,24,Delayed,2025-03-14,SKU125,111,2025-04-07
SHP004595,Bangkok,Sao Paulo,Air,8,In Transit,2025-06-10,SKU109,123,2025-06-18
SHP004596,Chennai,Chicago,Road,25,In Transit,2025-08-28,SKU126,192,2025-09-22
SHP004597,Ho Chi Minh City,Chicago,Sea,17,Delivered,2025-05-12,SKU122,171,2025-05-29
SHP004598,Noida,Dubai,Air,24,Delivered,2025-01-29,SKU107,243,2025-02-22
SHP004599,Noida,Chicago,Sea,16,Delayed,2025-12-09,SKU124,173,2025-12-25
SHP004600,Noida,Singapore,Sea,17,In Transit,2025-02-02,SKU105,118,2025-02-19
SHP004601,Zhengzhou,Singapore,Air,8,In Transit,2025-07-18,SKU124,127,2025-07-26
SHP004602,Bangkok,Dubai,Road,8,In Transit,2025-06-18,SKU123,151,2025-06-26
SHP004603,Noida,Chicago,Sea,6,In Transit,2025-04-29,SKU124,139,2025-05-05
SHP004604,Bangkok,Dubai,Road,17,Delayed,2025-03-30,SKU126,199,2025-04-16
SHP004605,Zhengzhou,Rotterdam,Air,22,Delivered,2025-04-26,SKU120,167,2025-05-18
SHP004606,Shenzhen,Dubai,Road,10,Delayed,2025-12-31,SKU123,185,2026-01-10
SHP004607,Shenzhen,Chicago,Air,15,In Transit,2025-08-16,SKU120,121,2025-08-31
SHP004608,Noida,Sydney,Road,7,Delayed,2025-06-29,SKU128,197,2025-07-06
SHP004609,Zhengzhou,Dubai,Sea,18,Delayed,2025-11-11,SKU125,194,2025-11-29
SHP004610,Chennai,Chicago,Sea,14,Delivered,2025-08-30,SKU127,170,2025-09-13
SHP004611,Chennai,Johannesburg,Air,10,Delivered,2025-12-08,SKU127,136,2025-12-18
SHP004612,Ho Chi Minh City,Sydney,Sea,23,Delivered,2025-05-24,SKU117,223,2025-06-16
SHP004613,Zhengzhou,Singapore,Sea,6,Delayed,2025-08-08,SKU117,169,2025-08-14
SHP004614,Noida,Chicago,Air,6,In Transit,2025-05-31,SKU110,158,2025-06-06
SHP004615,Ho Chi Minh City,Sao Paulo,Road,14,Delayed,2025-09-23,SKU101,166,2025-10-07
SHP004616,Shenzhen,Sydney,Sea,21,Delayed,2025-08-25,SKU128,120,2025-09-15
SHP004617,Chennai,Dubai,Sea,7,In Transit,2025-05-29,SKU102,92,2025-06-05
SHP004618,Chennai,Sao Paulo,Road,25,In Transit,2025-08-24,SKU116,116,2025-09-18
SHP004619,Noida,Singapore,Sea,9,Delivered,2025-05-13,SKU116,133,2025-05-22
SHP004620,Noida,Rotterdam,Road,2,Delivered,2025-11-23,SKU119,113,2025-11-25
SHP004621,Zhengzhou,Singapore,Air,21,In Transit,2025-03-07,SKU103,135,2025-03-28
SHP004622,Bangkok,Chicago,Road,14,Delivered,2025-06-25,SKU113,196,2025-07-09
SHP004623,Ho Chi Minh City,Johannesburg,Sea,11,Delivered,2025-04-19,SKU114,93,2025-04-30
SHP004624,Noida,Sydney,Air,19,In Transit,2025-07-04,SKU102,150,2025-07-23
SHP004625,Shenzhen,Dubai,Road,11,Delayed,2025-05-12,SKU104,200,2025-05-23
SHP004626,Noida,Rotterdam,Road,18,In Transit,2025-05-14,SKU115,143,2025-06-01
SHP004627,Noida,Rotterdam,Air,5,Delivered,2025-06-26,SKU111,192,2025-07-01
SHP004628,Chennai,Rotterdam,Air,23,In Transit,2025-11-02,SKU122,158,2025-11-25
SHP004629,Chennai,Dubai,Road,4,Delayed,2025-06-16,SKU123,176,2025-06-20
SHP004630,Ho Chi Minh City,Johannesburg,Road,23,In Transit,2025-07-13,SKU121,109,2025-08-05
SHP004631,Bangkok,Chicago,Air,22,Delayed,2025-09-26,SKU127,105,2025-10-18
SHP004632,Zhengzhou,Rotterdam,Air,7,Delayed,2025-09-22,SKU111,221,2025-09-29
SHP004633,Zhengzhou,Mumbai,Air,21,Delayed,2025-05-14,SKU129,218,2025-06-04
SHP004634,Ho Chi Minh City,Sydney,Air,7,In Transit,2025-02-04,SKU126,237,2025-02-11
SHP004635,Chennai,Sao Paulo,Sea,23,Delayed,2025-01-20,SKU118,155,2025-02-12
SHP004636,Shenzhen,Johannesburg,Sea,4,Delayed,2025-11-26,SKU119,167,2025-11-30
SHP004637,Bangkok,Dubai,Road,4,Delivered,2025-03-14,SKU111,142,2025-03-18
SHP004638,Ho Chi Minh City,Sao Paulo,Road,18,Delayed,2025-10-02,SKU128,105,2025-10-20
SHP004639,Shenzhen,Mumbai,Sea,8,In Transit,2025-11-17,SKU107,176,2025-11-25
SHP004640,Bangkok,Chicago,Air,23,In Transit,2025-09-02,SKU128,109,2025-09-25
SHP004641,Chennai,Mumbai,Road,3,In Transit,2025-08-04,SKU105,204,2025-08-07
SHP004642,Shenzhen,Mumbai,Sea,22,Delivered,2025-06-17,SKU127,158,2025-07-09
SHP004643,Ho Chi Minh City,Singapore,Road,4,In Transit,2025-07-06,SKU109,101,2025-07-10
SHP004644,Zhengzhou,Sydney,Air,11,In Transit,2025-04-29,SKU110,140,2025-05-10
SHP004645,Zhengzhou,Johannesburg,Air,9,Delayed,2025-05-02,SKU125,172,2025-05-11
SHP004646,Ho Chi Minh City,Chicago,Road,5,Delayed,2025-08-31,SKU104,138,2025-09-05
SHP004647,Noida,Chicago,Road,15,Delayed,2025-01-22,SKU126,209,2025-02-06
SHP004648,Ho Chi Minh City,Chicago,Sea,21,Delayed,2025-09-21,SKU106,210,2025-10-12
SHP004649,Chennai,Sydney,Sea,17,Delayed,2025-12-09,SKU124,165,2025-12-26
SHP004650,Zhengzhou,Sao Paulo,Road,7,Delivered,2025-11-17,SKU102,187,2025-11-24
SHP004651,Noida,Chicago,Air,19,In Transit,2025-08-29,SKU126,125,2025-09-17
SHP004652,Chennai,Sao Paulo,Air,6,Delivered,2025-05-15,SKU121,107,2025-05-21
SHP004653,Ho Chi Minh City,Dubai,Sea,12,In Transit,2025-01-10,SKU123,144,2025-01-22
SHP004654,Bangkok,Chicago,Air,5,In Transit,2025-03-18,SKU102,90,2025-03-23
SHP004655,Bangkok,Dubai,Road,15,Delayed,2025-06-08,SKU120,163,2025-06-23
SHP004656,Chennai,Chicago,Air,7,Delivered,2025-05-09,SKU102,115,2025-05-16
SHP004657,Noida,Rotterdam,Road,9,In Transit,2025-03-18,SKU121,209,2025-03-27
SHP004658,Zhengzhou,Dubai,Air,24,In Transit,2025-03-28,SKU109,188,2025-04-21
SHP004659,Shenzhen,Sao Paulo,Road,6,In Transit,2025-02-06,SKU102,193,2025-02-12
SHP004660,Ho Chi Minh City,Dubai,Air,22,Delayed,2025-06-15,SKU129,158,2025-07-07
SHP004661,Noida,Singapore,Road,7,In Transit,2025-07-23,SKU119,222,2025-07-30
SHP004662,Noida,Dubai,Road,21,Delivered,2025-01-04,SKU122,209,2025-01-25
SHP004663,Shenzhen,Singapore,Road,4,Delivered,2025-03-08,SKU119,176,2025-03-12
SHP004664,Zhengzhou,Mumbai,Air,4,Delivered,2025-10-16,SKU110,139,2025-10-20
SHP004665,Zhengzhou,Singapore,Road,10,Delayed,2025-05-17,SKU101,154,2025-05-27
SHP004666,Noida,Rotterdam,Sea,25,Delivered,2025-11-24,SKU111,233,2025-12-19
SHP004667,Shenzhen,Chicago,Road,22,Delivered,2025-04-21,SKU123,138,2025-05-13
SHP004668,Bangkok,Mumbai,Air,8,Delivered,2025-11-20,SKU114,180,2025-11-28
SHP004669,Ho Chi Minh City,Singapore,Sea,9,Delivered,2025-01-29,SKU113,178,2025-02-07
SHP004670,Zhengzhou,Sydney,Sea,12,In Transit,2025-02-22,SKU103,143,2025-03-06
SHP004671,Ho Chi Minh City,Mumbai,Sea,25,Delivered,2025-09-28,SKU109,98,2025-10-23
SHP004672,Zhengzhou,Sydney,Air,25,Delayed,2025-07-24,SKU105,125,2025-08-18
SHP004673,Shenzhen,Sydney,Air,5,Delivered,2025-08-07,SKU110,144,2025-08-12
SHP004674,Zhengzhou,Johannesburg,Road,10,Delivered,2025-12-14,SKU124,163,2025-12-24
SHP004675,Bangkok,Sao Paulo,Air,3,Delayed,2025-04-08,SKU111,113,2025-04-11
SHP004676,Noida,Mumbai,Air,6,Delayed,2025-06-14,SKU112,219,2025-06-20
SHP004677,Noida,Sao Paulo,Sea,21,Delayed,2025-05-08,SKU116,190,2025-05-29
SHP004678,Bangkok,Sydney,Sea,23,Delivered,2025-04-12,SKU118,125,2025-05-05
SHP004679,Chennai,Sao Paulo,Air,3,In Transit,2025-10-21,SKU114,202,2025-10-24
SHP004680,Zhengzhou,Mumbai,Road,10,Delayed,2025-02-20,SKU102,184,2025-03-02
SHP004681,Ho Chi Minh City,Rotterdam,Road,16,In Transit,2025-03-28,SKU112,216,2025-04-13
SHP004682,Noida,Dubai,Sea,18,In Transit,2025-02-14,SKU128,147,2025-03-04
SHP004683,Shenzhen,Chicago,Sea,5,Delayed,2025-07-28,SKU128,210,2025-08-02
SHP004684,Chennai,Dubai,Road,6,In Transit,2025-09-03,SKU105,203,2025-09-09
SHP004685,Shenzhen,Rotterdam,Sea,19,Delayed,2025-03-28,SKU125,159,2025-04-16
SHP004686,Chennai,Dubai,Sea,22,Delayed,2025-07-08,SKU110,205,2025-07-30
SHP004687,Shenzhen,Dubai,Air,3,Delayed,2025-10-30,SKU108,126,2025-11-02
SHP004688,Bangkok,Mumbai,Air,20,Delivered,2025-05-12,SKU120,89,2025-06-01
SHP004689,Noida,Dubai,Road,3,Delayed,2025-08-06,SKU121,162,2025-08-09
SHP004690,Zhengzhou,Sao Paulo,Road,7,In Transit,2025-11-23,SKU108,192,2025-11-30
SHP004691,Chennai,Dubai,Sea,15,In Transit,2025-02-13,SKU100,109,2025-02-28
SHP004692,Zhengzhou,Sydney,Air,5,Delayed,2025-02-09,SKU100,200,2025-02-14
SHP004693,Ho Chi Minh City,Rotterdam,Air,3,Delivered,2025-01-23,SKU108,168,2025-01-26
SHP004694,Noida,Mumbai,Road,6,Delayed,2025-08-23,SKU116,230,2025-08-29
SHP004695,Noida,Singapore,Air,10,In Transit,2025-05-16,SKU123,142,2025-05-26
SHP004696,Chennai,Sao Paulo,Sea,9,In Transit,2025-03-27,SKU112,208,2025-04-05
SHP004697,Ho Chi Minh City,Johannesburg,Air,11,In Transit,2025-07-29,SKU107,149,2025-08-09
SHP004698,Chennai,Rotterdam,Air,7,In Transit,2025-02-13,SKU116,128,2025-02-20
SHP004699,Noida,Dubai,Sea,18,Delivered,2025-06-17,SKU111,124,2025-07-05
SHP004700,Ho Chi Minh City,Dubai,Road,16,Delayed,2025-02-15,SKU117,210,2025-03-03
SHP004701,Zhengzhou,Chicago,Air,19,Delayed,2025-09-07,SKU120,161,2025-09-26
SHP004702,Shenzhen,Chicago,Road,25,Delayed,2025-06-28,SKU100,222,2025-07-23
SHP004703,Zhengzhou,Chicago,Sea,2,Delivered,2025-08-06,SKU118,219,2025-08-08
SHP004704,Zhengzhou,Chicago,Sea,12,Delayed,2025-06-28,SKU119,95,2025-07-10
SHP004705,Ho Chi Minh City,Dubai,Road,5,Delayed,2025-01-28,SKU100,218,2025-02-02
SHP004706,Zhengzhou,Chicago,Air,21,Delivered,2025-02-08,SKU111,162,2025-03-01
SHP004707,Chennai,Singapore,Sea,18,In Transit,2025-11-26,SKU118,101,2025-12-14
SHP004708,Noida,Sao Paulo,Road,21,Delivered,2025-08-25,SKU122,112,2025-09-15
SHP004709,Shenzhen,Singapore,Road,16,Delivered,2025-01-13,SKU108,203,2025-01-29
SHP004710,Bangkok,Rotterdam,Sea,6,In Transit,2025-04-12,SKU100,201,2025-04-18
SHP004711,Bangkok,Singapore,Sea,8,In Transit,2025-01-19,SKU104,219,2025-01-27
SHP004712,Bangkok,Sao Paulo,Sea,16,Delivered,2025-03-23,SKU121,122,2025-04-08
SHP004713,Bangkok,Rotterdam,Road,9,In Transit,2025-10-06,SKU119,122,2025-10-15
SHP004714,Zhengzhou,Mumbai,Air,5,Delivered,2025-07-02,SKU105,196,2025-07-07
SHP004715,Chennai,Chicago,Air,4,Delayed,2025-05-25,SKU120,215,2025-05-29
SHP004716,Noida,Sydney,Air,3,Delivered,2025-04-03,SKU112,217,2025-04-06
SHP004717,Chennai,Dubai,Road,21,In Transit,2025-02-20,SKU125,129,2025-03-13
SHP004718,Shenzhen,Singapore,Sea,12,Delivered,2025-10-27,SKU108,106,2025-11-08
SHP004719,Noida,Johannesburg,Road,11,Delayed,2025-01-05,SKU108,199,2025-01-16
SHP004720,Bangkok,Singapore,Road,21,Delayed,2025-12-05,SKU128,209,2025-12-26
SHP004721,Ho Chi Minh City,Dubai,Sea,11,In Transit,2025-01-26,SKU107,144,2025-02-06
SHP004722,Bangkok,Rotterdam,Sea,9,Delivered,2025-12-31,SKU122,233,2026-01-09
SHP004723,Ho Chi Minh City,Mumbai,Road,8,Delivered,2025-09-23,SKU119,127,2025-10-01
SHP004724,Bangkok,Sydney,Air,15,Delivered,2025-11-27,SKU128,151,2025-12-12
SHP004725,Noida,Rotterdam,Air,19,Delivered,2025-06-05,SKU118,167,2025-06-24
SHP004726,Noida,Rotterdam,Road,20,Delayed,2025-09-02,SKU120,114,2025-09-22
SHP004727,Noida,Johannesburg,Road,13,In Transit,2025-12-26,SKU114,191,2026-01-08
SHP004728,Bangkok,Singapore,Air,23,Delivered,2025-05-09,SKU120,92,2025-06-01
SHP004729,Chennai,Johannesburg,Road,2,Delayed,2025-08-30,SKU106,183,2025-09-01
SHP004730,Zhengzhou,Mumbai,Sea,22,Delivered,2025-08-12,SKU121,178,2025-09-03
SHP004731,Zhengzhou,Dubai,Air,17,In Transit,2025-06-13,SKU124,165,2025-06-30
SHP004732,Chennai,Sydney,Air,5,Delayed,2025-10-21,SKU103,130,2025-10-26
SHP004733,Noida,Johannesburg,Air,23,Delayed,2025-03-22,SKU117,111,2025-04-14
SHP004734,Ho Chi Minh City,Mumbai,Sea,4,Delivered,2025-06-24,SKU100,200,2025-06-28
SHP004735,Chennai,Sao Paulo,Air,15,Delivered,2025-02-20,SKU125,166,2025-03-07
SHP004736,Bangkok,Johannesburg,Air,11,Delayed,2025-12-10,SKU108,99,2025-12-21
SHP004737,Bangkok,Johannesburg,Sea,6,Delivered,2025-11-06,SKU102,156,2025-11-12
SHP004738,Bangkok,Rotterdam,Air,4,In Transit,2025-03-30,SKU123,148,2025-04-03
SHP004739,Zhengzhou,Dubai,Sea,18,Delayed,2025-08-22,SKU103,181,2025-09-09
SHP004740,Bangkok,Singapore,Road,24,Delivered,2025-08-01,SKU119,96,2025-08-25
SHP004741,Zhengzhou,Sao Paulo,Road,2,Delivered,2025-07-12,SKU114,206,2025-07-14
SHP004742,Ho Chi Minh City,Chicago,Air,10,In Transit,2025-01-04,SKU102,155,2025-01-14
SHP004743,Ho Chi Minh City,Singapore,Sea,20,In Transit,2025-11-07,SKU108,224,2025-11-27
SHP004744,Shenzhen,Sydney,Sea,2,In Transit,2025-05-05,SKU126,222,2025-05-07
SHP004745,Zhengzhou,Sao Paulo,Sea,3,Delayed,2025-03-26,SKU107,176,2025-03-29
SHP004746,Ho Chi Minh City,Rotterdam,Air,23,Delayed,2025-11-18,SKU126,231,2025-12-11
SHP004747,Bangkok,Sao Paulo,Air,24,Delivered,2025-05-23,SKU101,175,2025-06-16
SHP004748,Ho Chi Minh City,Johannesburg,Road,7,Delayed,2025-03-08,SKU122,115,2025-03-15
SHP004749,Noida,Dubai,Road,19,Delivered,2025-09-04,SKU121,172,2025-09-23
SHP004750,Zhengzhou,Sydney,Air,4,Delivered,2025-08-31,SKU104,201,2025-09-04
SHP004751,Noida,Sao Paulo,Road,15,Delayed,2025-12-09,SKU123,156,2025-12-24
SHP004752,Noida,Singapore,Road,11,In Transit,2025-05-17,SKU126,216,2025-05-28
SHP004753,Ho Chi Minh City,Dubai,Sea,18,In Transit,2025-05-15,SKU100,219,2025-06-02
SHP004754,Shenzhen,Sydney,Air,13,Delivered,2025-08-21,SKU128,188,2025-09-03
SHP004755,Noida,Rotterdam,Road,7,Delayed,2025-03-04,SKU111,172,2025-03-11
SHP004756,Chennai,Rotterdam,Road,14,Delayed,2025-09-23,SKU104,217,2025-10-07
SHP004757,Zhengzhou,Sydney,Sea,22,Delivered,2025-06-22,SKU121,223,2025-07-14
SHP004758,Shenzhen,Singapore,Sea,17,Delivered,2025-09-08,SKU101,112,2025-09-25
SHP004759,Zhengzhou,Dubai,Road,20,Delayed,2025-02-06,SKU116,188,2025-02-26
SHP004760,Noida,Dubai,Sea,11,In Transit,2025-11-03,SKU128,165,2025-11-14
SHP004761,Noida,Sydney,Sea,8,Delivered,2025-04-26,SKU119,194,2025-05-04
SHP004762,Ho Chi Minh City,Sydney,Air,11,Delayed,2025-02-24,SKU114,136,2025-03-07
SHP004763,Chennai,Singapore,Road,10,In Transit,2025-04-30,SKU129,139,2025-05-10
SHP004764,Ho Chi Minh City,Singapore,Sea,9,Delayed,2025-01-31,SKU108,185,2025-02-09
SHP004765,Zhengzhou,Johannesburg,Air,23,Delivered,2025-03-28,SKU106,178,2025-04-20
SHP004766,Ho Chi Minh City,Sao Paulo,Road,25,In Transit,2025-03-15,SKU119,108,2025-04-09
SHP004767,Shenzhen,Dubai,Air,24,Delayed,2025-05-06,SKU113,137,2025-05-30
SHP004768,Chennai,Sydney,Road,12,Delivered,2025-07-19,SKU125,178,2025-07-31
SHP004769,Shenzhen,Rotterdam,Sea,24,Delayed,2025-08-23,SKU116,207,2025-09-16
SHP004770,Noida,Johannesburg,Air,5,Delayed,2025-04-23,SKU123,167,2025-04-28
SHP004771,Bangkok,Dubai,Air,13,In Transit,2025-03-06,SKU110,89,2025-03-19
SHP004772,Ho Chi Minh City,Chicago,Air,4,In Transit,2025-01-19,SKU121,220,2025-01-23
SHP004773,Shenzhen,Rotterdam,Sea,11,Delivered,2025-05-18,SKU102,200,2025-05-29
SHP004774,Ho Chi Minh City,Singapore,Sea,21,Delayed,2025-06-05,SKU125,178,2025-06-26
SHP004775,Chennai,Johannesburg,Sea,22,In Transit,2025-09-05,SKU115,125,2025-09-27
SHP004776,Chennai,Sao Paulo,Road,4,In Transit,2025-03-11,SKU129,179,2025-03-15
SHP004777,Zhengzhou,Singapore,Air,9,Delayed,2025-05-09,SKU108,101,2025-05-18
SHP004778,Bangkok,Chicago,Sea,7,Delivered,2025-03-17,SKU128,198,2025-03-24
SHP004779,Bangkok,Rotterdam,Sea,23,In Transit,2025-07-18,SKU115,123,2025-08-10
SHP004780,Chennai,Dubai,Road,22,Delayed,2025-12-07,SKU103,153,2025-12-29
SHP004781,Noida,Rotterdam,Sea,10,Delayed,2025-01-31,SKU121,127,2025-02-10
SHP004782,Bangkok,Johannesburg,Air,18,Delivered,2025-05-23,SKU113,94,2025-06-10
SHP004783,Zhengzhou,Sao Paulo,Air,6,Delayed,2025-07-13,SKU128,144,2025-07-19
SHP004784,Chennai,Johannesburg,Road,7,Delayed,2025-02-26,SKU109,128,2025-03-05
SHP004785,Noida,Singapore,Road,12,Delayed,2025-01-07,SKU106,162,2025-01-19
SHP004786,Shenzhen,Chicago,Air,5,Delayed,2025-02-18,SKU111,139,2025-02-23
SHP004787,Bangkok,Sydney,Road,15,Delivered,2025-11-12,SKU113,159,2025-11-27
SHP004788,Zhengzhou,Chicago,Road,15,In Transit,2025-11-15,SKU125,191,2025-11-30
SHP004789,Zhengzhou,Sao Paulo,Road,2,Delayed,2025-02-12,SKU125,225,2025-02-14
SHP004790,Shenzhen,Johannesburg,Air,4,Delayed,2025-07-05,SKU109,132,2025-07-09
SHP004791,Ho Chi Minh City,Dubai,Air,2,Delayed,2025-12-03,SKU113,179,2025-12-05
SHP004792,Chennai,Sydney,Sea,9,In Transit,2025-02-08,SKU119,145,2025-02-17
SHP004793,Ho Chi Minh City,Rotterdam,Sea,14,In Transit,2025-06-05,SKU129,226,2025-06-19
SHP004794,Noida,Sao Paulo,Air,25,Delivered,2025-01-03,SKU102,215,2025-01-28
SHP004795,Shenzhen,Sao Paulo,Air,8,In Transit,2025-07-24,SKU115,133,2025-08-01
SHP004796,Shenzhen,Singapore,Sea,8,Delayed,2025-03-19,SKU119,193,2025-03-27
SHP004797,Noida,Mumbai,Air,4,Delivered,2025-11-03,SKU121,151,2025-11-07
SHP004798,Zhengzhou,Rotterdam,Sea,10,Delayed,2025-12-22,SKU113,161,2026-01-01
SHP004799,Bangkok,Johannesburg,Road,13,Delivered,2025-04-03,SKU106,147,2025-04-16
SHP004800,Shenzhen,Sydney,Road,7,Delivered,2025-07-13,SKU121,115,2025-07-20
SHP004801,Noida,Singapore,Road,20,Delayed,2025-08-31,SKU115,188,2025-09-20
SHP004802,Bangkok,Singapore,Road,4,Delayed,2025-11-01,SKU110,203,2025-11-05
SHP004803,Zhengzhou,Johannesburg,Air,25,Delayed,2025-06-08,SKU118,247,2025-07-03
SHP004804,Chennai,Sydney,Air,2,In Transit,2025-10-16,SKU110,115,2025-10-18
SHP004805,Shenzhen,Rotterdam,Air,15,Delivered,2025-04-13,SKU103,110,2025-04-28
SHP004806,Zhengzhou,Singapore,Air,4,In Transit,2025-04-15,SKU111,135,2025-04-19
SHP004807,Noida,Rotterdam,Road,25,In Transit,2025-02-25,SKU121,225,2025-03-22
SHP004808,Bangkok,Singapore,Road,6,In Transit,2025-08-12,SKU110,152,2025-08-18
SHP004809,Bangkok,Rotterdam,Air,3,Delayed,2025-10-18,SKU101,135,2025-10-21
SHP004810,Ho Chi Minh City,Singapore,Road,13,Delayed,2025-05-27,SKU129,172,2025-06-09
SHP004811,Bangkok,Dubai,Road,16,In Transit,2025-04-12,SKU122,203,2025-04-28
SHP004812,Noida,Mumbai,Road,22,Delayed,2025-03-14,SKU114,212,2025-04-05
SHP004813,Chennai,Rotterdam,Sea,4,Delivered,2025-01-18,SKU127,197,2025-01-22
SHP004814,Zhengzhou,Rotterdam,Air,15,In Transit,2025-08-17,SKU102,192,2025-09-01
SHP004815,Zhengzhou,Singapore,Road,19,Delivered,2025-08-05,SKU111,155,2025-08-24
SHP004816,Chennai,Rotterdam,Air,17,Delivered,2025-08-08,SKU102,141,2025-08-25
SHP004817,Noida,Singapore,Air,7,Delayed,2025-01-10,SKU109,162,2025-01-17
SHP004818,Shenzhen,Chicago,Sea,15,Delivered,2025-04-15,SKU124,181,2025-04-30
SHP004819,Noida,Mumbai,Air,19,Delayed,2025-03-02,SKU109,171,2025-03-21
SHP004820,Ho Chi Minh City,Chicago,Sea,15,Delayed,2025-03-28,SKU126,157,2025-04-12
SHP004821,Zhengzhou,Singapore,Sea,5,Delivered,2025-09-21,SKU117,154,2025-09-26
SHP004822,Zhengzhou,Sao Paulo,Road,2,Delivered,2025-02-18,SKU108,200,2025-02-20
SHP004823,Zhengzhou,Singapore,Road,16,Delayed,2025-12-18,SKU125,152,2026-01-03
SHP004824,Noida,Mumbai,Air,2,In Transit,2025-02-19,SKU122,213,2025-02-21
SHP004825,Chennai,Rotterdam,Road,9,Delivered,2025-11-09,SKU116,132,2025-11-18
SHP004826,Noida,Mumbai,Air,17,In Transit,2025-05-02,SKU108,225,2025-05-19
SHP004827,Noida,Singapore,Road,4,Delayed,2025-06-24,SKU121,224,2025-06-28
SHP004828,Zhengzhou,Dubai,Air,24,Delivered,2025-05-03,SKU104,110,2025-05-27
SHP004829,Zhengzhou,Dubai,Road,19,Delivered,2025-10-30,SKU110,156,2025-11-18
SHP004830,Chennai,Sydney,Road,6,Delayed,2025-09-01,SKU118,159,2025-09-07
SHP004831,Bangkok,Rotterdam,Sea,6,Delayed,2025-09-24,SKU112,129,2025-09-30
SHP004832,Ho Chi Minh City,Sao Paulo,Air,21,In Transit,2025-01-20,SKU116,204,2025-02-10
SHP004833,Bangkok,Johannesburg,Sea,24,Delivered,2025-12-21,SKU124,236,2026-01-14
SHP004834,Ho Chi Minh City,Sao Paulo,Sea,5,Delivered,2025-09-26,SKU111,198,2025-10-01
SHP004835,Shenzhen,Dubai,Road,2,In Transit,2025-10-14,SKU120,197,2025-10-16
SHP004836,Zhengzhou,Mumbai,Sea,17,In Transit,2025-01-25,SKU103,166,2025-02-11
SHP004837,Noida,Rotterdam,Air,12,Delivered,2025-01-01,SKU111,188,2025-01-13
SHP004838,Ho Chi Minh City,Singapore,Road,9,In Transit,2025-11-29,SKU110,227,2025-12-08
SHP004839,Bangkok,Chicago,Sea,6,Delayed,2025-04-20,SKU125,137,2025-04-26
SHP004840,Ho Chi Minh City,Sao Paulo,Air,16,Delivered,2025-02-12,SKU100,216,2025-02-28
SHP004841,Noida,Chicago,Road,16,In Transit,2025-02-07,SKU123,154,2025-02-23
SHP004842,Bangkok,Sao Paulo,Sea,6,Delayed,2025-11-26,SKU106,166,2025-12-02
SHP004843,Chennai,Singapore,Sea,4,Delivered,2025-12-18,SKU119,146,2025-12-22
SHP004844,Ho Chi Minh City,Sao Paulo,Air,10,In Transit,2025-11-02,SKU107,139,2025-11-12
SHP004845,Chennai,Dubai,Road,21,Delivered,2025-10-31,SKU107,200,2025-11-21
SHP004846,Ho Chi Minh City,Johannesburg,Air,13,Delayed,2025-01-28,SKU121,161,2025-02-10
SHP004847,Noida,Chicago,Sea,2,Delivered,2025-07-09,SKU104,122,2025-07-11
SHP004848,Bangkok,Rotterdam,Sea,5,Delivered,2025-09-22,SKU119,99,2025-09-27
SHP004849,Zhengzhou,Dubai,Road,20,Delayed,2025-05-11,SKU112,203,2025-05-31
SHP004850,Zhengzhou,Sao Paulo,Road,8,In Transit,2025-08-12,SKU101,227,2025-08-20
SHP004851,Zhengzhou,Sao Paulo,Sea,25,Delivered,2025-04-09,SKU107,107,2025-05-04
SHP004852,Noida,Sydney,Sea,16,Delayed,2025-03-20,SKU106,143,2025-04-05
SHP004853,Zhengzhou,Chicago,Road,14,Delivered,2025-12-18,SKU111,178,2026-01-01
SHP004854,Zhengzhou,Sydney,Air,22,Delayed,2025-10-17,SKU114,178,2025-11-08
SHP004855,Noida,Rotterdam,Road,21,Delayed,2025-12-11,SKU120,188,2026-01-01
SHP004856,Chennai,Singapore,Sea,10,Delayed,2025-10-25,SKU111,197,2025-11-04
SHP004857,Noida,Mumbai,Air,6,Delayed,2025-12-04,SKU116,232,2025-12-10
SHP004858,Noida,Mumbai,Sea,8,In Transit,2025-07-09,SKU106,161,2025-07-17
SHP004859,Zhengzhou,Sydney,Air,16,In Transit,2025-07-16,SKU116,225,2025-08-01
SHP004860,Noida,Chicago,Sea,12,Delivered,2025-07-03,SKU127,176,2025-07-15
SHP004861,Bangkok,Mumbai,Road,12,Delivered,2025-01-03,SKU114,156,2025-01-15
SHP004862,Ho Chi Minh City,Rotterdam,Road,3,Delayed,2025-09-17,SKU117,131,2025-09-20
SHP004863,Noida,Chicago,Air,17,Delivered,2025-03-08,SKU108,139,2025-03-25
SHP004864,Chennai,Johannesburg,Road,5,Delivered,2025-10-10,SKU125,149,2025-10-15
SHP004865,Ho Chi Minh City,Rotterdam,Road,12,Delayed,2025-01-22,SKU127,193,2025-02-03
SHP004866,Chennai,Johannesburg,Air,24,Delivered,2025-03-15,SKU105,222,2025-04-08
SHP004867,Shenzhen,Sao Paulo,Air,19,Delivered,2025-11-20,SKU126,159,2025-12-09
SHP004868,Zhengzhou,Singapore,Road,19,In Transit,2025-04-19,SKU107,226,2025-05-08
SHP004869,Shenzhen,Chicago,Sea,13,In Transit,2025-07-30,SKU113,155,2025-08-12
SHP004870,Bangkok,Johannesburg,Air,10,Delivered,2025-03-26,SKU126,209,2025-04-05
SHP004871,Shenzhen,Rotterdam,Air,25,Delayed,2025-09-07,SKU126,150,2025-10-02
SHP004872,Ho Chi Minh City,Sao Paulo,Sea,14,Delivered,2025-04-11,SKU101,138,2025-04-25
SHP004873,Ho Chi Minh City,Mumbai,Road,21,Delayed,2025-02-08,SKU104,193,2025-03-01
SHP004874,Ho Chi Minh City,Chicago,Air,19,Delayed,2025-10-17,SKU123,117,2025-11-05
SHP004875,Noida,Chicago,Sea,16,In Transit,2025-01-17,SKU112,165,2025-02-02
SHP004876,Noida,Sydney,Sea,25,Delivered,2025-11-12,SKU106,185,2025-12-07
SHP004877,Ho Chi Minh City,Sydney,Air,13,In Transit,2025-12-19,SKU110,116,2026-01-01
SHP004878,Chennai,Singapore,Road,13,Delayed,2025-04-20,SKU125,165,2025-05-03
SHP004879,Shenzhen,Chicago,Sea,13,Delivered,2025-10-20,SKU125,148,2025-11-02
SHP004880,Shenzhen,Sydney,Road,13,In Transit,2025-07-20,SKU112,197,2025-08-02
SHP004881,Zhengzhou,Chicago,Road,12,Delayed,2025-12-14,SKU115,197,2025-12-26
SHP004882,Chennai,Mumbai,Sea,6,Delayed,2025-06-29,SKU117,105,2025-07-05
SHP004883,Noida,Rotterdam,Sea,15,Delivered,2025-10-23,SKU112,158,2025-11-07
SHP004884,Chennai,Mumbai,Road,12,In Transit,2025-02-01,SKU123,178,2025-02-13
SHP004885,Chennai,Rotterdam,Road,12,Delayed,2025-08-22,SKU121,164,2025-09-03
SHP004886,Noida,Singapore,Road,4,Delivered,2025-07-28,SKU114,126,2025-08-01
SHP004887,Bangkok,Mumbai,Sea,19,In Transit,2025-10-09,SKU106,199,2025-10-28
SHP004888,Shenzhen,Singapore,Sea,13,In Transit,2025-01-24,SKU111,214,2025-02-06
SHP004889,Bangkok,Chicago,Sea,4,In Transit,2025-11-24,SKU120,113,2025-11-28
SHP004890,Bangkok,Sao Paulo,Air,16,In Transit,2025-10-31,SKU118,124,2025-11-16
SHP004891,Chennai,Sydney,Sea,9,Delivered,2025-10-09,SKU106,181,2025-10-18
SHP004892,Bangkok,Singapore,Sea,15,Delayed,2025-04-27,SKU108,197,2025-05-12
SHP004893,Bangkok,Rotterdam,Sea,24,Delayed,2025-08-09,SKU103,202,2025-09-02
SHP004894,Noida,Johannesburg,Sea,25,Delayed,2025-12-11,SKU109,149,2026-01-05
SHP004895,Bangkok,Mumbai,Sea,25,In Transit,2025-06-03,SKU119,105,2025-06-28
SHP004896,Ho Chi Minh City,Singapore,Sea,16,In Transit,2025-10-27,SKU103,121,2025-11-12
SHP004897,Bangkok,Dubai,Sea,11,Delayed,2025-06-02,SKU121,165,2025-06-13
SHP004898,Ho Chi Minh City,Sydney,Road,13,In Transit,2025-06-19,SKU129,114,2025-07-02
SHP004899,Bangkok,Rotterdam,Sea,19,In Transit,2025-01-12,SKU109,145,2025-01-31
SHP004900,Ho Chi Minh City,Dubai,Air,15,Delivered,2025-10-23,SKU123,184,2025-11-07
SHP004901,Ho Chi Minh City,Chicago,Sea,9,Delivered,2025-12-19,SKU112,117,2025-12-28
SHP004902,Chennai,Sao Paulo,Sea,5,In Transit,2025-01-25,SKU117,191,2025-01-30
SHP004903,Zhengzhou,Dubai,Air,23,Delayed,2025-08-08,SKU115,171,2025-08-31
SHP004904,Bangkok,Dubai,Air,18,Delayed,2025-05-13,SKU119,201,2025-05-31
SHP004905,Bangkok,Rotterdam,Sea,5,Delayed,2025-10-31,SKU111,103,2025-11-05
SHP004906,Bangkok,Sydney,Sea,23,Delayed,2025-10-20,SKU121,132,2025-11-12
SHP004907,Zhengzhou,Rotterdam,Sea,14,Delayed,2025-09-21,SKU109,121,2025-10-05
SHP004908,Zhengzhou,Mumbai,Air,23,Delivered,2025-07-27,SKU124,153,2025-08-19
SHP004909,Shenzhen,Mumbai,Air,2,Delayed,2025-10-27,SKU128,125,2025-10-29
SHP004910,Shenzhen,Chicago,Air,17,Delivered,2025-03-24,SKU121,141,2025-04-10
SHP004911,Bangkok,Johannesburg,Air,12,In Transit,2025-10-27,SKU105,195,2025-11-08
SHP004912,Noida,Sydney,Sea,14,Delivered,2025-02-10,SKU123,132,2025-02-24
SHP004913,Zhengzhou,Chicago,Air,19,In Transit,2025-11-15,SKU116,173,2025-12-04
SHP004914,Chennai,Dubai,Sea,18,In Transit,2025-11-27,SKU126,157,2025-12-15
SHP004915,Zhengzhou,Mumbai,Air,17,Delivered,2025-03-23,SKU109,196,2025-04-09
SHP004916,Zhengzhou,Chicago,Air,21,Delayed,2025-01-25,SKU128,178,2025-02-15
SHP004917,Bangkok,Johannesburg,Sea,6,Delivered,2025-08-16,SKU126,106,2025-08-22
SHP004918,Ho Chi Minh City,Johannesburg,Road,14,Delayed,2025-05-10,SKU124,117,2025-05-24
SHP004919,Bangkok,Chicago,Air,11,In Transit,2025-09-28,SKU108,156,2025-10-09
SHP004920,Shenzhen,Johannesburg,Air,16,Delayed,2025-10-24,SKU127,163,2025-11-09
SHP004921,Ho Chi Minh City,Johannesburg,Road,10,Delivered,2025-06-05,SKU120,91,2025-06-15
SHP004922,Bangkok,Chicago,Sea,24,Delivered,2025-02-12,SKU110,140,2025-03-08
SHP004923,Zhengzhou,Sydney,Air,3,Delivered,2025-07-05,SKU125,213,2025-07-08
SHP004924,Shenzhen,Johannesburg,Road,3,Delivered,2025-06-28,SKU123,182,2025-07-01
SHP004925,Ho Chi Minh City,Sao Paulo,Air,8,Delayed,2025-03-15,SKU123,206,2025-03-23
SHP004926,Ho Chi Minh City,Singapore,Sea,25,Delivered,2025-12-08,SKU124,202,2026-01-02
SHP004927,Bangkok,Sao Paulo,Air,15,Delivered,2025-12-09,SKU101,142,2025-12-24
SHP004928,Ho Chi Minh City,Johannesburg,Sea,17,Delivered,2025-03-31,SKU102,122,2025-04-17
SHP004929,Chennai,Sao Paulo,Sea,3,Delivered,2025-10-06,SKU113,215,2025-10-09
SHP004930,Shenzhen,Singapore,Air,24,Delayed,2025-10-25,SKU118,170,2025-11-18
SHP004931,Shenzhen,Dubai,Air,23,Delivered,2025-12-30,SKU103,201,2026-01-22
SHP004932,Chennai,Johannesburg,Sea,5,Delivered,2025-08-14,SKU129,196,2025-08-19
SHP004933,Bangkok,Sao Paulo,Sea,6,In Transit,2025-11-22,SKU103,137,2025-11-28
SHP004934,Zhengzhou,Chicago,Road,23,Delayed,2025-01-08,SKU129,155,2025-01-31
SHP004935,Bangkok,Sao Paulo,Sea,13,In Transit,2025-10-29,SKU115,149,2025-11-11
SHP004936,Noida,Dubai,Air,18,Delayed,2025-04-25,SKU112,237,2025-05-13
SHP004937,Bangkok,Mumbai,Road,12,Delivered,2025-12-30,SKU107,120,2026-01-11
SHP004938,Ho Chi Minh City,Sao Paulo,Air,13,In Transit,2025-03-08,SKU118,201,2025-03-21
SHP004939,Zhengzhou,Singapore,Road,15,Delayed,2025-05-04,SKU120,211,2025-05-19
SHP004940,Bangkok,Johannesburg,Air,19,Delayed,2025-01-21,SKU124,188,2025-02-09
SHP004941,Shenzhen,Dubai,Air,22,Delayed,2025-07-25,SKU108,199,2025-08-16
SHP004942,Zhengzhou,Sydney,Air,20,Delayed,2025-05-29,SKU111,118,2025-06-18
SHP004943,Chennai,Sydney,Air,25,Delivered,2025-02-26,SKU114,158,2025-03-23
SHP004944,Chennai,Dubai,Air,20,Delivered,2025-06-29,SKU104,177,2025-07-19
SHP004945,Bangkok,Sao Paulo,Air,3,In Transit,2025-04-17,SKU100,197,2025-04-20
SHP004946,Noida,Mumbai,Road,6,In Transit,2025-04-10,SKU122,144,2025-04-16
SHP004947,Ho Chi Minh City,Rotterdam,Road,18,Delivered,2025-08-24,SKU100,151,2025-09-11
SHP004948,Bangkok,Dubai,Air,6,In Transit,2025-12-02,SKU111,188,2025-12-08
SHP004949,Shenzhen,Sao Paulo,Road,5,In Transit,2025-02-09,SKU128,163,2025-02-14
SHP004950,Bangkok,Rotterdam,Road,8,Delivered,2025-10-30,SKU110,106,2025-11-07
SHP004951,Zhengzhou,Sydney,Road,5,In Transit,2025-04-08,SKU108,117,2025-04-13
SHP004952,Ho Chi Minh City,Sao Paulo,Air,24,Delivered,2025-07-19,SKU101,122,2025-08-12
SHP004953,Chennai,Mumbai,Air,18,Delivered,2025-08-20,SKU111,123,2025-09-07
SHP004954,Ho Chi Minh City,Johannesburg,Road,17,Delayed,2025-11-28,SKU126,186,2025-12-15
SHP004955,Shenzhen,Sydney,Air,5,In Transit,2025-10-31,SKU109,210,2025-11-05
SHP004956,Shenzhen,Mumbai,Air,17,In Transit,2025-04-23,SKU102,196,2025-05-10
SHP004957,Zhengzhou,Dubai,Air,14,In Transit,2025-08-04,SKU119,115,2025-08-18
SHP004958,Zhengzhou,Rotterdam,Road,8,In Transit,2025-04-11,SKU129,215,2025-04-19
SHP004959,Chennai,Sao Paulo,Road,17,In Transit,2025-12-09,SKU128,224,2025-12-26
SHP004960,Zhengzhou,Chicago,Sea,9,Delivered,2025-08-06,SKU118,119,2025-08-15
SHP004961,Noida,Johannesburg,Road,15,In Transit,2025-12-11,SKU106,210,2025-12-26
SHP004962,Shenzhen,Rotterdam,Road,8,In Transit,2025-12-06,SKU121,190,2025-12-14
SHP004963,Shenzhen,Singapore,Sea,6,Delivered,2025-01-04,SKU122,217,2025-01-10
SHP004964,Zhengzhou,Rotterdam,Sea,4,In Transit,2025-09-16,SKU126,188,2025-09-20
SHP004965,Zhengzhou,Mumbai,Sea,8,Delayed,2025-12-22,SKU109,131,2025-12-30
SHP004966,Ho Chi Minh City,Johannesburg,Sea,6,Delayed,2025-08-15,SKU115,129,2025-08-21
SHP004967,Chennai,Dubai,Road,11,In Transit,2025-10-14,SKU109,189,2025-10-25
SHP004968,Shenzhen,Johannesburg,Road,3,In Transit,2025-04-18,SKU108,133,2025-04-21
SHP004969,Noida,Johannesburg,Road,8,Delayed,2025-12-15,SKU111,133,2025-12-23
SHP004970,Shenzhen,Dubai,Sea,4,Delayed,2025-11-12,SKU108,133,2025-11-16
SHP004971,Ho Chi Minh City,Dubai,Air,13,In Transit,2025-12-14,SKU121,203,2025-12-27
SHP004972,Noida,Rotterdam,Sea,2,Delivered,2025-05-19,SKU100,130,2025-05-21
SHP004973,Bangkok,Johannesburg,Road,2,Delivered,2025-04-27,SKU100,114,2025-04-29
SHP004974,Zhengzhou,Sydney,Air,23,In Transit,2025-01-11,SKU112,160,2025-02-03
SHP004975,Chennai,Dubai,Sea,7,In Transit,2025-03-05,SKU126,104,2025-03-12
SHP004976,Zhengzhou,Sydney,Sea,12,Delayed,2025-02-28,SKU127,250,2025-03-12
SHP004977,Bangkok,Singapore,Air,6,In Transit,2025-05-04,SKU103,122,2025-05-10
SHP004978,Shenzhen,Sydney,Sea,17,Delivered,2025-04-24,SKU113,228,2025-05-11
SHP004979,Chennai,Singapore,Road,19,Delayed,2025-08-20,SKU126,142,2025-09-08
SHP004980,Shenzhen,Dubai,Sea,2,Delayed,2025-06-16,SKU100,201,2025-06-18
SHP004981,Zhengzhou,Rotterdam,Air,18,In Transit,2025-09-07,SKU122,170,2025-09-25
SHP004982,Chennai,Singapore,Road,21,In Transit,2025-10-16,SKU110,171,2025-11-06
SHP004983,Ho Chi Minh City,Rotterdam,Road,3,In Transit,2025-08-21,SKU125,102,2025-08-24
SHP004984,Noida,Dubai,Road,5,In Transit,2025-11-12,SKU122,172,2025-11-17
SHP004985,Ho Chi Minh City,Singapore,Road,3,Delivered,2025-09-23,SKU128,220,2025-09-26
SHP004986,Noida,Johannesburg,Air,3,In Transit,2025-11-20,SKU118,205,2025-11-23
SHP004987,Shenzhen,Rotterdam,Road,15,In Transit,2025-09-18,SKU123,224,2025-10-03
SHP004988,Noida,Johannesburg,Sea,4,In Transit,2025-11-30,SKU124,172,2025-12-04
SHP004989,Shenzhen,Rotterdam,Road,24,In Transit,2025-04-16,SKU109,106,2025-05-10
SHP004990,Zhengzhou,Dubai,Air,24,Delivered,2025-05-20,SKU129,126,2025-06-13
SHP004991,Shenzhen,Chicago,Road,25,In Transit,2025-08-12,SKU125,179,2025-09-06
SHP004992,Noida,Dubai,Air,23,Delivered,2025-10-29,SKU113,136,2025-11-21
SHP004993,Ho Chi Minh City,Johannesburg,Sea,5,Delivered,2025-03-27,SKU126,111,2025-04-01
SHP004994,Zhengzhou,Dubai,Sea,23,Delayed,2025-12-01,SKU123,134,2025-12-24
SHP004995,Chennai,Singapore,Sea,9,Delivered,2025-08-01,SKU102,99,2025-08-10
SHP004996,Shenzhen,Dubai,Road,21,Delivered,2025-09-19,SKU124,113,2025-10-10
SHP004997,Bangkok,Johannesburg,Road,22,Delivered,2025-10-08,SKU112,140,2025-10-30
SHP004998,Bangkok,Dubai,Air,5,In Transit,2025-10-19,SKU114,154,2025-10-24
SHP004999,Shenzhen,Chicago,Air,14,Delivered,2025-09-08,SKU119,179,2025-09-22
SHP005000,Shenzhen,Sydney,Road,3,In Transit,2025-01-14,SKU109,119,2025-01-17
SHP005001,Chennai,Chicago,Air,25,In Transit,2025-09-15,SKU122,95,2025-10-10
SHP005002,Noida,Chicago,Sea,11,In Transit,2025-10-21,SKU124,103,2025-11-01
SHP005003,Ho Chi Minh City,Mumbai,Sea,20,Delivered,2025-04-12,SKU114,162,2025-05-02
SHP005004,Ho Chi Minh City,Sydney,Air,16,In Transit,2025-08-02,SKU109,209,2025-08-18
SHP005005,Bangkok,Mumbai,Road,15,In Transit,2025-07-22,SKU112,180,2025-08-06
SHP005006,Shenzhen,Chicago,Air,20,Delivered,2025-07-17,SKU115,111,2025-08-06
SHP005007,Bangkok,Chicago,Air,20,In Transit,2025-02-20,SKU116,107,2025-03-12
SHP005008,Bangkok,Rotterdam,Sea,22,Delivered,2025-09-28,SKU118,100,2025-10-20
SHP005009,Shenzhen,Chicago,Sea,21,In Transit,2025-05-06,SKU113,106,2025-05-27
SHP005010,Ho Chi Minh City,Singapore,Road,5,Delivered,2025-04-18,SKU104,95,2025-04-23
SHP005011,Zhengzhou,Sao Paulo,Air,15,Delayed,2025-02-07,SKU113,226,2025-02-22
SHP005012,Shenzhen,Chicago,Air,9,In Transit,2025-07-25,SKU110,179,2025-08-03
SHP005013,Chennai,Singapore,Road,12,In Transit,2025-01-18,SKU109,160,2025-01-30
SHP005014,Bangkok,Sao Paulo,Air,12,Delayed,2025-11-20,SKU100,144,2025-12-02
SHP005015,Noida,Mumbai,Air,22,Delivered,2025-01-17,SKU119,181,2025-02-08
SHP005016,Zhengzhou,Chicago,Sea,4,Delayed,2025-05-02,SKU115,158,2025-05-06
SHP005017,Chennai,Johannesburg,Sea,25,Delivered,2025-06-24,SKU124,141,2025-07-19
SHP005018,Shenzhen,Sydney,Road,24,In Transit,2025-05-20,SKU125,144,2025-06-13
SHP005019,Noida,Sydney,Air,15,In Transit,2025-11-18,SKU100,122,2025-12-03
SHP005020,Noida,Chicago,Air,16,Delayed,2025-10-19,SKU108,144,2025-11-04
SHP005021,Noida,Dubai,Air,8,Delivered,2025-03-15,SKU115,188,2025-03-23
SHP005022,Shenzhen,Rotterdam,Sea,13,In Transit,2025-03-03,SKU114,104,2025-03-16
SHP005023,Shenzhen,Rotterdam,Sea,11,In Transit,2025-10-10,SKU124,135,2025-10-21
SHP005024,Chennai,Chicago,Sea,7,Delivered,2025-08-17,SKU113,155,2025-08-24
SHP005025,Chennai,Johannesburg,Road,3,In Transit,2025-08-14,SKU115,135,2025-08-17
SHP005026,Shenzhen,Mumbai,Sea,21,Delivered,2025-02-23,SKU103,118,2025-03-16
SHP005027,Shenzhen,Mumbai,Air,17,Delayed,2025-12-12,SKU104,209,2025-12-29
SHP005028,Noida,Dubai,Air,3,In Transit,2025-09-20,SKU118,113,2025-09-23
SHP005029,Noida,Dubai,Sea,16,Delayed,2025-01-16,SKU102,111,2025-02-01
SHP005030,Noida,Rotterdam,Road,24,Delivered,2025-01-14,SKU121,106,2025-02-07
SHP005031,Noida,Singapore,Road,14,Delayed,2025-12-02,SKU116,247,2025-12-16
SHP005032,Bangkok,Rotterdam,Road,17,Delivered,2025-10-04,SKU113,172,2025-10-21
SHP005033,Chennai,Johannesburg,Air,24,In Transit,2025-03-25,SKU123,113,2025-04-18
SHP005034,Chennai,Dubai,Air,14,Delivered,2025-10-18,SKU111,165,2025-11-01
SHP005035,Bangkok,Mumbai,Road,8,In Transit,2025-05-21,SKU128,121,2025-05-29
SHP005036,Zhengzhou,Sydney,Road,7,Delivered,2025-03-06,SKU126,162,2025-03-13
SHP005037,Shenzhen,Sao Paulo,Sea,21,Delayed,2025-01-12,SKU129,131,2025-02-02
SHP005038,Chennai,Johannesburg,Air,8,Delivered,2025-09-03,SKU113,165,2025-09-11
SHP005039,Chennai,Johannesburg,Air,22,In Transit,2025-04-20,SKU111,109,2025-05-12
SHP005040,Bangkok,Sydney,Sea,15,Delivered,2025-10-02,SKU115,162,2025-10-17
SHP005041,Zhengzhou,Chicago,Road,20,Delivered,2025-05-26,SKU116,157,2025-06-15
SHP005042,Chennai,Rotterdam,Road,21,Delivered,2025-09-11,SKU111,122,2025-10-02
SHP005043,Noida,Chicago,Road,17,In Transit,2025-10-08,SKU115,150,2025-10-25
SHP005044,Noida,Mumbai,Air,14,Delayed,2025-12-27,SKU109,191,2026-01-10
SHP005045,Bangkok,Rotterdam,Road,24,In Transit,2025-10-17,SKU120,117,2025-11-10
SHP005046,Ho Chi Minh City,Sydney,Sea,25,Delivered,2025-06-14,SKU111,166,2025-07-09
SHP005047,Noida,Mumbai,Air,10,Delivered,2025-01-04,SKU118,139,2025-01-14
SHP005048,Chennai,Dubai,Sea,14,Delivered,2025-03-29,SKU116,179,2025-04-12
SHP005049,Bangkok,Johannesburg,Air,9,In Transit,2025-11-30,SKU109,219,2025-12-09
SHP005050,Ho Chi Minh City,Dubai,Sea,24,Delayed,2025-04-01,SKU110,147,2025-04-25
SHP005051,Ho Chi Minh City,Dubai,Road,10,In Transit,2025-07-11,SKU116,168,2025-07-21
SHP005052,Shenzhen,Chicago,Air,25,In Transit,2025-05-16,SKU117,141,2025-06-10
SHP005053,Chennai,Johannesburg,Road,8,Delivered,2025-03-13,SKU124,107,2025-03-21
SHP005054,Ho Chi Minh City,Sydney,Air,15,In Transit,2025-12-01,SKU119,135,2025-12-16
SHP005055,Zhengzhou,Johannesburg,Road,22,In Transit,2025-10-29,SKU107,151,2025-11-20
SHP005056,Zhengzhou,Sao Paulo,Sea,11,In Transit,2025-05-05,SKU113,132,2025-05-16
SHP005057,Ho Chi Minh City,Rotterdam,Sea,20,Delayed,2025-03-27,SKU129,111,2025-04-16
SHP005058,Shenzhen,Chicago,Air,2,In Transit,2025-11-26,SKU115,200,2025-11-28
SHP005059,Zhengzhou,Dubai,Air,9,Delivered,2025-11-08,SKU115,193,2025-11-17
SHP005060,Shenzhen,Chicago,Air,16,Delivered,2025-05-24,SKU115,176,2025-06-09
SHP005061,Noida,Chicago,Sea,4,In Transit,2025-05-07,SKU100,209,2025-05-11
SHP005062,Shenzhen,Chicago,Sea,23,Delivered,2025-10-09,SKU106,199,2025-11-01
SHP005063,Shenzhen,Sao Paulo,Road,5,In Transit,2025-05-16,SKU121,172,2025-05-21
SHP005064,Chennai,Chicago,Air,20,In Transit,2025-01-30,SKU111,103,2025-02-19
SHP005065,Bangkok,Chicago,Air,13,Delayed,2025-02-21,SKU123,213,2025-03-06
SHP005066,Shenzhen,Dubai,Air,19,In Transit,2025-10-28,SKU102,221,2025-11-16
SHP005067,Ho Chi Minh City,Rotterdam,Road,16,Delayed,2025-08-10,SKU121,185,2025-08-26
SHP005068,Chennai,Chicago,Road,6,Delayed,2025-06-21,SKU116,109,2025-06-27
SHP005069,Zhengzhou,Singapore,Sea,16,In Transit,2025-07-10,SKU102,189,2025-07-26
SHP005070,Noida,Sao Paulo,Air,5,Delivered,2025-11-08,SKU101,129,2025-11-13
SHP005071,Zhengzhou,Sao Paulo,Road,19,Delayed,2025-09-20,SKU122,130,2025-10-09
SHP005072,Zhengzhou,Dubai,Air,22,Delayed,2025-12-27,SKU103,200,2026-01-18
SHP005073,Bangkok,Singapore,Sea,3,Delayed,2025-01-27,SKU122,145,2025-01-30
SHP005074,Chennai,Johannesburg,Road,9,Delivered,2025-11-05,SKU120,192,2025-11-14
SHP005075,Zhengzhou,Sao Paulo,Sea,2,Delayed,2025-10-23,SKU112,211,2025-10-25
SHP005076,Zhengzhou,Sao Paulo,Road,22,Delivered,2025-07-01,SKU123,217,2025-07-23
SHP005077,Noida,Singapore,Sea,5,In Transit,2025-01-06,SKU122,157,2025-01-11
SHP005078,Noida,Mumbai,Air,25,Delivered,2025-05-09,SKU110,195,2025-06-03
SHP005079,Ho Chi Minh City,Singapore,Sea,24,Delivered,2025-12-29,SKU119,161,2026-01-22
SHP005080,Bangkok,Rotterdam,Sea,12,In Transit,2025-06-06,SKU115,114,2025-06-18
SHP005081,Shenzhen,Sydney,Sea,22,In Transit,2025-08-09,SKU117,125,2025-08-31
SHP005082,Shenzhen,Sao Paulo,Air,12,In Transit,2025-12-06,SKU117,227,2025-12-18
SHP005083,Zhengzhou,Chicago,Road,21,In Transit,2025-06-08,SKU113,123,2025-06-29
SHP005084,Chennai,Dubai,Air,9,Delivered,2025-12-09,SKU108,182,2025-12-18
SHP005085,Chennai,Rotterdam,Sea,8,Delivered,2025-06-26,SKU108,182,2025-07-04
SHP005086,Bangkok,Johannesburg,Road,5,In Transit,2025-08-27,SKU129,127,2025-09-01
SHP005087,Shenzhen,Rotterdam,Road,6,In Transit,2025-07-28,SKU127,199,2025-08-03
SHP005088,Zhengzhou,Chicago,Air,10,In Transit,2025-12-19,SKU125,153,2025-12-29
SHP005089,Ho Chi Minh City,Sao Paulo,Air,3,Delayed,2025-04-11,SKU109,174,2025-04-14
SHP005090,Shenzhen,Chicago,Air,2,In Transit,2025-12-25,SKU115,169,2025-12-27
SHP005091,Chennai,Chicago,Road,15,Delayed,2025-05-19,SKU127,175,2025-06-03
SHP005092,Bangkok,Rotterdam,Sea,21,Delivered,2025-06-05,SKU103,119,2025-06-26
SHP005093,Ho Chi Minh City,Rotterdam,Road,18,In Transit,2025-08-14,SKU101,119,2025-09-01
SHP005094,Bangkok,Dubai,Road,13,In Transit,2025-10-18,SKU100,180,2025-10-31
SHP005095,Chennai,Singapore,Road,5,In Transit,2025-07-13,SKU122,174,2025-07-18
SHP005096,Bangkok,Sydney,Sea,7,Delivered,2025-05-16,SKU122,219,2025-05-23
SHP005097,Chennai,Rotterdam,Road,25,Delayed,2025-07-05,SKU117,143,2025-07-30
SHP005098,Chennai,Mumbai,Air,21,Delivered,2025-08-06,SKU119,190,2025-08-27
SHP005099,Bangkok,Chicago,Air,13,In Transit,2025-05-24,SKU124,203,2025-06-06
SHP005100,Chennai,Johannesburg,Road,12,Delivered,2025-06-13,SKU100,99,2025-06-25
SHP005101,Ho Chi Minh City,Johannesburg,Air,15,In Transit,2025-12-30,SKU108,144,2026-01-14
SHP005102,Chennai,Singapore,Sea,10,Delivered,2025-06-10,SKU118,182,2025-06-20
SHP005103,Zhengzhou,Singapore,Road,16,Delayed,2025-11-04,SKU109,214,2025-11-20
SHP005104,Bangkok,Sydney,Road,5,In Transit,2025-04-16,SKU103,189,2025-04-21
SHP005105,Noida,Singapore,Air,8,Delivered,2025-08-20,SKU110,194,2025-08-28
SHP005106,Chennai,Dubai,Road,25,Delivered,2025-01-13,SKU115,205,2025-02-07
SHP005107,Zhengzhou,Mumbai,Road,5,Delayed,2025-10-14,SKU128,122,2025-10-19
SHP005108,Ho Chi Minh City,Mumbai,Sea,14,Delayed,2025-03-01,SKU122,174,2025-03-15
SHP005109,Zhengzhou,Chicago,Road,23,In Transit,2025-06-11,SKU105,95,2025-07-04
SHP005110,Noida,Dubai,Sea,2,Delivered,2025-11-09,SKU106,195,2025-11-11
SHP005111,Chennai,Chicago,Road,5,Delivered,2025-10-23,SKU116,166,2025-10-28
SHP005112,Zhengzhou,Mumbai,Road,5,Delivered,2025-09-20,SKU101,214,2025-09-25
SHP005113,Noida,Johannesburg,Air,12,Delivered,2025-07-14,SKU113,219,2025-07-26
SHP005114,Chennai,Johannesburg,Sea,24,Delivered,2025-03-30,SKU111,127,2025-04-23
SHP005115,Zhengzhou,Sydney,Road,6,Delivered,2025-08-05,SKU125,156,2025-08-11
SHP005116,Noida,Mumbai,Sea,12,Delayed,2025-03-06,SKU101,128,2025-03-18
SHP005117,Ho Chi Minh City,Mumbai,Air,11,Delivered,2025-09-07,SKU106,164,2025-09-18
SHP005118,Bangkok,Dubai,Air,23,In Transit,2025-06-07,SKU107,151,2025-06-30
SHP005119,Chennai,Mumbai,Sea,9,In Transit,2025-11-20,SKU102,126,2025-11-29
SHP005120,Noida,Johannesburg,Road,2,In Transit,2025-11-17,SKU109,142,2025-11-19
SHP005121,Bangkok,Chicago,Sea,19,Delivered,2025-05-26,SKU100,114,2025-06-14
SHP005122,Zhengzhou,Dubai,Road,19,Delivered,2025-06-30,SKU122,148,2025-07-19
SHP005123,Shenzhen,Chicago,Sea,9,In Transit,2025-05-03,SKU103,181,2025-05-12
SHP005124,Noida,Singapore,Air,9,In Transit,2025-04-13,SKU115,162,2025-04-22
SHP005125,Noida,Chicago,Sea,5,Delivered,2025-10-04,SKU114,220,2025-10-09
SHP005126,Zhengzhou,Johannesburg,Road,3,Delivered,2025-04-01,SKU106,161,2025-04-04
SHP005127,Noida,Chicago,Air,7,Delayed,2025-06-07,SKU129,130,2025-06-14
SHP005128,Noida,Chicago,Road,3,Delayed,2025-08-12,SKU112,231,2025-08-15
SHP005129,Bangkok,Dubai,Air,2,In Transit,2025-01-02,SKU108,187,2025-01-04
SHP005130,Bangkok,Dubai,Sea,23,Delayed,2025-03-18,SKU122,154,2025-04-10
SHP005131,Bangkok,Rotterdam,Air,2,In Transit,2025-05-12,SKU115,165,2025-05-14
SHP005132,Noida,Sao Paulo,Air,14,Delayed,2025-10-16,SKU112,165,2025-10-30
SHP005133,Noida,Rotterdam,Sea,17,Delivered,2025-10-05,SKU115,187,2025-10-22
SHP005134,Ho Chi Minh City,Sydney,Sea,7,Delivered,2025-02-17,SKU121,151,2025-02-24
SHP005135,Ho Chi Minh City,Dubai,Air,17,Delivered,2025-04-27,SKU116,130,2025-05-14
SHP005136,Zhengzhou,Rotterdam,Road,23,Delayed,2025-01-17,SKU129,210,2025-02-09
SHP005137,Noida,Johannesburg,Road,6,In Transit,2025-07-01,SKU106,128,2025-07-07
SHP005138,Chennai,Mumbai,Sea,21,Delivered,2025-02-11,SKU105,192,2025-03-04
SHP005139,Zhengzhou,Johannesburg,Road,14,Delayed,2025-05-05,SKU114,135,2025-05-19
SHP005140,Shenzhen,Sao Paulo,Road,12,In Transit,2025-04-26,SKU117,182,2025-05-08
SHP005141,Shenzhen,Sydney,Road,18,In Transit,2025-06-06,SKU102,105,2025-06-24
SHP005142,Shenzhen,Johannesburg,Air,18,Delayed,2025-09-27,SKU106,132,2025-10-15
SHP005143,Ho Chi Minh City,Mumbai,Sea,4,In Transit,2025-08-15,SKU105,126,2025-08-19
SHP005144,Bangkok,Dubai,Sea,23,Delivered,2025-03-31,SKU110,120,2025-04-23
SHP005145,Noida,Dubai,Air,9,Delivered,2025-01-04,SKU126,145,2025-01-13
SHP005146,Bangkok,Rotterdam,Road,4,In Transit,2025-12-11,SKU111,103,2025-12-15
SHP005147,Noida,Dubai,Road,17,Delivered,2025-08-03,SKU117,205,2025-08-20
SHP005148,Shenzhen,Johannesburg,Air,3,Delayed,2025-01-17,SKU100,226,2025-01-20
SHP005149,Ho Chi Minh City,Mumbai,Sea,5,In Transit,2025-12-28,SKU107,113,2026-01-02
SHP005150,Zhengzhou,Dubai,Sea,5,Delayed,2025-09-17,SKU128,211,2025-09-22
SHP005151,Chennai,Sydney,Air,4,In Transit,2025-07-29,SKU128,187,2025-08-02
SHP005152,Zhengzhou,Johannesburg,Sea,6,Delayed,2025-12-21,SKU114,170,2025-12-27
SHP005153,Ho Chi Minh City,Rotterdam,Air,16,In Transit,2025-02-02,SKU114,131,2025-02-18
SHP005154,Noida,Singapore,Road,23,Delayed,2025-08-05,SKU106,159,2025-08-28
SHP005155,Zhengzhou,Sydney,Air,9,Delivered,2025-08-02,SKU113,173,2025-08-11
SHP005156,Chennai,Rotterdam,Air,6,Delivered,2025-08-17,SKU112,194,2025-08-23
SHP005157,Zhengzhou,Singapore,Road,18,In Transit,2025-08-27,SKU113,146,2025-09-14
SHP005158,Chennai,Sao Paulo,Road,16,Delivered,2025-12-16,SKU114,139,2026-01-01
SHP005159,Ho Chi Minh City,Sydney,Road,25,Delayed,2025-02-13,SKU112,124,2025-03-10
SHP005160,Bangkok,Dubai,Sea,20,Delivered,2025-12-16,SKU100,221,2026-01-05
SHP005161,Zhengzhou,Singapore,Air,13,In Transit,2025-06-29,SKU109,132,2025-07-12
SHP005162,Shenzhen,Sydney,Sea,19,Delayed,2025-09-26,SKU115,162,2025-10-15
SHP005163,Zhengzhou,Sydney,Sea,12,In Transit,2025-06-21,SKU115,185,2025-07-03
SHP005164,Chennai,Sydney,Air,21,Delayed,2025-10-02,SKU101,199,2025-10-23
SHP005165,Shenzhen,Sao Paulo,Road,14,Delivered,2025-12-15,SKU102,147,2025-12-29
SHP005166,Noida,Johannesburg,Road,16,Delayed,2025-07-28,SKU123,228,2025-08-13
SHP005167,Noida,Sao Paulo,Sea,9,Delayed,2025-03-15,SKU101,198,2025-03-24
SHP005168,Chennai,Rotterdam,Air,16,In Transit,2025-10-06,SKU101,171,2025-10-22
SHP005169,Zhengzhou,Mumbai,Air,2,Delayed,2025-05-23,SKU113,162,2025-05-25
SHP005170,Zhengzhou,Sydney,Road,15,In Transit,2025-11-13,SKU101,219,2025-11-28
SHP005171,Ho Chi Minh City,Mumbai,Sea,19,Delayed,2025-06-14,SKU123,186,2025-07-03
SHP005172,Shenzhen,Singapore,Sea,6,Delayed,2025-08-07,SKU113,210,2025-08-13
SHP005173,Ho Chi Minh City,Sao Paulo,Air,9,In Transit,2025-12-11,SKU121,177,2025-12-20
SHP005174,Zhengzhou,Johannesburg,Air,18,In Transit,2025-09-01,SKU107,166,2025-09-19
SHP005175,Noida,Singapore,Sea,22,Delivered,2025-08-15,SKU129,163,2025-09-06
SHP005176,Ho Chi Minh City,Mumbai,Air,14,In Transit,2025-10-19,SKU116,143,2025-11-02
SHP005177,Chennai,Chicago,Sea,8,Delivered,2025-09-08,SKU121,213,2025-09-16
SHP005178,Noida,Sydney,Road,7,Delivered,2025-04-03,SKU126,205,2025-04-10
SHP005179,Zhengzhou,Sao Paulo,Sea,16,Delivered,2025-08-20,SKU105,160,2025-09-05
SHP005180,Ho Chi Minh City,Rotterdam,Air,4,In Transit,2025-12-03,SKU124,139,2025-12-07
SHP005181,Chennai,Mumbai,Sea,15,Delivered,2025-11-06,SKU116,170,2025-11-21
SHP005182,Bangkok,Mumbai,Sea,25,Delayed,2025-09-20,SKU108,114,2025-10-15
SHP005183,Chennai,Chicago,Road,24,Delivered,2025-07-27,SKU115,170,2025-08-20
SHP005184,Noida,Chicago,Sea,5,Delayed,2025-03-06,SKU117,199,2025-03-11
SHP005185,Ho Chi Minh City,Rotterdam,Sea,5,Delayed,2025-12-10,SKU116,125,2025-12-15
SHP005186,Ho Chi Minh City,Johannesburg,Air,21,Delivered,2025-10-14,SKU128,165,2025-11-04
SHP005187,Noida,Rotterdam,Road,23,In Transit,2025-11-17,SKU103,196,2025-12-10
SHP005188,Noida,Sydney,Sea,8,In Transit,2025-01-10,SKU106,126,2025-01-18
SHP005189,Zhengzhou,Johannesburg,Road,13,In Transit,2025-06-21,SKU125,169,2025-07-04
SHP005190,Bangkok,Sao Paulo,Road,9,Delivered,2025-12-17,SKU119,216,2025-12-26
SHP005191,Chennai,Sydney,Road,7,Delayed,2025-11-17,SKU107,178,2025-11-24
SHP005192,Chennai,Dubai,Air,4,Delayed,2025-05-20,SKU122,184,2025-05-24
SHP005193,Bangkok,Rotterdam,Air,6,Delivered,2025-04-18,SKU129,190,2025-04-24
SHP005194,Ho Chi Minh City,Singapore,Sea,18,In Transit,2025-12-30,SKU106,204,2026-01-17
SHP005195,Noida,Mumbai,Sea,13,Delivered,2025-10-30,SKU108,150,2025-11-12
SHP005196,Bangkok,Mumbai,Air,15,Delayed,2025-03-15,SKU125,189,2025-03-30
SHP005197,Noida,Chicago,Sea,23,Delivered,2025-11-18,SKU107,203,2025-12-11
SHP005198,Ho Chi Minh City,Mumbai,Sea,8,In Transit,2025-08-13,SKU121,193,2025-08-21
SHP005199,Noida,Sydney,Air,17,Delivered,2025-11-01,SKU115,216,2025-11-18
SHP005200,Ho Chi Minh City,Rotterdam,Road,17,Delivered,2025-10-13,SKU110,200,2025-10-30
SHP005201,Shenzhen,Dubai,Sea,25,Delayed,2025-11-15,SKU128,166,2025-12-10
SHP005202,Bangkok,Rotterdam,Air,6,Delayed,2025-02-08,SKU100,178,2025-02-14
SHP005203,Noida,Chicago,Road,25,Delivered,2025-10-05,SKU128,135,2025-10-30
SHP005204,Shenzhen,Chicago,Air,24,In Transit,2025-08-26,SKU121,95,2025-09-19
SHP005205,Chennai,Chicago,Road,24,In Transit,2025-10-07,SKU105,236,2025-10-31
SHP005206,Shenzhen,Rotterdam,Road,6,Delivered,2025-02-02,SKU102,194,2025-02-08
SHP005207,Chennai,Sao Paulo,Road,6,Delivered,2025-02-03,SKU105,113,2025-02-09
SHP005208,Bangkok,Rotterdam,Air,23,Delivered,2025-06-08,SKU126,176,2025-07-01
SHP005209,Shenzhen,Chicago,Road,25,Delivered,2025-10-12,SKU106,202,2025-11-06
SHP005210,Bangkok,Dubai,Air,7,Delayed,2025-03-12,SKU123,209,2025-03-19
SHP005211,Noida,Mumbai,Sea,6,Delivered,2025-03-27,SKU113,134,2025-04-02
SHP005212,Ho Chi Minh City,Sao Paulo,Sea,15,Delivered,2025-07-23,SKU108,210,2025-08-07
SHP005213,Chennai,Sydney,Sea,6,In Transit,2025-11-05,SKU114,102,2025-11-11
SHP005214,Ho Chi Minh City,Chicago,Road,9,In Transit,2025-06-21,SKU105,136,2025-06-30
SHP005215,Noida,Sydney,Air,14,Delayed,2025-01-26,SKU120,149,2025-02-09
SHP005216,Shenzhen,Singapore,Road,18,Delayed,2025-02-06,SKU120,118,2025-02-24
SHP005217,Noida,Dubai,Sea,11,Delivered,2025-08-06,SKU120,91,2025-08-17
SHP005218,Shenzhen,Johannesburg,Sea,7,Delayed,2025-04-13,SKU126,217,2025-04-20
SHP005219,Chennai,Chicago,Sea,8,In Transit,2025-01-18,SKU108,205,2025-01-26
SHP005220,Bangkok,Singapore,Air,4,Delivered,2025-11-08,SKU123,134,2025-11-12
SHP005221,Chennai,Rotterdam,Air,9,In Transit,2025-02-26,SKU107,172,2025-03-07
SHP005222,Noida,Singapore,Road,21,In Transit,2025-04-05,SKU126,183,2025-04-26
SHP005223,Chennai,Sao Paulo,Air,7,In Transit,2025-04-22,SKU119,186,2025-04-29
SHP005224,Shenzhen,Sao Paulo,Air,23,Delayed,2025-07-30,SKU100,128,2025-08-22
SHP005225,Chennai,Singapore,Air,23,In Transit,2025-01-05,SKU119,168,2025-01-28
SHP005226,Zhengzhou,Sao Paulo,Air,13,Delivered,2025-10-04,SKU117,192,2025-10-17
SHP005227,Chennai,Johannesburg,Sea,10,Delivered,2025-07-01,SKU125,105,2025-07-11
SHP005228,Chennai,Sydney,Road,8,In Transit,2025-01-13,SKU112,181,2025-01-21
SHP005229,Shenzhen,Johannesburg,Air,9,Delivered,2025-10-07,SKU124,153,2025-10-16
SHP005230,Bangkok,Johannesburg,Sea,24,Delivered,2025-08-29,SKU113,145,2025-09-22
SHP005231,Noida,Chicago,Sea,17,Delivered,2025-09-01,SKU101,193,2025-09-18
SHP005232,Noida,Sao Paulo,Air,3,Delayed,2025-04-17,SKU112,152,2025-04-20
SHP005233,Shenzhen,Sydney,Road,10,Delivered,2025-05-22,SKU116,124,2025-06-01
SHP005234,Chennai,Sydney,Sea,8,Delayed,2025-12-05,SKU102,184,2025-12-13
SHP005235,Shenzhen,Singapore,Road,15,In Transit,2025-08-27,SKU116,194,2025-09-11
SHP005236,Bangkok,Chicago,Road,19,Delayed,2025-10-25,SKU111,170,2025-11-13
SHP005237,Bangkok,Mumbai,Air,7,In Transit,2025-02-05,SKU108,146,2025-02-12
SHP005238,Bangkok,Singapore,Sea,13,Delivered,2025-03-25,SKU101,155,2025-04-07
SHP005239,Shenzhen,Dubai,Sea,22,In Transit,2025-08-17,SKU128,146,2025-09-08
SHP005240,Ho Chi Minh City,Rotterdam,Road,19,In Transit,2025-01-12,SKU116,103,2025-01-31
SHP005241,Chennai,Sao Paulo,Road,3,In Transit,2025-10-12,SKU108,129,2025-10-15
SHP005242,Ho Chi Minh City,Sao Paulo,Air,13,In Transit,2025-11-03,SKU106,168,2025-11-16
SHP005243,Bangkok,Chicago,Road,11,In Transit,2025-09-20,SKU106,138,2025-10-01
SHP005244,Bangkok,Mumbai,Sea,15,Delayed,2025-11-06,SKU107,173,2025-11-21
SHP005245,Zhengzhou,Johannesburg,Air,11,Delivered,2025-03-18,SKU122,149,2025-03-29
SHP005246,Bangkok,Singapore,Road,12,In Transit,2025-06-21,SKU114,213,2025-07-03
SHP005247,Noida,Singapore,Road,8,Delayed,2025-09-05,SKU123,223,2025-09-13
SHP005248,Chennai,Sao Paulo,Sea,22,Delivered,2025-09-16,SKU129,138,2025-10-08
SHP005249,Chennai,Chicago,Road,11,Delivered,2025-03-31,SKU118,211,2025-04-11
SHP005250,Ho Chi Minh City,Chicago,Road,25,Delivered,2025-05-01,SKU105,116,2025-05-26
SHP005251,Ho Chi Minh City,Chicago,Air,9,Delayed,2025-09-01,SKU129,180,2025-09-10
SHP005252,Shenzhen,Rotterdam,Sea,24,In Transit,2025-05-13,SKU122,140,2025-06-06
SHP005253,Noida,Sydney,Road,13,In Transit,2025-01-14,SKU124,164,2025-01-27
SHP005254,Ho Chi Minh City,Chicago,Air,24,Delivered,2025-06-01,SKU123,200,2025-06-25
SHP005255,Chennai,Sydney,Air,3,Delivered,2025-04-14,SKU121,107,2025-04-17
SHP005256,Noida,Rotterdam,Road,4,In Transit,2025-06-10,SKU127,191,2025-06-14
SHP005257,Noida,Singapore,Road,23,In Transit,2025-03-12,SKU121,125,2025-04-04
SHP005258,Noida,Sydney,Air,19,Delivered,2025-06-01,SKU107,165,2025-06-20
SHP005259,Zhengzhou,Dubai,Road,8,Delivered,2025-10-30,SKU128,131,2025-11-07
SHP005260,Shenzhen,Chicago,Road,4,In Transit,2025-05-05,SKU125,205,2025-05-09
SHP005261,Shenzhen,Singapore,Road,16,Delayed,2025-02-22,SKU110,98,2025-03-10
SHP005262,Zhengzhou,Johannesburg,Road,21,Delayed,2025-11-27,SKU119,204,2025-12-18
SHP005263,Zhengzhou,Sydney,Sea,18,In Transit,2025-02-18,SKU129,177,2025-03-08
SHP005264,Shenzhen,Mumbai,Road,20,Delayed,2025-03-29,SKU116,222,2025-04-18
SHP005265,Bangkok,Mumbai,Road,10,Delivered,2025-06-22,SKU122,132,2025-07-02
SHP005266,Shenzhen,Johannesburg,Road,22,Delivered,2025-04-08,SKU118,184,2025-04-30
SHP005267,Chennai,Singapore,Road,7,Delivered,2025-07-05,SKU100,205,2025-07-12
SHP005268,Zhengzhou,Mumbai,Road,4,Delivered,2025-09-05,SKU109,179,2025-09-09
SHP005269,Bangkok,Rotterdam,Road,9,Delivered,2025-12-28,SKU114,224,2026-01-06
SHP005270,Shenzhen,Johannesburg,Road,11,Delayed,2025-04-05,SKU109,228,2025-04-16
SHP005271,Chennai,Mumbai,Sea,24,Delivered,2025-09-07,SKU116,134,2025-10-01
SHP005272,Chennai,Dubai,Road,7,Delivered,2025-09-12,SKU101,175,2025-09-19
SHP005273,Zhengzhou,Johannesburg,Air,19,In Transit,2025-10-10,SKU105,173,2025-10-29
SHP005274,Zhengzhou,Johannesburg,Road,20,Delayed,2025-10-14,SKU112,193,2025-11-03
SHP005275,Noida,Sydney,Air,9,In Transit,2025-03-16,SKU115,212,2025-03-25
SHP005276,Noida,Johannesburg,Air,4,In Transit,2025-08-03,SKU100,133,2025-08-07
SHP005277,Chennai,Johannesburg,Air,14,Delayed,2025-03-17,SKU117,196,2025-03-31
SHP005278,Ho Chi Minh City,Sao Paulo,Air,11,In Transit,2025-06-01,SKU122,204,2025-06-12
SHP005279,Noida,Singapore,Sea,23,In Transit,2025-02-20,SKU119,151,2025-03-15
SHP005280,Ho Chi Minh City,Sydney,Sea,23,Delivered,2025-07-07,SKU123,141,2025-07-30
SHP005281,Shenzhen,Dubai,Air,21,Delayed,2025-07-07,SKU117,175,2025-07-28
SHP005282,Ho Chi Minh City,Chicago,Sea,10,Delivered,2025-01-13,SKU129,173,2025-01-23
SHP005283,Shenzhen,Sao Paulo,Air,24,Delivered,2025-09-13,SKU107,101,2025-10-07
SHP005284,Noida,Johannesburg,Sea,19,In Transit,2025-05-23,SKU116,151,2025-06-11
SHP005285,Shenzhen,Singapore,Road,14,Delivered,2025-03-14,SKU104,99,2025-03-28
SHP005286,Chennai,Sao Paulo,Road,3,In Transit,2025-04-18,SKU127,170,2025-04-21
SHP005287,Ho Chi Minh City,Mumbai,Sea,13,Delivered,2025-04-01,SKU116,173,2025-04-14
SHP005288,Shenzhen,Sao Paulo,Air,19,In Transit,2025-12-28,SKU111,230,2026-01-16
SHP005289,Noida,Mumbai,Road,17,Delivered,2025-02-05,SKU120,100,2025-02-22
SHP005290,Shenzhen,Sao Paulo,Road,11,Delayed,2025-10-09,SKU122,203,2025-10-20
SHP005291,Noida,Singapore,Road,5,Delayed,2025-06-16,SKU127,142,2025-06-21
SHP005292,Noida,Mumbai,Air,18,Delivered,2025-08-24,SKU120,109,2025-09-11
SHP005293,Noida,Chicago,Sea,24,In Transit,2025-09-17,SKU109,193,2025-10-11
SHP005294,Zhengzhou,Mumbai,Air,14,Delivered,2025-02-01,SKU113,144,2025-02-15
SHP005295,Noida,Mumbai,Road,8,Delivered,2025-07-11,SKU106,188,2025-07-19
SHP005296,Ho Chi Minh City,Sao Paulo,Sea,19,In Transit,2025-07-19,SKU106,192,2025-08-07
SHP005297,Bangkok,Chicago,Road,5,Delayed,2025-02-16,SKU101,189,2025-02-21
SHP005298,Zhengzhou,Singapore,Road,2,Delivered,2025-06-07,SKU126,95,2025-06-09
SHP005299,Noida,Dubai,Air,11,Delayed,2025-07-21,SKU125,139,2025-08-01
SHP005300,Bangkok,Singapore,Air,23,Delivered,2025-05-21,SKU128,203,2025-06-13
SHP005301,Chennai,Dubai,Sea,12,Delayed,2025-06-05,SKU129,152,2025-06-17
SHP005302,Zhengzhou,Sao Paulo,Air,7,Delayed,2025-01-18,SKU116,202,2025-01-25
SHP005303,Chennai,Sao Paulo,Road,23,Delivered,2025-03-23,SKU116,192,2025-04-15
SHP005304,Ho Chi Minh City,Dubai,Road,23,Delivered,2025-03-15,SKU125,193,2025-04-07
SHP005305,Bangkok,Chicago,Air,4,In Transit,2025-04-28,SKU128,168,2025-05-02
SHP005306,Shenzhen,Sydney,Air,10,Delayed,2025-01-18,SKU127,138,2025-01-28
SHP005307,Ho Chi Minh City,Sao Paulo,Sea,21,Delivered,2025-09-13,SKU122,231,2025-10-04
SHP005308,Zhengzhou,Dubai,Sea,8,In Transit,2025-03-04,SKU108,113,2025-03-12
SHP005309,Shenzhen,Rotterdam,Road,23,In Transit,2025-06-13,SKU113,190,2025-07-06
SHP005310,Chennai,Dubai,Sea,20,In Transit,2025-03-18,SKU114,139,2025-04-07
SHP005311,Shenzhen,Rotterdam,Sea,19,In Transit,2025-05-26,SKU119,177,2025-06-14
SHP005312,Bangkok,Mumbai,Sea,13,Delayed,2025-10-04,SKU123,198,2025-10-17
SHP005313,Ho Chi Minh City,Sydney,Sea,25,Delivered,2025-10-03,SKU112,99,2025-10-28
SHP005314,Bangkok,Singapore,Road,7,Delayed,2025-08-02,SKU129,84,2025-08-09
SHP005315,Ho Chi Minh City,Sydney,Sea,2,In Transit,2025-11-24,SKU113,152,2025-11-26
SHP005316,Chennai,Dubai,Road,17,Delayed,2025-09-15,SKU128,133,2025-10-02
SHP005317,Noida,Mumbai,Sea,23,Delayed,2025-09-19,SKU106,191,2025-10-12
SHP005318,Chennai,Johannesburg,Sea,21,Delayed,2025-05-07,SKU120,215,2025-05-28
SHP005319,Zhengzhou,Singapore,Sea,20,Delivered,2025-05-08,SKU122,187,2025-05-28
SHP005320,Bangkok,Singapore,Road,13,In Transit,2025-08-08,SKU116,209,2025-08-21
SHP005321,Ho Chi Minh City,Sydney,Sea,11,Delivered,2025-11-25,SKU112,132,2025-12-06
SHP005322,Ho Chi Minh City,Sao Paulo,Sea,13,In Transit,2025-03-12,SKU127,119,2025-03-25
SHP005323,Ho Chi Minh City,Dubai,Road,17,Delivered,2025-03-19,SKU110,222,2025-04-05
SHP005324,Chennai,Dubai,Road,6,Delivered,2025-10-09,SKU102,184,2025-10-15
SHP005325,Noida,Dubai,Air,23,Delivered,2025-07-04,SKU105,101,2025-07-27
SHP005326,Shenzhen,Johannesburg,Road,5,In Transit,2025-11-10,SKU102,224,2025-11-15
SHP005327,Ho Chi Minh City,Rotterdam,Sea,16,In Transit,2025-10-11,SKU128,225,2025-10-27
SHP005328,Bangkok,Johannesburg,Air,7,Delivered,2025-01-26,SKU128,102,2025-02-02
SHP005329,Chennai,Mumbai,Sea,3,Delivered,2025-03-29,SKU114,178,2025-04-01
SHP005330,Chennai,Johannesburg,Air,9,Delayed,2025-07-23,SKU107,148,2025-08-01
SHP005331,Bangkok,Singapore,Road,6,Delayed,2025-01-09,SKU102,193,2025-01-15
SHP005332,Noida,Rotterdam,Air,19,Delivered,2025-06-07,SKU106,161,2025-06-26
SHP005333,Bangkok,Rotterdam,Sea,2,In Transit,2025-09-28,SKU110,205,2025-09-30
SHP005334,Chennai,Johannesburg,Road,15,Delayed,2025-01-16,SKU114,102,2025-01-31
SHP005335,Noida,Chicago,Road,14,In Transit,2025-09-03,SKU115,132,2025-09-17
SHP005336,Zhengzhou,Sao Paulo,Sea,12,In Transit,2025-01-16,SKU114,103,2025-01-28
SHP005337,Noida,Mumbai,Sea,21,In Transit,2025-04-20,SKU103,121,2025-05-11
SHP005338,Noida,Sao Paulo,Sea,5,Delayed,2025-04-09,SKU128,207,2025-04-14
SHP005339,Shenzhen,Singapore,Sea,10,Delayed,2025-09-10,SKU127,214,2025-09-20
SHP005340,Zhengzhou,Sydney,Road,6,Delivered,2025-06-12,SKU104,146,2025-06-18
SHP005341,Noida,Dubai,Air,5,In Transit,2025-08-29,SKU129,118,2025-09-03
SHP005342,Ho Chi Minh City,Mumbai,Air,24,In Transit,2025-05-10,SKU127,127,2025-06-03
SHP005343,Shenzhen,Rotterdam,Air,2,Delayed,2025-06-09,SKU116,249,2025-06-11
SHP005344,Noida,Mumbai,Air,10,In Transit,2025-07-21,SKU129,195,2025-07-31
SHP005345,Bangkok,Dubai,Sea,19,Delayed,2025-01-10,SKU106,133,2025-01-29
SHP005346,Zhengzhou,Sao Paulo,Air,10,Delivered,2025-09-08,SKU117,101,2025-09-18
SHP005347,Bangkok,Johannesburg,Sea,9,Delivered,2025-05-01,SKU105,124,2025-05-10
SHP005348,Chennai,Mumbai,Road,19,In Transit,2025-05-31,SKU114,99,2025-06-19
SHP005349,Noida,Sao Paulo,Sea,24,Delivered,2025-05-02,SKU101,155,2025-05-26
SHP005350,Zhengzhou,Rotterdam,Sea,20,Delivered,2025-05-17,SKU127,191,2025-06-06
SHP005351,Shenzhen,Johannesburg,Road,8,Delayed,2025-12-15,SKU123,216,2025-12-23
SHP005352,Zhengzhou,Mumbai,Sea,16,Delivered,2025-11-14,SKU125,204,2025-11-30
SHP005353,Ho Chi Minh City,Singapore,Road,3,Delayed,2025-02-12,SKU118,106,2025-02-15
SHP005354,Zhengzhou,Rotterdam,Road,18,Delivered,2025-10-22,SKU117,115,2025-11-09
SHP005355,Zhengzhou,Rotterdam,Sea,15,Delayed,2025-06-28,SKU111,148,2025-07-13
SHP005356,Chennai,Rotterdam,Air,7,In Transit,2025-09-11,SKU117,152,2025-09-18
SHP005357,Bangkok,Sydney,Sea,12,Delivered,2025-05-05,SKU104,193,2025-05-17
SHP005358,Chennai,Sydney,Road,21,Delivered,2025-07-07,SKU111,173,2025-07-28
SHP005359,Zhengzhou,Sao Paulo,Sea,21,Delivered,2025-08-17,SKU102,216,2025-09-07
SHP005360,Chennai,Sao Paulo,Air,6,Delivered,2025-11-25,SKU105,177,2025-12-01
SHP005361,Ho Chi Minh City,Chicago,Air,2,Delivered,2025-01-08,SKU116,129,2025-01-10
SHP005362,Bangkok,Chicago,Road,3,Delayed,2025-06-19,SKU118,128,2025-06-22
SHP005363,Noida,Sao Paulo,Road,18,Delayed,2025-04-27,SKU128,97,2025-05-15
SHP005364,Noida,Rotterdam,Road,9,In Transit,2025-04-06,SKU129,184,2025-04-15
SHP005365,Shenzhen,Rotterdam,Sea,16,Delayed,2025-02-18,SKU123,221,2025-03-06
SHP005366,Bangkok,Sydney,Air,2,In Transit,2025-03-13,SKU123,209,2025-03-15
SHP005367,Bangkok,Rotterdam,Sea,5,Delayed,2025-06-01,SKU117,114,2025-06-06
SHP005368,Shenzhen,Chicago,Sea,21,In Transit,2025-06-25,SKU107,121,2025-07-16
SHP005369,Bangkok,Johannesburg,Road,2,In Transit,2025-07-27,SKU104,111,2025-07-29
SHP005370,Ho Chi Minh City,Mumbai,Road,11,Delayed,2025-01-13,SKU110,212,2025-01-24
SHP005371,Ho Chi Minh City,Chicago,Sea,25,Delivered,2025-08-01,SKU100,133,2025-08-26
SHP005372,Bangkok,Dubai,Sea,17,Delayed,2025-02-18,SKU124,247,2025-03-07
SHP005373,Chennai,Sydney,Air,17,Delayed,2025-02-01,SKU115,213,2025-02-18
SHP005374,Bangkok,Mumbai,Road,12,Delivered,2025-06-03,SKU119,177,2025-06-15
SHP005375,Ho Chi Minh City,Sao Paulo,Road,5,Delivered,2025-04-21,SKU103,102,2025-04-26
SHP005376,Noida,Sydney,Sea,14,Delayed,2025-08-22,SKU128,171,2025-09-05
SHP005377,Bangkok,Singapore,Road,15,In Transit,2025-12-13,SKU111,199,2025-12-28
SHP005378,Zhengzhou,Dubai,Sea,22,In Transit,2025-06-29,SKU113,161,2025-07-21
SHP005379,Shenzhen,Chicago,Sea,7,In Transit,2025-11-23,SKU115,199,2025-11-30
SHP005380,Chennai,Sydney,Air,13,In Transit,2025-09-28,SKU125,98,2025-10-11
SHP005381,Shenzhen,Mumbai,Road,23,Delayed,2025-03-06,SKU128,190,2025-03-29
SHP005382,Zhengzhou,Chicago,Road,17,Delayed,2025-03-13,SKU122,198,2025-03-30
SHP005383,Bangkok,Singapore,Road,24,In Transit,2025-10-20,SKU120,124,2025-11-13
SHP005384,Noida,Johannesburg,Sea,2,In Transit,2025-03-08,SKU120,122,2025-03-10
SHP005385,Shenzhen,Sao Paulo,Road,4,In Transit,2025-10-16,SKU102,223,2025-10-20
SHP005386,Bangkok,Sydney,Air,11,Delayed,2025-03-09,SKU107,187,2025-03-20
SHP005387,Shenzhen,Johannesburg,Road,23,Delivered,2025-02-19,SKU120,170,2025-03-14
SHP005388,Bangkok,Sao Paulo,Road,17,Delayed,2025-02-19,SKU110,158,2025-03-08
SHP005389,Noida,Rotterdam,Road,4,In Transit,2025-08-06,SKU121,134,2025-08-10
SHP005390,Noida,Sydney,Sea,8,Delayed,2025-01-15,SKU103,115,2025-01-23
SHP005391,Chennai,Sao Paulo,Air,16,Delayed,2025-01-05,SKU120,137,2025-01-21
SHP005392,Zhengzhou,Sao Paulo,Sea,25,Delivered,2025-11-14,SKU110,207,2025-12-09
SHP005393,Noida,Chicago,Air,7,Delivered,2025-09-30,SKU126,211,2025-10-07
SHP005394,Ho Chi Minh City,Rotterdam,Sea,18,Delivered,2025-10-18,SKU122,106,2025-11-05
SHP005395,Zhengzhou,Rotterdam,Air,10,Delivered,2025-03-24,SKU106,232,2025-04-03
SHP005396,Shenzhen,Chicago,Air,11,Delayed,2025-01-04,SKU128,109,2025-01-15
SHP005397,Zhengzhou,Sao Paulo,Sea,14,Delivered,2025-05-16,SKU127,248,2025-05-30
SHP005398,Bangkok,Sydney,Air,18,In Transit,2025-06-01,SKU127,171,2025-06-19
SHP005399,Chennai,Sao Paulo,Road,11,Delayed,2025-11-26,SKU110,123,2025-12-07
SHP005400,Ho Chi Minh City,Sydney,Sea,12,In Transit,2025-01-23,SKU113,151,2025-02-04
SHP005401,Ho Chi Minh City,Chicago,Air,3,Delayed,2025-10-29,SKU104,211,2025-11-01
SHP005402,Bangkok,Mumbai,Road,25,In Transit,2025-01-19,SKU108,180,2025-02-13
SHP005403,Noida,Johannesburg,Air,8,In Transit,2025-08-07,SKU101,165,2025-08-15
SHP005404,Shenzhen,Dubai,Air,18,Delayed,2025-04-29,SKU108,177,2025-05-17
SHP005405,Ho Chi Minh City,Rotterdam,Air,9,Delayed,2025-09-11,SKU107,127,2025-09-20
SHP005406,Ho Chi Minh City,Mumbai,Road,3,In Transit,2025-01-15,SKU128,151,2025-01-18
SHP005407,Shenzhen,Mumbai,Air,10,Delivered,2025-12-06,SKU125,187,2025-12-16
SHP005408,Zhengzhou,Singapore,Road,5,Delayed,2025-08-06,SKU124,144,2025-08-11
SHP005409,Chennai,Rotterdam,Sea,3,Delayed,2025-11-04,SKU128,155,2025-11-07
SHP005410,Zhengzhou,Chicago,Air,24,In Transit,2025-04-19,SKU119,216,2025-05-13
SHP005411,Zhengzhou,Sao Paulo,Sea,5,In Transit,2025-04-29,SKU103,203,2025-05-04
SHP005412,Ho Chi Minh City,Sao Paulo,Air,8,In Transit,2025-05-10,SKU110,114,2025-05-18
SHP005413,Chennai,Singapore,Road,17,In Transit,2025-11-29,SKU127,98,2025-12-16
SHP005414,Shenzhen,Chicago,Air,15,In Transit,2025-06-13,SKU128,126,2025-06-28
SHP005415,Zhengzhou,Rotterdam,Road,10,In Transit,2025-01-18,SKU104,206,2025-01-28
SHP005416,Bangkok,Sydney,Sea,24,Delivered,2025-04-10,SKU114,176,2025-05-04
SHP005417,Bangkok,Sao Paulo,Sea,2,Delivered,2025-03-01,SKU126,156,2025-03-03
SHP005418,Noida,Mumbai,Air,13,Delivered,2025-10-01,SKU109,96,2025-10-14
SHP005419,Ho Chi Minh City,Sydney,Sea,7,Delayed,2025-03-02,SKU127,170,2025-03-09
SHP005420,Ho Chi Minh City,Chicago,Sea,7,In Transit,2025-04-25,SKU108,192,2025-05-02
SHP005421,Noida,Rotterdam,Road,2,In Transit,2025-05-27,SKU129,201,2025-05-29
SHP005422,Zhengzhou,Johannesburg,Sea,4,Delayed,2025-11-28,SKU103,99,2025-12-02
SHP005423,Shenzhen,Singapore,Sea,25,In Transit,2025-08-11,SKU122,146,2025-09-05
SHP005424,Noida,Johannesburg,Air,13,Delayed,2025-11-28,SKU112,141,2025-12-11
SHP005425,Zhengzhou,Singapore,Sea,10,Delivered,2025-06-03,SKU118,246,2025-06-13
SHP005426,Zhengzhou,Rotterdam,Sea,12,In Transit,2025-01-11,SKU103,199,2025-01-23
SHP005427,Chennai,Rotterdam,Air,5,In Transit,2025-06-18,SKU106,220,2025-06-23
SHP005428,Zhengzhou,Rotterdam,Road,2,Delivered,2025-05-18,SKU125,220,2025-05-20
SHP005429,Ho Chi Minh City,Singapore,Road,24,Delayed,2025-11-16,SKU115,142,2025-12-10
SHP005430,Shenzhen,Rotterdam,Road,4,Delayed,2025-12-24,SKU107,169,2025-12-28
SHP005431,Shenzhen,Sao Paulo,Road,11,In Transit,2025-06-05,SKU109,147,2025-06-16
SHP005432,Bangkok,Rotterdam,Road,24,In Transit,2025-06-16,SKU120,119,2025-07-10
SHP005433,Noida,Dubai,Sea,20,In Transit,2025-12-10,SKU104,132,2025-12-30
SHP005434,Ho Chi Minh City,Dubai,Air,20,Delayed,2025-11-04,SKU100,134,2025-11-24
SHP005435,Noida,Rotterdam,Air,15,Delayed,2025-06-01,SKU129,128,2025-06-16
SHP005436,Bangkok,Dubai,Road,18,Delayed,2025-07-21,SKU101,199,2025-08-08
SHP005437,Zhengzhou,Sao Paulo,Sea,2,Delayed,2025-03-03,SKU129,109,2025-03-05
SHP005438,Noida,Rotterdam,Road,7,Delayed,2025-12-13,SKU129,163,2025-12-20
SHP005439,Ho Chi Minh City,Mumbai,Road,3,In Transit,2025-11-21,SKU115,221,2025-11-24
SHP005440,Bangkok,Chicago,Sea,18,In Transit,2025-12-11,SKU104,124,2025-12-29
SHP005441,Zhengzhou,Johannesburg,Air,18,Delayed,2025-03-12,SKU110,121,2025-03-30
SHP005442,Chennai,Johannesburg,Air,17,In Transit,2025-06-30,SKU101,127,2025-07-17
SHP005443,Zhengzhou,Johannesburg,Air,21,In Transit,2025-03-02,SKU113,232,2025-03-23
SHP005444,Chennai,Sydney,Road,11,Delivered,2025-06-27,SKU122,205,2025-07-08
SHP005445,Shenzhen,Rotterdam,Road,4,Delayed,2025-09-19,SKU101,139,2025-09-23
SHP005446,Shenzhen,Singapore,Sea,2,In Transit,2025-06-22,SKU124,111,2025-06-24
SHP005447,Chennai,Mumbai,Sea,19,In Transit,2025-05-23,SKU125,147,2025-06-11
SHP005448,Noida,Sydney,Air,25,Delayed,2025-10-31,SKU106,104,2025-11-25
SHP005449,Bangkok,Sydney,Air,25,Delivered,2025-05-26,SKU100,182,2025-06-20
SHP005450,Shenzhen,Dubai,Air,10,Delivered,2025-01-23,SKU125,220,2025-02-02
SHP005451,Shenzhen,Mumbai,Road,17,Delivered,2025-03-02,SKU118,209,2025-03-19
SHP005452,Bangkok,Dubai,Air,8,In Transit,2025-06-13,SKU118,125,2025-06-21
SHP005453,Chennai,Rotterdam,Road,11,Delayed,2025-12-28,SKU129,226,2026-01-08
SHP005454,Zhengzhou,Johannesburg,Road,15,Delivered,2025-05-12,SKU121,161,2025-05-27
SHP005455,Shenzhen,Sao Paulo,Road,12,Delivered,2025-12-22,SKU110,97,2026-01-03
SHP005456,Noida,Johannesburg,Air,18,Delivered,2025-01-15,SKU126,154,2025-02-02
SHP005457,Shenzhen,Chicago,Road,25,In Transit,2025-11-17,SKU102,198,2025-12-12
SHP005458,Zhengzhou,Sydney,Road,23,Delayed,2025-03-02,SKU128,147,2025-03-25
SHP005459,Noida,Johannesburg,Road,7,In Transit,2025-12-20,SKU112,226,2025-12-27
SHP005460,Noida,Rotterdam,Air,8,Delayed,2025-03-25,SKU111,128,2025-04-02
SHP005461,Zhengzhou,Sao Paulo,Sea,9,In Transit,2025-12-24,SKU126,193,2026-01-02
SHP005462,Chennai,Dubai,Air,24,Delivered,2025-09-05,SKU126,172,2025-09-29
SHP005463,Zhengzhou,Rotterdam,Sea,15,Delayed,2025-09-26,SKU101,110,2025-10-11
SHP005464,Bangkok,Chicago,Sea,18,Delayed,2025-08-30,SKU113,164,2025-09-17
SHP005465,Zhengzhou,Johannesburg,Air,24,Delayed,2025-01-12,SKU104,151,2025-02-05
SHP005466,Ho Chi Minh City,Singapore,Sea,22,Delivered,2025-03-08,SKU118,102,2025-03-30
SHP005467,Zhengzhou,Sydney,Sea,5,Delivered,2025-02-04,SKU122,143,2025-02-09
SHP005468,Ho Chi Minh City,Mumbai,Air,16,In Transit,2025-09-06,SKU106,169,2025-09-22
SHP005469,Chennai,Mumbai,Sea,12,Delivered,2025-05-07,SKU118,223,2025-05-19
SHP005470,Noida,Mumbai,Air,12,Delayed,2025-07-11,SKU108,142,2025-07-23
SHP005471,Ho Chi Minh City,Sao Paulo,Air,18,Delivered,2025-06-24,SKU116,144,2025-07-12
SHP005472,Zhengzhou,Rotterdam,Road,19,Delivered,2025-02-20,SKU120,157,2025-03-11
SHP005473,Shenzhen,Johannesburg,Air,8,Delayed,2025-05-14,SKU122,190,2025-05-22
SHP005474,Chennai,Chicago,Road,9,Delivered,2025-09-20,SKU116,100,2025-09-29
SHP005475,Bangkok,Dubai,Air,7,In Transit,2025-03-10,SKU103,180,2025-03-17
SHP005476,Zhengzhou,Sydney,Sea,7,Delayed,2025-02-12,SKU103,138,2025-02-19
SHP005477,Shenzhen,Dubai,Air,2,Delivered,2025-01-24,SKU121,94,2025-01-26
SHP005478,Noida,Johannesburg,Air,24,Delayed,2025-02-10,SKU101,152,2025-03-06
SHP005479,Bangkok,Dubai,Sea,2,Delayed,2025-06-24,SKU128,125,2025-06-26
SHP005480,Bangkok,Mumbai,Road,22,In Transit,2025-02-18,SKU116,108,2025-03-12
SHP005481,Noida,Chicago,Road,15,In Transit,2025-12-18,SKU108,176,2026-01-02
SHP005482,Chennai,Singapore,Air,25,In Transit,2025-02-09,SKU100,188,2025-03-06
SHP005483,Noida,Johannesburg,Sea,17,In Transit,2025-11-20,SKU101,222,2025-12-07
SHP005484,Chennai,Sao Paulo,Sea,13,Delivered,2025-12-21,SKU107,222,2026-01-03
SHP005485,Noida,Mumbai,Sea,17,Delayed,2025-09-18,SKU127,156,2025-10-05
SHP005486,Noida,Chicago,Road,21,Delayed,2025-11-05,SKU120,91,2025-11-26
SHP005487,Zhengzhou,Johannesburg,Sea,12,Delivered,2025-08-16,SKU114,119,2025-08-28
SHP005488,Zhengzhou,Sao Paulo,Air,24,Delayed,2025-04-21,SKU123,120,2025-05-15
SHP005489,Zhengzhou,Rotterdam,Sea,8,In Transit,2025-11-18,SKU106,187,2025-11-26
SHP005490,Ho Chi Minh City,Mumbai,Sea,5,Delivered,2025-12-05,SKU119,145,2025-12-10
SHP005491,Chennai,Chicago,Sea,22,Delivered,2025-09-12,SKU114,113,2025-10-04
SHP005492,Noida,Chicago,Road,13,Delayed,2025-05-16,SKU126,137,2025-05-29
SHP005493,Bangkok,Chicago,Air,22,Delayed,2025-04-18,SKU106,113,2025-05-10
SHP005494,Bangkok,Rotterdam,Air,15,Delayed,2025-08-14,SKU115,158,2025-08-29
SHP005495,Bangkok,Singapore,Road,7,Delivered,2025-06-10,SKU120,185,2025-06-17
SHP005496,Shenzhen,Rotterdam,Sea,6,In Transit,2025-10-20,SKU127,141,2025-10-26
SHP005497,Zhengzhou,Sydney,Air,11,Delayed,2025-01-15,SKU125,242,2025-01-26
SHP005498,Zhengzhou,Johannesburg,Sea,3,Delivered,2025-06-26,SKU101,166,2025-06-29
SHP005499,Bangkok,Singapore,Road,11,Delivered,2025-04-29,SKU102,94,2025-05-10
SHP005500,Noida,Singapore,Sea,25,Delayed,2025-10-05,SKU121,122,2025-10-30
SHP005501,Zhengzhou,Dubai,Sea,16,In Transit,2025-06-11,SKU123,136,2025-06-27
SHP005502,Shenzhen,Johannesburg,Air,8,In Transit,2025-02-14,SKU121,169,2025-02-22
SHP005503,Shenzhen,Sydney,Sea,4,In Transit,2025-06-28,SKU124,152,2025-07-02
SHP005504,Noida,Dubai,Sea,19,Delayed,2025-04-16,SKU104,194,2025-05-05
SHP005505,Chennai,Sao Paulo,Sea,4,In Transit,2025-05-23,SKU119,115,2025-05-27
SHP005506,Zhengzhou,Rotterdam,Road,13,Delayed,2025-02-08,SKU118,131,2025-02-21
SHP005507,Zhengzhou,Rotterdam,Road,18,In Transit,2025-01-26,SKU109,210,2025-02-13
SHP005508,Zhengzhou,Chicago,Road,17,Delivered,2025-04-22,SKU121,222,2025-05-09
SHP005509,Noida,Singapore,Sea,2,Delivered,2025-01-07,SKU128,99,2025-01-09
SHP005510,Bangkok,Sydney,Road,7,Delayed,2025-05-29,SKU108,187,2025-06-05
SHP005511,Bangkok,Chicago,Road,5,In Transit,2025-05-30,SKU124,155,2025-06-04
SHP005512,Shenzhen,Johannesburg,Air,6,Delivered,2025-12-22,SKU122,195,2025-12-28
SHP005513,Bangkok,Singapore,Road,23,Delayed,2025-10-20,SKU113,146,2025-11-12
SHP005514,Shenzhen,Sydney,Road,19,In Transit,2025-12-24,SKU118,164,2026-01-12
SHP005515,Ho Chi Minh City,Sao Paulo,Sea,2,Delayed,2025-01-02,SKU120,168,2025-01-04
SHP005516,Shenzhen,Rotterdam,Sea,24,Delivered,2025-03-04,SKU112,104,2025-03-28
SHP005517,Ho Chi Minh City,Sao Paulo,Road,16,Delayed,2025-06-21,SKU123,213,2025-07-07
SHP005518,Shenzhen,Sydney,Sea,11,Delivered,2025-01-29,SKU127,218,2025-02-09
SHP005519,Zhengzhou,Singapore,Sea,13,Delayed,2025-02-20,SKU123,142,2025-03-05
SHP005520,Noida,Sao Paulo,Air,25,In Transit,2025-10-29,SKU127,142,2025-11-23
SHP005521,Chennai,Singapore,Road,21,Delayed,2025-08-28,SKU117,137,2025-09-18
SHP005522,Bangkok,Mumbai,Air,22,Delayed,2025-05-23,SKU116,224,2025-06-14
SHP005523,Ho Chi Minh City,Rotterdam,Air,11,Delivered,2025-11-30,SKU109,166,2025-12-11
SHP005524,Noida,Johannesburg,Road,13,Delivered,2025-01-30,SKU110,160,2025-02-12
SHP005525,Zhengzhou,Mumbai,Road,2,Delivered,2025-04-08,SKU127,156,2025-04-10
SHP005526,Noida,Johannesburg,Air,3,In Transit,2025-05-06,SKU103,144,2025-05-09
SHP005527,Noida,Johannesburg,Air,18,Delayed,2025-12-23,SKU121,170,2026-01-10
SHP005528,Shenzhen,Johannesburg,Air,14,Delivered,2025-12-23,SKU119,142,2026-01-06
SHP005529,Bangkok,Singapore,Sea,8,In Transit,2025-06-09,SKU113,129,2025-06-17
SHP005530,Noida,Rotterdam,Sea,8,In Transit,2025-03-20,SKU122,109,2025-03-28
SHP005531,Shenzhen,Singapore,Sea,14,In Transit,2025-12-31,SKU111,207,2026-01-14
SHP005532,Shenzhen,Johannesburg,Sea,22,Delayed,2025-04-06,SKU102,116,2025-04-28
SHP005533,Shenzhen,Sao Paulo,Road,19,Delayed,2025-09-23,SKU108,141,2025-10-12
SHP005534,Shenzhen,Johannesburg,Sea,24,Delayed,2025-10-18,SKU116,171,2025-11-11
SHP005535,Shenzhen,Sydney,Air,21,In Transit,2025-02-24,SKU108,123,2025-03-17
SHP005536,Shenzhen,Chicago,Air,11,In Transit,2025-06-02,SKU106,163,2025-06-13
SHP005537,Noida,Sao Paulo,Sea,14,Delayed,2025-03-08,SKU127,231,2025-03-22
SHP005538,Bangkok,Dubai,Sea,20,In Transit,2025-01-11,SKU101,160,2025-01-31
SHP005539,Ho Chi Minh City,Mumbai,Sea,13,In Transit,2025-10-11,SKU116,98,2025-10-24
SHP005540,Ho Chi Minh City,Johannesburg,Road,21,Delivered,2025-02-23,SKU129,166,2025-03-16
SHP005541,Noida,Mumbai,Air,4,Delayed,2025-01-23,SKU101,138,2025-01-27
SHP005542,Shenzhen,Dubai,Air,10,Delayed,2025-08-07,SKU115,114,2025-08-17
SHP005543,Bangkok,Johannesburg,Sea,20,Delayed,2025-05-18,SKU104,97,2025-06-07
SHP005544,Bangkok,Sao Paulo,Sea,6,In Transit,2025-03-19,SKU113,99,2025-03-25
SHP005545,Zhengzhou,Johannesburg,Road,4,Delivered,2025-06-19,SKU110,166,2025-06-23
SHP005546,Ho Chi Minh City,Dubai,Road,5,Delivered,2025-03-08,SKU126,165,2025-03-13
SHP005547,Ho Chi Minh City,Dubai,Road,10,Delivered,2025-04-12,SKU128,166,2025-04-22
SHP005548,Chennai,Chicago,Sea,24,Delivered,2025-08-16,SKU122,207,2025-09-09
SHP005549,Noida,Johannesburg,Road,25,Delayed,2025-07-08,SKU104,231,2025-08-02
SHP005550,Noida,Johannesburg,Road,25,Delayed,2025-03-15,SKU118,144,2025-04-09
SHP005551,Bangkok,Mumbai,Air,22,Delayed,2025-03-18,SKU106,129,2025-04-09
SHP005552,Ho Chi Minh City,Mumbai,Sea,2,In Transit,2025-04-30,SKU111,189,2025-05-02
SHP005553,Ho Chi Minh City,Chicago,Air,21,Delivered,2025-07-10,SKU123,103,2025-07-31
SHP005554,Shenzhen,Chicago,Sea,16,Delayed,2025-06-22,SKU104,161,2025-07-08
SHP005555,Shenzhen,Johannesburg,Road,9,Delayed,2025-04-06,SKU123,188,2025-04-15
SHP005556,Bangkok,Rotterdam,Road,11,Delivered,2025-09-11,SKU101,102,2025-09-22
SHP005557,Zhengzhou,Sao Paulo,Road,24,In Transit,2025-02-25,SKU120,218,2025-03-21
SHP005558,Noida,Chicago,Sea,14,In Transit,2025-01-05,SKU118,205,2025-01-19
SHP005559,Bangkok,Dubai,Sea,6,Delayed,2025-09-15,SKU125,169,2025-09-21
SHP005560,Zhengzhou,Singapore,Road,8,In Transit,2025-08-09,SKU118,174,2025-08-17
SHP005561,Shenzhen,Rotterdam,Road,2,In Transit,2025-05-03,SKU114,99,2025-05-05
SHP005562,Chennai,Johannesburg,Air,10,Delayed,2025-12-07,SKU108,157,2025-12-17
SHP005563,Zhengzhou,Johannesburg,Air,6,In Transit,2025-11-21,SKU115,186,2025-11-27
SHP005564,Chennai,Dubai,Road,10,Delivered,2025-07-17,SKU117,149,2025-07-27
SHP005565,Shenzhen,Rotterdam,Air,15,Delivered,2025-01-12,SKU117,211,2025-01-27
SHP005566,Ho Chi Minh City,Chicago,Sea,12,Delivered,2025-10-31,SKU118,169,2025-11-12
SHP005567,Chennai,Singapore,Road,24,Delayed,2025-03-06,SKU102,109,2025-03-30
SHP005568,Zhengzhou,Sydney,Road,25,Delivered,2025-05-26,SKU126,178,2025-06-20
SHP005569,Noida,Chicago,Sea,24,Delayed,2025-03-23,SKU101,132,2025-04-16
SHP005570,Zhengzhou,Chicago,Air,21,Delivered,2025-09-17,SKU100,223,2025-10-08
SHP005571,Noida,Rotterdam,Road,14,Delayed,2025-01-25,SKU112,195,2025-02-08
SHP005572,Noida,Dubai,Sea,15,Delivered,2025-09-21,SKU117,151,2025-10-06
SHP005573,Shenzhen,Chicago,Road,9,Delayed,2025-01-04,SKU104,115,2025-01-13
SHP005574,Zhengzhou,Dubai,Sea,20,Delayed,2025-05-09,SKU108,118,2025-05-29
SHP005575,Bangkok,Mumbai,Sea,22,Delayed,2025-11-16,SKU129,129,2025-12-08
SHP005576,Zhengzhou,Singapore,Road,9,In Transit,2025-02-19,SKU116,226,2025-02-28
SHP005577,Zhengzhou,Sydney,Road,6,Delayed,2025-12-06,SKU104,148,2025-12-12
SHP005578,Ho Chi Minh City,Mumbai,Air,10,Delivered,2025-02-16,SKU102,180,2025-02-26
SHP005579,Shenzhen,Mumbai,Sea,8,In Transit,2025-12-28,SKU109,128,2026-01-05
SHP005580,Ho Chi Minh City,Johannesburg,Air,25,In Transit,2025-08-10,SKU124,141,2025-09-04
SHP005581,Chennai,Mumbai,Air,16,Delivered,2025-01-11,SKU112,89,2025-01-27
SHP005582,Chennai,Mumbai,Air,12,Delivered,2025-04-18,SKU122,192,2025-04-30
SHP005583,Noida,Johannesburg,Air,23,In Transit,2025-01-02,SKU122,159,2025-01-25
SHP005584,Bangkok,Rotterdam,Road,9,In Transit,2025-10-18,SKU123,168,2025-10-27
SHP005585,Shenzhen,Johannesburg,Sea,8,Delayed,2025-12-12,SKU111,199,2025-12-20
SHP005586,Bangkok,Sydney,Road,15,In Transit,2025-09-20,SKU125,113,2025-10-05
SHP005587,Chennai,Johannesburg,Road,13,Delayed,2025-01-26,SKU121,109,2025-02-08
SHP005588,Chennai,Singapore,Air,18,In Transit,2025-05-31,SKU129,180,2025-06-18
SHP005589,Chennai,Johannesburg,Road,7,In Transit,2025-08-09,SKU108,202,2025-08-16
SHP005590,Noida,Sao Paulo,Sea,4,Delayed,2025-10-05,SKU109,164,2025-10-09
SHP005591,Shenzhen,Mumbai,Road,21,Delivered,2025-03-08,SKU124,154,2025-03-29
SHP005592,Ho Chi Minh City,Singapore,Road,22,Delivered,2025-01-21,SKU120,169,2025-02-12
SHP005593,Bangkok,Johannesburg,Air,5,Delayed,2025-03-26,SKU106,134,2025-03-31
SHP005594,Chennai,Johannesburg,Sea,22,Delayed,2025-12-07,SKU115,128,2025-12-29
SHP005595,Bangkok,Sydney,Sea,10,In Transit,2025-05-26,SKU128,182,2025-06-05
SHP005596,Noida,Rotterdam,Sea,16,Delivered,2025-11-24,SKU114,180,2025-12-10
SHP005597,Noida,Rotterdam,Air,10,Delayed,2025-12-09,SKU124,173,2025-12-19
SHP005598,Ho Chi Minh City,Chicago,Road,17,Delayed,2025-06-07,SKU105,121,2025-06-24
SHP005599,Chennai,Mumbai,Road,22,Delivered,2025-08-25,SKU110,176,2025-09-16
SHP005600,Chennai,Rotterdam,Sea,11,Delayed,2025-08-25,SKU113,108,2025-09-05
SHP005601,Noida,Dubai,Air,20,In Transit,2025-08-12,SKU128,103,2025-09-01
SHP005602,Zhengzhou,Rotterdam,Road,21,In Transit,2025-11-22,SKU127,221,2025-12-13
SHP005603,Bangkok,Dubai,Sea,20,Delayed,2025-11-19,SKU105,222,2025-12-09
SHP005604,Noida,Rotterdam,Road,6,Delayed,2025-03-13,SKU107,141,2025-03-19
SHP005605,Chennai,Dubai,Road,14,Delivered,2025-08-07,SKU126,178,2025-08-21
SHP005606,Noida,Sydney,Air,16,Delayed,2025-03-09,SKU108,174,2025-03-25
SHP005607,Bangkok,Sydney,Air,12,Delivered,2025-02-11,SKU128,103,2025-02-23
SHP005608,Chennai,Singapore,Air,2,Delayed,2025-05-31,SKU121,119,2025-06-02
SHP005609,Bangkok,Sao Paulo,Road,7,Delayed,2025-05-05,SKU129,180,2025-05-12
SHP005610,Bangkok,Mumbai,Sea,2,In Transit,2025-06-16,SKU121,183,2025-06-18
SHP005611,Ho Chi Minh City,Sydney,Air,2,Delivered,2025-12-14,SKU102,143,2025-12-16
SHP005612,Noida,Sao Paulo,Sea,7,Delivered,2025-11-16,SKU128,97,2025-11-23
SHP005613,Zhengzhou,Dubai,Sea,15,Delayed,2025-01-20,SKU119,167,2025-02-04
SHP005614,Ho Chi Minh City,Johannesburg,Road,14,In Transit,2025-06-08,SKU125,219,2025-06-22
SHP005615,Ho Chi Minh City,Sao Paulo,Sea,19,Delivered,2025-08-23,SKU102,147,2025-09-11
SHP005616,Noida,Mumbai,Road,14,Delayed,2025-04-04,SKU112,137,2025-04-18
SHP005617,Bangkok,Sydney,Road,7,Delayed,2025-08-29,SKU129,144,2025-09-05
SHP005618,Shenzhen,Mumbai,Sea,7,Delivered,2025-05-25,SKU123,166,2025-06-01
SHP005619,Ho Chi Minh City,Sydney,Sea,3,Delayed,2025-05-30,SKU102,147,2025-06-02
SHP005620,Noida,Mumbai,Road,24,In Transit,2025-01-19,SKU121,128,2025-02-12
SHP005621,Bangkok,Chicago,Sea,6,Delayed,2025-10-07,SKU117,168,2025-10-13
SHP005622,Chennai,Singapore,Sea,15,In Transit,2025-05-03,SKU126,196,2025-05-18
SHP005623,Zhengzhou,Mumbai,Road,22,Delayed,2025-06-23,SKU114,154,2025-07-15
SHP005624,Bangkok,Rotterdam,Road,4,Delayed,2025-07-07,SKU107,107,2025-07-11
SHP005625,Zhengzhou,Singapore,Road,25,Delayed,2025-10-10,SKU124,195,2025-11-04
SHP005626,Chennai,Chicago,Sea,4,Delayed,2025-05-24,SKU106,136,2025-05-28
SHP005627,Ho Chi Minh City,Rotterdam,Sea,20,Delayed,2025-09-14,SKU112,176,2025-10-04
SHP005628,Bangkok,Rotterdam,Sea,5,In Transit,2025-10-29,SKU113,100,2025-11-03
SHP005629,Bangkok,Sao Paulo,Road,7,Delayed,2025-01-19,SKU118,172,2025-01-26
SHP005630,Bangkok,Sao Paulo,Air,20,Delivered,2025-03-09,SKU102,129,2025-03-29
SHP005631,Ho Chi Minh City,Dubai,Sea,17,Delayed,2025-06-14,SKU104,216,2025-07-01
SHP005632,Ho Chi Minh City,Johannesburg,Air,17,Delayed,2025-03-18,SKU127,237,2025-04-04
SHP005633,Ho Chi Minh City,Rotterdam,Sea,13,Delivered,2025-03-26,SKU113,171,2025-04-08
SHP005634,Zhengzhou,Dubai,Air,5,Delivered,2025-01-26,SKU113,155,2025-01-31
SHP005635,Noida,Dubai,Air,2,Delayed,2025-05-08,SKU118,134,2025-05-10
SHP005636,Shenzhen,Sao Paulo,Air,4,Delivered,2025-03-06,SKU106,119,2025-03-10
SHP005637,Shenzhen,Dubai,Air,13,Delayed,2025-03-23,SKU118,217,2025-04-05
SHP005638,Chennai,Johannesburg,Sea,4,Delivered,2025-07-08,SKU126,160,2025-07-12
SHP005639,Noida,Chicago,Air,23,Delivered,2025-12-09,SKU109,148,2026-01-01
SHP005640,Shenzhen,Sydney,Air,19,Delayed,2025-04-15,SKU107,171,2025-05-04
SHP005641,Shenzhen,Chicago,Road,14,In Transit,2025-06-30,SKU129,108,2025-07-14
SHP005642,Chennai,Chicago,Air,6,Delayed,2025-09-12,SKU101,176,2025-09-18
SHP005643,Chennai,Rotterdam,Air,13,Delivered,2025-03-09,SKU126,121,2025-03-22
SHP005644,Ho Chi Minh City,Sao Paulo,Air,6,In Transit,2025-02-15,SKU116,95,2025-02-21
SHP005645,Bangkok,Sao Paulo,Sea,4,Delayed,2025-08-06,SKU118,213,2025-08-10
SHP005646,Zhengzhou,Johannesburg,Air,18,Delivered,2025-06-09,SKU116,113,2025-06-27
SHP005647,Chennai,Dubai,Sea,20,In Transit,2025-04-14,SKU110,186,2025-05-04
SHP005648,Shenzhen,Sao Paulo,Road,15,Delayed,2025-12-06,SKU128,146,2025-12-21
SHP005649,Shenzhen,Rotterdam,Road,13,In Transit,2025-04-15,SKU116,224,2025-04-28
SHP005650,Ho Chi Minh City,Singapore,Air,20,Delayed,2025-02-16,SKU127,225,2025-03-08
SHP005651,Shenzhen,Sao Paulo,Air,22,In Transit,2025-08-14,SKU120,170,2025-09-05
SHP005652,Bangkok,Rotterdam,Sea,3,Delayed,2025-04-12,SKU129,127,2025-04-15
SHP005653,Zhengzhou,Mumbai,Road,5,Delayed,2025-01-10,SKU100,162,2025-01-15
SHP005654,Bangkok,Johannesburg,Sea,15,Delivered,2025-02-11,SKU105,116,2025-02-26
SHP005655,Ho Chi Minh City,Johannesburg,Sea,9,Delayed,2025-08-01,SKU115,183,2025-08-10
SHP005656,Zhengzhou,Johannesburg,Sea,20,Delayed,2025-03-23,SKU110,157,2025-04-12
SHP005657,Zhengzhou,Mumbai,Air,22,Delayed,2025-09-13,SKU103,124,2025-10-05
SHP005658,Chennai,Singapore,Road,18,Delayed,2025-12-02,SKU109,140,2025-12-20
SHP005659,Chennai,Singapore,Sea,22,Delivered,2025-06-08,SKU115,189,2025-06-30
SHP005660,Shenzhen,Johannesburg,Sea,8,Delivered,2025-01-28,SKU123,114,2025-02-05
SHP005661,Chennai,Sao Paulo,Air,19,In Transit,2025-11-05,SKU128,117,2025-11-24
SHP005662,Noida,Dubai,Sea,4,Delayed,2025-03-23,SKU119,177,2025-03-27
SHP005663,Bangkok,Sydney,Sea,6,In Transit,2025-10-15,SKU123,189,2025-10-21
SHP005664,Ho Chi Minh City,Dubai,Air,20,Delayed,2025-02-28,SKU110,149,2025-03-20
SHP005665,Bangkok,Mumbai,Sea,23,Delivered,2025-06-16,SKU127,132,2025-07-09
SHP005666,Shenzhen,Singapore,Air,20,In Transit,2025-01-16,SKU121,140,2025-02-05
SHP005667,Zhengzhou,Sao Paulo,Air,16,Delayed,2025-04-15,SKU120,241,2025-05-01
SHP005668,Shenzhen,Singapore,Sea,18,In Transit,2025-10-04,SKU120,128,2025-10-22
SHP005669,Ho Chi Minh City,Mumbai,Sea,4,Delayed,2025-02-23,SKU123,213,2025-02-27
SHP005670,Shenzhen,Dubai,Air,16,In Transit,2025-11-29,SKU128,165,2025-12-15
SHP005671,Bangkok,Sydney,Road,25,Delivered,2025-04-19,SKU128,164,2025-05-14
SHP005672,Bangkok,Rotterdam,Air,7,In Transit,2025-02-05,SKU128,186,2025-02-12
SHP005673,Bangkok,Johannesburg,Air,13,In Transit,2025-08-20,SKU115,192,2025-09-02
SHP005674,Noida,Mumbai,Sea,10,Delayed,2025-09-11,SKU119,220,2025-09-21
SHP005675,Shenzhen,Johannesburg,Sea,19,Delayed,2025-10-25,SKU117,208,2025-11-13
SHP005676,Noida,Johannesburg,Air,4,In Transit,2025-08-09,SKU117,159,2025-08-13
SHP005677,Chennai,Dubai,Air,3,In Transit,2025-12-28,SKU101,188,2025-12-31
SHP005678,Shenzhen,Singapore,Road,11,Delivered,2025-02-23,SKU119,170,2025-03-06
SHP005679,Zhengzhou,Johannesburg,Air,14,Delivered,2025-05-20,SKU114,121,2025-06-03
SHP005680,Bangkok,Johannesburg,Road,16,Delivered,2025-08-17,SKU129,169,2025-09-02
SHP005681,Bangkok,Rotterdam,Road,5,Delayed,2025-12-19,SKU122,198,2025-12-24
SHP005682,Ho Chi Minh City,Johannesburg,Sea,21,Delivered,2025-12-08,SKU112,150,2025-12-29
SHP005683,Noida,Chicago,Sea,16,Delayed,2025-12-09,SKU103,235,2025-12-25
SHP005684,Shenzhen,Dubai,Road,17,In Transit,2025-10-15,SKU125,154,2025-11-01
SHP005685,Noida,Sao Paulo,Air,15,In Transit,2025-04-07,SKU129,174,2025-04-22
SHP005686,Noida,Johannesburg,Sea,14,Delayed,2025-02-21,SKU112,228,2025-03-07
SHP005687,Noida,Dubai,Sea,17,Delivered,2025-06-24,SKU119,210,2025-07-11
SHP005688,Bangkok,Johannesburg,Air,19,Delivered,2025-06-13,SKU104,182,2025-07-02
SHP005689,Shenzhen,Dubai,Sea,19,In Transit,2025-04-24,SKU120,214,2025-05-13
SHP005690,Zhengzhou,Johannesburg,Sea,19,Delayed,2025-07-21,SKU108,149,2025-08-09
SHP005691,Ho Chi Minh City,Sydney,Sea,20,Delayed,2025-01-12,SKU109,99,2025-02-01
SHP005692,Shenzhen,Singapore,Air,7,Delayed,2025-02-07,SKU121,165,2025-02-14
SHP005693,Bangkok,Chicago,Sea,24,Delayed,2025-03-14,SKU114,226,2025-04-07
SHP005694,Chennai,Sydney,Road,24,In Transit,2025-10-27,SKU110,109,2025-11-20
SHP005695,Ho Chi Minh City,Dubai,Road,18,Delayed,2025-07-11,SKU121,211,2025-07-29
SHP005696,Shenzhen,Chicago,Sea,9,Delayed,2025-08-18,SKU107,165,2025-08-27
SHP005697,Zhengzhou,Dubai,Air,17,In Transit,2025-12-10,SKU113,122,2025-12-27
SHP005698,Chennai,Chicago,Air,5,Delayed,2025-03-31,SKU125,147,2025-04-05
SHP005699,Chennai,Chicago,Sea,12,Delayed,2025-12-23,SKU112,119,2026-01-04
SHP005700,Chennai,Chicago,Sea,20,Delivered,2025-09-13,SKU106,193,2025-10-03
SHP005701,Ho Chi Minh City,Johannesburg,Road,20,In Transit,2025-01-06,SKU123,174,2025-01-26
SHP005702,Ho Chi Minh City,Sydney,Air,24,Delivered,2025-11-05,SKU123,146,2025-11-29
SHP005703,Zhengzhou,Chicago,Sea,16,Delivered,2025-01-24,SKU105,163,2025-02-09
SHP005704,Zhengzhou,Sao Paulo,Air,24,Delivered,2025-02-15,SKU127,159,2025-03-11
SHP005705,Chennai,Sao Paulo,Air,3,Delivered,2025-12-19,SKU113,132,2025-12-22
SHP005706,Ho Chi Minh City,Rotterdam,Air,22,Delivered,2025-05-24,SKU129,137,2025-06-15
SHP005707,Shenzhen,Singapore,Sea,24,Delivered,2025-06-15,SKU110,131,2025-07-09
SHP005708,Bangkok,Johannesburg,Air,5,Delivered,2025-05-16,SKU121,144,2025-05-21
SHP005709,Zhengzhou,Chicago,Road,20,Delayed,2025-08-05,SKU101,164,2025-08-25
SHP005710,Bangkok,Singapore,Air,17,Delivered,2025-12-19,SKU107,98,2026-01-05
SHP005711,Chennai,Dubai,Air,4,In Transit,2025-08-08,SKU111,187,2025-08-12
SHP005712,Shenzhen,Dubai,Road,24,Delayed,2025-07-01,SKU104,167,2025-07-25
SHP005713,Zhengzhou,Rotterdam,Sea,2,In Transit,2025-02-24,SKU125,141,2025-02-26
SHP005714,Noida,Dubai,Road,20,Delayed,2025-12-04,SKU126,180,2025-12-24
SHP005715,Noida,Mumbai,Air,18,Delayed,2025-07-01,SKU112,152,2025-07-19
SHP005716,Chennai,Sao Paulo,Sea,17,Delayed,2025-01-09,SKU127,196,2025-01-26
SHP005717,Bangkok,Mumbai,Air,8,Delayed,2025-03-11,SKU119,127,2025-03-19
SHP005718,Noida,Mumbai,Road,19,Delivered,2025-12-19,SKU123,134,2026-01-07
SHP005719,Chennai,Chicago,Air,8,Delayed,2025-01-12,SKU123,117,2025-01-20
SHP005720,Chennai,Sao Paulo,Road,24,In Transit,2025-11-21,SKU115,183,2025-12-15
SHP005721,Zhengzhou,Rotterdam,Road,14,In Transit,2025-03-19,SKU115,108,2025-04-02
SHP005722,Bangkok,Sao Paulo,Air,5,In Transit,2025-07-15,SKU119,120,2025-07-20
SHP005723,Bangkok,Sydney,Sea,5,In Transit,2025-09-26,SKU104,179,2025-10-01
SHP005724,Shenzhen,Singapore,Sea,25,Delayed,2025-07-24,SKU114,162,2025-08-18
SHP005725,Shenzhen,Rotterdam,Sea,24,Delayed,2025-09-02,SKU113,159,2025-09-26
SHP005726,Zhengzhou,Sao Paulo,Road,15,Delayed,2025-06-08,SKU118,221,2025-06-23
SHP005727,Chennai,Sydney,Sea,15,Delayed,2025-09-01,SKU129,109,2025-09-16
SHP005728,Noida,Sao Paulo,Air,9,In Transit,2025-04-25,SKU129,121,2025-05-04
SHP005729,Noida,Chicago,Sea,15,Delivered,2025-12-14,SKU111,233,2025-12-29
SHP005730,Ho Chi Minh City,Chicago,Sea,21,In Transit,2025-12-12,SKU123,181,2026-01-02
SHP005731,Ho Chi Minh City,Rotterdam,Air,8,Delayed,2025-09-18,SKU122,127,2025-09-26
SHP005732,Bangkok,Johannesburg,Road,4,Delayed,2025-02-18,SKU117,186,2025-02-22
SHP005733,Ho Chi Minh City,Mumbai,Air,9,Delivered,2025-03-14,SKU125,137,2025-03-23
SHP005734,Ho Chi Minh City,Johannesburg,Road,4,Delayed,2025-06-23,SKU100,177,2025-06-27
SHP005735,Chennai,Rotterdam,Sea,14,In Transit,2025-07-01,SKU114,145,2025-07-15
SHP005736,Shenzhen,Sao Paulo,Sea,14,Delivered,2025-12-25,SKU129,213,2026-01-08
SHP005737,Zhengzhou,Singapore,Sea,22,Delayed,2025-12-10,SKU108,179,2026-01-01
SHP005738,Shenzhen,Mumbai,Road,20,In Transit,2025-11-29,SKU118,227,2025-12-19
SHP005739,Noida,Singapore,Road,9,Delayed,2025-01-01,SKU112,235,2025-01-10
SHP005740,Ho Chi Minh City,Rotterdam,Air,25,Delivered,2025-08-20,SKU110,218,2025-09-14
SHP005741,Noida,Chicago,Road,23,In Transit,2025-03-04,SKU127,201,2025-03-27
SHP005742,Zhengzhou,Dubai,Air,2,Delivered,2025-09-29,SKU128,140,2025-10-01
SHP005743,Chennai,Sydney,Air,5,Delayed,2025-10-11,SKU101,191,2025-10-16
SHP005744,Bangkok,Mumbai,Road,19,Delivered,2025-11-12,SKU122,187,2025-12-01
SHP005745,Noida,Mumbai,Air,7,Delivered,2025-09-05,SKU105,215,2025-09-12
SHP005746,Bangkok,Dubai,Road,5,In Transit,2025-05-10,SKU115,89,2025-05-15
SHP005747,Bangkok,Sydney,Air,2,Delivered,2025-01-05,SKU100,187,2025-01-07
SHP005748,Ho Chi Minh City,Rotterdam,Air,17,Delayed,2025-09-27,SKU121,172,2025-10-14
SHP005749,Zhengzhou,Sydney,Sea,10,In Transit,2025-05-28,SKU108,103,2025-06-07
SHP005750,Noida,Dubai,Road,14,In Transit,2025-08-19,SKU100,232,2025-09-02
SHP005751,Bangkok,Sydney,Air,13,Delayed,2025-01-27,SKU100,136,2025-02-09
SHP005752,Zhengzhou,Johannesburg,Road,20,In Transit,2025-02-07,SKU117,202,2025-02-27
SHP005753,Chennai,Chicago,Road,19,Delivered,2025-11-08,SKU108,171,2025-11-27
SHP005754,Ho Chi Minh City,Rotterdam,Road,12,Delivered,2025-12-28,SKU117,197,2026-01-09
SHP005755,Bangkok,Sao Paulo,Sea,14,In Transit,2025-06-09,SKU110,167,2025-06-23
SHP005756,Chennai,Mumbai,Air,19,In Transit,2025-04-09,SKU113,179,2025-04-28
SHP005757,Shenzhen,Rotterdam,Road,24,Delayed,2025-11-05,SKU123,200,2025-11-29
SHP005758,Chennai,Rotterdam,Air,7,Delivered,2025-07-16,SKU104,135,2025-07-23
SHP005759,Bangkok,Johannesburg,Sea,15,In Transit,2025-05-29,SKU127,165,2025-06-13
SHP005760,Zhengzhou,Singapore,Sea,18,Delivered,2025-04-21,SKU129,120,2025-05-09
SHP005761,Shenzhen,Chicago,Air,13,Delayed,2025-05-01,SKU109,169,2025-05-14
SHP005762,Shenzhen,Johannesburg,Air,20,Delivered,2025-09-16,SKU124,153,2025-10-06
SHP005763,Ho Chi Minh City,Chicago,Air,14,Delayed,2025-08-10,SKU105,187,2025-08-24
SHP005764,Bangkok,Chicago,Road,16,In Transit,2025-09-21,SKU106,140,2025-10-07
SHP005765,Shenzhen,Mumbai,Air,17,In Transit,2025-07-29,SKU118,130,2025-08-15
SHP005766,Shenzhen,Singapore,Road,22,In Transit,2025-11-06,SKU120,136,2025-11-28
SHP005767,Noida,Sydney,Road,4,Delayed,2025-08-14,SKU127,172,2025-08-18
SHP005768,Chennai,Rotterdam,Air,5,In Transit,2025-08-14,SKU128,146,2025-08-19
SHP005769,Chennai,Chicago,Road,5,In Transit,2025-11-29,SKU123,105,2025-12-04
SHP005770,Shenzhen,Rotterdam,Air,2,Delivered,2025-10-23,SKU108,200,2025-10-25
SHP005771,Ho Chi Minh City,Dubai,Road,12,In Transit,2025-02-21,SKU108,188,2025-03-05
SHP005772,Zhengzhou,Chicago,Sea,21,Delivered,2025-01-15,SKU126,204,2025-02-05
SHP005773,Bangkok,Mumbai,Road,10,Delayed,2025-08-18,SKU118,113,2025-08-28
SHP005774,Chennai,Sydney,Air,17,Delivered,2025-04-13,SKU108,178,2025-04-30
SHP005775,Shenzhen,Johannesburg,Road,21,In Transit,2025-07-13,SKU116,173,2025-08-03
SHP005776,Zhengzhou,Mumbai,Air,16,Delayed,2025-03-19,SKU115,165,2025-04-04
SHP005777,Zhengzhou,Rotterdam,Air,23,In Transit,2025-03-17,SKU129,143,2025-04-09
SHP005778,Bangkok,Dubai,Sea,21,Delivered,2025-07-19,SKU106,108,2025-08-09
SHP005779,Noida,Johannesburg,Air,10,Delivered,2025-01-19,SKU124,180,2025-01-29
SHP005780,Shenzhen,Chicago,Road,9,Delayed,2025-03-09,SKU118,227,2025-03-18
SHP005781,Chennai,Sydney,Road,15,Delayed,2025-04-16,SKU118,166,2025-05-01
SHP005782,Zhengzhou,Sao Paulo,Sea,7,In Transit,2025-11-24,SKU120,213,2025-12-01
SHP005783,Shenzhen,Mumbai,Road,9,In Transit,2025-04-24,SKU117,117,2025-05-03
SHP005784,Shenzhen,Mumbai,Air,10,In Transit,2025-08-08,SKU127,159,2025-08-18
SHP005785,Ho Chi Minh City,Singapore,Sea,16,Delivered,2025-04-26,SKU109,126,2025-05-12
SHP005786,Bangkok,Rotterdam,Road,19,In Transit,2025-02-19,SKU109,212,2025-03-10
SHP005787,Zhengzhou,Singapore,Sea,20,In Transit,2025-10-02,SKU105,206,2025-10-22
SHP005788,Chennai,Mumbai,Sea,20,Delayed,2025-12-31,SKU121,190,2026-01-20
SHP005789,Noida,Dubai,Air,4,Delivered,2025-01-31,SKU129,145,2025-02-04
SHP005790,Bangkok,Sao Paulo,Road,20,In Transit,2025-03-08,SKU125,204,2025-03-28
SHP005791,Zhengzhou,Singapore,Air,13,Delayed,2025-07-16,SKU112,147,2025-07-29
SHP005792,Zhengzhou,Singapore,Air,9,Delivered,2025-08-07,SKU109,154,2025-08-16
SHP005793,Ho Chi Minh City,Singapore,Sea,18,Delivered,2025-01-26,SKU116,204,2025-02-13
SHP005794,Shenzhen,Mumbai,Sea,4,Delayed,2025-08-08,SKU126,178,2025-08-12
SHP005795,Noida,Sydney,Road,24,Delivered,2025-11-29,SKU101,155,2025-12-23
SHP005796,Zhengzhou,Dubai,Road,19,Delayed,2025-03-04,SKU110,146,2025-03-23
SHP005797,Bangkok,Singapore,Air,6,In Transit,2025-10-27,SKU121,193,2025-11-02
SHP005798,Zhengzhou,Dubai,Road,11,Delivered,2025-12-27,SKU122,213,2026-01-07
SHP005799,Chennai,Johannesburg,Road,4,Delivered,2025-02-27,SKU128,129,2025-03-03
SHP005800,Bangkok,Sydney,Sea,19,Delayed,2025-02-27,SKU102,100,2025-03-18
SHP005801,Noida,Rotterdam,Sea,5,Delayed,2025-05-01,SKU105,103,2025-05-06
SHP005802,Bangkok,Chicago,Road,5,Delivered,2025-09-16,SKU112,145,2025-09-21
SHP005803,Bangkok,Sydney,Sea,13,Delayed,2025-12-08,SKU100,187,2025-12-21
SHP005804,Noida,Sydney,Road,24,Delivered,2025-01-24,SKU103,166,2025-02-17
SHP005805,Zhengzhou,Rotterdam,Sea,25,Delayed,2025-02-01,SKU117,180,2025-02-26
SHP005806,Ho Chi Minh City,Mumbai,Sea,4,In Transit,2025-02-22,SKU124,153,2025-02-26
SHP005807,Bangkok,Dubai,Air,12,Delayed,2025-11-22,SKU114,203,2025-12-04
SHP005808,Ho Chi Minh City,Sydney,Air,7,Delayed,2025-12-31,SKU127,108,2026-01-07
SHP005809,Zhengzhou,Sao Paulo,Air,19,Delivered,2025-08-21,SKU101,132,2025-09-09
SHP005810,Zhengzhou,Sydney,Road,19,In Transit,2025-04-20,SKU125,136,2025-05-09
SHP005811,Zhengzhou,Mumbai,Road,20,In Transit,2025-06-14,SKU108,126,2025-07-04
SHP005812,Bangkok,Mumbai,Air,3,Delivered,2025-05-10,SKU119,108,2025-05-13
SHP005813,Chennai,Johannesburg,Air,5,Delayed,2025-03-19,SKU126,141,2025-03-24
SHP005814,Chennai,Johannesburg,Air,14,Delayed,2025-03-16,SKU115,145,2025-03-30
SHP005815,Noida,Johannesburg,Road,8,Delayed,2025-11-21,SKU120,158,2025-11-29
SHP005816,Zhengzhou,Dubai,Road,25,Delayed,2025-07-13,SKU129,133,2025-08-07
SHP005817,Noida,Johannesburg,Road,9,Delayed,2025-07-30,SKU118,157,2025-08-08
SHP005818,Bangkok,Mumbai,Road,2,In Transit,2025-08-03,SKU103,90,2025-08-05
SHP005819,Ho Chi Minh City,Chicago,Sea,11,Delayed,2025-01-29,SKU122,132,2025-02-09
SHP005820,Chennai,Sao Paulo,Air,5,Delayed,2025-02-11,SKU123,96,2025-02-16
SHP005821,Ho Chi Minh City,Singapore,Road,14,Delayed,2025-01-19,SKU125,193,2025-02-02
SHP005822,Chennai,Rotterdam,Air,9,Delayed,2025-11-20,SKU117,127,2025-11-29
SHP005823,Chennai,Rotterdam,Road,25,In Transit,2025-06-30,SKU116,207,2025-07-25
SHP005824,Chennai,Dubai,Sea,5,In Transit,2025-02-02,SKU103,232,2025-02-07
SHP005825,Noida,Sydney,Air,2,In Transit,2025-06-10,SKU111,222,2025-06-12
SHP005826,Noida,Dubai,Sea,25,In Transit,2025-09-12,SKU101,144,2025-10-07
SHP005827,Chennai,Sao Paulo,Road,2,Delivered,2025-03-12,SKU104,166,2025-03-14
SHP005828,Bangkok,Chicago,Road,4,In Transit,2025-06-21,SKU108,184,2025-06-25
SHP005829,Chennai,Dubai,Sea,19,Delayed,2025-02-25,SKU116,160,2025-03-16
SHP005830,Shenzhen,Singapore,Sea,24,Delayed,2025-08-06,SKU129,155,2025-08-30
SHP005831,Bangkok,Mumbai,Sea,10,Delivered,2025-09-15,SKU111,137,2025-09-25
SHP005832,Chennai,Rotterdam,Air,23,In Transit,2025-04-15,SKU108,94,2025-05-08
SHP005833,Shenzhen,Rotterdam,Road,23,In Transit,2025-08-25,SKU120,212,2025-09-17
SHP005834,Shenzhen,Sydney,Air,25,Delivered,2025-10-25,SKU129,213,2025-11-19
SHP005835,Ho Chi Minh City,Singapore,Road,2,Delivered,2025-10-30,SKU113,105,2025-11-01
SHP005836,Chennai,Sydney,Road,8,In Transit,2025-07-19,SKU100,204,2025-07-27
SHP005837,Zhengzhou,Sao Paulo,Air,6,In Transit,2025-01-07,SKU128,126,2025-01-13
SHP005838,Bangkok,Dubai,Air,6,Delayed,2025-04-12,SKU127,127,2025-04-18
SHP005839,Noida,Sydney,Road,23,In Transit,2025-02-28,SKU119,117,2025-03-23
SHP005840,Shenzhen,Johannesburg,Air,25,In Transit,2025-04-04,SKU124,109,2025-04-29
SHP005841,Shenzhen,Sydney,Sea,24,Delivered,2025-09-10,SKU108,115,2025-10-04
SHP005842,Chennai,Sydney,Sea,13,Delivered,2025-04-11,SKU122,93,2025-04-24
SHP005843,Ho Chi Minh City,Chicago,Sea,17,Delayed,2025-10-06,SKU111,119,2025-10-23
SHP005844,Shenzhen,Mumbai,Sea,3,Delivered,2025-12-23,SKU112,101,2025-12-26
SHP005845,Ho Chi Minh City,Singapore,Air,13,Delivered,2025-04-27,SKU111,192,2025-05-10
SHP005846,Bangkok,Sydney,Road,25,Delivered,2025-07-28,SKU129,84,2025-08-22
SHP005847,Zhengzhou,Sydney,Air,20,Delayed,2025-05-19,SKU128,181,2025-06-08
SHP005848,Bangkok,Mumbai,Sea,8,Delayed,2025-10-18,SKU101,169,2025-10-26
SHP005849,Bangkok,Singapore,Sea,11,Delayed,2025-12-20,SKU122,222,2025-12-31
SHP005850,Shenzhen,Mumbai,Road,21,In Transit,2025-08-03,SKU107,179,2025-08-24
SHP005851,Chennai,Mumbai,Road,16,Delivered,2025-09-13,SKU101,222,2025-09-29
SHP005852,Shenzhen,Johannesburg,Road,20,In Transit,2025-09-15,SKU100,148,2025-10-05
SHP005853,Noida,Mumbai,Air,11,Delayed,2025-04-24,SKU117,219,2025-05-05
SHP005854,Chennai,Rotterdam,Air,7,Delivered,2025-11-03,SKU118,164,2025-11-10
SHP005855,Bangkok,Sao Paulo,Sea,12,Delivered,2025-10-13,SKU111,212,2025-10-25
SHP005856,Chennai,Dubai,Sea,15,Delivered,2025-03-15,SKU116,145,2025-03-30
SHP005857,Shenzhen,Chicago,Air,24,Delayed,2025-12-13,SKU105,197,2026-01-06
SHP005858,Zhengzhou,Sao Paulo,Air,8,Delivered,2025-12-09,SKU124,116,2025-12-17
SHP005859,Ho Chi Minh City,Rotterdam,Air,2,Delivered,2025-04-16,SKU117,214,2025-04-18
SHP005860,Zhengzhou,Sao Paulo,Road,22,In Transit,2025-10-14,SKU106,153,2025-11-05
SHP005861,Bangkok,Dubai,Road,20,Delivered,2025-04-26,SKU111,164,2025-05-16
SHP005862,Noida,Johannesburg,Road,17,Delayed,2025-06-09,SKU103,200,2025-06-26
SHP005863,Chennai,Singapore,Road,14,Delivered,2025-06-20,SKU129,218,2025-07-04
SHP005864,Zhengzhou,Rotterdam,Air,20,In Transit,2025-10-28,SKU115,185,2025-11-17
SHP005865,Shenzhen,Mumbai,Air,4,Delayed,2025-08-28,SKU100,152,2025-09-01
SHP005866,Bangkok,Mumbai,Sea,10,Delayed,2025-09-21,SKU122,176,2025-10-01
SHP005867,Shenzhen,Rotterdam,Air,18,Delayed,2025-11-11,SKU121,171,2025-11-29
SHP005868,Ho Chi Minh City,Chicago,Air,19,In Transit,2025-11-05,SKU103,175,2025-11-24
SHP005869,Zhengzhou,Rotterdam,Road,14,Delayed,2025-02-25,SKU106,140,2025-03-11
SHP005870,Ho Chi Minh City,Dubai,Sea,5,In Transit,2025-08-15,SKU116,123,2025-08-20
SHP005871,Zhengzhou,Sydney,Sea,15,In Transit,2025-06-09,SKU107,109,2025-06-24
SHP005872,Ho Chi Minh City,Singapore,Road,11,Delivered,2025-12-18,SKU119,111,2025-12-29
SHP005873,Bangkok,Sydney,Road,9,Delayed,2025-05-30,SKU127,105,2025-06-08
SHP005874,Noida,Singapore,Sea,11,Delivered,2025-08-08,SKU127,135,2025-08-19
SHP005875,Bangkok,Singapore,Road,8,Delivered,2025-10-27,SKU128,167,2025-11-04
SHP005876,Chennai,Sydney,Air,13,Delivered,2025-05-23,SKU115,103,2025-06-05
SHP005877,Bangkok,Chicago,Sea,2,Delivered,2025-02-05,SKU117,152,2025-02-07
SHP005878,Zhengzhou,Singapore,Road,9,Delivered,2025-05-29,SKU118,120,2025-06-07
SHP005879,Shenzhen,Sydney,Road,3,In Transit,2025-08-02,SKU112,175,2025-08-05
SHP005880,Bangkok,Mumbai,Sea,6,Delayed,2025-11-29,SKU110,160,2025-12-05
SHP005881,Bangkok,Sydney,Sea,11,In Transit,2025-10-14,SKU123,147,2025-10-25
SHP005882,Ho Chi Minh City,Mumbai,Air,4,In Transit,2025-07-05,SKU112,179,2025-07-09
SHP005883,Shenzhen,Mumbai,Sea,21,In Transit,2025-04-08,SKU109,170,2025-04-29
SHP005884,Bangkok,Dubai,Road,18,Delayed,2025-10-30,SKU107,130,2025-11-17
SHP005885,Zhengzhou,Sydney,Sea,25,Delayed,2025-10-14,SKU101,115,2025-11-08
SHP005886,Bangkok,Mumbai,Road,2,Delivered,2025-11-07,SKU117,113,2025-11-09
SHP005887,Chennai,Rotterdam,Sea,22,Delayed,2025-06-15,SKU102,163,2025-07-07
SHP005888,Bangkok,Mumbai,Road,4,Delayed,2025-07-27,SKU110,125,2025-07-31
SHP005889,Bangkok,Sao Paulo,Air,22,In Transit,2025-04-16,SKU119,105,2025-05-08
SHP005890,Ho Chi Minh City,Dubai,Air,5,Delayed,2025-09-18,SKU128,102,2025-09-23
SHP005891,Ho Chi Minh City,Singapore,Road,17,Delayed,2025-01-16,SKU117,177,2025-02-02
SHP005892,Shenzhen,Mumbai,Air,6,Delayed,2025-01-16,SKU122,164,2025-01-22
SHP005893,Chennai,Rotterdam,Sea,20,Delivered,2025-09-18,SKU116,173,2025-10-08
SHP005894,Noida,Chicago,Air,2,Delivered,2025-12-23,SKU106,162,2025-12-25
SHP005895,Noida,Chicago,Road,24,Delayed,2025-06-18,SKU122,145,2025-07-12
SHP005896,Ho Chi Minh City,Rotterdam,Road,20,In Transit,2025-09-30,SKU106,119,2025-10-20
SHP005897,Ho Chi Minh City,Mumbai,Sea,18,Delivered,2025-06-09,SKU113,212,2025-06-27
SHP005898,Chennai,Mumbai,Air,6,Delayed,2025-08-09,SKU125,121,2025-08-15
SHP005899,Zhengzhou,Chicago,Road,22,Delayed,2025-09-14,SKU129,208,2025-10-06
SHP005900,Noida,Dubai,Air,16,In Transit,2025-01-12,SKU126,211,2025-01-28
SHP005901,Ho Chi Minh City,Dubai,Road,25,In Transit,2025-12-24,SKU119,169,2026-01-18
SHP005902,Bangkok,Chicago,Sea,21,Delayed,2025-06-07,SKU106,118,2025-06-28
SHP005903,Bangkok,Sydney,Air,15,Delivered,2025-05-01,SKU105,225,2025-05-16
SHP005904,Ho Chi Minh City,Sao Paulo,Sea,20,Delayed,2025-09-07,SKU109,123,2025-09-27
SHP005905,Chennai,Dubai,Sea,4,Delivered,2025-03-24,SKU129,154,2025-03-28
SHP005906,Bangkok,Singapore,Air,3,Delivered,2025-02-24,SKU127,151,2025-02-27
SHP005907,Zhengzhou,Sydney,Road,16,In Transit,2025-05-19,SKU127,212,2025-06-04
SHP005908,Zhengzhou,Singapore,Sea,10,In Transit,2025-12-15,SKU111,108,2025-12-25
SHP005909,Zhengzhou,Johannesburg,Road,16,Delayed,2025-11-20,SKU115,153,2025-12-06
SHP005910,Bangkok,Dubai,Air,9,Delivered,2025-01-12,SKU102,151,2025-01-21
SHP005911,Ho Chi Minh City,Johannesburg,Air,16,Delivered,2025-08-12,SKU102,215,2025-08-28
SHP005912,Ho Chi Minh City,Sao Paulo,Sea,19,Delayed,2025-09-13,SKU117,131,2025-10-02
SHP005913,Shenzhen,Rotterdam,Air,8,Delayed,2025-06-03,SKU124,106,2025-06-11
SHP005914,Shenzhen,Sao Paulo,Sea,3,In Transit,2025-01-16,SKU129,142,2025-01-19
SHP005915,Zhengzhou,Mumbai,Road,16,Delayed,2025-10-19,SKU113,139,2025-11-04
SHP005916,Zhengzhou,Sydney,Sea,12,In Transit,2025-12-01,SKU126,161,2025-12-13
SHP005917,Bangkok,Dubai,Sea,5,In Transit,2025-05-25,SKU115,189,2025-05-30
SHP005918,Bangkok,Johannesburg,Air,8,In Transit,2025-05-16,SKU106,223,2025-05-24
SHP005919,Chennai,Dubai,Road,9,Delivered,2025-07-01,SKU113,183,2025-07-10
SHP005920,Ho Chi Minh City,Rotterdam,Road,2,In Transit,2025-06-29,SKU128,136,2025-07-01
SHP005921,Bangkok,Johannesburg,Sea,20,Delivered,2025-01-03,SKU101,175,2025-01-23
SHP005922,Chennai,Sydney,Road,16,Delivered,2025-11-03,SKU109,197,2025-11-19
SHP005923,Chennai,Mumbai,Air,16,In Transit,2025-01-10,SKU127,89,2025-01-26
SHP005924,Chennai,Dubai,Air,10,In Transit,2025-01-04,SKU105,232,2025-01-14
SHP005925,Noida,Rotterdam,Air,24,Delivered,2025-08-30,SKU117,191,2025-09-23
SHP005926,Zhengzhou,Rotterdam,Air,3,Delivered,2025-07-06,SKU120,182,2025-07-09
SHP005927,Noida,Sao Paulo,Air,11,In Transit,2025-05-19,SKU107,128,2025-05-30
SHP005928,Shenzhen,Dubai,Sea,14,In Transit,2025-07-17,SKU119,185,2025-07-31
SHP005929,Ho Chi Minh City,Mumbai,Road,7,Delayed,2025-01-20,SKU114,194,2025-01-27
SHP005930,Chennai,Chicago,Air,21,Delayed,2025-12-17,SKU118,121,2026-01-07
SHP005931,Ho Chi Minh City,Singapore,Air,11,Delivered,2025-04-22,SKU127,144,2025-05-03
SHP005932,Shenzhen,Dubai,Sea,11,Delayed,2025-04-18,SKU113,168,2025-04-29
SHP005933,Bangkok,Dubai,Sea,22,In Transit,2025-05-24,SKU101,205,2025-06-15
SHP005934,Bangkok,Johannesburg,Road,6,Delivered,2025-01-30,SKU105,139,2025-02-05
SHP005935,Bangkok,Sydney,Road,5,Delayed,2025-08-25,SKU126,140,2025-08-30
SHP005936,Shenzhen,Sao Paulo,Air,6,In Transit,2025-01-23,SKU109,217,2025-01-29
SHP005937,Noida,Chicago,Road,4,Delayed,2025-04-07,SKU109,144,2025-04-11
SHP005938,Noida,Rotterdam,Sea,4,In Transit,2025-05-27,SKU126,202,2025-05-31
SHP005939,Zhengzhou,Singapore,Air,18,In Transit,2025-11-19,SKU107,165,2025-12-07
SHP005940,Chennai,Johannesburg,Air,5,Delivered,2025-12-02,SKU112,117,2025-12-07
SHP005941,Chennai,Mumbai,Air,3,Delayed,2025-10-19,SKU101,132,2025-10-22
SHP005942,Noida,Mumbai,Sea,3,Delayed,2025-07-01,SKU109,164,2025-07-04
SHP005943,Noida,Chicago,Air,6,Delivered,2025-02-26,SKU122,201,2025-03-04
SHP005944,Ho Chi Minh City,Mumbai,Road,12,Delivered,2025-04-30,SKU124,150,2025-05-12
SHP005945,Shenzhen,Johannesburg,Air,15,Delivered,2025-02-11,SKU106,226,2025-02-26
SHP005946,Shenzhen,Johannesburg,Road,7,In Transit,2025-02-06,SKU106,214,2025-02-13
SHP005947,Chennai,Rotterdam,Air,14,Delayed,2025-10-08,SKU110,98,2025-10-22
SHP005948,Noida,Mumbai,Air,25,In Transit,2025-02-11,SKU129,124,2025-03-08
SHP005949,Ho Chi Minh City,Johannesburg,Air,18,Delayed,2025-07-13,SKU104,138,2025-07-31
SHP005950,Zhengzhou,Sao Paulo,Air,24,Delivered,2025-07-03,SKU113,144,2025-07-27
SHP005951,Zhengzhou,Sao Paulo,Air,8,In Transit,2025-11-03,SKU112,116,2025-11-11
SHP005952,Chennai,Johannesburg,Road,24,Delivered,2025-08-03,SKU108,106,2025-08-27
SHP005953,Ho Chi Minh City,Rotterdam,Road,19,Delivered,2025-04-21,SKU120,103,2025-05-10
SHP005954,Shenzhen,Johannesburg,Road,3,In Transit,2025-11-24,SKU111,158,2025-11-27
SHP005955,Ho Chi Minh City,Mumbai,Air,24,Delivered,2025-07-29,SKU112,103,2025-08-22
SHP005956,Chennai,Sydney,Air,9,Delayed,2025-04-08,SKU121,226,2025-04-17
SHP005957,Chennai,Sao Paulo,Air,8,In Transit,2025-04-11,SKU128,138,2025-04-19
SHP005958,Ho Chi Minh City,Johannesburg,Sea,24,In Transit,2025-01-01,SKU107,181,2025-01-25
SHP005959,Noida,Sydney,Road,21,Delivered,2025-12-20,SKU129,204,2026-01-10
SHP005960,Zhengzhou,Chicago,Air,15,In Transit,2025-09-19,SKU128,192,2025-10-04
SHP005961,Chennai,Mumbai,Air,9,In Transit,2025-01-09,SKU108,105,2025-01-18
SHP005962,Zhengzhou,Singapore,Sea,6,Delayed,2025-11-06,SKU104,211,2025-11-12
SHP005963,Shenzhen,Singapore,Road,3,In Transit,2025-06-14,SKU129,180,2025-06-17
SHP005964,Chennai,Johannesburg,Sea,24,Delayed,2025-03-02,SKU124,111,2025-03-26
SHP005965,Zhengzhou,Sao Paulo,Road,24,In Transit,2025-12-10,SKU102,218,2026-01-03
SHP005966,Ho Chi Minh City,Rotterdam,Sea,20,Delayed,2025-02-27,SKU120,166,2025-03-19
SHP005967,Shenzhen,Dubai,Road,4,Delivered,2025-04-26,SKU100,151,2025-04-30
SHP005968,Chennai,Dubai,Air,3,In Transit,2025-11-05,SKU101,192,2025-11-08
SHP005969,Ho Chi Minh City,Chicago,Air,17,In Transit,2025-04-03,SKU122,137,2025-04-20
SHP005970,Zhengzhou,Singapore,Air,14,Delivered,2025-05-25,SKU126,98,2025-06-08
SHP005971,Bangkok,Mumbai,Road,16,Delayed,2025-10-06,SKU108,145,2025-10-22
SHP005972,Ho Chi Minh City,Sydney,Road,25,Delivered,2025-08-09,SKU105,129,2025-09-03
SHP005973,Shenzhen,Johannesburg,Sea,24,Delayed,2025-05-30,SKU105,130,2025-06-23
SHP005974,Bangkok,Sydney,Road,18,Delayed,2025-12-14,SKU128,183,2026-01-01
SHP005975,Bangkok,Rotterdam,Road,8,Delivered,2025-04-25,SKU117,192,2025-05-03
SHP005976,Zhengzhou,Johannesburg,Air,10,In Transit,2025-09-18,SKU126,181,2025-09-28
SHP005977,Zhengzhou,Mumbai,Air,25,Delayed,2025-01-02,SKU125,214,2025-01-27
SHP005978,Bangkok,Johannesburg,Air,24,In Transit,2025-04-14,SKU113,127,2025-05-08
SHP005979,Chennai,Johannesburg,Air,23,Delivered,2025-05-26,SKU116,214,2025-06-18
SHP005980,Zhengzhou,Mumbai,Road,20,Delivered,2025-11-10,SKU115,228,2025-11-30
SHP005981,Ho Chi Minh City,Singapore,Road,7,In Transit,2025-07-30,SKU127,231,2025-08-06
SHP005982,Noida,Sao Paulo,Sea,4,Delivered,2025-07-18,SKU116,213,2025-07-22
SHP005983,Noida,Rotterdam,Air,11,Delayed,2025-01-31,SKU124,193,2025-02-11
SHP005984,Zhengzhou,Dubai,Sea,24,Delayed,2025-01-12,SKU119,126,2025-02-05
SHP005985,Noida,Singapore,Air,9,In Transit,2025-06-29,SKU129,136,2025-07-08
SHP005986,Noida,Singapore,Air,10,Delayed,2025-01-02,SKU111,224,2025-01-12
SHP005987,Noida,Sydney,Sea,15,Delayed,2025-10-15,SKU108,182,2025-10-30
SHP005988,Bangkok,Johannesburg,Sea,11,Delayed,2025-04-28,SKU117,118,2025-05-09
SHP005989,Ho Chi Minh City,Singapore,Air,23,Delivered,2025-08-20,SKU122,231,2025-09-12
SHP005990,Zhengzhou,Johannesburg,Road,7,Delayed,2025-09-18,SKU116,193,2025-09-25
SHP005991,Chennai,Sao Paulo,Air,20,Delayed,2025-03-04,SKU102,123,2025-03-24
SHP005992,Ho Chi Minh City,Sydney,Air,7,In Transit,2025-09-19,SKU128,157,2025-09-26
SHP005993,Noida,Singapore,Sea,19,In Transit,2025-05-18,SKU103,225,2025-06-06
SHP005994,Ho Chi Minh City,Johannesburg,Road,3,In Transit,2025-12-30,SKU109,197,2026-01-02
SHP005995,Noida,Sydney,Air,12,In Transit,2025-04-15,SKU104,154,2025-04-27
SHP005996,Noida,Johannesburg,Sea,8,Delayed,2025-08-06,SKU125,117,2025-08-14
SHP005997,Ho Chi Minh City,Mumbai,Road,5,Delivered,2025-04-13,SKU128,191,2025-04-18
SHP005998,Shenzhen,Rotterdam,Air,2,In Transit,2025-01-06,SKU105,145,2025-01-08
SHP005999,Shenzhen,Sydney,Road,4,Delayed,2025-02-01,SKU121,102,2025-02-05
SHP006000,Noida,Johannesburg,Sea,22,In Transit,2025-08-10,SKU117,152,2025-09-01
SHP006001,Chennai,Sydney,Road,24,In Transit,2025-05-01,SKU127,92,2025-05-25
SHP006002,Zhengzhou,Rotterdam,Air,3,Delivered,2025-12-28,SKU102,103,2025-12-31
SHP006003,Noida,Sydney,Sea,5,Delayed,2025-11-27,SKU126,151,2025-12-02
SHP006004,Bangkok,Sao Paulo,Sea,13,Delayed,2025-01-05,SKU115,161,2025-01-18
SHP006005,Ho Chi Minh City,Sao Paulo,Sea,17,Delivered,2025-02-19,SKU110,140,2025-03-08
SHP006006,Bangkok,Dubai,Sea,13,Delayed,2025-12-26,SKU122,122,2026-01-08
SHP006007,Bangkok,Johannesburg,Air,25,In Transit,2025-09-05,SKU108,167,2025-09-30
SHP006008,Bangkok,Rotterdam,Sea,23,Delayed,2025-12-30,SKU110,170,2026-01-22
SHP006009,Chennai,Chicago,Road,16,Delayed,2025-08-14,SKU123,120,2025-08-30
SHP006010,Noida,Sao Paulo,Sea,21,In Transit,2025-04-15,SKU123,174,2025-05-06
SHP006011,Ho Chi Minh City,Johannesburg,Road,12,Delivered,2025-04-20,SKU101,100,2025-05-02
SHP006012,Bangkok,Rotterdam,Sea,14,Delivered,2025-11-17,SKU126,192,2025-12-01
SHP006013,Shenzhen,Sao Paulo,Sea,22,Delayed,2025-05-25,SKU110,140,2025-06-16
SHP006014,Shenzhen,Singapore,Road,19,Delivered,2025-10-21,SKU113,168,2025-11-09
SHP006015,Shenzhen,Dubai,Road,25,Delivered,2025-10-20,SKU104,211,2025-11-14
SHP006016,Zhengzhou,Johannesburg,Air,7,Delivered,2025-06-18,SKU117,173,2025-06-25
SHP006017,Shenzhen,Johannesburg,Sea,12,In Transit,2025-06-26,SKU111,150,2025-07-08
SHP006018,Noida,Dubai,Air,11,In Transit,2025-05-07,SKU120,140,2025-05-18
SHP006019,Zhengzhou,Johannesburg,Sea,24,Delayed,2025-05-28,SKU100,144,2025-06-21
SHP006020,Noida,Sao Paulo,Road,22,In Transit,2025-09-22,SKU118,173,2025-10-14
SHP006021,Ho Chi Minh City,Dubai,Sea,2,Delayed,2025-03-29,SKU122,118,2025-03-31
SHP006022,Shenzhen,Sao Paulo,Air,20,Delayed,2025-06-26,SKU102,216,2025-07-16
SHP006023,Chennai,Sydney,Air,17,In Transit,2025-04-15,SKU120,99,2025-05-02
SHP006024,Zhengzhou,Chicago,Sea,14,Delayed,2025-07-19,SKU109,202,2025-08-02
SHP006025,Shenzhen,Chicago,Road,11,Delivered,2025-03-02,SKU115,123,2025-03-13
SHP006026,Bangkok,Mumbai,Air,6,Delayed,2025-05-01,SKU128,194,2025-05-07
SHP006027,Ho Chi Minh City,Dubai,Road,16,Delivered,2025-01-20,SKU120,189,2025-02-05
SHP006028,Zhengzhou,Sao Paulo,Road,20,Delayed,2025-11-08,SKU127,243,2025-11-28
SHP006029,Noida,Sao Paulo,Air,13,In Transit,2025-07-19,SKU101,212,2025-08-01
SHP006030,Zhengzhou,Singapore,Sea,25,Delayed,2025-03-11,SKU108,143,2025-04-05
SHP006031,Zhengzhou,Chicago,Air,5,In Transit,2025-11-08,SKU128,164,2025-11-13
SHP006032,Shenzhen,Dubai,Road,25,Delivered,2025-03-18,SKU102,123,2025-04-12
SHP006033,Chennai,Sao Paulo,Road,2,In Transit,2025-09-17,SKU125,107,2025-09-19
SHP006034,Chennai,Sydney,Road,18,Delayed,2025-12-15,SKU119,161,2026-01-02
SHP006035,Shenzhen,Chicago,Road,23,Delivered,2025-03-27,SKU123,169,2025-04-19
SHP006036,Zhengzhou,Rotterdam,Air,11,In Transit,2025-02-23,SKU107,116,2025-03-06
SHP006037,Chennai,Rotterdam,Sea,20,Delivered,2025-09-12,SKU129,128,2025-10-02
SHP006038,Bangkok,Chicago,Sea,23,Delayed,2025-10-13,SKU126,215,2025-11-05
SHP006039,Shenzhen,Singapore,Sea,7,In Transit,2025-07-10,SKU116,204,2025-07-17
SHP006040,Bangkok,Sao Paulo,Air,7,Delivered,2025-05-29,SKU112,158,2025-06-05
SHP006041,Zhengzhou,Sydney,Road,9,Delayed,2025-09-16,SKU109,155,2025-09-25
SHP006042,Zhengzhou,Chicago,Road,25,Delivered,2025-12-17,SKU118,160,2026-01-11
SHP006043,Shenzhen,Mumbai,Road,14,In Transit,2025-01-07,SKU121,99,2025-01-21
SHP006044,Noida,Rotterdam,Air,22,In Transit,2025-09-09,SKU126,115,2025-10-01
SHP006045,Shenzhen,Singapore,Air,8,Delivered,2025-03-26,SKU112,111,2025-04-03
SHP006046,Shenzhen,Chicago,Road,19,Delivered,2025-09-19,SKU111,170,2025-10-08
SHP006047,Bangkok,Sao Paulo,Road,4,In Transit,2025-03-25,SKU123,191,2025-03-29
SHP006048,Zhengzhou,Sao Paulo,Sea,20,Delivered,2025-01-28,SKU122,119,2025-02-17
SHP006049,Zhengzhou,Chicago,Road,14,Delayed,2025-12-29,SKU114,205,2026-01-12
SHP006050,Shenzhen,Rotterdam,Air,3,In Transit,2025-09-16,SKU102,141,2025-09-19
SHP006051,Zhengzhou,Mumbai,Sea,21,Delivered,2025-04-30,SKU126,109,2025-05-21
SHP006052,Shenzhen,Singapore,Road,7,Delayed,2025-02-16,SKU115,184,2025-02-23
SHP006053,Zhengzhou,Chicago,Air,6,Delayed,2025-05-13,SKU101,183,2025-05-19
SHP006054,Chennai,Mumbai,Road,9,Delayed,2025-07-26,SKU121,165,2025-08-04
SHP006055,Zhengzhou,Sydney,Road,23,Delayed,2025-03-31,SKU127,247,2025-04-23
SHP006056,Bangkok,Sydney,Road,13,Delayed,2025-08-19,SKU114,182,2025-09-01
SHP006057,Shenzhen,Rotterdam,Road,16,Delayed,2025-12-07,SKU115,159,2025-12-23
SHP006058,Bangkok,Dubai,Sea,14,Delivered,2025-10-15,SKU115,109,2025-10-29
SHP006059,Chennai,Sao Paulo,Air,12,Delayed,2025-01-28,SKU127,120,2025-02-09
SHP006060,Ho Chi Minh City,Rotterdam,Air,5,Delivered,2025-01-14,SKU117,193,2025-01-19
SHP006061,Chennai,Chicago,Road,21,In Transit,2025-06-19,SKU115,227,2025-07-10
SHP006062,Zhengzhou,Dubai,Sea,15,Delivered,2025-01-16,SKU105,211,2025-01-31
SHP006063,Shenzhen,Dubai,Road,18,Delivered,2025-04-04,SKU113,126,2025-04-22
SHP006064,Bangkok,Dubai,Air,11,Delivered,2025-06-10,SKU105,100,2025-06-21
SHP006065,Noida,Chicago,Air,12,Delivered,2025-01-15,SKU112,146,2025-01-27
SHP006066,Shenzhen,Sao Paulo,Air,2,In Transit,2025-08-12,SKU122,209,2025-08-14
SHP006067,Ho Chi Minh City,Chicago,Air,9,In Transit,2025-05-13,SKU114,173,2025-05-22
SHP006068,Noida,Dubai,Road,7,Delivered,2025-08-14,SKU116,232,2025-08-21
SHP006069,Shenzhen,Sydney,Road,16,Delivered,2025-10-06,SKU124,132,2025-10-22
SHP006070,Ho Chi Minh City,Sydney,Sea,14,Delivered,2025-10-23,SKU100,113,2025-11-06
SHP006071,Ho Chi Minh City,Johannesburg,Road,10,Delivered,2025-02-03,SKU118,187,2025-02-13
SHP006072,Shenzhen,Mumbai,Air,17,In Transit,2025-01-03,SKU122,189,2025-01-20
SHP006073,Shenzhen,Sydney,Road,8,Delayed,2025-05-09,SKU104,189,2025-05-17
SHP006074,Chennai,Rotterdam,Road,7,Delayed,2025-12-02,SKU103,233,2025-12-09
SHP006075,Shenzhen,Mumbai,Sea,2,In Transit,2025-11-19,SKU118,239,2025-11-21
SHP006076,Zhengzhou,Mumbai,Sea,8,Delivered,2025-10-14,SKU126,187,2025-10-22
SHP006077,Noida,Dubai,Sea,22,In Transit,2025-12-19,SKU100,182,2026-01-10
SHP006078,Ho Chi Minh City,Dubai,Sea,10,In Transit,2025-07-27,SKU112,199,2025-08-06
SHP006079,Bangkok,Johannesburg,Sea,16,Delayed,2025-09-29,SKU117,139,2025-10-15
SHP006080,Chennai,Sydney,Sea,22,In Transit,2025-03-17,SKU116,175,2025-04-08
SHP006081,Bangkok,Singapore,Sea,6,Delayed,2025-02-07,SKU105,154,2025-02-13
SHP006082,Noida,Dubai,Sea,13,In Transit,2025-04-15,SKU128,169,2025-04-28
SHP006083,Zhengzhou,Singapore,Road,4,In Transit,2025-10-11,SKU111,122,2025-10-15
SHP006084,Ho Chi Minh City,Rotterdam,Sea,6,Delivered,2025-10-28,SKU116,204,2025-11-03
SHP006085,Shenzhen,Singapore,Sea,3,Delivered,2025-09-06,SKU102,163,2025-09-09
SHP006086,Bangkok,Chicago,Sea,5,In Transit,2025-08-14,SKU109,183,2025-08-19
SHP006087,Bangkok,Mumbai,Sea,8,Delivered,2025-05-22,SKU125,196,2025-05-30
SHP006088,Noida,Sao Paulo,Sea,12,In Transit,2025-08-21,SKU127,168,2025-09-02
SHP006089,Ho Chi Minh City,Mumbai,Air,20,Delivered,2025-07-18,SKU112,100,2025-08-07
SHP006090,Ho Chi Minh City,Chicago,Air,11,In Transit,2025-03-21,SKU128,184,2025-04-01
SHP006091,Bangkok,Dubai,Road,15,Delayed,2025-10-19,SKU105,122,2025-11-03
SHP006092,Ho Chi Minh City,Dubai,Road,14,Delivered,2025-03-12,SKU117,100,2025-03-26
SHP006093,Ho Chi Minh City,Dubai,Air,10,Delivered,2025-06-04,SKU122,194,2025-06-14
SHP006094,Zhengzhou,Rotterdam,Sea,17,Delayed,2025-08-18,SKU124,211,2025-09-04
SHP006095,Shenzhen,Sydney,Sea,2,Delivered,2025-08-17,SKU120,176,2025-08-19
SHP006096,Zhengzhou,Dubai,Air,23,Delivered,2025-05-17,SKU119,129,2025-06-09
SHP006097,Bangkok,Dubai,Air,5,In Transit,2025-05-31,SKU102,103,2025-06-05
SHP006098,Zhengzhou,Dubai,Sea,6,Delivered,2025-10-22,SKU104,217,2025-10-28
SHP006099,Shenzhen,Singapore,Road,5,In Transit,2025-11-23,SKU111,153,2025-11-28
SHP006100,Bangkok,Sao Paulo,Sea,15,In Transit,2025-04-24,SKU102,202,2025-05-09
SHP006101,Bangkok,Mumbai,Sea,14,In Transit,2025-08-25,SKU128,110,2025-09-08
SHP006102,Bangkok,Chicago,Sea,10,Delayed,2025-03-07,SKU115,143,2025-03-17
SHP006103,Bangkok,Johannesburg,Air,7,Delayed,2025-12-27,SKU112,169,2026-01-03
SHP006104,Chennai,Sao Paulo,Sea,7,Delayed,2025-04-26,SKU104,145,2025-05-03
SHP006105,Shenzhen,Singapore,Road,15,Delayed,2025-05-11,SKU103,184,2025-05-26
SHP006106,Bangkok,Mumbai,Air,16,Delayed,2025-12-07,SKU124,184,2025-12-23
SHP006107,Bangkok,Chicago,Sea,4,Delayed,2025-09-15,SKU124,119,2025-09-19
SHP006108,Bangkok,Sydney,Sea,6,Delivered,2025-09-06,SKU109,108,2025-09-12
SHP006109,Shenzhen,Johannesburg,Road,15,In Transit,2025-08-16,SKU125,158,2025-08-31
SHP006110,Zhengzhou,Johannesburg,Sea,10,Delayed,2025-08-15,SKU127,219,2025-08-25
SHP006111,Ho Chi Minh City,Rotterdam,Road,2,In Transit,2025-03-19,SKU128,178,2025-03-21
SHP006112,Bangkok,Johannesburg,Air,9,In Transit,2025-11-27,SKU120,99,2025-12-06
SHP006113,Chennai,Mumbai,Road,16,In Transit,2025-03-10,SKU118,150,2025-03-26
SHP006114,Ho Chi Minh City,Sao Paulo,Sea,19,Delayed,2025-03-19,SKU117,117,2025-04-07
SHP006115,Noida,Dubai,Air,10,Delivered,2025-11-15,SKU116,184,2025-11-25
SHP006116,Bangkok,Rotterdam,Air,11,Delivered,2025-11-19,SKU122,185,2025-11-30
SHP006117,Shenzhen,Singapore,Air,4,Delivered,2025-06-26,SKU118,165,2025-06-30
SHP006118,Zhengzhou,Sao Paulo,Road,23,Delivered,2025-01-27,SKU107,205,2025-02-19
SHP006119,Shenzhen,Mumbai,Road,16,In Transit,2025-11-19,SKU110,208,2025-12-05
SHP006120,Bangkok,Chicago,Road,23,In Transit,2025-06-29,SKU119,161,2025-07-22
SHP006121,Ho Chi Minh City,Singapore,Air,16,Delayed,2025-06-21,SKU100,194,2025-07-07
SHP006122,Noida,Singapore,Road,23,Delayed,2025-08-07,SKU117,133,2025-08-30
SHP006123,Shenzhen,Johannesburg,Air,3,Delayed,2025-11-07,SKU100,105,2025-11-10
SHP006124,Chennai,Sao Paulo,Road,22,Delayed,2025-12-20,SKU115,156,2026-01-11
SHP006125,Bangkok,Singapore,Road,19,In Transit,2025-07-09,SKU104,125,2025-07-28
SHP006126,Bangkok,Rotterdam,Sea,3,Delayed,2025-06-03,SKU126,184,2025-06-06
SHP006127,Chennai,Singapore,Road,15,Delayed,2025-08-22,SKU118,196,2025-09-06
SHP006128,Chennai,Johannesburg,Road,24,Delivered,2025-01-01,SKU100,151,2025-01-25
SHP006129,Chennai,Singapore,Air,24,Delayed,2025-06-16,SKU105,221,2025-07-10
SHP006130,Noida,Sydney,Air,16,Delayed,2025-10-04,SKU121,169,2025-10-20
SHP006131,Ho Chi Minh City,Mumbai,Air,20,Delivered,2025-10-16,SKU101,101,2025-11-05
SHP006132,Noida,Sydney,Sea,18,In Transit,2025-09-18,SKU108,230,2025-10-06
SHP006133,Shenzhen,Sydney,Air,8,Delayed,2025-01-31,SKU115,206,2025-02-08
SHP006134,Ho Chi Minh City,Dubai,Sea,22,Delayed,2025-02-02,SKU120,188,2025-02-24
SHP006135,Zhengzhou,Dubai,Air,6,Delayed,2025-11-28,SKU106,112,2025-12-04
SHP006136,Ho Chi Minh City,Johannesburg,Road,16,Delayed,2025-10-27,SKU108,134,2025-11-12
SHP006137,Bangkok,Johannesburg,Sea,8,Delivered,2025-07-15,SKU116,209,2025-07-23
SHP006138,Noida,Sydney,Air,25,Delayed,2025-12-07,SKU107,186,2026-01-01
SHP006139,Chennai,Sydney,Road,9,In Transit,2025-12-18,SKU115,227,2025-12-27
SHP006140,Bangkok,Rotterdam,Sea,20,Delayed,2025-11-07,SKU108,99,2025-11-27
SHP006141,Zhengzhou,Dubai,Air,5,Delivered,2025-04-27,SKU124,180,2025-05-02
SHP006142,Zhengzhou,Sydney,Air,13,Delayed,2025-03-30,SKU103,205,2025-04-12
SHP006143,Zhengzhou,Sydney,Road,13,Delayed,2025-04-17,SKU106,217,2025-04-30
SHP006144,Bangkok,Rotterdam,Sea,24,In Transit,2025-09-19,SKU112,157,2025-10-13
SHP006145,Bangkok,Sydney,Sea,20,Delayed,2025-05-23,SKU101,189,2025-06-12
SHP006146,Chennai,Chicago,Air,20,Delayed,2025-08-06,SKU128,140,2025-08-26
SHP006147,Noida,Dubai,Air,5,Delivered,2025-12-02,SKU120,88,2025-12-07
SHP006148,Chennai,Dubai,Air,12,In Transit,2025-09-30,SKU111,150,2025-10-12
SHP006149,Bangkok,Dubai,Sea,15,Delayed,2025-12-08,SKU103,120,2025-12-23
SHP006150,Bangkok,Dubai,Road,11,Delayed,2025-11-12,SKU122,147,2025-11-23
SHP006151,Shenzhen,Johannesburg,Air,3,In Transit,2025-03-07,SKU127,202,2025-03-10
SHP006152,Ho Chi Minh City,Mumbai,Sea,10,Delivered,2025-10-03,SKU116,182,2025-10-13
SHP006153,Noida,Johannesburg,Sea,8,Delayed,2025-07-09,SKU103,217,2025-07-17
SHP006154,Bangkok,Sao Paulo,Sea,21,Delivered,2025-04-11,SKU100,172,2025-05-02
SHP006155,Bangkok,Chicago,Road,14,Delivered,2025-09-01,SKU112,208,2025-09-15
SHP006156,Noida,Sydney,Air,14,Delivered,2025-07-17,SKU113,159,2025-07-31
SHP006157,Chennai,Sao Paulo,Air,6,Delayed,2025-09-08,SKU113,110,2025-09-14
SHP006158,Chennai,Dubai,Air,22,Delayed,2025-12-13,SKU121,124,2026-01-04
SHP006159,Chennai,Dubai,Road,23,In Transit,2025-12-10,SKU118,154,2026-01-02
SHP006160,Bangkok,Chicago,Road,4,Delivered,2025-01-12,SKU115,181,2025-01-16
SHP006161,Chennai,Sydney,Air,2,In Transit,2025-06-23,SKU109,127,2025-06-25
SHP006162,Noida,Sydney,Air,8,In Transit,2025-12-19,SKU115,119,2025-12-27
SHP006163,Zhengzhou,Sao Paulo,Air,18,Delayed,2025-08-09,SKU114,97,2025-08-27
SHP006164,Zhengzhou,Rotterdam,Sea,23,Delayed,2025-08-11,SKU124,228,2025-09-03
SHP006165,Bangkok,Johannesburg,Air,20,Delivered,2025-08-27,SKU101,175,2025-09-16
SHP006166,Shenzhen,Singapore,Road,4,Delayed,2025-07-25,SKU117,164,2025-07-29
SHP006167,Noida,Chicago,Sea,3,Delivered,2025-10-04,SKU111,220,2025-10-07
SHP006168,Ho Chi Minh City,Rotterdam,Sea,22,In Transit,2025-01-07,SKU105,207,2025-01-29
SHP006169,Bangkok,Chicago,Road,8,Delayed,2025-02-18,SKU129,163,2025-02-26
SHP006170,Shenzhen,Singapore,Air,18,Delivered,2025-04-11,SKU129,152,2025-04-29
SHP006171,Shenzhen,Mumbai,Road,25,Delayed,2025-11-16,SKU103,143,2025-12-11
SHP006172,Zhengzhou,Mumbai,Air,3,Delivered,2025-05-02,SKU104,103,2025-05-05
SHP006173,Zhengzhou,Rotterdam,Air,23,In Transit,2025-12-20,SKU116,177,2026-01-12
SHP006174,Ho Chi Minh City,Mumbai,Sea,22,Delivered,2025-06-09,SKU107,134,2025-07-01
SHP006175,Zhengzhou,Johannesburg,Road,3,In Transit,2025-02-02,SKU121,186,2025-02-05
SHP006176,Noida,Johannesburg,Air,16,Delivered,2025-12-02,SKU106,120,2025-12-18
SHP006177,Ho Chi Minh City,Mumbai,Road,22,In Transit,2025-08-28,SKU114,153,2025-09-19
SHP006178,Zhengzhou,Rotterdam,Air,8,Delayed,2025-04-01,SKU125,124,2025-04-09
SHP006179,Shenzhen,Chicago,Road,2,In Transit,2025-01-31,SKU116,250,2025-02-02
SHP006180,Ho Chi Minh City,Singapore,Road,19,Delivered,2025-01-24,SKU129,166,2025-02-12
SHP006181,Noida,Johannesburg,Air,23,Delivered,2025-02-08,SKU111,228,2025-03-03
SHP006182,Shenzhen,Mumbai,Road,12,Delayed,2025-07-10,SKU123,115,2025-07-22
SHP006183,Bangkok,Dubai,Road,19,Delayed,2025-02-11,SKU106,143,2025-03-02
SHP006184,Bangkok,Johannesburg,Air,24,Delivered,2025-06-15,SKU108,175,2025-07-09
SHP006185,Chennai,Rotterdam,Air,22,In Transit,2025-06-19,SKU112,194,2025-07-11
SHP006186,Noida,Sydney,Air,18,Delivered,2025-06-11,SKU110,148,2025-06-29
SHP006187,Bangkok,Mumbai,Road,21,Delayed,2025-03-23,SKU108,153,2025-04-13
SHP006188,Chennai,Singapore,Sea,11,Delivered,2025-09-03,SKU106,117,2025-09-14
SHP006189,Bangkok,Chicago,Air,16,In Transit,2025-10-18,SKU106,120,2025-11-03
SHP006190,Ho Chi Minh City,Mumbai,Air,4,Delayed,2025-08-02,SKU117,118,2025-08-06
SHP006191,Ho Chi Minh City,Singapore,Road,7,Delayed,2025-03-11,SKU128,172,2025-03-18
SHP006192,Chennai,Dubai,Air,14,In Transit,2025-03-31,SKU129,157,2025-04-14
SHP006193,Noida,Johannesburg,Air,20,In Transit,2025-05-01,SKU115,196,2025-05-21
SHP006194,Ho Chi Minh City,Mumbai,Air,8,Delayed,2025-08-04,SKU128,192,2025-08-12
SHP006195,Shenzhen,Chicago,Air,15,Delivered,2025-03-07,SKU115,169,2025-03-22
SHP006196,Zhengzhou,Sao Paulo,Road,18,Delivered,2025-07-03,SKU128,102,2025-07-21
SHP006197,Noida,Chicago,Road,24,Delayed,2025-09-19,SKU120,144,2025-10-13
SHP006198,Noida,Chicago,Air,10,Delayed,2025-08-04,SKU129,125,2025-08-14
SHP006199,Noida,Sao Paulo,Air,13,Delayed,2025-11-08,SKU104,197,2025-11-21
SHP006200,Noida,Sao Paulo,Air,17,In Transit,2025-02-18,SKU126,214,2025-03-07
SHP006201,Shenzhen,Rotterdam,Sea,17,Delivered,2025-10-30,SKU102,187,2025-11-16
SHP006202,Zhengzhou,Mumbai,Air,18,Delivered,2025-09-15,SKU123,199,2025-10-03
SHP006203,Ho Chi Minh City,Rotterdam,Road,20,Delayed,2025-04-14,SKU106,204,2025-05-04
SHP006204,Chennai,Dubai,Road,10,Delayed,2025-02-18,SKU104,178,2025-02-28
SHP006205,Ho Chi Minh City,Sao Paulo,Air,25,Delivered,2025-08-03,SKU109,203,2025-08-28
SHP006206,Chennai,Mumbai,Air,12,Delivered,2025-10-21,SKU111,165,2025-11-02
SHP006207,Noida,Chicago,Sea,3,In Transit,2025-04-02,SKU109,175,2025-04-05
SHP006208,Zhengzhou,Sao Paulo,Air,7,Delivered,2025-01-13,SKU119,143,2025-01-20
SHP006209,Shenzhen,Dubai,Sea,15,Delayed,2025-08-23,SKU117,220,2025-09-07
SHP006210,Shenzhen,Dubai,Air,18,In Transit,2025-10-05,SKU118,213,2025-10-23
SHP006211,Shenzhen,Johannesburg,Road,24,Delayed,2025-07-21,SKU121,173,2025-08-14
SHP006212,Zhengzhou,Dubai,Air,4,Delivered,2025-01-24,SKU113,116,2025-01-28
SHP006213,Zhengzhou,Johannesburg,Sea,10,Delivered,2025-11-21,SKU103,197,2025-12-01
SHP006214,Ho Chi Minh City,Dubai,Air,11,Delivered,2025-02-23,SKU122,167,2025-03-06
SHP006215,Chennai,Johannesburg,Road,9,In Transit,2025-05-30,SKU100,142,2025-06-08
SHP006216,Shenzhen,Sydney,Air,8,In Transit,2025-12-16,SKU122,110,2025-12-24
SHP006217,Shenzhen,Rotterdam,Air,24,Delayed,2025-08-13,SKU123,150,2025-09-06
SHP006218,Chennai,Dubai,Sea,11,In Transit,2025-05-12,SKU106,209,2025-05-23
SHP006219,Chennai,Sao Paulo,Sea,4,Delayed,2025-02-28,SKU123,163,2025-03-04
SHP006220,Shenzhen,Chicago,Road,12,Delayed,2025-03-24,SKU119,127,2025-04-05
SHP006221,Bangkok,Sao Paulo,Sea,4,In Transit,2025-06-07,SKU100,184,2025-06-11
SHP006222,Ho Chi Minh City,Sydney,Sea,6,Delivered,2025-10-21,SKU125,187,2025-10-27
SHP006223,Bangkok,Mumbai,Road,5,Delayed,2025-08-04,SKU121,180,2025-08-09
SHP006224,Shenzhen,Rotterdam,Road,25,Delivered,2025-02-15,SKU106,222,2025-03-12
SHP006225,Chennai,Mumbai,Sea,13,Delayed,2025-11-20,SKU106,153,2025-12-03
SHP006226,Shenzhen,Dubai,Road,21,Delayed,2025-03-30,SKU111,211,2025-04-20
SHP006227,Bangkok,Johannesburg,Road,20,Delivered,2025-06-07,SKU128,143,2025-06-27
SHP006228,Shenzhen,Chicago,Air,22,Delayed,2025-07-05,SKU123,201,2025-07-27
SHP006229,Noida,Singapore,Sea,17,In Transit,2025-05-09,SKU117,190,2025-05-26
SHP006230,Noida,Sao Paulo,Sea,23,In Transit,2025-11-17,SKU116,247,2025-12-10
SHP006231,Zhengzhou,Chicago,Sea,21,Delivered,2025-02-03,SKU121,206,2025-02-24
SHP006232,Zhengzhou,Mumbai,Sea,16,In Transit,2025-09-04,SKU129,175,2025-09-20
SHP006233,Chennai,Johannesburg,Air,11,Delivered,2025-07-18,SKU102,100,2025-07-29
SHP006234,Chennai,Johannesburg,Air,3,Delayed,2025-08-03,SKU114,155,2025-08-06
SHP006235,Shenzhen,Mumbai,Sea,10,Delivered,2025-07-08,SKU128,183,2025-07-18
SHP006236,Chennai,Sao Paulo,Road,8,Delayed,2025-02-18,SKU100,197,2025-02-26
SHP006237,Ho Chi Minh City,Mumbai,Road,8,Delayed,2025-11-26,SKU115,215,2025-12-04
SHP006238,Noida,Dubai,Air,12,Delivered,2025-01-28,SKU116,144,2025-02-09
SHP006239,Zhengzhou,Dubai,Air,5,Delayed,2025-12-09,SKU121,117,2025-12-14
SHP006240,Noida,Mumbai,Air,14,Delivered,2025-12-22,SKU121,106,2026-01-05
SHP006241,Ho Chi Minh City,Dubai,Road,12,Delayed,2025-12-02,SKU129,170,2025-12-14
SHP006242,Ho Chi Minh City,Dubai,Air,8,Delayed,2025-07-22,SKU100,111,2025-07-30
SHP006243,Zhengzhou,Rotterdam,Road,24,Delayed,2025-01-19,SKU100,100,2025-02-12
SHP006244,Ho Chi Minh City,Rotterdam,Road,21,Delivered,2025-10-15,SKU108,158,2025-11-05
SHP006245,Shenzhen,Sao Paulo,Sea,4,Delayed,2025-09-03,SKU102,164,2025-09-07
SHP006246,Shenzhen,Mumbai,Air,16,Delayed,2025-02-15,SKU115,113,2025-03-03
SHP006247,Shenzhen,Mumbai,Air,16,Delivered,2025-09-14,SKU109,141,2025-09-30
SHP006248,Zhengzhou,Mumbai,Sea,7,In Transit,2025-01-30,SKU114,181,2025-02-06
SHP006249,Chennai,Mumbai,Road,18,Delivered,2025-08-20,SKU102,167,2025-09-07
SHP006250,Bangkok,Chicago,Road,2,In Transit,2025-05-14,SKU106,213,2025-05-16
SHP006251,Noida,Sydney,Road,6,In Transit,2025-05-28,SKU111,107,2025-06-03
SHP006252,Shenzhen,Johannesburg,Road,4,Delivered,2025-12-18,SKU106,121,2025-12-22
SHP006253,Zhengzhou,Dubai,Sea,6,Delivered,2025-02-18,SKU118,188,2025-02-24
SHP006254,Shenzhen,Sao Paulo,Sea,9,In Transit,2025-03-02,SKU114,180,2025-03-11
SHP006255,Shenzhen,Chicago,Road,4,Delayed,2025-04-15,SKU118,127,2025-04-19
SHP006256,Bangkok,Mumbai,Road,14,Delivered,2025-03-08,SKU119,95,2025-03-22
SHP006257,Noida,Chicago,Road,11,Delayed,2025-11-24,SKU109,168,2025-12-05
SHP006258,Ho Chi Minh City,Johannesburg,Road,3,In Transit,2025-02-14,SKU118,214,2025-02-17
SHP006259,Ho Chi Minh City,Mumbai,Road,23,In Transit,2025-11-13,SKU113,173,2025-12-06
SHP006260,Noida,Chicago,Road,13,Delivered,2025-03-06,SKU125,207,2025-03-19
SHP006261,Chennai,Johannesburg,Sea,2,Delivered,2025-09-04,SKU124,206,2025-09-06
SHP006262,Ho Chi Minh City,Mumbai,Sea,4,Delayed,2025-07-17,SKU103,187,2025-07-21
SHP006263,Chennai,Sydney,Road,16,Delivered,2025-08-27,SKU123,154,2025-09-12
SHP006264,Noida,Sydney,Road,8,Delivered,2025-08-06,SKU107,196,2025-08-14
SHP006265,Noida,Sydney,Road,7,In Transit,2025-02-20,SKU105,217,2025-02-27
SHP006266,Zhengzhou,Rotterdam,Sea,2,In Transit,2025-06-29,SKU120,200,2025-07-01
SHP006267,Shenzhen,Singapore,Air,11,Delayed,2025-12-03,SKU100,191,2025-12-14
SHP006268,Zhengzhou,Sao Paulo,Road,16,Delivered,2025-08-14,SKU121,201,2025-08-30
SHP006269,Noida,Sydney,Sea,22,Delayed,2025-11-01,SKU100,201,2025-11-23
SHP006270,Bangkok,Sao Paulo,Air,7,Delivered,2025-12-02,SKU122,148,2025-12-09
SHP006271,Chennai,Johannesburg,Sea,5,Delayed,2025-06-17,SKU127,103,2025-06-22
SHP006272,Shenzhen,Sydney,Air,15,In Transit,2025-01-14,SKU123,192,2025-01-29
SHP006273,Zhengzhou,Sao Paulo,Road,6,Delivered,2025-03-19,SKU116,153,2025-03-25
SHP006274,Zhengzhou,Mumbai,Sea,8,In Transit,2025-07-26,SKU106,117,2025-08-03
SHP006275,Bangkok,Chicago,Air,23,Delayed,2025-01-07,SKU125,98,2025-01-30
SHP006276,Shenzhen,Singapore,Sea,22,Delayed,2025-10-28,SKU124,153,2025-11-19
SHP006277,Noida,Sao Paulo,Air,5,Delivered,2025-03-15,SKU106,141,2025-03-20
SHP006278,Shenzhen,Sydney,Air,14,Delivered,2025-03-18,SKU128,115,2025-04-01
SHP006279,Bangkok,Mumbai,Sea,9,Delayed,2025-01-14,SKU112,191,2025-01-23
SHP006280,Ho Chi Minh City,Sao Paulo,Road,24,Delayed,2025-08-04,SKU110,125,2025-08-28
SHP006281,Chennai,Sao Paulo,Air,13,Delivered,2025-02-17,SKU125,95,2025-03-02
SHP006282,Noida,Rotterdam,Air,18,In Transit,2025-07-18,SKU115,122,2025-08-05
SHP006283,Shenzhen,Rotterdam,Sea,2,Delayed,2025-08-18,SKU105,141,2025-08-20
SHP006284,Noida,Dubai,Sea,7,In Transit,2025-07-11,SKU116,237,2025-07-18
SHP006285,Ho Chi Minh City,Chicago,Air,16,Delivered,2025-11-05,SKU100,220,2025-11-21
SHP006286,Bangkok,Mumbai,Road,8,Delivered,2025-03-14,SKU108,183,2025-03-22
SHP006287,Bangkok,Dubai,Road,2,Delayed,2025-06-12,SKU109,145,2025-06-14
SHP006288,Chennai,Sao Paulo,Road,3,Delivered,2025-02-20,SKU121,137,2025-02-23
SHP006289,Noida,Johannesburg,Road,2,Delivered,2025-07-08,SKU108,112,2025-07-10
SHP006290,Zhengzhou,Dubai,Sea,20,In Transit,2025-02-04,SKU128,217,2025-02-24
SHP006291,Ho Chi Minh City,Dubai,Road,16,Delayed,2025-11-28,SKU119,160,2025-12-14
SHP006292,Ho Chi Minh City,Sao Paulo,Sea,17,In Transit,2025-07-03,SKU126,191,2025-07-20
SHP006293,Shenzhen,Rotterdam,Air,4,Delayed,2025-06-16,SKU117,139,2025-06-20
SHP006294,Zhengzhou,Chicago,Road,7,In Transit,2025-09-07,SKU120,185,2025-09-14
SHP006295,Bangkok,Chicago,Air,24,Delivered,2025-03-07,SKU121,197,2025-03-31
SHP006296,Zhengzhou,Mumbai,Road,23,Delayed,2025-03-12,SKU106,183,2025-04-04
SHP006297,Zhengzhou,Singapore,Road,23,Delivered,2025-12-30,SKU109,224,2026-01-22
SHP006298,Shenzhen,Johannesburg,Road,17,Delayed,2025-03-07,SKU112,167,2025-03-24
SHP006299,Shenzhen,Johannesburg,Sea,19,Delivered,2025-02-01,SKU109,113,2025-02-20
SHP006300,Bangkok,Mumbai,Road,23,In Transit,2025-12-13,SKU124,163,2026-01-05
SHP006301,Chennai,Chicago,Sea,19,In Transit,2025-10-26,SKU101,189,2025-11-14
SHP006302,Noida,Rotterdam,Road,10,In Transit,2025-01-12,SKU102,164,2025-01-22
SHP006303,Ho Chi Minh City,Dubai,Sea,17,In Transit,2025-01-27,SKU126,104,2025-02-13
SHP006304,Zhengzhou,Dubai,Air,25,In Transit,2025-11-06,SKU127,253,2025-12-01
SHP006305,Bangkok,Sydney,Air,12,Delivered,2025-05-10,SKU105,195,2025-05-22
SHP006306,Ho Chi Minh City,Johannesburg,Air,6,Delayed,2025-06-15,SKU120,104,2025-06-21
SHP006307,Chennai,Sydney,Air,8,Delayed,2025-04-08,SKU124,200,2025-04-16
SHP006308,Chennai,Mumbai,Road,24,In Transit,2025-08-04,SKU125,131,2025-08-28
SHP006309,Noida,Singapore,Sea,12,Delivered,2025-08-27,SKU122,134,2025-09-08
SHP006310,Shenzhen,Sydney,Road,24,Delivered,2025-04-06,SKU116,227,2025-04-30
SHP006311,Bangkok,Johannesburg,Road,17,Delayed,2025-07-25,SKU111,150,2025-08-11
SHP006312,Chennai,Sao Paulo,Air,5,Delivered,2025-06-26,SKU124,162,2025-07-01
SHP006313,Noida,Singapore,Road,13,Delivered,2025-12-26,SKU122,129,2026-01-08
SHP006314,Bangkok,Dubai,Road,25,Delayed,2025-10-03,SKU127,147,2025-10-28
SHP006315,Chennai,Mumbai,Road,11,Delivered,2025-03-21,SKU115,157,2025-04-01
SHP006316,Zhengzhou,Dubai,Road,14,Delivered,2025-10-06,SKU126,161,2025-10-20
SHP006317,Ho Chi Minh City,Chicago,Road,17,Delivered,2025-11-14,SKU113,197,2025-12-01
SHP006318,Bangkok,Dubai,Air,13,Delayed,2025-09-13,SKU124,240,2025-09-26
SHP006319,Bangkok,Mumbai,Air,12,In Transit,2025-09-23,SKU129,110,2025-10-05
SHP006320,Chennai,Chicago,Road,4,Delayed,2025-07-04,SKU107,156,2025-07-08
SHP006321,Chennai,Dubai,Sea,17,Delayed,2025-01-27,SKU125,123,2025-02-13
SHP006322,Shenzhen,Sydney,Road,9,Delivered,2025-02-27,SKU123,201,2025-03-08
SHP006323,Ho Chi Minh City,Johannesburg,Road,4,In Transit,2025-10-01,SKU114,210,2025-10-05
SHP006324,Ho Chi Minh City,Rotterdam,Sea,3,Delayed,2025-12-31,SKU104,134,2026-01-03
SHP006325,Ho Chi Minh City,Sydney,Road,3,Delivered,2025-04-13,SKU110,105,2025-04-16
SHP006326,Zhengzhou,Dubai,Air,16,In Transit,2025-06-01,SKU112,137,2025-06-17
SHP006327,Ho Chi Minh City,Sydney,Sea,16,In Transit,2025-11-29,SKU105,137,2025-12-15
SHP006328,Ho Chi Minh City,Sao Paulo,Air,11,Delayed,2025-04-14,SKU124,99,2025-04-25
SHP006329,Noida,Johannesburg,Road,4,In Transit,2025-03-22,SKU129,173,2025-03-26
SHP006330,Ho Chi Minh City,Sao Paulo,Road,20,In Transit,2025-09-02,SKU127,128,2025-09-22
SHP006331,Shenzhen,Rotterdam,Air,9,Delivered,2025-04-14,SKU100,123,2025-04-23
SHP006332,Ho Chi Minh City,Rotterdam,Air,17,In Transit,2025-11-01,SKU115,208,2025-11-18
SHP006333,Ho Chi Minh City,Chicago,Road,6,Delivered,2025-06-18,SKU121,227,2025-06-24
SHP006334,Shenzhen,Johannesburg,Road,17,Delayed,2025-11-08,SKU128,191,2025-11-25
SHP006335,Noida,Sydney,Road,23,Delivered,2025-09-27,SKU127,134,2025-10-20
SHP006336,Shenzhen,Rotterdam,Sea,17,In Transit,2025-05-14,SKU124,179,2025-05-31
SHP006337,Shenzhen,Rotterdam,Sea,13,In Transit,2025-08-05,SKU122,191,2025-08-18
SHP006338,Shenzhen,Dubai,Sea,11,In Transit,2025-03-08,SKU122,119,2025-03-19
SHP006339,Bangkok,Sao Paulo,Air,18,Delayed,2025-01-25,SKU122,121,2025-02-12
SHP006340,Bangkok,Mumbai,Air,21,In Transit,2025-10-08,SKU111,166,2025-10-29
SHP006341,Noida,Singapore,Sea,16,In Transit,2025-10-17,SKU127,228,2025-11-02
SHP006342,Zhengzhou,Sydney,Road,5,In Transit,2025-08-15,SKU101,231,2025-08-20
SHP006343,Chennai,Sao Paulo,Road,11,In Transit,2025-07-14,SKU122,109,2025-07-25
SHP006344,Zhengzhou,Rotterdam,Air,20,Delivered,2025-08-31,SKU101,189,2025-09-20
SHP006345,Zhengzhou,Rotterdam,Air,12,Delayed,2025-01-10,SKU108,149,2025-01-22
SHP006346,Zhengzhou,Singapore,Road,17,Delayed,2025-11-13,SKU118,189,2025-11-30
SHP006347,Noida,Mumbai,Road,17,In Transit,2025-02-17,SKU123,157,2025-03-06
SHP006348,Shenzhen,Sao Paulo,Air,18,In Transit,2025-06-27,SKU111,128,2025-07-15
SHP006349,Shenzhen,Sao Paulo,Road,4,Delayed,2025-09-04,SKU122,125,2025-09-08
SHP006350,Zhengzhou,Chicago,Road,4,Delivered,2025-02-17,SKU117,146,2025-02-21
SHP006351,Bangkok,Chicago,Air,7,Delayed,2025-09-10,SKU117,231,2025-09-17
SHP006352,Noida,Rotterdam,Air,15,In Transit,2025-11-13,SKU118,191,2025-11-28
SHP006353,Bangkok,Chicago,Air,6,In Transit,2025-11-06,SKU119,140,2025-11-12
SHP006354,Bangkok,Rotterdam,Road,25,In Transit,2025-10-16,SKU102,96,2025-11-10
SHP006355,Bangkok,Chicago,Road,6,Delivered,2025-06-13,SKU116,145,2025-06-19
SHP006356,Ho Chi Minh City,Sydney,Air,18,Delivered,2025-04-26,SKU103,106,2025-05-14
SHP006357,Ho Chi Minh City,Sydney,Sea,11,Delayed,2025-05-21,SKU117,170,2025-06-01
SHP006358,Bangkok,Sao Paulo,Road,21,In Transit,2025-04-05,SKU121,173,2025-04-26
SHP006359,Chennai,Chicago,Road,7,In Transit,2025-08-02,SKU129,123,2025-08-09
SHP006360,Zhengzhou,Sao Paulo,Road,17,Delivered,2025-04-22,SKU119,207,2025-05-09
SHP006361,Noida,Chicago,Road,10,In Transit,2025-07-28,SKU104,204,2025-08-07
SHP006362,Bangkok,Dubai,Road,11,In Transit,2025-09-27,SKU104,116,2025-10-08
SHP006363,Noida,Sydney,Sea,7,Delivered,2025-02-04,SKU118,192,2025-02-11
SHP006364,Ho Chi Minh City,Rotterdam,Air,25,Delivered,2025-12-22,SKU120,119,2026-01-16
SHP006365,Bangkok,Chicago,Sea,17,Delivered,2025-11-17,SKU123,182,2025-12-04
SHP006366,Shenzhen,Chicago,Sea,20,Delivered,2025-10-21,SKU111,157,2025-11-10
SHP006367,Ho Chi Minh City,Rotterdam,Sea,3,Delayed,2025-05-05,SKU113,114,2025-05-08
SHP006368,Shenzhen,Mumbai,Sea,7,Delayed,2025-08-23,SKU126,196,2025-08-30
SHP006369,Shenzhen,Sao Paulo,Road,10,Delayed,2025-05-11,SKU105,198,2025-05-21
SHP006370,Chennai,Chicago,Air,10,Delayed,2025-12-08,SKU104,105,2025-12-18
SHP006371,Bangkok,Rotterdam,Sea,17,In Transit,2025-04-20,SKU117,235,2025-05-07
SHP006372,Shenzhen,Sao Paulo,Sea,15,Delivered,2025-04-22,SKU108,220,2025-05-07
SHP006373,Zhengzhou,Singapore,Air,8,Delayed,2025-07-23,SKU121,159,2025-07-31
SHP006374,Ho Chi Minh City,Mumbai,Air,3,In Transit,2025-01-25,SKU107,119,2025-01-28
SHP006375,Bangkok,Dubai,Sea,17,In Transit,2025-12-02,SKU128,155,2025-12-19
SHP006376,Shenzhen,Dubai,Sea,18,In Transit,2025-02-23,SKU116,116,2025-03-13
SHP006377,Bangkok,Chicago,Road,6,In Transit,2025-11-06,SKU101,145,2025-11-12
SHP006378,Shenzhen,Rotterdam,Air,25,In Transit,2025-10-17,SKU109,100,2025-11-11
SHP006379,Chennai,Dubai,Sea,7,Delayed,2025-04-24,SKU106,122,2025-05-01
SHP006380,Ho Chi Minh City,Rotterdam,Air,9,Delivered,2025-07-13,SKU126,180,2025-07-22
SHP006381,Noida,Chicago,Sea,22,In Transit,2025-04-29,SKU101,220,2025-05-21
SHP006382,Zhengzhou,Johannesburg,Road,4,Delayed,2025-06-06,SKU100,205,2025-06-10
SHP006383,Shenzhen,Singapore,Sea,8,Delivered,2025-08-27,SKU112,167,2025-09-04
SHP006384,Shenzhen,Singapore,Sea,12,In Transit,2025-08-28,SKU114,125,2025-09-09
SHP006385,Chennai,Chicago,Road,3,Delivered,2025-08-30,SKU106,98,2025-09-02
SHP006386,Zhengzhou,Mumbai,Road,3,In Transit,2025-12-09,SKU103,207,2025-12-12
SHP006387,Bangkok,Rotterdam,Road,2,Delivered,2025-08-26,SKU107,151,2025-08-28
SHP006388,Shenzhen,Mumbai,Road,15,In Transit,2025-10-22,SKU125,141,2025-11-06
SHP006389,Noida,Johannesburg,Road,19,Delivered,2025-03-06,SKU126,122,2025-03-25
SHP006390,Chennai,Rotterdam,Sea,7,In Transit,2025-05-04,SKU124,179,2025-05-11
SHP006391,Shenzhen,Johannesburg,Road,16,Delivered,2025-04-22,SKU115,163,2025-05-08
SHP006392,Ho Chi Minh City,Rotterdam,Air,3,Delivered,2025-04-10,SKU122,108,2025-04-13
SHP006393,Chennai,Johannesburg,Air,9,Delivered,2025-11-01,SKU105,147,2025-11-10
SHP006394,Bangkok,Mumbai,Air,17,Delivered,2025-01-25,SKU118,110,2025-02-11
SHP006395,Noida,Johannesburg,Road,15,Delayed,2025-11-11,SKU114,112,2025-11-26
SHP006396,Noida,Johannesburg,Sea,20,Delayed,2025-08-30,SKU121,105,2025-09-19
SHP006397,Chennai,Johannesburg,Air,11,In Transit,2025-03-17,SKU102,212,2025-03-28
SHP006398,Noida,Chicago,Air,5,Delayed,2025-02-05,SKU101,217,2025-02-10
SHP006399,Noida,Sao Paulo,Air,6,In Transit,2025-09-09,SKU116,244,2025-09-15
SHP006400,Zhengzhou,Johannesburg,Air,23,In Transit,2025-01-26,SKU110,194,2025-02-18
SHP006401,Shenzhen,Rotterdam,Road,14,Delayed,2025-03-29,SKU110,110,2025-04-12
SHP006402,Zhengzhou,Sao Paulo,Road,21,Delivered,2025-11-04,SKU104,191,2025-11-25
SHP006403,Chennai,Rotterdam,Sea,8,Delivered,2025-11-07,SKU129,123,2025-11-15
SHP006404,Shenzhen,Sao Paulo,Road,5,In Transit,2025-08-16,SKU107,174,2025-08-21
SHP006405,Ho Chi Minh City,Sydney,Sea,23,Delayed,2025-01-05,SKU126,161,2025-01-28
SHP006406,Noida,Sydney,Road,10,In Transit,2025-08-31,SKU109,121,2025-09-10
SHP006407,Ho Chi Minh City,Rotterdam,Road,22,In Transit,2025-01-19,SKU124,114,2025-02-10
SHP006408,Noida,Chicago,Sea,22,Delayed,2025-02-11,SKU109,166,2025-03-05
SHP006409,Ho Chi Minh City,Sao Paulo,Road,9,Delivered,2025-06-19,SKU129,140,2025-06-28
SHP006410,Bangkok,Johannesburg,Air,6,Delayed,2025-05-21,SKU108,206,2025-05-27
SHP006411,Shenzhen,Sao Paulo,Sea,15,Delayed,2025-10-31,SKU111,151,2025-11-15
SHP006412,Zhengzhou,Sydney,Road,10,Delayed,2025-06-15,SKU102,206,2025-06-25
SHP006413,Shenzhen,Rotterdam,Air,2,Delivered,2025-11-01,SKU115,174,2025-11-03
SHP006414,Zhengzhou,Rotterdam,Road,23,In Transit,2025-09-06,SKU119,143,2025-09-29
SHP006415,Chennai,Singapore,Road,25,In Transit,2025-11-08,SKU100,137,2025-12-03
SHP006416,Noida,Chicago,Air,25,Delivered,2025-03-10,SKU112,104,2025-04-04
SHP006417,Chennai,Dubai,Sea,6,Delayed,2025-07-15,SKU125,138,2025-07-21
SHP006418,Ho Chi Minh City,Johannesburg,Sea,5,Delayed,2025-10-01,SKU105,116,2025-10-06
SHP006419,Chennai,Singapore,Road,10,Delayed,2025-12-17,SKU111,87,2025-12-27
SHP006420,Bangkok,Sao Paulo,Sea,21,In Transit,2025-04-27,SKU121,161,2025-05-18
SHP006421,Noida,Rotterdam,Sea,22,Delayed,2025-04-17,SKU100,130,2025-05-09
SHP006422,Chennai,Singapore,Air,14,Delivered,2025-02-13,SKU125,199,2025-02-27
SHP006423,Bangkok,Chicago,Air,10,In Transit,2025-01-25,SKU122,158,2025-02-04
SHP006424,Zhengzhou,Dubai,Air,8,Delayed,2025-09-19,SKU124,116,2025-09-27
SHP006425,Chennai,Singapore,Road,11,Delayed,2025-07-05,SKU116,104,2025-07-16
SHP006426,Ho Chi Minh City,Chicago,Sea,20,Delivered,2025-09-11,SKU102,219,2025-10-01
SHP006427,Bangkok,Johannesburg,Sea,25,Delayed,2025-03-20,SKU102,166,2025-04-14
SHP006428,Ho Chi Minh City,Johannesburg,Sea,20,Delivered,2025-05-01,SKU109,185,2025-05-21
SHP006429,Chennai,Johannesburg,Air,22,Delivered,2025-12-09,SKU127,202,2025-12-31
SHP006430,Zhengzhou,Singapore,Road,20,In Transit,2025-09-21,SKU122,203,2025-10-11
SHP006431,Bangkok,Sydney,Air,13,Delayed,2025-03-09,SKU115,138,2025-03-22
SHP006432,Shenzhen,Chicago,Sea,7,Delayed,2025-10-17,SKU122,202,2025-10-24
SHP006433,Shenzhen,Dubai,Air,13,In Transit,2025-07-27,SKU103,118,2025-08-09
SHP006434,Bangkok,Rotterdam,Road,19,Delayed,2025-06-22,SKU115,163,2025-07-11
SHP006435,Zhengzhou,Sydney,Road,2,Delayed,2025-01-17,SKU124,168,2025-01-19
SHP006436,Noida,Mumbai,Sea,23,Delayed,2025-02-08,SKU114,193,2025-03-03
SHP006437,Chennai,Sao Paulo,Road,11,In Transit,2025-09-03,SKU127,196,2025-09-14
SHP006438,Shenzhen,Chicago,Road,2,Delivered,2025-12-22,SKU106,229,2025-12-24
SHP006439,Noida,Rotterdam,Sea,15,Delivered,2025-03-10,SKU114,109,2025-03-25
SHP006440,Noida,Dubai,Road,18,Delivered,2025-06-29,SKU125,159,2025-07-17
SHP006441,Ho Chi Minh City,Sydney,Air,21,Delivered,2025-02-01,SKU103,205,2025-02-22
SHP006442,Zhengzhou,Mumbai,Air,11,Delayed,2025-03-17,SKU119,111,2025-03-28
SHP006443,Noida,Singapore,Air,3,In Transit,2025-01-12,SKU113,196,2025-01-15
SHP006444,Shenzhen,Mumbai,Sea,7,Delayed,2025-10-01,SKU111,180,2025-10-08
SHP006445,Zhengzhou,Dubai,Air,16,Delivered,2025-09-11,SKU121,111,2025-09-27
SHP006446,Shenzhen,Sydney,Road,5,Delivered,2025-03-11,SKU110,217,2025-03-16
SHP006447,Noida,Johannesburg,Road,2,In Transit,2025-12-05,SKU111,207,2025-12-07
SHP006448,Bangkok,Johannesburg,Air,18,Delivered,2025-01-12,SKU110,95,2025-01-30
SHP006449,Shenzhen,Singapore,Sea,7,Delivered,2025-08-08,SKU111,135,2025-08-15
SHP006450,Zhengzhou,Rotterdam,Sea,8,Delivered,2025-07-25,SKU107,121,2025-08-02
SHP006451,Chennai,Chicago,Sea,10,Delivered,2025-03-25,SKU100,161,2025-04-04
SHP006452,Chennai,Rotterdam,Road,20,Delivered,2025-07-26,SKU102,159,2025-08-15
SHP006453,Zhengzhou,Sydney,Road,5,Delivered,2025-02-03,SKU129,197,2025-02-08
SHP006454,Noida,Dubai,Air,20,Delayed,2025-07-23,SKU129,150,2025-08-12
SHP006455,Chennai,Sydney,Air,16,Delivered,2025-05-31,SKU107,188,2025-06-16
SHP006456,Shenzhen,Mumbai,Air,12,In Transit,2025-08-19,SKU123,181,2025-08-31
SHP006457,Ho Chi Minh City,Chicago,Air,4,In Transit,2025-05-29,SKU115,157,2025-06-02
SHP006458,Ho Chi Minh City,Sydney,Air,20,Delayed,2025-09-23,SKU118,143,2025-10-13
SHP006459,Ho Chi Minh City,Sao Paulo,Road,19,Delivered,2025-02-06,SKU116,143,2025-02-25
SHP006460,Zhengzhou,Singapore,Air,2,Delivered,2025-05-27,SKU105,185,2025-05-29
SHP006461,Bangkok,Chicago,Air,18,Delayed,2025-10-15,SKU127,197,2025-11-02
SHP006462,Bangkok,Singapore,Air,15,Delivered,2025-05-08,SKU124,241,2025-05-23
SHP006463,Noida,Johannesburg,Air,8,In Transit,2025-02-05,SKU117,194,2025-02-13
SHP006464,Chennai,Dubai,Sea,6,Delivered,2025-06-05,SKU120,139,2025-06-11
SHP006465,Zhengzhou,Mumbai,Road,9,Delayed,2025-11-22,SKU106,128,2025-12-01
SHP006466,Chennai,Rotterdam,Road,8,In Transit,2025-01-16,SKU126,184,2025-01-24
SHP006467,Bangkok,Johannesburg,Sea,2,In Transit,2025-04-06,SKU120,162,2025-04-08
SHP006468,Bangkok,Singapore,Air,24,Delivered,2025-04-02,SKU121,235,2025-04-26
SHP006469,Bangkok,Mumbai,Road,7,Delayed,2025-05-21,SKU113,107,2025-05-28
SHP006470,Ho Chi Minh City,Mumbai,Sea,18,Delayed,2025-06-26,SKU107,94,2025-07-14
SHP006471,Chennai,Dubai,Road,17,Delivered,2025-06-14,SKU114,101,2025-07-01
SHP006472,Chennai,Singapore,Air,23,Delayed,2025-05-25,SKU118,106,2025-06-17
SHP006473,Zhengzhou,Sydney,Air,20,In Transit,2025-12-04,SKU108,206,2025-12-24
SHP006474,Noida,Johannesburg,Sea,14,Delivered,2025-05-06,SKU114,173,2025-05-20
SHP006475,Zhengzhou,Mumbai,Sea,17,Delivered,2025-08-16,SKU129,135,2025-09-02
SHP006476,Ho Chi Minh City,Rotterdam,Air,10,Delivered,2025-12-08,SKU127,201,2025-12-18
SHP006477,Chennai,Johannesburg,Sea,11,In Transit,2025-02-06,SKU105,166,2025-02-17
SHP006478,Bangkok,Johannesburg,Air,4,In Transit,2025-01-31,SKU127,155,2025-02-04
SHP006479,Shenzhen,Mumbai,Sea,16,Delivered,2025-10-17,SKU109,151,2025-11-02
SHP006480,Shenzhen,Mumbai,Road,7,Delayed,2025-11-03,SKU114,186,2025-11-10
SHP006481,Zhengzhou,Singapore,Sea,13,In Transit,2025-04-28,SKU129,202,2025-05-11
SHP006482,Bangkok,Dubai,Road,14,Delivered,2025-11-30,SKU120,157,2025-12-14
SHP006483,Bangkok,Rotterdam,Sea,11,Delivered,2025-01-20,SKU121,184,2025-01-31
SHP006484,Chennai,Mumbai,Road,17,Delayed,2025-11-29,SKU124,169,2025-12-16
SHP006485,Shenzhen,Singapore,Sea,13,Delayed,2025-12-27,SKU118,189,2026-01-09
SHP006486,Zhengzhou,Sao Paulo,Road,7,Delivered,2025-06-14,SKU123,161,2025-06-21
SHP006487,Chennai,Sydney,Air,2,In Transit,2025-02-14,SKU129,214,2025-02-16
SHP006488,Zhengzhou,Rotterdam,Road,4,Delivered,2025-02-07,SKU118,214,2025-02-11
SHP006489,Chennai,Singapore,Sea,17,In Transit,2025-07-25,SKU108,103,2025-08-11
SHP006490,Bangkok,Johannesburg,Road,23,Delivered,2025-05-26,SKU125,141,2025-06-18
SHP006491,Chennai,Singapore,Air,9,Delayed,2025-03-03,SKU115,211,2025-03-12
SHP006492,Noida,Rotterdam,Road,12,Delivered,2025-03-04,SKU115,105,2025-03-16
SHP006493,Ho Chi Minh City,Chicago,Road,7,Delivered,2025-01-13,SKU100,141,2025-01-20
SHP006494,Noida,Singapore,Sea,16,Delayed,2025-11-28,SKU124,195,2025-12-14
SHP006495,Zhengzhou,Sydney,Sea,13,Delayed,2025-12-24,SKU115,152,2026-01-06
SHP006496,Zhengzhou,Rotterdam,Sea,5,In Transit,2025-10-23,SKU129,144,2025-10-28
SHP006497,Chennai,Johannesburg,Road,14,Delayed,2025-12-22,SKU102,118,2026-01-05
SHP006498,Bangkok,Rotterdam,Sea,6,Delayed,2025-11-12,SKU107,143,2025-11-18
SHP006499,Bangkok,Sydney,Road,19,Delayed,2025-06-09,SKU124,125,2025-06-28
SHP006500,Shenzhen,Dubai,Sea,17,Delayed,2025-12-15,SKU107,156,2026-01-01
SHP006501,Noida,Mumbai,Sea,6,Delivered,2025-03-23,SKU110,114,2025-03-29
SHP006502,Noida,Dubai,Road,16,Delivered,2025-11-03,SKU112,107,2025-11-19
SHP006503,Ho Chi Minh City,Sao Paulo,Sea,10,In Transit,2025-07-02,SKU110,142,2025-07-12
SHP006504,Shenzhen,Singapore,Sea,2,Delayed,2025-09-12,SKU121,207,2025-09-14
SHP006505,Bangkok,Chicago,Road,21,Delivered,2025-12-15,SKU105,148,2026-01-05
SHP006506,Ho Chi Minh City,Sao Paulo,Air,5,In Transit,2025-05-25,SKU121,181,2025-05-30
SHP006507,Bangkok,Sydney,Air,17,In Transit,2025-02-12,SKU110,107,2025-03-01
SHP006508,Ho Chi Minh City,Johannesburg,Sea,18,Delivered,2025-09-22,SKU122,158,2025-10-10
SHP006509,Noida,Dubai,Road,14,Delivered,2025-10-26,SKU122,151,2025-11-09
SHP006510,Chennai,Singapore,Sea,14,Delayed,2025-11-04,SKU117,133,2025-11-18
SHP006511,Noida,Chicago,Road,15,Delivered,2025-02-03,SKU102,205,2025-02-18
SHP006512,Chennai,Chicago,Air,25,In Transit,2025-01-19,SKU115,143,2025-02-13
SHP006513,Chennai,Dubai,Sea,13,In Transit,2025-12-31,SKU104,151,2026-01-13
SHP006514,Noida,Chicago,Road,4,In Transit,2025-08-28,SKU126,112,2025-09-01
SHP006515,Noida,Johannesburg,Air,6,Delayed,2025-04-07,SKU113,106,2025-04-13
SHP006516,Shenzhen,Sydney,Sea,11,Delayed,2025-05-22,SKU116,162,2025-06-02
SHP006517,Shenzhen,Sao Paulo,Road,3,Delayed,2025-03-10,SKU113,135,2025-03-13
SHP006518,Chennai,Sydney,Road,21,Delivered,2025-10-27,SKU113,117,2025-11-17
SHP006519,Zhengzhou,Johannesburg,Road,4,In Transit,2025-05-17,SKU120,227,2025-05-21
SHP006520,Bangkok,Sydney,Sea,21,In Transit,2025-09-11,SKU109,199,2025-10-02
SHP006521,Chennai,Singapore,Sea,2,Delayed,2025-01-07,SKU110,156,2025-01-09
SHP006522,Ho Chi Minh City,Sydney,Road,7,Delivered,2025-03-29,SKU112,227,2025-04-05
SHP006523,Zhengzhou,Mumbai,Road,11,In Transit,2025-11-05,SKU128,101,2025-11-16
SHP006524,Bangkok,Johannesburg,Road,13,In Transit,2025-05-10,SKU129,105,2025-05-23
SHP006525,Noida,Chicago,Sea,8,In Transit,2025-02-18,SKU117,121,2025-02-26
SHP006526,Ho Chi Minh City,Sao Paulo,Air,7,In Transit,2025-02-15,SKU100,141,2025-02-22
SHP006527,Noida,Mumbai,Sea,12,In Transit,2025-05-26,SKU122,140,2025-06-07
SHP006528,Bangkok,Rotterdam,Air,4,In Transit,2025-03-01,SKU125,99,2025-03-05
SHP006529,Ho Chi Minh City,Sao Paulo,Air,22,In Transit,2025-04-29,SKU117,178,2025-05-21
SHP006530,Zhengzhou,Johannesburg,Road,24,Delivered,2025-09-03,SKU109,230,2025-09-27
SHP006531,Shenzhen,Sao Paulo,Air,12,In Transit,2025-03-30,SKU124,172,2025-04-11
SHP006532,Bangkok,Chicago,Road,20,Delivered,2025-05-31,SKU120,151,2025-06-20
SHP006533,Zhengzhou,Mumbai,Air,18,Delivered,2025-07-17,SKU109,186,2025-08-04
SHP006534,Zhengzhou,Chicago,Air,9,In Transit,2025-03-07,SKU125,172,2025-03-16
SHP006535,Ho Chi Minh City,Dubai,Road,15,In Transit,2025-01-19,SKU101,131,2025-02-03
SHP006536,Chennai,Dubai,Air,16,Delayed,2025-09-06,SKU116,207,2025-09-22
SHP006537,Chennai,Sydney,Sea,8,In Transit,2025-04-27,SKU117,139,2025-05-05
SHP006538,Bangkok,Rotterdam,Air,15,Delivered,2025-10-14,SKU121,186,2025-10-29
SHP006539,Shenzhen,Singapore,Sea,23,In Transit,2025-12-25,SKU107,172,2026-01-17
SHP006540,Bangkok,Sao Paulo,Sea,17,In Transit,2025-01-05,SKU117,218,2025-01-22
SHP006541,Zhengzhou,Mumbai,Sea,19,Delayed,2025-03-21,SKU104,179,2025-04-09
SHP006542,Chennai,Mumbai,Sea,2,Delayed,2025-03-09,SKU100,155,2025-03-11
SHP006543,Shenzhen,Dubai,Road,2,Delivered,2025-05-16,SKU126,151,2025-05-18
SHP006544,Ho Chi Minh City,Mumbai,Road,24,Delivered,2025-08-08,SKU103,221,2025-09-01
SHP006545,Bangkok,Sydney,Air,7,Delivered,2025-09-23,SKU128,171,2025-09-30
SHP006546,Ho Chi Minh City,Sydney,Road,16,Delivered,2025-08-21,SKU119,165,2025-09-06
SHP006547,Chennai,Mumbai,Road,13,Delayed,2025-02-03,SKU123,198,2025-02-16
SHP006548,Chennai,Johannesburg,Road,24,Delivered,2025-07-13,SKU121,190,2025-08-06
SHP006549,Chennai,Singapore,Road,4,In Transit,2025-11-21,SKU111,142,2025-11-25
SHP006550,Noida,Sao Paulo,Air,17,Delivered,2025-05-05,SKU108,175,2025-05-22
SHP006551,Bangkok,Sydney,Sea,2,In Transit,2025-12-11,SKU115,127,2025-12-13
SHP006552,Ho Chi Minh City,Mumbai,Sea,17,Delayed,2025-04-04,SKU109,175,2025-04-21
SHP006553,Bangkok,Singapore,Road,20,In Transit,2025-05-10,SKU111,193,2025-05-30
SHP006554,Ho Chi Minh City,Chicago,Road,2,Delivered,2025-09-08,SKU110,117,2025-09-10
SHP006555,Zhengzhou,Chicago,Road,12,In Transit,2025-02-21,SKU128,112,2025-03-05
SHP006556,Shenzhen,Johannesburg,Road,12,Delayed,2025-05-23,SKU116,177,2025-06-04
SHP006557,Noida,Dubai,Air,19,Delivered,2025-07-08,SKU126,118,2025-07-27
SHP006558,Zhengzhou,Sydney,Air,2,In Transit,2025-05-09,SKU114,157,2025-05-11
SHP006559,Zhengzhou,Sydney,Sea,11,Delivered,2025-01-01,SKU127,261,2025-01-12
SHP006560,Chennai,Chicago,Sea,21,In Transit,2025-02-24,SKU101,132,2025-03-17
SHP006561,Noida,Singapore,Road,10,Delivered,2025-02-26,SKU129,193,2025-03-08
SHP006562,Bangkok,Singapore,Road,6,Delayed,2025-09-24,SKU104,164,2025-09-30
SHP006563,Shenzhen,Dubai,Road,2,Delivered,2025-12-05,SKU118,238,2025-12-07
SHP006564,Ho Chi Minh City,Sydney,Air,8,Delayed,2025-09-07,SKU114,181,2025-09-15
SHP006565,Noida,Dubai,Sea,16,Delivered,2025-12-15,SKU115,198,2025-12-31
SHP006566,Chennai,Johannesburg,Sea,7,Delivered,2025-09-23,SKU123,202,2025-09-30
SHP006567,Noida,Johannesburg,Road,25,In Transit,2025-04-19,SKU128,183,2025-05-14
SHP006568,Zhengzhou,Rotterdam,Sea,19,Delivered,2025-06-16,SKU109,131,2025-07-05
SHP006569,Ho Chi Minh City,Sao Paulo,Air,5,Delayed,2025-10-09,SKU129,139,2025-10-14
SHP006570,Noida,Dubai,Sea,9,Delivered,2025-01-05,SKU100,172,2025-01-14
SHP006571,Noida,Johannesburg,Road,4,In Transit,2025-01-24,SKU126,139,2025-01-28
SHP006572,Shenzhen,Chicago,Road,16,In Transit,2025-07-06,SKU126,189,2025-07-22
SHP006573,Zhengzhou,Chicago,Air,15,In Transit,2025-01-16,SKU121,190,2025-01-31
SHP006574,Chennai,Sao Paulo,Air,16,Delayed,2025-02-11,SKU128,172,2025-02-27
SHP006575,Zhengzhou,Singapore,Sea,3,In Transit,2025-05-25,SKU114,147,2025-05-28
SHP006576,Zhengzhou,Sao Paulo,Road,5,Delayed,2025-04-22,SKU118,202,2025-04-27
SHP006577,Bangkok,Rotterdam,Road,15,Delivered,2025-06-27,SKU123,107,2025-07-12
SHP006578,Noida,Sydney,Sea,16,Delivered,2025-08-09,SKU109,130,2025-08-25
SHP006579,Zhengzhou,Johannesburg,Road,13,Delivered,2025-04-12,SKU114,119,2025-04-25
SHP006580,Bangkok,Rotterdam,Air,20,Delayed,2025-09-10,SKU121,182,2025-09-30
SHP006581,Shenzhen,Johannesburg,Sea,20,In Transit,2025-01-11,SKU124,109,2025-01-31
SHP006582,Noida,Singapore,Sea,18,Delivered,2025-11-11,SKU109,144,2025-11-29
SHP006583,Bangkok,Johannesburg,Air,22,Delayed,2025-02-25,SKU111,206,2025-03-19
SHP006584,Bangkok,Dubai,Road,4,In Transit,2025-03-24,SKU100,145,2025-03-28
SHP006585,Ho Chi Minh City,Chicago,Sea,13,Delivered,2025-08-20,SKU128,154,2025-09-02
SHP006586,Ho Chi Minh City,Mumbai,Sea,15,Delayed,2025-02-15,SKU112,214,2025-03-02
SHP006587,Noida,Johannesburg,Sea,6,Delivered,2025-10-21,SKU107,117,2025-10-27
SHP006588,Shenzhen,Rotterdam,Air,20,Delivered,2025-05-28,SKU117,125,2025-06-17
SHP006589,Ho Chi Minh City,Chicago,Road,19,In Transit,2025-02-15,SKU107,211,2025-03-06
SHP006590,Shenzhen,Rotterdam,Air,19,In Transit,2025-10-19,SKU122,220,2025-11-07
SHP006591,Chennai,Johannesburg,Air,21,Delivered,2025-10-24,SKU107,130,2025-11-14
SHP006592,Noida,Dubai,Sea,3,In Transit,2025-01-10,SKU109,165,2025-01-13
SHP006593,Shenzhen,Rotterdam,Sea,19,In Transit,2025-12-04,SKU112,170,2025-12-23
SHP006594,Chennai,Mumbai,Air,20,In Transit,2025-08-19,SKU110,127,2025-09-08
SHP006595,Noida,Mumbai,Air,6,Delivered,2025-06-14,SKU106,139,2025-06-20
SHP006596,Chennai,Singapore,Road,19,Delayed,2025-01-10,SKU105,214,2025-01-29
SHP006597,Ho Chi Minh City,Rotterdam,Sea,4,In Transit,2025-01-14,SKU108,156,2025-01-18
SHP006598,Zhengzhou,Chicago,Sea,17,Delayed,2025-03-23,SKU128,157,2025-04-09
SHP006599,Bangkok,Mumbai,Air,20,Delayed,2025-04-09,SKU125,128,2025-04-29
SHP006600,Bangkok,Dubai,Road,20,In Transit,2025-05-29,SKU100,113,2025-06-18
SHP006601,Chennai,Sydney,Road,18,Delivered,2025-12-24,SKU117,92,2026-01-11
SHP006602,Bangkok,Dubai,Road,12,In Transit,2025-11-25,SKU120,104,2025-12-07
SHP006603,Chennai,Johannesburg,Road,4,In Transit,2025-05-08,SKU104,228,2025-05-12
SHP006604,Ho Chi Minh City,Sao Paulo,Sea,19,In Transit,2025-03-26,SKU107,194,2025-04-14
SHP006605,Chennai,Chicago,Sea,13,Delivered,2025-06-28,SKU111,101,2025-07-11
SHP006606,Chennai,Singapore,Air,17,In Transit,2025-07-12,SKU121,201,2025-07-29
SHP006607,Bangkok,Rotterdam,Road,5,In Transit,2025-06-05,SKU129,130,2025-06-10
SHP006608,Noida,Johannesburg,Sea,21,In Transit,2025-08-03,SKU127,133,2025-08-24
SHP006609,Zhengzhou,Chicago,Road,2,Delayed,2025-04-09,SKU120,247,2025-04-11
SHP006610,Chennai,Mumbai,Road,19,In Transit,2025-04-02,SKU117,133,2025-04-21
SHP006611,Chennai,Chicago,Road,9,Delivered,2025-08-19,SKU111,142,2025-08-28
SHP006612,Zhengzhou,Sydney,Road,16,In Transit,2025-06-08,SKU107,126,2025-06-24
SHP006613,Shenzhen,Johannesburg,Road,7,Delivered,2025-02-07,SKU116,239,2025-02-14
SHP006614,Chennai,Dubai,Road,11,Delayed,2025-03-19,SKU112,195,2025-03-30
SHP006615,Bangkok,Sydney,Air,5,In Transit,2025-07-09,SKU113,160,2025-07-14
SHP006616,Zhengzhou,Sao Paulo,Sea,17,Delivered,2025-02-09,SKU127,208,2025-02-26
SHP006617,Bangkok,Sao Paulo,Road,18,Delivered,2025-09-20,SKU106,106,2025-10-08
SHP006618,Bangkok,Dubai,Air,15,In Transit,2025-03-21,SKU120,196,2025-04-05
SHP006619,Noida,Dubai,Road,23,Delivered,2025-05-06,SKU127,140,2025-05-29
SHP006620,Chennai,Singapore,Air,16,Delayed,2025-03-26,SKU117,135,2025-04-11
SHP006621,Ho Chi Minh City,Mumbai,Air,22,Delivered,2025-11-15,SKU115,111,2025-12-07
SHP006622,Shenzhen,Johannesburg,Road,12,Delivered,2025-12-11,SKU101,130,2025-12-23
SHP006623,Chennai,Johannesburg,Sea,23,In Transit,2025-01-30,SKU100,161,2025-02-22
SHP006624,Zhengzhou,Sydney,Air,14,In Transit,2025-06-04,SKU108,171,2025-06-18
SHP006625,Noida,Singapore,Air,13,In Transit,2025-09-24,SKU103,130,2025-10-07
SHP006626,Shenzhen,Dubai,Air,4,Delayed,2025-07-27,SKU102,195,2025-07-31
SHP006627,Shenzhen,Mumbai,Air,2,Delivered,2025-07-29,SKU124,185,2025-07-31
SHP006628,Bangkok,Rotterdam,Road,7,Delayed,2025-09-09,SKU124,215,2025-09-16
SHP006629,Ho Chi Minh City,Johannesburg,Air,14,Delivered,2025-11-24,SKU117,208,2025-12-08
SHP006630,Shenzhen,Chicago,Air,10,Delayed,2025-01-01,SKU101,129,2025-01-11
SHP006631,Shenzhen,Sydney,Road,19,In Transit,2025-12-26,SKU104,160,2026-01-14
SHP006632,Chennai,Sydney,Sea,21,Delayed,2025-08-01,SKU102,98,2025-08-22
SHP006633,Shenzhen,Singapore,Road,12,In Transit,2025-03-06,SKU123,184,2025-03-18
SHP006634,Bangkok,Dubai,Air,9,Delayed,2025-04-07,SKU116,178,2025-04-16
SHP006635,Chennai,Johannesburg,Sea,6,Delayed,2025-02-18,SKU126,99,2025-02-24
SHP006636,Noida,Singapore,Sea,16,In Transit,2025-10-07,SKU104,229,2025-10-23
SHP006637,Noida,Sao Paulo,Sea,12,In Transit,2025-03-29,SKU125,120,2025-04-10
SHP006638,Zhengzhou,Singapore,Sea,10,In Transit,2025-02-05,SKU110,162,2025-02-15
SHP006639,Zhengzhou,Johannesburg,Sea,14,In Transit,2025-09-04,SKU102,175,2025-09-18
SHP006640,Noida,Singapore,Sea,11,Delayed,2025-04-24,SKU112,224,2025-05-05
SHP006641,Chennai,Sydney,Air,13,In Transit,2025-09-22,SKU102,122,2025-10-05
SHP006642,Shenzhen,Sydney,Sea,2,In Transit,2025-01-01,SKU100,162,2025-01-03
SHP006643,Bangkok,Chicago,Air,25,In Transit,2025-09-17,SKU128,203,2025-10-12
SHP006644,Chennai,Rotterdam,Air,12,In Transit,2025-05-25,SKU121,186,2025-06-06
SHP006645,Zhengzhou,Sao Paulo,Air,22,Delayed,2025-01-04,SKU126,152,2025-01-26
SHP006646,Ho Chi Minh City,Sydney,Road,5,Delayed,2025-01-03,SKU114,168,2025-01-08
SHP006647,Zhengzhou,Rotterdam,Air,8,Delayed,2025-10-08,SKU108,99,2025-10-16
SHP006648,Chennai,Sydney,Air,18,In Transit,2025-03-10,SKU127,104,2025-03-28
SHP006649,Bangkok,Mumbai,Sea,17,Delayed,2025-09-17,SKU101,109,2025-10-04
SHP006650,Noida,Dubai,Road,14,Delivered,2025-01-21,SKU105,174,2025-02-04
SHP006651,Ho Chi Minh City,Singapore,Sea,16,Delivered,2025-01-28,SKU112,162,2025-02-13
SHP006652,Ho Chi Minh City,Sydney,Sea,13,Delayed,2025-06-06,SKU106,200,2025-06-19
SHP006653,Bangkok,Dubai,Air,11,Delayed,2025-04-13,SKU115,143,2025-04-24
SHP006654,Shenzhen,Mumbai,Sea,3,In Transit,2025-08-31,SKU108,207,2025-09-03
SHP006655,Bangkok,Rotterdam,Sea,6,In Transit,2025-02-09,SKU121,190,2025-02-15
SHP006656,Shenzhen,Rotterdam,Road,2,Delivered,2025-11-12,SKU117,206,2025-11-14
SHP006657,Shenzhen,Dubai,Air,13,Delayed,2025-01-25,SKU117,209,2025-02-07
SHP006658,Bangkok,Dubai,Air,23,In Transit,2025-09-30,SKU125,193,2025-10-23
SHP006659,Zhengzhou,Singapore,Road,19,In Transit,2025-12-17,SKU107,221,2026-01-05
SHP006660,Shenzhen,Chicago,Air,22,Delayed,2025-12-13,SKU123,207,2026-01-04
SHP006661,Ho Chi Minh City,Rotterdam,Road,15,In Transit,2025-12-09,SKU114,195,2025-12-24
SHP006662,Ho Chi Minh City,Sydney,Sea,21,Delayed,2025-11-29,SKU110,140,2025-12-20
SHP006663,Chennai,Sao Paulo,Road,23,In Transit,2025-02-27,SKU108,105,2025-03-22
SHP006664,Chennai,Dubai,Sea,7,Delayed,2025-07-04,SKU111,133,2025-07-11
SHP006665,Bangkok,Mumbai,Sea,21,Delivered,2025-04-11,SKU105,199,2025-05-02
SHP006666,Ho Chi Minh City,Johannesburg,Air,20,Delayed,2025-11-28,SKU115,214,2025-12-18
SHP006667,Ho Chi Minh City,Dubai,Air,10,Delivered,2025-06-24,SKU119,117,2025-07-04
SHP006668,Noida,Johannesburg,Road,11,Delivered,2025-05-28,SKU115,213,2025-06-08
SHP006669,Ho Chi Minh City,Mumbai,Air,20,Delivered,2025-04-24,SKU118,212,2025-05-14
SHP006670,Shenzhen,Chicago,Air,4,In Transit,2025-02-19,SKU114,151,2025-02-23
SHP006671,Ho Chi Minh City,Rotterdam,Air,19,Delayed,2025-11-27,SKU113,183,2025-12-16
SHP006672,Shenzhen,Rotterdam,Sea,16,Delivered,2025-12-14,SKU115,143,2025-12-30
SHP006673,Ho Chi Minh City,Rotterdam,Sea,14,Delivered,2025-09-07,SKU116,106,2025-09-21
SHP006674,Noida,Sao Paulo,Sea,18,Delayed,2025-09-02,SKU112,168,2025-09-20
SHP006675,Shenzhen,Singapore,Sea,13,Delivered,2025-08-29,SKU121,197,2025-09-11
SHP006676,Bangkok,Chicago,Road,10,Delayed,2025-12-25,SKU123,133,2026-01-04
SHP006677,Zhengzhou,Singapore,Sea,15,In Transit,2025-11-30,SKU127,237,2025-12-15
SHP006678,Ho Chi Minh City,Chicago,Sea,19,In Transit,2025-02-28,SKU108,190,2025-03-19
SHP006679,Zhengzhou,Rotterdam,Air,18,In Transit,2025-09-06,SKU123,120,2025-09-24
SHP006680,Noida,Johannesburg,Road,8,Delivered,2025-09-23,SKU107,237,2025-10-01
SHP006681,Chennai,Johannesburg,Air,9,Delayed,2025-03-03,SKU117,163,2025-03-12
SHP006682,Chennai,Mumbai,Road,18,In Transit,2025-11-04,SKU126,193,2025-11-22
SHP006683,Shenzhen,Chicago,Sea,7,In Transit,2025-02-01,SKU114,151,2025-02-08
SHP006684,Noida,Mumbai,Road,2,Delayed,2025-08-05,SKU121,125,2025-08-07
SHP006685,Chennai,Mumbai,Road,13,Delayed,2025-10-23,SKU128,120,2025-11-05
SHP006686,Bangkok,Singapore,Air,20,Delayed,2025-11-04,SKU116,226,2025-11-24
SHP006687,Zhengzhou,Sydney,Road,21,Delayed,2025-01-12,SKU104,151,2025-02-02
SHP006688,Shenzhen,Sydney,Sea,3,In Transit,2025-02-02,SKU118,139,2025-02-05
SHP006689,Zhengzhou,Sydney,Air,12,Delivered,2025-10-10,SKU122,194,2025-10-22
SHP006690,Noida,Sydney,Air,20,Delivered,2025-08-28,SKU118,174,2025-09-17
SHP006691,Ho Chi Minh City,Mumbai,Road,21,Delivered,2025-07-22,SKU100,170,2025-08-12
SHP006692,Bangkok,Johannesburg,Air,22,In Transit,2025-08-09,SKU111,108,2025-08-31
SHP006693,Zhengzhou,Singapore,Sea,19,Delivered,2025-08-04,SKU127,260,2025-08-23
SHP006694,Bangkok,Sao Paulo,Air,14,Delayed,2025-11-04,SKU103,195,2025-11-18
SHP006695,Zhengzhou,Dubai,Air,24,Delivered,2025-11-15,SKU102,219,2025-12-09
SHP006696,Zhengzhou,Singapore,Sea,4,In Transit,2025-11-07,SKU124,222,2025-11-11
SHP006697,Chennai,Mumbai,Air,4,Delayed,2025-06-15,SKU122,102,2025-06-19
SHP006698,Chennai,Singapore,Sea,14,In Transit,2025-06-20,SKU102,208,2025-07-04
SHP006699,Bangkok,Johannesburg,Air,12,In Transit,2025-05-04,SKU125,211,2025-05-16
SHP006700,Zhengzhou,Sao Paulo,Road,3,In Transit,2025-03-23,SKU116,117,2025-03-26
SHP006701,Shenzhen,Dubai,Sea,18,In Transit,2025-07-19,SKU126,160,2025-08-06
SHP006702,Noida,Johannesburg,Sea,11,In Transit,2025-08-20,SKU103,123,2025-08-31
SHP006703,Ho Chi Minh City,Dubai,Air,20,In Transit,2025-11-11,SKU118,181,2025-12-01
SHP006704,Ho Chi Minh City,Johannesburg,Sea,15,Delivered,2025-08-27,SKU107,128,2025-09-11
SHP006705,Noida,Chicago,Road,16,In Transit,2025-08-20,SKU127,163,2025-09-05
SHP006706,Zhengzhou,Chicago,Air,9,Delayed,2025-01-14,SKU119,210,2025-01-23
SHP006707,Chennai,Dubai,Road,3,Delayed,2025-03-04,SKU120,124,2025-03-07
SHP006708,Shenzhen,Singapore,Sea,6,In Transit,2025-08-22,SKU111,125,2025-08-28
SHP006709,Chennai,Sydney,Sea,14,Delivered,2025-05-27,SKU112,192,2025-06-10
SHP006710,Bangkok,Rotterdam,Air,6,Delivered,2025-08-19,SKU104,118,2025-08-25
SHP006711,Shenzhen,Singapore,Sea,21,Delayed,2025-01-26,SKU111,203,2025-02-16
SHP006712,Zhengzhou,Johannesburg,Road,14,Delivered,2025-02-25,SKU114,203,2025-03-11
SHP006713,Chennai,Singapore,Sea,15,Delayed,2025-11-02,SKU114,205,2025-11-17
SHP006714,Bangkok,Johannesburg,Road,6,Delayed,2025-06-27,SKU109,197,2025-07-03
SHP006715,Noida,Johannesburg,Air,12,In Transit,2025-08-30,SKU116,187,2025-09-11
SHP006716,Noida,Sao Paulo,Sea,24,In Transit,2025-07-09,SKU108,178,2025-08-02
SHP006717,Zhengzhou,Chicago,Road,14,Delivered,2025-12-08,SKU120,161,2025-12-22
SHP006718,Shenzhen,Sao Paulo,Air,16,Delayed,2025-02-11,SKU100,143,2025-02-27
SHP006719,Chennai,Rotterdam,Road,8,In Transit,2025-06-10,SKU101,199,2025-06-18
SHP006720,Bangkok,Dubai,Air,21,In Transit,2025-03-04,SKU108,99,2025-03-25
SHP006721,Ho Chi Minh City,Sao Paulo,Air,9,Delivered,2025-08-22,SKU119,141,2025-08-31
SHP006722,Noida,Dubai,Sea,13,Delayed,2025-08-17,SKU106,141,2025-08-30
SHP006723,Bangkok,Mumbai,Air,6,Delivered,2025-04-26,SKU126,153,2025-05-02
SHP006724,Chennai,Johannesburg,Road,14,In Transit,2025-05-21,SKU105,126,2025-06-04
SHP006725,Noida,Dubai,Sea,20,Delivered,2025-03-07,SKU104,114,2025-03-27
SHP006726,Chennai,Sydney,Sea,21,Delayed,2025-11-30,SKU124,204,2025-12-21
SHP006727,Bangkok,Johannesburg,Air,4,Delivered,2025-07-10,SKU120,147,2025-07-14
SHP006728,Ho Chi Minh City,Sao Paulo,Sea,9,In Transit,2025-10-30,SKU122,201,2025-11-08
SHP006729,Bangkok,Sao Paulo,Air,16,Delayed,2025-03-03,SKU123,172,2025-03-19
SHP006730,Ho Chi Minh City,Chicago,Sea,16,Delayed,2025-04-05,SKU127,137,2025-04-21
SHP006731,Ho Chi Minh City,Chicago,Road,23,In Transit,2025-05-21,SKU128,154,2025-06-13
SHP006732,Chennai,Rotterdam,Air,18,Delivered,2025-04-07,SKU114,193,2025-04-25
SHP006733,Ho Chi Minh City,Rotterdam,Road,10,In Transit,2025-11-30,SKU100,185,2025-12-10
SHP006734,Shenzhen,Sao Paulo,Road,5,Delayed,2025-03-02,SKU118,141,2025-03-07
SHP006735,Shenzhen,Rotterdam,Sea,15,In Transit,2025-02-10,SKU100,225,2025-02-25
SHP006736,Shenzhen,Rotterdam,Air,21,Delivered,2025-05-10,SKU114,186,2025-05-31
SHP006737,Ho Chi Minh City,Mumbai,Sea,14,Delayed,2025-04-23,SKU129,113,2025-05-07
SHP006738,Bangkok,Rotterdam,Road,22,In Transit,2025-09-13,SKU107,222,2025-10-05
SHP006739,Zhengzhou,Rotterdam,Air,14,Delayed,2025-10-09,SKU101,151,2025-10-23
SHP006740,Bangkok,Chicago,Road,13,Delayed,2025-01-07,SKU118,181,2025-01-20
SHP006741,Zhengzhou,Mumbai,Road,22,Delayed,2025-07-18,SKU122,154,2025-08-09
SHP006742,Shenzhen,Mumbai,Air,20,In Transit,2025-12-21,SKU124,194,2026-01-10
SHP006743,Noida,Sao Paulo,Sea,13,Delayed,2025-10-06,SKU113,195,2025-10-19
SHP006744,Shenzhen,Singapore,Sea,5,Delivered,2025-12-20,SKU116,197,2025-12-25
SHP006745,Chennai,Chicago,Road,20,Delayed,2025-08-09,SKU109,180,2025-08-29
SHP006746,Noida,Sydney,Road,11,Delivered,2025-09-26,SKU104,171,2025-10-07
SHP006747,Zhengzhou,Singapore,Air,11,In Transit,2025-12-14,SKU101,186,2025-12-25
SHP006748,Zhengzhou,Johannesburg,Road,6,Delayed,2025-06-15,SKU113,137,2025-06-21
SHP006749,Shenzhen,Rotterdam,Road,19,In Transit,2025-07-17,SKU108,209,2025-08-05
SHP006750,Noida,Rotterdam,Air,17,Delayed,2025-07-28,SKU112,122,2025-08-14
SHP006751,Zhengzhou,Rotterdam,Road,23,Delayed,2025-10-19,SKU104,100,2025-11-11
SHP006752,Noida,Rotterdam,Sea,4,Delivered,2025-01-16,SKU104,233,2025-01-20
SHP006753,Shenzhen,Mumbai,Sea,20,Delivered,2025-10-14,SKU123,201,2025-11-03
SHP006754,Noida,Johannesburg,Sea,11,Delayed,2025-10-24,SKU119,226,2025-11-04
SHP006755,Chennai,Johannesburg,Air,22,Delivered,2025-02-12,SKU111,124,2025-03-06
SHP006756,Ho Chi Minh City,Mumbai,Sea,18,Delayed,2025-04-19,SKU120,160,2025-05-07
SHP006757,Chennai,Sao Paulo,Air,2,In Transit,2025-10-19,SKU125,127,2025-10-21
SHP006758,Ho Chi Minh City,Chicago,Air,23,In Transit,2025-12-28,SKU119,185,2026-01-20
SHP006759,Shenzhen,Chicago,Air,4,Delayed,2025-05-31,SKU108,177,2025-06-04
SHP006760,Zhengzhou,Chicago,Air,10,Delayed,2025-05-26,SKU124,120,2025-06-05
SHP006761,Noida,Chicago,Road,17,Delayed,2025-08-08,SKU123,218,2025-08-25
SHP006762,Shenzhen,Rotterdam,Road,5,In Transit,2025-07-23,SKU121,213,2025-07-28
SHP006763,Shenzhen,Chicago,Air,10,Delayed,2025-07-01,SKU118,131,2025-07-11
SHP006764,Shenzhen,Chicago,Air,6,In Transit,2025-07-26,SKU104,209,2025-08-01
SHP006765,Zhengzhou,Sydney,Road,12,Delayed,2025-03-19,SKU109,158,2025-03-31
SHP006766,Chennai,Chicago,Air,17,In Transit,2025-04-18,SKU122,107,2025-05-05
SHP006767,Zhengzhou,Johannesburg,Air,19,Delayed,2025-04-22,SKU113,140,2025-05-11
SHP006768,Zhengzhou,Rotterdam,Road,19,In Transit,2025-01-23,SKU112,199,2025-02-11
SHP006769,Ho Chi Minh City,Rotterdam,Sea,22,In Transit,2025-12-11,SKU100,184,2026-01-02
SHP006770,Chennai,Johannesburg,Road,7,Delivered,2025-09-23,SKU108,153,2025-09-30
SHP006771,Shenzhen,Dubai,Air,7,Delivered,2025-05-27,SKU127,145,2025-06-03
SHP006772,Bangkok,Dubai,Sea,10,Delivered,2025-06-04,SKU117,165,2025-06-14
SHP006773,Chennai,Mumbai,Air,2,Delivered,2025-04-05,SKU103,188,2025-04-07
SHP006774,Bangkok,Sao Paulo,Road,11,Delayed,2025-04-02,SKU124,222,2025-04-13
SHP006775,Bangkok,Johannesburg,Air,16,Delayed,2025-01-14,SKU127,215,2025-01-30
SHP006776,Chennai,Dubai,Sea,19,Delivered,2025-09-19,SKU107,149,2025-10-08
SHP006777,Ho Chi Minh City,Chicago,Road,22,Delayed,2025-10-16,SKU125,143,2025-11-07
SHP006778,Noida,Mumbai,Sea,16,Delayed,2025-09-14,SKU116,226,2025-09-30
SHP006779,Shenzhen,Dubai,Road,11,Delivered,2025-07-23,SKU106,174,2025-08-03
SHP006780,Ho Chi Minh City,Rotterdam,Sea,10,Delivered,2025-04-07,SKU104,150,2025-04-17
SHP006781,Zhengzhou,Sao Paulo,Air,13,Delivered,2025-04-26,SKU122,109,2025-05-09
SHP006782,Bangkok,Rotterdam,Sea,8,Delayed,2025-08-17,SKU100,97,2025-08-25
SHP006783,Bangkok,Singapore,Air,14,In Transit,2025-03-27,SKU120,201,2025-04-10
SHP006784,Shenzhen,Johannesburg,Sea,14,Delivered,2025-02-17,SKU129,107,2025-03-03
SHP006785,Shenzhen,Chicago,Air,17,Delivered,2025-09-15,SKU100,170,2025-10-02
SHP006786,Bangkok,Sydney,Air,19,In Transit,2025-05-13,SKU101,110,2025-06-01
SHP006787,Zhengzhou,Rotterdam,Sea,13,In Transit,2025-05-22,SKU114,208,2025-06-04
SHP006788,Shenzhen,Johannesburg,Road,3,In Transit,2025-05-19,SKU107,170,2025-05-22
SHP006789,Chennai,Singapore,Sea,11,Delivered,2025-11-09,SKU127,146,2025-11-20
SHP006790,Bangkok,Johannesburg,Sea,2,Delivered,2025-07-02,SKU116,209,2025-07-04
SHP006791,Ho Chi Minh City,Sao Paulo,Air,23,Delivered,2025-12-01,SKU125,138,2025-12-24
SHP006792,Chennai,Chicago,Road,14,Delivered,2025-03-12,SKU117,130,2025-03-26
SHP006793,Noida,Mumbai,Sea,22,Delayed,2025-09-25,SKU120,94,2025-10-17
SHP006794,Zhengzhou,Dubai,Sea,12,In Transit,2025-07-16,SKU123,213,2025-07-28
SHP006795,Bangkok,Chicago,Air,11,Delivered,2025-03-03,SKU108,130,2025-03-14
SHP006796,Bangkok,Sao Paulo,Air,2,Delayed,2025-08-07,SKU108,111,2025-08-09
SHP006797,Noida,Sao Paulo,Sea,7,In Transit,2025-08-17,SKU128,221,2025-08-24
SHP006798,Shenzhen,Mumbai,Air,10,In Transit,2025-06-21,SKU106,238,2025-07-01
SHP006799,Zhengzhou,Johannesburg,Air,4,In Transit,2025-10-05,SKU102,213,2025-10-09
SHP006800,Zhengzhou,Singapore,Road,14,Delivered,2025-01-28,SKU105,189,2025-02-11
SHP006801,Shenzhen,Sydney,Road,16,In Transit,2025-04-11,SKU100,227,2025-04-27
SHP006802,Shenzhen,Sydney,Air,20,Delayed,2025-07-06,SKU121,214,2025-07-26
SHP006803,Zhengzhou,Mumbai,Road,17,Delayed,2025-10-26,SKU116,111,2025-11-12
SHP006804,Noida,Mumbai,Air,8,In Transit,2025-04-29,SKU119,152,2025-05-07
SHP006805,Noida,Rotterdam,Road,11,Delayed,2025-06-27,SKU111,125,2025-07-08
SHP006806,Ho Chi Minh City,Rotterdam,Road,9,Delayed,2025-01-16,SKU100,199,2025-01-25
SHP006807,Ho Chi Minh City,Sydney,Sea,7,Delayed,2025-02-13,SKU119,122,2025-02-20
SHP006808,Noida,Sao Paulo,Sea,17,Delayed,2025-01-20,SKU113,217,2025-02-06
SHP006809,Ho Chi Minh City,Singapore,Air,16,Delivered,2025-08-18,SKU112,224,2025-09-03
SHP006810,Shenzhen,Sydney,Sea,2,Delivered,2025-11-11,SKU120,142,2025-11-13
SHP006811,Shenzhen,Rotterdam,Air,12,Delayed,2025-10-21,SKU123,232,2025-11-02
SHP006812,Bangkok,Sydney,Air,5,Delayed,2025-09-03,SKU110,140,2025-09-08
SHP006813,Shenzhen,Singapore,Sea,17,In Transit,2025-12-29,SKU107,151,2026-01-15
SHP006814,Noida,Sydney,Air,8,Delivered,2025-02-05,SKU125,127,2025-02-13
SHP006815,Shenzhen,Chicago,Air,22,Delivered,2025-01-21,SKU112,184,2025-02-12
SHP006816,Shenzhen,Sao Paulo,Road,12,Delivered,2025-10-25,SKU119,138,2025-11-06
SHP006817,Zhengzhou,Rotterdam,Air,5,Delivered,2025-03-17,SKU128,152,2025-03-22
SHP006818,Zhengzhou,Chicago,Air,11,In Transit,2025-01-18,SKU102,113,2025-01-29
SHP006819,Zhengzhou,Sydney,Sea,25,Delivered,2025-04-10,SKU101,230,2025-05-05
SHP006820,Ho Chi Minh City,Dubai,Sea,5,Delayed,2025-04-18,SKU105,171,2025-04-23
SHP006821,Bangkok,Rotterdam,Road,8,Delivered,2025-08-18,SKU118,178,2025-08-26
SHP006822,Noida,Chicago,Road,20,Delivered,2025-12-01,SKU104,176,2025-12-21
SHP006823,Noida,Mumbai,Air,13,In Transit,2025-04-18,SKU110,109,2025-05-01
SHP006824,Shenzhen,Sao Paulo,Air,20,Delivered,2025-01-10,SKU112,144,2025-01-30
SHP006825,Shenzhen,Chicago,Sea,13,In Transit,2025-07-06,SKU120,222,2025-07-19
SHP006826,Ho Chi Minh City,Dubai,Road,3,Delayed,2025-08-05,SKU103,208,2025-08-08
SHP006827,Ho Chi Minh City,Rotterdam,Road,21,Delivered,2025-09-17,SKU112,154,2025-10-08
SHP006828,Noida,Dubai,Road,15,Delivered,2025-07-08,SKU117,172,2025-07-23
SHP006829,Chennai,Dubai,Air,17,Delivered,2025-08-07,SKU116,185,2025-08-24
SHP006830,Noida,Chicago,Air,7,In Transit,2025-06-27,SKU120,145,2025-07-04
SHP006831,Zhengzhou,Chicago,Road,4,Delayed,2025-05-04,SKU104,140,2025-05-08
SHP006832,Bangkok,Mumbai,Air,23,Delivered,2025-03-20,SKU109,151,2025-04-12
SHP006833,Chennai,Chicago,Air,16,Delivered,2025-01-21,SKU118,219,2025-02-06
SHP006834,Ho Chi Minh City,Sydney,Road,21,Delivered,2025-11-08,SKU103,137,2025-11-29
SHP006835,Chennai,Sao Paulo,Road,12,Delivered,2025-04-02,SKU111,104,2025-04-14
SHP006836,Chennai,Singapore,Air,13,Delivered,2025-05-07,SKU124,147,2025-05-20
SHP006837,Shenzhen,Sao Paulo,Road,17,Delayed,2025-05-13,SKU118,236,2025-05-30
SHP006838,Ho Chi Minh City,Sao Paulo,Air,13,Delayed,2025-11-16,SKU114,202,2025-11-29
SHP006839,Ho Chi Minh City,Chicago,Air,24,Delivered,2025-07-15,SKU118,114,2025-08-08
SHP006840,Zhengzhou,Sydney,Air,23,Delayed,2025-12-31,SKU119,168,2026-01-23
SHP006841,Ho Chi Minh City,Singapore,Road,16,Delayed,2025-04-05,SKU124,112,2025-04-21
SHP006842,Zhengzhou,Sydney,Sea,4,Delayed,2025-10-19,SKU111,202,2025-10-23
SHP006843,Bangkok,Singapore,Air,17,Delivered,2025-05-29,SKU121,111,2025-06-15
SHP006844,Noida,Rotterdam,Air,2,Delayed,2025-04-06,SKU123,162,2025-04-08
SHP006845,Shenzhen,Sydney,Road,4,In Transit,2025-02-02,SKU103,184,2025-02-06
SHP006846,Bangkok,Rotterdam,Road,8,In Transit,2025-05-18,SKU112,170,2025-05-26
SHP006847,Chennai,Singapore,Road,10,Delivered,2025-03-21,SKU116,118,2025-03-31
SHP006848,Noida,Singapore,Air,25,In Transit,2025-11-11,SKU109,94,2025-12-06
SHP006849,Shenzhen,Singapore,Sea,21,Delayed,2025-03-10,SKU123,206,2025-03-31
SHP006850,Noida,Sydney,Sea,9,In Transit,2025-01-20,SKU104,171,2025-01-29
SHP006851,Ho Chi Minh City,Singapore,Sea,4,Delayed,2025-02-25,SKU120,125,2025-03-01
SHP006852,Ho Chi Minh City,Dubai,Road,18,In Transit,2025-02-01,SKU101,212,2025-02-19
SHP006853,Bangkok,Johannesburg,Sea,9,Delivered,2025-11-10,SKU102,195,2025-11-19
SHP006854,Ho Chi Minh City,Johannesburg,Sea,23,In Transit,2025-08-19,SKU109,175,2025-09-11
SHP006855,Zhengzhou,Chicago,Road,13,Delivered,2025-05-05,SKU124,225,2025-05-18
SHP006856,Shenzhen,Chicago,Air,21,Delivered,2025-03-21,SKU121,115,2025-04-11
SHP006857,Shenzhen,Sao Paulo,Sea,21,In Transit,2025-07-10,SKU119,210,2025-07-31
SHP006858,Ho Chi Minh City,Johannesburg,Sea,21,Delivered,2025-01-09,SKU108,173,2025-01-30
SHP006859,Noida,Johannesburg,Sea,22,Delayed,2025-06-13,SKU128,155,2025-07-05
SHP006860,Ho Chi Minh City,Johannesburg,Air,3,Delayed,2025-07-10,SKU127,199,2025-07-13
SHP006861,Bangkok,Sao Paulo,Air,4,In Transit,2025-03-06,SKU123,146,2025-03-10
SHP006862,Shenzhen,Sydney,Sea,17,Delivered,2025-04-11,SKU104,169,2025-04-28
SHP006863,Chennai,Johannesburg,Air,15,In Transit,2025-11-08,SKU103,194,2025-11-23
SHP006864,Zhengzhou,Chicago,Air,11,In Transit,2025-01-07,SKU102,193,2025-01-18
SHP006865,Zhengzhou,Johannesburg,Air,5,Delivered,2025-01-23,SKU105,181,2025-01-28
SHP006866,Ho Chi Minh City,Sao Paulo,Road,8,Delivered,2025-12-27,SKU126,158,2026-01-04
SHP006867,Bangkok,Rotterdam,Sea,24,Delivered,2025-01-13,SKU108,122,2025-02-06
SHP006868,Shenzhen,Mumbai,Sea,13,Delivered,2025-10-12,SKU108,110,2025-10-25
SHP006869,Shenzhen,Mumbai,Road,12,Delivered,2025-08-09,SKU111,121,2025-08-21
SHP006870,Bangkok,Mumbai,Air,5,In Transit,2025-08-01,SKU113,142,2025-08-06
SHP006871,Bangkok,Chicago,Sea,18,Delayed,2025-08-30,SKU120,92,2025-09-17
SHP006872,Noida,Sydney,Road,17,In Transit,2025-04-07,SKU102,128,2025-04-24
SHP006873,Chennai,Sao Paulo,Road,9,Delayed,2025-08-26,SKU104,194,2025-09-04
SHP006874,Noida,Dubai,Sea,7,Delivered,2025-05-23,SKU103,235,2025-05-30
SHP006875,Bangkok,Dubai,Sea,19,Delayed,2025-08-01,SKU109,210,2025-08-20
SHP006876,Noida,Rotterdam,Air,2,In Transit,2025-03-03,SKU115,154,2025-03-05
SHP006877,Chennai,Johannesburg,Air,14,Delayed,2025-07-01,SKU116,224,2025-07-15
SHP006878,Shenzhen,Sydney,Air,20,Delayed,2025-02-22,SKU108,112,2025-03-14
SHP006879,Noida,Sydney,Air,15,In Transit,2025-08-30,SKU124,211,2025-09-14
SHP006880,Zhengzhou,Johannesburg,Air,6,Delivered,2025-06-11,SKU108,157,2025-06-17
SHP006881,Zhengzhou,Johannesburg,Air,11,Delayed,2025-04-27,SKU118,196,2025-05-08
SHP006882,Bangkok,Dubai,Road,8,Delivered,2025-06-30,SKU101,207,2025-07-08
SHP006883,Zhengzhou,Johannesburg,Road,18,Delayed,2025-12-18,SKU120,120,2026-01-05
SHP006884,Bangkok,Sydney,Air,14,Delayed,2025-12-04,SKU111,166,2025-12-18
SHP006885,Noida,Dubai,Air,4,In Transit,2025-08-26,SKU123,116,2025-08-30
SHP006886,Ho Chi Minh City,Sao Paulo,Road,5,Delivered,2025-07-19,SKU110,202,2025-07-24
SHP006887,Noida,Mumbai,Air,23,Delivered,2025-05-11,SKU128,135,2025-06-03
SHP006888,Bangkok,Johannesburg,Sea,22,Delayed,2025-06-22,SKU128,142,2025-07-14
SHP006889,Noida,Sydney,Road,14,Delayed,2025-04-03,SKU104,128,2025-04-17
SHP006890,Shenzhen,Dubai,Road,15,Delivered,2025-06-09,SKU106,201,2025-06-24
SHP006891,Ho Chi Minh City,Singapore,Road,3,Delayed,2025-11-30,SKU102,153,2025-12-03
SHP006892,Ho Chi Minh City,Sao Paulo,Road,4,Delayed,2025-06-10,SKU126,214,2025-06-14
SHP006893,Chennai,Sydney,Air,22,Delayed,2025-01-25,SKU128,133,2025-02-16
SHP006894,Chennai,Dubai,Sea,6,In Transit,2025-06-05,SKU109,227,2025-06-11
SHP006895,Noida,Chicago,Road,6,Delayed,2025-04-01,SKU111,158,2025-04-07
SHP006896,Ho Chi Minh City,Rotterdam,Sea,21,Delivered,2025-03-28,SKU126,138,2025-04-18
SHP006897,Zhengzhou,Sao Paulo,Sea,11,Delivered,2025-01-21,SKU103,213,2025-02-01
SHP006898,Shenzhen,Dubai,Sea,5,Delayed,2025-02-11,SKU124,113,2025-02-16
SHP006899,Chennai,Rotterdam,Sea,15,In Transit,2025-01-05,SKU126,107,2025-01-20
SHP006900,Zhengzhou,Rotterdam,Air,4,In Transit,2025-09-09,SKU128,166,2025-09-13
SHP006901,Shenzhen,Dubai,Road,3,In Transit,2025-02-16,SKU119,174,2025-02-19
SHP006902,Noida,Sydney,Sea,21,Delayed,2025-05-13,SKU108,113,2025-06-03
SHP006903,Chennai,Sao Paulo,Sea,20,Delivered,2025-04-30,SKU123,167,2025-05-20
SHP006904,Bangkok,Sao Paulo,Sea,17,Delivered,2025-06-09,SKU119,192,2025-06-26
SHP006905,Ho Chi Minh City,Sao Paulo,Air,21,Delayed,2025-01-21,SKU125,131,2025-02-11
SHP006906,Chennai,Sydney,Sea,17,Delayed,2025-10-04,SKU107,108,2025-10-21
SHP006907,Bangkok,Sydney,Air,6,In Transit,2025-06-13,SKU120,151,2025-06-19
SHP006908,Ho Chi Minh City,Dubai,Road,16,Delivered,2025-11-07,SKU125,162,2025-11-23
SHP006909,Shenzhen,Johannesburg,Road,4,Delayed,2025-06-08,SKU116,159,2025-06-12
SHP006910,Bangkok,Mumbai,Air,13,In Transit,2025-07-07,SKU118,201,2025-07-20
SHP006911,Chennai,Chicago,Air,2,In Transit,2025-01-18,SKU101,215,2025-01-20
SHP006912,Bangkok,Singapore,Air,7,Delayed,2025-07-10,SKU105,179,2025-07-17
SHP006913,Noida,Mumbai,Air,4,In Transit,2025-05-03,SKU125,156,2025-05-07
SHP006914,Shenzhen,Singapore,Sea,23,Delayed,2025-07-03,SKU106,177,2025-07-26
SHP006915,Bangkok,Mumbai,Road,23,Delayed,2025-11-04,SKU112,194,2025-11-27
SHP006916,Zhengzhou,Mumbai,Sea,8,In Transit,2025-11-22,SKU109,105,2025-11-30
SHP006917,Chennai,Rotterdam,Air,11,Delayed,2025-07-17,SKU103,180,2025-07-28
SHP006918,Chennai,Singapore,Air,25,In Transit,2025-02-26,SKU122,174,2025-03-23
SHP006919,Zhengzhou,Sao Paulo,Air,20,Delivered,2025-11-05,SKU121,215,2025-11-25
SHP006920,Shenzhen,Singapore,Air,15,In Transit,2025-09-03,SKU127,184,2025-09-18
SHP006921,Chennai,Sydney,Sea,10,Delayed,2025-04-03,SKU106,204,2025-04-13
SHP006922,Bangkok,Rotterdam,Air,6,Delivered,2025-09-13,SKU122,187,2025-09-19
SHP006923,Chennai,Johannesburg,Sea,12,In Transit,2025-01-19,SKU111,103,2025-01-31
SHP006924,Zhengzhou,Singapore,Air,17,Delayed,2025-03-25,SKU115,167,2025-04-11
SHP006925,Shenzhen,Singapore,Road,21,In Transit,2025-01-11,SKU105,191,2025-02-01
SHP006926,Zhengzhou,Sydney,Sea,25,Delayed,2025-12-28,SKU106,218,2026-01-22
SHP006927,Ho Chi Minh City,Sao Paulo,Sea,7,In Transit,2025-03-17,SKU114,144,2025-03-24
SHP006928,Zhengzhou,Rotterdam,Air,19,Delivered,2025-02-10,SKU125,233,2025-03-01
SHP006929,Zhengzhou,Mumbai,Sea,5,Delivered,2025-07-22,SKU124,211,2025-07-27
SHP006930,Zhengzhou,Chicago,Air,25,Delayed,2025-05-08,SKU111,107,2025-06-02
SHP006931,Ho Chi Minh City,Johannesburg,Sea,4,Delivered,2025-05-21,SKU105,173,2025-05-25
SHP006932,Ho Chi Minh City,Singapore,Road,25,Delayed,2025-05-06,SKU113,143,2025-05-31
SHP006933,Bangkok,Johannesburg,Air,12,In Transit,2025-07-02,SKU102,137,2025-07-14
SHP006934,Shenzhen,Chicago,Road,24,Delivered,2025-06-03,SKU123,169,2025-06-27
SHP006935,Zhengzhou,Sydney,Air,18,Delayed,2025-05-22,SKU117,124,2025-06-09
SHP006936,Bangkok,Sao Paulo,Road,16,Delayed,2025-04-27,SKU108,215,2025-05-13
SHP006937,Zhengzhou,Sydney,Sea,20,Delivered,2025-12-10,SKU107,217,2025-12-30
SHP006938,Ho Chi Minh City,Sao Paulo,Road,11,Delivered,2025-09-08,SKU114,120,2025-09-19
SHP006939,Chennai,Mumbai,Air,13,Delayed,2025-12-19,SKU115,105,2026-01-01
SHP006940,Shenzhen,Sydney,Air,17,Delayed,2025-08-08,SKU128,158,2025-08-25
SHP006941,Bangkok,Chicago,Air,6,In Transit,2025-10-09,SKU108,163,2025-10-15
SHP006942,Ho Chi Minh City,Sydney,Sea,9,In Transit,2025-03-25,SKU114,149,2025-04-03
SHP006943,Noida,Singapore,Air,14,In Transit,2025-12-08,SKU114,148,2025-12-22
SHP006944,Ho Chi Minh City,Sao Paulo,Sea,14,Delayed,2025-02-17,SKU115,182,2025-03-03
SHP006945,Noida,Singapore,Sea,2,Delayed,2025-04-28,SKU100,135,2025-04-30
SHP006946,Noida,Johannesburg,Air,19,In Transit,2025-07-17,SKU121,182,2025-08-05
SHP006947,Chennai,Sao Paulo,Road,21,Delivered,2025-07-12,SKU122,200,2025-08-02
SHP006948,Noida,Sao Paulo,Sea,18,In Transit,2025-10-09,SKU112,234,2025-10-27
SHP006949,Ho Chi Minh City,Dubai,Sea,25,Delivered,2025-03-19,SKU107,109,2025-04-13
SHP006950,Ho Chi Minh City,Rotterdam,Road,3,Delivered,2025-01-30,SKU110,175,2025-02-02
SHP006951,Zhengzhou,Sao Paulo,Sea,5,In Transit,2025-04-13,SKU120,236,2025-04-18
SHP006952,Shenzhen,Rotterdam,Air,18,In Transit,2025-06-04,SKU121,143,2025-06-22
SHP006953,Chennai,Sao Paulo,Road,18,In Transit,2025-08-25,SKU103,150,2025-09-12
SHP006954,Zhengzhou,Sao Paulo,Sea,8,In Transit,2025-04-17,SKU108,156,2025-04-25
SHP006955,Noida,Singapore,Road,7,Delivered,2025-01-01,SKU116,135,2025-01-08
SHP006956,Chennai,Rotterdam,Air,17,In Transit,2025-10-04,SKU112,105,2025-10-21
SHP006957,Noida,Dubai,Air,16,Delivered,2025-07-30,SKU126,183,2025-08-15
SHP006958,Zhengzhou,Sao Paulo,Sea,16,Delivered,2025-01-17,SKU125,173,2025-02-02
SHP006959,Zhengzhou,Chicago,Sea,8,Delivered,2025-01-25,SKU106,124,2025-02-02
SHP006960,Noida,Rotterdam,Road,23,In Transit,2025-09-20,SKU108,196,2025-10-13
SHP006961,Zhengzhou,Chicago,Sea,20,Delayed,2025-03-05,SKU100,224,2025-03-25
SHP006962,Noida,Chicago,Road,17,Delayed,2025-11-28,SKU107,176,2025-12-15
SHP006963,Shenzhen,Chicago,Air,21,In Transit,2025-12-05,SKU129,198,2025-12-26
SHP006964,Shenzhen,Sydney,Road,21,Delivered,2025-12-31,SKU119,154,2026-01-21
SHP006965,Zhengzhou,Sydney,Air,25,In Transit,2025-12-08,SKU107,129,2026-01-02
SHP006966,Zhengzhou,Mumbai,Air,18,In Transit,2025-08-25,SKU105,119,2025-09-12
SHP006967,Chennai,Sao Paulo,Road,20,In Transit,2025-08-15,SKU115,163,2025-09-04
SHP006968,Ho Chi Minh City,Mumbai,Road,24,Delivered,2025-10-12,SKU112,140,2025-11-05
SHP006969,Zhengzhou,Rotterdam,Sea,9,Delivered,2025-06-25,SKU115,190,2025-07-04
SHP006970,Noida,Sao Paulo,Sea,17,Delivered,2025-07-31,SKU108,217,2025-08-17
SHP006971,Chennai,Johannesburg,Air,3,In Transit,2025-08-21,SKU116,179,2025-08-24
SHP006972,Zhengzhou,Rotterdam,Sea,9,Delivered,2025-10-18,SKU105,126,2025-10-27
SHP006973,Shenzhen,Johannesburg,Road,24,Delayed,2025-10-10,SKU106,137,2025-11-03
SHP006974,Noida,Dubai,Road,19,Delivered,2025-03-28,SKU110,213,2025-04-16
SHP006975,Chennai,Singapore,Sea,22,In Transit,2025-02-09,SKU125,97,2025-03-03
SHP006976,Ho Chi Minh City,Dubai,Road,9,Delivered,2025-05-16,SKU103,145,2025-05-25
SHP006977,Zhengzhou,Singapore,Air,18,In Transit,2025-10-20,SKU122,215,2025-11-07
SHP006978,Bangkok,Sao Paulo,Sea,13,In Transit,2025-07-15,SKU112,171,2025-07-28
SHP006979,Bangkok,Johannesburg,Sea,16,In Transit,2025-02-03,SKU129,106,2025-02-19
SHP006980,Shenzhen,Singapore,Sea,7,Delivered,2025-07-06,SKU106,203,2025-07-13
SHP006981,Zhengzhou,Sao Paulo,Sea,14,Delivered,2025-11-07,SKU106,102,2025-11-21
SHP006982,Shenzhen,Johannesburg,Sea,16,Delivered,2025-03-03,SKU109,145,2025-03-19
SHP006983,Noida,Mumbai,Sea,10,Delayed,2025-06-02,SKU103,156,2025-06-12
SHP006984,Bangkok,Sydney,Road,19,Delayed,2025-02-21,SKU102,162,2025-03-12
SHP006985,Noida,Mumbai,Road,23,In Transit,2025-12-16,SKU121,183,2026-01-08
SHP006986,Chennai,Singapore,Air,20,In Transit,2025-11-19,SKU105,141,2025-12-09
SHP006987,Noida,Johannesburg,Road,3,Delayed,2025-07-06,SKU106,178,2025-07-09
SHP006988,Noida,Sydney,Road,13,In Transit,2025-03-02,SKU127,157,2025-03-15
SHP006989,Noida,Sydney,Sea,14,Delivered,2025-10-12,SKU106,135,2025-10-26
SHP006990,Bangkok,Sao Paulo,Sea,18,Delayed,2025-04-22,SKU115,154,2025-05-10
SHP006991,Chennai,Sydney,Sea,5,Delayed,2025-06-02,SKU124,101,2025-06-07
SHP006992,Chennai,Sao Paulo,Road,3,In Transit,2025-05-07,SKU121,152,2025-05-10
SHP006993,Noida,Singapore,Road,17,In Transit,2025-04-05,SKU108,221,2025-04-22
SHP006994,Noida,Johannesburg,Sea,22,Delivered,2025-10-01,SKU109,178,2025-10-23
SHP006995,Chennai,Chicago,Road,20,Delivered,2025-08-25,SKU117,192,2025-09-14
SHP006996,Ho Chi Minh City,Singapore,Road,24,Delayed,2025-05-20,SKU113,132,2025-06-13
SHP006997,Chennai,Sao Paulo,Road,10,In Transit,2025-02-24,SKU121,226,2025-03-06
SHP006998,Shenzhen,Singapore,Sea,8,Delayed,2025-05-28,SKU100,211,2025-06-05
SHP006999,Noida,Sao Paulo,Air,25,In Transit,2025-02-10,SKU123,117,2025-03-07
SHP007000,Chennai,Dubai,Air,3,Delayed,2025-06-21,SKU112,166,2025-06-24
SHP007001,Chennai,Sao Paulo,Sea,19,Delivered,2025-04-19,SKU104,119,2025-05-08
SHP007002,Ho Chi Minh City,Sydney,Air,5,Delayed,2025-02-10,SKU124,217,2025-02-15
SHP007003,Zhengzhou,Chicago,Sea,15,Delayed,2025-06-05,SKU121,97,2025-06-20
SHP007004,Chennai,Dubai,Sea,16,Delivered,2025-12-20,SKU120,203,2026-01-05
SHP007005,Zhengzhou,Sydney,Air,21,Delayed,2025-02-22,SKU117,157,2025-03-15
SHP007006,Chennai,Rotterdam,Road,9,In Transit,2025-07-03,SKU116,168,2025-07-12
SHP007007,Chennai,Chicago,Air,22,Delivered,2025-07-17,SKU119,123,2025-08-08
SHP007008,Shenzhen,Mumbai,Air,6,Delivered,2025-05-24,SKU120,139,2025-05-30
SHP007009,Bangkok,Dubai,Road,11,Delayed,2025-09-09,SKU105,121,2025-09-20
SHP007010,Noida,Sao Paulo,Sea,13,Delivered,2025-05-27,SKU113,121,2025-06-09
SHP007011,Zhengzhou,Sydney,Air,11,Delayed,2025-03-14,SKU129,162,2025-03-25
SHP007012,Shenzhen,Dubai,Air,7,In Transit,2025-04-13,SKU108,191,2025-04-20
SHP007013,Bangkok,Mumbai,Air,17,In Transit,2025-03-23,SKU129,89,2025-04-09
SHP007014,Noida,Sao Paulo,Road,4,Delayed,2025-09-03,SKU124,219,2025-09-07
SHP007015,Chennai,Sao Paulo,Air,22,Delayed,2025-03-28,SKU110,208,2025-04-19
SHP007016,Noida,Rotterdam,Road,19,In Transit,2025-05-12,SKU123,112,2025-05-31
SHP007017,Ho Chi Minh City,Sao Paulo,Air,17,In Transit,2025-10-09,SKU124,185,2025-10-26
SHP007018,Noida,Singapore,Sea,5,Delivered,2025-10-24,SKU127,196,2025-10-29
SHP007019,Zhengzhou,Johannesburg,Road,19,Delivered,2025-07-02,SKU129,120,2025-07-21
SHP007020,Shenzhen,Sydney,Air,24,Delayed,2025-10-27,SKU124,100,2025-11-20
SHP007021,Ho Chi Minh City,Mumbai,Air,20,In Transit,2025-02-19,SKU112,132,2025-03-11
SHP007022,Ho Chi Minh City,Sydney,Sea,12,Delayed,2025-09-15,SKU115,194,2025-09-27
SHP007023,Bangkok,Mumbai,Air,22,Delayed,2025-08-20,SKU103,163,2025-09-11
SHP007024,Bangkok,Sao Paulo,Sea,25,In Transit,2025-08-15,SKU112,191,2025-09-09
SHP007025,Noida,Rotterdam,Sea,10,In Transit,2025-05-03,SKU122,123,2025-05-13
SHP007026,Bangkok,Chicago,Road,21,Delivered,2025-08-21,SKU121,176,2025-09-11
SHP007027,Noida,Rotterdam,Road,8,Delayed,2025-05-23,SKU101,104,2025-05-31
SHP007028,Ho Chi Minh City,Sao Paulo,Sea,10,In Transit,2025-11-07,SKU100,205,2025-11-17
SHP007029,Noida,Johannesburg,Sea,24,Delivered,2025-07-01,SKU125,106,2025-07-25
SHP007030,Zhengzhou,Rotterdam,Sea,20,Delayed,2025-07-08,SKU125,181,2025-07-28
SHP007031,Shenzhen,Sydney,Air,13,Delayed,2025-04-03,SKU110,147,2025-04-16
SHP007032,Ho Chi Minh City,Mumbai,Road,12,In Transit,2025-12-26,SKU119,159,2026-01-07
SHP007033,Chennai,Mumbai,Air,8,Delivered,2025-07-20,SKU127,180,2025-07-28
SHP007034,Zhengzhou,Singapore,Air,24,Delayed,2025-01-13,SKU122,148,2025-02-06
SHP007035,Noida,Dubai,Air,12,Delivered,2025-07-11,SKU128,142,2025-07-23
SHP007036,Bangkok,Mumbai,Air,14,Delivered,2025-08-09,SKU120,113,2025-08-23
SHP007037,Zhengzhou,Sydney,Sea,17,Delayed,2025-02-16,SKU111,217,2025-03-05
SHP007038,Noida,Johannesburg,Sea,22,Delivered,2025-07-26,SKU129,103,2025-08-17
SHP007039,Bangkok,Rotterdam,Sea,14,Delayed,2025-02-11,SKU112,179,2025-02-25
SHP007040,Bangkok,Sydney,Air,12,Delivered,2025-01-21,SKU110,97,2025-02-02
SHP007041,Bangkok,Dubai,Air,6,In Transit,2025-02-11,SKU111,148,2025-02-17
SHP007042,Noida,Rotterdam,Air,24,In Transit,2025-08-19,SKU103,189,2025-09-12
SHP007043,Shenzhen,Mumbai,Sea,13,Delivered,2025-10-13,SKU114,133,2025-10-26
SHP007044,Zhengzhou,Rotterdam,Sea,4,In Transit,2025-06-09,SKU122,96,2025-06-13
SHP007045,Chennai,Mumbai,Sea,22,Delivered,2025-12-03,SKU117,173,2025-12-25
SHP007046,Bangkok,Chicago,Air,16,Delayed,2025-04-23,SKU107,120,2025-05-09
SHP007047,Zhengzhou,Rotterdam,Road,15,Delayed,2025-10-11,SKU128,222,2025-10-26
SHP007048,Chennai,Sao Paulo,Air,20,In Transit,2025-11-18,SKU102,179,2025-12-08
SHP007049,Noida,Johannesburg,Air,7,In Transit,2025-01-22,SKU118,187,2025-01-29
SHP007050,Ho Chi Minh City,Singapore,Sea,13,Delayed,2025-09-27,SKU111,210,2025-10-10
SHP007051,Ho Chi Minh City,Rotterdam,Air,6,In Transit,2025-05-14,SKU113,116,2025-05-20
SHP007052,Noida,Johannesburg,Air,21,Delayed,2025-03-21,SKU106,142,2025-04-11
SHP007053,Shenzhen,Rotterdam,Sea,19,Delayed,2025-04-29,SKU128,204,2025-05-18
SHP007054,Ho Chi Minh City,Dubai,Air,23,Delivered,2025-08-22,SKU126,214,2025-09-14
SHP007055,Shenzhen,Sao Paulo,Air,25,Delayed,2025-01-29,SKU107,215,2025-02-23
SHP007056,Ho Chi Minh City,Chicago,Road,25,In Transit,2025-05-08,SKU113,165,2025-06-02
SHP007057,Noida,Johannesburg,Sea,17,Delivered,2025-05-10,SKU108,196,2025-05-27
SHP007058,Ho Chi Minh City,Mumbai,Road,21,In Transit,2025-04-14,SKU100,124,2025-05-05
SHP007059,Zhengzhou,Mumbai,Sea,3,Delivered,2025-02-22,SKU100,179,2025-02-25
SHP007060,Chennai,Sydney,Road,6,Delayed,2025-10-02,SKU113,124,2025-10-08
SHP007061,Noida,Dubai,Road,15,Delayed,2025-10-19,SKU122,156,2025-11-03
SHP007062,Shenzhen,Sydney,Sea,9,Delayed,2025-01-30,SKU121,151,2025-02-08
SHP007063,Zhengzhou,Chicago,Sea,18,Delayed,2025-10-14,SKU116,117,2025-11-01
SHP007064,Shenzhen,Rotterdam,Air,24,Delayed,2025-12-26,SKU122,201,2026-01-19
SHP007065,Shenzhen,Rotterdam,Sea,4,Delivered,2025-10-15,SKU106,197,2025-10-19
SHP007066,Ho Chi Minh City,Mumbai,Sea,24,In Transit,2025-09-11,SKU106,141,2025-10-05
SHP007067,Chennai,Sydney,Road,18,In Transit,2025-07-30,SKU123,119,2025-08-17
SHP007068,Chennai,Dubai,Road,21,Delivered,2025-04-28,SKU124,187,2025-05-19
SHP007069,Bangkok,Sydney,Air,5,Delivered,2025-04-15,SKU105,121,2025-04-20
SHP007070,Noida,Dubai,Sea,12,Delivered,2025-10-03,SKU129,147,2025-10-15
SHP007071,Chennai,Dubai,Sea,24,In Transit,2025-07-10,SKU115,130,2025-08-03
SHP007072,Shenzhen,Mumbai,Air,17,Delivered,2025-05-18,SKU114,210,2025-06-04
SHP007073,Noida,Dubai,Road,15,Delivered,2025-11-19,SKU118,155,2025-12-04
SHP007074,Noida,Sao Paulo,Air,10,Delayed,2025-02-24,SKU125,154,2025-03-06
SHP007075,Bangkok,Sydney,Road,18,Delivered,2025-07-11,SKU114,126,2025-07-29
SHP007076,Zhengzhou,Singapore,Air,17,Delayed,2025-01-08,SKU106,107,2025-01-25
SHP007077,Ho Chi Minh City,Sydney,Sea,25,Delivered,2025-04-05,SKU113,223,2025-04-30
SHP007078,Shenzhen,Chicago,Sea,18,Delayed,2025-02-20,SKU110,202,2025-03-10
SHP007079,Zhengzhou,Rotterdam,Sea,10,Delivered,2025-03-13,SKU116,167,2025-03-23
SHP007080,Chennai,Sydney,Sea,4,In Transit,2025-02-11,SKU127,142,2025-02-15
SHP007081,Noida,Rotterdam,Air,6,In Transit,2025-03-07,SKU100,238,2025-03-13
SHP007082,Bangkok,Dubai,Road,23,In Transit,2025-01-17,SKU107,149,2025-02-09
SHP007083,Noida,Mumbai,Sea,4,Delayed,2025-08-15,SKU101,190,2025-08-19
SHP007084,Zhengzhou,Dubai,Air,9,Delivered,2025-04-08,SKU113,133,2025-04-17
SHP007085,Shenzhen,Singapore,Air,8,In Transit,2025-10-19,SKU123,110,2025-10-27
SHP007086,Bangkok,Johannesburg,Air,9,Delayed,2025-04-30,SKU108,101,2025-05-09
SHP007087,Shenzhen,Mumbai,Sea,17,In Transit,2025-08-22,SKU118,204,2025-09-08
SHP007088,Ho Chi Minh City,Chicago,Road,14,Delayed,2025-12-03,SKU112,201,2025-12-17
SHP007089,Noida,Rotterdam,Air,25,Delivered,2025-01-26,SKU118,142,2025-02-20
SHP007090,Noida,Johannesburg,Road,4,Delivered,2025-09-10,SKU112,204,2025-09-14
SHP007091,Noida,Mumbai,Sea,20,In Transit,2025-07-16,SKU126,135,2025-08-05
SHP007092,Chennai,Dubai,Sea,3,In Transit,2025-02-11,SKU108,186,2025-02-14
SHP007093,Ho Chi Minh City,Singapore,Sea,15,Delayed,2025-08-05,SKU125,169,2025-08-20
SHP007094,Bangkok,Johannesburg,Road,24,Delivered,2025-05-09,SKU119,142,2025-06-02
SHP007095,Chennai,Chicago,Sea,11,Delayed,2025-11-11,SKU112,183,2025-11-22
SHP007096,Noida,Sydney,Air,18,In Transit,2025-05-10,SKU109,101,2025-05-28
SHP007097,Noida,Singapore,Air,15,In Transit,2025-08-31,SKU113,170,2025-09-15
SHP007098,Chennai,Rotterdam,Air,3,Delivered,2025-10-03,SKU127,144,2025-10-06
SHP007099,Chennai,Dubai,Sea,10,Delayed,2025-11-25,SKU127,184,2025-12-05
SHP007100,Noida,Singapore,Sea,22,Delivered,2025-11-08,SKU115,198,2025-11-30
SHP007101,Shenzhen,Mumbai,Sea,23,In Transit,2025-02-24,SKU113,178,2025-03-19
SHP007102,Zhengzhou,Johannesburg,Air,7,Delivered,2025-03-28,SKU117,131,2025-04-04
SHP007103,Shenzhen,Sao Paulo,Road,21,Delayed,2025-10-19,SKU123,102,2025-11-09
SHP007104,Noida,Johannesburg,Road,11,In Transit,2025-07-31,SKU108,148,2025-08-11
SHP007105,Bangkok,Singapore,Air,23,In Transit,2025-05-10,SKU129,139,2025-06-02
SHP007106,Bangkok,Sao Paulo,Sea,15,Delayed,2025-03-01,SKU118,157,2025-03-16
SHP007107,Ho Chi Minh City,Rotterdam,Road,3,Delayed,2025-03-02,SKU115,120,2025-03-05
SHP007108,Ho Chi Minh City,Sydney,Air,2,Delivered,2025-09-25,SKU120,139,2025-09-27
SHP007109,Noida,Sydney,Air,20,Delayed,2025-07-09,SKU127,221,2025-07-29
SHP007110,Bangkok,Mumbai,Sea,22,In Transit,2025-02-17,SKU102,134,2025-03-11
SHP007111,Noida,Chicago,Road,23,Delivered,2025-10-17,SKU114,152,2025-11-09
SHP007112,Ho Chi Minh City,Dubai,Air,19,Delivered,2025-08-29,SKU113,130,2025-09-17
SHP007113,Zhengzhou,Dubai,Sea,2,Delayed,2025-11-26,SKU116,129,2025-11-28
SHP007114,Ho Chi Minh City,Mumbai,Sea,19,Delivered,2025-01-13,SKU112,107,2025-02-01
SHP007115,Zhengzhou,Mumbai,Road,22,Delayed,2025-04-11,SKU128,180,2025-05-03
SHP007116,Shenzhen,Dubai,Road,21,In Transit,2025-08-28,SKU107,125,2025-09-18
SHP007117,Noida,Singapore,Sea,8,In Transit,2025-08-14,SKU112,151,2025-08-22
SHP007118,Noida,Rotterdam,Road,17,Delivered,2025-09-03,SKU125,229,2025-09-20
SHP007119,Zhengzhou,Sao Paulo,Air,5,In Transit,2025-10-08,SKU116,169,2025-10-13
SHP007120,Ho Chi Minh City,Johannesburg,Road,17,Delayed,2025-05-27,SKU113,166,2025-06-13
SHP007121,Bangkok,Mumbai,Air,7,In Transit,2025-01-29,SKU102,187,2025-02-05
SHP007122,Ho Chi Minh City,Dubai,Sea,23,In Transit,2025-08-28,SKU112,215,2025-09-20
SHP007123,Noida,Sydney,Air,8,In Transit,2025-02-25,SKU109,142,2025-03-05
SHP007124,Bangkok,Rotterdam,Air,22,Delivered,2025-04-07,SKU128,115,2025-04-29
SHP007125,Ho Chi Minh City,Dubai,Road,7,Delivered,2025-03-30,SKU115,198,2025-04-06
SHP007126,Ho Chi Minh City,Mumbai,Air,24,In Transit,2025-04-05,SKU107,122,2025-04-29
SHP007127,Noida,Sao Paulo,Sea,10,Delivered,2025-02-24,SKU124,204,2025-03-06
SHP007128,Zhengzhou,Sydney,Air,15,In Transit,2025-10-16,SKU125,120,2025-10-31
SHP007129,Chennai,Singapore,Air,18,Delivered,2025-01-17,SKU121,207,2025-02-04
SHP007130,Shenzhen,Sao Paulo,Sea,12,In Transit,2025-11-08,SKU122,213,2025-11-20
SHP007131,Noida,Singapore,Air,6,Delivered,2025-10-03,SKU103,218,2025-10-09
SHP007132,Bangkok,Rotterdam,Sea,14,Delivered,2025-01-10,SKU108,158,2025-01-24
SHP007133,Chennai,Sao Paulo,Air,15,Delivered,2025-10-10,SKU126,185,2025-10-25
SHP007134,Zhengzhou,Johannesburg,Sea,20,Delivered,2025-08-25,SKU109,170,2025-09-14
SHP007135,Noida,Mumbai,Sea,5,Delivered,2025-11-02,SKU106,212,2025-11-07
SHP007136,Bangkok,Mumbai,Air,20,Delivered,2025-08-30,SKU102,96,2025-09-19
SHP007137,Zhengzhou,Dubai,Air,9,Delivered,2025-07-15,SKU113,209,2025-07-24
SHP007138,Shenzhen,Singapore,Road,6,Delivered,2025-02-05,SKU125,218,2025-02-11
SHP007139,Noida,Mumbai,Road,5,Delivered,2025-12-06,SKU128,106,2025-12-11
SHP007140,Noida,Johannesburg,Sea,21,Delivered,2025-06-02,SKU125,133,2025-06-23
SHP007141,Bangkok,Dubai,Road,9,Delayed,2025-11-10,SKU118,104,2025-11-19
SHP007142,Shenzhen,Rotterdam,Road,5,In Transit,2025-03-30,SKU126,197,2025-04-04
SHP007143,Chennai,Dubai,Sea,5,In Transit,2025-09-15,SKU102,120,2025-09-20
SHP007144,Ho Chi Minh City,Johannesburg,Sea,6,Delayed,2025-11-11,SKU126,180,2025-11-17
SHP007145,Chennai,Rotterdam,Road,24,Delayed,2025-03-04,SKU126,135,2025-03-28
SHP007146,Noida,Mumbai,Road,19,In Transit,2025-02-22,SKU112,208,2025-03-13
SHP007147,Shenzhen,Singapore,Road,24,Delivered,2025-07-31,SKU123,231,2025-08-24
SHP007148,Ho Chi Minh City,Sydney,Road,12,Delivered,2025-10-20,SKU109,215,2025-11-01
SHP007149,Noida,Singapore,Air,4,Delivered,2025-04-21,SKU119,174,2025-04-25
SHP007150,Bangkok,Rotterdam,Sea,25,Delayed,2025-08-20,SKU118,169,2025-09-14
SHP007151,Zhengzhou,Dubai,Sea,11,Delivered,2025-04-07,SKU113,112,2025-04-18
SHP007152,Bangkok,Johannesburg,Sea,13,Delayed,2025-10-04,SKU119,163,2025-10-17
SHP007153,Zhengzhou,Sydney,Air,2,Delivered,2025-04-06,SKU107,219,2025-04-08
SHP007154,Zhengzhou,Sydney,Air,21,Delayed,2025-09-18,SKU111,176,2025-10-09
SHP007155,Bangkok,Sydney,Sea,25,In Transit,2025-10-11,SKU107,214,2025-11-05
SHP007156,Bangkok,Sydney,Road,16,Delivered,2025-07-22,SKU100,165,2025-08-07
SHP007157,Shenzhen,Johannesburg,Road,18,Delayed,2025-11-14,SKU111,219,2025-12-02
SHP007158,Bangkok,Mumbai,Air,8,In Transit,2025-09-04,SKU128,220,2025-09-12
SHP007159,Ho Chi Minh City,Sao Paulo,Road,7,Delivered,2025-01-25,SKU104,185,2025-02-01
SHP007160,Chennai,Dubai,Air,23,In Transit,2025-03-03,SKU109,142,2025-03-26
SHP007161,Chennai,Mumbai,Road,17,Delayed,2025-04-10,SKU105,119,2025-04-27
SHP007162,Zhengzhou,Mumbai,Air,23,Delivered,2025-05-01,SKU117,213,2025-05-24
SHP007163,Noida,Dubai,Air,12,In Transit,2025-07-23,SKU128,166,2025-08-04
SHP007164,Noida,Dubai,Air,3,Delivered,2025-04-22,SKU106,115,2025-04-25
SHP007165,Chennai,Sydney,Road,15,Delayed,2025-01-19,SKU107,137,2025-02-03
SHP007166,Ho Chi Minh City,Mumbai,Road,23,Delayed,2025-09-29,SKU102,193,2025-10-22
SHP007167,Chennai,Rotterdam,Road,16,Delayed,2025-01-17,SKU112,114,2025-02-02
SHP007168,Shenzhen,Sydney,Air,10,Delivered,2025-12-31,SKU129,93,2026-01-10
SHP007169,Bangkok,Sao Paulo,Road,15,Delivered,2025-10-17,SKU107,105,2025-11-01
SHP007170,Bangkok,Rotterdam,Road,25,Delivered,2025-09-21,SKU120,98,2025-10-16
SHP007171,Shenzhen,Rotterdam,Road,25,In Transit,2025-09-02,SKU111,146,2025-09-27
SHP007172,Ho Chi Minh City,Johannesburg,Air,6,In Transit,2025-06-15,SKU100,220,2025-06-21
SHP007173,Zhengzhou,Mumbai,Sea,8,Delivered,2025-09-30,SKU117,112,2025-10-08
SHP007174,Noida,Sao Paulo,Road,2,In Transit,2025-11-21,SKU101,137,2025-11-23
SHP007175,Noida,Mumbai,Air,14,In Transit,2025-09-15,SKU116,180,2025-09-29
SHP007176,Bangkok,Mumbai,Sea,3,Delayed,2025-08-02,SKU120,92,2025-08-05
SHP007177,Zhengzhou,Singapore,Road,6,In Transit,2025-11-28,SKU119,220,2025-12-04
SHP007178,Zhengzhou,Mumbai,Sea,12,Delivered,2025-02-21,SKU110,172,2025-03-05
SHP007179,Ho Chi Minh City,Dubai,Road,5,Delayed,2025-09-07,SKU112,203,2025-09-12
SHP007180,Chennai,Rotterdam,Road,6,Delivered,2025-11-21,SKU107,162,2025-11-27
SHP007181,Chennai,Singapore,Road,3,In Transit,2025-09-03,SKU109,221,2025-09-06
SHP007182,Shenzhen,Singapore,Air,25,Delivered,2025-03-28,SKU119,111,2025-04-22
SHP007183,Chennai,Johannesburg,Air,24,Delivered,2025-09-08,SKU104,112,2025-10-02
SHP007184,Bangkok,Johannesburg,Air,4,Delayed,2025-07-19,SKU118,119,2025-07-23
SHP007185,Shenzhen,Rotterdam,Sea,22,Delivered,2025-08-28,SKU104,104,2025-09-19
SHP007186,Bangkok,Chicago,Road,23,Delayed,2025-03-20,SKU109,173,2025-04-12
SHP007187,Ho Chi Minh City,Sao Paulo,Road,20,Delayed,2025-03-28,SKU105,109,2025-04-17
SHP007188,Bangkok,Sao Paulo,Air,9,Delayed,2025-12-09,SKU107,183,2025-12-18
SHP007189,Ho Chi Minh City,Mumbai,Road,6,Delivered,2025-05-22,SKU100,140,2025-05-28
SHP007190,Shenzhen,Sydney,Air,11,Delivered,2025-11-16,SKU129,119,2025-11-27
SHP007191,Chennai,Sydney,Road,9,Delivered,2025-03-22,SKU109,196,2025-03-31
SHP007192,Noida,Rotterdam,Sea,9,In Transit,2025-01-16,SKU104,142,2025-01-25
SHP007193,Shenzhen,Chicago,Air,13,In Transit,2025-07-07,SKU121,156,2025-07-20
SHP007194,Zhengzhou,Johannesburg,Air,10,Delayed,2025-11-14,SKU109,175,2025-11-24
SHP007195,Bangkok,Dubai,Road,20,Delivered,2025-12-10,SKU118,101,2025-12-30
SHP007196,Zhengzhou,Rotterdam,Sea,25,In Transit,2025-06-12,SKU118,183,2025-07-07
SHP007197,Ho Chi Minh City,Chicago,Sea,2,Delayed,2025-05-14,SKU115,238,2025-05-16
SHP007198,Noida,Johannesburg,Sea,10,Delivered,2025-12-16,SKU106,121,2025-12-26
SHP007199,Noida,Singapore,Road,10,Delayed,2025-06-15,SKU126,104,2025-06-25
SHP007200,Ho Chi Minh City,Sydney,Air,23,Delivered,2025-10-06,SKU120,148,2025-10-29
SHP007201,Chennai,Dubai,Air,24,Delivered,2025-02-08,SKU117,167,2025-03-04
SHP007202,Chennai,Mumbai,Road,16,Delivered,2025-02-05,SKU113,110,2025-02-21
SHP007203,Noida,Rotterdam,Road,6,Delivered,2025-10-28,SKU100,125,2025-11-03
SHP007204,Chennai,Chicago,Sea,8,Delayed,2025-07-16,SKU110,208,2025-07-24
SHP007205,Noida,Mumbai,Road,4,Delivered,2025-10-07,SKU124,199,2025-10-11
SHP007206,Chennai,Sao Paulo,Sea,16,In Transit,2025-06-07,SKU122,162,2025-06-23
SHP007207,Zhengzhou,Johannesburg,Air,19,Delivered,2025-07-09,SKU103,100,2025-07-28
SHP007208,Shenzhen,Sao Paulo,Sea,9,In Transit,2025-02-26,SKU122,203,2025-03-07
SHP007209,Ho Chi Minh City,Mumbai,Air,6,In Transit,2025-05-06,SKU102,115,2025-05-12
SHP007210,Zhengzhou,Sao Paulo,Sea,24,Delivered,2025-10-04,SKU107,226,2025-10-28
SHP007211,Zhengzhou,Johannesburg,Sea,3,Delayed,2025-03-26,SKU101,184,2025-03-29
SHP007212,Shenzhen,Sao Paulo,Road,22,Delayed,2025-04-23,SKU101,199,2025-05-15
SHP007213,Ho Chi Minh City,Johannesburg,Sea,22,Delayed,2025-11-12,SKU113,155,2025-12-04
SHP007214,Shenzhen,Mumbai,Road,19,In Transit,2025-08-11,SKU122,174,2025-08-30
SHP007215,Chennai,Johannesburg,Air,22,In Transit,2025-07-23,SKU127,133,2025-08-14
SHP007216,Shenzhen,Sao Paulo,Road,8,Delayed,2025-03-11,SKU123,224,2025-03-19
SHP007217,Shenzhen,Johannesburg,Sea,25,Delivered,2025-08-15,SKU120,161,2025-09-09
SHP007218,Zhengzhou,Sao Paulo,Road,9,Delivered,2025-07-13,SKU102,108,2025-07-22
SHP007219,Bangkok,Rotterdam,Air,9,In Transit,2025-06-22,SKU126,224,2025-07-01
SHP007220,Bangkok,Mumbai,Air,7,In Transit,2025-03-10,SKU128,205,2025-03-17
SHP007221,Bangkok,Chicago,Sea,8,Delivered,2025-03-28,SKU102,123,2025-04-05
SHP007222,Bangkok,Mumbai,Sea,17,Delayed,2025-04-11,SKU104,105,2025-04-28
SHP007223,Ho Chi Minh City,Dubai,Road,12,Delayed,2025-05-21,SKU122,192,2025-06-02
SHP007224,Chennai,Chicago,Road,22,In Transit,2025-07-15,SKU123,186,2025-08-06
SHP007225,Zhengzhou,Sydney,Road,10,Delivered,2025-06-30,SKU106,103,2025-07-10
SHP007226,Ho Chi Minh City,Singapore,Sea,6,Delivered,2025-12-22,SKU129,239,2025-12-28
SHP007227,Shenzhen,Johannesburg,Sea,2,Delayed,2025-09-13,SKU108,215,2025-09-15
SHP007228,Shenzhen,Dubai,Road,22,Delivered,2025-06-29,SKU114,147,2025-07-21
SHP007229,Bangkok,Singapore,Road,11,Delayed,2025-01-08,SKU128,118,2025-01-19
SHP007230,Bangkok,Chicago,Road,22,Delayed,2025-11-29,SKU121,121,2025-12-21
SHP007231,Zhengzhou,Singapore,Sea,4,In Transit,2025-01-21,SKU100,104,2025-01-25
SHP007232,Chennai,Johannesburg,Road,12,Delivered,2025-08-04,SKU110,125,2025-08-16
SHP007233,Chennai,Chicago,Sea,9,Delivered,2025-10-12,SKU122,177,2025-10-21
SHP007234,Zhengzhou,Chicago,Sea,12,Delivered,2025-07-22,SKU107,182,2025-08-03
SHP007235,Zhengzhou,Johannesburg,Air,8,Delivered,2025-07-21,SKU119,172,2025-07-29
SHP007236,Ho Chi Minh City,Johannesburg,Air,7,In Transit,2025-04-13,SKU119,148,2025-04-20
SHP007237,Bangkok,Sydney,Air,12,Delivered,2025-07-19,SKU126,115,2025-07-31
SHP007238,Bangkok,Dubai,Road,6,Delayed,2025-03-28,SKU105,164,2025-04-03
SHP007239,Shenzhen,Dubai,Air,8,Delayed,2025-07-03,SKU103,132,2025-07-11
SHP007240,Zhengzhou,Rotterdam,Air,5,Delayed,2025-05-31,SKU101,165,2025-06-05
SHP007241,Shenzhen,Dubai,Sea,2,Delayed,2025-07-10,SKU113,232,2025-07-12
SHP007242,Zhengzhou,Singapore,Sea,10,Delayed,2025-06-08,SKU113,143,2025-06-18
SHP007243,Noida,Johannesburg,Sea,23,Delivered,2025-06-07,SKU115,193,2025-06-30
SHP007244,Zhengzhou,Rotterdam,Air,7,Delayed,2025-11-06,SKU127,193,2025-11-13
SHP007245,Noida,Singapore,Road,4,Delayed,2025-09-06,SKU116,112,2025-09-10
SHP007246,Zhengzhou,Dubai,Air,18,Delivered,2025-01-26,SKU123,164,2025-02-13
SHP007247,Bangkok,Sydney,Sea,3,Delivered,2025-02-12,SKU117,134,2025-02-15
SHP007248,Ho Chi Minh City,Sydney,Road,7,In Transit,2025-08-14,SKU107,155,2025-08-21
SHP007249,Noida,Johannesburg,Road,11,Delayed,2025-06-30,SKU120,106,2025-07-11
SHP007250,Noida,Dubai,Sea,12,In Transit,2025-07-10,SKU113,182,2025-07-22
SHP007251,Noida,Chicago,Sea,11,Delivered,2025-05-19,SKU103,150,2025-05-30
SHP007252,Shenzhen,Chicago,Air,5,In Transit,2025-08-20,SKU107,142,2025-08-25
SHP007253,Noida,Dubai,Road,8,Delayed,2025-03-19,SKU103,221,2025-03-27
SHP007254,Noida,Rotterdam,Air,16,In Transit,2025-12-02,SKU122,194,2025-12-18
SHP007255,Shenzhen,Mumbai,Road,13,Delayed,2025-10-03,SKU110,162,2025-10-16
SHP007256,Noida,Sao Paulo,Road,15,Delivered,2025-02-19,SKU107,232,2025-03-06
SHP007257,Noida,Mumbai,Sea,23,In Transit,2025-03-26,SKU100,182,2025-04-18
SHP007258,Shenzhen,Chicago,Sea,7,Delayed,2025-08-21,SKU104,133,2025-08-28
SHP007259,Shenzhen,Sao Paulo,Road,7,Delivered,2025-02-23,SKU106,192,2025-03-02
SHP007260,Shenzhen,Rotterdam,Sea,4,In Transit,2025-09-14,SKU102,228,2025-09-18
SHP007261,Ho Chi Minh City,Chicago,Air,3,Delivered,2025-03-04,SKU121,219,2025-03-07
SHP007262,Bangkok,Rotterdam,Air,10,Delayed,2025-04-19,SKU120,128,2025-04-29
SHP007263,Shenzhen,Rotterdam,Road,12,In Transit,2025-03-31,SKU127,98,2025-04-12
SHP007264,Shenzhen,Rotterdam,Road,18,Delayed,2025-08-14,SKU115,208,2025-09-01
SHP007265,Noida,Chicago,Road,10,Delayed,2025-07-02,SKU129,137,2025-07-12
SHP007266,Ho Chi Minh City,Dubai,Sea,21,Delivered,2025-10-21,SKU117,144,2025-11-11
SHP007267,Shenzhen,Mumbai,Sea,4,Delayed,2025-09-04,SKU111,106,2025-09-08
SHP007268,Noida,Johannesburg,Air,23,In Transit,2025-07-02,SKU129,169,2025-07-25
SHP007269,Zhengzhou,Sydney,Sea,11,Delivered,2025-11-05,SKU108,99,2025-11-16
SHP007270,Zhengzhou,Rotterdam,Road,12,Delayed,2025-03-07,SKU127,155,2025-03-19
SHP007271,Ho Chi Minh City,Rotterdam,Road,14,Delivered,2025-11-02,SKU106,105,2025-11-16
SHP007272,Chennai,Dubai,Sea,19,In Transit,2025-07-15,SKU104,103,2025-08-03
SHP007273,Zhengzhou,Sao Paulo,Air,4,In Transit,2025-09-20,SKU109,107,2025-09-24
SHP007274,Ho Chi Minh City,Singapore,Air,5,Delayed,2025-09-11,SKU125,217,2025-09-16
SHP007275,Chennai,Singapore,Road,9,Delivered,2025-11-03,SKU104,208,2025-11-12
SHP007276,Ho Chi Minh City,Sydney,Sea,13,In Transit,2025-06-29,SKU112,162,2025-07-12
SHP007277,Bangkok,Sydney,Air,14,Delayed,2025-06-01,SKU120,202,2025-06-15
SHP007278,Ho Chi Minh City,Dubai,Air,12,In Transit,2025-02-09,SKU128,161,2025-02-21
SHP007279,Shenzhen,Sydney,Sea,12,Delayed,2025-05-31,SKU115,140,2025-06-12
SHP007280,Zhengzhou,Rotterdam,Air,9,Delayed,2025-06-16,SKU102,212,2025-06-25
SHP007281,Shenzhen,Sydney,Air,5,Delivered,2025-04-23,SKU118,128,2025-04-28
SHP007282,Noida,Chicago,Sea,21,In Transit,2025-01-04,SKU111,114,2025-01-25
SHP007283,Chennai,Sao Paulo,Air,6,Delayed,2025-06-01,SKU110,149,2025-06-07
SHP007284,Ho Chi Minh City,Sao Paulo,Road,25,Delayed,2025-09-21,SKU121,184,2025-10-16
SHP007285,Bangkok,Dubai,Road,24,Delivered,2025-01-17,SKU112,181,2025-02-10
SHP007286,Ho Chi Minh City,Sydney,Air,11,Delayed,2025-07-08,SKU119,104,2025-07-19
SHP007287,Bangkok,Sydney,Road,8,In Transit,2025-05-13,SKU100,215,2025-05-21
SHP007288,Zhengzhou,Chicago,Road,6,In Transit,2025-10-15,SKU129,194,2025-10-21
SHP007289,Ho Chi Minh City,Chicago,Road,17,Delivered,2025-01-08,SKU121,226,2025-01-25
SHP007290,Zhengzhou,Johannesburg,Sea,2,In Transit,2025-06-03,SKU125,254,2025-06-05
SHP007291,Chennai,Johannesburg,Road,7,Delayed,2025-01-14,SKU124,180,2025-01-21
SHP007292,Bangkok,Singapore,Road,18,In Transit,2025-05-28,SKU117,120,2025-06-15
SHP007293,Shenzhen,Singapore,Road,5,Delivered,2025-09-26,SKU127,190,2025-10-01
SHP007294,Chennai,Sao Paulo,Air,23,Delayed,2025-11-21,SKU107,130,2025-12-14
SHP007295,Noida,Chicago,Road,17,In Transit,2025-11-13,SKU100,105,2025-11-30
SHP007296,Bangkok,Rotterdam,Road,2,Delivered,2025-10-04,SKU107,149,2025-10-06
SHP007297,Shenzhen,Singapore,Road,4,In Transit,2025-06-06,SKU105,106,2025-06-10
SHP007298,Ho Chi Minh City,Singapore,Road,8,In Transit,2025-04-14,SKU113,142,2025-04-22
SHP007299,Noida,Sao Paulo,Road,12,Delivered,2025-04-21,SKU122,97,2025-05-03
SHP007300,Zhengzhou,Sydney,Road,19,Delivered,2025-12-09,SKU113,142,2025-12-28
SHP007301,Chennai,Chicago,Sea,21,Delivered,2025-05-26,SKU102,175,2025-06-16
SHP007302,Noida,Sydney,Sea,15,In Transit,2025-11-30,SKU124,151,2025-12-15
SHP007303,Ho Chi Minh City,Chicago,Road,20,In Transit,2025-08-13,SKU114,140,2025-09-02
SHP007304,Ho Chi Minh City,Sydney,Road,24,In Transit,2025-02-03,SKU125,118,2025-02-27
SHP007305,Bangkok,Johannesburg,Road,3,Delayed,2025-08-20,SKU113,155,2025-08-23
SHP007306,Bangkok,Dubai,Air,21,Delivered,2025-11-10,SKU128,106,2025-12-01
SHP007307,Ho Chi Minh City,Sao Paulo,Sea,11,Delayed,2025-08-24,SKU120,134,2025-09-04
SHP007308,Zhengzhou,Sao Paulo,Sea,4,In Transit,2025-07-25,SKU119,206,2025-07-29
SHP007309,Bangkok,Sao Paulo,Sea,22,Delayed,2025-08-16,SKU111,94,2025-09-07
SHP007310,Ho Chi Minh City,Mumbai,Road,10,In Transit,2025-08-16,SKU126,211,2025-08-26
SHP007311,Zhengzhou,Sao Paulo,Road,17,Delivered,2025-06-02,SKU119,171,2025-06-19
SHP007312,Shenzhen,Johannesburg,Sea,2,Delivered,2025-12-13,SKU108,171,2025-12-15
SHP007313,Chennai,Johannesburg,Air,4,In Transit,2025-02-26,SKU104,200,2025-03-02
SHP007314,Shenzhen,Rotterdam,Air,10,In Transit,2025-12-17,SKU129,128,2025-12-27
SHP007315,Ho Chi Minh City,Sao Paulo,Sea,12,In Transit,2025-07-07,SKU126,210,2025-07-19
SHP007316,Bangkok,Dubai,Air,8,In Transit,2025-05-19,SKU125,174,2025-05-27
SHP007317,Bangkok,Johannesburg,Air,20,Delayed,2025-07-30,SKU105,180,2025-08-19
SHP007318,Zhengzhou,Johannesburg,Sea,21,Delayed,2025-07-03,SKU105,153,2025-07-24
SHP007319,Chennai,Johannesburg,Road,10,Delivered,2025-07-30,SKU126,161,2025-08-09
SHP007320,Noida,Rotterdam,Air,5,Delayed,2025-12-05,SKU103,137,2025-12-10
SHP007321,Chennai,Dubai,Air,21,In Transit,2025-09-25,SKU119,187,2025-10-16
SHP007322,Zhengzhou,Chicago,Sea,19,Delayed,2025-06-08,SKU105,123,2025-06-27
SHP007323,Chennai,Chicago,Sea,3,In Transit,2025-07-29,SKU107,162,2025-08-01
SHP007324,Shenzhen,Sydney,Road,10,In Transit,2025-10-26,SKU110,114,2025-11-05
SHP007325,Chennai,Sydney,Road,5,In Transit,2025-01-17,SKU117,192,2025-01-22
SHP007326,Bangkok,Singapore,Road,4,Delayed,2025-01-28,SKU120,134,2025-02-01
SHP007327,Chennai,Sydney,Air,20,In Transit,2025-10-13,SKU116,166,2025-11-02
SHP007328,Zhengzhou,Dubai,Air,20,Delivered,2025-07-13,SKU113,202,2025-08-02
SHP007329,Shenzhen,Chicago,Air,3,In Transit,2025-06-08,SKU100,201,2025-06-11
SHP007330,Shenzhen,Singapore,Sea,17,Delayed,2025-11-26,SKU104,119,2025-12-13
SHP007331,Ho Chi Minh City,Sao Paulo,Road,24,Delivered,2025-11-09,SKU129,231,2025-12-03
SHP007332,Zhengzhou,Singapore,Sea,22,Delayed,2025-01-02,SKU127,249,2025-01-24
SHP007333,Chennai,Dubai,Air,9,In Transit,2025-12-10,SKU120,195,2025-12-19
SHP007334,Noida,Singapore,Road,23,Delayed,2025-09-08,SKU104,125,2025-10-01
SHP007335,Noida,Singapore,Sea,6,Delayed,2025-05-13,SKU124,179,2025-05-19
SHP007336,Chennai,Sydney,Road,4,Delayed,2025-07-22,SKU107,208,2025-07-26
SHP007337,Ho Chi Minh City,Mumbai,Sea,11,Delayed,2025-01-22,SKU120,137,2025-02-02
SHP007338,Bangkok,Dubai,Sea,21,Delayed,2025-02-20,SKU129,136,2025-03-13
SHP007339,Chennai,Sao Paulo,Road,15,Delivered,2025-04-09,SKU126,153,2025-04-24
SHP007340,Ho Chi Minh City,Sao Paulo,Sea,23,Delayed,2025-12-09,SKU114,178,2026-01-01
SHP007341,Zhengzhou,Singapore,Sea,25,In Transit,2025-08-03,SKU100,128,2025-08-28
SHP007342,Chennai,Sao Paulo,Road,5,In Transit,2025-10-06,SKU109,131,2025-10-11
SHP007343,Noida,Singapore,Air,6,Delivered,2025-04-10,SKU127,238,2025-04-16
SHP007344,Ho Chi Minh City,Chicago,Road,3,Delayed,2025-02-09,SKU105,155,2025-02-12
SHP007345,Ho Chi Minh City,Singapore,Road,12,In Transit,2025-06-22,SKU120,185,2025-07-04
SHP007346,Noida,Johannesburg,Road,10,Delivered,2025-06-21,SKU123,126,2025-07-01
SHP007347,Ho Chi Minh City,Singapore,Air,18,Delivered,2025-06-28,SKU108,194,2025-07-16
SHP007348,Shenzhen,Rotterdam,Road,22,Delayed,2025-08-13,SKU100,128,2025-09-04
SHP007349,Bangkok,Johannesburg,Sea,11,Delayed,2025-09-18,SKU102,137,2025-09-29
SHP007350,Shenzhen,Dubai,Air,7,In Transit,2025-01-14,SKU129,125,2025-01-21
SHP007351,Bangkok,Chicago,Air,9,Delayed,2025-09-18,SKU100,98,2025-09-27
SHP007352,Shenzhen,Sao Paulo,Sea,25,In Transit,2025-12-21,SKU108,175,2026-01-15
SHP007353,Shenzhen,Singapore,Sea,22,In Transit,2025-04-19,SKU127,178,2025-05-11
SHP007354,Shenzhen,Dubai,Road,17,Delayed,2025-04-06,SKU129,94,2025-04-23
SHP007355,Noida,Mumbai,Road,2,Delivered,2025-10-14,SKU106,164,2025-10-16
SHP007356,Noida,Dubai,Road,18,Delivered,2025-04-29,SKU112,119,2025-05-17
SHP007357,Ho Chi Minh City,Rotterdam,Road,20,Delivered,2025-03-27,SKU108,148,2025-04-16
SHP007358,Zhengzhou,Singapore,Sea,20,Delayed,2025-06-24,SKU123,120,2025-07-14
SHP007359,Shenzhen,Chicago,Air,21,In Transit,2025-07-14,SKU117,129,2025-08-04
SHP007360,Shenzhen,Dubai,Sea,14,In Transit,2025-02-27,SKU100,156,2025-03-13
SHP007361,Zhengzhou,Dubai,Air,3,Delivered,2025-03-16,SKU101,191,2025-03-19
SHP007362,Shenzhen,Singapore,Air,7,Delayed,2025-12-18,SKU102,141,2025-12-25
SHP007363,Chennai,Chicago,Sea,24,Delayed,2025-07-28,SKU121,150,2025-08-21
SHP007364,Shenzhen,Dubai,Road,23,Delayed,2025-10-21,SKU114,199,2025-11-13
SHP007365,Chennai,Chicago,Air,23,In Transit,2025-05-09,SKU100,198,2025-06-01
SHP007366,Chennai,Sao Paulo,Air,8,In Transit,2025-12-01,SKU111,112,2025-12-09
SHP007367,Chennai,Singapore,Road,14,Delivered,2025-10-15,SKU110,158,2025-10-29
SHP007368,Shenzhen,Johannesburg,Sea,7,In Transit,2025-06-03,SKU111,216,2025-06-10
SHP007369,Shenzhen,Sao Paulo,Air,20,In Transit,2025-03-05,SKU118,192,2025-03-25
SHP007370,Shenzhen,Sydney,Sea,4,Delivered,2025-06-07,SKU112,125,2025-06-11
SHP007371,Ho Chi Minh City,Sao Paulo,Air,13,Delayed,2025-05-13,SKU106,133,2025-05-26
SHP007372,Noida,Sydney,Road,2,In Transit,2025-12-16,SKU118,225,2025-12-18
SHP007373,Noida,Johannesburg,Road,3,Delivered,2025-06-24,SKU105,137,2025-06-27
SHP007374,Ho Chi Minh City,Sydney,Road,2,Delivered,2025-12-17,SKU126,136,2025-12-19
SHP007375,Ho Chi Minh City,Singapore,Road,2,In Transit,2025-01-13,SKU126,180,2025-01-15
SHP007376,Bangkok,Dubai,Air,23,Delayed,2025-12-16,SKU113,129,2026-01-08
SHP007377,Shenzhen,Chicago,Sea,12,Delayed,2025-09-22,SKU128,189,2025-10-04
SHP007378,Ho Chi Minh City,Singapore,Sea,19,Delivered,2025-01-28,SKU118,231,2025-02-16
SHP007379,Noida,Singapore,Air,12,Delayed,2025-01-30,SKU106,206,2025-02-11
SHP007380,Noida,Mumbai,Sea,22,Delivered,2025-02-24,SKU109,119,2025-03-18
SHP007381,Ho Chi Minh City,Singapore,Road,8,Delayed,2025-03-25,SKU113,122,2025-04-02
SHP007382,Chennai,Sydney,Sea,16,Delayed,2025-09-09,SKU116,207,2025-09-25
SHP007383,Ho Chi Minh City,Sao Paulo,Air,17,Delayed,2025-11-14,SKU119,117,2025-12-01
SHP007384,Zhengzhou,Rotterdam,Sea,11,Delayed,2025-10-12,SKU114,215,2025-10-23
SHP007385,Shenzhen,Johannesburg,Sea,14,Delivered,2025-05-01,SKU115,201,2025-05-15
SHP007386,Shenzhen,Sydney,Road,9,Delivered,2025-10-15,SKU120,174,2025-10-24
SHP007387,Ho Chi Minh City,Chicago,Air,4,Delayed,2025-12-15,SKU117,113,2025-12-19
SHP007388,Shenzhen,Rotterdam,Road,9,Delivered,2025-01-11,SKU126,195,2025-01-20
SHP007389,Shenzhen,Johannesburg,Road,8,In Transit,2025-08-02,SKU104,185,2025-08-10
SHP007390,Noida,Chicago,Sea,22,Delayed,2025-12-27,SKU115,205,2026-01-18
SHP007391,Zhengzhou,Mumbai,Sea,4,Delayed,2025-05-07,SKU119,189,2025-05-11
SHP007392,Zhengzhou,Singapore,Sea,8,Delivered,2025-02-18,SKU120,148,2025-02-26
SHP007393,Noida,Johannesburg,Sea,9,Delivered,2025-07-15,SKU115,126,2025-07-24
SHP007394,Bangkok,Singapore,Road,8,In Transit,2025-12-18,SKU102,109,2025-12-26
SHP007395,Zhengzhou,Rotterdam,Road,4,In Transit,2025-02-01,SKU101,154,2025-02-05
SHP007396,Zhengzhou,Sydney,Air,8,In Transit,2025-06-07,SKU112,149,2025-06-15
SHP007397,Zhengzhou,Sao Paulo,Sea,7,Delayed,2025-01-15,SKU117,200,2025-01-22
SHP007398,Noida,Dubai,Air,16,In Transit,2025-02-10,SKU124,136,2025-02-26
SHP007399,Bangkok,Singapore,Road,18,In Transit,2025-01-08,SKU122,118,2025-01-26
SHP007400,Chennai,Mumbai,Sea,16,Delayed,2025-09-22,SKU102,135,2025-10-08
SHP007401,Noida,Johannesburg,Sea,11,Delayed,2025-06-22,SKU122,119,2025-07-03
SHP007402,Zhengzhou,Singapore,Sea,2,In Transit,2025-11-14,SKU102,195,2025-11-16
SHP007403,Bangkok,Singapore,Air,2,Delivered,2025-11-16,SKU127,216,2025-11-18
SHP007404,Bangkok,Mumbai,Road,13,Delivered,2025-05-18,SKU113,161,2025-05-31
SHP007405,Bangkok,Dubai,Road,5,Delayed,2025-02-07,SKU107,194,2025-02-12
SHP007406,Noida,Chicago,Air,24,Delivered,2025-11-26,SKU127,138,2025-12-20
SHP007407,Chennai,Sao Paulo,Road,23,In Transit,2025-09-28,SKU124,181,2025-10-21
SHP007408,Shenzhen,Chicago,Sea,19,Delayed,2025-06-11,SKU106,180,2025-06-30
SHP007409,Chennai,Singapore,Air,10,Delayed,2025-07-07,SKU106,128,2025-07-17
SHP007410,Zhengzhou,Sydney,Sea,17,Delivered,2025-11-30,SKU103,174,2025-12-17
SHP007411,Zhengzhou,Sao Paulo,Sea,16,Delivered,2025-08-31,SKU119,129,2025-09-16
SHP007412,Bangkok,Singapore,Sea,25,Delivered,2025-04-21,SKU113,127,2025-05-16
SHP007413,Shenzhen,Singapore,Road,3,Delivered,2025-04-15,SKU103,136,2025-04-18
SHP007414,Ho Chi Minh City,Sydney,Sea,14,In Transit,2025-12-09,SKU112,201,2025-12-23
SHP007415,Bangkok,Singapore,Sea,21,Delayed,2025-08-08,SKU121,158,2025-08-29
SHP007416,Bangkok,Sydney,Air,22,Delayed,2025-12-03,SKU100,125,2025-12-25
SHP007417,Ho Chi Minh City,Chicago,Road,24,Delayed,2025-10-07,SKU111,146,2025-10-31
SHP007418,Shenzhen,Dubai,Sea,19,Delayed,2025-05-27,SKU104,185,2025-06-15
SHP007419,Chennai,Singapore,Sea,2,Delayed,2025-08-02,SKU120,105,2025-08-04
SHP007420,Chennai,Rotterdam,Sea,22,Delayed,2025-10-10,SKU124,201,2025-11-01
SHP007421,Bangkok,Johannesburg,Sea,25,Delivered,2025-08-11,SKU117,114,2025-09-05
SHP007422,Bangkok,Sao Paulo,Road,10,Delayed,2025-05-16,SKU118,118,2025-05-26
SHP007423,Zhengzhou,Johannesburg,Sea,17,Delivered,2025-01-17,SKU115,227,2025-02-03
SHP007424,Bangkok,Sydney,Air,14,Delayed,2025-09-13,SKU119,192,2025-09-27
SHP007425,Shenzhen,Singapore,Road,21,Delayed,2025-07-01,SKU115,120,2025-07-22
SHP007426,Bangkok,Chicago,Road,9,Delivered,2025-12-26,SKU106,183,2026-01-04
SHP007427,Ho Chi Minh City,Chicago,Road,19,Delivered,2025-12-20,SKU111,129,2026-01-08
SHP007428,Noida,Chicago,Sea,5,Delayed,2025-08-07,SKU125,207,2025-08-12
SHP007429,Ho Chi Minh City,Rotterdam,Road,17,Delivered,2025-09-20,SKU117,143,2025-10-07
SHP007430,Noida,Dubai,Sea,16,In Transit,2025-07-27,SKU108,183,2025-08-12
SHP007431,Zhengzhou,Sydney,Sea,7,In Transit,2025-01-22,SKU104,182,2025-01-29
SHP007432,Zhengzhou,Sao Paulo,Road,15,Delayed,2025-09-01,SKU115,231,2025-09-16
SHP007433,Noida,Sydney,Air,9,Delivered,2025-06-07,SKU110,143,2025-06-16
SHP007434,Zhengzhou,Sao Paulo,Air,22,In Transit,2025-03-22,SKU127,200,2025-04-13
SHP007435,Chennai,Sao Paulo,Road,4,Delayed,2025-07-30,SKU117,99,2025-08-03
SHP007436,Shenzhen,Sydney,Sea,15,Delayed,2025-12-04,SKU109,201,2025-12-19
SHP007437,Ho Chi Minh City,Sydney,Sea,8,In Transit,2025-06-15,SKU119,193,2025-06-23
SHP007438,Chennai,Singapore,Road,17,Delayed,2025-12-31,SKU122,125,2026-01-17
SHP007439,Zhengzhou,Rotterdam,Air,19,Delayed,2025-05-24,SKU100,205,2025-06-12
SHP007440,Shenzhen,Chicago,Air,2,Delayed,2025-02-06,SKU112,179,2025-02-08
SHP007441,Ho Chi Minh City,Sao Paulo,Sea,2,In Transit,2025-10-20,SKU113,166,2025-10-22
SHP007442,Zhengzhou,Johannesburg,Air,17,Delayed,2025-01-08,SKU119,197,2025-01-25
SHP007443,Shenzhen,Sydney,Road,21,In Transit,2025-03-23,SKU129,193,2025-04-13
SHP007444,Noida,Dubai,Air,20,Delivered,2025-11-29,SKU115,227,2025-12-19
SHP007445,Chennai,Singapore,Road,18,In Transit,2025-03-17,SKU120,197,2025-04-04
SHP007446,Zhengzhou,Singapore,Sea,24,Delayed,2025-06-16,SKU102,140,2025-07-10
SHP007447,Noida,Sao Paulo,Sea,7,Delayed,2025-08-16,SKU100,168,2025-08-23
SHP007448,Shenzhen,Sao Paulo,Air,4,In Transit,2025-01-12,SKU104,151,2025-01-16
SHP007449,Bangkok,Johannesburg,Road,22,Delivered,2025-11-25,SKU121,179,2025-12-17
SHP007450,Chennai,Dubai,Air,6,Delivered,2025-05-28,SKU111,125,2025-06-03
SHP007451,Shenzhen,Sydney,Road,12,In Transit,2025-01-04,SKU116,135,2025-01-16
SHP007452,Noida,Singapore,Sea,4,In Transit,2025-03-26,SKU127,235,2025-03-30
SHP007453,Ho Chi Minh City,Rotterdam,Air,24,In Transit,2025-03-09,SKU129,204,2025-04-02
SHP007454,Bangkok,Rotterdam,Air,10,Delivered,2025-02-18,SKU102,144,2025-02-28
SHP007455,Ho Chi Minh City,Mumbai,Road,11,In Transit,2025-08-14,SKU102,146,2025-08-25
SHP007456,Shenzhen,Mumbai,Air,5,In Transit,2025-02-12,SKU102,111,2025-02-17
SHP007457,Chennai,Sydney,Sea,2,In Transit,2025-11-17,SKU124,224,2025-11-19
SHP007458,Ho Chi Minh City,Singapore,Road,24,Delayed,2025-06-19,SKU110,161,2025-07-13
SHP007459,Chennai,Sydney,Air,16,Delayed,2025-08-01,SKU109,231,2025-08-17
SHP007460,Shenzhen,Sydney,Sea,13,In Transit,2025-02-20,SKU109,196,2025-03-05
SHP007461,Ho Chi Minh City,Johannesburg,Sea,4,Delayed,2025-03-27,SKU112,111,2025-03-31
SHP007462,Zhengzhou,Rotterdam,Air,6,Delivered,2025-10-14,SKU100,224,2025-10-20
SHP007463,Zhengzhou,Singapore,Sea,24,Delayed,2025-09-25,SKU104,100,2025-10-19
SHP007464,Chennai,Dubai,Sea,7,Delayed,2025-04-19,SKU117,118,2025-04-26
SHP007465,Ho Chi Minh City,Johannesburg,Sea,4,Delivered,2025-05-13,SKU100,105,2025-05-17
SHP007466,Zhengzhou,Singapore,Road,17,In Transit,2025-10-16,SKU112,199,2025-11-02
SHP007467,Shenzhen,Singapore,Air,18,Delayed,2025-09-18,SKU115,206,2025-10-06
SHP007468,Ho Chi Minh City,Rotterdam,Air,7,Delivered,2025-06-27,SKU110,162,2025-07-04
SHP007469,Bangkok,Mumbai,Air,14,Delivered,2025-10-19,SKU105,217,2025-11-02
SHP007470,Shenzhen,Singapore,Air,9,Delivered,2025-05-14,SKU128,182,2025-05-23
SHP007471,Noida,Johannesburg,Air,25,Delayed,2025-06-22,SKU101,126,2025-07-17
SHP007472,Chennai,Sao Paulo,Sea,10,Delivered,2025-05-09,SKU122,97,2025-05-19
SHP007473,Chennai,Chicago,Sea,6,Delivered,2025-01-10,SKU111,166,2025-01-16
SHP007474,Shenzhen,Johannesburg,Road,5,Delivered,2025-03-28,SKU111,126,2025-04-02
SHP007475,Bangkok,Sydney,Sea,10,In Transit,2025-11-20,SKU126,109,2025-11-30
SHP007476,Ho Chi Minh City,Singapore,Road,23,Delayed,2025-12-09,SKU108,139,2026-01-01
SHP007477,Zhengzhou,Sao Paulo,Air,7,In Transit,2025-07-05,SKU123,223,2025-07-12
SHP007478,Chennai,Dubai,Air,25,Delayed,2025-02-16,SKU109,160,2025-03-13
SHP007479,Zhengzhou,Chicago,Air,13,Delivered,2025-01-12,SKU108,140,2025-01-25
SHP007480,Ho Chi Minh City,Chicago,Sea,17,Delayed,2025-09-09,SKU114,166,2025-09-26
SHP007481,Chennai,Sao Paulo,Air,25,In Transit,2025-11-11,SKU114,108,2025-12-06
SHP007482,Bangkok,Mumbai,Sea,6,Delayed,2025-03-19,SKU121,142,2025-03-25
SHP007483,Zhengzhou,Sao Paulo,Air,13,Delayed,2025-10-08,SKU118,202,2025-10-21
SHP007484,Shenzhen,Sydney,Air,19,In Transit,2025-12-28,SKU101,208,2026-01-16
SHP007485,Zhengzhou,Chicago,Sea,4,In Transit,2025-10-31,SKU112,172,2025-11-04
SHP007486,Noida,Dubai,Air,20,In Transit,2025-09-02,SKU110,205,2025-09-22
SHP007487,Chennai,Rotterdam,Road,24,In Transit,2025-04-06,SKU125,182,2025-04-30
SHP007488,Bangkok,Rotterdam,Road,23,Delayed,2025-04-15,SKU100,139,2025-05-08
SHP007489,Zhengzhou,Mumbai,Air,18,Delayed,2025-03-24,SKU106,203,2025-04-11
SHP007490,Chennai,Chicago,Road,16,In Transit,2025-04-13,SKU127,93,2025-04-29
SHP007491,Shenzhen,Dubai,Air,9,Delivered,2025-02-25,SKU111,245,2025-03-06
SHP007492,Bangkok,Rotterdam,Road,2,Delayed,2025-06-18,SKU107,201,2025-06-20
SHP007493,Bangkok,Sydney,Air,21,Delayed,2025-08-05,SKU106,223,2025-08-26
SHP007494,Shenzhen,Singapore,Road,6,In Transit,2025-08-05,SKU104,146,2025-08-11
SHP007495,Ho Chi Minh City,Mumbai,Air,20,In Transit,2025-01-15,SKU109,100,2025-02-04
SHP007496,Shenzhen,Johannesburg,Air,21,Delivered,2025-03-09,SKU106,183,2025-03-30
SHP007497,Shenzhen,Sao Paulo,Road,16,In Transit,2025-12-18,SKU118,213,2026-01-03
SHP007498,Noida,Sydney,Road,15,In Transit,2025-12-26,SKU117,107,2026-01-10
SHP007499,Zhengzhou,Johannesburg,Road,20,In Transit,2025-02-24,SKU115,217,2025-03-16
SHP007500,Bangkok,Johannesburg,Sea,23,In Transit,2025-04-29,SKU107,130,2025-05-22
SHP007501,Shenzhen,Dubai,Road,18,In Transit,2025-02-13,SKU101,183,2025-03-03
SHP007502,Zhengzhou,Sydney,Road,20,In Transit,2025-05-11,SKU123,175,2025-05-31
SHP007503,Shenzhen,Sao Paulo,Sea,14,In Transit,2025-05-23,SKU113,239,2025-06-06
SHP007504,Ho Chi Minh City,Chicago,Air,14,Delivered,2025-08-11,SKU121,117,2025-08-25
SHP007505,Noida,Chicago,Air,4,In Transit,2025-06-22,SKU115,170,2025-06-26
SHP007506,Noida,Sao Paulo,Sea,16,Delivered,2025-12-01,SKU119,155,2025-12-17
SHP007507,Ho Chi Minh City,Sao Paulo,Road,16,Delayed,2025-07-20,SKU114,197,2025-08-05
SHP007508,Noida,Sao Paulo,Road,18,Delayed,2025-07-31,SKU115,168,2025-08-18
SHP007509,Shenzhen,Dubai,Sea,7,In Transit,2025-12-12,SKU118,120,2025-12-19
SHP007510,Chennai,Dubai,Road,10,In Transit,2025-12-08,SKU116,216,2025-12-18
SHP007511,Shenzhen,Mumbai,Air,24,Delivered,2025-02-11,SKU112,153,2025-03-07
SHP007512,Zhengzhou,Singapore,Air,7,Delayed,2025-05-05,SKU124,211,2025-05-12
SHP007513,Noida,Dubai,Sea,13,Delivered,2025-03-25,SKU107,184,2025-04-07
SHP007514,Bangkok,Sydney,Air,6,Delivered,2025-07-09,SKU107,213,2025-07-15
SHP007515,Ho Chi Minh City,Singapore,Sea,25,Delayed,2025-04-17,SKU103,167,2025-05-12
SHP007516,Ho Chi Minh City,Sydney,Sea,12,Delivered,2025-09-07,SKU122,194,2025-09-19
SHP007517,Noida,Singapore,Road,19,Delayed,2025-06-22,SKU106,144,2025-07-11
SHP007518,Shenzhen,Dubai,Road,19,Delivered,2025-05-19,SKU100,190,2025-06-07
SHP007519,Noida,Rotterdam,Sea,10,Delivered,2025-07-02,SKU127,239,2025-07-12
SHP007520,Ho Chi Minh City,Johannesburg,Sea,17,In Transit,2025-03-30,SKU103,202,2025-04-16
SHP007521,Bangkok,Singapore,Sea,12,Delayed,2025-09-12,SKU101,208,2025-09-24
SHP007522,Bangkok,Sao Paulo,Air,5,Delayed,2025-09-23,SKU113,116,2025-09-28
SHP007523,Ho Chi Minh City,Rotterdam,Sea,3,Delayed,2025-05-05,SKU125,155,2025-05-08
SHP007524,Bangkok,Johannesburg,Sea,9,Delivered,2025-05-29,SKU121,158,2025-06-07
SHP007525,Zhengzhou,Mumbai,Road,15,Delayed,2025-11-21,SKU125,154,2025-12-06
SHP007526,Noida,Mumbai,Road,11,In Transit,2025-05-13,SKU108,227,2025-05-24
SHP007527,Bangkok,Sydney,Sea,13,Delayed,2025-06-13,SKU118,148,2025-06-26
SHP007528,Ho Chi Minh City,Sydney,Air,9,In Transit,2025-04-23,SKU127,206,2025-05-02
SHP007529,Noida,Rotterdam,Sea,2,Delayed,2025-10-15,SKU108,225,2025-10-17
SHP007530,Bangkok,Sydney,Air,12,Delivered,2025-05-20,SKU120,200,2025-06-01
SHP007531,Bangkok,Rotterdam,Air,3,In Transit,2025-12-13,SKU102,110,2025-12-16
SHP007532,Ho Chi Minh City,Sao Paulo,Air,24,In Transit,2025-05-17,SKU109,161,2025-06-10
SHP007533,Noida,Dubai,Sea,7,Delayed,2025-09-19,SKU112,237,2025-09-26
SHP007534,Zhengzhou,Johannesburg,Sea,8,In Transit,2025-02-20,SKU109,130,2025-02-28
SHP007535,Zhengzhou,Singapore,Air,24,Delayed,2025-01-27,SKU123,153,2025-02-20
SHP007536,Ho Chi Minh City,Singapore,Sea,15,Delayed,2025-09-04,SKU127,133,2025-09-19
SHP007537,Noida,Mumbai,Road,3,Delivered,2025-12-16,SKU104,213,2025-12-19
SHP007538,Bangkok,Mumbai,Road,18,In Transit,2025-09-15,SKU128,200,2025-10-03
SHP007539,Chennai,Rotterdam,Road,2,Delivered,2025-05-26,SKU120,109,2025-05-28
SHP007540,Shenzhen,Singapore,Air,8,In Transit,2025-03-14,SKU129,201,2025-03-22
SHP007541,Ho Chi Minh City,Dubai,Sea,8,Delivered,2025-06-15,SKU123,146,2025-06-23
SHP007542,Zhengzhou,Mumbai,Air,13,Delayed,2025-06-14,SKU105,181,2025-06-27
SHP007543,Noida,Johannesburg,Sea,13,Delivered,2025-10-09,SKU115,229,2025-10-22
SHP007544,Ho Chi Minh City,Rotterdam,Road,2,Delivered,2025-05-30,SKU127,169,2025-06-01
SHP007545,Zhengzhou,Chicago,Air,17,In Transit,2025-10-08,SKU121,121,2025-10-25
SHP007546,Shenzhen,Sydney,Sea,2,In Transit,2025-09-24,SKU110,210,2025-09-26
SHP007547,Noida,Chicago,Road,15,In Transit,2025-10-20,SKU120,183,2025-11-04
SHP007548,Noida,Johannesburg,Sea,25,In Transit,2025-09-26,SKU123,158,2025-10-21
SHP007549,Noida,Sydney,Sea,24,Delayed,2025-12-15,SKU121,200,2026-01-08
SHP007550,Chennai,Sydney,Air,12,In Transit,2025-01-27,SKU127,105,2025-02-08
SHP007551,Chennai,Johannesburg,Road,15,Delayed,2025-08-08,SKU103,130,2025-08-23
SHP007552,Shenzhen,Dubai,Road,4,In Transit,2025-07-13,SKU123,230,2025-07-17
SHP007553,Chennai,Dubai,Air,19,Delivered,2025-01-18,SKU107,230,2025-02-06
SHP007554,Zhengzhou,Johannesburg,Air,14,In Transit,2025-02-02,SKU128,184,2025-02-16
SHP007555,Ho Chi Minh City,Mumbai,Sea,13,In Transit,2025-12-29,SKU119,148,2026-01-11
SHP007556,Ho Chi Minh City,Dubai,Air,24,Delayed,2025-12-09,SKU106,132,2026-01-02
SHP007557,Ho Chi Minh City,Chicago,Air,7,Delivered,2025-03-09,SKU126,148,2025-03-16
SHP007558,Noida,Singapore,Road,22,In Transit,2025-07-16,SKU104,230,2025-08-07
SHP007559,Bangkok,Johannesburg,Sea,23,Delayed,2025-09-26,SKU125,132,2025-10-19
SHP007560,Ho Chi Minh City,Sao Paulo,Road,24,Delivered,2025-08-09,SKU105,108,2025-09-02
SHP007561,Bangkok,Sao Paulo,Road,8,Delayed,2025-06-30,SKU123,191,2025-07-08
SHP007562,Chennai,Rotterdam,Air,12,Delivered,2025-06-16,SKU121,188,2025-06-28
SHP007563,Bangkok,Sydney,Air,5,Delayed,2025-06-09,SKU124,167,2025-06-14
SHP007564,Ho Chi Minh City,Dubai,Air,3,In Transit,2025-09-28,SKU106,102,2025-10-01
SHP007565,Chennai,Chicago,Sea,7,Delivered,2025-03-23,SKU125,194,2025-03-30
SHP007566,Shenzhen,Singapore,Sea,8,Delivered,2025-06-04,SKU109,165,2025-06-12
SHP007567,Zhengzhou,Johannesburg,Air,3,Delivered,2025-03-03,SKU100,149,2025-03-06
SHP007568,Chennai,Singapore,Air,8,Delivered,2025-03-13,SKU126,151,2025-03-21
SHP007569,Bangkok,Mumbai,Air,10,Delayed,2025-12-17,SKU127,168,2025-12-27
SHP007570,Zhengzhou,Singapore,Sea,24,In Transit,2025-05-25,SKU113,209,2025-06-18
SHP007571,Chennai,Dubai,Road,16,In Transit,2025-11-06,SKU112,130,2025-11-22
SHP007572,Noida,Sydney,Air,19,Delayed,2025-01-25,SKU113,203,2025-02-13
SHP007573,Shenzhen,Mumbai,Sea,17,Delayed,2025-09-03,SKU113,220,2025-09-20
SHP007574,Chennai,Sydney,Sea,9,Delivered,2025-09-11,SKU102,121,2025-09-20
SHP007575,Chennai,Mumbai,Air,21,In Transit,2025-06-11,SKU113,160,2025-07-02
SHP007576,Chennai,Dubai,Air,11,Delivered,2025-11-23,SKU107,175,2025-12-04
SHP007577,Bangkok,Chicago,Air,7,Delivered,2025-10-15,SKU116,211,2025-10-22
SHP007578,Noida,Johannesburg,Sea,16,In Transit,2025-05-21,SKU101,156,2025-06-06
SHP007579,Noida,Johannesburg,Road,6,Delivered,2025-08-11,SKU100,113,2025-08-17
SHP007580,Noida,Chicago,Air,11,In Transit,2025-01-20,SKU113,217,2025-01-31
SHP007581,Noida,Rotterdam,Road,21,In Transit,2025-09-04,SKU108,224,2025-09-25
SHP007582,Shenzhen,Dubai,Road,23,In Transit,2025-11-10,SKU111,166,2025-12-03
SHP007583,Zhengzhou,Johannesburg,Sea,21,Delayed,2025-06-20,SKU119,99,2025-07-11
SHP007584,Zhengzhou,Rotterdam,Sea,24,Delayed,2025-10-13,SKU120,203,2025-11-06
SHP007585,Shenzhen,Dubai,Road,20,Delivered,2025-08-06,SKU110,152,2025-08-26
SHP007586,Shenzhen,Sydney,Sea,23,Delayed,2025-09-10,SKU100,132,2025-10-03
SHP007587,Noida,Singapore,Road,11,Delayed,2025-11-24,SKU120,124,2025-12-05
SHP007588,Zhengzhou,Rotterdam,Sea,9,Delayed,2025-10-24,SKU104,181,2025-11-02
SHP007589,Shenzhen,Sydney,Sea,15,In Transit,2025-10-04,SKU110,203,2025-10-19
SHP007590,Ho Chi Minh City,Rotterdam,Road,8,In Transit,2025-11-17,SKU107,97,2025-11-25
SHP007591,Bangkok,Chicago,Air,4,Delayed,2025-10-15,SKU105,201,2025-10-19
SHP007592,Ho Chi Minh City,Chicago,Air,11,Delayed,2025-11-06,SKU108,114,2025-11-17
SHP007593,Shenzhen,Mumbai,Air,11,Delivered,2025-10-04,SKU126,221,2025-10-15
SHP007594,Ho Chi Minh City,Mumbai,Road,7,In Transit,2025-12-15,SKU114,133,2025-12-22
SHP007595,Bangkok,Rotterdam,Sea,19,Delayed,2025-08-14,SKU118,206,2025-09-02
SHP007596,Zhengzhou,Rotterdam,Air,4,In Transit,2025-04-27,SKU129,222,2025-05-01
SHP007597,Ho Chi Minh City,Dubai,Road,9,In Transit,2025-01-20,SKU121,181,2025-01-29
SHP007598,Zhengzhou,Chicago,Road,19,Delivered,2025-01-04,SKU118,211,2025-01-23
SHP007599,Ho Chi Minh City,Chicago,Road,17,In Transit,2025-10-16,SKU127,128,2025-11-02
SHP007600,Noida,Sydney,Sea,9,Delayed,2025-07-20,SKU121,117,2025-07-29
SHP007601,Ho Chi Minh City,Chicago,Sea,11,In Transit,2025-04-10,SKU102,220,2025-04-21
SHP007602,Zhengzhou,Sydney,Sea,24,In Transit,2025-03-07,SKU104,200,2025-03-31
SHP007603,Bangkok,Sao Paulo,Air,21,Delayed,2025-01-11,SKU122,112,2025-02-01
SHP007604,Noida,Singapore,Air,18,Delayed,2025-04-25,SKU126,134,2025-05-13
SHP007605,Noida,Chicago,Air,16,Delivered,2025-07-08,SKU122,168,2025-07-24
SHP007606,Shenzhen,Singapore,Air,15,In Transit,2025-03-13,SKU120,130,2025-03-28
SHP007607,Bangkok,Sydney,Sea,2,Delayed,2025-01-10,SKU121,199,2025-01-12
SHP007608,Chennai,Mumbai,Sea,24,Delivered,2025-02-07,SKU109,184,2025-03-03
SHP007609,Ho Chi Minh City,Johannesburg,Sea,19,Delayed,2025-09-09,SKU128,200,2025-09-28
SHP007610,Zhengzhou,Sydney,Sea,8,Delayed,2025-03-01,SKU100,216,2025-03-09
SHP007611,Chennai,Johannesburg,Sea,19,In Transit,2025-07-20,SKU123,125,2025-08-08
SHP007612,Noida,Singapore,Air,7,Delivered,2025-01-26,SKU101,142,2025-02-02
SHP007613,Ho Chi Minh City,Sao Paulo,Road,7,Delayed,2025-03-18,SKU127,173,2025-03-25
SHP007614,Chennai,Dubai,Sea,17,Delayed,2025-07-19,SKU102,209,2025-08-05
SHP007615,Noida,Sao Paulo,Road,6,Delayed,2025-02-23,SKU111,186,2025-03-01
SHP007616,Bangkok,Rotterdam,Sea,17,Delayed,2025-09-28,SKU115,103,2025-10-15
SHP007617,Ho Chi Minh City,Chicago,Road,8,In Transit,2025-05-15,SKU101,183,2025-05-23
SHP007618,Zhengzhou,Singapore,Road,2,Delivered,2025-10-14,SKU123,185,2025-10-16
SHP007619,Noida,Sydney,Sea,14,Delayed,2025-06-19,SKU108,226,2025-07-03
SHP007620,Chennai,Dubai,Road,5,In Transit,2025-09-12,SKU125,115,2025-09-17
SHP007621,Ho Chi Minh City,Rotterdam,Sea,23,Delayed,2025-06-22,SKU110,149,2025-07-15
SHP007622,Ho Chi Minh City,Johannesburg,Road,10,Delivered,2025-12-29,SKU124,101,2026-01-08
SHP007623,Shenzhen,Singapore,Sea,15,Delivered,2025-05-09,SKU104,99,2025-05-24
SHP007624,Chennai,Dubai,Road,11,Delayed,2025-06-28,SKU113,224,2025-07-09
SHP007625,Ho Chi Minh City,Johannesburg,Air,23,Delayed,2025-07-20,SKU117,215,2025-08-12
SHP007626,Noida,Singapore,Sea,19,In Transit,2025-01-11,SKU111,194,2025-01-30
SHP007627,Bangkok,Sao Paulo,Air,18,Delayed,2025-09-30,SKU102,137,2025-10-18
SHP007628,Zhengzhou,Rotterdam,Air,6,In Transit,2025-12-11,SKU102,133,2025-12-17
SHP007629,Chennai,Rotterdam,Road,9,Delayed,2025-02-04,SKU118,101,2025-02-13
SHP007630,Noida,Singapore,Road,21,Delivered,2025-01-27,SKU105,146,2025-02-17
SHP007631,Shenzhen,Sydney,Sea,7,Delivered,2025-12-24,SKU117,204,2025-12-31
SHP007632,Bangkok,Mumbai,Road,2,Delayed,2025-07-02,SKU111,161,2025-07-04
SHP007633,Ho Chi Minh City,Singapore,Road,11,Delivered,2025-08-05,SKU123,118,2025-08-16
SHP007634,Shenzhen,Singapore,Sea,25,Delivered,2025-07-05,SKU126,174,2025-07-30
SHP007635,Ho Chi Minh City,Sao Paulo,Road,8,Delayed,2025-07-27,SKU121,228,2025-08-04
SHP007636,Chennai,Rotterdam,Air,11,Delayed,2025-03-23,SKU102,151,2025-04-03
SHP007637,Bangkok,Sao Paulo,Sea,14,In Transit,2025-06-02,SKU127,145,2025-06-16
SHP007638,Noida,Singapore,Air,21,Delayed,2025-12-16,SKU103,237,2026-01-06
SHP007639,Chennai,Mumbai,Road,20,Delivered,2025-08-08,SKU110,135,2025-08-28
SHP007640,Shenzhen,Chicago,Sea,20,Delayed,2025-01-13,SKU120,221,2025-02-02
SHP007641,Chennai,Rotterdam,Sea,23,Delivered,2025-06-07,SKU102,147,2025-06-30
SHP007642,Bangkok,Chicago,Road,8,Delivered,2025-11-11,SKU117,171,2025-11-19
SHP007643,Shenzhen,Johannesburg,Air,14,Delivered,2025-11-25,SKU104,124,2025-12-09
SHP007644,Zhengzhou,Chicago,Sea,16,In Transit,2025-08-17,SKU104,210,2025-09-02
SHP007645,Chennai,Sydney,Sea,25,Delivered,2025-01-04,SKU128,171,2025-01-29
SHP007646,Noida,Johannesburg,Air,7,In Transit,2025-03-24,SKU115,173,2025-03-31
SHP007647,Ho Chi Minh City,Johannesburg,Road,12,In Transit,2025-03-15,SKU114,161,2025-03-27
SHP007648,Ho Chi Minh City,Rotterdam,Road,22,Delivered,2025-01-11,SKU101,131,2025-02-02
SHP007649,Bangkok,Rotterdam,Air,15,Delayed,2025-11-30,SKU116,233,2025-12-15
SHP007650,Chennai,Johannesburg,Road,22,Delayed,2025-06-16,SKU124,154,2025-07-08
SHP007651,Ho Chi Minh City,Chicago,Air,2,Delayed,2025-10-14,SKU117,162,2025-10-16
SHP007652,Noida,Chicago,Sea,18,Delayed,2025-10-17,SKU121,114,2025-11-04
SHP007653,Noida,Sydney,Sea,5,Delivered,2025-02-07,SKU121,163,2025-02-12
SHP007654,Noida,Johannesburg,Sea,6,Delayed,2025-03-28,SKU113,195,2025-04-03
SHP007655,Bangkok,Chicago,Air,8,Delayed,2025-05-04,SKU107,116,2025-05-12
SHP007656,Ho Chi Minh City,Johannesburg,Sea,13,Delivered,2025-09-13,SKU101,155,2025-09-26
SHP007657,Noida,Sydney,Air,6,Delivered,2025-11-17,SKU115,209,2025-11-23
SHP007658,Zhengzhou,Rotterdam,Road,21,Delivered,2025-04-10,SKU117,187,2025-05-01
SHP007659,Ho Chi Minh City,Singapore,Air,16,Delivered,2025-01-12,SKU117,100,2025-01-28
SHP007660,Zhengzhou,Dubai,Road,10,Delayed,2025-04-29,SKU118,169,2025-05-09
SHP007661,Chennai,Dubai,Sea,15,Delayed,2025-07-23,SKU114,148,2025-08-07
SHP007662,Bangkok,Sao Paulo,Sea,22,Delivered,2025-04-24,SKU110,168,2025-05-16
SHP007663,Ho Chi Minh City,Sao Paulo,Road,9,In Transit,2025-03-19,SKU123,149,2025-03-28
SHP007664,Zhengzhou,Rotterdam,Road,5,Delivered,2025-03-10,SKU120,209,2025-03-15
SHP007665,Chennai,Chicago,Air,23,Delayed,2025-07-13,SKU106,191,2025-08-05
SHP007666,Ho Chi Minh City,Rotterdam,Road,2,In Transit,2025-06-21,SKU117,194,2025-06-23
SHP007667,Ho Chi Minh City,Johannesburg,Sea,11,In Transit,2025-04-06,SKU129,172,2025-04-17
SHP007668,Shenzhen,Dubai,Sea,7,Delayed,2025-08-08,SKU126,104,2025-08-15
SHP007669,Zhengzhou,Johannesburg,Air,24,Delivered,2025-06-01,SKU111,214,2025-06-25
SHP007670,Chennai,Chicago,Road,4,In Transit,2025-08-23,SKU127,171,2025-08-27
SHP007671,Noida,Dubai,Air,16,Delayed,2025-06-05,SKU115,222,2025-06-21
SHP007672,Bangkok,Mumbai,Road,14,Delayed,2025-10-05,SKU126,152,2025-10-19
SHP007673,Noida,Rotterdam,Sea,9,Delivered,2025-11-04,SKU120,119,2025-11-13
SHP007674,Noida,Sydney,Sea,24,In Transit,2025-10-13,SKU101,120,2025-11-06
SHP007675,Bangkok,Mumbai,Road,14,Delayed,2025-08-01,SKU119,109,2025-08-15
SHP007676,Chennai,Sao Paulo,Air,23,Delayed,2025-07-25,SKU110,197,2025-08-17
SHP007677,Shenzhen,Mumbai,Air,8,Delivered,2025-01-06,SKU108,163,2025-01-14
SHP007678,Noida,Mumbai,Road,7,In Transit,2025-07-05,SKU121,107,2025-07-12
SHP007679,Shenzhen,Johannesburg,Air,10,Delayed,2025-08-27,SKU113,116,2025-09-06
SHP007680,Chennai,Johannesburg,Road,5,Delivered,2025-05-30,SKU105,137,2025-06-04
SHP007681,Chennai,Dubai,Sea,3,In Transit,2025-06-08,SKU117,158,2025-06-11
SHP007682,Bangkok,Rotterdam,Road,5,Delayed,2025-06-21,SKU123,117,2025-06-26
SHP007683,Bangkok,Singapore,Sea,3,In Transit,2025-10-15,SKU113,202,2025-10-18
SHP007684,Bangkok,Dubai,Sea,3,Delayed,2025-06-23,SKU118,208,2025-06-26
SHP007685,Noida,Sydney,Sea,17,Delayed,2025-07-01,SKU117,209,2025-07-18
SHP007686,Chennai,Dubai,Air,19,Delivered,2025-10-06,SKU128,173,2025-10-25
SHP007687,Bangkok,Singapore,Road,23,Delivered,2025-04-23,SKU107,218,2025-05-16
SHP007688,Shenzhen,Rotterdam,Sea,21,Delivered,2025-04-22,SKU115,127,2025-05-13
SHP007689,Noida,Sao Paulo,Road,15,In Transit,2025-05-23,SKU106,195,2025-06-07
SHP007690,Bangkok,Rotterdam,Road,13,Delivered,2025-05-02,SKU120,202,2025-05-15
SHP007691,Noida,Chicago,Road,23,In Transit,2025-07-25,SKU101,154,2025-08-17
SHP007692,Zhengzhou,Singapore,Air,7,In Transit,2025-10-07,SKU123,224,2025-10-14
SHP007693,Ho Chi Minh City,Sydney,Air,4,In Transit,2025-11-02,SKU113,127,2025-11-06
SHP007694,Zhengzhou,Rotterdam,Air,11,Delayed,2025-08-09,SKU129,223,2025-08-20
SHP007695,Noida,Dubai,Air,25,Delivered,2025-05-22,SKU103,161,2025-06-16
SHP007696,Ho Chi Minh City,Chicago,Road,9,In Transit,2025-09-30,SKU122,144,2025-10-09
SHP007697,Chennai,Chicago,Sea,11,Delayed,2025-10-31,SKU100,140,2025-11-11
SHP007698,Chennai,Rotterdam,Sea,2,Delayed,2025-06-15,SKU107,166,2025-06-17
SHP007699,Shenzhen,Sydney,Road,6,In Transit,2025-08-16,SKU125,114,2025-08-22
SHP007700,Ho Chi Minh City,Sao Paulo,Air,7,Delivered,2025-06-28,SKU119,223,2025-07-05
SHP007701,Ho Chi Minh City,Johannesburg,Air,16,Delayed,2025-03-05,SKU129,174,2025-03-21
SHP007702,Bangkok,Johannesburg,Air,8,Delivered,2025-02-01,SKU112,121,2025-02-09
SHP007703,Bangkok,Sydney,Sea,12,Delayed,2025-08-10,SKU113,131,2025-08-22
SHP007704,Shenzhen,Rotterdam,Air,17,Delivered,2025-01-17,SKU127,123,2025-02-03
SHP007705,Noida,Chicago,Road,16,Delivered,2025-07-04,SKU115,224,2025-07-20
SHP007706,Noida,Rotterdam,Air,23,In Transit,2025-08-29,SKU122,210,2025-09-21
SHP007707,Shenzhen,Dubai,Road,10,Delivered,2025-03-14,SKU127,108,2025-03-24
SHP007708,Bangkok,Johannesburg,Road,7,Delayed,2025-04-29,SKU119,176,2025-05-06
SHP007709,Zhengzhou,Dubai,Road,13,Delivered,2025-08-11,SKU107,144,2025-08-24
SHP007710,Zhengzhou,Rotterdam,Air,10,In Transit,2025-06-14,SKU120,167,2025-06-24
SHP007711,Bangkok,Johannesburg,Sea,14,Delivered,2025-02-08,SKU128,159,2025-02-22
SHP007712,Bangkok,Singapore,Air,9,Delayed,2025-09-25,SKU101,153,2025-10-04
SHP007713,Bangkok,Sydney,Road,15,Delayed,2025-08-21,SKU124,158,2025-09-05
SHP007714,Noida,Sydney,Air,3,Delayed,2025-01-08,SKU110,122,2025-01-11
SHP007715,Bangkok,Rotterdam,Air,16,Delayed,2025-01-18,SKU108,169,2025-02-03
SHP007716,Ho Chi Minh City,Dubai,Road,25,In Transit,2025-05-12,SKU121,172,2025-06-06
SHP007717,Shenzhen,Dubai,Road,3,In Transit,2025-01-12,SKU100,225,2025-01-15
SHP007718,Chennai,Dubai,Road,9,Delayed,2025-11-07,SKU128,137,2025-11-16
SHP007719,Noida,Dubai,Sea,2,In Transit,2025-03-13,SKU111,209,2025-03-15
SHP007720,Chennai,Chicago,Road,3,Delayed,2025-03-09,SKU105,123,2025-03-12
SHP007721,Shenzhen,Dubai,Sea,20,Delayed,2025-03-27,SKU127,130,2025-04-16
SHP007722,Shenzhen,Johannesburg,Road,8,Delayed,2025-06-29,SKU101,147,2025-07-07
SHP007723,Noida,Dubai,Road,12,In Transit,2025-10-15,SKU128,174,2025-10-27
SHP007724,Ho Chi Minh City,Johannesburg,Road,18,Delivered,2025-12-09,SKU104,215,2025-12-27
SHP007725,Shenzhen,Sydney,Air,6,Delayed,2025-05-02,SKU108,216,2025-05-08
SHP007726,Ho Chi Minh City,Rotterdam,Sea,24,Delayed,2025-09-29,SKU128,137,2025-10-23
SHP007727,Shenzhen,Sydney,Road,9,Delivered,2025-07-23,SKU115,180,2025-08-01
SHP007728,Ho Chi Minh City,Singapore,Road,10,Delayed,2025-11-15,SKU119,170,2025-11-25
SHP007729,Ho Chi Minh City,Sao Paulo,Sea,17,Delivered,2025-11-28,SKU101,193,2025-12-15
SHP007730,Bangkok,Sydney,Road,4,In Transit,2025-05-29,SKU113,158,2025-06-02
SHP007731,Bangkok,Johannesburg,Sea,2,Delivered,2025-05-29,SKU100,115,2025-05-31
SHP007732,Shenzhen,Rotterdam,Sea,6,Delayed,2025-03-11,SKU114,167,2025-03-17
SHP007733,Shenzhen,Singapore,Sea,17,In Transit,2025-04-18,SKU117,190,2025-05-05
SHP007734,Ho Chi Minh City,Dubai,Sea,19,Delayed,2025-12-07,SKU119,209,2025-12-26
SHP007735,Shenzhen,Rotterdam,Sea,18,Delivered,2025-07-20,SKU114,193,2025-08-07
SHP007736,Shenzhen,Singapore,Air,16,In Transit,2025-02-21,SKU128,212,2025-03-09
SHP007737,Shenzhen,Sydney,Sea,14,Delayed,2025-02-06,SKU107,174,2025-02-20
SHP007738,Chennai,Sao Paulo,Road,10,Delayed,2025-03-29,SKU103,136,2025-04-08
SHP007739,Zhengzhou,Dubai,Air,13,In Transit,2025-07-30,SKU127,129,2025-08-12
SHP007740,Ho Chi Minh City,Johannesburg,Sea,16,Delivered,2025-04-19,SKU126,138,2025-05-05
SHP007741,Shenzhen,Singapore,Air,5,In Transit,2025-04-27,SKU108,215,2025-05-02
SHP007742,Chennai,Rotterdam,Air,23,Delayed,2025-08-05,SKU117,99,2025-08-28
SHP007743,Ho Chi Minh City,Singapore,Road,19,Delayed,2025-09-30,SKU116,114,2025-10-19
SHP007744,Shenzhen,Rotterdam,Road,18,In Transit,2025-09-16,SKU127,162,2025-10-04
SHP007745,Noida,Sydney,Road,14,Delayed,2025-04-05,SKU106,114,2025-04-19
SHP007746,Shenzhen,Mumbai,Sea,8,Delivered,2025-09-21,SKU102,134,2025-09-29
SHP007747,Ho Chi Minh City,Singapore,Sea,18,In Transit,2025-06-17,SKU110,194,2025-07-05
SHP007748,Ho Chi Minh City,Sao Paulo,Sea,24,In Transit,2025-06-29,SKU124,130,2025-07-23
SHP007749,Shenzhen,Johannesburg,Sea,8,Delivered,2025-10-30,SKU118,227,2025-11-07
SHP007750,Noida,Sao Paulo,Air,3,Delayed,2025-06-06,SKU103,155,2025-06-09
SHP007751,Zhengzhou,Johannesburg,Sea,23,Delivered,2025-10-06,SKU120,142,2025-10-29
SHP007752,Zhengzhou,Rotterdam,Road,6,Delivered,2025-03-04,SKU120,233,2025-03-10
SHP007753,Shenzhen,Sydney,Sea,22,Delivered,2025-03-05,SKU120,167,2025-03-27
SHP007754,Chennai,Sydney,Sea,22,Delivered,2025-01-01,SKU126,189,2025-01-23
SHP007755,Zhengzhou,Mumbai,Sea,8,Delayed,2025-09-19,SKU106,149,2025-09-27
SHP007756,Noida,Sydney,Sea,22,Delayed,2025-02-10,SKU110,115,2025-03-04
SHP007757,Bangkok,Dubai,Air,11,Delayed,2025-05-06,SKU108,154,2025-05-17
SHP007758,Bangkok,Mumbai,Air,3,Delivered,2025-10-29,SKU115,151,2025-11-01
SHP007759,Shenzhen,Rotterdam,Sea,11,Delayed,2025-02-11,SKU114,202,2025-02-22
SHP007760,Bangkok,Johannesburg,Sea,2,Delivered,2025-12-26,SKU101,173,2025-12-28
SHP007761,Shenzhen,Singapore,Sea,15,Delayed,2025-02-12,SKU120,102,2025-02-27
SHP007762,Chennai,Rotterdam,Road,2,Delivered,2025-05-15,SKU114,180,2025-05-17
SHP007763,Shenzhen,Johannesburg,Road,12,In Transit,2025-05-05,SKU105,152,2025-05-17
SHP007764,Ho Chi Minh City,Dubai,Sea,20,In Transit,2025-02-27,SKU123,225,2025-03-19
SHP007765,Chennai,Chicago,Air,7,In Transit,2025-07-04,SKU129,222,2025-07-11
SHP007766,Shenzhen,Sao Paulo,Sea,6,Delivered,2025-09-27,SKU125,221,2025-10-03
SHP007767,Shenzhen,Singapore,Sea,25,In Transit,2025-12-13,SKU104,123,2026-01-07
SHP007768,Shenzhen,Johannesburg,Road,15,In Transit,2025-08-21,SKU111,238,2025-09-05
SHP007769,Chennai,Johannesburg,Air,10,Delivered,2025-12-17,SKU120,182,2025-12-27
SHP007770,Chennai,Sydney,Sea,3,Delayed,2025-05-20,SKU102,98,2025-05-23
SHP007771,Chennai,Singapore,Sea,14,Delayed,2025-04-16,SKU129,213,2025-04-30
SHP007772,Noida,Singapore,Air,7,In Transit,2025-11-27,SKU122,132,2025-12-04
SHP007773,Shenzhen,Sao Paulo,Sea,7,Delivered,2025-05-12,SKU102,222,2025-05-19
SHP007774,Chennai,Sydney,Road,13,Delayed,2025-05-13,SKU112,193,2025-05-26
SHP007775,Chennai,Rotterdam,Sea,10,Delivered,2025-04-18,SKU108,145,2025-04-28
SHP007776,Zhengzhou,Sao Paulo,Sea,25,Delivered,2025-01-06,SKU115,184,2025-01-31
SHP007777,Chennai,Chicago,Air,11,Delayed,2025-06-27,SKU117,156,2025-07-08
SHP007778,Shenzhen,Sao Paulo,Sea,22,Delivered,2025-01-02,SKU116,234,2025-01-24
SHP007779,Bangkok,Sydney,Road,11,Delayed,2025-08-26,SKU114,127,2025-09-06
SHP007780,Zhengzhou,Mumbai,Road,6,In Transit,2025-09-05,SKU116,183,2025-09-11
SHP007781,Ho Chi Minh City,Sao Paulo,Road,25,In Transit,2025-03-20,SKU115,122,2025-04-14
SHP007782,Shenzhen,Singapore,Air,14,In Transit,2025-04-25,SKU120,169,2025-05-09
SHP007783,Shenzhen,Sao Paulo,Road,6,In Transit,2025-01-01,SKU128,182,2025-01-07
SHP007784,Bangkok,Johannesburg,Sea,3,In Transit,2025-05-15,SKU127,188,2025-05-18
SHP007785,Bangkok,Sao Paulo,Sea,23,Delivered,2025-05-31,SKU102,91,2025-06-23
SHP007786,Chennai,Rotterdam,Road,18,Delayed,2025-10-25,SKU109,230,2025-11-12
SHP007787,Noida,Rotterdam,Air,22,Delivered,2025-10-28,SKU118,183,2025-11-19
SHP007788,Noida,Johannesburg,Sea,25,In Transit,2025-09-26,SKU112,154,2025-10-21
SHP007789,Shenzhen,Rotterdam,Road,22,Delivered,2025-11-27,SKU122,206,2025-12-19
SHP007790,Shenzhen,Sao Paulo,Road,17,Delayed,2025-03-06,SKU116,219,2025-03-23
SHP007791,Zhengzhou,Sao Paulo,Sea,20,Delayed,2025-08-17,SKU120,219,2025-09-06
SHP007792,Chennai,Johannesburg,Air,4,Delayed,2025-12-24,SKU102,157,2025-12-28
SHP007793,Bangkok,Sao Paulo,Road,8,Delivered,2025-08-24,SKU122,153,2025-09-01
SHP007794,Ho Chi Minh City,Singapore,Road,6,Delivered,2025-03-02,SKU104,134,2025-03-08
SHP007795,Bangkok,Dubai,Air,5,Delayed,2025-08-12,SKU112,193,2025-08-17
SHP007796,Shenzhen,Mumbai,Air,20,Delayed,2025-05-05,SKU128,180,2025-05-25
SHP007797,Chennai,Sydney,Road,6,In Transit,2025-12-25,SKU100,208,2025-12-31
SHP007798,Bangkok,Dubai,Air,24,Delivered,2025-07-22,SKU119,163,2025-08-15
SHP007799,Chennai,Chicago,Road,9,In Transit,2025-05-26,SKU113,108,2025-06-04
SHP007800,Noida,Rotterdam,Air,4,Delivered,2025-06-04,SKU128,145,2025-06-08
SHP007801,Noida,Johannesburg,Sea,15,Delivered,2025-10-02,SKU122,163,2025-10-17
SHP007802,Zhengzhou,Chicago,Sea,9,In Transit,2025-10-13,SKU129,122,2025-10-22
SHP007803,Shenzhen,Mumbai,Sea,12,In Transit,2025-09-13,SKU114,211,2025-09-25
SHP007804,Ho Chi Minh City,Mumbai,Road,4,Delivered,2025-05-01,SKU107,99,2025-05-05
SHP007805,Zhengzhou,Sydney,Air,14,Delivered,2025-09-14,SKU101,139,2025-09-28
SHP007806,Noida,Sao Paulo,Air,17,Delayed,2025-06-03,SKU101,111,2025-06-20
SHP007807,Noida,Dubai,Air,4,Delivered,2025-02-22,SKU122,188,2025-02-26
SHP007808,Shenzhen,Sydney,Air,17,Delayed,2025-11-18,SKU116,206,2025-12-05
SHP007809,Zhengzhou,Rotterdam,Sea,15,In Transit,2025-03-04,SKU102,154,2025-03-19
SHP007810,Zhengzhou,Chicago,Sea,25,Delivered,2025-01-28,SKU102,143,2025-02-22
SHP007811,Noida,Mumbai,Road,21,Delivered,2025-06-28,SKU100,160,2025-07-19
SHP007812,Noida,Sao Paulo,Sea,16,Delayed,2025-08-28,SKU119,163,2025-09-13
SHP007813,Shenzhen,Chicago,Air,12,Delivered,2025-05-23,SKU117,225,2025-06-04
SHP007814,Shenzhen,Chicago,Air,2,In Transit,2025-11-24,SKU111,113,2025-11-26
SHP007815,Chennai,Sao Paulo,Sea,6,Delivered,2025-03-15,SKU125,118,2025-03-21
SHP007816,Shenzhen,Singapore,Sea,8,Delivered,2025-09-03,SKU125,116,2025-09-11
SHP007817,Chennai,Rotterdam,Air,25,Delayed,2025-04-18,SKU117,139,2025-05-13
SHP007818,Zhengzhou,Singapore,Air,2,In Transit,2025-12-11,SKU122,221,2025-12-13
SHP007819,Ho Chi Minh City,Dubai,Air,11,Delayed,2025-07-26,SKU121,195,2025-08-06
SHP007820,Ho Chi Minh City,Dubai,Road,7,Delayed,2025-02-03,SKU124,212,2025-02-10
SHP007821,Ho Chi Minh City,Sydney,Air,14,Delayed,2025-03-11,SKU108,184,2025-03-25
SHP007822,Noida,Sydney,Air,14,In Transit,2025-05-17,SKU106,218,2025-05-31
SHP007823,Bangkok,Sydney,Sea,2,In Transit,2025-09-13,SKU107,133,2025-09-15
SHP007824,Zhengzhou,Johannesburg,Air,22,In Transit,2025-02-22,SKU103,206,2025-03-16
SHP007825,Noida,Johannesburg,Sea,21,In Transit,2025-09-12,SKU121,143,2025-10-03
SHP007826,Bangkok,Mumbai,Sea,2,In Transit,2025-03-27,SKU104,184,2025-03-29
SHP007827,Zhengzhou,Sydney,Sea,10,Delivered,2025-09-09,SKU118,177,2025-09-19
SHP007828,Shenzhen,Singapore,Air,10,Delivered,2025-04-26,SKU105,160,2025-05-06
SHP007829,Zhengzhou,Singapore,Air,5,Delayed,2025-02-07,SKU109,217,2025-02-12
SHP007830,Bangkok,Mumbai,Air,15,Delayed,2025-05-30,SKU104,167,2025-06-14
SHP007831,Ho Chi Minh City,Sydney,Air,12,In Transit,2025-01-17,SKU110,226,2025-01-29
SHP007832,Zhengzhou,Sao Paulo,Sea,9,In Transit,2025-11-04,SKU113,149,2025-11-13
SHP007833,Chennai,Sao Paulo,Sea,6,Delivered,2025-05-02,SKU129,174,2025-05-08
SHP007834,Noida,Chicago,Sea,5,In Transit,2025-08-12,SKU109,161,2025-08-17
SHP007835,Chennai,Sydney,Air,20,Delayed,2025-01-17,SKU108,190,2025-02-06
SHP007836,Shenzhen,Dubai,Sea,23,Delivered,2025-10-30,SKU116,163,2025-11-22
SHP007837,Shenzhen,Sydney,Air,8,In Transit,2025-03-31,SKU121,191,2025-04-08
SHP007838,Bangkok,Chicago,Road,4,Delayed,2025-08-23,SKU102,182,2025-08-27
SHP007839,Noida,Chicago,Sea,8,In Transit,2025-06-29,SKU126,143,2025-07-07
SHP007840,Noida,Chicago,Road,18,In Transit,2025-07-01,SKU110,204,2025-07-19
SHP007841,Ho Chi Minh City,Chicago,Sea,6,Delayed,2025-01-20,SKU102,118,2025-01-26
SHP007842,Zhengzhou,Singapore,Air,13,Delayed,2025-11-30,SKU106,206,2025-12-13
SHP007843,Chennai,Sydney,Air,20,In Transit,2025-07-15,SKU108,211,2025-08-04
SHP007844,Shenzhen,Mumbai,Road,20,In Transit,2025-10-23,SKU127,115,2025-11-12
SHP007845,Chennai,Singapore,Air,22,Delayed,2025-11-23,SKU105,157,2025-12-15
SHP007846,Shenzhen,Chicago,Road,20,Delivered,2025-02-11,SKU126,220,2025-03-03
SHP007847,Chennai,Sao Paulo,Road,9,In Transit,2025-11-14,SKU105,109,2025-11-23
SHP007848,Ho Chi Minh City,Dubai,Air,24,Delivered,2025-11-11,SKU121,112,2025-12-05
SHP007849,Chennai,Dubai,Road,4,Delivered,2025-10-24,SKU108,188,2025-10-28
SHP007850,Zhengzhou,Sao Paulo,Road,22,Delayed,2025-05-19,SKU125,141,2025-06-10
SHP007851,Bangkok,Chicago,Road,2,Delayed,2025-12-11,SKU105,192,2025-12-13
SHP007852,Noida,Dubai,Road,3,Delivered,2025-09-16,SKU118,214,2025-09-19
SHP007853,Noida,Mumbai,Sea,6,Delayed,2025-08-31,SKU109,114,2025-09-06
SHP007854,Chennai,Sydney,Road,19,In Transit,2025-09-09,SKU124,176,2025-09-28
SHP007855,Chennai,Sao Paulo,Sea,11,In Transit,2025-04-29,SKU127,113,2025-05-10
SHP007856,Bangkok,Mumbai,Sea,10,Delivered,2025-01-22,SKU119,169,2025-02-01
SHP007857,Shenzhen,Chicago,Air,16,Delivered,2025-02-04,SKU115,134,2025-02-20
SHP007858,Ho Chi Minh City,Mumbai,Air,14,Delayed,2025-03-10,SKU100,203,2025-03-24
SHP007859,Ho Chi Minh City,Mumbai,Sea,16,Delayed,2025-08-03,SKU101,199,2025-08-19
SHP007860,Noida,Rotterdam,Air,3,Delayed,2025-04-06,SKU127,197,2025-04-09
SHP007861,Shenzhen,Chicago,Air,12,Delivered,2025-02-10,SKU119,168,2025-02-22
SHP007862,Shenzhen,Singapore,Road,3,Delivered,2025-12-07,SKU111,144,2025-12-10
SHP007863,Shenzhen,Rotterdam,Sea,8,Delivered,2025-05-04,SKU113,185,2025-05-12
SHP007864,Ho Chi Minh City,Dubai,Air,21,Delayed,2025-06-10,SKU100,202,2025-07-01
SHP007865,Zhengzhou,Chicago,Air,17,Delayed,2025-02-22,SKU117,190,2025-03-11
SHP007866,Chennai,Chicago,Air,4,Delivered,2025-06-11,SKU129,162,2025-06-15
SHP007867,Noida,Johannesburg,Road,5,In Transit,2025-07-16,SKU123,110,2025-07-21
SHP007868,Ho Chi Minh City,Sao Paulo,Road,8,In Transit,2025-04-12,SKU119,214,2025-04-20
SHP007869,Bangkok,Dubai,Road,2,Delivered,2025-12-14,SKU126,164,2025-12-16
SHP007870,Ho Chi Minh City,Sydney,Sea,25,In Transit,2025-07-25,SKU112,145,2025-08-19
SHP007871,Zhengzhou,Singapore,Sea,7,In Transit,2025-04-04,SKU128,155,2025-04-11
SHP007872,Shenzhen,Johannesburg,Air,23,In Transit,2025-02-26,SKU127,102,2025-03-21
SHP007873,Noida,Rotterdam,Road,7,Delivered,2025-01-14,SKU107,242,2025-01-21
SHP007874,Shenzhen,Sao Paulo,Sea,4,Delayed,2025-10-21,SKU127,113,2025-10-25
SHP007875,Chennai,Rotterdam,Sea,5,Delivered,2025-07-17,SKU107,200,2025-07-22
SHP007876,Chennai,Singapore,Road,25,Delivered,2025-02-14,SKU126,200,2025-03-11
SHP007877,Bangkok,Sydney,Road,15,In Transit,2025-10-12,SKU124,126,2025-10-27
SHP007878,Bangkok,Dubai,Sea,10,Delayed,2025-09-26,SKU120,117,2025-10-06
SHP007879,Bangkok,Dubai,Sea,12,Delivered,2025-09-15,SKU103,140,2025-09-27
SHP007880,Ho Chi Minh City,Rotterdam,Air,23,Delivered,2025-05-25,SKU108,128,2025-06-17
SHP007881,Shenzhen,Chicago,Road,10,In Transit,2025-08-23,SKU126,190,2025-09-02
SHP007882,Shenzhen,Chicago,Sea,18,Delivered,2025-04-06,SKU104,115,2025-04-24
SHP007883,Bangkok,Singapore,Road,5,Delayed,2025-01-29,SKU108,170,2025-02-03
SHP007884,Chennai,Sydney,Sea,5,In Transit,2025-11-10,SKU110,155,2025-11-15
SHP007885,Chennai,Sydney,Sea,3,Delayed,2025-06-28,SKU103,149,2025-07-01
SHP007886,Bangkok,Dubai,Sea,25,In Transit,2025-08-01,SKU109,169,2025-08-26
SHP007887,Bangkok,Johannesburg,Air,13,In Transit,2025-10-10,SKU107,136,2025-10-23
SHP007888,Ho Chi Minh City,Mumbai,Air,6,In Transit,2025-02-26,SKU127,229,2025-03-04
SHP007889,Zhengzhou,Rotterdam,Sea,11,Delivered,2025-04-04,SKU117,107,2025-04-15
SHP007890,Ho Chi Minh City,Chicago,Air,11,Delivered,2025-03-24,SKU105,130,2025-04-04
SHP007891,Noida,Rotterdam,Air,6,Delivered,2025-04-30,SKU128,139,2025-05-06
SHP007892,Chennai,Singapore,Sea,18,Delayed,2025-02-13,SKU126,227,2025-03-03
SHP007893,Shenzhen,Singapore,Road,24,Delayed,2025-11-15,SKU125,128,2025-12-09
SHP007894,Shenzhen,Singapore,Air,23,Delivered,2025-12-09,SKU128,201,2026-01-01
SHP007895,Shenzhen,Sao Paulo,Road,6,Delivered,2025-05-12,SKU110,109,2025-05-18
SHP007896,Zhengzhou,Sydney,Air,19,Delayed,2025-09-20,SKU103,133,2025-10-09
SHP007897,Ho Chi Minh City,Rotterdam,Road,5,Delivered,2025-09-26,SKU111,152,2025-10-01
SHP007898,Bangkok,Johannesburg,Air,15,In Transit,2025-02-19,SKU115,88,2025-03-06
SHP007899,Bangkok,Rotterdam,Sea,14,In Transit,2025-04-05,SKU116,166,2025-04-19
SHP007900,Chennai,Rotterdam,Sea,10,In Transit,2025-09-28,SKU119,193,2025-10-08
SHP007901,Ho Chi Minh City,Singapore,Road,25,In Transit,2025-07-06,SKU128,186,2025-07-31
SHP007902,Zhengzhou,Sao Paulo,Road,12,Delayed,2025-11-19,SKU104,149,2025-12-01
SHP007903,Zhengzhou,Chicago,Sea,22,Delivered,2025-05-17,SKU129,197,2025-06-08
SHP007904,Ho Chi Minh City,Sydney,Air,4,In Transit,2025-01-06,SKU112,136,2025-01-10
SHP007905,Bangkok,Mumbai,Sea,13,In Transit,2025-03-29,SKU110,122,2025-04-11
SHP007906,Zhengzhou,Singapore,Road,2,Delayed,2025-09-13,SKU121,106,2025-09-15
SHP007907,Zhengzhou,Chicago,Air,18,Delayed,2025-02-06,SKU101,186,2025-02-24
SHP007908,Noida,Sydney,Air,18,In Transit,2025-09-26,SKU111,216,2025-10-14
SHP007909,Noida,Sao Paulo,Air,24,Delivered,2025-06-20,SKU119,142,2025-07-14
SHP007910,Ho Chi Minh City,Dubai,Sea,4,Delayed,2025-12-19,SKU116,198,2025-12-23
SHP007911,Chennai,Sao Paulo,Sea,13,Delivered,2025-03-19,SKU105,159,2025-04-01
SHP007912,Chennai,Sao Paulo,Sea,3,In Transit,2025-11-22,SKU113,134,2025-11-25
SHP007913,Chennai,Johannesburg,Sea,16,Delayed,2025-06-27,SKU108,180,2025-07-13
SHP007914,Ho Chi Minh City,Johannesburg,Air,23,In Transit,2025-12-16,SKU102,110,2026-01-08
SHP007915,Ho Chi Minh City,Rotterdam,Air,17,In Transit,2025-04-20,SKU123,207,2025-05-07
SHP007916,Zhengzhou,Sydney,Sea,20,Delivered,2025-05-22,SKU120,209,2025-06-11
SHP007917,Shenzhen,Rotterdam,Sea,7,Delivered,2025-06-25,SKU115,150,2025-07-02
SHP007918,Shenzhen,Dubai,Air,14,Delayed,2025-02-21,SKU123,103,2025-03-07
SHP007919,Bangkok,Sydney,Sea,24,Delayed,2025-02-13,SKU110,175,2025-03-09
SHP007920,Noida,Mumbai,Sea,8,In Transit,2025-03-13,SKU122,174,2025-03-21
SHP007921,Noida,Mumbai,Road,11,Delivered,2025-06-28,SKU100,241,2025-07-09
SHP007922,Bangkok,Rotterdam,Sea,3,Delayed,2025-10-05,SKU124,110,2025-10-08
SHP007923,Shenzhen,Sydney,Air,25,Delayed,2025-02-07,SKU116,157,2025-03-04
SHP007924,Shenzhen,Sao Paulo,Road,25,Delivered,2025-12-09,SKU129,177,2026-01-03
SHP007925,Zhengzhou,Rotterdam,Sea,21,In Transit,2025-05-27,SKU112,184,2025-06-17
SHP007926,Shenzhen,Sao Paulo,Road,3,Delayed,2025-01-05,SKU113,116,2025-01-08
SHP007927,Shenzhen,Singapore,Air,10,In Transit,2025-08-01,SKU121,204,2025-08-11
SHP007928,Zhengzhou,Sydney,Sea,21,In Transit,2025-01-08,SKU108,195,2025-01-29
SHP007929,Bangkok,Sydney,Sea,19,In Transit,2025-06-20,SKU123,172,2025-07-09
SHP007930,Ho Chi Minh City,Singapore,Road,14,Delivered,2025-05-18,SKU112,177,2025-06-01
SHP007931,Shenzhen,Mumbai,Road,14,Delivered,2025-04-30,SKU123,221,2025-05-14
SHP007932,Bangkok,Mumbai,Road,9,Delivered,2025-07-08,SKU109,226,2025-07-17
SHP007933,Noida,Chicago,Air,4,In Transit,2025-06-19,SKU128,206,2025-06-23
SHP007934,Shenzhen,Sao Paulo,Sea,24,Delayed,2025-11-22,SKU114,104,2025-12-16
SHP007935,Chennai,Johannesburg,Road,17,Delayed,2025-12-23,SKU122,122,2026-01-09
SHP007936,Bangkok,Rotterdam,Road,6,Delayed,2025-12-19,SKU127,117,2025-12-25
SHP007937,Shenzhen,Sao Paulo,Sea,22,Delayed,2025-07-28,SKU125,227,2025-08-19
SHP007938,Zhengzhou,Dubai,Air,3,Delivered,2025-09-08,SKU104,120,2025-09-11
SHP007939,Bangkok,Mumbai,Air,8,Delivered,2025-07-03,SKU128,157,2025-07-11
SHP007940,Bangkok,Singapore,Air,23,In Transit,2025-01-03,SKU109,112,2025-01-26
SHP007941,Zhengzhou,Sydney,Road,11,In Transit,2025-05-15,SKU124,180,2025-05-26
SHP007942,Zhengzhou,Mumbai,Sea,22,Delayed,2025-02-28,SKU102,217,2025-03-22
SHP007943,Chennai,Rotterdam,Road,20,In Transit,2025-01-03,SKU114,117,2025-01-23
SHP007944,Chennai,Chicago,Air,14,Delayed,2025-08-02,SKU129,167,2025-08-16
SHP007945,Noida,Rotterdam,Road,7,Delayed,2025-06-08,SKU110,113,2025-06-15
SHP007946,Ho Chi Minh City,Sao Paulo,Road,2,Delayed,2025-02-20,SKU123,178,2025-02-22
SHP007947,Bangkok,Mumbai,Road,17,Delayed,2025-07-10,SKU110,162,2025-07-27
SHP007948,Bangkok,Sydney,Air,23,In Transit,2025-04-28,SKU115,151,2025-05-21
SHP007949,Noida,Sydney,Air,12,Delivered,2025-06-03,SKU106,164,2025-06-15
SHP007950,Shenzhen,Singapore,Road,22,In Transit,2025-08-05,SKU116,150,2025-08-27
SHP007951,Zhengzhou,Mumbai,Road,18,In Transit,2025-05-03,SKU108,175,2025-05-21
SHP007952,Ho Chi Minh City,Sao Paulo,Sea,25,In Transit,2025-02-20,SKU107,148,2025-03-17
SHP007953,Zhengzhou,Rotterdam,Sea,24,Delivered,2025-09-20,SKU108,175,2025-10-14
SHP007954,Bangkok,Singapore,Road,19,Delayed,2025-01-19,SKU128,149,2025-02-07
SHP007955,Chennai,Singapore,Road,3,Delayed,2025-12-08,SKU101,136,2025-12-11
SHP007956,Noida,Sydney,Air,17,Delayed,2025-03-23,SKU125,144,2025-04-09
SHP007957,Chennai,Sao Paulo,Road,7,Delayed,2025-03-15,SKU111,158,2025-03-22
SHP007958,Bangkok,Sao Paulo,Road,5,Delivered,2025-01-23,SKU126,168,2025-01-28
SHP007959,Zhengzhou,Sao Paulo,Road,7,Delivered,2025-04-30,SKU104,193,2025-05-07
SHP007960,Zhengzhou,Rotterdam,Air,17,Delayed,2025-09-16,SKU115,146,2025-10-03
SHP007961,Zhengzhou,Rotterdam,Sea,17,Delayed,2025-11-19,SKU100,189,2025-12-06
SHP007962,Bangkok,Rotterdam,Road,23,Delayed,2025-01-30,SKU102,194,2025-02-22
SHP007963,Chennai,Johannesburg,Sea,3,Delayed,2025-02-20,SKU114,110,2025-02-23
SHP007964,Ho Chi Minh City,Singapore,Sea,18,Delivered,2025-03-28,SKU112,134,2025-04-15
SHP007965,Chennai,Sydney,Air,14,Delivered,2025-03-08,SKU115,188,2025-03-22
SHP007966,Bangkok,Mumbai,Road,22,Delayed,2025-10-22,SKU111,117,2025-11-13
SHP007967,Zhengzhou,Sydney,Sea,7,Delayed,2025-01-18,SKU108,215,2025-01-25
SHP007968,Shenzhen,Sydney,Air,22,Delivered,2025-01-24,SKU112,96,2025-02-15
SHP007969,Chennai,Johannesburg,Road,22,In Transit,2025-11-28,SKU109,138,2025-12-20
SHP007970,Shenzhen,Mumbai,Road,4,In Transit,2025-12-08,SKU103,97,2025-12-12
SHP007971,Zhengzhou,Sao Paulo,Air,19,Delayed,2025-10-28,SKU127,114,2025-11-16
SHP007972,Chennai,Rotterdam,Air,4,In Transit,2025-04-03,SKU122,92,2025-04-07
SHP007973,Chennai,Dubai,Air,11,In Transit,2025-06-25,SKU126,115,2025-07-06
SHP007974,Ho Chi Minh City,Dubai,Road,14,Delayed,2025-03-09,SKU123,163,2025-03-23
SHP007975,Zhengzhou,Sao Paulo,Road,6,Delayed,2025-12-19,SKU108,209,2025-12-25
SHP007976,Ho Chi Minh City,Sao Paulo,Air,15,Delivered,2025-03-25,SKU129,164,2025-04-09
SHP007977,Ho Chi Minh City,Singapore,Air,9,Delivered,2025-02-11,SKU101,165,2025-02-20
SHP007978,Zhengzhou,Dubai,Sea,7,Delivered,2025-04-02,SKU110,119,2025-04-09
SHP007979,Zhengzhou,Mumbai,Sea,19,Delivered,2025-06-13,SKU114,150,2025-07-02
SHP007980,Noida,Dubai,Sea,21,Delayed,2025-02-26,SKU121,154,2025-03-19
SHP007981,Shenzhen,Dubai,Road,11,Delayed,2025-07-24,SKU111,163,2025-08-04
SHP007982,Chennai,Mumbai,Air,18,Delivered,2025-05-25,SKU128,218,2025-06-12
SHP007983,Ho Chi Minh City,Johannesburg,Road,10,Delivered,2025-08-07,SKU124,133,2025-08-17
SHP007984,Noida,Dubai,Air,9,Delivered,2025-01-07,SKU102,137,2025-01-16
SHP007985,Bangkok,Chicago,Sea,19,Delayed,2025-04-18,SKU116,103,2025-05-07
SHP007986,Shenzhen,Singapore,Road,8,Delayed,2025-08-14,SKU121,172,2025-08-22
SHP007987,Shenzhen,Sydney,Road,7,Delivered,2025-08-06,SKU127,136,2025-08-13
SHP007988,Shenzhen,Mumbai,Sea,12,Delayed,2025-07-30,SKU107,199,2025-08-11
SHP007989,Ho Chi Minh City,Chicago,Sea,7,Delayed,2025-02-26,SKU108,110,2025-03-05
SHP007990,Zhengzhou,Mumbai,Sea,25,In Transit,2025-05-24,SKU116,207,2025-06-18
SHP007991,Shenzhen,Chicago,Road,22,Delayed,2025-01-26,SKU110,190,2025-02-17
SHP007992,Chennai,Rotterdam,Road,19,In Transit,2025-01-07,SKU124,210,2025-01-26
SHP007993,Zhengzhou,Sydney,Sea,14,Delayed,2025-12-01,SKU124,212,2025-12-15
SHP007994,Bangkok,Chicago,Air,25,Delivered,2025-10-08,SKU115,187,2025-11-02
SHP007995,Noida,Dubai,Air,23,Delivered,2025-04-22,SKU103,152,2025-05-15
SHP007996,Chennai,Chicago,Air,10,In Transit,2025-09-26,SKU125,123,2025-10-06
SHP007997,Zhengzhou,Johannesburg,Sea,8,In Transit,2025-11-11,SKU105,208,2025-11-19
SHP007998,Ho Chi Minh City,Dubai,Air,12,Delivered,2025-08-14,SKU116,113,2025-08-26
SHP007999,Ho Chi Minh City,Rotterdam,Air,8,Delivered,2025-07-15,SKU108,192,2025-07-23
